{"type":"FeatureCollection","metadata":{"provinceCode":"14","source":"CityMETER native source fine polygons","retrievedAt":"2026-10-04T05:47:42.441793+00:00","total":157,"retrieved":157,"displaySimplificationToleranceDegrees":0.00015,"legalBoundaryIndependentlyVerified":false},"features":[{"type":"Feature","id":"584a9570-c1d2-4108-8d46-4e0eca128f6e","properties":{"id":"584a9570-c1d2-4108-8d46-4e0eca128f6e","code":"03140102","provinceCode":"14","nameTh":"เทศบาลนคร พระนครศรีอยุธยา","nameEn":null,"geometryType":"MUNICIPALITY","sourceUrl":"https://landometer.com/api/v2/citymeter-v3/grocery/info/geom/584a9570-c1d2-4108-8d46-4e0eca128f6e/MUNICIPALITY","sourceSha256":"6a9487b28ca1c79c421fc28f55ce7a8776b63d07be0394ac09917e5210ab8a14","retrievedAt":"2026-10-04T05:42:27.106903+00:00","boundaryVintage":null,"geometryStatus":"native_source_polygon_display_simplified","simplificationToleranceDegrees":0.00015,"simplificationPreservesTopology":true,"invalidSourceRepair":"make_valid; retain polygonal components; discard zero-area collapsed lines","legalBoundaryIndependentlyVerified":false,"areaId":"584a9570-c1d2-4108-8d46-4e0eca128f6e"},"geometry":{"type":"Polygon","coordinates":[[[100.585635,14.375876],[100.588176,14.375425],[100.582688,14.361847],[100.584862,14.343406],[100.583592,14.338282],[100.581403,14.337385],[100.579765,14.333295],[100.576341,14.332291],[100.57582,14.331474],[100.57696,14.335625],[100.576215,14.341844],[100.576169,14.345276],[100.57586,14.345525],[100.575813,14.346009],[100.571581,14.348106],[100.560811,14.342415],[100.556263,14.340272],[100.547402,14.339737],[100.544486,14.341356],[100.543184,14.34666],[100.546396,14.352664],[100.546861,14.356497],[100.545293,14.357784],[100.548405,14.362218],[100.551929,14.362742],[100.551554,14.362987],[100.554077,14.363858],[100.554383,14.363107],[100.565159,14.364709],[100.5631,14.36874],[100.56846,14.373938],[100.56899,14.373872],[100.572697,14.377103],[100.572928,14.376651],[100.582709,14.378663],[100.582455,14.377103],[100.584277,14.376173],[100.582773,14.377824],[100.587127,14.378104],[100.585635,14.375876]]]},"bbox":[100.543184,14.331452,100.588176,14.378663]},{"type":"Feature","id":"2ab7eeeb-3445-4057-afab-150fd9c97826","properties":{"id":"2ab7eeeb-3445-4057-afab-150fd9c97826","code":"04140103","provinceCode":"14","nameTh":"เทศบาลเมือง อโยธยา","nameEn":null,"geometryType":"MUNICIPALITY","sourceUrl":"https://landometer.com/api/v2/citymeter-v3/grocery/info/geom/2ab7eeeb-3445-4057-afab-150fd9c97826/MUNICIPALITY","sourceSha256":"1cfb0e378f7c0ce8df000fdfe37d4e4f46b29c538f7b7c7ba32b2d8da5e2dfab","retrievedAt":"2026-10-04T05:42:27.111878+00:00","boundaryVintage":null,"geometryStatus":"native_source_polygon_display_simplified","simplificationToleranceDegrees":0.00015,"simplificationPreservesTopology":true,"invalidSourceRepair":"make_valid; retain polygonal components; discard zero-area collapsed lines","legalBoundaryIndependentlyVerified":false,"areaId":"2ab7eeeb-3445-4057-afab-150fd9c97826"},"geometry":{"type":"Polygon","coordinates":[[[100.590861,14.341922],[100.585722,14.341166],[100.5855,14.342681],[100.584862,14.343406],[100.582688,14.361847],[100.587778,14.374441],[100.588308,14.374277],[100.587938,14.373413],[100.591383,14.372278],[100.589772,14.370023],[100.59234,14.355992],[100.606774,14.357129],[100.606398,14.355079],[100.60531,14.354325],[100.604996,14.353154],[100.604053,14.352443],[100.603654,14.351249],[100.603599,14.350237],[100.603093,14.349295],[100.603348,14.348305],[100.600862,14.345544],[100.600935,14.344434],[100.600648,14.34248],[100.601022,14.341562],[100.603042,14.340649],[100.605672,14.340408],[100.606695,14.340527],[100.60771,14.340077],[100.607955,14.340577],[100.607788,14.343136],[100.609398,14.344353],[100.610091,14.343976],[100.610442,14.344044],[100.611706,14.345808],[100.61227,14.34593],[100.613394,14.345565],[100.615906,14.346223],[100.617133,14.34565],[100.618058,14.34562],[100.618648,14.34591],[100.619052,14.347039],[100.622125,14.344751],[100.622815,14.343136],[100.624551,14.342852],[100.624901,14.340785],[100.624341,14.339547],[100.625393,14.338543],[100.625759,14.336755],[100.626396,14.336454],[100.625297,14.335194],[100.621644,14.33453],[100.621182,14.335375],[100.621292,14.336447],[100.620997,14.33727],[100.619148,14.337408],[100.617008,14.337012],[100.616963,14.336547],[100.61675,14.336761],[100.616332,14.327374],[100.612606,14.327272],[100.591689,14.338914],[100.590861,14.341922]]]},"bbox":[100.582688,14.327272,100.626396,14.374441]},{"type":"Feature","id":"1c1818df-20fb-41a6-8d71-9ab736599d38","properties":{"id":"1c1818df-20fb-41a6-8d71-9ab736599d38","code":"04140602","provinceCode":"14","nameTh":"เทศบาลเมือง บ้านกรด","nameEn":null,"geometryType":"MUNICIPALITY","sourceUrl":"https://landometer.com/api/v2/citymeter-v3/grocery/info/geom/1c1818df-20fb-41a6-8d71-9ab736599d38/MUNICIPALITY","sourceSha256":"89c04bcf88a0b624d6f52cd5b40a6fdecad935772bf5660ff44a6c302447332b","retrievedAt":"2026-10-04T05:42:27.116076+00:00","boundaryVintage":null,"geometryStatus":"native_source_polygon_display_simplified","simplificationToleranceDegrees":0.00015,"simplificationPreservesTopology":true,"invalidSourceRepair":"make_valid; retain polygonal components; discard zero-area collapsed lines","legalBoundaryIndependentlyVerified":false,"areaId":"1c1818df-20fb-41a6-8d71-9ab736599d38"},"geometry":{"type":"Polygon","coordinates":[[[100.623061,14.30755],[100.621755,14.306465],[100.62267,14.303776],[100.615184,14.303252],[100.614151,14.299724],[100.609259,14.295893],[100.608565,14.291771],[100.611955,14.286837],[100.612023,14.285779],[100.611883,14.286347],[100.610273,14.284781],[100.611653,14.28185],[100.609466,14.280248],[100.609605,14.283407],[100.606771,14.285514],[100.602192,14.283367],[100.601548,14.282807],[100.601198,14.282994],[100.594124,14.282915],[100.592996,14.291429],[100.590679,14.289798],[100.592012,14.28927],[100.587961,14.288291],[100.586523,14.300675],[100.589995,14.301283],[100.589485,14.303748],[100.586696,14.304028],[100.584619,14.32135],[100.588826,14.320448],[100.590235,14.32037],[100.594955,14.321701],[100.60082,14.322936],[100.601048,14.32305],[100.601005,14.323369],[100.601961,14.323752],[100.604407,14.324222],[100.611678,14.324067],[100.615698,14.323667],[100.626126,14.323217],[100.621196,14.321239],[100.620108,14.319774],[100.62006,14.319086],[100.623503,14.319466],[100.624588,14.318214],[100.623061,14.30755]],[[100.618397,14.318902],[100.621198,14.319211],[100.62055942378575,14.319140857621457],[100.618397,14.318902]]]},"bbox":[100.584619,14.280248,100.626126,14.324239]},{"type":"Feature","id":"3cb167ce-d882-4968-b98b-281e41b36422","properties":{"id":"3cb167ce-d882-4968-b98b-281e41b36422","code":"04140801","provinceCode":"14","nameTh":"เทศบาลเมือง ผักไห่","nameEn":null,"geometryType":"MUNICIPALITY","sourceUrl":"https://landometer.com/api/v2/citymeter-v3/grocery/info/geom/3cb167ce-d882-4968-b98b-281e41b36422/MUNICIPALITY","sourceSha256":"f7508b74c8e6c613b95ec274b1e75363932a302bb7ccf0d9023deeae9e25ecc7","retrievedAt":"2026-10-04T05:42:27.114011+00:00","boundaryVintage":null,"geometryStatus":"native_source_polygon_display_simplified","simplificationToleranceDegrees":0.00015,"simplificationPreservesTopology":true,"invalidSourceRepair":"make_valid; retain polygonal components; discard zero-area collapsed lines","legalBoundaryIndependentlyVerified":false,"areaId":"3cb167ce-d882-4968-b98b-281e41b36422"},"geometry":{"type":"MultiPolygon","coordinates":[[[[100.38060589531861,14.448666009214618],[100.380658,14.448731],[100.380606,14.448666],[100.38060589531861,14.448666009214618]]],[[[100.373706,14.485174],[100.377926,14.482699],[100.378265,14.47916],[100.378639,14.479962],[100.380304,14.474651],[100.37676,14.462752],[100.376928,14.453751],[100.378278,14.450878],[100.379325,14.450786],[100.378948,14.449815],[100.380088,14.449715],[100.380262,14.450071],[100.380004,14.449543],[100.379835,14.449299],[100.379345,14.448777],[100.38060589531861,14.448666009214618],[100.379742,14.447738],[100.394155,14.446473],[100.393356,14.441306],[100.391686,14.441518],[100.39082,14.441026],[100.390755,14.440356],[100.391668,14.440511],[100.392328,14.440288],[100.392683,14.439689],[100.392637,14.439432],[100.391752,14.439529],[100.391027,14.439283],[100.390689,14.438596],[100.39079,14.438299],[100.391703,14.438536],[100.392549,14.438371],[100.392953,14.437608],[100.392972,14.437137],[100.391954,14.437568],[100.392121,14.433482],[100.3825,14.433112],[100.381533,14.430281],[100.377675,14.427373],[100.374923,14.426395],[100.369477,14.427849],[100.367173,14.436997],[100.361839,14.442786],[100.363482,14.447778],[100.36841,14.451302],[100.36811,14.452984],[100.367127,14.452798],[100.366952,14.453783],[100.36499,14.453392],[100.36462,14.455473],[100.358363,14.454113],[100.354987,14.454558],[100.354326,14.459461],[100.352345,14.459187],[100.352211,14.460178],[100.363176,14.46169],[100.35122,14.460043],[100.350949,14.462023],[100.349834,14.46187],[100.341386,14.482895],[100.341278,14.484846],[100.351385,14.485289],[100.357593,14.483514],[100.363128,14.479007],[100.369531,14.479628],[100.370862,14.481367],[100.370033,14.484019],[100.373706,14.485174]]]]},"bbox":[100.341278,14.426395,100.394155,14.485289]},{"type":"Feature","id":"e9fab9a3-ec61-420a-b0dc-c9e8323b65a6","properties":{"id":"e9fab9a3-ec61-420a-b0dc-c9e8323b65a6","code":"04141101","provinceCode":"14","nameTh":"เทศบาลเมือง ลำตาเสา","nameEn":null,"geometryType":"MUNICIPALITY","sourceUrl":"https://landometer.com/api/v2/citymeter-v3/grocery/info/geom/e9fab9a3-ec61-420a-b0dc-c9e8323b65a6/MUNICIPALITY","sourceSha256":"6eee5aab0b47edd588f2537397287ac832f384e6cd4552f21d6264f701152cbb","retrievedAt":"2026-10-04T05:42:27.116434+00:00","boundaryVintage":null,"geometryStatus":"native_source_polygon_display_simplified","simplificationToleranceDegrees":0.00015,"simplificationPreservesTopology":true,"invalidSourceRepair":"make_valid; retain polygonal components; discard zero-area collapsed lines","legalBoundaryIndependentlyVerified":false,"areaId":"e9fab9a3-ec61-420a-b0dc-c9e8323b65a6"},"geometry":{"type":"MultiPolygon","coordinates":[[[[100.714221,14.224095],[100.71577997733314,14.224865830173755],[100.71578,14.224865],[100.714221,14.224095]]],[[[100.715757,14.225194],[100.714853,14.224764],[100.73576910741593,14.23471869923539],[100.71577997733314,14.224865830173755],[100.715757,14.225194]]],[[[100.704085,14.245017],[100.701514,14.244133],[100.700575,14.246655],[100.697929,14.246299],[100.695212,14.248962],[100.692946,14.252549],[100.693771,14.254924],[100.686855,14.265273],[100.682353,14.265834],[100.673941,14.274813],[100.674847,14.276238],[100.676568,14.276801],[100.677115,14.277242],[100.677071,14.279166],[100.677924,14.282288],[100.678959,14.283674],[100.678256,14.284984],[100.678174,14.285644],[100.678781,14.286014],[100.680125,14.286086],[100.680518,14.286444],[100.680846,14.287372],[100.680665,14.289113],[100.681695,14.290558],[100.682073,14.293084],[100.682545,14.29372],[100.683783,14.294451],[100.684386,14.29744],[100.682977,14.298554],[100.68281,14.298936],[100.683486,14.300022],[100.68388,14.301841],[100.684442,14.303049],[100.68306,14.304848],[100.683207,14.306236],[100.682779,14.308096],[100.684433,14.307189],[100.685115,14.306535],[100.685614,14.306461],[100.688004,14.306803],[100.69106,14.308193],[100.691589,14.308958],[100.697653,14.306371],[100.705263,14.306762],[100.705763,14.306356],[100.713589,14.306645],[100.713664,14.304636],[100.714519,14.304375],[100.717912,14.302432],[100.718846,14.301111],[100.720339,14.300755],[100.72622,14.299677],[100.726694,14.300209],[100.727122,14.301336],[100.728257,14.3022],[100.729086,14.30321],[100.73019,14.300842],[100.732086,14.298372],[100.731581,14.242097],[100.736508,14.242171],[100.736627,14.235127],[100.735769,14.234719],[100.714853,14.224764],[100.708902,14.238659],[100.707773,14.242951],[100.704085,14.245017]]]]},"bbox":[100.673941,14.224095,100.736627,14.308958]},{"type":"Feature","id":"6176a9ab-e6ac-4d08-b4f5-253e273c6121","properties":{"id":"6176a9ab-e6ac-4d08-b4f5-253e273c6121","code":"04141201","provinceCode":"14","nameTh":"เทศบาลเมือง เสนา","nameEn":null,"geometryType":"MUNICIPALITY","sourceUrl":"https://landometer.com/api/v2/citymeter-v3/grocery/info/geom/6176a9ab-e6ac-4d08-b4f5-253e273c6121/MUNICIPALITY","sourceSha256":"5bb7da1421fa957e6fedab023796925fb596389f095b3a17cb3d26036111693a","retrievedAt":"2026-10-04T05:42:27.113886+00:00","boundaryVintage":null,"geometryStatus":"native_source_polygon_display_simplified","simplificationToleranceDegrees":0.00015,"simplificationPreservesTopology":true,"invalidSourceRepair":"make_valid; retain polygonal components; discard zero-area collapsed lines","legalBoundaryIndependentlyVerified":false,"areaId":"6176a9ab-e6ac-4d08-b4f5-253e273c6121"},"geometry":{"type":"Polygon","coordinates":[[[100.403322,14.324082],[100.391863,14.324952],[100.395023,14.32848],[100.398339,14.327007],[100.401522,14.327787],[100.400966,14.332894],[100.405062,14.333715],[100.40568,14.329828],[100.407973,14.327974],[100.408664,14.326916],[100.403322,14.324082]]]},"bbox":[100.391863,14.324082,100.408664,14.333715]},{"type":"Feature","id":"8fb66480-b2f1-4577-903d-cb52aebf2d68","properties":{"id":"8fb66480-b2f1-4577-903d-cb52aebf2d68","code":"05140201","provinceCode":"14","nameTh":"เทศบาลตำบล ท่าหลวง","nameEn":null,"geometryType":"MUNICIPALITY","sourceUrl":"https://landometer.com/api/v2/citymeter-v3/grocery/info/geom/8fb66480-b2f1-4577-903d-cb52aebf2d68/MUNICIPALITY","sourceSha256":"d126207ccfaba91de267182443b37ffa29c53e17b47dbd44d885138155556416","retrievedAt":"2026-10-04T05:42:27.111762+00:00","boundaryVintage":null,"geometryStatus":"native_source_polygon_display_simplified","simplificationToleranceDegrees":0.00015,"simplificationPreservesTopology":true,"invalidSourceRepair":"make_valid; retain polygonal components; discard zero-area collapsed lines","legalBoundaryIndependentlyVerified":false,"areaId":"8fb66480-b2f1-4577-903d-cb52aebf2d68"},"geometry":{"type":"Polygon","coordinates":[[[100.746155,14.570074],[100.757069,14.569022],[100.758104,14.569256],[100.763248,14.568459],[100.763167,14.567469],[100.763395,14.567256],[100.76892,14.566103],[100.770865,14.566163],[100.773816,14.566929],[100.779179,14.567207],[100.779314,14.567532],[100.77985,14.567574],[100.782705,14.567033],[100.781309,14.564535],[100.781551,14.561958],[100.781091,14.560561],[100.77918,14.558302],[100.777939,14.557447],[100.773319,14.557985],[100.767842,14.561662],[100.75595,14.555832],[100.751276,14.564987],[100.742617,14.558344],[100.740732,14.558413],[100.738812,14.563782],[100.732484,14.564939],[100.732688,14.569381],[100.739442,14.5694],[100.746155,14.570074]]]},"bbox":[100.732484,14.555832,100.782705,14.570074]},{"type":"Feature","id":"b43c3543-9887-4901-a303-5ee6242034de","properties":{"id":"b43c3543-9887-4901-a303-5ee6242034de","code":"05140202","provinceCode":"14","nameTh":"เทศบาลตำบล ท่าเรือ","nameEn":null,"geometryType":"MUNICIPALITY","sourceUrl":"https://landometer.com/api/v2/citymeter-v3/grocery/info/geom/b43c3543-9887-4901-a303-5ee6242034de/MUNICIPALITY","sourceSha256":"62c96c1fe275f09fe439ec620124f268a82c6eb5c5fca1d56da75c765c615dae","retrievedAt":"2026-10-04T05:42:27.110695+00:00","boundaryVintage":null,"geometryStatus":"native_source_polygon_display_simplified","simplificationToleranceDegrees":0.00015,"simplificationPreservesTopology":true,"invalidSourceRepair":"make_valid; retain polygonal components; discard zero-area collapsed lines","legalBoundaryIndependentlyVerified":false,"areaId":"b43c3543-9887-4901-a303-5ee6242034de"},"geometry":{"type":"MultiPolygon","coordinates":[[[[100.727447,14.560577],[100.727446,14.560584],[100.727428,14.560805],[100.727447,14.560577]]],[[[100.726908,14.561574],[100.725644,14.558564],[100.718548,14.560347],[100.716697,14.55825],[100.713133,14.558562],[100.713864,14.564347],[100.712285,14.564756],[100.712077,14.566159],[100.712679,14.570923],[100.71314,14.571914],[100.713697,14.572383],[100.713269,14.572023],[100.714213,14.574149],[100.71416910063246,14.575601727191682],[100.714745,14.575843],[100.716553,14.575734],[100.716966,14.575239],[100.717215,14.575463],[100.717376,14.576438],[100.720057,14.576424],[100.722368,14.576556],[100.722397,14.576718],[100.723701,14.576357],[100.723621,14.576077],[100.724292,14.575967],[100.724104,14.57158],[100.728337,14.571399],[100.730434,14.57085],[100.730512,14.570108],[100.730884,14.570045],[100.73079,14.569377],[100.732688,14.569381],[100.732484,14.564939],[100.727659,14.564061],[100.727249,14.562942],[100.727374,14.561442],[100.726908,14.561574]],[[100.727171,14.56273],[100.726707,14.561465],[100.72670741013499,14.56146522241151],[100.727171,14.56273]]],[[[100.714169,14.575602],[100.71416910063246,14.575601727191682],[100.714043,14.575546],[100.714169,14.575602]]]]},"bbox":[100.712077,14.55825,100.732688,14.576718]},{"type":"Feature","id":"ed479889-eca9-4d7d-ac7c-3ff30dbff4e5","properties":{"id":"ed479889-eca9-4d7d-ac7c-3ff30dbff4e5","code":"05140301","provinceCode":"14","nameTh":"เทศบาลตำบล นครหลวง","nameEn":null,"geometryType":"MUNICIPALITY","sourceUrl":"https://landometer.com/api/v2/citymeter-v3/grocery/info/geom/ed479889-eca9-4d7d-ac7c-3ff30dbff4e5/MUNICIPALITY","sourceSha256":"08f0546efb63c2ac06cbeb26964d19cca32fdf4b7529950c8805a4f74dd40e0e","retrievedAt":"2026-10-04T05:42:27.191170+00:00","boundaryVintage":null,"geometryStatus":"native_source_polygon_display_simplified","simplificationToleranceDegrees":0.00015,"simplificationPreservesTopology":true,"invalidSourceRepair":"make_valid; retain polygonal components; discard zero-area collapsed lines","legalBoundaryIndependentlyVerified":false,"areaId":"ed479889-eca9-4d7d-ac7c-3ff30dbff4e5"},"geometry":{"type":"Polygon","coordinates":[[[100.628804,14.477091],[100.62695,14.47246],[100.631946,14.467371],[100.632548,14.468185],[100.63266,14.468071],[100.631425,14.466217],[100.628276,14.466383],[100.623136,14.462367],[100.619399,14.456738],[100.616086,14.456548],[100.612901,14.452242],[100.606976,14.457008],[100.601561,14.452062],[100.601957,14.451493],[100.597915,14.448732],[100.595158,14.455556],[100.596207,14.462138],[100.596605,14.462452],[100.596789,14.463333],[100.611133,14.473954],[100.6204,14.475918],[100.61983,14.489259],[100.621191,14.491144],[100.625988,14.491091],[100.626525,14.482226],[100.628804,14.477091]]]},"bbox":[100.595158,14.448732,100.632679,14.491144]},{"type":"Feature","id":"1718ed2e-40cb-452a-9ca8-83f16a88cd55","properties":{"id":"1718ed2e-40cb-452a-9ca8-83f16a88cd55","code":"05140302","provinceCode":"14","nameTh":"เทศบาลตำบล อรัญญิก","nameEn":null,"geometryType":"MUNICIPALITY","sourceUrl":"https://landometer.com/api/v2/citymeter-v3/grocery/info/geom/1718ed2e-40cb-452a-9ca8-83f16a88cd55/MUNICIPALITY","sourceSha256":"c2e6219ad1327aa60a1bfdc9fa16b270f053b2b0d7d93743508fd157bb35930b","retrievedAt":"2026-10-04T05:42:27.186372+00:00","boundaryVintage":null,"geometryStatus":"native_source_polygon_display_simplified","simplificationToleranceDegrees":0.00015,"simplificationPreservesTopology":true,"invalidSourceRepair":"make_valid; retain polygonal components; discard zero-area collapsed lines","legalBoundaryIndependentlyVerified":false,"areaId":"1718ed2e-40cb-452a-9ca8-83f16a88cd55"},"geometry":{"type":"Polygon","coordinates":[[[100.629973,14.538738],[100.63125,14.537886],[100.63291,14.53721],[100.633408,14.536515],[100.634556,14.53578],[100.639286,14.534246],[100.644252,14.533532],[100.648438,14.532109],[100.64984,14.531164],[100.652036,14.528285],[100.656819,14.518917],[100.657203,14.518638],[100.657772,14.516436],[100.660862,14.511633],[100.661687,14.509956],[100.662439,14.509137],[100.664686,14.507621],[100.667644,14.504182],[100.671687,14.501679],[100.672353,14.501005],[100.672628,14.500252],[100.671797,14.499557],[100.671952,14.498799],[100.673155,14.496546],[100.673943,14.496389],[100.674609,14.496535],[100.676082,14.495791],[100.677588,14.495453],[100.683454,14.495301],[100.685887,14.495554],[100.687374,14.49499],[100.688717,14.493306],[100.689385,14.489419],[100.689806,14.488607],[100.689625,14.486922],[100.689104,14.485945],[100.689152,14.484769],[100.688725,14.483929],[100.689329,14.482753],[100.688142,14.481603],[100.687013,14.481855],[100.685714,14.481723],[100.685266,14.481454],[100.684681,14.480255],[100.68362,14.479794],[100.683506,14.479053],[100.682848,14.477879],[100.681076,14.475982],[100.681146,14.475322],[100.680861,14.474272],[100.680996,14.470699],[100.682016,14.469236],[100.682466,14.466916],[100.684404,14.463632],[100.68436,14.462712],[100.685112,14.461216],[100.685216,14.459743],[100.685708,14.458811],[100.686275,14.456775],[100.686103,14.455054],[100.673551,14.465712],[100.67066,14.473318],[100.647675,14.473396],[100.644387,14.475009],[100.642416,14.472512],[100.640258,14.475057],[100.640178,14.476509],[100.640955,14.477267],[100.638981,14.481251],[100.639727,14.484772],[100.636009,14.499772],[100.635495,14.500138],[100.634247,14.50467],[100.634181,14.507983],[100.632601,14.510644],[100.615007,14.522926],[100.600653,14.522782],[100.599815,14.529758],[100.593678,14.534282],[100.593144,14.535904],[100.593977,14.537339],[100.594256,14.53997],[100.594739,14.540809],[100.596105,14.54155],[100.601727,14.542543],[100.602777,14.543369],[100.603437,14.544259],[100.603899,14.546621],[100.601751,14.553156],[100.601845,14.554216],[100.609906,14.55346],[100.613945,14.550865],[100.616481,14.549804],[100.618739,14.548433],[100.623371,14.544261],[100.625398,14.542958],[100.629973,14.538738]]]},"bbox":[100.593144,14.455054,100.689806,14.554216]},{"type":"Feature","id":"eae0592a-fc24-4e70-816c-e3ae99b3abd2","properties":{"id":"eae0592a-fc24-4e70-816c-e3ae99b3abd2","code":"05140401","provinceCode":"14","nameTh":"เทศบาลตำบล บางไทร","nameEn":null,"geometryType":"MUNICIPALITY","sourceUrl":"https://landometer.com/api/v2/citymeter-v3/grocery/info/geom/eae0592a-fc24-4e70-816c-e3ae99b3abd2/MUNICIPALITY","sourceSha256":"86a83bb800e3a2b3ffd7aed688ec4fee82b0e7923f9f676843b33fee92e68da6","retrievedAt":"2026-10-04T05:42:27.191370+00:00","boundaryVintage":null,"geometryStatus":"native_source_polygon_display_simplified","simplificationToleranceDegrees":0.00015,"simplificationPreservesTopology":true,"invalidSourceRepair":"make_valid; retain polygonal components; discard zero-area collapsed lines","legalBoundaryIndependentlyVerified":false,"areaId":"eae0592a-fc24-4e70-816c-e3ae99b3abd2"},"geometry":{"type":"Polygon","coordinates":[[[100.452431,14.173811],[100.45216,14.173808],[100.448709,14.195225],[100.450333,14.203107],[100.449464,14.213737],[100.451738,14.217019],[100.452063,14.219186],[100.450493,14.220121],[100.4517,14.225028],[100.454394,14.227479],[100.457666,14.225174],[100.459432,14.227382],[100.463395,14.226538],[100.464069,14.228359],[100.466366,14.227216],[100.466694,14.229509],[100.471085,14.229045],[100.472415,14.230926],[100.477841,14.231588],[100.477802,14.239827],[100.481085,14.241222],[100.4813,14.239068],[100.484474,14.232879],[100.48433,14.232623],[100.48576,14.226419],[100.495183,14.214608],[100.498105,14.213753],[100.501797,14.21501],[100.504176,14.21362],[100.504165,14.205253],[100.507176,14.199906],[100.503734,14.19037],[100.503734,14.180078],[100.505413,14.169703],[100.506573,14.169396],[100.506957,14.168259],[100.508543,14.165582],[100.508055,14.164417],[100.508596,14.163466],[100.506932,14.16122],[100.508706,14.154493],[100.507765,14.154139],[100.50804,14.153098],[100.507191,14.152397],[100.504753,14.161639],[100.507277,14.152068],[100.507079,14.151173],[100.506234,14.150816],[100.50307,14.151059],[100.499452,14.152379],[100.4906,14.150868],[100.481876,14.153249],[100.475498,14.153154],[100.473977,14.152741],[100.473912,14.157015],[100.472813,14.157688],[100.47227,14.160021],[100.472686,14.166996],[100.46784,14.168284],[100.466739,14.171705],[100.462612,14.174026],[100.45252,14.172142],[100.452431,14.173811]]]},"bbox":[100.448709,14.150816,100.508706,14.241222]},{"type":"Feature","id":"82bbb790-e532-439f-aa81-fe4d3fdecb3d","properties":{"id":"82bbb790-e532-439f-aa81-fe4d3fdecb3d","code":"05140402","provinceCode":"14","nameTh":"เทศบาลตำบล ราชคราม","nameEn":null,"geometryType":"MUNICIPALITY","sourceUrl":"https://landometer.com/api/v2/citymeter-v3/grocery/info/geom/82bbb790-e532-439f-aa81-fe4d3fdecb3d/MUNICIPALITY","sourceSha256":"c4a1be02b16223702adddbe984e822376e97e99a46b5f83400449edcc6777f43","retrievedAt":"2026-10-04T05:42:27.189188+00:00","boundaryVintage":null,"geometryStatus":"native_source_polygon_display_simplified","simplificationToleranceDegrees":0.00015,"simplificationPreservesTopology":true,"invalidSourceRepair":"make_valid; retain polygonal components; discard zero-area collapsed lines","legalBoundaryIndependentlyVerified":false,"areaId":"82bbb790-e532-439f-aa81-fe4d3fdecb3d"},"geometry":{"type":"Polygon","coordinates":[[[100.508055,14.164417],[100.508543,14.165582],[100.506957,14.168259],[100.506573,14.169396],[100.505413,14.169703],[100.503734,14.180078],[100.503734,14.19037],[100.507176,14.199906],[100.515329,14.200062],[100.526547,14.196317],[100.528236,14.196807],[100.529861,14.196265],[100.530023,14.196398],[100.531765,14.194264],[100.531789,14.190486],[100.531308,14.188816],[100.531642,14.183264],[100.532835,14.172659],[100.533232,14.171109],[100.533805,14.170226],[100.534021,14.169399],[100.53404,14.163762],[100.5346,14.163617],[100.534857,14.162413],[100.536013,14.162324],[100.536173,14.160072],[100.538669,14.160001],[100.538696,14.162256],[100.539714,14.162181],[100.539943,14.161341],[100.540805,14.161341],[100.54098,14.15988],[100.543796,14.160228],[100.544331,14.159801],[100.544856,14.158452],[100.547544,14.158989],[100.550102,14.157406],[100.550689,14.156332],[100.550617,14.155329],[100.551005,14.154928],[100.551112,14.151593],[100.534844,14.14997],[100.525467,14.145192],[100.526784,14.143575],[100.522166,14.140777],[100.520347,14.141788],[100.516631,14.150383],[100.517107,14.150493],[100.516145,14.152399],[100.514657,14.152427],[100.514452,14.153431],[100.513326,14.153452],[100.512827,14.154462],[100.511701,14.154483],[100.511203,14.155492],[100.50845,14.155464],[100.506932,14.16122],[100.50859577922411,14.163465702240806],[100.508055,14.164417]]]},"bbox":[100.503734,14.140777,100.551112,14.200062]},{"type":"Feature","id":"bca1eb74-f999-40a6-bdcb-312b6d80792f","properties":{"id":"bca1eb74-f999-40a6-bdcb-312b6d80792f","code":"05140501","provinceCode":"14","nameTh":"เทศบาลตำบล บางบาล","nameEn":null,"geometryType":"MUNICIPALITY","sourceUrl":"https://landometer.com/api/v2/citymeter-v3/grocery/info/geom/bca1eb74-f999-40a6-bdcb-312b6d80792f/MUNICIPALITY","sourceSha256":"5cb229e9678609cb1ad220fd59038e08f47d77bed88aaf467baeaf6b3490eb5b","retrievedAt":"2026-10-04T05:42:27.189587+00:00","boundaryVintage":null,"geometryStatus":"native_source_polygon_display_simplified","simplificationToleranceDegrees":0.00015,"simplificationPreservesTopology":true,"invalidSourceRepair":"make_valid; retain polygonal components; discard zero-area collapsed lines","legalBoundaryIndependentlyVerified":false,"areaId":"bca1eb74-f999-40a6-bdcb-312b6d80792f"},"geometry":{"type":"Polygon","coordinates":[[[100.501186,14.454234],[100.500465,14.453768],[100.500421,14.453525],[100.500647,14.453079],[100.501594,14.452447],[100.501677,14.451439],[100.502325,14.451176],[100.502868,14.45051],[100.504234,14.449994],[100.504958,14.450012],[100.505183,14.449297],[100.505773,14.449055],[100.506339,14.446495],[100.506712,14.446088],[100.506473,14.445374],[100.507138,14.444748],[100.50676,14.443654],[100.508556,14.441911],[100.509123,14.441873],[100.510141,14.441095],[100.510859,14.439779],[100.511836,14.438991],[100.512619,14.437917],[100.511821,14.437097],[100.511666,14.436328],[100.511044,14.435624],[100.509989,14.435181],[100.508188,14.432274],[100.508041,14.430694],[100.508588,14.424826],[100.508278,14.421764],[100.507488,14.415644],[100.504949,14.405893],[100.502362,14.405089],[100.500938,14.403442],[100.499333,14.402197],[100.496779,14.397113],[100.492776,14.395965],[100.482108,14.388633],[100.473377,14.40121],[100.454736,14.399462],[100.452578,14.398619],[100.452874,14.408762],[100.43385,14.407765],[100.424389,14.40805],[100.416649,14.411232],[100.416831,14.4101],[100.416529,14.410212],[100.415404,14.418194],[100.414703,14.421027],[100.413967,14.422722],[100.410488,14.427905],[100.41005,14.429652],[100.41017,14.430856],[100.410783,14.432865],[100.41249,14.43695],[100.415471,14.441191],[100.420208,14.447148],[100.422352,14.447862],[100.426499,14.448593],[100.426897,14.447514],[100.427416,14.447647],[100.427657,14.44815],[100.429309,14.44844],[100.429796,14.446884],[100.435647,14.44854],[100.437072,14.448068],[100.437789,14.446574],[100.439758,14.446212],[100.442337,14.44484],[100.443537,14.444741],[100.444896,14.445128],[100.445731,14.444496],[100.447709,14.443824],[100.448379,14.443008],[100.448564,14.442177],[100.451461,14.442514],[100.456145,14.442308],[100.456365,14.441693],[100.456879,14.441186],[100.457638,14.441781],[100.458749,14.440588],[100.459273,14.439153],[100.460412,14.43902],[100.463163,14.439614],[100.464281,14.440791],[100.464268,14.441648],[100.467417,14.442293],[100.469168,14.443372],[100.476443,14.445567],[100.477146,14.446067],[100.478079,14.447628],[100.479167,14.451424],[100.481631,14.452108],[100.484956,14.454928],[100.487817,14.455691],[100.490964,14.458188],[100.492161,14.458733],[100.493357,14.459107],[100.496896,14.459505],[100.497437,14.458447],[100.498238,14.457656],[100.499393,14.45716],[100.500949,14.456024],[100.501186,14.454234]]]},"bbox":[100.410042,14.388633,100.512619,14.459505]},{"type":"Feature","id":"5932b00d-e418-451d-a260-9f63a2a2466d","properties":{"id":"5932b00d-e418-451d-a260-9f63a2a2466d","code":"05140502","provinceCode":"14","nameTh":"เทศบาลตำบล มหาพราหมณ์","nameEn":null,"geometryType":"MUNICIPALITY","sourceUrl":"https://landometer.com/api/v2/citymeter-v3/grocery/info/geom/5932b00d-e418-451d-a260-9f63a2a2466d/MUNICIPALITY","sourceSha256":"0eb2647014bbddb70f76ace34b9c9533cc7ea1aba344a31065a2abc853338b74","retrievedAt":"2026-10-04T05:42:27.196940+00:00","boundaryVintage":null,"geometryStatus":"native_source_polygon_display_simplified","simplificationToleranceDegrees":0.00015,"simplificationPreservesTopology":true,"invalidSourceRepair":"make_valid; retain polygonal components; discard zero-area collapsed lines","legalBoundaryIndependentlyVerified":false,"areaId":"5932b00d-e418-451d-a260-9f63a2a2466d"},"geometry":{"type":"Polygon","coordinates":[[[100.518747,14.371185],[100.519149,14.368924],[100.521409,14.369673],[100.521678,14.368848],[100.521576,14.367145],[100.521922,14.365078],[100.520477,14.364246],[100.519226,14.362428],[100.521038,14.361181],[100.52092,14.36088],[100.521098,14.360735],[100.520769,14.360248],[100.518823,14.361557],[100.517048,14.358445],[100.517594,14.358141],[100.516828,14.357249],[100.516471,14.357735],[100.516226,14.357475],[100.516012,14.357678],[100.515758,14.357484],[100.515314,14.357839],[100.514813,14.356991],[100.514998,14.356547],[100.514339,14.356029],[100.512029,14.352072],[100.512474,14.351841],[100.513473,14.35353],[100.513767,14.353357],[100.513109,14.352464],[100.514003,14.352278],[100.5139,14.35158],[100.512959,14.351229],[100.512827,14.350384],[100.514844,14.349225],[100.513863,14.346981],[100.513261,14.347096],[100.512369,14.344006],[100.511082,14.343414],[100.511921,14.342793],[100.512538,14.341679],[100.511574,14.339681],[100.510116,14.337978],[100.510058,14.337609],[100.510395,14.337319],[100.509481,14.33575],[100.515685,14.335557],[100.515662,14.334136],[100.514879,14.331705],[100.513908,14.329984],[100.511823,14.327149],[100.510431,14.326698],[100.508294,14.325497],[100.507626,14.326619],[100.506351,14.328028],[100.500324,14.329704],[100.49498,14.328026],[100.497098,14.335556],[100.495136,14.33622],[100.499047,14.338059],[100.49794,14.338558],[100.499069,14.3388],[100.498684,14.341108],[100.496649,14.340575],[100.493459,14.340655],[100.492163,14.345692],[100.48992,14.346395],[100.491281,14.347023],[100.481955,14.358201],[100.477698,14.359223],[100.478812,14.361014],[100.482284,14.3591],[100.483478,14.361721],[100.479813,14.365512],[100.477605,14.371046],[100.466912,14.374551],[100.466544,14.376241],[100.456387,14.37887],[100.455775,14.383065],[100.453364,14.384554],[100.452123,14.383329],[100.452083,14.385166],[100.449597,14.386941],[100.452378,14.391776],[100.452578,14.398619],[100.454736,14.399462],[100.473377,14.40121],[100.482108,14.388633],[100.492776,14.395965],[100.496779,14.397113],[100.498818,14.401168],[100.498989,14.399296],[100.49975,14.399858],[100.500216,14.399379],[100.499356,14.398483],[100.499846,14.397885],[100.498632,14.396495],[100.500455,14.394282],[100.499805,14.39355],[100.501215,14.392101],[100.500985,14.391874],[100.501247,14.391597],[100.50091,14.391195],[100.501358,14.390381],[100.501099,14.390138],[100.501714,14.389404],[100.501374,14.389003],[100.501678,14.388803],[100.501973,14.389152],[100.502495,14.38841],[100.502169,14.387303],[100.500551,14.385112],[100.501024,14.384727],[100.501801,14.385608],[100.503002,14.385021],[100.504356,14.386582],[100.505091,14.386101],[100.504316,14.38496],[100.504757,14.3846],[100.505178,14.385133],[100.505504,14.384824],[100.503833,14.382913],[100.504135,14.382644],[100.504364,14.382876],[100.504756,14.382536],[100.504596,14.38239],[100.505069,14.381961],[100.504819,14.3817],[100.506727,14.380064],[100.507331,14.380715],[100.507965,14.380064],[100.507194,14.379182],[100.5089,14.377766],[100.510681,14.379533],[100.511282,14.379012],[100.511502,14.378394],[100.51185,14.378778],[100.513404,14.376751],[100.513503,14.376868],[100.513715,14.376528],[100.513974,14.376785],[100.514728,14.376112],[100.51449,14.375776],[100.514652,14.375645],[100.513987,14.374927],[100.514213,14.374767],[100.51568,14.376474],[100.516555,14.375904],[100.515182,14.37439],[100.515376,14.374235],[100.516314,14.375372],[100.519066,14.373783],[100.521485,14.37287],[100.520399,14.371708],[100.518882,14.371605],[100.518747,14.371185]]]},"bbox":[100.449597,14.325488,100.521922,14.40121]},{"type":"Feature","id":"7a91c2eb-5c38-483a-8352-9cb549ff8f85","properties":{"id":"7a91c2eb-5c38-483a-8352-9cb549ff8f85","code":"05140601","provinceCode":"14","nameTh":"เทศบาลตำบล ตลาดเกรียบ","nameEn":null,"geometryType":"MUNICIPALITY","sourceUrl":"https://landometer.com/api/v2/citymeter-v3/grocery/info/geom/7a91c2eb-5c38-483a-8352-9cb549ff8f85/MUNICIPALITY","sourceSha256":"088b9c83e3f419321a88a352d50ff05ccfba9b92a1989782b878822e388f1c92","retrievedAt":"2026-10-04T05:42:27.205878+00:00","boundaryVintage":null,"geometryStatus":"native_source_polygon_display_simplified","simplificationToleranceDegrees":0.00015,"simplificationPreservesTopology":true,"invalidSourceRepair":"make_valid; retain polygonal components; discard zero-area collapsed lines","legalBoundaryIndependentlyVerified":false,"areaId":"7a91c2eb-5c38-483a-8352-9cb549ff8f85"},"geometry":{"type":"Polygon","coordinates":[[[100.545709,14.261644],[100.540194,14.252755],[100.536908,14.250248],[100.53391,14.249085],[100.529634,14.251486],[100.529232,14.252615],[100.529113,14.254547],[100.529683,14.255248],[100.526017,14.258157],[100.526849,14.26023],[100.526542,14.260529],[100.526407,14.263426],[100.526081,14.263702],[100.526633,14.265689],[100.530085,14.265483],[100.531993,14.268125],[100.54434,14.274701],[100.54597,14.274119],[100.566144,14.282416],[100.568956,14.28463],[100.576717,14.278846],[100.576548,14.274199],[100.573035,14.269822],[100.55708,14.263951],[100.545709,14.261644]]]},"bbox":[100.526008,14.249085,100.576717,14.28463]},{"type":"Feature","id":"c2f9439c-7975-4fbb-96b4-4ca087acf639","properties":{"id":"c2f9439c-7975-4fbb-96b4-4ca087acf639","code":"05140603","provinceCode":"14","nameTh":"เทศบาลตำบล บางปะอิน","nameEn":null,"geometryType":"MUNICIPALITY","sourceUrl":"https://landometer.com/api/v2/citymeter-v3/grocery/info/geom/c2f9439c-7975-4fbb-96b4-4ca087acf639/MUNICIPALITY","sourceSha256":"03432372057e1cb7a164f24722ca32eb70d7a144af150403fdf612dc386479fa","retrievedAt":"2026-10-04T05:42:27.189274+00:00","boundaryVintage":null,"geometryStatus":"native_source_polygon_display_simplified","simplificationToleranceDegrees":0.00015,"simplificationPreservesTopology":true,"invalidSourceRepair":"make_valid; retain polygonal components; discard zero-area collapsed lines","legalBoundaryIndependentlyVerified":false,"areaId":"c2f9439c-7975-4fbb-96b4-4ca087acf639"},"geometry":{"type":"MultiPolygon","coordinates":[[[[100.571393,14.214897],[100.574523,14.231507],[100.578103,14.241414],[100.581441,14.243937],[100.5859,14.243831],[100.583816,14.218451],[100.582584,14.216485],[100.581909,14.217175],[100.581761,14.215896],[100.58086093759387,14.216815461114615],[100.580713,14.215538],[100.577088,14.21924],[100.573653,14.21459],[100.572915,14.214235],[100.573059,14.214852],[100.572539,14.215579],[100.57275885942752,14.216745254326888],[100.576875,14.222317],[100.572759,14.216746],[100.571393,14.214897]],[[100.580861,14.216816],[100.576982,14.220778],[100.58086093759387,14.216815461114615],[100.580861,14.216816]]],[[[100.571522,14.215071],[100.57259731339515,14.21652706300475],[100.57275897700781,14.216745878036832],[100.57275885942752,14.216745254326888],[100.571522,14.215071]]],[[[100.579664,14.215179],[100.577957,14.216923],[100.577604,14.214771],[100.57697,14.214031],[100.576897,14.215616],[100.576008,14.214411],[100.575766,14.215767],[100.574457,14.213996],[100.575017,14.214754],[100.574558,14.215815],[100.577088,14.21924],[100.579812,14.216457],[100.579664,14.215179]]]]},"bbox":[100.571393,14.213996,100.5859,14.243937]},{"type":"Feature","id":"569c382b-b55e-46ce-88e5-b02900a2b647","properties":{"id":"569c382b-b55e-46ce-88e5-b02900a2b647","code":"05140604","provinceCode":"14","nameTh":"เทศบาลตำบล บ้านสร้าง","nameEn":null,"geometryType":"MUNICIPALITY","sourceUrl":"https://landometer.com/api/v2/citymeter-v3/grocery/info/geom/569c382b-b55e-46ce-88e5-b02900a2b647/MUNICIPALITY","sourceSha256":"98c43f852abdbf9bac1a5d2a386cb123d1993ddd83120bad84ac84fa34750b28","retrievedAt":"2026-10-04T05:42:27.261213+00:00","boundaryVintage":null,"geometryStatus":"native_source_polygon_display_simplified","simplificationToleranceDegrees":0.00015,"simplificationPreservesTopology":true,"invalidSourceRepair":"make_valid; retain polygonal components; discard zero-area collapsed lines","legalBoundaryIndependentlyVerified":false,"areaId":"569c382b-b55e-46ce-88e5-b02900a2b647"},"geometry":{"type":"Polygon","coordinates":[[[100.680061,14.301459],[100.682649,14.301118],[100.682831,14.298769],[100.684296,14.297598],[100.684404,14.297118],[100.683761,14.294391],[100.682545,14.29372],[100.68197,14.292816],[100.681695,14.290558],[100.680665,14.289113],[100.680846,14.287372],[100.680518,14.286444],[100.680125,14.286086],[100.678781,14.286014],[100.678174,14.285644],[100.678256,14.284984],[100.678959,14.283674],[100.677924,14.282288],[100.677071,14.279166],[100.677115,14.277242],[100.676568,14.276801],[100.674847,14.276238],[100.673941,14.274813],[100.675122,14.271294],[100.676554,14.270037],[100.677044,14.269291],[100.67701,14.268012],[100.675746,14.267002],[100.674614,14.267633],[100.674105,14.267668],[100.673176,14.267095],[100.672827,14.266351],[100.671593,14.266565],[100.671228,14.266315],[100.67103,14.265661],[100.668988,14.26512],[100.668455,14.265184],[100.668262,14.26406],[100.666301,14.261453],[100.664689,14.26001],[100.6618,14.256511],[100.660635,14.255548],[100.66002,14.253996],[100.659906,14.251889],[100.659618,14.251245],[100.655658,14.260483],[100.65662,14.278406],[100.65385,14.280999],[100.65899,14.295066],[100.65898,14.296032],[100.660143,14.295332],[100.659959,14.298023],[100.660927,14.301029],[100.660895,14.304127],[100.661954,14.305423],[100.661874,14.306104],[100.662459,14.306871],[100.664138,14.307422],[100.66521,14.308826],[100.666889,14.309377],[100.667961,14.310781],[100.669035,14.310995],[100.669054,14.31035],[100.671705,14.310106],[100.671699,14.310386],[100.672576,14.310411],[100.672602,14.310737],[100.675725,14.310661],[100.675728,14.309946],[100.675384,14.309879],[100.675384,14.308783],[100.676348,14.308745],[100.676183,14.306851],[100.676708,14.306816],[100.676729,14.306435],[100.677853,14.306443],[100.677689,14.305822],[100.678287,14.304824],[100.678612,14.301341],[100.680061,14.301459]]]},"bbox":[100.65385,14.251245,100.68441,14.310995]},{"type":"Feature","id":"0dbfb262-03c8-4640-91e2-edcd922e1d02","properties":{"id":"0dbfb262-03c8-4640-91e2-edcd922e1d02","code":"05140605","provinceCode":"14","nameTh":"เทศบาลตำบล พระอินทราชา","nameEn":null,"geometryType":"MUNICIPALITY","sourceUrl":"https://landometer.com/api/v2/citymeter-v3/grocery/info/geom/0dbfb262-03c8-4640-91e2-edcd922e1d02/MUNICIPALITY","sourceSha256":"97b04c62bd882d47de90376c5101b07cd95f27e52917f49e895ec09d80d1a22b","retrievedAt":"2026-10-04T05:42:27.271150+00:00","boundaryVintage":null,"geometryStatus":"native_source_polygon_display_simplified","simplificationToleranceDegrees":0.00015,"simplificationPreservesTopology":true,"invalidSourceRepair":"make_valid; retain polygonal components; discard zero-area collapsed lines","legalBoundaryIndependentlyVerified":false,"areaId":"0dbfb262-03c8-4640-91e2-edcd922e1d02"},"geometry":{"type":"MultiPolygon","coordinates":[[[[100.60469704178273,14.135176331476323],[100.604696,14.135176],[100.604611,14.13521],[100.60469704178273,14.135176331476323]]],[[[100.610075,14.133599],[100.606901,14.136215],[100.605674,14.135265],[100.605062,14.135069],[100.60469704178273,14.135176331476323],[100.604711,14.159156],[100.619577,14.159293],[100.619828,14.12899],[100.61482,14.128954],[100.610075,14.133599]]]]},"bbox":[100.604611,14.128951,100.619828,14.159293]},{"type":"Feature","id":"65800459-2b61-4a33-9d72-e5163ea3b68a","properties":{"id":"65800459-2b61-4a33-9d72-e5163ea3b68a","code":"05140606","provinceCode":"14","nameTh":"เทศบาลตำบล บางกระสั้น","nameEn":null,"geometryType":"MUNICIPALITY","sourceUrl":"https://landometer.com/api/v2/citymeter-v3/grocery/info/geom/65800459-2b61-4a33-9d72-e5163ea3b68a/MUNICIPALITY","sourceSha256":"54faf57002472b8e9a81d9ece0c6a66c0da2673feec8f701b2adca2b3b18db01","retrievedAt":"2026-10-04T05:42:27.278874+00:00","boundaryVintage":null,"geometryStatus":"native_source_polygon_display_simplified","simplificationToleranceDegrees":0.00015,"simplificationPreservesTopology":true,"invalidSourceRepair":"make_valid; retain polygonal components; discard zero-area collapsed lines","legalBoundaryIndependentlyVerified":false,"areaId":"65800459-2b61-4a33-9d72-e5163ea3b68a"},"geometry":{"type":"MultiPolygon","coordinates":[[[[100.571171,14.212177],[100.571808,14.211194],[100.573214,14.212847],[100.574084,14.210632],[100.57481277525821,14.21164368887786],[100.575189,14.210455],[100.575917,14.211468],[100.576669,14.209091],[100.57693,14.208959],[100.576808,14.2079],[100.575843,14.208389],[100.577758,14.207418],[100.577636,14.206359],[100.578587,14.205877],[100.578464,14.204818],[100.579415,14.204336],[100.579292,14.203277],[100.580243,14.202795],[100.579379,14.195336],[100.58461,14.194563],[100.590373,14.200989],[100.591817,14.199905],[100.590401,14.198282],[100.592039,14.199443],[100.603783,14.197285],[100.60332,14.195323],[100.59164,14.185276],[100.580497,14.182455],[100.573975,14.177098],[100.569669,14.178836],[100.567565,14.177198],[100.568271,14.175095],[100.56555,14.179379],[100.564239,14.179099],[100.564686,14.173612],[100.562063,14.174518],[100.558279,14.17005],[100.559371,14.165809],[100.55752,14.165397],[100.55679,14.163871],[100.557184,14.16317],[100.558605,14.16303],[100.55678,14.159221],[100.556219,14.158965],[100.555899,14.157381],[100.555125,14.155764],[100.554236,14.15485],[100.552073,14.153774],[100.550617,14.155329],[100.550689,14.156332],[100.550102,14.157406],[100.547544,14.158989],[100.544856,14.158452],[100.544331,14.159801],[100.543796,14.160228],[100.54098,14.15988],[100.540805,14.161341],[100.539943,14.161341],[100.539752,14.162171],[100.538696,14.162256],[100.538669,14.160001],[100.536173,14.160072],[100.536013,14.162324],[100.534857,14.162413],[100.5346,14.163617],[100.534029,14.163802],[100.534021,14.169399],[100.533805,14.170226],[100.533232,14.171109],[100.532835,14.172659],[100.531642,14.183264],[100.531308,14.188816],[100.531782,14.190427],[100.531668,14.192169],[100.531899,14.192885],[100.531765,14.194264],[100.531444,14.194692],[100.531814,14.194558],[100.532401,14.195657],[100.544365,14.192236],[100.55646,14.195301],[100.560388,14.19761],[100.568777,14.20895],[100.568309,14.209456],[100.567278,14.208024],[100.570262,14.212169],[100.571171,14.212177]]],[[[100.57481277525821,14.21164368887786],[100.574547,14.212484],[100.574813,14.211644],[100.57481277525821,14.21164368887786]]]]},"bbox":[100.531308,14.153774,100.603783,14.212847]},{"type":"Feature","id":"e3d27b58-6b97-428b-88a2-5ad036ceddbc","properties":{"id":"e3d27b58-6b97-428b-88a2-5ad036ceddbc","code":"05140607","provinceCode":"14","nameTh":"เทศบาลตำบล ปราสาททอง","nameEn":null,"geometryType":"MUNICIPALITY","sourceUrl":"https://landometer.com/api/v2/citymeter-v3/grocery/info/geom/e3d27b58-6b97-428b-88a2-5ad036ceddbc/MUNICIPALITY","sourceSha256":"bc83f72ed9a1cd40473f7309e527e344ffe1442574c3e48734c4465875a291b3","retrievedAt":"2026-10-04T05:42:27.275671+00:00","boundaryVintage":null,"geometryStatus":"native_source_polygon_display_simplified","simplificationToleranceDegrees":0.00015,"simplificationPreservesTopology":true,"invalidSourceRepair":"make_valid; retain polygonal components; discard zero-area collapsed lines","legalBoundaryIndependentlyVerified":false,"areaId":"e3d27b58-6b97-428b-88a2-5ad036ceddbc"},"geometry":{"type":"MultiPolygon","coordinates":[[[[100.585096,14.23404],[100.58509615347137,14.234040094659816],[100.585017,14.233076],[100.585096,14.23404]]],[[[100.612744,14.239112],[100.621169,14.239543],[100.627026,14.237394],[100.627841,14.237915],[100.623959,14.235308],[100.623106,14.234981],[100.618851,14.235739],[100.616543,14.233739],[100.614953,14.226623],[100.611685,14.222956],[100.608354,14.224438],[100.609397,14.22546],[100.608103,14.228977],[100.596738,14.229949],[100.586299,14.234782],[100.58509615347137,14.234040094659816],[100.5859,14.243831],[100.581441,14.243937],[100.580018,14.246311],[100.581585,14.254364],[100.606766,14.251486],[100.610863,14.249095],[100.610766,14.242686],[100.61298,14.241433],[100.612744,14.239112]]]]},"bbox":[100.580018,14.222956,100.627841,14.254364]},{"type":"Feature","id":"4ad537e3-ef7f-4004-9561-801ebd03d580","properties":{"id":"4ad537e3-ef7f-4004-9561-801ebd03d580","code":"05140608","provinceCode":"14","nameTh":"เทศบาลตำบล เชียงรากน้อย","nameEn":null,"geometryType":"MUNICIPALITY","sourceUrl":"https://landometer.com/api/v2/citymeter-v3/grocery/info/geom/4ad537e3-ef7f-4004-9561-801ebd03d580/MUNICIPALITY","sourceSha256":"1f7f478cb705cd562e062641e8bdfd7e1bd72dc3039d50630a94de5f7289fe62","retrievedAt":"2026-10-04T05:42:27.276006+00:00","boundaryVintage":null,"geometryStatus":"native_source_polygon_display_simplified","simplificationToleranceDegrees":0.00015,"simplificationPreservesTopology":true,"invalidSourceRepair":"make_valid; retain polygonal components; discard zero-area collapsed lines","legalBoundaryIndependentlyVerified":false,"areaId":"4ad537e3-ef7f-4004-9561-801ebd03d580"},"geometry":{"type":"Polygon","coordinates":[[[100.614228,14.192115],[100.617103,14.19114],[100.619342,14.190055],[100.619577,14.159293],[100.604711,14.159156],[100.604718,14.135183],[100.603256,14.135349],[100.602008,14.13508],[100.601088,14.134258],[100.597407,14.132347],[100.59333,14.13237],[100.589184,14.131085],[100.588375,14.13054],[100.587752,14.129713],[100.586863,14.129309],[100.584323,14.128881],[100.582925,14.128998],[100.580471,14.127746],[100.578984,14.13878],[100.574468,14.138217],[100.572451,14.143324],[100.567124,14.14522],[100.564851,14.1468],[100.561599,14.147071],[100.559276,14.148437],[100.556661,14.148441],[100.556252,14.149264],[100.555097,14.149963],[100.554449,14.15262],[100.552073,14.153774],[100.554236,14.15485],[100.55494,14.155499],[100.55589879181495,14.157380565070778],[100.556219,14.158965],[100.55678,14.159221],[100.558605,14.16303],[100.560063,14.163152],[100.557873,14.162969],[100.557184,14.16317],[100.556807,14.163781],[100.55752,14.165397],[100.559371,14.165809],[100.558279,14.17005],[100.562063,14.174518],[100.564686,14.173612],[100.564239,14.179099],[100.56555,14.179379],[100.568271,14.175095],[100.567565,14.177198],[100.569669,14.178836],[100.573975,14.177098],[100.580497,14.182455],[100.59164,14.185276],[100.601057,14.193377],[100.605459,14.190358],[100.614332,14.190757],[100.614228,14.192115]],[[100.555697,14.152088],[100.555899,14.157381],[100.55589879181495,14.157380565070778],[100.555697,14.152088]]]},"bbox":[100.552073,14.127746,100.619603,14.193377]},{"type":"Feature","id":"46f6e19e-651a-4dd2-a39a-7e8b20f49055","properties":{"id":"46f6e19e-651a-4dd2-a39a-7e8b20f49055","code":"05140609","provinceCode":"14","nameTh":"เทศบาลตำบล คลองจิก","nameEn":null,"geometryType":"MUNICIPALITY","sourceUrl":"https://landometer.com/api/v2/citymeter-v3/grocery/info/geom/46f6e19e-651a-4dd2-a39a-7e8b20f49055/MUNICIPALITY","sourceSha256":"48f92caaa2d11c315c2d897061a8c0500b567b081bb403b111760e817cf6f917","retrievedAt":"2026-10-04T05:42:27.279834+00:00","boundaryVintage":null,"geometryStatus":"native_source_polygon_display_simplified","simplificationToleranceDegrees":0.00015,"simplificationPreservesTopology":true,"invalidSourceRepair":"make_valid; retain polygonal components; discard zero-area collapsed lines","legalBoundaryIndependentlyVerified":false,"areaId":"46f6e19e-651a-4dd2-a39a-7e8b20f49055"},"geometry":{"type":"MultiPolygon","coordinates":[[[[100.576657,14.215291],[100.57627529629067,14.21199451134037],[100.576275,14.211994],[100.576657,14.215291]]],[[[100.57760384178151,14.214771069520246],[100.577716,14.21574],[100.577604,14.214771],[100.57760384178151,14.214771069520246]]],[[[100.640337,14.226482],[100.64202,14.225655],[100.643056,14.224605],[100.64526,14.223457],[100.64635,14.223433],[100.647018,14.222842],[100.645532,14.221154],[100.644464,14.218819],[100.643756,14.21379],[100.643766,14.212179],[100.641957,14.213087],[100.640044,14.21323],[100.638979,14.21244],[100.636534,14.209826],[100.633685,14.207915],[100.632676,14.208142],[100.631343,14.208031],[100.62943,14.207641],[100.628369,14.207178],[100.625374,14.204707],[100.623189,14.201944],[100.620889,14.200112],[100.620283,14.198882],[100.619686,14.196667],[100.616204,14.195074],[100.615538,14.194144],[100.614112,14.193101],[100.614332,14.190757],[100.605459,14.190358],[100.601057,14.193377],[100.60332,14.195323],[100.603783,14.197285],[100.592039,14.199443],[100.590401,14.198282],[100.591817,14.199905],[100.590373,14.200989],[100.58461,14.194563],[100.579379,14.195336],[100.580243,14.202795],[100.579292,14.203277],[100.579415,14.204336],[100.578464,14.204818],[100.578587,14.205877],[100.577636,14.206359],[100.577758,14.207418],[100.576808,14.2079],[100.57693,14.208959],[100.576669,14.209091],[100.576135,14.210781],[100.575857,14.208382],[100.57627529629067,14.21199451134037],[100.57697,14.214031],[100.577538,14.2148],[100.577331,14.212414],[100.577957,14.216923],[100.579664,14.215179],[100.579812,14.216457],[100.580713,14.215538],[100.580861,14.216816],[100.581761,14.215896],[100.581909,14.217175],[100.582584,14.216485],[100.583816,14.218451],[100.585096,14.23404],[100.586299,14.234782],[100.596738,14.229949],[100.608103,14.228977],[100.609397,14.22546],[100.608354,14.224438],[100.611685,14.222956],[100.614953,14.226623],[100.616543,14.233739],[100.618851,14.235739],[100.623106,14.234981],[100.623959,14.235308],[100.630781,14.23989],[100.631139,14.241722],[100.642847,14.234638],[100.641759,14.233945],[100.639845,14.233854],[100.639021,14.233089],[100.635421,14.230792],[100.634927,14.229848],[100.635008,14.229466],[100.636749,14.229704],[100.637426,14.228931],[100.639608,14.227357],[100.640337,14.226482]]]]},"bbox":[100.575857,14.190358,100.647018,14.241722]},{"type":"Feature","id":"28a74c80-9b48-4901-9134-49440d8034a5","properties":{"id":"28a74c80-9b48-4901-9134-49440d8034a5","code":"05140701","provinceCode":"14","nameTh":"เทศบาลตำบล บางปะหัน","nameEn":null,"geometryType":"MUNICIPALITY","sourceUrl":"https://landometer.com/api/v2/citymeter-v3/grocery/info/geom/28a74c80-9b48-4901-9134-49440d8034a5/MUNICIPALITY","sourceSha256":"dd31ca6eb933b92d2fa03b5b8d15aafcaf4adc877f70a64b46edfb86badb6b6d","retrievedAt":"2026-10-04T05:42:27.273263+00:00","boundaryVintage":null,"geometryStatus":"native_source_polygon_display_simplified","simplificationToleranceDegrees":0.00015,"simplificationPreservesTopology":true,"invalidSourceRepair":"make_valid; retain polygonal components; discard zero-area collapsed lines","legalBoundaryIndependentlyVerified":false,"areaId":"28a74c80-9b48-4901-9134-49440d8034a5"},"geometry":{"type":"MultiPolygon","coordinates":[[[[100.533364,14.42902],[100.534362,14.428944],[100.526973,14.429503],[100.533364,14.42902]]],[[[100.537003,14.428803],[100.526973,14.429503],[100.526271,14.440165],[100.527964,14.444308],[100.535394,14.453835],[100.54039,14.463444],[100.538361,14.463668],[100.53812615501072,14.464089934418547],[100.538386,14.46398],[100.538462,14.464924],[100.548056,14.478569],[100.54886,14.473928],[100.547445,14.473041],[100.550753,14.472224],[100.546609,14.464803],[100.547262,14.447989],[100.544616,14.447913],[100.546862,14.438519],[100.54393,14.437203],[100.537003,14.428803]]],[[[100.537525,14.46517],[100.53812615501072,14.464089934418547],[100.538126,14.46409],[100.537525,14.46517]]]]},"bbox":[100.526271,14.428803,100.550753,14.478569]},{"type":"Feature","id":"2a98060e-356e-49f2-90af-9f4faa3d398f","properties":{"id":"2a98060e-356e-49f2-90af-9f4faa3d398f","code":"05140802","provinceCode":"14","nameTh":"เทศบาลตำบล ลาดชะโด","nameEn":null,"geometryType":"MUNICIPALITY","sourceUrl":"https://landometer.com/api/v2/citymeter-v3/grocery/info/geom/2a98060e-356e-49f2-90af-9f4faa3d398f/MUNICIPALITY","sourceSha256":"2a072d4513bf0662a814f9e80d2a45a4a9fb633a48210b2f9a935a095ca9b750","retrievedAt":"2026-10-04T05:42:27.282012+00:00","boundaryVintage":null,"geometryStatus":"native_source_polygon_display_simplified","simplificationToleranceDegrees":0.00015,"simplificationPreservesTopology":true,"invalidSourceRepair":"make_valid; retain polygonal components; discard zero-area collapsed lines","legalBoundaryIndependentlyVerified":false,"areaId":"2a98060e-356e-49f2-90af-9f4faa3d398f"},"geometry":{"type":"MultiPolygon","coordinates":[[[[100.350949,14.462023],[100.35122,14.460043],[100.352211,14.460178],[100.352345,14.459187],[100.354326,14.459461],[100.355126,14.453531],[100.354987,14.454558],[100.35396,14.454694],[100.3542,14.452909],[100.354098,14.453667],[100.353071,14.453802],[100.353209,14.452775],[100.352182,14.452911],[100.352321,14.451884],[100.351302,14.451955],[100.351432,14.450992],[100.332931,14.44425],[100.294166,14.437351],[100.288379,14.46646],[100.283908,14.466424],[100.281595,14.472514],[100.285682,14.482806],[100.285426,14.48323],[100.285833,14.484085],[100.28499,14.484687],[100.286235,14.49156],[100.286978,14.493483],[100.28706,14.494884],[100.287024,14.495412],[100.286155,14.497299],[100.286191,14.497992],[100.290661,14.496726],[100.294375,14.496797],[100.295429,14.496116],[100.296821,14.496232],[100.299775,14.494984],[100.302445,14.494746],[100.302759,14.494296],[100.304586,14.495346],[100.305667,14.493191],[100.308376,14.494198],[100.30868,14.493143],[100.309134,14.492667],[100.311488,14.492541],[100.311591,14.490867],[100.313769,14.489261],[100.314519,14.487887],[100.314788,14.486871],[100.316009,14.487353],[100.318266,14.48977],[100.319636,14.48929],[100.32041,14.490032],[100.321179,14.489303],[100.321888,14.489098],[100.322787,14.490508],[100.323587,14.490458],[100.324458,14.490738],[100.326678,14.489903],[100.326724,14.489273],[100.326956,14.489112],[100.331267,14.489943],[100.332666,14.491167],[100.333216,14.491193],[100.335389,14.492297],[100.339101,14.49331],[100.33903,14.493645],[100.339243,14.493783],[100.340877,14.493967],[100.341317,14.494442],[100.345766,14.495159],[100.345383,14.497087],[100.346919,14.49694],[100.347089,14.497697],[100.348041,14.498401],[100.348509,14.498436],[100.34893,14.497977],[100.35052,14.498433],[100.3509455445454,14.497483593096407],[100.350749,14.497308],[100.351637,14.496457],[100.352949,14.493867],[100.352307,14.492834],[100.347536,14.488576],[100.341037,14.486971],[100.34091,14.486711],[100.341361,14.484861],[100.341583,14.484865],[100.341278,14.484846],[100.341386,14.482895],[100.349834,14.46187],[100.350949,14.462023]]],[[[100.350994,14.497391],[100.3509455445454,14.497483593096407],[100.350946,14.497484],[100.350994,14.497391]]]]},"bbox":[100.281595,14.437351,100.355126,14.498465]},{"type":"Feature","id":"300e5f60-963e-411f-bd84-ae47b24eec17","properties":{"id":"300e5f60-963e-411f-bd84-ae47b24eec17","code":"05140901","provinceCode":"14","nameTh":"เทศบาลตำบล ภาชี","nameEn":null,"geometryType":"MUNICIPALITY","sourceUrl":"https://landometer.com/api/v2/citymeter-v3/grocery/info/geom/300e5f60-963e-411f-bd84-ae47b24eec17/MUNICIPALITY","sourceSha256":"96341ea9b9c44bb913a05afb45972545118fbe45f8eb0121ba3106882bd9d1b1","retrievedAt":"2026-10-04T05:42:27.455730+00:00","boundaryVintage":null,"geometryStatus":"native_source_polygon_display_simplified","simplificationToleranceDegrees":0.00015,"simplificationPreservesTopology":true,"invalidSourceRepair":"make_valid; retain polygonal components; discard zero-area collapsed lines","legalBoundaryIndependentlyVerified":false,"areaId":"300e5f60-963e-411f-bd84-ae47b24eec17"},"geometry":{"type":"Polygon","coordinates":[[[100.738982,14.433468],[100.736418,14.426989],[100.728956,14.428283],[100.726323,14.432789],[100.724573,14.433683],[100.717813,14.436072],[100.715508,14.441211],[100.712137,14.439084],[100.707415,14.444826],[100.728862,14.459436],[100.742214,14.44151],[100.745533,14.438396],[100.738982,14.433468]]]},"bbox":[100.707415,14.426989,100.745533,14.459436]},{"type":"Feature","id":"90c2edc8-71c0-4fcb-9056-4384b34d1d87","properties":{"id":"90c2edc8-71c0-4fcb-9056-4384b34d1d87","code":"05141001","provinceCode":"14","nameTh":"เทศบาลตำบล ลาดบัวหลวง","nameEn":null,"geometryType":"MUNICIPALITY","sourceUrl":"https://landometer.com/api/v2/citymeter-v3/grocery/info/geom/90c2edc8-71c0-4fcb-9056-4384b34d1d87/MUNICIPALITY","sourceSha256":"db4ea5419564ba75d27de2f145f2563228adb1b2e782064f014d09fe69644b3d","retrievedAt":"2026-10-04T05:42:27.457574+00:00","boundaryVintage":null,"geometryStatus":"native_source_polygon_display_simplified","simplificationToleranceDegrees":0.00015,"simplificationPreservesTopology":true,"invalidSourceRepair":"make_valid; retain polygonal components; discard zero-area collapsed lines","legalBoundaryIndependentlyVerified":false,"areaId":"90c2edc8-71c0-4fcb-9056-4384b34d1d87"},"geometry":{"type":"Polygon","coordinates":[[[100.329297,14.169722],[100.327316,14.160567],[100.286227,14.169361],[100.292178,14.168597],[100.296678,14.176741],[100.329297,14.169722]]]},"bbox":[100.286227,14.160567,100.329297,14.176741]},{"type":"Feature","id":"3d112b49-a68f-44f2-8516-91cc6728b381","properties":{"id":"3d112b49-a68f-44f2-8516-91cc6728b381","code":"05141002","provinceCode":"14","nameTh":"เทศบาลตำบล สามเมือง","nameEn":null,"geometryType":"MUNICIPALITY","sourceUrl":"https://landometer.com/api/v2/citymeter-v3/grocery/info/geom/3d112b49-a68f-44f2-8516-91cc6728b381/MUNICIPALITY","sourceSha256":"09de3a34fb901da538007e8d2d1aa5bf9362800331c09d8a1b6af46f08d3f034","retrievedAt":"2026-10-04T05:42:27.457660+00:00","boundaryVintage":null,"geometryStatus":"native_source_polygon_display_simplified","simplificationToleranceDegrees":0.00015,"simplificationPreservesTopology":true,"invalidSourceRepair":"make_valid; retain polygonal components; discard zero-area collapsed lines","legalBoundaryIndependentlyVerified":false,"areaId":"3d112b49-a68f-44f2-8516-91cc6728b381"},"geometry":{"type":"Polygon","coordinates":[[[100.340493,14.121401],[100.335948,14.126761],[100.333147,14.128932],[100.32084,14.129636],[100.308209,14.136429],[100.300024,14.140222],[100.298034,14.140187],[100.296063,14.139313],[100.293099,14.136048],[100.289446,14.1329],[100.285453,14.129611],[100.279484,14.125172],[100.281486,14.140754],[100.284196,14.169796],[100.327316,14.160567],[100.350492,14.155872],[100.344832,14.114421],[100.343832,14.115157],[100.340493,14.121401]]]},"bbox":[100.279484,14.114421,100.350492,14.169796]},{"type":"Feature","id":"6e51ece1-1986-4001-8d9a-e63e7fc147f8","properties":{"id":"6e51ece1-1986-4001-8d9a-e63e7fc147f8","code":"05141202","provinceCode":"14","nameTh":"เทศบาลตำบล หัวเวียง","nameEn":null,"geometryType":"MUNICIPALITY","sourceUrl":"https://landometer.com/api/v2/citymeter-v3/grocery/info/geom/6e51ece1-1986-4001-8d9a-e63e7fc147f8/MUNICIPALITY","sourceSha256":"3e887fd40ec9e1f517840ff3076479dfdb3aec6839a01ec64c121fbe1c4c40e7","retrievedAt":"2026-10-04T05:42:27.458047+00:00","boundaryVintage":null,"geometryStatus":"native_source_polygon_display_simplified","simplificationToleranceDegrees":0.00015,"simplificationPreservesTopology":true,"invalidSourceRepair":"make_valid; retain polygonal components; discard zero-area collapsed lines","legalBoundaryIndependentlyVerified":false,"areaId":"6e51ece1-1986-4001-8d9a-e63e7fc147f8"},"geometry":{"type":"Polygon","coordinates":[[[100.416282,14.396396],[100.416983,14.389897],[100.415925,14.374831],[100.416458,14.371661],[100.416812,14.370953],[100.417811,14.370365],[100.417779,14.368504],[100.418661,14.367752],[100.418768,14.366853],[100.420901,14.36715],[100.420786,14.367943],[100.421493,14.368219],[100.425362,14.367731],[100.435057,14.365481],[100.436324,14.364873],[100.436731,14.364069],[100.416474,14.359846],[100.416153,14.361393],[100.415745,14.361627],[100.415244,14.360848],[100.416016,14.362049],[100.411198,14.365891],[100.41022,14.364587],[100.405511,14.365777],[100.385858,14.365032],[100.380821,14.366552],[100.373393,14.364701],[100.374587,14.362919],[100.371348,14.366266],[100.370717,14.365982],[100.367367,14.375544],[100.371333,14.38146],[100.374726,14.38909],[100.373219,14.402333],[100.389131,14.402177],[100.391612,14.402363],[100.400997,14.404453],[100.404158,14.40539],[100.404469,14.404238],[100.409168,14.406191],[100.410451,14.403506],[100.411649,14.404003],[100.412808,14.401795],[100.413288,14.401903],[100.413634,14.400948],[100.416282,14.396396]]]},"bbox":[100.367367,14.359846,100.436741,14.406191]},{"type":"Feature","id":"e2e718ed-bbe9-47bf-89e7-79cc00afd355","properties":{"id":"e2e718ed-bbe9-47bf-89e7-79cc00afd355","code":"05141203","provinceCode":"14","nameTh":"เทศบาลตำบล เจ้าเจ็ด","nameEn":null,"geometryType":"MUNICIPALITY","sourceUrl":"https://landometer.com/api/v2/citymeter-v3/grocery/info/geom/e2e718ed-bbe9-47bf-89e7-79cc00afd355/MUNICIPALITY","sourceSha256":"8e65819ffafa3ecaafdda7d346322e3981ea403fe013edc91484eec04eaf37e0","retrievedAt":"2026-10-04T05:42:27.458084+00:00","boundaryVintage":null,"geometryStatus":"native_source_polygon_display_simplified","simplificationToleranceDegrees":0.00015,"simplificationPreservesTopology":true,"invalidSourceRepair":"make_valid; retain polygonal components; discard zero-area collapsed lines","legalBoundaryIndependentlyVerified":false,"areaId":"e2e718ed-bbe9-47bf-89e7-79cc00afd355"},"geometry":{"type":"MultiPolygon","coordinates":[[[[100.389348,14.308618],[100.387958,14.30803],[100.387622,14.306881],[100.385307,14.306089],[100.384964,14.304915],[100.383807,14.304519],[100.383463,14.303345],[100.382306,14.302949],[100.381963,14.301775],[100.380805,14.301379],[100.380462,14.300204],[100.379304,14.299808],[100.379042,14.298662],[100.3734,14.296732],[100.374303,14.297041],[100.374655,14.298099],[100.373076,14.297678],[100.372331,14.297725],[100.373426,14.299243],[100.37367,14.299995],[100.372429,14.29957],[100.37271,14.300723],[100.371503,14.30031],[100.370689,14.300385],[100.371361,14.301508],[100.371466,14.302411],[100.366093,14.300573],[100.365991,14.300901],[100.365625,14.300715],[100.357985,14.325517],[100.3575,14.324831],[100.354684,14.333885],[100.354869,14.334688],[100.355639,14.334182],[100.363252,14.342264],[100.376837,14.337223],[100.387743,14.336803],[100.387412,14.333862],[100.392015,14.326225],[100.391863,14.324952],[100.392049,14.317408],[100.388957,14.317016],[100.389348,14.308618]]],[[[100.391863,14.324952],[100.39202,14.32494],[100.39202,14.324921],[100.391863,14.324952]]]]},"bbox":[100.354684,14.296732,100.392049,14.342264]},{"type":"Feature","id":"8201cf6a-a617-4493-828e-1b06c782091e","properties":{"id":"8201cf6a-a617-4493-828e-1b06c782091e","code":"05141204","provinceCode":"14","nameTh":"เทศบาลตำบล สามกอ","nameEn":null,"geometryType":"MUNICIPALITY","sourceUrl":"https://landometer.com/api/v2/citymeter-v3/grocery/info/geom/8201cf6a-a617-4493-828e-1b06c782091e/MUNICIPALITY","sourceSha256":"6e49b3a4be95105c1d3b4d924b7d9c18b8676e44b297aee0c58a26a46a3a5f26","retrievedAt":"2026-10-04T05:42:27.458334+00:00","boundaryVintage":null,"geometryStatus":"native_source_polygon_display_simplified","simplificationToleranceDegrees":0.00015,"simplificationPreservesTopology":true,"invalidSourceRepair":"make_valid; retain polygonal components; discard zero-area collapsed lines","legalBoundaryIndependentlyVerified":false,"areaId":"8201cf6a-a617-4493-828e-1b06c782091e"},"geometry":{"type":"Polygon","coordinates":[[[100.384125,14.284046],[100.383854,14.284046],[100.383634,14.285046],[100.382634,14.285045],[100.382687,14.287045],[100.381687,14.287044],[100.381714,14.288044],[100.380713,14.288044],[100.38074,14.289044],[100.37974,14.289043],[100.379766,14.290043],[100.369252,14.290035],[100.374303,14.297041],[100.379042,14.298662],[100.379304,14.299808],[100.380462,14.300204],[100.380805,14.301379],[100.381963,14.301775],[100.382306,14.302949],[100.383463,14.303345],[100.383807,14.304519],[100.384964,14.304915],[100.385307,14.306089],[100.387622,14.306881],[100.387958,14.30803],[100.389348,14.308618],[100.388957,14.317016],[100.392049,14.317408],[100.391863,14.324952],[100.403322,14.324082],[100.406958,14.326011],[100.410175,14.31535],[100.408837,14.310967],[100.413105,14.304868],[100.411832,14.301032],[100.41285,14.291078],[100.384621,14.284526],[100.38463,14.284874],[100.384233,14.284589],[100.384125,14.284046]]]},"bbox":[100.369252,14.284046,100.413105,14.326011]},{"type":"Feature","id":"b75e5d67-0266-4a9d-969f-4d919e6e0e6f","properties":{"id":"b75e5d67-0266-4a9d-969f-4d919e6e0e6f","code":"05141205","provinceCode":"14","nameTh":"เทศบาลตำบล บางนมโค","nameEn":null,"geometryType":"MUNICIPALITY","sourceUrl":"https://landometer.com/api/v2/citymeter-v3/grocery/info/geom/b75e5d67-0266-4a9d-969f-4d919e6e0e6f/MUNICIPALITY","sourceSha256":"b3255b0fdd5e5f4d8663b4bd7d7b5360c0a31224e7643aa2e67492941c5a58f6","retrievedAt":"2026-10-04T05:42:27.457857+00:00","boundaryVintage":null,"geometryStatus":"native_source_polygon_display_simplified","simplificationToleranceDegrees":0.00015,"simplificationPreservesTopology":true,"invalidSourceRepair":"make_valid; retain polygonal components; discard zero-area collapsed lines","legalBoundaryIndependentlyVerified":false,"areaId":"b75e5d67-0266-4a9d-969f-4d919e6e0e6f"},"geometry":{"type":"Polygon","coordinates":[[[100.430387,14.296704],[100.430786,14.294411],[100.430824,14.292104],[100.431992,14.291935],[100.432019,14.29136],[100.433124,14.291234],[100.433443,14.288254],[100.434004,14.286087],[100.433827,14.284179],[100.436672,14.279303],[100.436673,14.278023],[100.436264,14.276021],[100.434826,14.274128],[100.434941,14.269537],[100.435862,14.266806],[100.436659,14.266311],[100.436576,14.266053],[100.435743,14.265755],[100.422546,14.267259],[100.422155,14.26831],[100.421919,14.268337],[100.421932,14.274714],[100.418922,14.275697],[100.417963,14.274986],[100.417566,14.275298],[100.418321,14.27605],[100.419462,14.28366],[100.416047,14.287536],[100.413819,14.287401],[100.412786,14.291022],[100.411832,14.290782],[100.41285,14.291078],[100.411832,14.301032],[100.413105,14.304868],[100.408837,14.310967],[100.410175,14.31535],[100.40903,14.319213],[100.424231,14.323471],[100.423741,14.327778],[100.427159,14.328972],[100.427837,14.327398],[100.428597,14.32672],[100.428732,14.326259],[100.431479,14.312071],[100.432008,14.307273],[100.430733,14.303572],[100.430321,14.300885],[100.43009,14.300527],[100.430322,14.299634],[100.430387,14.296704]]]},"bbox":[100.408837,14.265755,100.436688,14.328972]},{"type":"Feature","id":"e46120ed-8a0f-4128-8eb8-4ab0989d3662","properties":{"id":"e46120ed-8a0f-4128-8eb8-4ab0989d3662","code":"05141301","provinceCode":"14","nameTh":"เทศบาลตำบล บางซ้าย","nameEn":null,"geometryType":"MUNICIPALITY","sourceUrl":"https://landometer.com/api/v2/citymeter-v3/grocery/info/geom/e46120ed-8a0f-4128-8eb8-4ab0989d3662/MUNICIPALITY","sourceSha256":"f0618dfc42f808dab1da6679f7ea23e9947a47f237a1d5b79ff05e30103dce4d","retrievedAt":"2026-10-04T05:42:27.458329+00:00","boundaryVintage":null,"geometryStatus":"native_source_polygon_display_simplified","simplificationToleranceDegrees":0.00015,"simplificationPreservesTopology":true,"invalidSourceRepair":"make_valid; retain polygonal components; discard zero-area collapsed lines","legalBoundaryIndependentlyVerified":false,"areaId":"e46120ed-8a0f-4128-8eb8-4ab0989d3662"},"geometry":{"type":"Polygon","coordinates":[[[100.309483,14.337745],[100.311414,14.333574],[100.315431,14.334844],[100.319393,14.333434],[100.321867,14.331299],[100.322247,14.328571],[100.329689,14.331379],[100.335925,14.327533],[100.352577,14.330304],[100.353992,14.329561],[100.355655,14.327504],[100.354539,14.323001],[100.333324,14.318975],[100.329118,14.321498],[100.316215,14.321548],[100.314628,14.326132],[100.306944,14.325761],[100.300838,14.332763],[100.27923,14.346201],[100.278159,14.345655],[100.27842,14.345916],[100.275459,14.347047],[100.275444,14.34775],[100.274625,14.348024],[100.275215,14.351883],[100.274449,14.351883],[100.274461,14.352417],[100.274025,14.352448],[100.274049,14.353445],[100.272808,14.353296],[100.273135,14.355201],[100.272913,14.356785],[100.274866,14.35695],[100.284132,14.354033],[100.305378,14.340745],[100.309483,14.337745]]]},"bbox":[100.272808,14.318975,100.355655,14.35695]},{"type":"Feature","id":"255e5676-f1dc-47f0-a823-512cbf0daf8d","properties":{"id":"255e5676-f1dc-47f0-a823-512cbf0daf8d","code":"05141401","provinceCode":"14","nameTh":"เทศบาลตำบล อุทัย","nameEn":null,"geometryType":"MUNICIPALITY","sourceUrl":"https://landometer.com/api/v2/citymeter-v3/grocery/info/geom/255e5676-f1dc-47f0-a823-512cbf0daf8d/MUNICIPALITY","sourceSha256":"6167810378482416fca94a527985f97aab67408250e4b7b984aaa55c41f7a7e1","retrievedAt":"2026-10-04T05:42:27.536933+00:00","boundaryVintage":null,"geometryStatus":"native_source_polygon_display_simplified","simplificationToleranceDegrees":0.00015,"simplificationPreservesTopology":true,"invalidSourceRepair":"make_valid; retain polygonal components; discard zero-area collapsed lines","legalBoundaryIndependentlyVerified":false,"areaId":"255e5676-f1dc-47f0-a823-512cbf0daf8d"},"geometry":{"type":"Polygon","coordinates":[[[100.669729,14.344087],[100.666648,14.342931],[100.662394,14.35415],[100.66081,14.353954],[100.65822,14.364199],[100.660744,14.36779],[100.677219,14.370759],[100.676402,14.3703],[100.679459,14.358352],[100.67182,14.349147],[100.669729,14.344087]]]},"bbox":[100.65822,14.342931,100.679459,14.370759]},{"type":"Feature","id":"87d78e4a-7fc1-4415-af48-fbe2b364669a","properties":{"id":"87d78e4a-7fc1-4415-af48-fbe2b364669a","code":"05141501","provinceCode":"14","nameTh":"เทศบาลตำบล มหาราช","nameEn":null,"geometryType":"MUNICIPALITY","sourceUrl":"https://landometer.com/api/v2/citymeter-v3/grocery/info/geom/87d78e4a-7fc1-4415-af48-fbe2b364669a/MUNICIPALITY","sourceSha256":"ac5a6c2e582e12a445ba81b3554b0e6271c703a0d5f1fa0186538b261c05a91b","retrievedAt":"2026-10-04T05:42:27.534424+00:00","boundaryVintage":null,"geometryStatus":"native_source_polygon_display_simplified","simplificationToleranceDegrees":0.00015,"simplificationPreservesTopology":true,"invalidSourceRepair":"make_valid; retain polygonal components; discard zero-area collapsed lines","legalBoundaryIndependentlyVerified":false,"areaId":"87d78e4a-7fc1-4415-af48-fbe2b364669a"},"geometry":{"type":"MultiPolygon","coordinates":[[[[100.543836,14.557181],[100.54670273436236,14.556952334379247],[100.546513,14.55595],[100.551894,14.553476],[100.55098,14.551689],[100.552144,14.548945],[100.548745,14.545462],[100.548816,14.54205],[100.544259,14.540596],[100.539333,14.534405],[100.536891,14.53682],[100.536391,14.535948],[100.539272,14.533769],[100.537147,14.532029],[100.536844,14.529088],[100.537797,14.528582],[100.537902,14.5296],[100.537718,14.527816],[100.53758,14.527565],[100.539338,14.526611],[100.538581,14.525563],[100.538722,14.525699],[100.539192,14.524926],[100.537327,14.525433],[100.534224,14.525663],[100.531229,14.525516],[100.528979,14.524982],[100.524792,14.523268],[100.524393,14.52293],[100.524466,14.521941],[100.522482,14.521551],[100.522607,14.520507],[100.521372,14.519944],[100.518975,14.520982],[100.516386,14.522569],[100.514544,14.524339],[100.513416,14.526866],[100.514093,14.52878],[100.514917,14.530211],[100.515988,14.530862],[100.516115,14.531752],[100.513573,14.533053],[100.511701,14.53219],[100.510787,14.532464],[100.510267,14.532789],[100.512189,14.533908],[100.510904,14.537241],[100.512866,14.537697],[100.510176,14.544459],[100.511651,14.545248],[100.51092,14.547371],[100.513789,14.547461],[100.515558,14.55068],[100.514108,14.552921],[100.518283,14.552004],[100.521957,14.55641],[100.521811,14.566871],[100.524619,14.566217],[100.523655,14.56148],[100.526425,14.561513],[100.527396,14.559195],[100.529331,14.560542],[100.534599,14.557165],[100.537714,14.557051],[100.537603,14.555181],[100.542137,14.554968],[100.543836,14.557181]]],[[[100.546732,14.55695],[100.54670273436236,14.556952334379247],[100.546703,14.556953],[100.546732,14.55695]]],[[[100.521811,14.566871],[100.521551,14.563301],[100.521475,14.562264],[100.521811,14.566871]]]]},"bbox":[100.510176,14.519944,100.552144,14.566871]},{"type":"Feature","id":"179b7f7d-64fe-4cfe-b3c6-6b84246f2e39","properties":{"id":"179b7f7d-64fe-4cfe-b3c6-6b84246f2e39","code":"05141502","provinceCode":"14","nameTh":"เทศบาลตำบล โรงช้าง","nameEn":null,"geometryType":"MUNICIPALITY","sourceUrl":"https://landometer.com/api/v2/citymeter-v3/grocery/info/geom/179b7f7d-64fe-4cfe-b3c6-6b84246f2e39/MUNICIPALITY","sourceSha256":"57a431b4baa2954cf37441846667859fa6e23a91516bc2428958538b7f927fe0","retrievedAt":"2026-10-04T05:42:27.534785+00:00","boundaryVintage":null,"geometryStatus":"native_source_polygon_display_simplified","simplificationToleranceDegrees":0.00015,"simplificationPreservesTopology":true,"invalidSourceRepair":"make_valid; retain polygonal components; discard zero-area collapsed lines","legalBoundaryIndependentlyVerified":false,"areaId":"179b7f7d-64fe-4cfe-b3c6-6b84246f2e39"},"geometry":{"type":"Polygon","coordinates":[[[100.528766,14.618109],[100.531022,14.620002],[100.53279,14.619594],[100.534517,14.619538],[100.542654,14.619851],[100.557034,14.621784],[100.574467,14.623403],[100.576168,14.623391],[100.581986,14.624407],[100.582602,14.623267],[100.582559,14.622726],[100.581584,14.621344],[100.580136,14.620169],[100.579974,14.619755],[100.582349,14.61643],[100.583194,14.616075],[100.583192,14.614522],[100.582709,14.613577],[100.582198,14.613149],[100.578743,14.611212],[100.577707,14.610029],[100.576814,14.604947],[100.576669,14.602765],[100.576837,14.60238],[100.578769,14.601526],[100.579089,14.600388],[100.579034,14.599563],[100.578624,14.598774],[100.577833,14.598219],[100.577284,14.598241],[100.575861,14.59911],[100.574944,14.598759],[100.575168,14.597931],[100.574934,14.597871],[100.57383,14.590042],[100.571737,14.589952],[100.570191,14.586204],[100.57221,14.58542],[100.571512,14.582107],[100.568541,14.583779],[100.562557,14.577257],[100.560083,14.577895],[100.560548,14.580584],[100.557885,14.574768],[100.556597,14.575327],[100.558325,14.573692],[100.556948,14.571253],[100.55945,14.568806],[100.557992,14.565856],[100.561276,14.564755],[100.561534,14.561158],[100.556675,14.560255],[100.557093,14.556964],[100.547946,14.557364],[100.547747,14.556869],[100.543836,14.557181],[100.542137,14.554968],[100.537603,14.555181],[100.537714,14.557051],[100.537529,14.557058],[100.537917,14.557973],[100.538149,14.557865],[100.538408,14.559135],[100.531496,14.561553],[100.528254,14.564703],[100.526902,14.570529],[100.521119,14.579847],[100.520418,14.582763],[100.523909,14.587894],[100.524152,14.591336],[100.522536,14.592051],[100.520371,14.592321],[100.520187,14.594918],[100.522121,14.594828],[100.522524,14.596974],[100.519917,14.598349],[100.521551,14.5983],[100.521742,14.603264],[100.529507,14.614662],[100.528766,14.618109]]]},"bbox":[100.519917,14.554968,100.583281,14.624407]},{"type":"Feature","id":"65a2951c-5927-47a2-85c4-c67033e0e60d","properties":{"id":"65a2951c-5927-47a2-85c4-c67033e0e60d","code":"05141601","provinceCode":"14","nameTh":"เทศบาลตำบล บ้านแพรก","nameEn":null,"geometryType":"MUNICIPALITY","sourceUrl":"https://landometer.com/api/v2/citymeter-v3/grocery/info/geom/65a2951c-5927-47a2-85c4-c67033e0e60d/MUNICIPALITY","sourceSha256":"87befb477ba15ae9af142f77e47e37121c431197ad0de05fad77542ed8118cf8","retrievedAt":"2026-10-04T05:42:27.539064+00:00","boundaryVintage":null,"geometryStatus":"native_source_polygon_display_simplified","simplificationToleranceDegrees":0.00015,"simplificationPreservesTopology":true,"invalidSourceRepair":"make_valid; retain polygonal components; discard zero-area collapsed lines","legalBoundaryIndependentlyVerified":false,"areaId":"65a2951c-5927-47a2-85c4-c67033e0e60d"},"geometry":{"type":"Polygon","coordinates":[[[100.567509,14.637582],[100.564272,14.638665],[100.570756,14.646763],[100.576633,14.649319],[100.578479,14.645373],[100.577562,14.643033],[100.567509,14.637582]]]},"bbox":[100.564272,14.637582,100.578479,14.649319]},{"type":"Feature","id":"03f79bd3-48a3-48f4-b269-3536b5a68db9","properties":{"id":"03f79bd3-48a3-48f4-b269-3536b5a68db9","code":"06140104","provinceCode":"14","nameTh":"องค์การบริหารส่วนตำบล เกาะเรียน","nameEn":null,"geometryType":"MUNICIPALITY","sourceUrl":"https://landometer.com/api/v2/citymeter-v3/grocery/info/geom/03f79bd3-48a3-48f4-b269-3536b5a68db9/MUNICIPALITY","sourceSha256":"72ac83ab91ff7eff436af845f90ecb1ed5860b526984603b77d3a48563ab3563","retrievedAt":"2026-10-04T05:42:27.541310+00:00","boundaryVintage":null,"geometryStatus":"native_source_polygon_display_simplified","simplificationToleranceDegrees":0.00015,"simplificationPreservesTopology":true,"invalidSourceRepair":"make_valid; retain polygonal components; discard zero-area collapsed lines","legalBoundaryIndependentlyVerified":false,"areaId":"03f79bd3-48a3-48f4-b269-3536b5a68db9"},"geometry":{"type":"Polygon","coordinates":[[[100.586735,14.303705],[100.566159,14.304641],[100.565692,14.302372],[100.564671,14.302591],[100.563151,14.302372],[100.56242,14.301158],[100.562526,14.300269],[100.561111,14.300112],[100.560794,14.29907],[100.558838,14.299023],[100.558452,14.299955],[100.557769,14.300272],[100.556992,14.299541],[100.557499,14.299085],[100.556584,14.298223],[100.556379,14.299048],[100.554126,14.299148],[100.55378,14.299801],[100.553469,14.299758],[100.55326,14.299216],[100.552594,14.299311],[100.550957,14.300846],[100.550629,14.300483],[100.549619,14.300143],[100.54869,14.300671],[100.547701,14.310875],[100.552779,14.318172],[100.555231,14.317263],[100.556027,14.314053],[100.565589,14.316689],[100.568571,14.315862],[100.574969,14.328295],[100.574584,14.328575],[100.574688,14.328796],[100.575033,14.328613],[100.575632,14.330792],[100.576341,14.332291],[100.579765,14.333295],[100.581403,14.337385],[100.583592,14.338282],[100.584862,14.343406],[100.5855,14.342681],[100.585722,14.341166],[100.590861,14.341922],[100.591689,14.338914],[100.612606,14.327272],[100.616332,14.327374],[100.61675,14.336761],[100.617032,14.33575],[100.617782,14.334771],[100.620001,14.332988],[100.629704,14.323369],[100.624492,14.323228],[100.611678,14.324067],[100.604407,14.324222],[100.601961,14.323752],[100.601005,14.323369],[100.601048,14.32305],[100.60082,14.322936],[100.594955,14.321701],[100.590235,14.32037],[100.588826,14.320448],[100.584619,14.32135],[100.586735,14.303705]]]},"bbox":[100.547701,14.298222,100.629704,14.343406]},{"type":"Feature","id":"8b1b570c-3ba6-45b2-82bd-261b3a18eddb","properties":{"id":"8b1b570c-3ba6-45b2-82bd-261b3a18eddb","code":"06140105","provinceCode":"14","nameTh":"องค์การบริหารส่วนตำบล คลองตะเคียน","nameEn":null,"geometryType":"MUNICIPALITY","sourceUrl":"https://landometer.com/api/v2/citymeter-v3/grocery/info/geom/8b1b570c-3ba6-45b2-82bd-261b3a18eddb/MUNICIPALITY","sourceSha256":"0419cee48a463500a235ae295fb3b4fb3e7e4f9c5496d3f46c0bc8f7c3248854","retrievedAt":"2026-10-04T05:42:27.539260+00:00","boundaryVintage":null,"geometryStatus":"native_source_polygon_display_simplified","simplificationToleranceDegrees":0.00015,"simplificationPreservesTopology":true,"invalidSourceRepair":"make_valid; retain polygonal components; discard zero-area collapsed lines","legalBoundaryIndependentlyVerified":false,"areaId":"8b1b570c-3ba6-45b2-82bd-261b3a18eddb"},"geometry":{"type":"Polygon","coordinates":[[[100.574969,14.328295],[100.568571,14.315862],[100.565589,14.316689],[100.556027,14.314053],[100.555231,14.317263],[100.553137,14.318478],[100.556844,14.321849],[100.559255,14.328794],[100.570731,14.330499],[100.570999,14.330744],[100.571728,14.330648],[100.574969,14.328295]]]},"bbox":[100.553137,14.314053,100.574969,14.330744]},{"type":"Feature","id":"cfe3c71e-a203-4a81-bfc2-7f88e1a74c3e","properties":{"id":"cfe3c71e-a203-4a81-bfc2-7f88e1a74c3e","code":"06140106","provinceCode":"14","nameTh":"องค์การบริหารส่วนตำบล คลองสระบัว","nameEn":null,"geometryType":"MUNICIPALITY","sourceUrl":"https://landometer.com/api/v2/citymeter-v3/grocery/info/geom/cfe3c71e-a203-4a81-bfc2-7f88e1a74c3e/MUNICIPALITY","sourceSha256":"74f8900ccce8edfae3a532cfaa97cbd8f8ab9f67e15ff3a443129e7b84b8996d","retrievedAt":"2026-10-04T05:42:27.542120+00:00","boundaryVintage":null,"geometryStatus":"native_source_polygon_display_simplified","simplificationToleranceDegrees":0.00015,"simplificationPreservesTopology":true,"invalidSourceRepair":"make_valid; retain polygonal components; discard zero-area collapsed lines","legalBoundaryIndependentlyVerified":false,"areaId":"cfe3c71e-a203-4a81-bfc2-7f88e1a74c3e"},"geometry":{"type":"Polygon","coordinates":[[[100.565159,14.364709],[100.554383,14.363107],[100.554087,14.363702],[100.555057,14.364218],[100.554674,14.370466],[100.557456,14.375717],[100.557906,14.380296],[100.557234,14.381028],[100.557696,14.381227],[100.562389,14.377091],[100.561792,14.377303],[100.569212,14.374667],[100.5631,14.36874],[100.565159,14.364709]]]},"bbox":[100.554077,14.363107,100.569212,14.381227]},{"type":"Feature","id":"72bf9d72-0bbb-4bea-a271-3bd455c42950","properties":{"id":"72bf9d72-0bbb-4bea-a271-3bd455c42950","code":"06140107","provinceCode":"14","nameTh":"องค์การบริหารส่วนตำบล บ้านเกาะ","nameEn":null,"geometryType":"MUNICIPALITY","sourceUrl":"https://landometer.com/api/v2/citymeter-v3/grocery/info/geom/72bf9d72-0bbb-4bea-a271-3bd455c42950/MUNICIPALITY","sourceSha256":"d33cf2b36a787e8d645be623234bb0eab35f0e1a4f43d64fcb59a77c18666124","retrievedAt":"2026-10-04T05:42:27.534300+00:00","boundaryVintage":null,"geometryStatus":"native_source_polygon_display_simplified","simplificationToleranceDegrees":0.00015,"simplificationPreservesTopology":true,"invalidSourceRepair":"make_valid; retain polygonal components; discard zero-area collapsed lines","legalBoundaryIndependentlyVerified":false,"areaId":"72bf9d72-0bbb-4bea-a271-3bd455c42950"},"geometry":{"type":"Polygon","coordinates":[[[100.575402,14.396598],[100.576092,14.394439],[100.576689,14.395053],[100.577885,14.396604],[100.58017,14.397649],[100.58244,14.397074],[100.583225,14.396627],[100.584664,14.397575],[100.584919,14.397401],[100.58485,14.396633],[100.585531,14.395868],[100.589897,14.395733],[100.593754,14.395215],[100.597543,14.395216],[100.609543,14.394014],[100.614638,14.39323],[100.614898,14.392015],[100.614804,14.391591],[100.614331,14.39287],[100.590929,14.380391],[100.588458,14.374627],[100.588001,14.374441],[100.587793,14.374478],[100.588176,14.375425],[100.585635,14.375876],[100.587127,14.378104],[100.582773,14.377824],[100.584277,14.376173],[100.582455,14.377103],[100.582709,14.378663],[100.572928,14.376651],[100.559813,14.400319],[100.559683,14.403661],[100.558973,14.404409],[100.559636,14.404103],[100.561234,14.404603],[100.56169,14.405018],[100.562542,14.405099],[100.574463,14.404702],[100.575402,14.396598]]]},"bbox":[100.558973,14.374441,100.614898,14.405119]},{"type":"Feature","id":"86c4bdb0-7440-46d4-b58f-c0be8d230bc3","properties":{"id":"86c4bdb0-7440-46d4-b58f-c0be8d230bc3","code":"06140108","provinceCode":"14","nameTh":"องค์การบริหารส่วนตำบล บ้านป้อม","nameEn":null,"geometryType":"MUNICIPALITY","sourceUrl":"https://landometer.com/api/v2/citymeter-v3/grocery/info/geom/86c4bdb0-7440-46d4-b58f-c0be8d230bc3/MUNICIPALITY","sourceSha256":"210348481d624f6d2ac109c689883cf9c98082a14d7b16e01bc256cd16daf938","retrievedAt":"2026-10-04T05:42:27.629447+00:00","boundaryVintage":null,"geometryStatus":"native_source_polygon_display_simplified","simplificationToleranceDegrees":0.00015,"simplificationPreservesTopology":true,"invalidSourceRepair":"make_valid; retain polygonal components; discard zero-area collapsed lines","legalBoundaryIndependentlyVerified":false,"areaId":"86c4bdb0-7440-46d4-b58f-c0be8d230bc3"},"geometry":{"type":"Polygon","coordinates":[[[100.539525,14.336826],[100.532822,14.333966],[100.518733,14.323599],[100.514868,14.323595],[100.509912,14.326238],[100.509371,14.326022],[100.510431,14.326698],[100.511683,14.32703],[100.512933,14.328565],[100.51498,14.331908],[100.515783,14.334998],[100.515685,14.335557],[100.509481,14.33575],[100.510395,14.337319],[100.510058,14.337609],[100.510116,14.337978],[100.511574,14.339681],[100.512538,14.341679],[100.511921,14.342793],[100.511082,14.343414],[100.512369,14.344006],[100.513261,14.347096],[100.513863,14.346981],[100.514844,14.349225],[100.512827,14.350384],[100.512959,14.351229],[100.5139,14.35158],[100.514003,14.352278],[100.513109,14.352464],[100.513767,14.353357],[100.513473,14.35353],[100.512474,14.351841],[100.512029,14.352072],[100.514339,14.356029],[100.514998,14.356547],[100.514813,14.356991],[100.515314,14.357839],[100.515758,14.357484],[100.516012,14.357678],[100.516226,14.357475],[100.516471,14.357735],[100.516828,14.357249],[100.517594,14.358141],[100.517048,14.358445],[100.518823,14.361557],[100.520769,14.360248],[100.521098,14.360735],[100.52092,14.36088],[100.521038,14.361181],[100.519226,14.362428],[100.520477,14.364246],[100.521922,14.365078],[100.521576,14.367145],[100.521719,14.368648],[100.521409,14.369673],[100.519149,14.368924],[100.518871,14.36996],[100.518882,14.371605],[100.520399,14.371708],[100.521485,14.37287],[100.520789,14.373084],[100.518928,14.37705],[100.527517,14.372235],[100.531993,14.366826],[100.545293,14.357784],[100.546861,14.356497],[100.546396,14.352664],[100.543184,14.34666],[100.544486,14.341356],[100.539881,14.339065],[100.539525,14.336826]]]},"bbox":[100.509371,14.323595,100.546861,14.37705]},{"type":"Feature","id":"51d63a9a-71b8-45d8-a0d9-217740b56e29","properties":{"id":"51d63a9a-71b8-45d8-a0d9-217740b56e29","code":"06140109","provinceCode":"14","nameTh":"องค์การบริหารส่วนตำบล บ้านใหม่","nameEn":null,"geometryType":"MUNICIPALITY","sourceUrl":"https://landometer.com/api/v2/citymeter-v3/grocery/info/geom/51d63a9a-71b8-45d8-a0d9-217740b56e29/MUNICIPALITY","sourceSha256":"ced01f8de87505d105f6ba1dfd01ddf35f043574cafc780899884f0906abdf51","retrievedAt":"2026-10-04T05:42:27.608507+00:00","boundaryVintage":null,"geometryStatus":"native_source_polygon_display_simplified","simplificationToleranceDegrees":0.00015,"simplificationPreservesTopology":true,"invalidSourceRepair":"make_valid; retain polygonal components; discard zero-area collapsed lines","legalBoundaryIndependentlyVerified":false,"areaId":"51d63a9a-71b8-45d8-a0d9-217740b56e29"},"geometry":{"type":"MultiPolygon","coordinates":[[[[100.52078898317893,14.373084035847585],[100.521485,14.37287],[100.520789,14.373084],[100.52078898317893,14.373084035847585]]],[[[100.52811,14.402042],[100.530419,14.401739],[100.528716,14.39121],[100.537441,14.37609],[100.538552,14.373404],[100.537795,14.370165],[100.538155,14.371706],[100.537022,14.369721],[100.531993,14.366826],[100.527517,14.372235],[100.518928,14.37705],[100.52078898317893,14.373084035847585],[100.519066,14.373783],[100.516314,14.375372],[100.515376,14.374235],[100.515182,14.37439],[100.516555,14.375904],[100.51568,14.376474],[100.514213,14.374767],[100.513987,14.374927],[100.514652,14.375645],[100.51449,14.375776],[100.514728,14.376112],[100.513974,14.376785],[100.513715,14.376528],[100.513503,14.376868],[100.513404,14.376751],[100.51185,14.378778],[100.511502,14.378394],[100.511282,14.379012],[100.510757,14.379499],[100.5089,14.377766],[100.507194,14.379182],[100.507965,14.380064],[100.507331,14.380715],[100.506727,14.380064],[100.506232,14.380401],[100.504819,14.3817],[100.505069,14.381961],[100.504596,14.38239],[100.504756,14.382536],[100.504364,14.382876],[100.504135,14.382644],[100.503833,14.382913],[100.505504,14.384824],[100.505178,14.385133],[100.504757,14.3846],[100.504316,14.38496],[100.505091,14.386101],[100.504356,14.386582],[100.503002,14.385021],[100.501801,14.385608],[100.501024,14.384727],[100.500551,14.385112],[100.502169,14.387303],[100.502495,14.38841],[100.501973,14.389152],[100.501678,14.388803],[100.501374,14.389003],[100.501714,14.389404],[100.501099,14.390138],[100.501358,14.390381],[100.50091,14.391195],[100.501247,14.391597],[100.500985,14.391874],[100.501215,14.392101],[100.499805,14.39355],[100.500455,14.394282],[100.498604,14.396621],[100.499846,14.397885],[100.499356,14.398483],[100.500216,14.399379],[100.49975,14.399858],[100.498989,14.399296],[100.498815,14.401079],[100.499076,14.401852],[100.500938,14.403442],[100.502362,14.405089],[100.504949,14.405893],[100.513166,14.405098],[100.5149,14.404614],[100.517077,14.402894],[100.519071,14.402695],[100.520752,14.403848],[100.52333,14.403798],[100.523554,14.404293],[100.523187,14.405287],[100.523478,14.405666],[100.525763,14.40558],[100.526367,14.406023],[100.52663,14.406879],[100.527204,14.407112],[100.528644,14.406357],[100.529767,14.405171],[100.529728,14.404662],[100.529072,14.403969],[100.52811,14.402042]]]]},"bbox":[100.498604,14.366826,100.538552,14.407112]},{"type":"Feature","id":"10a44f58-241e-416f-bc14-06f751525775","properties":{"id":"10a44f58-241e-416f-bc14-06f751525775","code":"06140110","provinceCode":"14","nameTh":"องค์การบริหารส่วนตำบล ปากกราน","nameEn":null,"geometryType":"MUNICIPALITY","sourceUrl":"https://landometer.com/api/v2/citymeter-v3/grocery/info/geom/10a44f58-241e-416f-bc14-06f751525775/MUNICIPALITY","sourceSha256":"4a15428f5be802ae8507ee02e7f20638f0ad3ce55b38f2e8346e15ae13a00294","retrievedAt":"2026-10-04T05:42:27.622118+00:00","boundaryVintage":null,"geometryStatus":"native_source_polygon_display_simplified","simplificationToleranceDegrees":0.00015,"simplificationPreservesTopology":true,"invalidSourceRepair":"make_valid; retain polygonal components; discard zero-area collapsed lines","legalBoundaryIndependentlyVerified":false,"areaId":"10a44f58-241e-416f-bc14-06f751525775"},"geometry":{"type":"Polygon","coordinates":[[[100.550051,14.339774],[100.54896,14.339686],[100.548699,14.337842],[100.549891,14.335258],[100.564386,14.334237],[100.570991,14.330687],[100.559255,14.328794],[100.556844,14.321849],[100.553137,14.318478],[100.555231,14.317263],[100.552779,14.318172],[100.547701,14.310875],[100.548608,14.30083],[100.54813,14.300715],[100.547008,14.298692],[100.544852,14.296504],[100.541857,14.295047],[100.538611,14.294725],[100.536674,14.293907],[100.536192,14.293303],[100.535886,14.292155],[100.535997,14.290137],[100.535067,14.287537],[100.534352,14.286816],[100.534025,14.286081],[100.533308,14.283704],[100.532793,14.283151],[100.529664,14.281528],[100.527031,14.279706],[100.524955,14.288999],[100.522055,14.291902],[100.513899,14.301396],[100.514382,14.304502],[100.51508,14.305589],[100.51531,14.30661],[100.515407,14.308808],[100.515748,14.309829],[100.516352,14.310538],[100.516356,14.311067],[100.516177,14.311518],[100.515479,14.311939],[100.515115,14.313146],[100.514258,14.312818],[100.513877,14.314917],[100.513137,14.315294],[100.512691,14.315907],[100.508913,14.317883],[100.507353,14.319604],[100.507089,14.325066],[100.509912,14.326238],[100.514868,14.323595],[100.518733,14.323599],[100.532822,14.333966],[100.539525,14.336826],[100.539881,14.339065],[100.544486,14.341356],[100.547402,14.339737],[100.550051,14.339774]]]},"bbox":[100.50708,14.279706,100.570999,14.341356]},{"type":"Feature","id":"17bc89eb-edbc-4f28-8ecc-8cb280d1517f","properties":{"id":"17bc89eb-edbc-4f28-8ecc-8cb280d1517f","code":"06140111","provinceCode":"14","nameTh":"องค์การบริหารส่วนตำบล ภูเขาทอง","nameEn":null,"geometryType":"MUNICIPALITY","sourceUrl":"https://landometer.com/api/v2/citymeter-v3/grocery/info/geom/17bc89eb-edbc-4f28-8ecc-8cb280d1517f/MUNICIPALITY","sourceSha256":"0123b811f0c14d9ae3e8d6dbca0d8306ecd83a9ed126bc82af8dd070bc0b5de8","retrievedAt":"2026-10-04T05:42:27.612331+00:00","boundaryVintage":null,"geometryStatus":"native_source_polygon_display_simplified","simplificationToleranceDegrees":0.00015,"simplificationPreservesTopology":true,"invalidSourceRepair":"make_valid; retain polygonal components; discard zero-area collapsed lines","legalBoundaryIndependentlyVerified":false,"areaId":"17bc89eb-edbc-4f28-8ecc-8cb280d1517f"},"geometry":{"type":"Polygon","coordinates":[[[100.545286,14.357774],[100.531993,14.366826],[100.537022,14.369721],[100.538679,14.372624],[100.552735,14.363409],[100.551554,14.362987],[100.551929,14.362742],[100.548405,14.362218],[100.545286,14.357774]]]},"bbox":[100.531993,14.357774,100.552735,14.372624]},{"type":"Feature","id":"8754a687-2e52-4f9a-824c-05e958a1e936","properties":{"id":"8754a687-2e52-4f9a-824c-05e958a1e936","code":"06140112","provinceCode":"14","nameTh":"องค์การบริหารส่วนตำบล ลุมพลี","nameEn":null,"geometryType":"MUNICIPALITY","sourceUrl":"https://landometer.com/api/v2/citymeter-v3/grocery/info/geom/8754a687-2e52-4f9a-824c-05e958a1e936/MUNICIPALITY","sourceSha256":"a18f1e76e544eec34d97d77ba958917826f4b436557dd7b7ee40d5ca4da8b7f4","retrievedAt":"2026-10-04T05:42:27.609276+00:00","boundaryVintage":null,"geometryStatus":"native_source_polygon_display_simplified","simplificationToleranceDegrees":0.00015,"simplificationPreservesTopology":true,"invalidSourceRepair":"make_valid; retain polygonal components; discard zero-area collapsed lines","legalBoundaryIndependentlyVerified":false,"areaId":"8754a687-2e52-4f9a-824c-05e958a1e936"},"geometry":{"type":"Polygon","coordinates":[[[100.538155,14.371706],[100.538552,14.373404],[100.537441,14.37609],[100.541944,14.378686],[100.548979,14.386302],[100.55432,14.384202],[100.558898,14.380168],[100.557696,14.381227],[100.557234,14.381028],[100.557906,14.380296],[100.557456,14.375717],[100.554674,14.370466],[100.554945,14.364149],[100.552735,14.363409],[100.538679,14.372624],[100.538155,14.371706]]]},"bbox":[100.537441,14.363409,100.558898,14.386302]},{"type":"Feature","id":"f3d17e0e-1bf6-4be9-84e7-737dd8611564","properties":{"id":"f3d17e0e-1bf6-4be9-84e7-737dd8611564","code":"06140113","provinceCode":"14","nameTh":"องค์การบริหารส่วนตำบล วัดตูม","nameEn":null,"geometryType":"MUNICIPALITY","sourceUrl":"https://landometer.com/api/v2/citymeter-v3/grocery/info/geom/f3d17e0e-1bf6-4be9-84e7-737dd8611564/MUNICIPALITY","sourceSha256":"4c37711e9458a918b58c38eb9526ca10a38f046cfa5f2a9a4abc43d949c4d502","retrievedAt":"2026-10-04T05:42:27.621754+00:00","boundaryVintage":null,"geometryStatus":"native_source_polygon_display_simplified","simplificationToleranceDegrees":0.00015,"simplificationPreservesTopology":true,"invalidSourceRepair":"make_valid; retain polygonal components; discard zero-area collapsed lines","legalBoundaryIndependentlyVerified":false,"areaId":"f3d17e0e-1bf6-4be9-84e7-737dd8611564"},"geometry":{"type":"Polygon","coordinates":[[[100.537441,14.37609],[100.528716,14.39121],[100.530419,14.401739],[100.529812,14.401916],[100.530654,14.402119],[100.535088,14.40177],[100.537031,14.402512],[100.543186,14.403158],[100.543098,14.402555],[100.54424,14.401846],[100.549569,14.390262],[100.549284,14.386183],[100.548979,14.386302],[100.541944,14.378686],[100.537441,14.37609]]]},"bbox":[100.528716,14.37609,100.549569,14.403168]},{"type":"Feature","id":"a9f64b0e-bcaf-4f1a-b241-94a77516d4ee","properties":{"id":"a9f64b0e-bcaf-4f1a-b241-94a77516d4ee","code":"06140114","provinceCode":"14","nameTh":"องค์การบริหารส่วนตำบล สวนพริก","nameEn":null,"geometryType":"MUNICIPALITY","sourceUrl":"https://landometer.com/api/v2/citymeter-v3/grocery/info/geom/a9f64b0e-bcaf-4f1a-b241-94a77516d4ee/MUNICIPALITY","sourceSha256":"e700868f2ab7e825123d3586dae688a1bb1adfa0135f9dab7b981895d9e5b8ce","retrievedAt":"2026-10-04T05:42:27.621867+00:00","boundaryVintage":null,"geometryStatus":"native_source_polygon_display_simplified","simplificationToleranceDegrees":0.00015,"simplificationPreservesTopology":true,"invalidSourceRepair":"make_valid; retain polygonal components; discard zero-area collapsed lines","legalBoundaryIndependentlyVerified":false,"areaId":"a9f64b0e-bcaf-4f1a-b241-94a77516d4ee"},"geometry":{"type":"Polygon","coordinates":[[[100.57271,14.377115],[100.56899,14.373872],[100.56846,14.373938],[100.569212,14.374667],[100.562389,14.377091],[100.55432,14.384202],[100.549284,14.386183],[100.549569,14.390262],[100.54424,14.401846],[100.543098,14.402555],[100.543186,14.403158],[100.546868,14.402476],[100.548613,14.403399],[100.548226,14.404288],[100.549359,14.40465],[100.549628,14.405262],[100.55183,14.40501],[100.555186,14.405093],[100.556049,14.40469],[100.558973,14.404409],[100.559683,14.403661],[100.559813,14.400319],[100.57271,14.377115]]]},"bbox":[100.543098,14.373844,100.57271,14.405262]},{"type":"Feature","id":"17d2738e-be09-4ad4-a6ba-e393e6b4b737","properties":{"id":"17d2738e-be09-4ad4-a6ba-e393e6b4b737","code":"06140115","provinceCode":"14","nameTh":"องค์การบริหารส่วนตำบล สำเภาล่ม","nameEn":null,"geometryType":"MUNICIPALITY","sourceUrl":"https://landometer.com/api/v2/citymeter-v3/grocery/info/geom/17d2738e-be09-4ad4-a6ba-e393e6b4b737/MUNICIPALITY","sourceSha256":"c8148c421d47b8fa9bc82bb0d845b82f10e771efa30948fdd850cf138d936ac2","retrievedAt":"2026-10-04T05:42:27.616567+00:00","boundaryVintage":null,"geometryStatus":"native_source_polygon_display_simplified","simplificationToleranceDegrees":0.00015,"simplificationPreservesTopology":true,"invalidSourceRepair":"make_valid; retain polygonal components; discard zero-area collapsed lines","legalBoundaryIndependentlyVerified":false,"areaId":"17d2738e-be09-4ad4-a6ba-e393e6b4b737"},"geometry":{"type":"Polygon","coordinates":[[[100.574688,14.328796],[100.574584,14.328575],[100.571728,14.330648],[100.571302,14.330584],[100.564386,14.334237],[100.549891,14.335258],[100.548699,14.337842],[100.54896,14.339686],[100.556263,14.340272],[100.560811,14.342415],[100.571581,14.348106],[100.575813,14.346009],[100.57586,14.345525],[100.576169,14.345276],[100.576215,14.341844],[100.57696,14.335625],[100.575033,14.328613],[100.574688,14.328796]]]},"bbox":[100.548699,14.328575,100.57696,14.348106]},{"type":"Feature","id":"6b737642-4973-4ab3-b332-1b5fcb58e0ff","properties":{"id":"6b737642-4973-4ab3-b332-1b5fcb58e0ff","code":"06140116","provinceCode":"14","nameTh":"องค์การบริหารส่วนตำบล หันตรา","nameEn":null,"geometryType":"MUNICIPALITY","sourceUrl":"https://landometer.com/api/v2/citymeter-v3/grocery/info/geom/6b737642-4973-4ab3-b332-1b5fcb58e0ff/MUNICIPALITY","sourceSha256":"cdf60e33d2a9711bb39350b528ed4af3da49dddf7462365f8965921baf40dfdf","retrievedAt":"2026-10-04T05:42:27.680828+00:00","boundaryVintage":null,"geometryStatus":"native_source_polygon_display_simplified","simplificationToleranceDegrees":0.00015,"simplificationPreservesTopology":true,"invalidSourceRepair":"make_valid; retain polygonal components; discard zero-area collapsed lines","legalBoundaryIndependentlyVerified":false,"areaId":"6b737642-4973-4ab3-b332-1b5fcb58e0ff"},"geometry":{"type":"MultiPolygon","coordinates":[[[[100.587407,14.373523],[100.587191,14.37299],[100.587778,14.374441],[100.587407,14.373523]]],[[[100.614727,14.391243],[100.615664,14.388294],[100.616712,14.387322],[100.616876,14.386701],[100.616246,14.386384],[100.614848,14.384455],[100.613651,14.381961],[100.613461,14.380722],[100.613677,14.376696],[100.614672,14.373201],[100.616197,14.370401],[100.616333,14.366774],[100.614806,14.358685],[100.612702,14.359276],[100.611354,14.358811],[100.61005,14.357917],[100.606711,14.357369],[100.606774,14.357129],[100.59234,14.355992],[100.589772,14.370023],[100.591383,14.372278],[100.587938,14.373413],[100.590929,14.380391],[100.614331,14.39287],[100.614804,14.391591],[100.614727,14.391243]]],[[[100.588458,14.374627],[100.589737,14.377612],[100.587938,14.373413],[100.588308,14.374277],[100.587778,14.374441],[100.588176,14.375425],[100.587793,14.374478],[100.588458,14.374627]]]]},"bbox":[100.587191,14.355992,100.616876,14.39287]},{"type":"Feature","id":"2d194910-1f19-4134-98a4-39915babf4ed","properties":{"id":"2d194910-1f19-4134-98a4-39915babf4ed","code":"06140203","provinceCode":"14","nameTh":"องค์การบริหารส่วนตำบล จำปา","nameEn":null,"geometryType":"MUNICIPALITY","sourceUrl":"https://landometer.com/api/v2/citymeter-v3/grocery/info/geom/2d194910-1f19-4134-98a4-39915babf4ed/MUNICIPALITY","sourceSha256":"e3b3037c6f5bc121957279bd127310942fd39d03f0a930d0599fd0950355a54a","retrievedAt":"2026-10-04T05:42:27.686270+00:00","boundaryVintage":null,"geometryStatus":"native_source_polygon_display_simplified","simplificationToleranceDegrees":0.00015,"simplificationPreservesTopology":true,"invalidSourceRepair":"make_valid; retain polygonal components; discard zero-area collapsed lines","legalBoundaryIndependentlyVerified":false,"areaId":"2d194910-1f19-4134-98a4-39915babf4ed"},"geometry":{"type":"Polygon","coordinates":[[[100.745585,14.530618],[100.740995,14.524432],[100.737184,14.525552],[100.732988,14.523557],[100.727122,14.523453],[100.727114,14.523751],[100.735384,14.535194],[100.735692,14.538346],[100.728051,14.553357],[100.727249,14.562942],[100.727659,14.564061],[100.732484,14.564939],[100.738812,14.563782],[100.740732,14.558413],[100.742617,14.558344],[100.751276,14.564987],[100.753088,14.561437],[100.749628,14.55052],[100.748026,14.543685],[100.753623,14.538557],[100.745313,14.53102],[100.745585,14.530618]]]},"bbox":[100.727114,14.523453,100.753623,14.564987]},{"type":"Feature","id":"fc7f7211-96b4-41bc-b4dc-34dc47d1b58d","properties":{"id":"fc7f7211-96b4-41bc-b4dc-34dc47d1b58d","code":"06140204","provinceCode":"14","nameTh":"องค์การบริหารส่วนตำบล ท่าเจ้าสนุก","nameEn":null,"geometryType":"MUNICIPALITY","sourceUrl":"https://landometer.com/api/v2/citymeter-v3/grocery/info/geom/fc7f7211-96b4-41bc-b4dc-34dc47d1b58d/MUNICIPALITY","sourceSha256":"074dc56e0a736a637f8747740800f11cf7b2777edc8526e496bb401f70062a24","retrievedAt":"2026-10-04T05:42:27.686126+00:00","boundaryVintage":null,"geometryStatus":"native_source_polygon_display_simplified","simplificationToleranceDegrees":0.00015,"simplificationPreservesTopology":true,"invalidSourceRepair":"make_valid; retain polygonal components; discard zero-area collapsed lines","legalBoundaryIndependentlyVerified":false,"areaId":"fc7f7211-96b4-41bc-b4dc-34dc47d1b58d"},"geometry":{"type":"MultiPolygon","coordinates":[[[[100.726228,14.523437],[100.727122,14.523453],[100.728145,14.523471],[100.726228,14.523437]]],[[[100.726124,14.523613],[100.726217,14.523456],[100.726228,14.523437],[100.726124,14.523613]]],[[[100.728319,14.523711],[100.727114,14.523751],[100.727221,14.523748],[100.728319,14.523711]]],[[[100.735384,14.535194],[100.727114,14.523751],[100.725718,14.533744],[100.708643,14.538238],[100.706997,14.542144],[100.709011,14.547853],[100.70687,14.54844],[100.705004,14.551858],[100.699183,14.552495],[100.696985,14.555597],[100.699594,14.565148],[100.711375,14.564075],[100.711257,14.56487],[100.713284,14.564646],[100.713864,14.564347],[100.713133,14.558562],[100.716697,14.55825],[100.718548,14.560347],[100.725644,14.558564],[100.726707,14.561465],[100.727374,14.561442],[100.728051,14.553357],[100.735692,14.538346],[100.735782,14.539267],[100.735384,14.535194]]],[[[100.697515,14.557538],[100.697633,14.55797],[100.69758914814882,14.55780941289683],[100.697515,14.557538]]]]},"bbox":[100.696985,14.523437,100.735782,14.565148]},{"type":"Feature","id":"45966d96-2962-4624-ac26-2a6eeddc12c6","properties":{"id":"45966d96-2962-4624-ac26-2a6eeddc12c6","code":"06140205","provinceCode":"14","nameTh":"องค์การบริหารส่วนตำบล ท่าหลวง","nameEn":null,"geometryType":"MUNICIPALITY","sourceUrl":"https://landometer.com/api/v2/citymeter-v3/grocery/info/geom/45966d96-2962-4624-ac26-2a6eeddc12c6/MUNICIPALITY","sourceSha256":"e8f0a32998787be09862d826ac9472062c3d1bc9b0caa9902a03758b2d221c68","retrievedAt":"2026-10-04T05:42:27.703199+00:00","boundaryVintage":null,"geometryStatus":"native_source_polygon_display_simplified","simplificationToleranceDegrees":0.00015,"simplificationPreservesTopology":true,"invalidSourceRepair":"make_valid; retain polygonal components; discard zero-area collapsed lines","legalBoundaryIndependentlyVerified":false,"areaId":"45966d96-2962-4624-ac26-2a6eeddc12c6"},"geometry":{"type":"MultiPolygon","coordinates":[[[[100.75518640398488,14.518911352456204],[100.755186,14.518911],[100.755183,14.518914],[100.75518640398488,14.518911352456204]]],[[[100.759392,14.518935],[100.758554,14.518849],[100.757525,14.519473],[100.757083,14.519198],[100.756517,14.519212],[100.75566,14.518889],[100.75518640398488,14.518911352456204],[100.755425,14.519503],[100.754494,14.519542],[100.753375,14.523559],[100.749775,14.524435],[100.745313,14.53102],[100.753623,14.538557],[100.748026,14.543685],[100.749628,14.55052],[100.753088,14.561437],[100.75595,14.555832],[100.767842,14.561662],[100.773319,14.557985],[100.777971,14.557472],[100.777108,14.556456],[100.776967,14.553798],[100.776436,14.553747],[100.776505,14.552374],[100.776286,14.552138],[100.776639,14.550327],[100.77624,14.549682],[100.776674,14.5486],[100.776809,14.547101],[100.776049,14.546878],[100.775916,14.546344],[100.774505,14.546065],[100.775014,14.544334],[100.775723,14.544359],[100.775942,14.544017],[100.776074,14.541136],[100.776864,14.540228],[100.777189,14.537558],[100.777412,14.535403],[100.77712,14.535119],[100.777044,14.533662],[100.77738,14.533235],[100.777558,14.532363],[100.778652,14.530734],[100.777975,14.529709],[100.776539,14.529025],[100.776511,14.528228],[100.775332,14.526994],[100.771611,14.526323],[100.767368,14.524191],[100.765532,14.524633],[100.763415,14.523825],[100.761947,14.522895],[100.760851,14.520691],[100.759647,14.520344],[100.759357,14.519797],[100.759392,14.518935]]]]},"bbox":[100.745313,14.518779,100.778652,14.561662]},{"type":"Feature","id":"9c7656e7-85b8-47ac-adae-a9ca40c1b208","properties":{"id":"9c7656e7-85b8-47ac-adae-a9ca40c1b208","code":"06140206","provinceCode":"14","nameTh":"องค์การบริหารส่วนตำบล บ้านร่อม","nameEn":null,"geometryType":"MUNICIPALITY","sourceUrl":"https://landometer.com/api/v2/citymeter-v3/grocery/info/geom/9c7656e7-85b8-47ac-adae-a9ca40c1b208/MUNICIPALITY","sourceSha256":"f15abacf575a297df7b3abd7b8dd1c05718f156c71351ac2b8a17983c7aea9b5","retrievedAt":"2026-10-04T05:42:27.703564+00:00","boundaryVintage":null,"geometryStatus":"native_source_polygon_display_simplified","simplificationToleranceDegrees":0.00015,"simplificationPreservesTopology":true,"invalidSourceRepair":"make_valid; retain polygonal components; discard zero-area collapsed lines","legalBoundaryIndependentlyVerified":false,"areaId":"9c7656e7-85b8-47ac-adae-a9ca40c1b208"},"geometry":{"type":"MultiPolygon","coordinates":[[[[100.712364,14.564221],[100.71228476759718,14.564756025772295],[100.712285,14.564756],[100.712364,14.564221]]],[[[100.71326896299949,14.572022968736011],[100.713269,14.572023],[100.712638,14.570602],[100.71326896299949,14.572022968736011]]],[[[100.71228476759718,14.564756025772295],[100.711257,14.56487],[100.711375,14.564075],[100.699594,14.565148],[100.697095,14.555999],[100.697334,14.557229],[100.692111,14.554675],[100.685565,14.555464],[100.681152,14.553882],[100.673239,14.553429],[100.670749,14.554352],[100.670186,14.556584],[100.668268,14.556855],[100.674593,14.558051],[100.67632,14.558122],[100.677094,14.561237],[100.677224,14.563325],[100.67685,14.564063],[100.676099,14.564019],[100.675191,14.564337],[100.67527,14.564791],[100.67393,14.564922],[100.674782,14.574292],[100.673672,14.574896],[100.671568,14.575533],[100.668974,14.582484],[100.662542,14.588174],[100.661736,14.588519],[100.662421,14.590036],[100.659517,14.592611],[100.659026,14.596579],[100.658001,14.597934],[100.658098,14.598209],[100.656836,14.599784],[100.656635,14.600511],[100.656632,14.603453],[100.654788,14.606372],[100.659238,14.605571],[100.658854,14.603027],[100.659336,14.602556],[100.665628,14.599865],[100.665698,14.599606],[100.667976,14.599529],[100.672721,14.598342],[100.67678,14.595537],[100.676695,14.594172],[100.677813,14.593893],[100.677766,14.592627],[100.679254,14.591881],[100.679173,14.590423],[100.679661,14.586868],[100.679931,14.586671],[100.680237,14.585632],[100.685129,14.582138],[100.687957,14.581991],[100.688141,14.58155],[100.690057,14.581459],[100.691821,14.580841],[100.692764,14.580954],[100.6952,14.580597],[100.697798,14.579697],[100.701178,14.579088],[100.701625,14.578225],[100.702064,14.578034],[100.702376,14.577407],[100.703237,14.576631],[100.705516,14.576774],[100.711013,14.575391],[100.71135806451623,14.575282516129],[100.71112,14.575358],[100.712449,14.57494],[100.714169,14.575602],[100.714213,14.574149],[100.712679,14.570923],[100.712638,14.570602],[100.712077,14.566159],[100.71228476759718,14.564756025772295]],[[100.711366,14.57528],[100.71136178536591,14.575281346341445],[100.71135806451623,14.575282516129],[100.711366,14.57528]],[[100.711576,14.575214],[100.711294,14.575303],[100.71136178536591,14.575281346341445],[100.711576,14.575214]]]]},"bbox":[100.654788,14.553429,100.714299,14.606372]},{"type":"Feature","id":"46237be1-a628-4a74-b6cf-dd00573bd843","properties":{"id":"46237be1-a628-4a74-b6cf-dd00573bd843","code":"06140207","provinceCode":"14","nameTh":"องค์การบริหารส่วนตำบล ปากท่า","nameEn":null,"geometryType":"MUNICIPALITY","sourceUrl":"https://landometer.com/api/v2/citymeter-v3/grocery/info/geom/46237be1-a628-4a74-b6cf-dd00573bd843/MUNICIPALITY","sourceSha256":"c175c3e1aeca61dd6f1989d374dde4ae2c55a6d4bd1c97396495fcdf9af4784a","retrievedAt":"2026-10-04T05:42:27.700773+00:00","boundaryVintage":null,"geometryStatus":"native_source_polygon_display_simplified","simplificationToleranceDegrees":0.00015,"simplificationPreservesTopology":true,"invalidSourceRepair":"make_valid; retain polygonal components; discard zero-area collapsed lines","legalBoundaryIndependentlyVerified":false,"areaId":"46237be1-a628-4a74-b6cf-dd00573bd843"},"geometry":{"type":"MultiPolygon","coordinates":[[[[100.703434,14.496138],[100.70340549760003,14.496168780200012],[100.703406,14.496169],[100.703434,14.496138]]],[[[100.686946,14.508795],[100.68828235406886,14.509958744922612],[100.695085,14.505058],[100.695338,14.506704],[100.699851,14.5049],[100.698191,14.5018],[100.70340549760003,14.496168780200012],[100.702369,14.495687],[100.69966,14.494997],[100.694901,14.494489],[100.687341,14.49499],[100.685887,14.495554],[100.683454,14.495301],[100.677588,14.495453],[100.676082,14.495791],[100.674609,14.496535],[100.673212,14.496512],[100.672816,14.496929],[100.671797,14.499557],[100.672556,14.500074],[100.672566,14.50074],[100.671687,14.501679],[100.667644,14.504182],[100.664686,14.507621],[100.661888,14.509682],[100.658035,14.515958],[100.657582,14.516908],[100.657203,14.518638],[100.656116,14.519999],[100.657812,14.520036],[100.66262,14.514165],[100.661896,14.51075],[100.665913,14.506709],[100.671535,14.507706],[100.67194,14.509643],[100.675677,14.510642],[100.684488,14.507118],[100.685472,14.50981],[100.686946,14.508795]]],[[[100.68828235406886,14.509958744922612],[100.688282,14.509959],[100.688657,14.510285],[100.68828235406886,14.509958744922612]]]]},"bbox":[100.656116,14.494489,100.703434,14.520036]},{"type":"Feature","id":"ced6f087-9843-4602-8922-155b7799cba7","properties":{"id":"ced6f087-9843-4602-8922-155b7799cba7","code":"06140208","provinceCode":"14","nameTh":"องค์การบริหารส่วนตำบล โพธิ์เอน","nameEn":null,"geometryType":"MUNICIPALITY","sourceUrl":"https://landometer.com/api/v2/citymeter-v3/grocery/info/geom/ced6f087-9843-4602-8922-155b7799cba7/MUNICIPALITY","sourceSha256":"c38cf0d7186a816a6a738ff1080eb08848e152214d554b8ebd106694afe4bb01","retrievedAt":"2026-10-04T05:42:27.700857+00:00","boundaryVintage":null,"geometryStatus":"native_source_polygon_display_simplified","simplificationToleranceDegrees":0.00015,"simplificationPreservesTopology":true,"invalidSourceRepair":"make_valid; retain polygonal components; discard zero-area collapsed lines","legalBoundaryIndependentlyVerified":false,"areaId":"ced6f087-9843-4602-8922-155b7799cba7"},"geometry":{"type":"MultiPolygon","coordinates":[[[[100.702246,14.508836],[100.70224563671137,14.508835986461294],[100.702901,14.509973],[100.702246,14.508836]]],[[[100.691328,14.532519],[100.696089,14.52063],[100.695082,14.512826],[100.702469,14.509753],[100.701992,14.508868],[100.70224563671137,14.508835986461294],[100.699449,14.503984],[100.699851,14.5049],[100.695338,14.506704],[100.695085,14.505058],[100.688282,14.509959],[100.686946,14.508795],[100.685472,14.50981],[100.684488,14.507118],[100.675677,14.510642],[100.67194,14.509643],[100.671535,14.507706],[100.665913,14.506709],[100.661896,14.51075],[100.66262,14.514165],[100.657812,14.520036],[100.656278,14.520002],[100.652036,14.528285],[100.650209,14.530796],[100.649375,14.531557],[100.648438,14.532109],[100.644252,14.533532],[100.639286,14.534246],[100.634556,14.53578],[100.633408,14.536515],[100.63291,14.53721],[100.630308,14.538462],[100.625398,14.542958],[100.623371,14.544261],[100.618739,14.548433],[100.616481,14.549804],[100.613945,14.550865],[100.609906,14.55346],[100.601845,14.554216],[100.606031,14.556958],[100.608719,14.558064],[100.615989,14.563237],[100.618081,14.56421],[100.619535,14.564218],[100.621439,14.563088],[100.626061,14.55921],[100.627703,14.55638],[100.629382,14.555712],[100.630908,14.555781],[100.632004,14.553403],[100.632914,14.552302],[100.634398,14.551789],[100.638983,14.551128],[100.642115,14.549482],[100.643719,14.549055],[100.646489,14.549151],[100.647841,14.548473],[100.649319,14.548549],[100.678697,14.523912],[100.679618,14.527252],[100.691328,14.532519]]]]},"bbox":[100.601845,14.503984,100.702901,14.564282]},{"type":"Feature","id":"3a421f9e-2be4-492a-b2a1-6aa44fe4eea8","properties":{"id":"3a421f9e-2be4-492a-b2a1-6aa44fe4eea8","code":"06140209","provinceCode":"14","nameTh":"องค์การบริหารส่วนตำบล วังแดง","nameEn":null,"geometryType":"MUNICIPALITY","sourceUrl":"https://landometer.com/api/v2/citymeter-v3/grocery/info/geom/3a421f9e-2be4-492a-b2a1-6aa44fe4eea8/MUNICIPALITY","sourceSha256":"5c2ecc6411c13e04d05e524494362421fa9508c876aa6eae027edf3a92dcc4c3","retrievedAt":"2026-10-04T05:42:27.703021+00:00","boundaryVintage":null,"geometryStatus":"native_source_polygon_display_simplified","simplificationToleranceDegrees":0.00015,"simplificationPreservesTopology":true,"invalidSourceRepair":"make_valid; retain polygonal components; discard zero-area collapsed lines","legalBoundaryIndependentlyVerified":false,"areaId":"3a421f9e-2be4-492a-b2a1-6aa44fe4eea8"},"geometry":{"type":"MultiPolygon","coordinates":[[[[100.691328,14.532519],[100.679618,14.527252],[100.678697,14.523912],[100.649319,14.548549],[100.65286,14.548903],[100.658836,14.549939],[100.660164,14.550912],[100.660883,14.552531],[100.664606,14.554645],[100.66468,14.555166],[100.665271,14.554898],[100.666499,14.555099],[100.666697,14.556573],[100.66826841713758,14.556854941061374],[100.670186,14.556584],[100.670749,14.554352],[100.673239,14.553429],[100.680042,14.553856],[100.67984,14.553791],[100.679789,14.551206],[100.687122,14.544821],[100.687093,14.54121],[100.691356,14.534936],[100.691328,14.532519]]],[[[100.668932,14.556974],[100.66826841713758,14.556854941061374],[100.668268,14.556855],[100.668932,14.556974]]]]},"bbox":[100.649319,14.523912,100.691356,14.556974]},{"type":"Feature","id":"f39823fa-7534-4f91-8282-3183e58523b1","properties":{"id":"f39823fa-7534-4f91-8282-3183e58523b1","code":"06140210","provinceCode":"14","nameTh":"องค์การบริหารส่วนตำบล ศาลาลอย","nameEn":null,"geometryType":"MUNICIPALITY","sourceUrl":"https://landometer.com/api/v2/citymeter-v3/grocery/info/geom/f39823fa-7534-4f91-8282-3183e58523b1/MUNICIPALITY","sourceSha256":"1d9265e0f552b41a97dca5ee4a6c14893db471ba51c4da0a7caf455dc6410594","retrievedAt":"2026-10-04T05:42:27.762482+00:00","boundaryVintage":null,"geometryStatus":"native_source_polygon_display_simplified","simplificationToleranceDegrees":0.00015,"simplificationPreservesTopology":true,"invalidSourceRepair":"make_valid; retain polygonal components; discard zero-area collapsed lines","legalBoundaryIndependentlyVerified":false,"areaId":"f39823fa-7534-4f91-8282-3183e58523b1"},"geometry":{"type":"Polygon","coordinates":[[[100.706997,14.542144],[100.708643,14.538238],[100.725718,14.533744],[100.727221,14.523748],[100.727122,14.523453],[100.722032,14.523363],[100.712666,14.514953],[100.702901,14.509973],[100.702085,14.50883],[100.702469,14.509753],[100.695082,14.512826],[100.696089,14.52063],[100.691328,14.532519],[100.691356,14.534936],[100.687093,14.54121],[100.687122,14.544821],[100.679789,14.551206],[100.67984,14.553791],[100.681152,14.553882],[100.685565,14.555464],[100.692111,14.554675],[100.697334,14.557229],[100.696985,14.555597],[100.699183,14.552495],[100.705004,14.551858],[100.70687,14.54844],[100.709011,14.547853],[100.706997,14.542144]]]},"bbox":[100.679789,14.50883,100.727221,14.557229]},{"type":"Feature","id":"77dea615-43d4-42e4-86a2-bd455ea2e7a9","properties":{"id":"77dea615-43d4-42e4-86a2-bd455ea2e7a9","code":"06140211","provinceCode":"14","nameTh":"องค์การบริหารส่วนตำบล หนองขนาก","nameEn":null,"geometryType":"MUNICIPALITY","sourceUrl":"https://landometer.com/api/v2/citymeter-v3/grocery/info/geom/77dea615-43d4-42e4-86a2-bd455ea2e7a9/MUNICIPALITY","sourceSha256":"aefa349365ec6a82b5735592c212ce4d8374daebbc97e958786ff53a078ec0ff","retrievedAt":"2026-10-04T05:42:27.771758+00:00","boundaryVintage":null,"geometryStatus":"native_source_polygon_display_simplified","simplificationToleranceDegrees":0.00015,"simplificationPreservesTopology":true,"invalidSourceRepair":"make_valid; retain polygonal components; discard zero-area collapsed lines","legalBoundaryIndependentlyVerified":false,"areaId":"77dea615-43d4-42e4-86a2-bd455ea2e7a9"},"geometry":{"type":"MultiPolygon","coordinates":[[[[100.749758,14.518454],[100.749618,14.517143],[100.748465,14.516605],[100.748247,14.514336],[100.747444,14.513244],[100.747453,14.512878],[100.747909,14.512644],[100.747801,14.512254],[100.748763,14.510842],[100.749071,14.510741],[100.749273,14.509132],[100.749942,14.508924],[100.75112,14.507721],[100.751113,14.506885],[100.751457,14.506717],[100.751505,14.505998],[100.755205,14.505752],[100.756697,14.505305],[100.75642,14.503623],[100.757301,14.50208],[100.7589,14.502075],[100.758941,14.50068],[100.759412,14.500141],[100.760321,14.499692],[100.760375,14.499225],[100.76011,14.498804],[100.760663,14.497213],[100.760203,14.495446],[100.76037,14.4944],[100.764308,14.494022],[100.764766,14.490673],[100.764071,14.48987],[100.762692,14.487132],[100.760411,14.487326],[100.757379,14.488294],[100.755859,14.489523],[100.754749,14.491297],[100.754122,14.491516],[100.753298,14.491104],[100.752237,14.489023],[100.750142,14.485877],[100.749619,14.485699],[100.748893,14.485868],[100.742105,14.490733],[100.737599,14.495052],[100.73645,14.495465],[100.734503,14.498726],[100.734,14.498951],[100.733747,14.499381],[100.732435,14.499374],[100.732718,14.500349],[100.732224,14.500586],[100.732219,14.500898],[100.730004,14.502438],[100.726037,14.504237],[100.721701,14.504884],[100.719775,14.504837],[100.716236,14.504063],[100.71228,14.501659],[100.711575,14.500669],[100.71048,14.499755],[100.703406,14.496169],[100.698191,14.5018],[100.702901,14.509973],[100.712666,14.514953],[100.722032,14.523363],[100.732988,14.523557],[100.737184,14.525552],[100.740995,14.524432],[100.745585,14.530618],[100.749775,14.524435],[100.753375,14.523559],[100.754494,14.519542],[100.755425,14.519503],[100.75518640398488,14.518911352456204],[100.754661,14.519501],[100.754104,14.518486],[100.753398,14.518473],[100.753123,14.518025],[100.749758,14.518454]]],[[[100.755186,14.518911],[100.75518640398488,14.518911352456204],[100.75521,14.518893],[100.755186,14.518911]]]]},"bbox":[100.698191,14.485699,100.764821,14.530618]},{"type":"Feature","id":"dc9bca13-ddad-4cbf-82cd-cca167310bfe","properties":{"id":"dc9bca13-ddad-4cbf-82cd-cca167310bfe","code":"06140303","provinceCode":"14","nameTh":"องค์การบริหารส่วนตำบล คลองสะแก","nameEn":null,"geometryType":"MUNICIPALITY","sourceUrl":"https://landometer.com/api/v2/citymeter-v3/grocery/info/geom/dc9bca13-ddad-4cbf-82cd-cca167310bfe/MUNICIPALITY","sourceSha256":"c9ab14d9d5059e7a5113b7a14ef3fea047ce8c57bcc1d251d5f7b68cb8a2bfa4","retrievedAt":"2026-10-04T05:42:27.764464+00:00","boundaryVintage":null,"geometryStatus":"native_source_polygon_display_simplified","simplificationToleranceDegrees":0.00015,"simplificationPreservesTopology":true,"invalidSourceRepair":"make_valid; retain polygonal components; discard zero-area collapsed lines","legalBoundaryIndependentlyVerified":false,"areaId":"dc9bca13-ddad-4cbf-82cd-cca167310bfe"},"geometry":{"type":"MultiPolygon","coordinates":[[[[100.577766,14.422028],[100.578581,14.424716],[100.579794,14.427092],[100.580456,14.43012],[100.592285,14.433095],[100.594733,14.433462],[100.59586032945876,14.434174100084585],[100.597868,14.434784],[100.599816,14.432756],[100.611747,14.431212],[100.627114,14.425971],[100.627282,14.426971],[100.627849,14.426602],[100.626384,14.414025],[100.629471,14.405506],[100.621137,14.407603],[100.595074,14.421246],[100.578089,14.421229],[100.57807002145421,14.421036217929586],[100.577766,14.422028]]],[[[100.57807002145421,14.421036217929586],[100.578155,14.420759],[100.57807,14.421036],[100.57807002145421,14.421036217929586]]],[[[100.59586032945876,14.434174100084585],[100.59586,14.434174],[100.596121,14.434541],[100.59586032945876,14.434174100084585]]]]},"bbox":[100.577762,14.405506,100.629471,14.434784]},{"type":"Feature","id":"97ae5733-10ab-4637-9b08-02f10d870432","properties":{"id":"97ae5733-10ab-4637-9b08-02f10d870432","code":"06140304","provinceCode":"14","nameTh":"องค์การบริหารส่วนตำบล บ่อโพง","nameEn":null,"geometryType":"MUNICIPALITY","sourceUrl":"https://landometer.com/api/v2/citymeter-v3/grocery/info/geom/97ae5733-10ab-4637-9b08-02f10d870432/MUNICIPALITY","sourceSha256":"a5992d06ecd3aa4e33b258d2317f5622951af4750a94e297f82eea57677a1889","retrievedAt":"2026-10-04T05:42:27.779565+00:00","boundaryVintage":null,"geometryStatus":"native_source_polygon_display_simplified","simplificationToleranceDegrees":0.00015,"simplificationPreservesTopology":true,"invalidSourceRepair":"make_valid; retain polygonal components; discard zero-area collapsed lines","legalBoundaryIndependentlyVerified":false,"areaId":"97ae5733-10ab-4637-9b08-02f10d870432"},"geometry":{"type":"MultiPolygon","coordinates":[[[[100.629471,14.405506],[100.62830118819737,14.40580047968959],[100.628301,14.405801],[100.629471,14.405506]]],[[[100.614638,14.39323],[100.597543,14.395216],[100.593754,14.395215],[100.589897,14.395733],[100.585531,14.395868],[100.58485,14.396633],[100.584794,14.397542],[100.584436,14.39753],[100.584038,14.397018],[100.583225,14.396627],[100.58244,14.397074],[100.580232,14.397663],[100.577885,14.396604],[100.576092,14.394439],[100.575402,14.396598],[100.574463,14.404702],[100.576644,14.404737],[100.576313,14.408118],[100.578492,14.418882],[100.578089,14.421229],[100.595074,14.421246],[100.621137,14.407603],[100.62830118819737,14.40580047968959],[100.628646,14.405127],[100.631851,14.404323],[100.631787,14.402306],[100.614638,14.39323]]]]},"bbox":[100.574463,14.39323,100.631851,14.421246]},{"type":"Feature","id":"4e8f7085-bdfb-472f-97b6-c113d7c53408","properties":{"id":"4e8f7085-bdfb-472f-97b6-c113d7c53408","code":"06140305","provinceCode":"14","nameTh":"องค์การบริหารส่วนตำบล หนองปลิง","nameEn":null,"geometryType":"MUNICIPALITY","sourceUrl":"https://landometer.com/api/v2/citymeter-v3/grocery/info/geom/4e8f7085-bdfb-472f-97b6-c113d7c53408/MUNICIPALITY","sourceSha256":"1a049922b4f65f86bdc26a6c60994ade1f25bb103da4e159d9cdd6606e35d70d","retrievedAt":"2026-10-04T05:42:27.776926+00:00","boundaryVintage":null,"geometryStatus":"native_source_polygon_display_simplified","simplificationToleranceDegrees":0.00015,"simplificationPreservesTopology":true,"invalidSourceRepair":"make_valid; retain polygonal components; discard zero-area collapsed lines","legalBoundaryIndependentlyVerified":false,"areaId":"4e8f7085-bdfb-472f-97b6-c113d7c53408"},"geometry":{"type":"MultiPolygon","coordinates":[[[[100.657576,14.436834],[100.652809,14.436922],[100.652004,14.434886],[100.651928,14.433517],[100.660187,14.416029],[100.646466,14.409875],[100.631787,14.402306],[100.631851,14.404323],[100.628471,14.405331],[100.628301,14.405801],[100.629471,14.405506],[100.626384,14.414025],[100.629292,14.438994],[100.625875,14.440098],[100.62605,14.443504],[100.626186,14.442165],[100.633031,14.441959],[100.641472,14.441159],[100.651763,14.43782],[100.651526,14.437311],[100.652134,14.437078],[100.66039832409537,14.43790892772854],[100.657576,14.436834]]],[[[100.660399,14.437909],[100.66039832409537,14.43790892772854],[100.660924,14.438058],[100.660399,14.437909]]]]},"bbox":[100.625875,14.402306,100.660924,14.443504]},{"type":"Feature","id":"c0b55a64-1c99-4df9-b96c-78ff0550a5ab","properties":{"id":"c0b55a64-1c99-4df9-b96c-78ff0550a5ab","code":"06140306","provinceCode":"14","nameTh":"องค์การบริหารส่วนตำบล บ้านชุ้ง","nameEn":null,"geometryType":"MUNICIPALITY","sourceUrl":"https://landometer.com/api/v2/citymeter-v3/grocery/info/geom/c0b55a64-1c99-4df9-b96c-78ff0550a5ab/MUNICIPALITY","sourceSha256":"5f6283465d0e594f12bbc5058b88024c6ec6e5b42853c3521c27d7d42e9c9d4a","retrievedAt":"2026-10-04T05:42:27.786679+00:00","boundaryVintage":null,"geometryStatus":"native_source_polygon_display_simplified","simplificationToleranceDegrees":0.00015,"simplificationPreservesTopology":true,"invalidSourceRepair":"make_valid; retain polygonal components; discard zero-area collapsed lines","legalBoundaryIndependentlyVerified":false,"areaId":"c0b55a64-1c99-4df9-b96c-78ff0550a5ab"},"geometry":{"type":"MultiPolygon","coordinates":[[[[100.660321,14.437887],[100.66039832409537,14.43790892772854],[100.660399,14.437909],[100.660321,14.437887]]],[[[100.619399,14.456738],[100.623136,14.462367],[100.628276,14.466383],[100.631425,14.466217],[100.636148,14.473054],[100.642416,14.472512],[100.644423,14.475009],[100.647675,14.473396],[100.67066,14.473318],[100.673551,14.465712],[100.686103,14.455054],[100.685287,14.453699],[100.684551,14.45132],[100.684113,14.451017],[100.682877,14.450712],[100.682239,14.451282],[100.680433,14.451347],[100.677094,14.450657],[100.675591,14.450655],[100.672786,14.449814],[100.672683,14.447756],[100.667399,14.438285],[100.664722,14.437847],[100.663405,14.438271],[100.662388,14.43827],[100.652134,14.437078],[100.651526,14.437311],[100.651763,14.43782],[100.641472,14.441159],[100.633031,14.441959],[100.626186,14.442165],[100.626215,14.446741],[100.625681,14.44711],[100.625636,14.44755],[100.614956,14.455021],[100.616086,14.456548],[100.619399,14.456738]]]]},"bbox":[100.614956,14.437078,100.686103,14.475009]},{"type":"Feature","id":"acc8e0ce-ac0b-4bd3-a88a-2bfdfe3d6d47","properties":{"id":"acc8e0ce-ac0b-4bd3-a88a-2bfdfe3d6d47","code":"06140307","provinceCode":"14","nameTh":"องค์การบริหารส่วนตำบล ปากจั่น","nameEn":null,"geometryType":"MUNICIPALITY","sourceUrl":"https://landometer.com/api/v2/citymeter-v3/grocery/info/geom/acc8e0ce-ac0b-4bd3-a88a-2bfdfe3d6d47/MUNICIPALITY","sourceSha256":"81bb089184c955d935bad3292ab24984f3ed912f5afbb586bcc814f8c403faeb","retrievedAt":"2026-10-04T05:42:27.788814+00:00","boundaryVintage":null,"geometryStatus":"native_source_polygon_display_simplified","simplificationToleranceDegrees":0.00015,"simplificationPreservesTopology":true,"invalidSourceRepair":"make_valid; retain polygonal components; discard zero-area collapsed lines","legalBoundaryIndependentlyVerified":false,"areaId":"acc8e0ce-ac0b-4bd3-a88a-2bfdfe3d6d47"},"geometry":{"type":"MultiPolygon","coordinates":[[[[100.59586,14.434174],[100.59586032945876,14.434174100084585],[100.595802,14.434092],[100.59586,14.434174]]],[[[100.611747,14.431212],[100.599816,14.432756],[100.597868,14.434784],[100.59586032945876,14.434174100084585],[100.596469,14.43519],[100.597643,14.435026],[100.598053,14.437188],[100.597746,14.439303],[100.597112,14.440894],[100.59000509419405,14.446059993687797],[100.598481,14.445492],[100.604911,14.447347],[100.606437,14.450052],[100.602813,14.452078],[100.601957,14.451493],[100.601561,14.452062],[100.606976,14.457008],[100.612901,14.452242],[100.614956,14.455021],[100.625636,14.44755],[100.625681,14.44711],[100.614754,14.45466],[100.626215,14.446741],[100.625875,14.440098],[100.629292,14.438994],[100.627849,14.426602],[100.627282,14.426971],[100.627114,14.425971],[100.611747,14.431212]]],[[[100.59000509419405,14.446059993687797],[100.590005,14.44606],[100.589683,14.446294],[100.59000509419405,14.446059993687797]]]]},"bbox":[100.589683,14.425971,100.629292,14.457008]},{"type":"Feature","id":"d7bc0780-eadd-4657-9439-d1bdb9e872ab","properties":{"id":"d7bc0780-eadd-4657-9439-d1bdb9e872ab","code":"06140308","provinceCode":"14","nameTh":"องค์การบริหารส่วนตำบล แม่ลา","nameEn":null,"geometryType":"MUNICIPALITY","sourceUrl":"https://landometer.com/api/v2/citymeter-v3/grocery/info/geom/d7bc0780-eadd-4657-9439-d1bdb9e872ab/MUNICIPALITY","sourceSha256":"43ae34e22ed944cde56d2a28bcc484dfb23c0e0ac7ba49dd71b40d1c4fc91600","retrievedAt":"2026-10-04T05:42:27.777109+00:00","boundaryVintage":null,"geometryStatus":"native_source_polygon_display_simplified","simplificationToleranceDegrees":0.00015,"simplificationPreservesTopology":true,"invalidSourceRepair":"make_valid; retain polygonal components; discard zero-area collapsed lines","legalBoundaryIndependentlyVerified":false,"areaId":"d7bc0780-eadd-4657-9439-d1bdb9e872ab"},"geometry":{"type":"MultiPolygon","coordinates":[[[[100.590005,14.44606],[100.59000509419405,14.446059993687797],[100.591003,14.445335],[100.590005,14.44606]]],[[[100.574849,14.456281],[100.576593,14.460475],[100.57663,14.461982],[100.575891,14.464766],[100.574649,14.465802],[100.572937,14.466572],[100.571321,14.465883],[100.568225,14.465681],[100.566807,14.465694],[100.565581,14.466385],[100.56489,14.466475],[100.564469,14.467574],[100.565106,14.470251],[100.566242,14.471124],[100.569666,14.472009],[100.570417,14.473111],[100.572112,14.473572],[100.573726,14.47474],[100.575221,14.476418],[100.575196,14.477459],[100.575667,14.478523],[100.57887,14.481282],[100.579866,14.481785],[100.581156,14.482044],[100.583098,14.484089],[100.584684,14.486572],[100.586018,14.487391],[100.586173,14.488004],[100.585992,14.488664],[100.583144,14.493468],[100.583121,14.494285],[100.584939,14.495881],[100.585229,14.496824],[100.586234,14.497013],[100.586455,14.497875],[100.588258,14.501201],[100.588395,14.502343],[100.589767,14.503739],[100.591526,14.506308],[100.5934,14.507612],[100.594011,14.508904],[100.594742,14.509162],[100.595879,14.510354],[100.597726,14.511138],[100.598893,14.513241],[100.600414,14.515008],[100.600637,14.516458],[100.600301,14.520467],[100.600629,14.522918],[100.615007,14.522926],[100.632601,14.510644],[100.634181,14.507983],[100.634247,14.50467],[100.635495,14.500138],[100.636009,14.499772],[100.639727,14.484772],[100.638981,14.481251],[100.640955,14.477267],[100.640178,14.476509],[100.640258,14.475057],[100.642416,14.472512],[100.636148,14.473054],[100.632679,14.468033],[100.632548,14.468185],[100.631946,14.467371],[100.62695,14.47246],[100.628804,14.477091],[100.626525,14.482226],[100.625988,14.491091],[100.621191,14.491144],[100.61983,14.489259],[100.6204,14.475918],[100.611133,14.473954],[100.596789,14.463333],[100.596605,14.462452],[100.596207,14.462138],[100.595158,14.455556],[100.597915,14.448732],[100.602813,14.452078],[100.606437,14.450052],[100.604911,14.447347],[100.598481,14.445492],[100.59000509419405,14.446059993687797],[100.587954,14.447142],[100.584506,14.450882],[100.576232,14.454612],[100.574849,14.456281]]]]},"bbox":[100.564465,14.445335,100.642416,14.522926]},{"type":"Feature","id":"69c9d49b-e2fe-4ecf-800c-d6d8f1e3b0cc","properties":{"id":"69c9d49b-e2fe-4ecf-800c-d6d8f1e3b0cc","code":"06140403","provinceCode":"14","nameTh":"องค์การบริหารส่วนตำบล กระแชง","nameEn":null,"geometryType":"MUNICIPALITY","sourceUrl":"https://landometer.com/api/v2/citymeter-v3/grocery/info/geom/69c9d49b-e2fe-4ecf-800c-d6d8f1e3b0cc/MUNICIPALITY","sourceSha256":"5bc32602788a965d56b58e223117349063251974cc931716da8fce21319ab0d4","retrievedAt":"2026-10-04T05:42:27.981173+00:00","boundaryVintage":null,"geometryStatus":"native_source_polygon_display_simplified","simplificationToleranceDegrees":0.00015,"simplificationPreservesTopology":true,"invalidSourceRepair":"make_valid; retain polygonal components; discard zero-area collapsed lines","legalBoundaryIndependentlyVerified":false,"areaId":"69c9d49b-e2fe-4ecf-800c-d6d8f1e3b0cc"},"geometry":{"type":"Polygon","coordinates":[[[100.523978,14.277839],[100.523795,14.277242],[100.522699,14.276589],[100.522506,14.276068],[100.523281,14.275853],[100.525498,14.274436],[100.527072,14.275382],[100.52673,14.266333],[100.526081,14.263702],[100.526407,14.263426],[100.526542,14.260529],[100.526849,14.26023],[100.526017,14.258157],[100.529683,14.255248],[100.529113,14.254547],[100.529349,14.251978],[100.529651,14.251458],[100.530578,14.250759],[100.528104,14.247368],[100.528063,14.246659],[100.528703,14.246328],[100.528904,14.24513],[100.52811,14.244975],[100.527585,14.242454],[100.527924,14.240318],[100.51754,14.23911],[100.51776,14.238831],[100.520787,14.239454],[100.515897,14.238447],[100.495799,14.239702],[100.485909,14.235421],[100.484474,14.232879],[100.4813,14.239068],[100.480911,14.243559],[100.481845,14.251533],[100.485738,14.255835],[100.48452,14.269299],[100.489394,14.282884],[100.488941,14.293178],[100.512331,14.292259],[100.525736,14.286899],[100.525387,14.287038],[100.527031,14.279706],[100.523978,14.277839]]]},"bbox":[100.480911,14.232879,100.530578,14.293178]},{"type":"Feature","id":"3e3ed146-1d33-40a0-b234-446bf51b733c","properties":{"id":"3e3ed146-1d33-40a0-b234-446bf51b733c","code":"06140404","provinceCode":"14","nameTh":"องค์การบริหารส่วนตำบล ไม้ตรา","nameEn":null,"geometryType":"MUNICIPALITY","sourceUrl":"https://landometer.com/api/v2/citymeter-v3/grocery/info/geom/3e3ed146-1d33-40a0-b234-446bf51b733c/MUNICIPALITY","sourceSha256":"32f29e83f2bc232f35d5e407c0283e59761a938be7264e477bb7141075c6a72a","retrievedAt":"2026-10-04T05:42:27.838969+00:00","boundaryVintage":null,"geometryStatus":"native_source_polygon_display_simplified","simplificationToleranceDegrees":0.00015,"simplificationPreservesTopology":true,"invalidSourceRepair":"make_valid; retain polygonal components; discard zero-area collapsed lines","legalBoundaryIndependentlyVerified":false,"areaId":"3e3ed146-1d33-40a0-b234-446bf51b733c"},"geometry":{"type":"Polygon","coordinates":[[[100.466739,14.171705],[100.46784,14.168284],[100.472686,14.166996],[100.47227,14.160021],[100.472813,14.157688],[100.471807,14.158304],[100.473912,14.157015],[100.473978,14.152694],[100.461631,14.149387],[100.46166,14.149777],[100.460956,14.150082],[100.460865,14.151242],[100.456258,14.151269],[100.450453,14.152965],[100.448268,14.153318],[100.448172,14.156572],[100.446015,14.158939],[100.446339,14.160303],[100.447636,14.162802],[100.445873,14.163446],[100.446171,14.165722],[100.445934,14.165929],[100.444225,14.166304],[100.443085,14.166828],[100.440649,14.167227],[100.440582,14.165714],[100.439669,14.164958],[100.436783,14.165069],[100.437055,14.162609],[100.436959,14.160327],[100.429664,14.16092],[100.427455,14.160849],[100.426868,14.161248],[100.425181,14.161366],[100.425434,14.165943],[100.426246,14.16992],[100.426189,14.1736],[100.424865,14.173667],[100.424834,14.173843],[100.434331,14.174952],[100.438193,14.173683],[100.452431,14.173811],[100.45252,14.172142],[100.462612,14.174026],[100.466739,14.171705]]]},"bbox":[100.42483,14.149387,100.473978,14.174952]},{"type":"Feature","id":"147862e1-a9bc-4d8e-bd9b-6e68690509d9","properties":{"id":"147862e1-a9bc-4d8e-bd9b-6e68690509d9","code":"06140405","provinceCode":"14","nameTh":"องค์การบริหารส่วนตำบล โคกช้าง","nameEn":null,"geometryType":"MUNICIPALITY","sourceUrl":"https://landometer.com/api/v2/citymeter-v3/grocery/info/geom/147862e1-a9bc-4d8e-bd9b-6e68690509d9/MUNICIPALITY","sourceSha256":"9f119ceed122a45ab79bde97d99870ad4b4244f870f7e49f501fc6ffd6791ed1","retrievedAt":"2026-10-04T05:42:27.981195+00:00","boundaryVintage":null,"geometryStatus":"native_source_polygon_display_simplified","simplificationToleranceDegrees":0.00015,"simplificationPreservesTopology":true,"invalidSourceRepair":"make_valid; retain polygonal components; discard zero-area collapsed lines","legalBoundaryIndependentlyVerified":false,"areaId":"147862e1-a9bc-4d8e-bd9b-6e68690509d9"},"geometry":{"type":"Polygon","coordinates":[[[100.517731,14.130117],[100.514419,14.12835],[100.513112,14.127225],[100.508624,14.12496],[100.502013,14.119794],[100.501994,14.119252],[100.500008,14.11779],[100.495797,14.115395],[100.491859,14.114062],[100.48178,14.111845],[100.477779,14.111272],[100.47394,14.111145],[100.466481,14.11191],[100.46275,14.112724],[100.45452,14.115898],[100.455121,14.115894],[100.455575,14.121556],[100.455545,14.128533],[100.457317,14.127644],[100.462533,14.123421],[100.481229,14.123686],[100.484831,14.125394],[100.485717,14.12888],[100.498612,14.134466],[100.502283,14.137799],[100.508252,14.139017],[100.510296,14.142216],[100.51788,14.141795],[100.527765,14.121419],[100.526335,14.122075],[100.526515,14.121704],[100.523832,14.123162],[100.522789,14.123484],[100.519741,14.125601],[100.518759,14.127043],[100.517731,14.130117]]]},"bbox":[100.45452,14.111092,100.527765,14.142216]},{"type":"Feature","id":"41ba6e97-df7e-4cc2-85a2-115df434293d","properties":{"id":"41ba6e97-df7e-4cc2-85a2-115df434293d","code":"06140406","provinceCode":"14","nameTh":"องค์การบริหารส่วนตำบล บางยี่โท","nameEn":null,"geometryType":"MUNICIPALITY","sourceUrl":"https://landometer.com/api/v2/citymeter-v3/grocery/info/geom/41ba6e97-df7e-4cc2-85a2-115df434293d/MUNICIPALITY","sourceSha256":"4159712821deb37142e25e595e74596a4e37fd5430badae228482ce24766c515","retrievedAt":"2026-10-04T05:42:27.981937+00:00","boundaryVintage":null,"geometryStatus":"native_source_polygon_display_simplified","simplificationToleranceDegrees":0.00015,"simplificationPreservesTopology":true,"invalidSourceRepair":"make_valid; retain polygonal components; discard zero-area collapsed lines","legalBoundaryIndependentlyVerified":false,"areaId":"41ba6e97-df7e-4cc2-85a2-115df434293d"},"geometry":{"type":"Polygon","coordinates":[[[100.456996,14.302291],[100.472575,14.293623],[100.476775,14.294319],[100.479145,14.298061],[100.48355,14.300404],[100.488941,14.293178],[100.489394,14.282884],[100.48452,14.269299],[100.485738,14.255835],[100.481845,14.251533],[100.480911,14.243559],[100.481203,14.240195],[100.481085,14.241222],[100.464639,14.243062],[100.453401,14.246674],[100.43583,14.245392],[100.429176,14.250246],[100.428346,14.249928],[100.428176,14.250276],[100.428522,14.250887],[100.428892,14.250906],[100.431923,14.252806],[100.432492,14.253472],[100.434903,14.255018],[100.436728,14.256772],[100.43767,14.260211],[100.437613,14.262258],[100.436959,14.265849],[100.436382,14.266642],[100.435862,14.266806],[100.434927,14.269643],[100.434829,14.27415],[100.436264,14.276021],[100.436673,14.278023],[100.436666,14.279331],[100.433827,14.284179],[100.434004,14.286087],[100.433443,14.288254],[100.433124,14.291234],[100.432019,14.29136],[100.431992,14.291935],[100.430814,14.292161],[100.430786,14.294411],[100.43009,14.300527],[100.430321,14.300885],[100.430733,14.303572],[100.432008,14.307273],[100.443763,14.319599],[100.445731,14.321289],[100.446001,14.321768],[100.448638,14.3235],[100.451901,14.323448],[100.453875,14.323033],[100.457155,14.32192],[100.458325,14.321289],[100.46054,14.320851],[100.460711,14.320411],[100.4636,14.319874],[100.465374,14.31979],[100.468753,14.318652],[100.469323,14.318632],[100.471853,14.319466],[100.475652,14.319595],[100.466402,14.308869],[100.456996,14.302291]]]},"bbox":[100.428176,14.240195,100.489394,14.323506]},{"type":"Feature","id":"12cd5026-e153-49d2-bb34-c2951a0c6b3a","properties":{"id":"12cd5026-e153-49d2-bb34-c2951a0c6b3a","code":"06140407","provinceCode":"14","nameTh":"องค์การบริหารส่วนตำบล บ้านกลึง","nameEn":null,"geometryType":"MUNICIPALITY","sourceUrl":"https://landometer.com/api/v2/citymeter-v3/grocery/info/geom/12cd5026-e153-49d2-bb34-c2951a0c6b3a/MUNICIPALITY","sourceSha256":"bf69965e3e210efc97d504ea5de6a21e105283c9d822da693a5da5c2caa74f1a","retrievedAt":"2026-10-04T05:42:27.981403+00:00","boundaryVintage":null,"geometryStatus":"native_source_polygon_display_simplified","simplificationToleranceDegrees":0.00015,"simplificationPreservesTopology":true,"invalidSourceRepair":"make_valid; retain polygonal components; discard zero-area collapsed lines","legalBoundaryIndependentlyVerified":false,"areaId":"12cd5026-e153-49d2-bb34-c2951a0c6b3a"},"geometry":{"type":"Polygon","coordinates":[[[100.512691,14.315907],[100.513909,14.314875],[100.514272,14.312798],[100.515151,14.313114],[100.515415,14.31205],[100.516177,14.311518],[100.516392,14.310821],[100.515407,14.308808],[100.51531,14.30661],[100.51508,14.305589],[100.514382,14.304502],[100.513899,14.301396],[100.522055,14.291902],[100.524955,14.288999],[100.525387,14.287038],[100.512331,14.292259],[100.488941,14.293178],[100.48355,14.300404],[100.479145,14.298061],[100.476775,14.294319],[100.472575,14.293623],[100.456996,14.302291],[100.466402,14.308869],[100.475652,14.319595],[100.476233,14.319545],[100.476716,14.319192],[100.477,14.319889],[100.480749,14.316769],[100.483839,14.317419],[100.48487,14.318433],[100.487303,14.321865],[100.490954,14.325483],[100.494932,14.328005],[100.500052,14.329697],[100.506537,14.327883],[100.507874,14.326283],[100.508239,14.325488],[100.50708,14.325027],[100.507353,14.319604],[100.508913,14.317883],[100.512691,14.315907]]]},"bbox":[100.456996,14.287038,100.525387,14.329713]},{"type":"Feature","id":"dda9329e-d256-49f1-b1d9-9bc57ad9ac2c","properties":{"id":"dda9329e-d256-49f1-b1d9-9bc57ad9ac2c","code":"06140408","provinceCode":"14","nameTh":"องค์การบริหารส่วนตำบล บ้านม้า","nameEn":null,"geometryType":"MUNICIPALITY","sourceUrl":"https://landometer.com/api/v2/citymeter-v3/grocery/info/geom/dda9329e-d256-49f1-b1d9-9bc57ad9ac2c/MUNICIPALITY","sourceSha256":"4109f316a73d688a7939a59fdf9455d353cc63a1ca420220914f13755d908b1d","retrievedAt":"2026-10-04T05:42:27.981957+00:00","boundaryVintage":null,"geometryStatus":"native_source_polygon_display_simplified","simplificationToleranceDegrees":0.00015,"simplificationPreservesTopology":true,"invalidSourceRepair":"make_valid; retain polygonal components; discard zero-area collapsed lines","legalBoundaryIndependentlyVerified":false,"areaId":"dda9329e-d256-49f1-b1d9-9bc57ad9ac2c"},"geometry":{"type":"MultiPolygon","coordinates":[[[[100.508252,14.139017],[100.502283,14.137799],[100.498612,14.134466],[100.485717,14.12888],[100.484831,14.125394],[100.481229,14.123686],[100.462533,14.123421],[100.457317,14.127644],[100.461457,14.125567],[100.461631,14.149387],[100.475498,14.153154],[100.481876,14.153249],[100.4906,14.150868],[100.499452,14.152379],[100.50307,14.151059],[100.506234,14.150816],[100.507079,14.151173],[100.5071910272178,14.15239689587611],[100.50804,14.153098],[100.50776500299595,14.154138988658959],[100.508706,14.154493],[100.50845006506673,14.155463753203914],[100.511203,14.155492],[100.511701,14.154483],[100.512827,14.154462],[100.513326,14.153452],[100.514452,14.153431],[100.514657,14.152427],[100.516145,14.152399],[100.517107,14.150493],[100.514758,14.149954],[100.51788,14.141795],[100.510296,14.142216],[100.508252,14.139017]],[[100.508928,14.152534],[100.515756,14.152406],[100.51506878069873,14.152419131579004],[100.508928,14.152534]]],[[[100.5071910272178,14.15239689587611],[100.505699,14.151165],[100.507191,14.152397],[100.5071910272178,14.15239689587611]]],[[[100.50776500299595,14.154138988658959],[100.507655,14.154077],[100.507765,14.154139],[100.50776500299595,14.154138988658959]]],[[[100.50845006506673,14.155463753203914],[100.508288,14.155423],[100.50845,14.155464],[100.50845006506673,14.155463753203914]]]]},"bbox":[100.457317,14.123421,100.51788,14.155534]},{"type":"Feature","id":"1f750dd5-bcf5-4e42-9b30-93ed1450c4c7","properties":{"id":"1f750dd5-bcf5-4e42-9b30-93ed1450c4c7","code":"06140409","provinceCode":"14","nameTh":"องค์การบริหารส่วนตำบล ไผ่พระ","nameEn":null,"geometryType":"MUNICIPALITY","sourceUrl":"https://landometer.com/api/v2/citymeter-v3/grocery/info/geom/1f750dd5-bcf5-4e42-9b30-93ed1450c4c7/MUNICIPALITY","sourceSha256":"bb4ba29f626d63e3e84d2c46ebb6f68c041b60e549079d6d79473bd08eb336ad","retrievedAt":"2026-10-04T05:42:27.981818+00:00","boundaryVintage":null,"geometryStatus":"native_source_polygon_display_simplified","simplificationToleranceDegrees":0.00015,"simplificationPreservesTopology":true,"invalidSourceRepair":"make_valid; retain polygonal components; discard zero-area collapsed lines","legalBoundaryIndependentlyVerified":false,"areaId":"1f750dd5-bcf5-4e42-9b30-93ed1450c4c7"},"geometry":{"type":"MultiPolygon","coordinates":[[[[100.466694,14.229509],[100.466366,14.227216],[100.464069,14.228359],[100.463395,14.226538],[100.459432,14.227382],[100.457666,14.225174],[100.454394,14.227479],[100.4517,14.225028],[100.450493,14.220121],[100.452063,14.219186],[100.451738,14.217019],[100.449464,14.213737],[100.450333,14.203107],[100.448709,14.195225],[100.45216,14.173808],[100.438193,14.173683],[100.434331,14.174952],[100.424834,14.173843],[100.424837,14.174801],[100.414025,14.178878],[100.416396,14.182403],[100.416822,14.183385],[100.417029,14.18816],[100.416581,14.18906],[100.415975,14.193063],[100.416762,14.194685],[100.417495,14.195376],[100.416646,14.204406],[100.417853,14.209791],[100.417715,14.211266],[100.419085,14.215643],[100.419978,14.217703],[100.420334,14.220009],[100.420378,14.221066],[100.419855,14.2227],[100.419254,14.223456],[100.417926,14.224206],[100.419121,14.226564],[100.421524,14.227778],[100.426329,14.227247],[100.42699,14.226812],[100.427493,14.226789],[100.427322,14.22857],[100.427631,14.229751],[100.427529,14.231516],[100.427719,14.232552],[100.428184,14.23259],[100.428506,14.234145],[100.427387,14.234743],[100.427603,14.236874],[100.426036,14.237063],[100.42672,14.240362],[100.426678,14.240864],[100.4263,14.240965],[100.426375,14.244278],[100.425689,14.24436],[100.42567,14.244904],[100.42637,14.244906],[100.426067,14.246106],[100.424786,14.246434],[100.424619,14.247671],[100.425104,14.247615],[100.425129,14.249915],[100.425734,14.250928],[100.42852175620177,14.250886569477709],[100.428176,14.250276],[100.428346,14.249928],[100.429176,14.250246],[100.43583,14.245392],[100.453401,14.246674],[100.464639,14.243062],[100.481077,14.241117],[100.477802,14.239827],[100.477841,14.231588],[100.472415,14.230926],[100.471085,14.229045],[100.466694,14.229509]]],[[[100.480512,14.24046],[100.480762,14.240042],[100.480694,14.240155],[100.480512,14.24046]]],[[[100.428582,14.250885],[100.42852175620177,14.250886569477709],[100.428522,14.250887],[100.428582,14.250885]]]]},"bbox":[100.414025,14.173683,100.481077,14.250972]},{"type":"Feature","id":"db71a1ba-fd23-461b-a037-e8158f10a2e6","properties":{"id":"db71a1ba-fd23-461b-a037-e8158f10a2e6","code":"06140410","provinceCode":"14","nameTh":"องค์การบริหารส่วนตำบล โพแตง","nameEn":null,"geometryType":"MUNICIPALITY","sourceUrl":"https://landometer.com/api/v2/citymeter-v3/grocery/info/geom/db71a1ba-fd23-461b-a037-e8158f10a2e6/MUNICIPALITY","sourceSha256":"b7b6b88c5a50b5563c255976b09f449393589a90b095b91dc28339ba03c198f0","retrievedAt":"2026-10-04T05:42:27.982104+00:00","boundaryVintage":null,"geometryStatus":"native_source_polygon_display_simplified","simplificationToleranceDegrees":0.00015,"simplificationPreservesTopology":true,"invalidSourceRepair":"make_valid; retain polygonal components; discard zero-area collapsed lines","legalBoundaryIndependentlyVerified":false,"areaId":"db71a1ba-fd23-461b-a037-e8158f10a2e6"},"geometry":{"type":"Polygon","coordinates":[[[100.561511,14.147108],[100.564851,14.1468],[100.567124,14.14522],[100.572451,14.143324],[100.574468,14.138217],[100.578984,14.13878],[100.580471,14.127746],[100.576454,14.125038],[100.574998,14.123898],[100.574251,14.122927],[100.573607,14.122654],[100.570711,14.122778],[100.568523,14.122381],[100.566564,14.122628],[100.562661,14.122428],[100.561697,14.121861],[100.561107,14.120879],[100.560812,14.120776],[100.560644,14.119161],[100.560206,14.118157],[100.557512,14.119858],[100.556088,14.120269],[100.554467,14.119644],[100.553653,14.118805],[100.552876,14.118758],[100.552764,14.118107],[100.552326,14.118479],[100.551889,14.118414],[100.551664,14.11724],[100.551961,14.116998],[100.552612,14.117077],[100.553025,14.115732],[100.553857,14.114975],[100.55342,14.114646],[100.553368,14.11386],[100.55285,14.113655],[100.55264,14.113297],[100.553103,14.111882],[100.553575,14.111455],[100.551367,14.111093],[100.551094,14.112533],[100.550357,14.113426],[100.549094,14.114247],[100.548288,14.114364],[100.546428,14.116027],[100.538745,14.118778],[100.537811,14.118971],[100.536874,14.118044],[100.53085,14.119649],[100.526515,14.121704],[100.526335,14.122075],[100.527765,14.121419],[100.51788,14.141795],[100.514758,14.149954],[100.516631,14.150383],[100.520347,14.141788],[100.522166,14.140777],[100.526784,14.143575],[100.525467,14.145192],[100.534844,14.14997],[100.551112,14.151593],[100.551005,14.154928],[100.552259,14.153621],[100.554449,14.15262],[100.555097,14.149963],[100.556252,14.149264],[100.556661,14.148441],[100.559276,14.148437],[100.561511,14.147108]]]},"bbox":[100.514758,14.111093,100.580471,14.154928]},{"type":"Feature","id":"a43d19aa-be86-48e6-9765-578cf626b26e","properties":{"id":"a43d19aa-be86-48e6-9765-578cf626b26e","code":"06140411","provinceCode":"14","nameTh":"องค์การบริหารส่วนตำบล สนามชัย","nameEn":null,"geometryType":"MUNICIPALITY","sourceUrl":"https://landometer.com/api/v2/citymeter-v3/grocery/info/geom/a43d19aa-be86-48e6-9765-578cf626b26e/MUNICIPALITY","sourceSha256":"a2d65e6728a944796611cd1be14199c81983dcf0fb8be27825d1d4626ce185fd","retrievedAt":"2026-10-04T05:42:28.079012+00:00","boundaryVintage":null,"geometryStatus":"native_source_polygon_display_simplified","simplificationToleranceDegrees":0.00015,"simplificationPreservesTopology":true,"invalidSourceRepair":"make_valid; retain polygonal components; discard zero-area collapsed lines","legalBoundaryIndependentlyVerified":false,"areaId":"a43d19aa-be86-48e6-9765-578cf626b26e"},"geometry":{"type":"Polygon","coordinates":[[[100.48576,14.226419],[100.48433,14.232623],[100.485909,14.235421],[100.495799,14.239702],[100.515897,14.238447],[100.51776,14.238831],[100.522717,14.233005],[100.525327,14.230611],[100.529968,14.228143],[100.528332,14.225262],[100.528709,14.225216],[100.528762,14.224018],[100.530076,14.223168],[100.529709,14.221561],[100.529886,14.221424],[100.529779,14.221087],[100.530293,14.220898],[100.52994,14.220006],[100.530511,14.21971],[100.529401,14.216662],[100.530291,14.216188],[100.529952,14.215163],[100.530234,14.214979],[100.529343,14.212566],[100.530246,14.212303],[100.531823,14.212182],[100.532683,14.212395],[100.532954,14.212213],[100.53194,14.209122],[100.5327,14.208526],[100.532893,14.206161],[100.532219,14.204046],[100.531643,14.203854],[100.531223,14.203383],[100.531926,14.202929],[100.532163,14.202203],[100.52947,14.197062],[100.530023,14.196398],[100.529861,14.196265],[100.528236,14.196807],[100.526547,14.196317],[100.515329,14.200062],[100.517611,14.200106],[100.507176,14.199906],[100.504165,14.205253],[100.504176,14.21362],[100.501797,14.21501],[100.498105,14.213753],[100.495183,14.214608],[100.48576,14.226419]]]},"bbox":[100.48433,14.196265,100.532954,14.239702]},{"type":"Feature","id":"3d21e468-c3f5-44fb-9001-d27621cd5044","properties":{"id":"3d21e468-c3f5-44fb-9001-d27621cd5044","code":"06140503","provinceCode":"14","nameTh":"องค์การบริหารส่วนตำบล กบเจา","nameEn":null,"geometryType":"MUNICIPALITY","sourceUrl":"https://landometer.com/api/v2/citymeter-v3/grocery/info/geom/3d21e468-c3f5-44fb-9001-d27621cd5044/MUNICIPALITY","sourceSha256":"42717c0b1d21faae631ee789eb43b6ba9ce359b069d782fadc7120eb9b28f464","retrievedAt":"2026-10-04T05:42:28.078771+00:00","boundaryVintage":null,"geometryStatus":"native_source_polygon_display_simplified","simplificationToleranceDegrees":0.00015,"simplificationPreservesTopology":true,"invalidSourceRepair":"make_valid; retain polygonal components; discard zero-area collapsed lines","legalBoundaryIndependentlyVerified":false,"areaId":"3d21e468-c3f5-44fb-9001-d27621cd5044"},"geometry":{"type":"MultiPolygon","coordinates":[[[[100.492163,14.345692],[100.493459,14.340655],[100.496649,14.340575],[100.487191,14.338099],[100.474069,14.339882],[100.473056,14.345765],[100.472968,14.350262],[100.473816,14.351402],[100.465775,14.355467],[100.462333,14.361368],[100.450961,14.361985],[100.44879018135035,14.362595230127326],[100.448982,14.362942],[100.447975,14.363061],[100.448925,14.366293],[100.447793,14.383805],[100.449419,14.387069],[100.452083,14.385166],[100.452123,14.383329],[100.453364,14.384554],[100.455775,14.383065],[100.456387,14.37887],[100.466544,14.376241],[100.466912,14.374551],[100.477605,14.371046],[100.479813,14.365512],[100.483478,14.361721],[100.482284,14.3591],[100.478812,14.361014],[100.477698,14.359223],[100.481955,14.358201],[100.491281,14.347023],[100.48992,14.346395],[100.492163,14.345692]]],[[[100.446092,14.363354],[100.44747337599054,14.362965392002659],[100.44879018135035,14.362595230127326],[100.44879,14.362595],[100.447055,14.363083],[100.446092,14.363354]]]]},"bbox":[100.446092,14.338099,100.496649,14.387069]},{"type":"Feature","id":"11a48b38-dac0-4494-b3ef-10915bae1fe5","properties":{"id":"11a48b38-dac0-4494-b3ef-10915bae1fe5","code":"06140504","provinceCode":"14","nameTh":"องค์การบริหารส่วนตำบล น้ำเต้า","nameEn":null,"geometryType":"MUNICIPALITY","sourceUrl":"https://landometer.com/api/v2/citymeter-v3/grocery/info/geom/11a48b38-dac0-4494-b3ef-10915bae1fe5/MUNICIPALITY","sourceSha256":"34acd862920e684bda63fd5377aa8c8ae501c380234475540e25ae14282c644b","retrievedAt":"2026-10-04T05:42:28.079073+00:00","boundaryVintage":null,"geometryStatus":"native_source_polygon_display_simplified","simplificationToleranceDegrees":0.00015,"simplificationPreservesTopology":true,"invalidSourceRepair":"make_valid; retain polygonal components; discard zero-area collapsed lines","legalBoundaryIndependentlyVerified":false,"areaId":"11a48b38-dac0-4494-b3ef-10915bae1fe5"},"geometry":{"type":"Polygon","coordinates":[[[100.44879,14.362595],[100.441178,14.364735],[100.444453,14.358626],[100.444571,14.343626],[100.452677,14.339698],[100.455179,14.335255],[100.45009,14.33216],[100.450694,14.329999],[100.453856,14.33182],[100.449681,14.327015],[100.448801,14.323503],[100.449014,14.323501],[100.448577,14.32348],[100.446001,14.321768],[100.432008,14.307273],[100.431479,14.312071],[100.428642,14.326642],[100.427837,14.327398],[100.427347,14.328787],[100.425839,14.330925],[100.424577,14.330944],[100.422268,14.330463],[100.420678,14.330772],[100.420457,14.331722],[100.419894,14.332106],[100.419995,14.333139],[100.419537,14.334286],[100.419494,14.336389],[100.419731,14.337668],[100.420233,14.338509],[100.42472,14.340433],[100.426615,14.342724],[100.42848,14.346767],[100.431153,14.35508],[100.432455,14.357501],[100.436221,14.36165],[100.436741,14.364144],[100.436324,14.364873],[100.435057,14.365481],[100.425362,14.367731],[100.421493,14.368219],[100.420786,14.367943],[100.420901,14.36715],[100.418794,14.366837],[100.418661,14.367752],[100.417779,14.368504],[100.417811,14.370365],[100.416812,14.370953],[100.416458,14.371661],[100.415925,14.374831],[100.416983,14.389897],[100.416282,14.396396],[100.417286,14.399297],[100.417469,14.401651],[100.41649,14.410457],[100.416831,14.4101],[100.416649,14.411232],[100.424389,14.40805],[100.43385,14.407765],[100.452874,14.408762],[100.452378,14.391776],[100.449597,14.386941],[100.449419,14.387069],[100.447793,14.383805],[100.448925,14.366293],[100.447975,14.363061],[100.448982,14.362942],[100.44879,14.362595]]]},"bbox":[100.415925,14.307273,100.455179,14.411232]},{"type":"Feature","id":"17b32b18-d758-4adb-9513-7d546c673d72","properties":{"id":"17b32b18-d758-4adb-9513-7d546c673d72","code":"06140505","provinceCode":"14","nameTh":"องค์การบริหารส่วนตำบล บ้านคลัง","nameEn":null,"geometryType":"MUNICIPALITY","sourceUrl":"https://landometer.com/api/v2/citymeter-v3/grocery/info/geom/17b32b18-d758-4adb-9513-7d546c673d72/MUNICIPALITY","sourceSha256":"d2be5f843b0c84743af1242ac217fc24f8451a44b81e0f8ad7a256d109d97528","retrievedAt":"2026-10-04T05:42:28.078650+00:00","boundaryVintage":null,"geometryStatus":"native_source_polygon_display_simplified","simplificationToleranceDegrees":0.00015,"simplificationPreservesTopology":true,"invalidSourceRepair":"make_valid; retain polygonal components; discard zero-area collapsed lines","legalBoundaryIndependentlyVerified":false,"areaId":"17b32b18-d758-4adb-9513-7d546c673d72"},"geometry":{"type":"Polygon","coordinates":[[[100.468702,14.344525],[100.470304,14.339265],[100.47056,14.334053],[100.471016,14.336927],[100.470146,14.33144],[100.470201,14.331788],[100.460438,14.329479],[100.454262,14.332287],[100.453856,14.33182],[100.450694,14.329999],[100.45009,14.33216],[100.455179,14.335255],[100.452677,14.339698],[100.444571,14.343626],[100.444453,14.358626],[100.441178,14.364735],[100.450961,14.361985],[100.462333,14.361368],[100.465775,14.355467],[100.473816,14.351402],[100.470042,14.346327],[100.472968,14.350262],[100.472958,14.350795],[100.468702,14.344525]]]},"bbox":[100.441178,14.329479,100.473816,14.364735]},{"type":"Feature","id":"73d75bf0-3c31-49bb-9290-fc844634fdb8","properties":{"id":"73d75bf0-3c31-49bb-9290-fc844634fdb8","code":"06140506","provinceCode":"14","nameTh":"องค์การบริหารส่วนตำบล พระขาว","nameEn":null,"geometryType":"MUNICIPALITY","sourceUrl":"https://landometer.com/api/v2/citymeter-v3/grocery/info/geom/73d75bf0-3c31-49bb-9290-fc844634fdb8/MUNICIPALITY","sourceSha256":"033bc18d32b4e35bd74aa4bb9b7bfa8246400d3bc0b656861681e743e4065cc7","retrievedAt":"2026-10-04T05:42:28.075334+00:00","boundaryVintage":null,"geometryStatus":"native_source_polygon_display_simplified","simplificationToleranceDegrees":0.00015,"simplificationPreservesTopology":true,"invalidSourceRepair":"make_valid; retain polygonal components; discard zero-area collapsed lines","legalBoundaryIndependentlyVerified":false,"areaId":"73d75bf0-3c31-49bb-9290-fc844634fdb8"},"geometry":{"type":"MultiPolygon","coordinates":[[[[100.49498,14.328026],[100.49498056317688,14.328026400722013],[100.495109,14.328083],[100.49498,14.328026]]],[[[100.47020100394452,14.331788024886764],[100.47056,14.334053],[100.470666,14.331898],[100.47020100394452,14.331788024886764]]],[[[100.472958,14.350795],[100.473056,14.345765],[100.474069,14.339882],[100.487191,14.338099],[100.498684,14.341108],[100.499069,14.3388],[100.49794,14.338558],[100.499047,14.338059],[100.495136,14.33622],[100.497098,14.335556],[100.495032,14.328063],[100.491404,14.325805],[100.489522,14.324218],[100.487303,14.321865],[100.484012,14.317525],[100.480749,14.316769],[100.477,14.319889],[100.476716,14.319192],[100.475952,14.319593],[100.471853,14.319466],[100.468839,14.31864],[100.465374,14.31979],[100.4636,14.319874],[100.460711,14.320411],[100.46054,14.320851],[100.458325,14.321289],[100.457155,14.32192],[100.453875,14.323033],[100.451901,14.323448],[100.448679,14.323504],[100.449681,14.327015],[100.454262,14.332287],[100.460438,14.329479],[100.470666,14.331898],[100.470304,14.339265],[100.468702,14.344525],[100.472958,14.350795]]]]},"bbox":[100.448679,14.316769,100.499069,14.350795]},{"type":"Feature","id":"9a38bfe7-3b4d-4e91-ad2e-c77e2fe296c5","properties":{"id":"9a38bfe7-3b4d-4e91-ad2e-c77e2fe296c5","code":"06140610","provinceCode":"14","nameTh":"องค์การบริหารส่วนตำบล เกาะเกิด","nameEn":null,"geometryType":"MUNICIPALITY","sourceUrl":"https://landometer.com/api/v2/citymeter-v3/grocery/info/geom/9a38bfe7-3b4d-4e91-ad2e-c77e2fe296c5/MUNICIPALITY","sourceSha256":"be60e6175b534217f3ad339591a8fbdebfd652fac04d31d67696e8a7998b2f7d","retrievedAt":"2026-10-04T05:42:28.078547+00:00","boundaryVintage":null,"geometryStatus":"native_source_polygon_display_simplified","simplificationToleranceDegrees":0.00015,"simplificationPreservesTopology":true,"invalidSourceRepair":"make_valid; retain polygonal components; discard zero-area collapsed lines","legalBoundaryIndependentlyVerified":false,"areaId":"9a38bfe7-3b4d-4e91-ad2e-c77e2fe296c5"},"geometry":{"type":"Polygon","coordinates":[[[100.562454,14.216111],[100.566329,14.211651],[100.564493,14.20632],[100.565601,14.205694],[100.568309,14.209456],[100.568777,14.20895],[100.561663,14.199477],[100.567899,14.20861],[100.560388,14.19761],[100.55646,14.195301],[100.544365,14.192236],[100.532401,14.195657],[100.531814,14.194558],[100.531444,14.194692],[100.52947,14.197062],[100.532145,14.202149],[100.531926,14.202929],[100.531223,14.203383],[100.531643,14.203854],[100.532219,14.204046],[100.532894,14.206195],[100.5327,14.208526],[100.53194,14.209122],[100.532947,14.212275],[100.531383,14.21221],[100.529343,14.212566],[100.530234,14.214979],[100.529952,14.215163],[100.530291,14.216188],[100.529401,14.216662],[100.530512,14.219675],[100.52994,14.220006],[100.530293,14.220898],[100.529779,14.221087],[100.529875,14.221838],[100.530498,14.221987],[100.530522,14.221075],[100.537582,14.220882],[100.542451,14.219335],[100.544913,14.21646],[100.550939,14.215025],[100.562454,14.216111]]]},"bbox":[100.529342,14.192236,100.568777,14.221987]},{"type":"Feature","id":"5d914d92-34c9-4d91-bf59-6f5e9907c164","properties":{"id":"5d914d92-34c9-4d91-bf59-6f5e9907c164","code":"06140611","provinceCode":"14","nameTh":"องค์การบริหารส่วนตำบล ตลิ่งชัน","nameEn":null,"geometryType":"MUNICIPALITY","sourceUrl":"https://landometer.com/api/v2/citymeter-v3/grocery/info/geom/5d914d92-34c9-4d91-bf59-6f5e9907c164/MUNICIPALITY","sourceSha256":"25d3d39946f85994468d91d831c0d7bb87610d39018d93a31205db745f3ca4b6","retrievedAt":"2026-10-04T05:42:28.058642+00:00","boundaryVintage":null,"geometryStatus":"native_source_polygon_display_simplified","simplificationToleranceDegrees":0.00015,"simplificationPreservesTopology":true,"invalidSourceRepair":"make_valid; retain polygonal components; discard zero-area collapsed lines","legalBoundaryIndependentlyVerified":false,"areaId":"5d914d92-34c9-4d91-bf59-6f5e9907c164"},"geometry":{"type":"Polygon","coordinates":[[[100.631971,14.30921],[100.63441,14.306725],[100.632832,14.304551],[100.636239,14.304286],[100.629036,14.287751],[100.633656,14.292773],[100.636033,14.291053],[100.632978,14.283866],[100.628973,14.283476],[100.625333,14.273427],[100.629668,14.27281],[100.632035,14.270571],[100.633166,14.266563],[100.630643,14.263312],[100.633764,14.259317],[100.638476,14.258584],[100.644285,14.262101],[100.648313,14.259611],[100.649443,14.254913],[100.650397,14.255856],[100.652627,14.245585],[100.650783,14.243549],[100.65021,14.240796],[100.648747,14.238779],[100.645142,14.236327],[100.637443,14.241966],[100.632384,14.252747],[100.62706,14.254869],[100.626319,14.258602],[100.623418,14.260263],[100.619052,14.266877],[100.612998,14.278819],[100.612716,14.282965],[100.611955,14.286837],[100.608565,14.291771],[100.609259,14.295893],[100.614151,14.299724],[100.615184,14.303252],[100.62267,14.303776],[100.621755,14.306465],[100.623061,14.30755],[100.624588,14.318214],[100.623503,14.319466],[100.62006,14.319086],[100.620108,14.319774],[100.621196,14.321239],[100.626126,14.323217],[100.629245,14.323331],[100.629749,14.320964],[100.630637,14.318735],[100.632624,14.318816],[100.633317,14.318575],[100.633509,14.318211],[100.632665,14.317817],[100.633492,14.310306],[100.631971,14.30921]]]},"bbox":[100.608565,14.236327,100.652627,14.323331]},{"type":"Feature","id":"29d2e07d-3f62-4395-9a03-6a04372cc381","properties":{"id":"29d2e07d-3f62-4395-9a03-6a04372cc381","code":"06140612","provinceCode":"14","nameTh":"องค์การบริหารส่วนตำบล บางประแดง","nameEn":null,"geometryType":"MUNICIPALITY","sourceUrl":"https://landometer.com/api/v2/citymeter-v3/grocery/info/geom/29d2e07d-3f62-4395-9a03-6a04372cc381/MUNICIPALITY","sourceSha256":"0e0b1cb6c564bdc56f50e63c612e1c36e83bc752dd559b4f3d585abb26ba8f05","retrievedAt":"2026-10-04T05:42:28.065107+00:00","boundaryVintage":null,"geometryStatus":"native_source_polygon_display_simplified","simplificationToleranceDegrees":0.00015,"simplificationPreservesTopology":true,"invalidSourceRepair":"make_valid; retain polygonal components; discard zero-area collapsed lines","legalBoundaryIndependentlyVerified":false,"areaId":"29d2e07d-3f62-4395-9a03-6a04372cc381"},"geometry":{"type":"Polygon","coordinates":[[[100.54434,14.274701],[100.531993,14.268125],[100.530085,14.265483],[100.526633,14.265689],[100.527072,14.275382],[100.525498,14.274436],[100.523281,14.275853],[100.522506,14.276068],[100.522656,14.276548],[100.523775,14.277219],[100.52399,14.277855],[100.525157,14.278735],[100.527593,14.279986],[100.529664,14.281528],[100.532665,14.28307],[100.533235,14.283603],[100.534025,14.286081],[100.534352,14.286816],[100.535067,14.287537],[100.535997,14.290137],[100.535886,14.292155],[100.536192,14.293303],[100.536797,14.294023],[100.538611,14.294725],[100.541857,14.295047],[100.544852,14.296504],[100.547008,14.298692],[100.548283,14.30084],[100.548592,14.300867],[100.549619,14.300143],[100.550629,14.300483],[100.550957,14.300846],[100.552594,14.299311],[100.55326,14.299216],[100.553469,14.299758],[100.55378,14.299801],[100.554126,14.299148],[100.556331,14.299075],[100.556399,14.298406],[100.556657,14.298222],[100.55682,14.298633],[100.557499,14.299085],[100.556992,14.299541],[100.557513,14.299864],[100.557651,14.300231],[100.558452,14.299955],[100.558838,14.299023],[100.560722,14.299029],[100.561111,14.300112],[100.562526,14.300269],[100.56242,14.301158],[100.563151,14.302372],[100.564671,14.302591],[100.565569,14.3024],[100.563491,14.291592],[100.566763,14.286189],[100.568956,14.28463],[100.566144,14.282416],[100.54597,14.274119],[100.54434,14.274701]]]},"bbox":[100.522506,14.265483,100.568956,14.302591]},{"type":"Feature","id":"36375154-5ad5-4251-9369-a759c8a8d3df","properties":{"id":"36375154-5ad5-4251-9369-a759c8a8d3df","code":"06140613","provinceCode":"14","nameTh":"องค์การบริหารส่วนตำบล บ้านแป้ง","nameEn":null,"geometryType":"MUNICIPALITY","sourceUrl":"https://landometer.com/api/v2/citymeter-v3/grocery/info/geom/36375154-5ad5-4251-9369-a759c8a8d3df/MUNICIPALITY","sourceSha256":"b4afa7758c1dc41c09ca53e77976527699adacb1c95fa0d8790f5b70449381db","retrievedAt":"2026-10-04T05:42:28.226320+00:00","boundaryVintage":null,"geometryStatus":"native_source_polygon_display_simplified","simplificationToleranceDegrees":0.00015,"simplificationPreservesTopology":true,"invalidSourceRepair":"make_valid; retain polygonal components; discard zero-area collapsed lines","legalBoundaryIndependentlyVerified":false,"areaId":"36375154-5ad5-4251-9369-a759c8a8d3df"},"geometry":{"type":"Polygon","coordinates":[[[100.578103,14.241414],[100.574523,14.231507],[100.57357,14.227352],[100.562465,14.228135],[100.558991,14.23099],[100.545511,14.230679],[100.530365,14.227132],[100.530196,14.22812],[100.529889,14.227947],[100.529968,14.228143],[100.526655,14.229735],[100.525327,14.230611],[100.522717,14.233005],[100.51754,14.23911],[100.527924,14.240318],[100.527596,14.241786],[100.527792,14.241918],[100.528127,14.241989],[100.528,14.24094],[100.54835,14.245262],[100.557641,14.249097],[100.563529,14.249448],[100.581765,14.254646],[100.580018,14.246311],[100.581441,14.243937],[100.578103,14.241414]]]},"bbox":[100.51754,14.227132,100.581765,14.254646]},{"type":"Feature","id":"b01f402e-2f0a-4649-a8d8-1ebdb1bd1982","properties":{"id":"b01f402e-2f0a-4649-a8d8-1ebdb1bd1982","code":"06140614","provinceCode":"14","nameTh":"องค์การบริหารส่วนตำบล บ้านพลับ","nameEn":null,"geometryType":"MUNICIPALITY","sourceUrl":"https://landometer.com/api/v2/citymeter-v3/grocery/info/geom/b01f402e-2f0a-4649-a8d8-1ebdb1bd1982/MUNICIPALITY","sourceSha256":"523a370b9627149c8e6d4b7b4b34076974e8fd5bbdca06ccf94159b3852c7d63","retrievedAt":"2026-10-04T05:42:28.220204+00:00","boundaryVintage":null,"geometryStatus":"native_source_polygon_display_simplified","simplificationToleranceDegrees":0.00015,"simplificationPreservesTopology":true,"invalidSourceRepair":"make_valid; retain polygonal components; discard zero-area collapsed lines","legalBoundaryIndependentlyVerified":false,"areaId":"b01f402e-2f0a-4649-a8d8-1ebdb1bd1982"},"geometry":{"type":"Polygon","coordinates":[[[100.573059,14.214852],[100.572915,14.214235],[100.573653,14.21459],[100.574558,14.215815],[100.57501787586507,14.214755184581195],[100.575766,14.215767],[100.576008,14.214411],[100.576897,14.215616],[100.576972,14.214044],[100.57627498689506,14.211993886455105],[100.576135,14.210781],[100.5759170383031,14.211467879292538],[100.575189,14.210455],[100.574813,14.211644],[100.574084,14.210632],[100.57321413229302,14.212846599684754],[100.572162,14.211385],[100.571808,14.211194],[100.571171,14.212177],[100.570262,14.212169],[100.565601,14.205694],[100.564493,14.20632],[100.566329,14.211651],[100.562454,14.216111],[100.550939,14.215025],[100.544913,14.21646],[100.542451,14.219335],[100.537582,14.220882],[100.530522,14.221075],[100.530498,14.221987],[100.529875,14.221838],[100.529709,14.221561],[100.530076,14.223168],[100.528762,14.224018],[100.528709,14.225216],[100.528333,14.225271],[100.530137,14.228106],[100.530365,14.227132],[100.545511,14.230679],[100.558991,14.23099],[100.562465,14.228135],[100.57357,14.227352],[100.57398,14.228625],[100.571393,14.214897],[100.572759,14.216746],[100.572539,14.215579],[100.573059,14.214852]],[[100.575017,14.214754],[100.575007,14.214399],[100.57501787586507,14.214755184581195],[100.575017,14.214754]],[[100.576275,14.211994],[100.576238,14.21193],[100.57627498689506,14.211993886455105],[100.576275,14.211994]],[[100.57613,14.211764],[100.575917,14.211468],[100.5759170383031,14.211467879292538],[100.57613,14.211764]],[[100.573696,14.213516],[100.57321407332807,14.212846778111127],[100.57321413229302,14.212846599684754],[100.573696,14.213516]],[[100.573214,14.212847],[100.572587,14.211976],[100.57321407332807,14.212846778111127],[100.573214,14.212847]]]},"bbox":[100.528332,14.205694,100.577018,14.23099]},{"type":"Feature","id":"746be0fb-c6f6-443d-a1c3-cb8ed10c37bf","properties":{"id":"746be0fb-c6f6-443d-a1c3-cb8ed10c37bf","code":"06140615","provinceCode":"14","nameTh":"องค์การบริหารส่วนตำบล บ้านโพ","nameEn":null,"geometryType":"MUNICIPALITY","sourceUrl":"https://landometer.com/api/v2/citymeter-v3/grocery/info/geom/746be0fb-c6f6-443d-a1c3-cb8ed10c37bf/MUNICIPALITY","sourceSha256":"df35d86aa43e105ab0e092169fd931d304d5386e7648033e42fb4a72f05ba37d","retrievedAt":"2026-10-04T05:42:28.217314+00:00","boundaryVintage":null,"geometryStatus":"native_source_polygon_display_simplified","simplificationToleranceDegrees":0.00015,"simplificationPreservesTopology":true,"invalidSourceRepair":"make_valid; retain polygonal components; discard zero-area collapsed lines","legalBoundaryIndependentlyVerified":false,"areaId":"746be0fb-c6f6-443d-a1c3-cb8ed10c37bf"},"geometry":{"type":"MultiPolygon","coordinates":[[[[100.594121,14.282934],[100.601198,14.282994],[100.601548,14.282807],[100.602106,14.283096],[100.600557,14.27818],[100.597293,14.276479],[100.596221,14.272779],[100.600543,14.26047],[100.606831,14.254926],[100.607437,14.251114],[100.606766,14.251486],[100.581682,14.254353],[100.582153,14.260974],[100.576341,14.272345],[100.576717,14.278846],[100.566763,14.286189],[100.563491,14.291592],[100.566159,14.304641],[100.586735,14.303705],[100.586696,14.304028],[100.589485,14.303748],[100.589995,14.301283],[100.590196,14.301318],[100.586523,14.300675],[100.587961,14.288291],[100.592012,14.28927],[100.590679,14.289798],[100.592996,14.291429],[100.594121,14.282934]]],[[[100.586618,14.304679],[100.586696,14.304028],[100.586591,14.304899],[100.586618,14.304679]]]]},"bbox":[100.563491,14.251114,100.607437,14.304899]},{"type":"Feature","id":"3b9c90f1-f72c-4b67-861a-4d64123da43b","properties":{"id":"3b9c90f1-f72c-4b67-861a-4d64123da43b","code":"06140616","provinceCode":"14","nameTh":"องค์การบริหารส่วนตำบล บ้านหว้า","nameEn":null,"geometryType":"MUNICIPALITY","sourceUrl":"https://landometer.com/api/v2/citymeter-v3/grocery/info/geom/3b9c90f1-f72c-4b67-861a-4d64123da43b/MUNICIPALITY","sourceSha256":"8a672c0b35a78bc2fcf957256861745db65f53756828ba69d4752eb26eb0a714","retrievedAt":"2026-10-04T05:42:28.223183+00:00","boundaryVintage":null,"geometryStatus":"native_source_polygon_display_simplified","simplificationToleranceDegrees":0.00015,"simplificationPreservesTopology":true,"invalidSourceRepair":"make_valid; retain polygonal components; discard zero-area collapsed lines","legalBoundaryIndependentlyVerified":false,"areaId":"3b9c90f1-f72c-4b67-861a-4d64123da43b"},"geometry":{"type":"MultiPolygon","coordinates":[[[[100.640821,14.23392],[100.640835,14.233921],[100.640934,14.233922],[100.640821,14.23392]]],[[[100.645142,14.236327],[100.645857,14.235803],[100.64514181756947,14.2363268494556],[100.645142,14.236327]]],[[[100.6079204450054,14.25081201279203],[100.607394,14.251119],[100.60739477322988,14.251118910089547],[100.6079204450054,14.25081201279203]]],[[[100.606766,14.251486],[100.60739496556667,14.251118887724806],[100.60739477322988,14.251118910089547],[100.606766,14.251486]]],[[[100.596221,14.272779],[100.597293,14.276479],[100.600557,14.27818],[100.602192,14.283367],[100.606771,14.285514],[100.609605,14.283407],[100.609466,14.280248],[100.611653,14.28185],[100.610273,14.284781],[100.611883,14.286347],[100.612716,14.282965],[100.612998,14.278819],[100.619052,14.266877],[100.623418,14.260263],[100.626319,14.258602],[100.62706,14.254869],[100.632384,14.252747],[100.637443,14.241966],[100.64514181756947,14.2363268494556],[100.642153,14.233965],[100.641759,14.233945],[100.638088,14.231608],[100.642847,14.234638],[100.631139,14.241722],[100.630781,14.23989],[100.627026,14.237394],[100.621169,14.239543],[100.612744,14.239112],[100.61298,14.241433],[100.610766,14.242686],[100.610863,14.249095],[100.60739496556667,14.251118887724806],[100.606831,14.254926],[100.600543,14.26047],[100.596221,14.272779]]]]},"bbox":[100.596221,14.231608,100.645857,14.286347]},{"type":"Feature","id":"feea3056-0417-4a77-a250-9173fad21e78","properties":{"id":"feea3056-0417-4a77-a250-9173fad21e78","code":"06140617","provinceCode":"14","nameTh":"องค์การบริหารส่วนตำบล วัดยม","nameEn":null,"geometryType":"MUNICIPALITY","sourceUrl":"https://landometer.com/api/v2/citymeter-v3/grocery/info/geom/feea3056-0417-4a77-a250-9173fad21e78/MUNICIPALITY","sourceSha256":"2545f6f1b9378e47e46dd31ceed1e45d97d016908f2bfbe2d367ed5c605b093b","retrievedAt":"2026-10-04T05:42:28.224531+00:00","boundaryVintage":null,"geometryStatus":"native_source_polygon_display_simplified","simplificationToleranceDegrees":0.00015,"simplificationPreservesTopology":true,"invalidSourceRepair":"make_valid; retain polygonal components; discard zero-area collapsed lines","legalBoundaryIndependentlyVerified":false,"areaId":"feea3056-0417-4a77-a250-9173fad21e78"},"geometry":{"type":"MultiPolygon","coordinates":[[[[100.545771,14.261744],[100.55708,14.263951],[100.573512,14.269997],[100.573035,14.269822],[100.576474,14.274107],[100.576341,14.272345],[100.582153,14.260974],[100.581765,14.254646],[100.563529,14.249448],[100.557641,14.249097],[100.54835,14.245262],[100.528,14.24094],[100.528127,14.241989],[100.527596,14.241786],[100.527546,14.242206],[100.52811,14.244975],[100.528904,14.24513],[100.528703,14.246328],[100.528063,14.246659],[100.528104,14.247368],[100.530578,14.250759],[100.529634,14.251486],[100.53391,14.249085],[100.539186,14.251131],[100.540194,14.252755],[100.545771,14.261744]]],[[[100.536908,14.250248],[100.5401933086521,14.252754472547421],[100.539186,14.251131],[100.536908,14.250248]]]]},"bbox":[100.527546,14.24094,100.582153,14.274107]},{"type":"Feature","id":"3e5beed5-cd84-4d83-a429-a1e0e0b36707","properties":{"id":"3e5beed5-cd84-4d83-a429-a1e0e0b36707","code":"06140618","provinceCode":"14","nameTh":"องค์การบริหารส่วนตำบล สามเรือน","nameEn":null,"geometryType":"MUNICIPALITY","sourceUrl":"https://landometer.com/api/v2/citymeter-v3/grocery/info/geom/3e5beed5-cd84-4d83-a429-a1e0e0b36707/MUNICIPALITY","sourceSha256":"ee95d9a49c6342e4cc9838aa4f502b19f74930094cebee16d2a92b02fb41eb6d","retrievedAt":"2026-10-04T05:42:28.217491+00:00","boundaryVintage":null,"geometryStatus":"native_source_polygon_display_simplified","simplificationToleranceDegrees":0.00015,"simplificationPreservesTopology":true,"invalidSourceRepair":"make_valid; retain polygonal components; discard zero-area collapsed lines","legalBoundaryIndependentlyVerified":false,"areaId":"3e5beed5-cd84-4d83-a429-a1e0e0b36707"},"geometry":{"type":"MultiPolygon","coordinates":[[[[100.6596179902054,14.251245022849089],[100.659721,14.251386],[100.659618,14.251245],[100.6596179902054,14.251245022849089]]],[[[100.659138,14.250695],[100.657319,14.250106],[100.656483,14.249547],[100.654654,14.248082],[100.652627,14.245585],[100.650397,14.255856],[100.649443,14.254913],[100.648313,14.259611],[100.644285,14.262101],[100.638476,14.258584],[100.633764,14.259317],[100.630643,14.263312],[100.633166,14.266563],[100.632035,14.270571],[100.629668,14.27281],[100.625333,14.273427],[100.628973,14.283476],[100.632978,14.283866],[100.636033,14.291053],[100.633656,14.292773],[100.629036,14.287751],[100.636239,14.304286],[100.632832,14.304551],[100.63441,14.306725],[100.631971,14.30921],[100.633492,14.310306],[100.632665,14.317817],[100.633509,14.318211],[100.633317,14.318575],[100.632624,14.318816],[100.630637,14.318735],[100.629749,14.320964],[100.629245,14.323331],[100.644422,14.322767],[100.652138,14.322061],[100.653774,14.322515],[100.65411,14.322258],[100.656936,14.322811],[100.659108,14.322966],[100.665587,14.316538],[100.667358,14.31594],[100.666949,14.313372],[100.668278,14.313168],[100.669814,14.311829],[100.668998,14.311368],[100.669035,14.310995],[100.667961,14.310781],[100.666889,14.309377],[100.66521,14.308826],[100.667505,14.311832],[100.664138,14.307422],[100.662459,14.306871],[100.661874,14.306104],[100.661882,14.305351],[100.660895,14.304127],[100.660927,14.301029],[100.659959,14.298023],[100.659986,14.295488],[100.65898,14.296032],[100.65899,14.295066],[100.65385,14.280999],[100.65662,14.278406],[100.655658,14.260483],[100.6596179902054,14.251245022849089],[100.659138,14.250695]]]]},"bbox":[100.625333,14.245585,100.669814,14.323369]},{"type":"Feature","id":"98dc8989-4841-45f8-b999-11516c41b3a6","properties":{"id":"98dc8989-4841-45f8-b999-11516c41b3a6","code":"06140702","provinceCode":"14","nameTh":"องค์การบริหารส่วนตำบล ตานิม","nameEn":null,"geometryType":"MUNICIPALITY","sourceUrl":"https://landometer.com/api/v2/citymeter-v3/grocery/info/geom/98dc8989-4841-45f8-b999-11516c41b3a6/MUNICIPALITY","sourceSha256":"4d0f4d91b992a8b34b3106ee97d4cb04e3adfe1cf98b996f0b2c07d71d081100","retrievedAt":"2026-10-04T05:42:28.224358+00:00","boundaryVintage":null,"geometryStatus":"native_source_polygon_display_simplified","simplificationToleranceDegrees":0.00015,"simplificationPreservesTopology":true,"invalidSourceRepair":"make_valid; retain polygonal components; discard zero-area collapsed lines","legalBoundaryIndependentlyVerified":false,"areaId":"98dc8989-4841-45f8-b999-11516c41b3a6"},"geometry":{"type":"Polygon","coordinates":[[[100.552251,14.476418],[100.548803,14.474258],[100.548056,14.478569],[100.538462,14.464924],[100.538386,14.46398],[100.538126,14.46409],[100.536254,14.467455],[100.528861,14.46318],[100.528328,14.460861],[100.522309,14.462221],[100.521873,14.461863],[100.509644,14.47633],[100.515592,14.480233],[100.522995,14.481654],[100.521924,14.485878],[100.519554,14.485405],[100.517242,14.487929],[100.517317,14.489104],[100.517124,14.489423],[100.517383,14.490158],[100.519907,14.492043],[100.534841,14.495769],[100.538256,14.499075],[100.53874,14.50348],[100.53873,14.498283],[100.539978,14.496194],[100.54656,14.492535],[100.551135,14.482018],[100.553883,14.481504],[100.552251,14.476418]]]},"bbox":[100.509644,14.460861,100.553883,14.50348]},{"type":"Feature","id":"338ada89-2e79-41d7-8dc3-614af8b18f22","properties":{"id":"338ada89-2e79-41d7-8dc3-614af8b18f22","code":"06140703","provinceCode":"14","nameTh":"องค์การบริหารส่วนตำบล ทับน้ำ","nameEn":null,"geometryType":"MUNICIPALITY","sourceUrl":"https://landometer.com/api/v2/citymeter-v3/grocery/info/geom/338ada89-2e79-41d7-8dc3-614af8b18f22/MUNICIPALITY","sourceSha256":"104d06e1144933068a5287577787367876b08e68d44b7e4f1622ae61d7f4f008","retrievedAt":"2026-10-04T05:42:28.241779+00:00","boundaryVintage":null,"geometryStatus":"native_source_polygon_display_simplified","simplificationToleranceDegrees":0.00015,"simplificationPreservesTopology":true,"invalidSourceRepair":"make_valid; retain polygonal components; discard zero-area collapsed lines","legalBoundaryIndependentlyVerified":false,"areaId":"338ada89-2e79-41d7-8dc3-614af8b18f22"},"geometry":{"type":"Polygon","coordinates":[[[100.521873,14.461863],[100.51114,14.453029],[100.511341,14.452881],[100.511134,14.453029],[100.505903,14.448664],[100.505984,14.44818],[100.505773,14.449055],[100.505183,14.449297],[100.504958,14.450012],[100.504234,14.449994],[100.502868,14.45051],[100.502325,14.451176],[100.501677,14.451439],[100.501594,14.452447],[100.500647,14.453079],[100.500421,14.453525],[100.500465,14.453768],[100.501183,14.454203],[100.500949,14.456024],[100.499393,14.45716],[100.498451,14.457491],[100.497437,14.458447],[100.494304,14.465525],[100.493835,14.467379],[100.494127,14.482464],[100.492401,14.486099],[100.491101,14.487469],[100.491216,14.487834],[100.490973,14.488373],[100.491394,14.489661],[100.492348,14.4958],[100.493095,14.496192],[100.49544,14.498839],[100.49608,14.500396],[100.497325,14.501257],[100.500147,14.502363],[100.496583,14.507335],[100.500377,14.502294],[100.506109,14.508781],[100.507856,14.508471],[100.516517,14.498618],[100.519907,14.492043],[100.517383,14.490158],[100.517124,14.489423],[100.517317,14.489104],[100.517242,14.487929],[100.519554,14.485405],[100.521924,14.485878],[100.522995,14.481654],[100.515592,14.480233],[100.509644,14.47633],[100.521873,14.461863]]]},"bbox":[100.490973,14.44818,100.522995,14.508781]},{"type":"Feature","id":"d5c405e9-beb7-4eea-9737-a8360a8fba11","properties":{"id":"d5c405e9-beb7-4eea-9737-a8360a8fba11","code":"06140704","provinceCode":"14","nameTh":"องค์การบริหารส่วนตำบล บางเดื่อ","nameEn":null,"geometryType":"MUNICIPALITY","sourceUrl":"https://landometer.com/api/v2/citymeter-v3/grocery/info/geom/d5c405e9-beb7-4eea-9737-a8360a8fba11/MUNICIPALITY","sourceSha256":"a82ee1c8c669708bce864280955598ac51f1a9395088c90dca132a6a890700e7","retrievedAt":"2026-10-04T05:42:28.308596+00:00","boundaryVintage":null,"geometryStatus":"native_source_polygon_display_simplified","simplificationToleranceDegrees":0.00015,"simplificationPreservesTopology":true,"invalidSourceRepair":"make_valid; retain polygonal components; discard zero-area collapsed lines","legalBoundaryIndependentlyVerified":false,"areaId":"d5c405e9-beb7-4eea-9737-a8360a8fba11"},"geometry":{"type":"Polygon","coordinates":[[[100.597643,14.435026],[100.596469,14.43519],[100.595649,14.433926],[100.594733,14.433462],[100.592285,14.433095],[100.580456,14.43012],[100.579794,14.427092],[100.578581,14.424716],[100.577786,14.422301],[100.578031,14.421164],[100.576967,14.412067],[100.557254,14.4291],[100.557005,14.431148],[100.560403,14.433351],[100.562325,14.44014],[100.566923,14.444266],[100.568409,14.449115],[100.566605,14.449986],[100.575259,14.45568],[100.576448,14.454495],[100.584506,14.450882],[100.587954,14.447142],[100.589683,14.446294],[100.597112,14.440894],[100.597746,14.439303],[100.59809,14.437631],[100.597643,14.435026]]]},"bbox":[100.557005,14.412067,100.59809,14.45568]},{"type":"Feature","id":"cdf8de38-4c61-4087-9059-fae2cb0c0aa3","properties":{"id":"cdf8de38-4c61-4087-9059-fae2cb0c0aa3","code":"06140705","provinceCode":"14","nameTh":"องค์การบริหารส่วนตำบล บางปะหัน","nameEn":null,"geometryType":"MUNICIPALITY","sourceUrl":"https://landometer.com/api/v2/citymeter-v3/grocery/info/geom/cdf8de38-4c61-4087-9059-fae2cb0c0aa3/MUNICIPALITY","sourceSha256":"c61ad05d3b252547f28f0bfa15f97476baeb2eea99b3c685ceae423e45013ea2","retrievedAt":"2026-10-04T05:42:28.297158+00:00","boundaryVintage":null,"geometryStatus":"native_source_polygon_display_simplified","simplificationToleranceDegrees":0.00015,"simplificationPreservesTopology":true,"invalidSourceRepair":"make_valid; retain polygonal components; discard zero-area collapsed lines","legalBoundaryIndependentlyVerified":false,"areaId":"cdf8de38-4c61-4087-9059-fae2cb0c0aa3"},"geometry":{"type":"MultiPolygon","coordinates":[[[[100.55143,14.436365],[100.55700495007565,14.431148425545619],[100.557005,14.431148],[100.55143,14.436365]]],[[[100.547262,14.447989],[100.546609,14.464803],[100.550753,14.472224],[100.547445,14.473041],[100.54886,14.473928],[100.54880304367906,14.47425774712128],[100.552251,14.476418],[100.565263,14.470523],[100.564488,14.46787],[100.564566,14.466956],[100.56489,14.466475],[100.565581,14.466385],[100.566807,14.465694],[100.568225,14.465681],[100.571321,14.465883],[100.572937,14.466572],[100.574649,14.465802],[100.575943,14.46469],[100.576596,14.462179],[100.576643,14.460955],[100.576394,14.459774],[100.574849,14.456281],[100.575259,14.45568],[100.566605,14.449986],[100.568409,14.449115],[100.566923,14.444266],[100.562325,14.44014],[100.560403,14.433351],[100.557108,14.431052],[100.55143,14.436365],[100.546594,14.438398],[100.546862,14.438519],[100.544616,14.447913],[100.547262,14.447989]]],[[[100.54880304367906,14.47425774712128],[100.547027,14.473145],[100.548803,14.474258],[100.54880304367906,14.47425774712128]]]]},"bbox":[100.544616,14.431052,100.57667,14.476418]},{"type":"Feature","id":"ad12001f-a9f9-4394-aac3-0ee25a811990","properties":{"id":"ad12001f-a9f9-4394-aac3-0ee25a811990","code":"06140706","provinceCode":"14","nameTh":"องค์การบริหารส่วนตำบล บ้านขล้อ","nameEn":null,"geometryType":"MUNICIPALITY","sourceUrl":"https://landometer.com/api/v2/citymeter-v3/grocery/info/geom/ad12001f-a9f9-4394-aac3-0ee25a811990/MUNICIPALITY","sourceSha256":"c8d49a27f3a3a3ae8c611ef168623316e8540bc7e35567b6b76e2d1fa8b1c9dc","retrievedAt":"2026-10-04T05:42:28.307116+00:00","boundaryVintage":null,"geometryStatus":"native_source_polygon_display_simplified","simplificationToleranceDegrees":0.00015,"simplificationPreservesTopology":true,"invalidSourceRepair":"make_valid; retain polygonal components; discard zero-area collapsed lines","legalBoundaryIndependentlyVerified":false,"areaId":"ad12001f-a9f9-4394-aac3-0ee25a811990"},"geometry":{"type":"Polygon","coordinates":[[[100.586018,14.487391],[100.58435,14.486125],[100.583098,14.484089],[100.58116,14.482047],[100.580768,14.482236],[100.5811,14.482544],[100.568142,14.488305],[100.56485,14.491253],[100.555782,14.490899],[100.554444,14.495828],[100.564983,14.502575],[100.564476,14.505422],[100.552691,14.514379],[100.549746,14.525949],[100.545002,14.524117],[100.546307,14.525218],[100.549231,14.526187],[100.558192,14.537114],[100.562535,14.541292],[100.56544,14.543332],[100.571906,14.546867],[100.58082,14.550029],[100.587449,14.55184],[100.595757,14.552982],[100.601845,14.554216],[100.601751,14.553156],[100.603899,14.546621],[100.603437,14.544259],[100.602777,14.543369],[100.601727,14.542543],[100.596105,14.54155],[100.594739,14.540809],[100.594256,14.53997],[100.593977,14.537339],[100.593144,14.535904],[100.593678,14.534282],[100.599815,14.529758],[100.600659,14.523671],[100.600301,14.520467],[100.600544,14.515231],[100.598893,14.513241],[100.597726,14.511138],[100.595879,14.510354],[100.594742,14.509162],[100.594011,14.508904],[100.5934,14.507612],[100.591526,14.506308],[100.589767,14.503739],[100.588395,14.502343],[100.588258,14.501201],[100.586455,14.497875],[100.586234,14.497013],[100.585229,14.496824],[100.584939,14.495881],[100.583179,14.494395],[100.583144,14.493468],[100.586151,14.488199],[100.586018,14.487391]]]},"bbox":[100.545002,14.482047,100.603912,14.554216]},{"type":"Feature","id":"3670f0d1-1c2b-4904-8ab2-2a948bf0538f","properties":{"id":"3670f0d1-1c2b-4904-8ab2-2a948bf0538f","code":"06140707","provinceCode":"14","nameTh":"องค์การบริหารส่วนตำบล บ้านลี่","nameEn":null,"geometryType":"MUNICIPALITY","sourceUrl":"https://landometer.com/api/v2/citymeter-v3/grocery/info/geom/3670f0d1-1c2b-4904-8ab2-2a948bf0538f/MUNICIPALITY","sourceSha256":"cfa8276633dbde8d47ce922926bf96b2ad2ffebc8a8f013c42dba6441375e498","retrievedAt":"2026-10-04T05:42:28.306998+00:00","boundaryVintage":null,"geometryStatus":"native_source_polygon_display_simplified","simplificationToleranceDegrees":0.00015,"simplificationPreservesTopology":true,"invalidSourceRepair":"make_valid; retain polygonal components; discard zero-area collapsed lines","legalBoundaryIndependentlyVerified":false,"areaId":"3670f0d1-1c2b-4904-8ab2-2a948bf0538f"},"geometry":{"type":"Polygon","coordinates":[[[100.522309,14.462221],[100.528328,14.460861],[100.528861,14.46318],[100.536254,14.467455],[100.538361,14.463668],[100.54039,14.463444],[100.535394,14.453835],[100.527964,14.444308],[100.526271,14.440165],[100.526885,14.43084],[100.525936,14.43201],[100.523142,14.431054],[100.521934,14.432939],[100.508308,14.431314],[100.508135,14.429699],[100.508079,14.431701],[100.508436,14.432934],[100.509989,14.435181],[100.510907,14.435502],[100.511371,14.435976],[100.5117,14.436393],[100.511787,14.437046],[100.512619,14.437917],[100.511836,14.438991],[100.510859,14.439779],[100.510141,14.441095],[100.509123,14.441873],[100.508556,14.441911],[100.506733,14.443696],[100.507138,14.444748],[100.506473,14.445374],[100.506712,14.446088],[100.506339,14.446495],[100.505903,14.448664],[100.511134,14.453029],[100.511341,14.452881],[100.51114,14.453029],[100.522309,14.462221]]]},"bbox":[100.505903,14.429699,100.54039,14.467455]},{"type":"Feature","id":"28a1f3c2-7e02-4e53-a847-7bfcbe0909a2","properties":{"id":"28a1f3c2-7e02-4e53-a847-7bfcbe0909a2","code":"06140708","provinceCode":"14","nameTh":"องค์การบริหารส่วนตำบล พุทเลา","nameEn":null,"geometryType":"MUNICIPALITY","sourceUrl":"https://landometer.com/api/v2/citymeter-v3/grocery/info/geom/28a1f3c2-7e02-4e53-a847-7bfcbe0909a2/MUNICIPALITY","sourceSha256":"14582da19afc4b10b4a677c073aa1b0d1e58b7e3af7bb4d91446be26a50f09d2","retrievedAt":"2026-10-04T05:42:28.308487+00:00","boundaryVintage":null,"geometryStatus":"native_source_polygon_display_simplified","simplificationToleranceDegrees":0.00015,"simplificationPreservesTopology":true,"invalidSourceRepair":"make_valid; retain polygonal components; discard zero-area collapsed lines","legalBoundaryIndependentlyVerified":false,"areaId":"28a1f3c2-7e02-4e53-a847-7bfcbe0909a2"},"geometry":{"type":"Polygon","coordinates":[[[100.534362,14.428944],[100.534053,14.426327],[100.540113,14.41906],[100.543745,14.403465],[100.544007,14.403553],[100.544126,14.403078],[100.542217,14.403139],[100.539245,14.402838],[100.537031,14.402512],[100.535088,14.40177],[100.530654,14.402119],[100.530187,14.401871],[100.5282,14.401874],[100.529014,14.403864],[100.529728,14.404662],[100.529767,14.405171],[100.528644,14.406357],[100.527204,14.407112],[100.52663,14.406879],[100.526367,14.406023],[100.525763,14.40558],[100.523478,14.405666],[100.523187,14.405287],[100.523554,14.404293],[100.52333,14.403798],[100.520752,14.403848],[100.519071,14.402695],[100.517077,14.402894],[100.5149,14.404614],[100.513166,14.405098],[100.504949,14.405893],[100.507488,14.415644],[100.508589,14.42452],[100.508135,14.429699],[100.508308,14.431314],[100.521934,14.432939],[100.523142,14.431054],[100.525936,14.43201],[100.526885,14.43084],[100.526973,14.429503],[100.534362,14.428944]]]},"bbox":[100.504949,14.40177,100.544126,14.432939]},{"type":"Feature","id":"6025f33e-44c3-4726-8d9d-6a50817cdabf","properties":{"id":"6025f33e-44c3-4726-8d9d-6a50817cdabf","code":"06140709","provinceCode":"14","nameTh":"องค์การบริหารส่วนตำบล โพธิ์สามต้น","nameEn":null,"geometryType":"MUNICIPALITY","sourceUrl":"https://landometer.com/api/v2/citymeter-v3/grocery/info/geom/6025f33e-44c3-4726-8d9d-6a50817cdabf/MUNICIPALITY","sourceSha256":"3fcf078ad2fca314fc7ef0f70efac7dd52d99223e02bd544643f68bd66db2a5a","retrievedAt":"2026-10-04T05:42:28.503750+00:00","boundaryVintage":null,"geometryStatus":"native_source_polygon_display_simplified","simplificationToleranceDegrees":0.00015,"simplificationPreservesTopology":true,"invalidSourceRepair":"make_valid; retain polygonal components; discard zero-area collapsed lines","legalBoundaryIndependentlyVerified":false,"areaId":"6025f33e-44c3-4726-8d9d-6a50817cdabf"},"geometry":{"type":"Polygon","coordinates":[[[100.578031,14.421164],[100.578492,14.418882],[100.57633,14.408279],[100.576644,14.404737],[100.570392,14.404706],[100.569004,14.404952],[100.562542,14.405099],[100.56169,14.405018],[100.561234,14.404603],[100.559636,14.404103],[100.558853,14.404464],[100.556049,14.40469],[100.555186,14.405093],[100.55183,14.40501],[100.549628,14.405262],[100.549359,14.40465],[100.548226,14.404288],[100.548613,14.403399],[100.54651,14.402465],[100.544126,14.403078],[100.544007,14.403553],[100.543745,14.403465],[100.540113,14.41906],[100.534053,14.426327],[100.534362,14.428944],[100.533369,14.429057],[100.537003,14.428803],[100.54393,14.437203],[100.546594,14.438398],[100.55143,14.436365],[100.556984,14.431327],[100.557254,14.4291],[100.576967,14.412067],[100.578031,14.421164]]]},"bbox":[100.533364,14.402449,100.578492,14.438398]},{"type":"Feature","id":"17136c3c-8102-428a-8c4f-435d8e90fac8","properties":{"id":"17136c3c-8102-428a-8c4f-435d8e90fac8","code":"06140710","provinceCode":"14","nameTh":"องค์การบริหารส่วนตำบล เสาธง","nameEn":null,"geometryType":"MUNICIPALITY","sourceUrl":"https://landometer.com/api/v2/citymeter-v3/grocery/info/geom/17136c3c-8102-428a-8c4f-435d8e90fac8/MUNICIPALITY","sourceSha256":"17b6061a3da171502f2558bd547f5b6980609d06176af60f6d9e712c679d361e","retrievedAt":"2026-10-04T05:42:28.306823+00:00","boundaryVintage":null,"geometryStatus":"native_source_polygon_display_simplified","simplificationToleranceDegrees":0.00015,"simplificationPreservesTopology":true,"invalidSourceRepair":"make_valid; retain polygonal components; discard zero-area collapsed lines","legalBoundaryIndependentlyVerified":false,"areaId":"17136c3c-8102-428a-8c4f-435d8e90fac8"},"geometry":{"type":"Polygon","coordinates":[[[100.564983,14.502575],[100.554444,14.495828],[100.555782,14.490899],[100.56485,14.491253],[100.568142,14.488305],[100.5811,14.482544],[100.580768,14.482236],[100.58116,14.482047],[100.579866,14.481785],[100.57887,14.481282],[100.575667,14.478523],[100.575196,14.477459],[100.575311,14.476722],[100.57507,14.476185],[100.573726,14.47474],[100.572275,14.473678],[100.570417,14.473111],[100.569666,14.472009],[100.566972,14.471383],[100.565263,14.470523],[100.552251,14.476418],[100.553883,14.481504],[100.551135,14.482018],[100.54656,14.492535],[100.539978,14.496194],[100.53873,14.498283],[100.53874,14.50348],[100.536435,14.504469],[100.531744,14.512363],[100.525881,14.518157],[100.525115,14.52187],[100.524385,14.521923],[100.524393,14.52293],[100.527541,14.5245],[100.531229,14.525516],[100.534224,14.525663],[100.537327,14.525433],[100.543078,14.524202],[100.544269,14.523752],[100.549746,14.525949],[100.552691,14.514379],[100.564476,14.505422],[100.564983,14.502575]]]},"bbox":[100.524377,14.470523,100.58116,14.525949]},{"type":"Feature","id":"f9f19590-c90f-4a8d-ac4a-9fa24451f994","properties":{"id":"f9f19590-c90f-4a8d-ac4a-9fa24451f994","code":"06140711","provinceCode":"14","nameTh":"องค์การบริหารส่วนตำบล หันสัง","nameEn":null,"geometryType":"MUNICIPALITY","sourceUrl":"https://landometer.com/api/v2/citymeter-v3/grocery/info/geom/f9f19590-c90f-4a8d-ac4a-9fa24451f994/MUNICIPALITY","sourceSha256":"939c1c2bdb9f21744d25cbb7543931136d56a9263bc2bc5b7b937e4e2406331d","retrievedAt":"2026-10-04T05:42:28.505869+00:00","boundaryVintage":null,"geometryStatus":"native_source_polygon_display_simplified","simplificationToleranceDegrees":0.00015,"simplificationPreservesTopology":true,"invalidSourceRepair":"make_valid; retain polygonal components; discard zero-area collapsed lines","legalBoundaryIndependentlyVerified":false,"areaId":"f9f19590-c90f-4a8d-ac4a-9fa24451f994"},"geometry":{"type":"Polygon","coordinates":[[[100.525881,14.518157],[100.531744,14.512363],[100.536435,14.504469],[100.53874,14.50348],[100.538256,14.499075],[100.534841,14.495769],[100.519907,14.492043],[100.516517,14.498618],[100.507856,14.508471],[100.506109,14.508781],[100.500377,14.502294],[100.496391,14.50766],[100.497956,14.508992],[100.499277,14.509498],[100.500641,14.509371],[100.502309,14.510188],[100.50373,14.511234],[100.50373,14.511688],[100.503223,14.512612],[100.503884,14.513249],[100.505477,14.519675],[100.507606,14.523921],[100.507596,14.531081],[100.507947,14.532032],[100.508663,14.532534],[100.510129,14.532876],[100.511701,14.53219],[100.513573,14.533053],[100.516115,14.531752],[100.515988,14.530862],[100.514917,14.530211],[100.514093,14.52878],[100.513416,14.526866],[100.514544,14.524339],[100.516964,14.522165],[100.518975,14.520982],[100.521372,14.519944],[100.522607,14.520507],[100.522482,14.521551],[100.525115,14.52187],[100.525881,14.518157]]]},"bbox":[100.496391,14.492043,100.53874,14.533053]},{"type":"Feature","id":"02c8d540-c2fc-4276-8138-177487d0924d","properties":{"id":"02c8d540-c2fc-4276-8138-177487d0924d","code":"06140803","provinceCode":"14","nameTh":"องค์การบริหารส่วนตำบล กุฎี","nameEn":null,"geometryType":"MUNICIPALITY","sourceUrl":"https://landometer.com/api/v2/citymeter-v3/grocery/info/geom/02c8d540-c2fc-4276-8138-177487d0924d/MUNICIPALITY","sourceSha256":"ec04f5086398295e151ee0fe8bcc0ed4ea640d89e27fbddec0da7911de8910cd","retrievedAt":"2026-10-04T05:42:28.565076+00:00","boundaryVintage":null,"geometryStatus":"native_source_polygon_display_simplified","simplificationToleranceDegrees":0.00015,"simplificationPreservesTopology":true,"invalidSourceRepair":"make_valid; retain polygonal components; discard zero-area collapsed lines","legalBoundaryIndependentlyVerified":false,"areaId":"02c8d540-c2fc-4276-8138-177487d0924d"},"geometry":{"type":"MultiPolygon","coordinates":[[[[100.410046,14.429606],[100.41004602499999,14.42960637499981],[100.41004608333328,14.429606916666192],[100.410046,14.429606]]],[[[100.41004608333328,14.429606916666192],[100.41004788888885,14.429626777777402],[100.410049,14.429634],[100.41004608333328,14.429606916666192]]],[[[100.41004866666664,14.429635333333138],[100.41005090551182,14.429653244094666],[100.41004828571428,14.429631142857094],[100.41004866666664,14.429635333333138]]],[[[100.41005085298625,14.429652713629697],[100.410051,14.429654],[100.410049,14.429634],[100.41005085298625,14.429652713629697]]],[[[100.41005090551182,14.429653244094666],[100.410051,14.429654198347057],[100.410051,14.429654],[100.41005090551182,14.429653244094666]]],[[[100.413967,14.422722],[100.414703,14.421027],[100.415404,14.418194],[100.417317,14.404171],[100.417469,14.401651],[100.417286,14.399297],[100.416282,14.396396],[100.413634,14.400948],[100.413288,14.401903],[100.412808,14.401795],[100.411649,14.404003],[100.410451,14.403506],[100.409168,14.406191],[100.404469,14.404238],[100.404158,14.40539],[100.401765,14.404643],[100.399382,14.404103],[100.399351,14.404155],[100.399319,14.404309],[100.400332,14.404346],[100.399376,14.409024],[100.395472,14.413558],[100.394921,14.425254],[100.396799,14.435517],[100.395576,14.436034],[100.395734,14.437053],[100.394784,14.437455],[100.395099,14.439494],[100.3932,14.440298],[100.394308,14.447463],[100.394155,14.446473],[100.395153,14.446385],[100.39546,14.448366],[100.396458,14.448278],[100.396594,14.44927],[100.398554,14.449197],[100.398511,14.454173],[100.395269,14.455019],[100.395868,14.46014],[100.400708,14.460255],[100.402423,14.46659],[100.403991,14.466992],[100.408566,14.475962],[100.41708806560213,14.47831274225397],[100.41645,14.476866],[100.419262,14.470738],[100.419651,14.46709],[100.419686,14.452624],[100.420208,14.447148],[100.415471,14.441191],[100.41249,14.43695],[100.41159,14.435036],[100.41017,14.430856],[100.410042,14.429569],[100.410488,14.427905],[100.413967,14.422722]]],[[[100.417097,14.478333],[100.417089,14.478313],[100.41708806560213,14.47831274225397],[100.417097,14.478333]]]]},"bbox":[100.3932,14.396396,100.420208,14.478333]},{"type":"Feature","id":"9d27062c-c9ea-452b-bbb3-187e873e2a9e","properties":{"id":"9d27062c-c9ea-452b-bbb3-187e873e2a9e","code":"06140804","provinceCode":"14","nameTh":"องค์การบริหารส่วนตำบล ดอนลาน","nameEn":null,"geometryType":"MUNICIPALITY","sourceUrl":"https://landometer.com/api/v2/citymeter-v3/grocery/info/geom/9d27062c-c9ea-452b-bbb3-187e873e2a9e/MUNICIPALITY","sourceSha256":"3d442b9f17cf73f53438b52aab858be7bf2351df48475065a1f844533fcf3d9a","retrievedAt":"2026-10-04T05:42:28.621471+00:00","boundaryVintage":null,"geometryStatus":"native_source_polygon_display_simplified","simplificationToleranceDegrees":0.00015,"simplificationPreservesTopology":true,"invalidSourceRepair":"make_valid; retain polygonal components; discard zero-area collapsed lines","legalBoundaryIndependentlyVerified":false,"areaId":"9d27062c-c9ea-452b-bbb3-187e873e2a9e"},"geometry":{"type":"MultiPolygon","coordinates":[[[[100.339605,14.405469],[100.3396049476233,14.40546908377156],[100.339842,14.405447],[100.339605,14.405469]]],[[[100.342303,14.420365],[100.333296,14.415561],[100.3396049476233,14.40546908377156],[100.333768,14.406039],[100.326238,14.406068],[100.320243,14.405241],[100.315255,14.404884],[100.30818,14.403302],[100.304829,14.403594],[100.299221,14.403518],[100.295974,14.404046],[100.292462,14.405248],[100.286562,14.404705],[100.281922,14.405326],[100.278521,14.406246],[100.277878,14.406072],[100.27651,14.406681],[100.27348,14.407166],[100.273894,14.410343],[100.273333,14.411807],[100.272669,14.412142],[100.269711,14.412188],[100.268968,14.412558],[100.26821,14.414201],[100.268159,14.415156],[100.267518,14.416192],[100.264694,14.41784],[100.263727,14.418749],[100.263031,14.419645],[100.263635,14.420753],[100.261558,14.422104],[100.262774,14.423439],[100.2642,14.424438],[100.26317,14.425865],[100.263485,14.427819],[100.262786,14.427906],[100.26087,14.428906],[100.258909,14.429327],[100.25778,14.431689],[100.256636,14.432073],[100.25598,14.433634],[100.254208,14.433004],[100.250011,14.434779],[100.248612,14.435609],[100.245797,14.43625],[100.245331,14.43689],[100.245677,14.437251],[100.246803,14.437327],[100.247742,14.438468],[100.249001,14.438138],[100.250982,14.438419],[100.260229,14.442011],[100.270196,14.448708],[100.284855,14.448793],[100.287819,14.453887],[100.290707,14.454754],[100.294166,14.437351],[100.332931,14.44425],[100.332083,14.432333],[100.338883,14.433597],[100.341909,14.432132],[100.342303,14.420365]]]]},"bbox":[100.245331,14.403302,100.342303,14.454754]},{"type":"Feature","id":"0cb466a8-a7de-4f5b-9aa8-386113628167","properties":{"id":"0cb466a8-a7de-4f5b-9aa8-386113628167","code":"06140805","provinceCode":"14","nameTh":"องค์การบริหารส่วนตำบล ท่าดินแดง","nameEn":null,"geometryType":"MUNICIPALITY","sourceUrl":"https://landometer.com/api/v2/citymeter-v3/grocery/info/geom/0cb466a8-a7de-4f5b-9aa8-386113628167/MUNICIPALITY","sourceSha256":"03462af941c0c2e55ca573fd57e21457410454725dd02ca7dff2c4bcd077af0c","retrievedAt":"2026-10-04T05:42:28.623178+00:00","boundaryVintage":null,"geometryStatus":"native_source_polygon_display_simplified","simplificationToleranceDegrees":0.00015,"simplificationPreservesTopology":true,"invalidSourceRepair":"make_valid; retain polygonal components; discard zero-area collapsed lines","legalBoundaryIndependentlyVerified":false,"areaId":"0cb466a8-a7de-4f5b-9aa8-386113628167"},"geometry":{"type":"Polygon","coordinates":[[[100.400332,14.404346],[100.399319,14.404309],[100.399382,14.404103],[100.390623,14.40226],[100.378921,14.402255],[100.379108,14.402558],[100.377459,14.402497],[100.378094,14.402768],[100.378364,14.403531],[100.377408,14.403496],[100.375511,14.406468],[100.375763,14.425931],[100.381533,14.430281],[100.3825,14.433112],[100.392121,14.433482],[100.391954,14.437568],[100.392972,14.437137],[100.392953,14.437608],[100.392549,14.438371],[100.391703,14.438536],[100.39079,14.438299],[100.390689,14.438596],[100.391027,14.439283],[100.391752,14.439529],[100.392637,14.439432],[100.392328,14.440288],[100.391668,14.440511],[100.390755,14.440356],[100.39082,14.441026],[100.391544,14.4415],[100.393356,14.441306],[100.3932,14.440298],[100.39415,14.439896],[100.393123,14.44033],[100.395099,14.439494],[100.394784,14.437455],[100.395734,14.437053],[100.395576,14.436034],[100.396799,14.435517],[100.394921,14.425254],[100.395472,14.413558],[100.399376,14.409024],[100.400332,14.404346]]]},"bbox":[100.375511,14.402177,100.400332,14.441525]},{"type":"Feature","id":"c688c8cd-b345-46e0-992d-a04aadf3960d","properties":{"id":"c688c8cd-b345-46e0-992d-a04aadf3960d","code":"06140806","provinceCode":"14","nameTh":"องค์การบริหารส่วนตำบล นาคู","nameEn":null,"geometryType":"MUNICIPALITY","sourceUrl":"https://landometer.com/api/v2/citymeter-v3/grocery/info/geom/c688c8cd-b345-46e0-992d-a04aadf3960d/MUNICIPALITY","sourceSha256":"0e65976e9f0a31196a2e3bc068e1d498155f9f6f3abc871d1b65f6e8a699b515","retrievedAt":"2026-10-04T05:42:28.621827+00:00","boundaryVintage":null,"geometryStatus":"native_source_polygon_display_simplified","simplificationToleranceDegrees":0.00015,"simplificationPreservesTopology":true,"invalidSourceRepair":"make_valid; retain polygonal components; discard zero-area collapsed lines","legalBoundaryIndependentlyVerified":false,"areaId":"c688c8cd-b345-46e0-992d-a04aadf3960d"},"geometry":{"type":"Polygon","coordinates":[[[100.260229,14.442011],[100.250982,14.438419],[100.250954,14.438419],[100.25093,14.439283],[100.252014,14.439999],[100.250168,14.442267],[100.251237,14.443098],[100.250287,14.443516],[100.249319,14.444594],[100.248958,14.448207],[100.24738,14.451795],[100.245133,14.455364],[100.244559,14.457058],[100.244386,14.4586],[100.244597,14.461365],[100.245676,14.465701],[100.246041,14.468659],[100.248892,14.468525],[100.250126,14.472459],[100.253032,14.476277],[100.252347,14.477459],[100.253244,14.48016],[100.253156,14.483003],[100.253795,14.483443],[100.256805,14.487257],[100.257109,14.488534],[100.25702,14.490073],[100.258561,14.491388],[100.267365,14.490083],[100.27038,14.487982],[100.273964,14.486121],[100.278113,14.48461],[100.278446,14.484992],[100.279698,14.484189],[100.281214,14.483742],[100.283498,14.482098],[100.285093,14.481646],[100.285582,14.482531],[100.281595,14.472514],[100.283908,14.466424],[100.288379,14.46646],[100.290707,14.454754],[100.287819,14.453887],[100.284855,14.448793],[100.270196,14.448708],[100.260229,14.442011]]]},"bbox":[100.244381,14.438419,100.290707,14.491388]},{"type":"Feature","id":"b9cb9516-2d28-4dcd-aa69-2c10cf143b86","properties":{"id":"b9cb9516-2d28-4dcd-aa69-2c10cf143b86","code":"06140807","provinceCode":"14","nameTh":"องค์การบริหารส่วนตำบล บ้านแค","nameEn":null,"geometryType":"MUNICIPALITY","sourceUrl":"https://landometer.com/api/v2/citymeter-v3/grocery/info/geom/b9cb9516-2d28-4dcd-aa69-2c10cf143b86/MUNICIPALITY","sourceSha256":"70cceda95c5adb9f398464a457dcf01e0bf9bbe38ab49485093ecc2dd42306a6","retrievedAt":"2026-10-04T05:42:28.631002+00:00","boundaryVintage":null,"geometryStatus":"native_source_polygon_display_simplified","simplificationToleranceDegrees":0.00015,"simplificationPreservesTopology":true,"invalidSourceRepair":"make_valid; retain polygonal components; discard zero-area collapsed lines","legalBoundaryIndependentlyVerified":false,"areaId":"b9cb9516-2d28-4dcd-aa69-2c10cf143b86"},"geometry":{"type":"Polygon","coordinates":[[[100.405673,14.507039],[100.407839,14.507156],[100.408203,14.506801],[100.411203,14.505883],[100.412469,14.504956],[100.4142,14.502032],[100.415057,14.498652],[100.418312,14.498631],[100.420662,14.496821],[100.426658,14.493117],[100.425731,14.492444],[100.425271,14.491013],[100.424876,14.490958],[100.423573,14.491476],[100.423046,14.490332],[100.422495,14.490319],[100.422198,14.489482],[100.420727,14.489414],[100.420563,14.487774],[100.418711,14.487755],[100.418618,14.483896],[100.41827,14.483166],[100.41774,14.483155],[100.417089,14.478313],[100.40883,14.476035],[100.408959,14.476276],[100.40341,14.481557],[100.399119,14.488528],[100.397157,14.499857],[100.398217,14.50899],[100.399034,14.508804],[100.399176,14.507751],[100.399807,14.507193],[100.400153,14.507331],[100.400262,14.508478],[100.40107,14.508844],[100.401554,14.508433],[100.40111,14.507378],[100.401328,14.50694],[100.402145,14.507253],[100.40337,14.506793],[100.404069,14.508706],[100.404405,14.508851],[100.405748,14.508277],[100.405673,14.507039]]]},"bbox":[100.397157,14.476035,100.426658,14.50901]},{"type":"Feature","id":"65de0ec3-4283-4268-bc6c-50d7ece75550","properties":{"id":"65de0ec3-4283-4268-bc6c-50d7ece75550","code":"06140808","provinceCode":"14","nameTh":"องค์การบริหารส่วนตำบล ลาดชิด","nameEn":null,"geometryType":"MUNICIPALITY","sourceUrl":"https://landometer.com/api/v2/citymeter-v3/grocery/info/geom/65de0ec3-4283-4268-bc6c-50d7ece75550/MUNICIPALITY","sourceSha256":"b70501072ad395d9ac4501ded820456972c3d36e5aa95914434a86ff233deb1e","retrievedAt":"2026-10-04T05:42:28.621393+00:00","boundaryVintage":null,"geometryStatus":"native_source_polygon_display_simplified","simplificationToleranceDegrees":0.00015,"simplificationPreservesTopology":true,"invalidSourceRepair":"make_valid; retain polygonal components; discard zero-area collapsed lines","legalBoundaryIndependentlyVerified":false,"areaId":"65de0ec3-4283-4268-bc6c-50d7ece75550"},"geometry":{"type":"Polygon","coordinates":[[[100.374923,14.426395],[100.377675,14.427373],[100.375763,14.425931],[100.375511,14.406468],[100.377408,14.403496],[100.378364,14.403531],[100.378094,14.402768],[100.377459,14.402497],[100.379108,14.402558],[100.378921,14.402255],[100.369684,14.402457],[100.360225,14.402114],[100.358528,14.40167],[100.351666,14.402741],[100.348816,14.402641],[100.348506,14.402995],[100.346266,14.403068],[100.345577,14.40378],[100.345598,14.404839],[100.345341,14.405095],[100.339605,14.405469],[100.333296,14.415561],[100.342303,14.420365],[100.341909,14.432132],[100.338883,14.433597],[100.332083,14.432333],[100.332931,14.44425],[100.351432,14.450992],[100.351302,14.451955],[100.352321,14.451884],[100.352182,14.452911],[100.353209,14.452775],[100.353071,14.453802],[100.354098,14.453667],[100.35396,14.454694],[100.358363,14.454113],[100.364641,14.455353],[100.36499,14.453392],[100.366952,14.453783],[100.367127,14.452798],[100.36811,14.452984],[100.36841,14.451302],[100.363482,14.447778],[100.361839,14.442786],[100.367173,14.436997],[100.369477,14.427849],[100.374923,14.426395]]]},"bbox":[100.332083,14.40167,100.379108,14.455358]},{"type":"Feature","id":"433d64a9-3095-4f65-a2b7-ce21fd893eb0","properties":{"id":"433d64a9-3095-4f65-a2b7-ce21fd893eb0","code":"06140809","provinceCode":"14","nameTh":"องค์การบริหารส่วนตำบล ลาดน้ำเค็ม","nameEn":null,"geometryType":"MUNICIPALITY","sourceUrl":"https://landometer.com/api/v2/citymeter-v3/grocery/info/geom/433d64a9-3095-4f65-a2b7-ce21fd893eb0/MUNICIPALITY","sourceSha256":"f7b3c9f31681709879e30a983d472744878662f5940f38a158a0a82a7035b48e","retrievedAt":"2026-10-04T05:42:28.638694+00:00","boundaryVintage":null,"geometryStatus":"native_source_polygon_display_simplified","simplificationToleranceDegrees":0.00015,"simplificationPreservesTopology":true,"invalidSourceRepair":"make_valid; retain polygonal components; discard zero-area collapsed lines","legalBoundaryIndependentlyVerified":false,"areaId":"433d64a9-3095-4f65-a2b7-ce21fd893eb0"},"geometry":{"type":"Polygon","coordinates":[[[100.390946,14.50876],[100.391303,14.508927],[100.391648,14.509981],[100.392109,14.510215],[100.392542,14.510015],[100.393281,14.508808],[100.394546,14.509268],[100.395416,14.508159],[100.395379,14.507037],[100.395675,14.50624],[100.396691,14.505917],[100.39717,14.50632],[100.396596,14.507277],[100.396539,14.507818],[100.397328,14.508623],[100.398217,14.50899],[100.397157,14.499857],[100.399119,14.488528],[100.40341,14.481557],[100.408959,14.476276],[100.408566,14.475962],[100.403991,14.466992],[100.402423,14.46659],[100.400708,14.460255],[100.395868,14.46014],[100.395269,14.455019],[100.398511,14.454173],[100.398554,14.449197],[100.396594,14.44927],[100.396305,14.447288],[100.395307,14.447375],[100.395153,14.446385],[100.379742,14.447738],[100.380606,14.448666],[100.379345,14.448777],[100.380088,14.449715],[100.378948,14.449815],[100.379325,14.450786],[100.378278,14.450878],[100.376928,14.453751],[100.37676,14.462752],[100.380304,14.474651],[100.378639,14.479962],[100.38359,14.490579],[100.374659,14.499201],[100.370512,14.499126],[100.371813,14.499883],[100.374235,14.500007],[100.374139,14.500682],[100.373564,14.50139],[100.373631,14.501775],[100.376655,14.503723],[100.377296,14.504446],[100.377071,14.505093],[100.375649,14.505597],[100.37544,14.506436],[100.375495,14.506825],[100.376255,14.507316],[100.377391,14.50873],[100.377821,14.508797],[100.378053,14.508531],[100.381398,14.508899],[100.383638,14.508175],[100.386528,14.508774],[100.387368,14.509328],[100.38861,14.509371],[100.389049,14.510334],[100.389461,14.51064],[100.390218,14.510273],[100.39042,14.509069],[100.390946,14.50876]]]},"bbox":[100.370512,14.446385,100.408959,14.51064]},{"type":"Feature","id":"342768b3-62be-4b19-a8a7-ae3b099b0b1e","properties":{"id":"342768b3-62be-4b19-a8a7-ae3b099b0b1e","code":"06140810","provinceCode":"14","nameTh":"องค์การบริหารส่วนตำบล หน้าโคก","nameEn":null,"geometryType":"MUNICIPALITY","sourceUrl":"https://landometer.com/api/v2/citymeter-v3/grocery/info/geom/342768b3-62be-4b19-a8a7-ae3b099b0b1e/MUNICIPALITY","sourceSha256":"7926f250d8e18d1b82352cb3162397ede23aabd845ac1a03b7095c046cf9e43e","retrievedAt":"2026-10-04T05:42:28.634324+00:00","boundaryVintage":null,"geometryStatus":"native_source_polygon_display_simplified","simplificationToleranceDegrees":0.00015,"simplificationPreservesTopology":true,"invalidSourceRepair":"make_valid; retain polygonal components; discard zero-area collapsed lines","legalBoundaryIndependentlyVerified":false,"areaId":"342768b3-62be-4b19-a8a7-ae3b099b0b1e"},"geometry":{"type":"MultiPolygon","coordinates":[[[[100.370862,14.481367],[100.369531,14.479628],[100.363128,14.479007],[100.357593,14.483514],[100.351385,14.485289],[100.341361,14.484861],[100.34091,14.486711],[100.341037,14.486971],[100.347536,14.488576],[100.352307,14.492834],[100.352949,14.493867],[100.351637,14.496457],[100.350749,14.497308],[100.350946,14.497484],[100.35157,14.49672],[100.352752,14.497632],[100.353406,14.497116],[100.356621,14.499138],[100.358504,14.497542],[100.359334,14.497394],[100.36159,14.498001],[100.368137,14.498668],[100.37051313780876,14.499126020577684],[100.374659,14.499201],[100.38359,14.490579],[100.378265,14.47916],[100.377926,14.482699],[100.373706,14.485174],[100.370033,14.484019],[100.370862,14.481367]]],[[[100.370684,14.499188],[100.37051313780876,14.499126020577684],[100.370512,14.499126],[100.370684,14.499188]]]]},"bbox":[100.34091,14.479007,100.38359,14.499201]},{"type":"Feature","id":"37a58558-877b-4c28-a442-a64ac76fc836","properties":{"id":"37a58558-877b-4c28-a442-a64ac76fc836","code":"06140902","provinceCode":"14","nameTh":"องค์การบริหารส่วนตำบล กระจิว","nameEn":null,"geometryType":"MUNICIPALITY","sourceUrl":"https://landometer.com/api/v2/citymeter-v3/grocery/info/geom/37a58558-877b-4c28-a442-a64ac76fc836/MUNICIPALITY","sourceSha256":"26df9628c10ae9e10c9cd53c7ebd09113655c06b8ae0954e9c69f8e60532b77c","retrievedAt":"2026-10-04T05:42:28.648595+00:00","boundaryVintage":null,"geometryStatus":"native_source_polygon_display_simplified","simplificationToleranceDegrees":0.00015,"simplificationPreservesTopology":true,"invalidSourceRepair":"make_valid; retain polygonal components; discard zero-area collapsed lines","legalBoundaryIndependentlyVerified":false,"areaId":"37a58558-877b-4c28-a442-a64ac76fc836"},"geometry":{"type":"Polygon","coordinates":[[[100.715696,14.418182],[100.708612,14.420502],[100.694892,14.40629],[100.695445,14.406218],[100.6934,14.405],[100.692894,14.405831],[100.689169,14.405319],[100.680424,14.408785],[100.676286,14.410717],[100.675605,14.411132],[100.675532,14.41156],[100.674082,14.411885],[100.672959,14.411893],[100.664137,14.407694],[100.659971,14.416476],[100.666149,14.419885],[100.679985,14.432337],[100.684454,14.43421],[100.691209,14.433821],[100.692282,14.434201],[100.708632,14.443346],[100.707415,14.444826],[100.712137,14.439084],[100.715508,14.441211],[100.717813,14.436072],[100.724171,14.433888],[100.719575,14.420065],[100.715696,14.418182]]]},"bbox":[100.659971,14.405,100.724171,14.444826]},{"type":"Feature","id":"2a9f8e75-aac5-49ab-8f10-ec41c0b08174","properties":{"id":"2a9f8e75-aac5-49ab-8f10-ec41c0b08174","code":"06140903","provinceCode":"14","nameTh":"องค์การบริหารส่วนตำบล โคกม่วง","nameEn":null,"geometryType":"MUNICIPALITY","sourceUrl":"https://landometer.com/api/v2/citymeter-v3/grocery/info/geom/2a9f8e75-aac5-49ab-8f10-ec41c0b08174/MUNICIPALITY","sourceSha256":"ff978c1f98a4128ddad3488b215d24fca48f5c1bd72b4aa23aa8a2b0b8978a7b","retrievedAt":"2026-10-04T05:42:28.706074+00:00","boundaryVintage":null,"geometryStatus":"native_source_polygon_display_simplified","simplificationToleranceDegrees":0.00015,"simplificationPreservesTopology":true,"invalidSourceRepair":"make_valid; retain polygonal components; discard zero-area collapsed lines","legalBoundaryIndependentlyVerified":false,"areaId":"2a9f8e75-aac5-49ab-8f10-ec41c0b08174"},"geometry":{"type":"Polygon","coordinates":[[[100.762691,14.433209],[100.767389,14.43101],[100.762658,14.4275],[100.76548,14.425731],[100.768453,14.422673],[100.767689,14.420659],[100.764952,14.417513],[100.761879,14.415989],[100.760382,14.414685],[100.759457,14.41339],[100.750794,14.412706],[100.745956,14.402896],[100.745782,14.403041],[100.745903,14.403912],[100.744332,14.404984],[100.742063,14.402491],[100.738129,14.400096],[100.735162,14.400316],[100.73241,14.401972],[100.728513,14.401545],[100.726446,14.400871],[100.724141,14.400848],[100.721507,14.40039],[100.720168,14.400962],[100.719685,14.400087],[100.718198,14.400613],[100.712509,14.400936],[100.711332,14.401416],[100.709858,14.40071],[100.708037,14.402622],[100.706892,14.402159],[100.705749,14.402383],[100.703814,14.403297],[100.702182,14.40459],[100.700722,14.405317],[100.695848,14.406513],[100.695445,14.406218],[100.694892,14.40629],[100.708612,14.420502],[100.715696,14.418182],[100.719575,14.420065],[100.724152,14.433831],[100.726323,14.432789],[100.728956,14.428283],[100.736418,14.426989],[100.738982,14.433468],[100.745533,14.438396],[100.743093,14.440685],[100.748002,14.445279],[100.756113,14.438817],[100.762823,14.439961],[100.762691,14.433209]]]},"bbox":[100.694892,14.400087,100.768453,14.445279]},{"type":"Feature","id":"3e817e32-073f-451b-af4e-3faf236a5070","properties":{"id":"3e817e32-073f-451b-af4e-3faf236a5070","code":"06140904","provinceCode":"14","nameTh":"องค์การบริหารส่วนตำบล ดอนหญ้านาง","nameEn":null,"geometryType":"MUNICIPALITY","sourceUrl":"https://landometer.com/api/v2/citymeter-v3/grocery/info/geom/3e817e32-073f-451b-af4e-3faf236a5070/MUNICIPALITY","sourceSha256":"a3ddf0e9b912da070517242eafc1cf59aeb4d72a8d5bfcd737c0820a4e5019ba","retrievedAt":"2026-10-04T05:42:28.704050+00:00","boundaryVintage":null,"geometryStatus":"native_source_polygon_display_simplified","simplificationToleranceDegrees":0.00015,"simplificationPreservesTopology":true,"invalidSourceRepair":"make_valid; retain polygonal components; discard zero-area collapsed lines","legalBoundaryIndependentlyVerified":false,"areaId":"3e817e32-073f-451b-af4e-3faf236a5070"},"geometry":{"type":"Polygon","coordinates":[[[100.742105,14.490733],[100.748893,14.485868],[100.749619,14.485699],[100.750142,14.485877],[100.752237,14.489023],[100.753298,14.491104],[100.754122,14.491516],[100.754749,14.491297],[100.755859,14.489523],[100.757379,14.488294],[100.760411,14.487326],[100.762692,14.487132],[100.76482,14.490933],[100.764392,14.492789],[100.764312,14.494934],[100.763537,14.496943],[100.763575,14.498009],[100.767284,14.498358],[100.767642,14.496517],[100.768298,14.495527],[100.771633,14.494238],[100.771884,14.49208],[100.771465,14.491304],[100.770483,14.491104],[100.770354,14.490138],[100.770021,14.490098],[100.769902,14.489519],[100.768688,14.489449],[100.767343,14.489801],[100.766248,14.488021],[100.766068,14.485476],[100.765624,14.484341],[100.770342,14.483776],[100.770628,14.484485],[100.771099,14.484446],[100.772295,14.484078],[100.771303,14.483472],[100.772895,14.483273],[100.730439,14.457329],[100.728862,14.459436],[100.728185,14.470867],[100.71695,14.47372],[100.713247,14.473318],[100.707413,14.476694],[100.705245,14.479289],[100.704944,14.487466],[100.709476,14.492991],[100.717838,14.49496],[100.720971,14.504041],[100.721859,14.504083],[100.721771,14.50464],[100.721276,14.504874],[100.723498,14.504734],[100.726037,14.504237],[100.730004,14.502438],[100.732698,14.500385],[100.732452,14.499359],[100.733747,14.499381],[100.734,14.498951],[100.734503,14.498726],[100.73645,14.495465],[100.737599,14.495052],[100.742105,14.490733]]]},"bbox":[100.704944,14.457329,100.772895,14.504884]},{"type":"Feature","id":"70facb69-c310-478a-bb15-75241ecfe73c","properties":{"id":"70facb69-c310-478a-bb15-75241ecfe73c","code":"06140905","provinceCode":"14","nameTh":"องค์การบริหารส่วนตำบล ไผ่ล้อม","nameEn":null,"geometryType":"MUNICIPALITY","sourceUrl":"https://landometer.com/api/v2/citymeter-v3/grocery/info/geom/70facb69-c310-478a-bb15-75241ecfe73c/MUNICIPALITY","sourceSha256":"f45262cd41ef34d852ec351f007f2ea3c4833cd4977ab93eb8f01adc30f43a59","retrievedAt":"2026-10-04T05:42:28.702845+00:00","boundaryVintage":null,"geometryStatus":"native_source_polygon_display_simplified","simplificationToleranceDegrees":0.00015,"simplificationPreservesTopology":true,"invalidSourceRepair":"make_valid; retain polygonal components; discard zero-area collapsed lines","legalBoundaryIndependentlyVerified":false,"areaId":"70facb69-c310-478a-bb15-75241ecfe73c"},"geometry":{"type":"Polygon","coordinates":[[[100.707413,14.476694],[100.713247,14.473318],[100.71695,14.47372],[100.728185,14.470867],[100.728862,14.459436],[100.707415,14.444826],[100.708632,14.443346],[100.701714,14.439512],[100.698524,14.442723],[100.698055,14.447248],[100.695902,14.447382],[100.695924,14.448947],[100.698505,14.448717],[100.699201,14.4516],[100.698671,14.456494],[100.686132,14.455029],[100.686275,14.456775],[100.685708,14.458811],[100.685216,14.459743],[100.685112,14.461216],[100.68436,14.462712],[100.684404,14.463632],[100.682466,14.466916],[100.682016,14.469236],[100.680996,14.470699],[100.680857,14.474128],[100.681146,14.475322],[100.681038,14.475913],[100.682848,14.477879],[100.683506,14.479053],[100.68362,14.479794],[100.684681,14.480255],[100.685427,14.4816],[100.68717,14.481862],[100.688142,14.481603],[100.689359,14.48283],[100.688725,14.483929],[100.689152,14.484769],[100.689104,14.485945],[100.689625,14.486922],[100.689806,14.488607],[100.689385,14.489419],[100.688827,14.493086],[100.687374,14.49499],[100.694901,14.494489],[100.697568,14.494657],[100.702369,14.495687],[100.70537,14.497017],[100.71048,14.499755],[100.711575,14.500669],[100.71228,14.501659],[100.715871,14.503916],[100.719775,14.504837],[100.721276,14.504874],[100.721771,14.50464],[100.721859,14.504083],[100.720971,14.504041],[100.717838,14.49496],[100.709476,14.492991],[100.704944,14.487466],[100.705245,14.479289],[100.707413,14.476694]]]},"bbox":[100.680857,14.439512,100.728862,14.504874]},{"type":"Feature","id":"c8cf44b4-500c-4d5f-acfe-9ca3b4f04df7","properties":{"id":"c8cf44b4-500c-4d5f-acfe-9ca3b4f04df7","code":"06140906","provinceCode":"14","nameTh":"องค์การบริหารส่วนตำบล พระแก้ว","nameEn":null,"geometryType":"MUNICIPALITY","sourceUrl":"https://landometer.com/api/v2/citymeter-v3/grocery/info/geom/c8cf44b4-500c-4d5f-acfe-9ca3b4f04df7/MUNICIPALITY","sourceSha256":"3f2a4c1a4852044c5710353117f017fb1859b707a4276dbc109fd749be2a0fb6","retrievedAt":"2026-10-04T05:42:28.703862+00:00","boundaryVintage":null,"geometryStatus":"native_source_polygon_display_simplified","simplificationToleranceDegrees":0.00015,"simplificationPreservesTopology":true,"invalidSourceRepair":"make_valid; retain polygonal components; discard zero-area collapsed lines","legalBoundaryIndependentlyVerified":false,"areaId":"c8cf44b4-500c-4d5f-acfe-9ca3b4f04df7"},"geometry":{"type":"MultiPolygon","coordinates":[[[[100.65997095784147,14.416476087496855],[100.659971,14.416476],[100.659206,14.416054],[100.65997095784147,14.416476087496855]]],[[[100.708632,14.443346],[100.692282,14.434201],[100.691209,14.433821],[100.684454,14.43421],[100.679985,14.432337],[100.666149,14.419885],[100.65997095784147,14.416476087496855],[100.651928,14.433517],[100.652004,14.434886],[100.652809,14.436922],[100.657576,14.436834],[100.661328,14.43814],[100.663405,14.438271],[100.664722,14.437847],[100.667399,14.438285],[100.672683,14.447756],[100.672786,14.449814],[100.675591,14.450655],[100.677094,14.450657],[100.680433,14.451347],[100.682239,14.451282],[100.682877,14.450712],[100.684113,14.451017],[100.684551,14.45132],[100.685287,14.453699],[100.686125,14.455092],[100.698671,14.456494],[100.699201,14.4516],[100.698505,14.448717],[100.695924,14.448947],[100.695902,14.447382],[100.698055,14.447248],[100.698524,14.442723],[100.701714,14.439512],[100.708632,14.443346]]]]},"bbox":[100.651886,14.416054,100.708632,14.456494]},{"type":"Feature","id":"03a9f935-0f5c-4a27-8a35-8023b17b74cb","properties":{"id":"03a9f935-0f5c-4a27-8a35-8023b17b74cb","code":"06140907","provinceCode":"14","nameTh":"องค์การบริหารส่วนตำบล ระโสม","nameEn":null,"geometryType":"MUNICIPALITY","sourceUrl":"https://landometer.com/api/v2/citymeter-v3/grocery/info/geom/03a9f935-0f5c-4a27-8a35-8023b17b74cb/MUNICIPALITY","sourceSha256":"ce80cfbe9be9add328e08d75bd5f96f60b4c96e0f113838857067246f0d55137","retrievedAt":"2026-10-04T05:42:28.714274+00:00","boundaryVintage":null,"geometryStatus":"native_source_polygon_display_simplified","simplificationToleranceDegrees":0.00015,"simplificationPreservesTopology":true,"invalidSourceRepair":"make_valid; retain polygonal components; discard zero-area collapsed lines","legalBoundaryIndependentlyVerified":false,"areaId":"03a9f935-0f5c-4a27-8a35-8023b17b74cb"},"geometry":{"type":"MultiPolygon","coordinates":[[[[100.785609,14.37787],[100.785268,14.375374],[100.788012,14.375231],[100.787458,14.373672],[100.787072,14.373593],[100.786816,14.372693],[100.786777,14.370244],[100.785077,14.367675],[100.774159,14.361446],[100.771339,14.362142],[100.769512,14.362902],[100.768656,14.36383],[100.765639,14.36875],[100.764467,14.369284],[100.764079,14.370191],[100.757049,14.377364],[100.757144,14.380524],[100.753058,14.381175],[100.753196,14.382613],[100.752853,14.38417],[100.750133,14.388949],[100.751024,14.392671],[100.751287,14.397867],[100.750661,14.398703],[100.747088,14.401592],[100.74648,14.401348],[100.745769,14.402778],[100.750794,14.412706],[100.75945693575635,14.413389994927547],[100.759463,14.411728],[100.761242,14.4103],[100.762393,14.410106],[100.762541,14.409288],[100.763823,14.409183],[100.765441,14.407944],[100.769656,14.406823],[100.771815,14.406916],[100.77291,14.409515],[100.774208,14.411377],[100.775678,14.412701],[100.777527,14.413734],[100.77777,14.412091],[100.78033,14.411391],[100.782016,14.407754],[100.781967,14.407137],[100.783145,14.402672],[100.78296,14.401716],[100.78207,14.401265],[100.781139,14.400001],[100.780562,14.397688],[100.782223,14.396932],[100.783891,14.396872],[100.785309,14.395603],[100.786149,14.395186],[100.788744,14.395326],[100.790491,14.395036],[100.790988,14.395625],[100.792155,14.394751],[100.793602,14.394568],[100.797063,14.390016],[100.796905,14.389629],[100.796343,14.389514],[100.793254,14.38973],[100.792123,14.389517],[100.792001,14.386959],[100.790645,14.382824],[100.788708,14.381668],[100.788333,14.380289],[100.787883,14.379696],[100.786398,14.379897],[100.78503,14.379763],[100.785609,14.37787]]],[[[100.75945693575635,14.413389994927547],[100.759481,14.41346],[100.759457,14.41339],[100.75945693575635,14.413389994927547]]],[[[100.759662,14.413716],[100.759481,14.41346],[100.759511,14.413504],[100.759662,14.413716]]]]},"bbox":[100.745769,14.361446,100.797071,14.413746]},{"type":"Feature","id":"60955c27-eb7b-475c-89c9-ac2290b393ba","properties":{"id":"60955c27-eb7b-475c-89c9-ac2290b393ba","code":"06140908","provinceCode":"14","nameTh":"องค์การบริหารส่วนตำบล หนองน้ำใส","nameEn":null,"geometryType":"MUNICIPALITY","sourceUrl":"https://landometer.com/api/v2/citymeter-v3/grocery/info/geom/60955c27-eb7b-475c-89c9-ac2290b393ba/MUNICIPALITY","sourceSha256":"13f4873aa61facce97cc39411c8689b8c80305e644cbb8be2b7a19e627e392ca","retrievedAt":"2026-10-04T05:42:28.705981+00:00","boundaryVintage":null,"geometryStatus":"native_source_polygon_display_simplified","simplificationToleranceDegrees":0.00015,"simplificationPreservesTopology":true,"invalidSourceRepair":"make_valid; retain polygonal components; discard zero-area collapsed lines","legalBoundaryIndependentlyVerified":false,"areaId":"60955c27-eb7b-475c-89c9-ac2290b393ba"},"geometry":{"type":"Polygon","coordinates":[[[100.766303,14.478439],[100.765821,14.477533],[100.766347,14.477032],[100.766745,14.476982],[100.766788,14.476642],[100.766359,14.476357],[100.766924,14.475723],[100.767689,14.475827],[100.767708,14.475652],[100.769227,14.475322],[100.769319,14.474147],[100.76876,14.472467],[100.768099,14.472366],[100.768157,14.468881],[100.768956,14.468361],[100.768703,14.467708],[100.770221,14.466765],[100.769994,14.46453],[100.769351,14.463977],[100.76935,14.46351],[100.768799,14.462473],[100.768097,14.462265],[100.767477,14.461248],[100.766513,14.460777],[100.76633,14.459551],[100.766714,14.45843],[100.766351,14.457435],[100.76619,14.453958],[100.764353,14.453636],[100.761733,14.45429],[100.761117,14.451553],[100.772361,14.434628],[100.767389,14.43101],[100.762691,14.433209],[100.762823,14.439961],[100.756113,14.438817],[100.748002,14.445279],[100.743093,14.440685],[100.742214,14.44151],[100.728862,14.459436],[100.730439,14.457329],[100.772895,14.483273],[100.771303,14.483472],[100.772295,14.484078],[100.773012,14.483671],[100.773693,14.482045],[100.773776,14.480986],[100.769399,14.478324],[100.766303,14.478439]]]},"bbox":[100.728862,14.43101,100.773808,14.484078]},{"type":"Feature","id":"de1ef4ab-802c-467f-be98-ad4d08210d63","properties":{"id":"de1ef4ab-802c-467f-be98-ad4d08210d63","code":"06141003","provinceCode":"14","nameTh":"องค์การบริหารส่วนตำบล คลองพระยาบันลือ","nameEn":null,"geometryType":"MUNICIPALITY","sourceUrl":"https://landometer.com/api/v2/citymeter-v3/grocery/info/geom/de1ef4ab-802c-467f-be98-ad4d08210d63/MUNICIPALITY","sourceSha256":"7c6fb1a2baa9050e3f27aa6b833491b65ee5379eb118500ea1c1193832011263","retrievedAt":"2026-10-04T05:42:28.760439+00:00","boundaryVintage":null,"geometryStatus":"native_source_polygon_display_simplified","simplificationToleranceDegrees":0.00015,"simplificationPreservesTopology":true,"invalidSourceRepair":"make_valid; retain polygonal components; discard zero-area collapsed lines","legalBoundaryIndependentlyVerified":false,"areaId":"de1ef4ab-802c-467f-be98-ad4d08210d63"},"geometry":{"type":"Polygon","coordinates":[[[100.393996,14.122458],[100.390776,14.122419],[100.39804,14.11507],[100.394572,14.115113],[100.385563,14.114654],[100.381317,14.11509],[100.366029,14.114831],[100.354992,14.113548],[100.347875,14.11365],[100.345423,14.114047],[100.344827,14.114386],[100.350492,14.155872],[100.350238,14.155924],[100.350259,14.156773],[100.350265,14.155965],[100.385733,14.153187],[100.384747,14.153188],[100.384399,14.144009],[100.390492,14.143628],[100.390942,14.14065],[100.398017,14.140364],[100.397973,14.133116],[100.39408,14.131842],[100.393996,14.122458]]]},"bbox":[100.344827,14.113548,100.398082,14.156792]},{"type":"Feature","id":"8a287fc7-3570-4a46-a950-df06f86ab103","properties":{"id":"8a287fc7-3570-4a46-a950-df06f86ab103","code":"06141004","provinceCode":"14","nameTh":"องค์การบริหารส่วนตำบล สิงหนาท","nameEn":null,"geometryType":"MUNICIPALITY","sourceUrl":"https://landometer.com/api/v2/citymeter-v3/grocery/info/geom/8a287fc7-3570-4a46-a950-df06f86ab103/MUNICIPALITY","sourceSha256":"6acae1040b2f396b7f52f5a4368bb3f5daa413fe33a987f61f7c0f5186ba2734","retrievedAt":"2026-10-04T05:42:28.760355+00:00","boundaryVintage":null,"geometryStatus":"native_source_polygon_display_simplified","simplificationToleranceDegrees":0.00015,"simplificationPreservesTopology":true,"invalidSourceRepair":"make_valid; retain polygonal components; discard zero-area collapsed lines","legalBoundaryIndependentlyVerified":false,"areaId":"8a287fc7-3570-4a46-a950-df06f86ab103"},"geometry":{"type":"Polygon","coordinates":[[[100.461578,14.149806],[100.461457,14.125567],[100.455545,14.128533],[100.455575,14.121556],[100.455121,14.115894],[100.45329,14.116364],[100.442631,14.11421],[100.437974,14.113887],[100.430634,14.114318],[100.419201,14.114017],[100.414512,14.114709],[100.39804,14.11507],[100.390776,14.122419],[100.393996,14.122458],[100.39408,14.131842],[100.397973,14.133116],[100.398017,14.140364],[100.390942,14.14065],[100.390492,14.143628],[100.384399,14.144009],[100.384747,14.153188],[100.385746,14.15315],[100.3838,14.153339],[100.449255,14.148212],[100.461534,14.149361],[100.461578,14.149806]]]},"bbox":[100.3838,14.113887,100.46166,14.153339]},{"type":"Feature","id":"b500c2a7-24c7-4c4b-a932-cf8ec6b165c0","properties":{"id":"b500c2a7-24c7-4c4b-a932-cf8ec6b165c0","code":"06141005","provinceCode":"14","nameTh":"องค์การบริหารส่วนตำบล คู้สลอด","nameEn":null,"geometryType":"MUNICIPALITY","sourceUrl":"https://landometer.com/api/v2/citymeter-v3/grocery/info/geom/b500c2a7-24c7-4c4b-a932-cf8ec6b165c0/MUNICIPALITY","sourceSha256":"f6affc9e09409f63ac5d05b23f2f07e043e811ee2c02777dd1a421b0359d9402","retrievedAt":"2026-10-04T05:42:28.819263+00:00","boundaryVintage":null,"geometryStatus":"native_source_polygon_display_simplified","simplificationToleranceDegrees":0.00015,"simplificationPreservesTopology":true,"invalidSourceRepair":"make_valid; retain polygonal components; discard zero-area collapsed lines","legalBoundaryIndependentlyVerified":false,"areaId":"b500c2a7-24c7-4c4b-a932-cf8ec6b165c0"},"geometry":{"type":"Polygon","coordinates":[[[100.417029,14.18816],[100.416822,14.183385],[100.41652,14.182613],[100.414025,14.178878],[100.424837,14.174801],[100.424841,14.173676],[100.426177,14.173627],[100.426246,14.16992],[100.425434,14.165943],[100.425181,14.161366],[100.426868,14.161248],[100.427279,14.160889],[100.410177,14.15955],[100.407188,14.160415],[100.406913,14.169337],[100.402998,14.173072],[100.403273,14.173676],[100.400638,14.176192],[100.395901,14.176606],[100.394249,14.172634],[100.378726,14.171833],[100.366673,14.178106],[100.359042,14.177422],[100.357224,14.174098],[100.351483,14.174105],[100.351259,14.209514],[100.355068,14.211343],[100.356994,14.212671],[100.364069,14.216069],[100.366432,14.217599],[100.367027,14.218293],[100.369919,14.216941],[100.377272,14.214892],[100.380906,14.214405],[100.385542,14.21463],[100.385194,14.213938],[100.385255,14.213349],[100.385741,14.21409],[100.386078,14.21423],[100.388518,14.213655],[100.395722,14.212611],[100.396236,14.212727],[100.396754,14.213922],[100.399071,14.216744],[100.400455,14.217279],[100.401738,14.218168],[100.403523,14.218812],[100.404234,14.217272],[100.406082,14.217037],[100.410321,14.215957],[100.41198,14.215832],[100.413243,14.216449],[100.413711,14.216949],[100.415642,14.217577],[100.417131,14.220975],[100.417436,14.222981],[100.417926,14.224206],[100.419254,14.223456],[100.419855,14.2227],[100.420378,14.221066],[100.420048,14.217948],[100.419085,14.215643],[100.417648,14.210974],[100.417853,14.209791],[100.416646,14.204406],[100.417495,14.195376],[100.416762,14.194685],[100.415975,14.193063],[100.416581,14.18906],[100.417029,14.18816]]]},"bbox":[100.351259,14.15955,100.427279,14.224206]},{"type":"Feature","id":"53c0ddea-b600-4ae9-a6a4-2e7034d4ce2d","properties":{"id":"53c0ddea-b600-4ae9-a6a4-2e7034d4ce2d","code":"06141006","provinceCode":"14","nameTh":"องค์การบริหารส่วนตำบล พระยาบันลือ","nameEn":null,"geometryType":"MUNICIPALITY","sourceUrl":"https://landometer.com/api/v2/citymeter-v3/grocery/info/geom/53c0ddea-b600-4ae9-a6a4-2e7034d4ce2d/MUNICIPALITY","sourceSha256":"01379acff3c9d40d5c21ee354e99269fa94a1e6e6dffb1d32d50af95a824e540","retrievedAt":"2026-10-04T05:42:28.824816+00:00","boundaryVintage":null,"geometryStatus":"native_source_polygon_display_simplified","simplificationToleranceDegrees":0.00015,"simplificationPreservesTopology":true,"invalidSourceRepair":"make_valid; retain polygonal components; discard zero-area collapsed lines","legalBoundaryIndependentlyVerified":false,"areaId":"53c0ddea-b600-4ae9-a6a4-2e7034d4ce2d"},"geometry":{"type":"Polygon","coordinates":[[[100.40299826520649,14.173071746986903],[100.406913,14.169337],[100.407188,14.160415],[100.410177,14.15955],[100.427279,14.160889],[100.429664,14.16092],[100.436959,14.160327],[100.437055,14.162609],[100.436751,14.165036],[100.439669,14.164958],[100.440582,14.165714],[100.440649,14.167227],[100.443085,14.166828],[100.446109,14.165851],[100.445873,14.163446],[100.447636,14.162802],[100.446339,14.160303],[100.446008,14.159028],[100.446188,14.158549],[100.448172,14.156572],[100.448268,14.153318],[100.450453,14.152965],[100.456258,14.151269],[100.460865,14.151242],[100.460956,14.150082],[100.461578,14.149806],[100.461534,14.149361],[100.449255,14.148212],[100.350265,14.155965],[100.350712,14.174651],[100.351476,14.175102],[100.351483,14.174105],[100.357224,14.174098],[100.359042,14.177422],[100.366673,14.178106],[100.378726,14.171833],[100.394249,14.172634],[100.395901,14.176606],[100.400638,14.176192],[100.403273,14.173676],[100.40299826520649,14.173071746986903]],[[100.402998,14.173072],[100.402601,14.172198],[100.40299826520649,14.173071746986903],[100.402998,14.173072]]]},"bbox":[100.350259,14.148212,100.461578,14.178106]},{"type":"Feature","id":"e1c3f33d-1a52-4598-a351-05bcaee05deb","properties":{"id":"e1c3f33d-1a52-4598-a351-05bcaee05deb","code":"06141007","provinceCode":"14","nameTh":"องค์การบริหารส่วนตำบล ลาดบัวหลวง","nameEn":null,"geometryType":"MUNICIPALITY","sourceUrl":"https://landometer.com/api/v2/citymeter-v3/grocery/info/geom/e1c3f33d-1a52-4598-a351-05bcaee05deb/MUNICIPALITY","sourceSha256":"a21bd27b1b6d9ae94a21c142061392300ac6760c986bd0134d549c5d5f2a5b83","retrievedAt":"2026-10-04T05:42:28.816579+00:00","boundaryVintage":null,"geometryStatus":"native_source_polygon_display_simplified","simplificationToleranceDegrees":0.00015,"simplificationPreservesTopology":true,"invalidSourceRepair":"make_valid; retain polygonal components; discard zero-area collapsed lines","legalBoundaryIndependentlyVerified":false,"areaId":"e1c3f33d-1a52-4598-a351-05bcaee05deb"},"geometry":{"type":"MultiPolygon","coordinates":[[[[100.283695,14.219258],[100.290251,14.217177],[100.293578,14.21666],[100.2932,14.20351],[100.287357,14.201515],[100.286658,14.182648],[100.276115,14.183363],[100.276242,14.207358],[100.283695,14.219258]]],[[[100.350744,14.224976],[100.350884,14.209411],[100.351259,14.209514],[100.351476,14.175102],[100.350712,14.174651],[100.350238,14.155924],[100.327316,14.160567],[100.329297,14.169722],[100.300142,14.175998],[100.300854,14.175848],[100.298691,14.18057],[100.298743,14.190335],[100.308787,14.186922],[100.310667,14.189233],[100.312115,14.204289],[100.319227,14.221887],[100.322601,14.223584],[100.332019,14.226694],[100.336496,14.22654],[100.338188,14.226975],[100.340759,14.225581],[100.342959,14.224894],[100.345913,14.225959],[100.350744,14.224976]]],[[[100.351197,14.155817],[100.351233,14.155889],[100.35121,14.155843],[100.351197,14.155817]]]]},"bbox":[100.276115,14.155817,100.351476,14.226975]},{"type":"Feature","id":"f429821a-b175-482e-8eb7-82ab41ccd772","properties":{"id":"f429821a-b175-482e-8eb7-82ab41ccd772","code":"06141008","provinceCode":"14","nameTh":"องค์การบริหารส่วนตำบล หลักชัย","nameEn":null,"geometryType":"MUNICIPALITY","sourceUrl":"https://landometer.com/api/v2/citymeter-v3/grocery/info/geom/f429821a-b175-482e-8eb7-82ab41ccd772/MUNICIPALITY","sourceSha256":"b64761dadc68b20a9a575c9e2d6b01a73470476894810a60d696704767191d25","retrievedAt":"2026-10-04T05:42:28.835544+00:00","boundaryVintage":null,"geometryStatus":"native_source_polygon_display_simplified","simplificationToleranceDegrees":0.00015,"simplificationPreservesTopology":true,"invalidSourceRepair":"make_valid; retain polygonal components; discard zero-area collapsed lines","legalBoundaryIndependentlyVerified":false,"areaId":"f429821a-b175-482e-8eb7-82ab41ccd772"},"geometry":{"type":"Polygon","coordinates":[[[100.308787,14.186922],[100.298743,14.190335],[100.298691,14.18057],[100.300854,14.175848],[100.296678,14.176741],[100.292178,14.168597],[100.284196,14.169796],[100.284105,14.168923],[100.284139,14.169591],[100.26823,14.171749],[100.245159,14.173614],[100.215146,14.178622],[100.212706,14.1788],[100.214932,14.183713],[100.215476,14.18541],[100.216415,14.186268],[100.217767,14.187053],[100.217314,14.187982],[100.219963,14.189236],[100.221167,14.189507],[100.223133,14.190795],[100.224852,14.193979],[100.22706,14.19353],[100.227733,14.194698],[100.228632,14.195338],[100.230804,14.194114],[100.232127,14.194131],[100.233856,14.194783],[100.235644,14.197022],[100.23858,14.197422],[100.238529,14.197893],[100.237478,14.198485],[100.236692,14.199976],[100.2367,14.201339],[100.236086,14.204408],[100.243365,14.210111],[100.244489,14.210066],[100.248234,14.20548],[100.251878,14.205073],[100.25229,14.20471],[100.253779,14.204615],[100.258102,14.20262],[100.260799,14.202065],[100.261391,14.20594],[100.261706,14.213826],[100.262383,14.215525],[100.263199,14.21668],[100.263714,14.217002],[100.264134,14.218042],[100.267495,14.217262],[100.272056,14.218812],[100.278982,14.21956],[100.28395,14.219326],[100.285466,14.219022],[100.289292,14.217598],[100.283695,14.219258],[100.276242,14.207358],[100.276115,14.183363],[100.286658,14.182648],[100.287357,14.201515],[100.2932,14.20351],[100.293578,14.21666],[100.300148,14.216532],[100.30361,14.216853],[100.305271,14.217262],[100.30763,14.21826],[100.31251,14.220993],[100.316387,14.221985],[100.319227,14.221887],[100.312115,14.204289],[100.310667,14.189233],[100.308787,14.186922]]]},"bbox":[100.212706,14.168597,100.319227,14.222047]},{"type":"Feature","id":"1e3ce3a1-79ac-4f99-9f4a-e50af7f7aca8","properties":{"id":"1e3ce3a1-79ac-4f99-9f4a-e50af7f7aca8","code":"06141102","provinceCode":"14","nameTh":"องค์การบริหารส่วนตำบล ข้าวงาม","nameEn":null,"geometryType":"MUNICIPALITY","sourceUrl":"https://landometer.com/api/v2/citymeter-v3/grocery/info/geom/1e3ce3a1-79ac-4f99-9f4a-e50af7f7aca8/MUNICIPALITY","sourceSha256":"22f7e9337cff366817d111263af8deef4b19932fd45ba2d51de5ba3a5c99c7fc","retrievedAt":"2026-10-04T05:42:28.818710+00:00","boundaryVintage":null,"geometryStatus":"native_source_polygon_display_simplified","simplificationToleranceDegrees":0.00015,"simplificationPreservesTopology":true,"invalidSourceRepair":"make_valid; retain polygonal components; discard zero-area collapsed lines","legalBoundaryIndependentlyVerified":false,"areaId":"1e3ce3a1-79ac-4f99-9f4a-e50af7f7aca8"},"geometry":{"type":"Polygon","coordinates":[[[100.779599,14.239253],[100.785175,14.241561],[100.779858,14.25563],[100.823094,14.276037],[100.823058,14.245289],[100.82246,14.243912],[100.821499,14.242746],[100.76542,14.216003],[100.776651,14.221626],[100.779599,14.239253]]]},"bbox":[100.76542,14.216003,100.82323,14.276037]},{"type":"Feature","id":"0da2b45f-be11-4bf7-b077-e39ed89e9f2c","properties":{"id":"0da2b45f-be11-4bf7-b077-e39ed89e9f2c","code":"06141103","provinceCode":"14","nameTh":"องค์การบริหารส่วนตำบล ชะแมบ","nameEn":null,"geometryType":"MUNICIPALITY","sourceUrl":"https://landometer.com/api/v2/citymeter-v3/grocery/info/geom/0da2b45f-be11-4bf7-b077-e39ed89e9f2c/MUNICIPALITY","sourceSha256":"4291803619d4f4fd72ce0be818f8c7f83dc1a8ffbeea59ebfa3cafde4d4f088c","retrievedAt":"2026-10-04T05:42:28.838732+00:00","boundaryVintage":null,"geometryStatus":"native_source_polygon_display_simplified","simplificationToleranceDegrees":0.00015,"simplificationPreservesTopology":true,"invalidSourceRepair":"make_valid; retain polygonal components; discard zero-area collapsed lines","legalBoundaryIndependentlyVerified":false,"areaId":"0da2b45f-be11-4bf7-b077-e39ed89e9f2c"},"geometry":{"type":"Polygon","coordinates":[[[100.736508,14.242171],[100.731581,14.242097],[100.731698,14.26533],[100.795775,14.295457],[100.799501,14.281328],[100.77718,14.27083],[100.781072,14.263245],[100.777981,14.261504],[100.780723,14.256038],[100.735784,14.234677],[100.736627,14.235127],[100.736508,14.242171]]]},"bbox":[100.731581,14.234677,100.799501,14.295457]},{"type":"Feature","id":"99a4254e-40c4-4be8-9463-ac10035e6ac4","properties":{"id":"99a4254e-40c4-4be8-9463-ac10035e6ac4","code":"06141104","provinceCode":"14","nameTh":"องค์การบริหารส่วนตำบล บ่อตาโล่","nameEn":null,"geometryType":"MUNICIPALITY","sourceUrl":"https://landometer.com/api/v2/citymeter-v3/grocery/info/geom/99a4254e-40c4-4be8-9463-ac10035e6ac4/MUNICIPALITY","sourceSha256":"73df8c2dd809cf2a41a37f758d52009b473cf570eee66ca8a228b686ff86e183","retrievedAt":"2026-10-04T05:42:28.836087+00:00","boundaryVintage":null,"geometryStatus":"native_source_polygon_display_simplified","simplificationToleranceDegrees":0.00015,"simplificationPreservesTopology":true,"invalidSourceRepair":"make_valid; retain polygonal components; discard zero-area collapsed lines","legalBoundaryIndependentlyVerified":false,"areaId":"99a4254e-40c4-4be8-9463-ac10035e6ac4"},"geometry":{"type":"MultiPolygon","coordinates":[[[[100.6469090660342,14.222963983347123],[100.647018,14.222842],[100.646909,14.222964],[100.6469090660342,14.222963983347123]]],[[[100.700575,14.246655],[100.701514,14.244133],[100.704085,14.245017],[100.707773,14.242951],[100.708902,14.238659],[100.663535,14.215018],[100.655831,14.220714],[100.6469090660342,14.222963983347123],[100.64628,14.223455],[100.64526,14.223457],[100.642929,14.224679],[100.64191,14.225728],[100.640337,14.226482],[100.639608,14.227357],[100.637426,14.228931],[100.636749,14.229704],[100.635008,14.229466],[100.634927,14.229848],[100.635421,14.230792],[100.639021,14.233089],[100.639845,14.233854],[100.642153,14.233965],[100.645626,14.236724],[100.646502,14.23711],[100.648747,14.238779],[100.65021,14.240796],[100.650518,14.242869],[100.651074,14.244016],[100.654718,14.248141],[100.657196,14.25005],[100.658463,14.250339],[100.659335,14.250866],[100.659879,14.251761],[100.66002,14.253996],[100.660635,14.255548],[100.6618,14.256511],[100.664689,14.26001],[100.666301,14.261453],[100.668262,14.26406],[100.668455,14.265184],[100.668988,14.26512],[100.67103,14.265661],[100.671228,14.266315],[100.671593,14.266565],[100.672827,14.266351],[100.673176,14.267095],[100.674105,14.267668],[100.674614,14.267633],[100.675746,14.267002],[100.676903,14.267867],[100.677044,14.269291],[100.676554,14.270037],[100.675122,14.271294],[100.67404,14.274552],[100.682353,14.265834],[100.686855,14.265273],[100.693771,14.254924],[100.692946,14.252549],[100.695212,14.248962],[100.697929,14.246299],[100.700575,14.246655]]]]},"bbox":[100.634927,14.215018,100.708902,14.274552]},{"type":"Feature","id":"31fe1178-8404-48c2-a4e7-e4e6916a371b","properties":{"id":"31fe1178-8404-48c2-a4e7-e4e6916a371b","code":"06141105","provinceCode":"14","nameTh":"องค์การบริหารส่วนตำบล พยอม","nameEn":null,"geometryType":"MUNICIPALITY","sourceUrl":"https://landometer.com/api/v2/citymeter-v3/grocery/info/geom/31fe1178-8404-48c2-a4e7-e4e6916a371b/MUNICIPALITY","sourceSha256":"76985167f6bb53f89d668aa6deb4a77781b2701bfb3aea43680f79b1a1cb809f","retrievedAt":"2026-10-04T05:42:28.835099+00:00","boundaryVintage":null,"geometryStatus":"native_source_polygon_display_simplified","simplificationToleranceDegrees":0.00015,"simplificationPreservesTopology":true,"invalidSourceRepair":"make_valid; retain polygonal components; discard zero-area collapsed lines","legalBoundaryIndependentlyVerified":false,"areaId":"31fe1178-8404-48c2-a4e7-e4e6916a371b"},"geometry":{"type":"Polygon","coordinates":[[[100.619673,14.143123],[100.619506,14.176311],[100.659759,14.197165],[100.669223,14.184933],[100.669228,14.169104],[100.619673,14.143123]]]},"bbox":[100.619457,14.143123,100.669228,14.197165]},{"type":"Feature","id":"f9f23672-4fa2-4fdf-a784-adda696b9af4","properties":{"id":"f9f23672-4fa2-4fdf-a784-adda696b9af4","code":"06141106","provinceCode":"14","nameTh":"องค์การบริหารส่วนตำบล ลำไทร","nameEn":null,"geometryType":"MUNICIPALITY","sourceUrl":"https://landometer.com/api/v2/citymeter-v3/grocery/info/geom/f9f23672-4fa2-4fdf-a784-adda696b9af4/MUNICIPALITY","sourceSha256":"6c7e1da1d2d64b60206fbf5faf3f60f17a7cab34b4cb400cae527b3e9d491578","retrievedAt":"2026-10-04T05:42:29.030819+00:00","boundaryVintage":null,"geometryStatus":"native_source_polygon_display_simplified","simplificationToleranceDegrees":0.00015,"simplificationPreservesTopology":true,"invalidSourceRepair":"make_valid; retain polygonal components; discard zero-area collapsed lines","legalBoundaryIndependentlyVerified":false,"areaId":"f9f23672-4fa2-4fdf-a784-adda696b9af4"},"geometry":{"type":"Polygon","coordinates":[[[100.619506,14.176311],[100.61933,14.190109],[100.617103,14.19114],[100.614429,14.191954],[100.614041,14.19246],[100.614071,14.193041],[100.615538,14.194144],[100.616204,14.195074],[100.619686,14.196667],[100.620283,14.198882],[100.620889,14.200112],[100.623189,14.201944],[100.625374,14.204707],[100.628369,14.207178],[100.62943,14.207641],[100.631343,14.208031],[100.632676,14.208142],[100.633685,14.207915],[100.636534,14.209826],[100.638979,14.21244],[100.640044,14.21323],[100.641957,14.213087],[100.643766,14.212179],[100.643756,14.21379],[100.644464,14.218819],[100.645292,14.220755],[100.64666,14.222337],[100.646909,14.222964],[100.655831,14.220714],[100.663535,14.215018],[100.708902,14.238659],[100.714853,14.224764],[100.715757,14.225194],[100.71578,14.224865],[100.681921,14.208123],[100.695859,14.215227],[100.659946,14.196923],[100.659759,14.197165],[100.619506,14.176311]]]},"bbox":[100.614004,14.176311,100.71578,14.238659]},{"type":"Feature","id":"98a6c5ca-69c0-4183-b1b2-1ef149a60699","properties":{"id":"98a6c5ca-69c0-4183-b1b2-1ef149a60699","code":"06141107","provinceCode":"14","nameTh":"องค์การบริหารส่วนตำบล วังจุฬา","nameEn":null,"geometryType":"MUNICIPALITY","sourceUrl":"https://landometer.com/api/v2/citymeter-v3/grocery/info/geom/98a6c5ca-69c0-4183-b1b2-1ef149a60699/MUNICIPALITY","sourceSha256":"36e81b6938d308d597c3c759fad3c7f573f11f86fcb032344e2ab4ce23506122","retrievedAt":"2026-10-04T05:42:29.030116+00:00","boundaryVintage":null,"geometryStatus":"native_source_polygon_display_simplified","simplificationToleranceDegrees":0.00015,"simplificationPreservesTopology":true,"invalidSourceRepair":"make_valid; retain polygonal components; discard zero-area collapsed lines","legalBoundaryIndependentlyVerified":false,"areaId":"98a6c5ca-69c0-4183-b1b2-1ef149a60699"},"geometry":{"type":"Polygon","coordinates":[[[100.785175,14.241561],[100.779599,14.239253],[100.776651,14.221626],[100.76321,14.214932],[100.731697,14.199912],[100.731698,14.199341],[100.731596,14.232686],[100.779858,14.25563],[100.785175,14.241561]]]},"bbox":[100.731596,14.199341,100.785175,14.25563]},{"type":"Feature","id":"8329fc12-5d40-4fa8-afa3-4b1a137980bb","properties":{"id":"8329fc12-5d40-4fa8-afa3-4b1a137980bb","code":"06141108","provinceCode":"14","nameTh":"องค์การบริหารส่วนตำบล วังน้อย","nameEn":null,"geometryType":"MUNICIPALITY","sourceUrl":"https://landometer.com/api/v2/citymeter-v3/grocery/info/geom/8329fc12-5d40-4fa8-afa3-4b1a137980bb/MUNICIPALITY","sourceSha256":"e99c6990eb3e61138776fbf62c52900374230bc568ce96565495c80ea01fc7b6","retrievedAt":"2026-10-04T05:42:29.027919+00:00","boundaryVintage":null,"geometryStatus":"native_source_polygon_display_simplified","simplificationToleranceDegrees":0.00015,"simplificationPreservesTopology":true,"invalidSourceRepair":"make_valid; retain polygonal components; discard zero-area collapsed lines","legalBoundaryIndependentlyVerified":false,"areaId":"8329fc12-5d40-4fa8-afa3-4b1a137980bb"},"geometry":{"type":"Polygon","coordinates":[[[100.681921,14.208123],[100.71578,14.224865],[100.731596,14.232686],[100.731697,14.199912],[100.692834,14.181562],[100.669228,14.169104],[100.669228,14.168678],[100.669223,14.184933],[100.659946,14.196923],[100.681921,14.208123]]]},"bbox":[100.659946,14.168678,100.731697,14.232686]},{"type":"Feature","id":"7796a19d-7416-4c06-a1c8-e1059f567e39","properties":{"id":"7796a19d-7416-4c06-a1c8-e1059f567e39","code":"06141109","provinceCode":"14","nameTh":"องค์การบริหารส่วนตำบล สนับทึบ","nameEn":null,"geometryType":"MUNICIPALITY","sourceUrl":"https://landometer.com/api/v2/citymeter-v3/grocery/info/geom/7796a19d-7416-4c06-a1c8-e1059f567e39/MUNICIPALITY","sourceSha256":"e77235c6e0b557068b64d0c1cf70618e10c1d44f174f69cabe3627a2ad88ae1e","retrievedAt":"2026-10-04T05:42:29.030404+00:00","boundaryVintage":null,"geometryStatus":"native_source_polygon_display_simplified","simplificationToleranceDegrees":0.00015,"simplificationPreservesTopology":true,"invalidSourceRepair":"make_valid; retain polygonal components; discard zero-area collapsed lines","legalBoundaryIndependentlyVerified":false,"areaId":"7796a19d-7416-4c06-a1c8-e1059f567e39"},"geometry":{"type":"Polygon","coordinates":[[[100.82318,14.329661],[100.823094,14.276037],[100.780723,14.256038],[100.777981,14.261504],[100.781072,14.263245],[100.77718,14.27083],[100.799501,14.281328],[100.788527,14.322873],[100.787564,14.322648],[100.78767,14.323388],[100.803633,14.324965],[100.811655,14.325124],[100.814047,14.325845],[100.820176,14.329131],[100.82318,14.329661]]]},"bbox":[100.77718,14.256038,100.823218,14.329661]},{"type":"Feature","id":"2a247453-a2f2-40bf-8fa5-d1841dd01ce9","properties":{"id":"2a247453-a2f2-40bf-8fa5-d1841dd01ce9","code":"06141110","provinceCode":"14","nameTh":"องค์การบริหารส่วนตำบล หันตะเภา","nameEn":null,"geometryType":"MUNICIPALITY","sourceUrl":"https://landometer.com/api/v2/citymeter-v3/grocery/info/geom/2a247453-a2f2-40bf-8fa5-d1841dd01ce9/MUNICIPALITY","sourceSha256":"9cefee683193a42c2835c12717341eb2d7edc4fd7c6a890e37ae08a1e387b37c","retrievedAt":"2026-10-04T05:42:29.030621+00:00","boundaryVintage":null,"geometryStatus":"native_source_polygon_display_simplified","simplificationToleranceDegrees":0.00015,"simplificationPreservesTopology":true,"invalidSourceRepair":"make_valid; retain polygonal components; discard zero-area collapsed lines","legalBoundaryIndependentlyVerified":false,"areaId":"2a247453-a2f2-40bf-8fa5-d1841dd01ce9"},"geometry":{"type":"Polygon","coordinates":[[[100.732109,14.298345],[100.732255,14.298169],[100.733648,14.298764],[100.785067,14.323155],[100.787705,14.323414],[100.787564,14.322648],[100.788527,14.322873],[100.795769,14.295454],[100.731698,14.26533],[100.732109,14.298345]]]},"bbox":[100.731698,14.26533,100.795769,14.323414]},{"type":"Feature","id":"a06500fd-9e3a-42d4-882a-c23ee05bbcd5","properties":{"id":"a06500fd-9e3a-42d4-882a-c23ee05bbcd5","code":"06141206","provinceCode":"14","nameTh":"องค์การบริหารส่วนตำบล ชายนา","nameEn":null,"geometryType":"MUNICIPALITY","sourceUrl":"https://landometer.com/api/v2/citymeter-v3/grocery/info/geom/a06500fd-9e3a-42d4-882a-c23ee05bbcd5/MUNICIPALITY","sourceSha256":"f3a2254d7664b215ad9c5dcd977bcd533508c5e027352ce5276b500e7db1f26b","retrievedAt":"2026-10-04T05:42:29.030336+00:00","boundaryVintage":null,"geometryStatus":"native_source_polygon_display_simplified","simplificationToleranceDegrees":0.00015,"simplificationPreservesTopology":true,"invalidSourceRepair":"make_valid; retain polygonal components; discard zero-area collapsed lines","legalBoundaryIndependentlyVerified":false,"areaId":"a06500fd-9e3a-42d4-882a-c23ee05bbcd5"},"geometry":{"type":"Polygon","coordinates":[[[100.365924,14.299746],[100.365625,14.300715],[100.365991,14.300901],[100.366093,14.300573],[100.371466,14.302411],[100.371361,14.301508],[100.370689,14.300385],[100.371503,14.30031],[100.37271,14.300723],[100.372429,14.29957],[100.37367,14.299995],[100.373426,14.299243],[100.372331,14.297725],[100.373076,14.297678],[100.374655,14.298099],[100.37449,14.297299],[100.369252,14.290035],[100.379766,14.290043],[100.37974000732645,14.289043281786444],[100.38074,14.289044],[100.380713,14.288044],[100.381714,14.288044],[100.381687,14.287044],[100.382687,14.287045],[100.382634,14.285045],[100.383634,14.285046],[100.383729,14.284046],[100.385074,14.284047],[100.372469,14.269999],[100.358326,14.235203],[100.349361,14.228354],[100.34799,14.225484],[100.345913,14.225959],[100.342959,14.224894],[100.340759,14.225581],[100.338188,14.226975],[100.336496,14.22654],[100.332019,14.226694],[100.324878,14.224336],[100.320048,14.22421],[100.32695,14.262438],[100.334403,14.274839],[100.353226,14.293301],[100.365924,14.299746]],[[100.368209,14.289035],[100.37974,14.289043],[100.37974000732645,14.289043281786444],[100.368209,14.289035]]]},"bbox":[100.320048,14.22421,100.385074,14.302411]},{"type":"Feature","id":"d57ef50f-9f79-48b9-9b5b-8434aa779aca","properties":{"id":"d57ef50f-9f79-48b9-9b5b-8434aa779aca","code":"06141207","provinceCode":"14","nameTh":"องค์การบริหารส่วนตำบล ดอนทอง","nameEn":null,"geometryType":"MUNICIPALITY","sourceUrl":"https://landometer.com/api/v2/citymeter-v3/grocery/info/geom/d57ef50f-9f79-48b9-9b5b-8434aa779aca/MUNICIPALITY","sourceSha256":"0a4e4532b4513b0ce2fdc1548b1b288077124a46bee8f3e9d3f16b166f8bf3da","retrievedAt":"2026-10-04T05:42:29.031091+00:00","boundaryVintage":null,"geometryStatus":"native_source_polygon_display_simplified","simplificationToleranceDegrees":0.00015,"simplificationPreservesTopology":true,"invalidSourceRepair":"make_valid; retain polygonal components; discard zero-area collapsed lines","legalBoundaryIndependentlyVerified":false,"areaId":"d57ef50f-9f79-48b9-9b5b-8434aa779aca"},"geometry":{"type":"MultiPolygon","coordinates":[[[[100.28395,14.219326],[100.278982,14.21956],[100.274039,14.219173],[100.275858,14.222816],[100.277167,14.226771],[100.278373,14.234091],[100.278827,14.235214],[100.280419,14.236911],[100.284461,14.236523],[100.284907,14.238304],[100.285429,14.238755],[100.287147,14.239822],[100.288539,14.2395],[100.289953,14.240757],[100.293424,14.246002],[100.293006,14.246496],[100.294899,14.250573],[100.29649,14.255091],[100.297298,14.256454],[100.298054,14.256275],[100.29834,14.256651],[100.299516,14.255967],[100.299695,14.256314],[100.302953,14.254273],[100.304749,14.253421],[100.306052,14.255118],[100.309595,14.258556],[100.310072,14.259911],[100.310819,14.259817],[100.311465,14.261142],[100.311287,14.261762],[100.311391,14.263595],[100.312104,14.264973],[100.312914,14.265089],[100.313774,14.268103],[100.315644,14.267368],[100.316851,14.271284],[100.318051,14.271444],[100.317995,14.272121],[100.317547,14.272967],[100.321708,14.274056],[100.321177,14.275307],[100.326128,14.280267],[100.327835,14.281061],[100.327827,14.282487],[100.327386,14.282694],[100.327666,14.283492],[100.327482,14.283607],[100.327557,14.284074],[100.328832,14.283483],[100.331625,14.283612],[100.331827,14.285575],[100.333105,14.285204],[100.333829,14.287607],[100.336262,14.291113],[100.338631,14.293965],[100.340223,14.296871],[100.341911,14.298688],[100.342602,14.298255],[100.343029,14.298623],[100.341555,14.301535],[100.343129,14.302144],[100.342549,14.30496],[100.345115,14.305451],[100.34519,14.306751],[100.344519,14.307464],[100.347218,14.308728],[100.348392,14.311685],[100.348236,14.312065],[100.349985,14.313717],[100.350522,14.313522],[100.351052,14.314839],[100.35266,14.316523],[100.353475,14.318696],[100.354273,14.318727],[100.354752,14.319933],[100.355192,14.319822],[100.356374,14.323101],[100.356554,14.325225],[100.35712616402107,14.326033472413506],[100.3575,14.324831],[100.357985,14.325517],[100.365924,14.299746],[100.353226,14.293301],[100.334403,14.274839],[100.32695,14.262438],[100.320048,14.22421],[100.324878,14.224336],[100.322601,14.223584],[100.319278,14.221882],[100.316387,14.221985],[100.31251,14.220993],[100.306086,14.21757],[100.304388,14.217015],[100.302091,14.216627],[100.292241,14.216771],[100.290251,14.217177],[100.285466,14.219022],[100.28395,14.219326]]],[[[100.35712616402107,14.326033472413506],[100.357126,14.326034],[100.357169,14.326094],[100.35712616402107,14.326033472413506]]]]},"bbox":[100.274039,14.216532,100.365924,14.326094]},{"type":"Feature","id":"b308e02b-e175-42e1-a480-623333f319ef","properties":{"id":"b308e02b-e175-42e1-a480-623333f319ef","code":"06141208","provinceCode":"14","nameTh":"องค์การบริหารส่วนตำบล บ้านแพน","nameEn":null,"geometryType":"MUNICIPALITY","sourceUrl":"https://landometer.com/api/v2/citymeter-v3/grocery/info/geom/b308e02b-e175-42e1-a480-623333f319ef/MUNICIPALITY","sourceSha256":"4900e7fc201a5a824f16a923b17dac593f6aecf21dcc6e7e631c0a21384fa18b","retrievedAt":"2026-10-04T05:42:29.030719+00:00","boundaryVintage":null,"geometryStatus":"native_source_polygon_display_simplified","simplificationToleranceDegrees":0.00015,"simplificationPreservesTopology":true,"invalidSourceRepair":"make_valid; retain polygonal components; discard zero-area collapsed lines","legalBoundaryIndependentlyVerified":false,"areaId":"b308e02b-e175-42e1-a480-623333f319ef"},"geometry":{"type":"Polygon","coordinates":[[[100.425756,14.341498],[100.423973,14.339981],[100.420233,14.338509],[100.419731,14.337668],[100.419494,14.336389],[100.419537,14.334286],[100.419995,14.333139],[100.419894,14.332106],[100.420457,14.331722],[100.420678,14.330772],[100.422268,14.330463],[100.425721,14.330983],[100.427159,14.328972],[100.423741,14.327778],[100.424231,14.323471],[100.408935,14.319186],[100.406958,14.326011],[100.408664,14.326916],[100.407973,14.327974],[100.40568,14.329828],[100.405062,14.333715],[100.402753,14.333253],[100.400496,14.339202],[100.402287,14.342286],[100.405662,14.343151],[100.404671,14.349333],[100.408412,14.347291],[100.409129,14.350011],[100.413113,14.35316],[100.413675,14.358407],[100.415745,14.361627],[100.416153,14.361393],[100.416474,14.359846],[100.436731,14.364069],[100.436221,14.36165],[100.43547,14.360612],[100.433028,14.358207],[100.431852,14.356531],[100.43065,14.353829],[100.428089,14.345753],[100.426615,14.342724],[100.425756,14.341498]]]},"bbox":[100.400496,14.319186,100.436731,14.364069]},{"type":"Feature","id":"09af3b9b-69ef-42c3-ab5f-71df3259111b","properties":{"id":"09af3b9b-69ef-42c3-ab5f-71df3259111b","code":"06141209","provinceCode":"14","nameTh":"องค์การบริหารส่วนตำบล บ้านโพธิ์","nameEn":null,"geometryType":"MUNICIPALITY","sourceUrl":"https://landometer.com/api/v2/citymeter-v3/grocery/info/geom/09af3b9b-69ef-42c3-ab5f-71df3259111b/MUNICIPALITY","sourceSha256":"0f7c37f6eec8d7a31780921cf5d35a361fea1c43ed0c41d892264653fd63978b","retrievedAt":"2026-10-04T05:42:29.110517+00:00","boundaryVintage":null,"geometryStatus":"native_source_polygon_display_simplified","simplificationToleranceDegrees":0.00015,"simplificationPreservesTopology":true,"invalidSourceRepair":"make_valid; retain polygonal components; discard zero-area collapsed lines","legalBoundaryIndependentlyVerified":false,"areaId":"09af3b9b-69ef-42c3-ab5f-71df3259111b"},"geometry":{"type":"Polygon","coordinates":[[[100.416016,14.362049],[100.413675,14.358407],[100.413113,14.35316],[100.409129,14.350011],[100.408412,14.347291],[100.404671,14.349333],[100.405662,14.343151],[100.402287,14.342286],[100.400496,14.339202],[100.402753,14.333253],[100.400966,14.332894],[100.401522,14.327787],[100.398339,14.327007],[100.397796,14.332536],[100.393931,14.33576],[100.390884,14.343934],[100.38715,14.344563],[100.38559,14.346554],[100.381662,14.345816],[100.380291,14.354399],[100.373393,14.364701],[100.380821,14.366552],[100.385858,14.365032],[100.405511,14.365777],[100.41022,14.364587],[100.411198,14.365891],[100.416016,14.362049]]]},"bbox":[100.373393,14.327007,100.416016,14.366552]},{"type":"Feature","id":"a3a7f761-ee87-4b2a-9e2e-f696a0fb6364","properties":{"id":"a3a7f761-ee87-4b2a-9e2e-f696a0fb6364","code":"06141210","provinceCode":"14","nameTh":"องค์การบริหารส่วนตำบล บ้านหลวง","nameEn":null,"geometryType":"MUNICIPALITY","sourceUrl":"https://landometer.com/api/v2/citymeter-v3/grocery/info/geom/a3a7f761-ee87-4b2a-9e2e-f696a0fb6364/MUNICIPALITY","sourceSha256":"e4fcaafd4005805d158ab522da49f590c892f4702dc4b037413bc745fd5593bf","retrievedAt":"2026-10-04T05:42:29.117899+00:00","boundaryVintage":null,"geometryStatus":"native_source_polygon_display_simplified","simplificationToleranceDegrees":0.00015,"simplificationPreservesTopology":true,"invalidSourceRepair":"make_valid; retain polygonal components; discard zero-area collapsed lines","legalBoundaryIndependentlyVerified":false,"areaId":"a3a7f761-ee87-4b2a-9e2e-f696a0fb6364"},"geometry":{"type":"MultiPolygon","coordinates":[[[[100.384125,14.284046],[100.384233,14.284589],[100.38463,14.284874],[100.384621,14.284526],[100.412808,14.291069],[100.411832,14.290782],[100.412786,14.291022],[100.413819,14.287401],[100.416047,14.287536],[100.419462,14.28366],[100.418321,14.27605],[100.417566,14.275298],[100.418474,14.274791],[100.415849,14.272176],[100.410321,14.268082],[100.400628,14.266095],[100.394043,14.255188],[100.38858,14.264493],[100.385074,14.284047],[100.384125,14.284046]]],[[[100.384621,14.284526],[100.385716,14.284781],[100.385727,14.284783],[100.384621,14.284526]]]]},"bbox":[100.384125,14.255188,100.419462,14.291069]},{"type":"Feature","id":"e80253a7-7c1c-4c15-a530-8bf1bdd7dd52","properties":{"id":"e80253a7-7c1c-4c15-a530-8bf1bdd7dd52","code":"06141211","provinceCode":"14","nameTh":"องค์การบริหารส่วนตำบล มารวิชัย","nameEn":null,"geometryType":"MUNICIPALITY","sourceUrl":"https://landometer.com/api/v2/citymeter-v3/grocery/info/geom/e80253a7-7c1c-4c15-a530-8bf1bdd7dd52/MUNICIPALITY","sourceSha256":"82985c1e7fbecd2c2b7efb795527786f9fce0700c35e7e8b70e92c772b4cc5b8","retrievedAt":"2026-10-04T05:42:29.116078+00:00","boundaryVintage":null,"geometryStatus":"native_source_polygon_display_simplified","simplificationToleranceDegrees":0.00015,"simplificationPreservesTopology":true,"invalidSourceRepair":"make_valid; retain polygonal components; discard zero-area collapsed lines","legalBoundaryIndependentlyVerified":false,"areaId":"e80253a7-7c1c-4c15-a530-8bf1bdd7dd52"},"geometry":{"type":"MultiPolygon","coordinates":[[[[100.38659875339509,14.214093064846205],[100.386599,14.214093],[100.386353,14.202315],[100.38659875339509,14.214093064846205]]],[[[100.385871,14.214205],[100.385255,14.213349],[100.385194,14.213938],[100.385542,14.21463],[100.380906,14.214405],[100.377272,14.214892],[100.369919,14.216941],[100.367027,14.218293],[100.366432,14.217599],[100.363456,14.215728],[100.360241,14.214324],[100.356189,14.212257],[100.355068,14.211343],[100.350884,14.209411],[100.350744,14.224976],[100.34799,14.225484],[100.349361,14.228354],[100.358326,14.235203],[100.372469,14.269999],[100.385074,14.284047],[100.38858,14.264493],[100.394043,14.255188],[100.389305,14.248107],[100.384949,14.235305],[100.386611,14.21468],[100.38659875339509,14.214093064846205],[100.385871,14.214205]]],[[[100.383729,14.284046],[100.383812,14.284138],[100.383854,14.284046],[100.383729,14.284046]]]]},"bbox":[100.34799,14.202315,100.394043,14.284138]},{"type":"Feature","id":"551869cb-9c2c-484f-a899-a2e2dc522448","properties":{"id":"551869cb-9c2c-484f-a899-a2e2dc522448","code":"06141212","provinceCode":"14","nameTh":"องค์การบริหารส่วนตำบล รางจรเข้","nameEn":null,"geometryType":"MUNICIPALITY","sourceUrl":"https://landometer.com/api/v2/citymeter-v3/grocery/info/geom/551869cb-9c2c-484f-a899-a2e2dc522448/MUNICIPALITY","sourceSha256":"e840f6802e778c29821950ce6358246a0d9de3c185e06d98f8fa611c122eaa90","retrievedAt":"2026-10-04T05:42:29.120380+00:00","boundaryVintage":null,"geometryStatus":"native_source_polygon_display_simplified","simplificationToleranceDegrees":0.00015,"simplificationPreservesTopology":true,"invalidSourceRepair":"make_valid; retain polygonal components; discard zero-area collapsed lines","legalBoundaryIndependentlyVerified":false,"areaId":"551869cb-9c2c-484f-a899-a2e2dc522448"},"geometry":{"type":"Polygon","coordinates":[[[100.390884,14.343934],[100.393931,14.33576],[100.397796,14.332536],[100.398339,14.327007],[100.395023,14.32848],[100.392019,14.325126],[100.392015,14.326225],[100.387412,14.333862],[100.387743,14.336803],[100.376837,14.337223],[100.363252,14.342264],[100.355639,14.334182],[100.354869,14.334688],[100.354684,14.333885],[100.357126,14.326034],[100.356554,14.325225],[100.355741,14.327362],[100.353992,14.329561],[100.349226,14.331923],[100.344737,14.33258],[100.34022,14.333887],[100.337884,14.33358],[100.337766,14.334046],[100.337356,14.334108],[100.337062,14.336098],[100.336175,14.336237],[100.335459,14.343094],[100.334125,14.342973],[100.332743,14.346629],[100.334473,14.347584],[100.334645,14.348089],[100.334547,14.349578],[100.333574,14.352059],[100.336151,14.353727],[100.337095,14.354854],[100.338593,14.357658],[100.340111,14.358981],[100.341081,14.361136],[100.341244,14.363736],[100.34213,14.363729],[100.341138,14.360795],[100.349674,14.363257],[100.363782,14.362858],[100.370783,14.365793],[100.370717,14.365982],[100.371348,14.366266],[100.374587,14.362919],[100.380291,14.354399],[100.381662,14.345816],[100.38559,14.346554],[100.38715,14.344563],[100.390884,14.343934]]]},"bbox":[100.332743,14.325126,100.398339,14.366266]},{"type":"Feature","id":"4126164f-719a-49ec-af7d-f95b239470a0","properties":{"id":"4126164f-719a-49ec-af7d-f95b239470a0","code":"06141213","provinceCode":"14","nameTh":"องค์การบริหารส่วนตำบล ลาดงา","nameEn":null,"geometryType":"MUNICIPALITY","sourceUrl":"https://landometer.com/api/v2/citymeter-v3/grocery/info/geom/4126164f-719a-49ec-af7d-f95b239470a0/MUNICIPALITY","sourceSha256":"09cb74bbf6e4968a1d334a926a2d3ad54f6d75bcba07aee18d737623459fe141","retrievedAt":"2026-10-04T05:42:29.111440+00:00","boundaryVintage":null,"geometryStatus":"native_source_polygon_display_simplified","simplificationToleranceDegrees":0.00015,"simplificationPreservesTopology":true,"invalidSourceRepair":"make_valid; retain polygonal components; discard zero-area collapsed lines","legalBoundaryIndependentlyVerified":false,"areaId":"4126164f-719a-49ec-af7d-f95b239470a0"},"geometry":{"type":"Polygon","coordinates":[[[100.363782,14.362858],[100.349674,14.363257],[100.341138,14.360795],[100.34213,14.363729],[100.342394,14.363763],[100.343264,14.365906],[100.343612,14.368058],[100.345596,14.37269],[100.34588,14.375767],[100.34775,14.379962],[100.348952,14.380863],[100.350535,14.38138],[100.353782,14.381827],[100.356074,14.381684],[100.359297,14.382323],[100.361165,14.383007],[100.362364,14.383853],[100.363524,14.385518],[100.364658,14.387739],[100.368552,14.397599],[100.370273,14.40133],[100.371036,14.402457],[100.373219,14.402333],[100.374726,14.38909],[100.371333,14.38146],[100.367367,14.375544],[100.370783,14.365793],[100.363782,14.362858]]]},"bbox":[100.341138,14.360795,100.374726,14.402457]},{"type":"Feature","id":"448aad91-2314-4ea9-8fc7-a53840f7e996","properties":{"id":"448aad91-2314-4ea9-8fc7-a53840f7e996","code":"06141214","provinceCode":"14","nameTh":"องค์การบริหารส่วนตำบล สามตุ่ม","nameEn":null,"geometryType":"MUNICIPALITY","sourceUrl":"https://landometer.com/api/v2/citymeter-v3/grocery/info/geom/448aad91-2314-4ea9-8fc7-a53840f7e996/MUNICIPALITY","sourceSha256":"ef85158b6f88e4716a4bae903fed8d7bc8bb28f1137ffccc2a1e81b171000193","retrievedAt":"2026-10-04T05:42:29.110927+00:00","boundaryVintage":null,"geometryStatus":"native_source_polygon_display_simplified","simplificationToleranceDegrees":0.00015,"simplificationPreservesTopology":true,"invalidSourceRepair":"make_valid; retain polygonal components; discard zero-area collapsed lines","legalBoundaryIndependentlyVerified":false,"areaId":"448aad91-2314-4ea9-8fc7-a53840f7e996"},"geometry":{"type":"Polygon","coordinates":[[[100.422155,14.26831],[100.422546,14.267259],[100.435743,14.265755],[100.436576,14.266053],[100.436659,14.266311],[100.43698,14.265774],[100.437059,14.264485],[100.437613,14.262258],[100.437517,14.259305],[100.436728,14.256772],[100.435627,14.255678],[100.432492,14.253472],[100.431923,14.252806],[100.428892,14.250906],[100.425734,14.250928],[100.425139,14.249967],[100.425104,14.247615],[100.424619,14.247688],[100.424774,14.246461],[100.426001,14.246143],[100.426178,14.245899],[100.426369,14.244894],[100.425681,14.244923],[100.425679,14.244369],[100.426375,14.244278],[100.4263,14.240965],[100.4267,14.240767],[100.426036,14.237063],[100.427603,14.236874],[100.427387,14.234743],[100.428506,14.234145],[100.428184,14.23259],[100.427719,14.232552],[100.427529,14.231516],[100.427631,14.229751],[100.427322,14.22857],[100.427493,14.226789],[100.42699,14.226812],[100.426329,14.227247],[100.421591,14.227787],[100.419266,14.2267],[100.41862,14.2259],[100.417696,14.223666],[100.417131,14.220975],[100.415642,14.217577],[100.413711,14.216949],[100.413243,14.216449],[100.41198,14.215832],[100.410321,14.215957],[100.406082,14.217037],[100.404234,14.217272],[100.403523,14.218812],[100.401738,14.218168],[100.400455,14.217279],[100.398975,14.216666],[100.396754,14.213922],[100.396042,14.212609],[100.386599,14.214093],[100.384949,14.235305],[100.389305,14.248107],[100.394043,14.255188],[100.400628,14.266095],[100.410321,14.268082],[100.415849,14.272176],[100.418474,14.274791],[100.417963,14.274986],[100.418922,14.275697],[100.421932,14.274714],[100.421919,14.268337],[100.422155,14.26831]]]},"bbox":[100.384949,14.2126,100.437685,14.275697]},{"type":"Feature","id":"27410e44-e122-422c-a09e-16f0ba12c833","properties":{"id":"27410e44-e122-422c-a09e-16f0ba12c833","code":"06141302","provinceCode":"14","nameTh":"องค์การบริหารส่วนตำบล เทพมงคล","nameEn":null,"geometryType":"MUNICIPALITY","sourceUrl":"https://landometer.com/api/v2/citymeter-v3/grocery/info/geom/27410e44-e122-422c-a09e-16f0ba12c833/MUNICIPALITY","sourceSha256":"e62e8b6d169bc81e34cd037550d493ffb307056649ab2d7aa8ec993bf2083184","retrievedAt":"2026-10-04T05:42:29.122934+00:00","boundaryVintage":null,"geometryStatus":"native_source_polygon_display_simplified","simplificationToleranceDegrees":0.00015,"simplificationPreservesTopology":true,"invalidSourceRepair":"make_valid; retain polygonal components; discard zero-area collapsed lines","legalBoundaryIndependentlyVerified":false,"areaId":"27410e44-e122-422c-a09e-16f0ba12c833"},"geometry":{"type":"Polygon","coordinates":[[[100.282519,14.259289],[100.305375,14.256348],[100.303515,14.254006],[100.299695,14.256314],[100.299516,14.255967],[100.29834,14.256651],[100.298054,14.256275],[100.297298,14.256454],[100.29649,14.255091],[100.294899,14.250573],[100.293006,14.246496],[100.293424,14.246002],[100.289953,14.240757],[100.288539,14.2395],[100.287147,14.239822],[100.285429,14.238755],[100.284907,14.238304],[100.284461,14.236523],[100.280419,14.236911],[100.278999,14.235435],[100.278373,14.234091],[100.277167,14.226771],[100.275858,14.222816],[100.274039,14.219173],[100.270034,14.218246],[100.267495,14.217262],[100.26411,14.218016],[100.263714,14.217002],[100.263199,14.21668],[100.262383,14.215525],[100.261706,14.213826],[100.261391,14.20594],[100.260799,14.202065],[100.258102,14.20262],[100.253779,14.204615],[100.25229,14.20471],[100.251878,14.205073],[100.248234,14.20548],[100.244489,14.210066],[100.243365,14.210111],[100.236086,14.204408],[100.235912,14.205938],[100.2361,14.207216],[100.235497,14.209083],[100.235475,14.210727],[100.234183,14.211004],[100.232781,14.211739],[100.231793,14.212643],[100.231383,14.213391],[100.231499,14.214341],[100.232234,14.215974],[100.232441,14.217017],[100.23176,14.21965],[100.231774,14.227653],[100.23248,14.228068],[100.232763,14.22944],[100.234782,14.231983],[100.23496,14.234399],[100.234312,14.235126],[100.234402,14.238032],[100.232168,14.238559],[100.232159,14.238776],[100.233119,14.239064],[100.233651,14.241557],[100.236821,14.241083],[100.24339,14.241038],[100.243384,14.243403],[100.248332,14.252106],[100.249691,14.256722],[100.250896,14.262979],[100.250678,14.266666],[100.250041,14.268319],[100.257445,14.270106],[100.262725,14.2678],[100.263188,14.267025],[100.264356,14.257543],[100.271682,14.256806],[100.282519,14.259289]]]},"bbox":[100.23137,14.202049,100.305375,14.270106]},{"type":"Feature","id":"6a65038c-4e3a-4089-bf00-4bdac3ee3c6c","properties":{"id":"6a65038c-4e3a-4089-bf00-4bdac3ee3c6c","code":"06141303","provinceCode":"14","nameTh":"องค์การบริหารส่วนตำบล บางซ้าย","nameEn":null,"geometryType":"MUNICIPALITY","sourceUrl":"https://landometer.com/api/v2/citymeter-v3/grocery/info/geom/6a65038c-4e3a-4089-bf00-4bdac3ee3c6c/MUNICIPALITY","sourceSha256":"d7952ab0d184b9144e163e765f84291215e746845273a120fe30600ed7ee826d","retrievedAt":"2026-10-04T05:42:29.116262+00:00","boundaryVintage":null,"geometryStatus":"native_source_polygon_display_simplified","simplificationToleranceDegrees":0.00015,"simplificationPreservesTopology":true,"invalidSourceRepair":"make_valid; retain polygonal components; discard zero-area collapsed lines","legalBoundaryIndependentlyVerified":false,"areaId":"6a65038c-4e3a-4089-bf00-4bdac3ee3c6c"},"geometry":{"type":"Polygon","coordinates":[[[100.306944,14.325761],[100.314628,14.326132],[100.316215,14.321548],[100.329118,14.321498],[100.333324,14.318975],[100.354539,14.323001],[100.355655,14.327504],[100.356619,14.324944],[100.356157,14.322315],[100.355192,14.319822],[100.354752,14.319933],[100.354273,14.318727],[100.353475,14.318696],[100.35266,14.316523],[100.351052,14.314839],[100.350522,14.313522],[100.349985,14.313717],[100.348236,14.312065],[100.348392,14.311685],[100.347218,14.308728],[100.344519,14.307464],[100.34519,14.306751],[100.345115,14.305451],[100.343327,14.305109],[100.343593,14.305448],[100.334653,14.303369],[100.31972,14.295947],[100.30792,14.294719],[100.305562,14.290739],[100.30018,14.288176],[100.288648,14.285995],[100.27634,14.27983],[100.274403,14.282921],[100.275096,14.289765],[100.273332,14.294547],[100.268774,14.29946],[100.263111,14.301044],[100.256942,14.299449],[100.257634,14.300924],[100.2598,14.303642],[100.260321,14.305173],[100.262175,14.306316],[100.268417,14.312475],[100.269831,14.316226],[100.270078,14.31784],[100.27367,14.318035],[100.278505,14.320066],[100.27853,14.321033],[100.281839,14.327312],[100.282477,14.329572],[100.280189,14.330165],[100.278614,14.329902],[100.276332,14.330656],[100.276305,14.332618],[100.277153,14.332509],[100.277587,14.336397],[100.276583,14.336428],[100.276662,14.337395],[100.277003,14.337277],[100.277215,14.337782],[100.277424,14.337729],[100.278682,14.340043],[100.274791,14.340866],[100.275502,14.344098],[100.276496,14.343772],[100.276947,14.345046],[100.277694,14.344759],[100.278159,14.345655],[100.27923,14.346201],[100.300838,14.332763],[100.306944,14.325761]]]},"bbox":[100.256938,14.27983,100.356619,14.346201]},{"type":"Feature","id":"6b5c79fc-33d3-4c15-b5aa-03db908c5153","properties":{"id":"6b5c79fc-33d3-4c15-b5aa-03db908c5153","code":"06141304","provinceCode":"14","nameTh":"องค์การบริหารส่วนตำบล ปลายกลัด","nameEn":null,"geometryType":"MUNICIPALITY","sourceUrl":"https://landometer.com/api/v2/citymeter-v3/grocery/info/geom/6b5c79fc-33d3-4c15-b5aa-03db908c5153/MUNICIPALITY","sourceSha256":"ec9f2c6591271186210bae7eb5d5682e048facd9e9793645f1362a552b6cd698","retrievedAt":"2026-10-04T05:42:29.193363+00:00","boundaryVintage":null,"geometryStatus":"native_source_polygon_display_simplified","simplificationToleranceDegrees":0.00015,"simplificationPreservesTopology":true,"invalidSourceRepair":"make_valid; retain polygonal components; discard zero-area collapsed lines","legalBoundaryIndependentlyVerified":false,"areaId":"6b5c79fc-33d3-4c15-b5aa-03db908c5153"},"geometry":{"type":"Polygon","coordinates":[[[100.274866,14.35695],[100.272913,14.356785],[100.272908,14.356585],[100.272939,14.358667],[100.273356,14.358616],[100.273373,14.359495],[100.269864,14.359887],[100.26744,14.362008],[100.265993,14.362379],[100.265772,14.361709],[100.263961,14.362225],[100.26264,14.363267],[100.262564,14.364369],[100.263429,14.365878],[100.262349,14.367188],[100.266964,14.366566],[100.267148,14.374035],[100.272113,14.374175],[100.272132,14.376457],[100.273585,14.376966],[100.273557,14.378119],[100.273952,14.380246],[100.275517,14.382383],[100.276492,14.383081],[100.275904,14.383551],[100.27562,14.384649],[100.275951,14.387789],[100.277512,14.391086],[100.277944,14.39258],[100.277298,14.392733],[100.2775,14.39415],[100.277954,14.394071],[100.278089,14.39476],[100.277911,14.397315],[100.278575,14.398767],[100.279019,14.398645],[100.27957,14.400175],[100.278601,14.400359],[100.278814,14.400996],[100.277777,14.401299],[100.277665,14.40085],[100.277417,14.400918],[100.277639,14.401675],[100.277134,14.401759],[100.27725,14.402434],[100.276437,14.402226],[100.2764,14.401928],[100.27604,14.401835],[100.275832,14.402065],[100.275532,14.402743],[100.275801,14.404009],[100.27432,14.405],[100.273519,14.405967],[100.27348,14.407166],[100.27651,14.406681],[100.277878,14.406072],[100.278521,14.406246],[100.281922,14.405326],[100.286562,14.404705],[100.292462,14.405248],[100.295974,14.404046],[100.299221,14.403518],[100.304829,14.403594],[100.306411,14.403311],[100.3083,14.403308],[100.315255,14.404884],[100.320243,14.405241],[100.323844,14.405866],[100.329055,14.406187],[100.333768,14.406039],[100.342185,14.405201],[100.345341,14.405095],[100.345598,14.404839],[100.345577,14.40378],[100.346266,14.403068],[100.348506,14.402995],[100.348816,14.402641],[100.351666,14.402741],[100.358528,14.40167],[100.360225,14.402114],[100.371036,14.402457],[100.36952,14.399934],[100.364658,14.387739],[100.363524,14.385518],[100.362364,14.383853],[100.361165,14.383007],[100.359297,14.382323],[100.356074,14.381684],[100.353782,14.381827],[100.350535,14.38138],[100.348952,14.380863],[100.34775,14.379962],[100.34588,14.375767],[100.345596,14.37269],[100.343612,14.368058],[100.343264,14.365906],[100.342378,14.363742],[100.341207,14.363689],[100.341081,14.361136],[100.340111,14.358981],[100.338593,14.357658],[100.336786,14.354404],[100.334901,14.352763],[100.333539,14.351967],[100.33444,14.349967],[100.334645,14.348089],[100.334473,14.347584],[100.332743,14.346629],[100.334125,14.342973],[100.335459,14.343094],[100.336175,14.336237],[100.337062,14.336098],[100.33737,14.334077],[100.337766,14.334046],[100.337898,14.333571],[100.34022,14.333887],[100.344737,14.33258],[100.348662,14.332095],[100.352577,14.330304],[100.335925,14.327533],[100.329689,14.331379],[100.322247,14.328571],[100.321867,14.331299],[100.319393,14.333434],[100.315431,14.334844],[100.311414,14.333574],[100.309483,14.337745],[100.305378,14.340745],[100.284132,14.354033],[100.274866,14.35695]]]},"bbox":[100.262349,14.327533,100.371036,14.407166]},{"type":"Feature","id":"d92c9776-8635-43e8-956c-895aa6357eba","properties":{"id":"d92c9776-8635-43e8-956c-895aa6357eba","code":"06141305","provinceCode":"14","nameTh":"องค์การบริหารส่วนตำบล วังพัฒนา","nameEn":null,"geometryType":"MUNICIPALITY","sourceUrl":"https://landometer.com/api/v2/citymeter-v3/grocery/info/geom/d92c9776-8635-43e8-956c-895aa6357eba/MUNICIPALITY","sourceSha256":"081513c9de348ef1090aada91f6b6e0e7e30f75ff881710363b75a41170f95e9","retrievedAt":"2026-10-04T05:42:29.198764+00:00","boundaryVintage":null,"geometryStatus":"native_source_polygon_display_simplified","simplificationToleranceDegrees":0.00015,"simplificationPreservesTopology":true,"invalidSourceRepair":"make_valid; retain polygonal components; discard zero-area collapsed lines","legalBoundaryIndependentlyVerified":false,"areaId":"d92c9776-8635-43e8-956c-895aa6357eba"},"geometry":{"type":"Polygon","coordinates":[[[100.327602,14.284068],[100.327482,14.283607],[100.327666,14.283492],[100.327386,14.282694],[100.327827,14.282487],[100.327835,14.281061],[100.326128,14.280267],[100.321177,14.275307],[100.321675,14.274024],[100.317547,14.272967],[100.317995,14.272121],[100.318051,14.271444],[100.316851,14.271284],[100.315644,14.267368],[100.313774,14.268103],[100.312914,14.265089],[100.312104,14.264973],[100.311391,14.263595],[100.311287,14.261762],[100.311465,14.261142],[100.310819,14.259817],[100.310072,14.259911],[100.309595,14.258556],[100.306052,14.255118],[100.304749,14.253421],[100.303515,14.254006],[100.305375,14.256348],[100.282519,14.259289],[100.271682,14.256806],[100.264356,14.257543],[100.263188,14.267025],[100.262725,14.2678],[100.257445,14.270106],[100.250047,14.268283],[100.248776,14.270978],[100.248645,14.272752],[100.248081,14.274911],[100.248273,14.276777],[100.24973,14.280317],[100.251049,14.286948],[100.250978,14.288894],[100.250676,14.290175],[100.250873,14.291707],[100.253859,14.295668],[100.255741,14.299143],[100.256972,14.299205],[100.256942,14.299449],[100.263111,14.301044],[100.268774,14.29946],[100.273332,14.294547],[100.275096,14.289765],[100.274403,14.282921],[100.27634,14.27983],[100.288648,14.285995],[100.30018,14.288176],[100.305562,14.290739],[100.30792,14.294719],[100.31972,14.295947],[100.334653,14.303369],[100.343593,14.305448],[100.343327,14.305109],[100.342549,14.30496],[100.343119,14.302119],[100.341555,14.301535],[100.343029,14.298623],[100.342602,14.298255],[100.341911,14.298688],[100.340223,14.296871],[100.338631,14.293965],[100.336262,14.291113],[100.333829,14.287607],[100.333105,14.285204],[100.331827,14.285575],[100.331625,14.283612],[100.328832,14.283483],[100.327602,14.284068]]]},"bbox":[100.248048,14.253421,100.343593,14.305448]},{"type":"Feature","id":"02048faf-c96e-4f7a-b95d-e1ccb56df3cb","properties":{"id":"02048faf-c96e-4f7a-b95d-e1ccb56df3cb","code":"06141402","provinceCode":"14","nameTh":"องค์การบริหารส่วนตำบล ข้าวเม่า","nameEn":null,"geometryType":"MUNICIPALITY","sourceUrl":"https://landometer.com/api/v2/citymeter-v3/grocery/info/geom/02048faf-c96e-4f7a-b95d-e1ccb56df3cb/MUNICIPALITY","sourceSha256":"5ff2c066835e13e630c1232809b5401486a284ea13a7475fdbdc9141564738d8","retrievedAt":"2026-10-04T05:42:29.188324+00:00","boundaryVintage":null,"geometryStatus":"native_source_polygon_display_simplified","simplificationToleranceDegrees":0.00015,"simplificationPreservesTopology":true,"invalidSourceRepair":"make_valid; retain polygonal components; discard zero-area collapsed lines","legalBoundaryIndependentlyVerified":false,"areaId":"02048faf-c96e-4f7a-b95d-e1ccb56df3cb"},"geometry":{"type":"Polygon","coordinates":[[[100.614914,14.359095],[100.615317,14.362057],[100.615982,14.364349],[100.616333,14.366774],[100.616197,14.370401],[100.614672,14.373201],[100.613677,14.376696],[100.613461,14.380722],[100.613651,14.381961],[100.614848,14.384455],[100.616246,14.386384],[100.616876,14.386701],[100.616712,14.387322],[100.615724,14.38818],[100.61534,14.389179],[100.614746,14.391011],[100.614898,14.392015],[100.614638,14.39323],[100.646466,14.409875],[100.659149,14.415588],[100.658815,14.412869],[100.652255,14.403814],[100.651349,14.400162],[100.645188,14.386872],[100.639575,14.380289],[100.643435,14.362696],[100.635079,14.36268],[100.627394,14.36022],[100.614914,14.359095]]]},"bbox":[100.613447,14.359095,100.659149,14.415588]},{"type":"Feature","id":"13825155-7532-4b74-b89a-5127ed5f8864","properties":{"id":"13825155-7532-4b74-b89a-5127ed5f8864","code":"06141403","provinceCode":"14","nameTh":"องค์การบริหารส่วนตำบล คานหาม","nameEn":null,"geometryType":"MUNICIPALITY","sourceUrl":"https://landometer.com/api/v2/citymeter-v3/grocery/info/geom/13825155-7532-4b74-b89a-5127ed5f8864/MUNICIPALITY","sourceSha256":"3344104eb923db89a53406a1f0d2743894df789add8586764a1fb6b0c0fdac97","retrievedAt":"2026-10-04T05:42:29.207186+00:00","boundaryVintage":null,"geometryStatus":"native_source_polygon_display_simplified","simplificationToleranceDegrees":0.00015,"simplificationPreservesTopology":true,"invalidSourceRepair":"make_valid; retain polygonal components; discard zero-area collapsed lines","legalBoundaryIndependentlyVerified":false,"areaId":"13825155-7532-4b74-b89a-5127ed5f8864"},"geometry":{"type":"MultiPolygon","coordinates":[[[[100.663741,14.335128],[100.660827,14.327784],[100.657434,14.328132],[100.659847,14.322552],[100.665762,14.316443],[100.659108,14.322966],[100.656936,14.322811],[100.65411,14.322258],[100.653774,14.322515],[100.652138,14.322061],[100.644422,14.322767],[100.629704,14.323369],[100.620001,14.332988],[100.617782,14.334771],[100.617032,14.33575],[100.616958,14.336938],[100.619148,14.337408],[100.620997,14.33727],[100.621292,14.336447],[100.621182,14.335375],[100.621644,14.33453],[100.624248,14.334892],[100.625297,14.335194],[100.625768,14.335614],[100.626396,14.336454],[100.625667,14.336902],[100.625393,14.338543],[100.624461,14.339309],[100.62435,14.339729],[100.624901,14.340785],[100.624755,14.342309],[100.627,14.343865],[100.62722,14.349609],[100.643642,14.349147],[100.643887,14.348938],[100.642852,14.348506],[100.647965,14.344149],[100.65585,14.344819],[100.661614,14.335591],[100.663741,14.335128]]],[[[100.661479,14.32872],[100.662015,14.32949],[100.660966,14.327983],[100.661479,14.32872]]]]},"bbox":[100.616958,14.316443,100.665762,14.349609]},{"type":"Feature","id":"76bfdeed-400c-491d-aa4e-f569b933c492","properties":{"id":"76bfdeed-400c-491d-aa4e-f569b933c492","code":"06141404","provinceCode":"14","nameTh":"องค์การบริหารส่วนตำบล ธนู","nameEn":null,"geometryType":"MUNICIPALITY","sourceUrl":"https://landometer.com/api/v2/citymeter-v3/grocery/info/geom/76bfdeed-400c-491d-aa4e-f569b933c492/MUNICIPALITY","sourceSha256":"68a69a271717e19af3fd904c433793958cc769c6342fcdd3fd268961b3ae9488","retrievedAt":"2026-10-04T05:42:29.194089+00:00","boundaryVintage":null,"geometryStatus":"native_source_polygon_display_simplified","simplificationToleranceDegrees":0.00015,"simplificationPreservesTopology":true,"invalidSourceRepair":"make_valid; retain polygonal components; discard zero-area collapsed lines","legalBoundaryIndependentlyVerified":false,"areaId":"76bfdeed-400c-491d-aa4e-f569b933c492"},"geometry":{"type":"Polygon","coordinates":[[[100.643759,14.360533],[100.644628,14.349119],[100.62722,14.349609],[100.627,14.343865],[100.624755,14.342309],[100.624359,14.343013],[100.622815,14.343136],[100.622125,14.344751],[100.619052,14.347039],[100.618648,14.34591],[100.618058,14.34562],[100.617133,14.34565],[100.615906,14.346223],[100.613394,14.345565],[100.61227,14.34593],[100.611706,14.345808],[100.610442,14.344044],[100.610091,14.343976],[100.609398,14.344353],[100.607788,14.343136],[100.607955,14.340577],[100.60771,14.340077],[100.606695,14.340527],[100.605451,14.340417],[100.602163,14.340914],[100.601022,14.341562],[100.60071,14.342239],[100.600862,14.345544],[100.603348,14.348305],[100.603093,14.349295],[100.603599,14.350237],[100.603654,14.351249],[100.604053,14.352443],[100.604996,14.353154],[100.60531,14.354325],[100.606398,14.355079],[100.606664,14.355709],[100.606711,14.357369],[100.61005,14.357917],[100.611354,14.358811],[100.612702,14.359276],[100.614806,14.358685],[100.614914,14.359095],[100.627394,14.36022],[100.635079,14.36268],[100.643064,14.362695],[100.642868,14.36219],[100.645754,14.362473],[100.645892,14.360797],[100.643759,14.360533]]]},"bbox":[100.600643,14.340077,100.645892,14.362695]},{"type":"Feature","id":"fb57381e-b390-4d1f-a79a-951a31e7d250","properties":{"id":"fb57381e-b390-4d1f-a79a-951a31e7d250","code":"06141405","provinceCode":"14","nameTh":"องค์การบริหารส่วนตำบล บ้านหีบ","nameEn":null,"geometryType":"MUNICIPALITY","sourceUrl":"https://landometer.com/api/v2/citymeter-v3/grocery/info/geom/fb57381e-b390-4d1f-a79a-951a31e7d250/MUNICIPALITY","sourceSha256":"384491e1973c0023f1a04c322072f20dad0da1f29fafb7fed038003244dac6a6","retrievedAt":"2026-10-04T05:42:29.198323+00:00","boundaryVintage":null,"geometryStatus":"native_source_polygon_display_simplified","simplificationToleranceDegrees":0.00015,"simplificationPreservesTopology":true,"invalidSourceRepair":"make_valid; retain polygonal components; discard zero-area collapsed lines","legalBoundaryIndependentlyVerified":false,"areaId":"fb57381e-b390-4d1f-a79a-951a31e7d250"},"geometry":{"type":"Polygon","coordinates":[[[100.727828,14.374359],[100.729217,14.371568],[100.741672,14.367939],[100.74588,14.368995],[100.749905,14.367938],[100.753474,14.361683],[100.746857,14.361841],[100.74439,14.363391],[100.736764,14.361451],[100.732287,14.364068],[100.726595,14.363988],[100.722986,14.360072],[100.721425,14.353101],[100.710392,14.350241],[100.703664,14.351549],[100.691977,14.358357],[100.685389,14.35723],[100.679462,14.358357],[100.676402,14.3703],[100.677268,14.370691],[100.675472,14.370444],[100.67755,14.370819],[100.679905,14.371883],[100.679952,14.377772],[100.681805,14.377281],[100.694381,14.378019],[100.704096,14.381891],[100.723258,14.398078],[100.726868,14.396622],[100.730176,14.397397],[100.729952,14.400109],[100.728228,14.400803],[100.727302,14.400807],[100.727338,14.401202],[100.728513,14.401545],[100.73241,14.401972],[100.733924,14.40111],[100.735343,14.383443],[100.734115,14.381008],[100.72862,14.377597],[100.727828,14.374359]]]},"bbox":[100.675472,14.350241,100.753474,14.401972]},{"type":"Feature","id":"2ec7afc5-5bf0-45f6-b053-5bd4a9e14de2","properties":{"id":"2ec7afc5-5bf0-45f6-b053-5bd4a9e14de2","code":"06141406","provinceCode":"14","nameTh":"องค์การบริหารส่วนตำบล โพสาวหาญ","nameEn":null,"geometryType":"MUNICIPALITY","sourceUrl":"https://landometer.com/api/v2/citymeter-v3/grocery/info/geom/2ec7afc5-5bf0-45f6-b053-5bd4a9e14de2/MUNICIPALITY","sourceSha256":"71bff2ec7967ec41d8afabf0d1c60819cfdfb128af6014a876dbf282b49ffabd","retrievedAt":"2026-10-04T05:42:29.206467+00:00","boundaryVintage":null,"geometryStatus":"native_source_polygon_display_simplified","simplificationToleranceDegrees":0.00015,"simplificationPreservesTopology":true,"invalidSourceRepair":"make_valid; retain polygonal components; discard zero-area collapsed lines","legalBoundaryIndependentlyVerified":false,"areaId":"2ec7afc5-5bf0-45f6-b053-5bd4a9e14de2"},"geometry":{"type":"Polygon","coordinates":[[[100.79187,14.36346],[100.790822,14.362464],[100.789806,14.360448],[100.789233,14.358563],[100.788282,14.356957],[100.783277,14.35496],[100.783719,14.349404],[100.783513,14.349094],[100.782475,14.348709],[100.781304,14.346961],[100.78057,14.343479],[100.781237,14.34147],[100.781176,14.341009],[100.777833,14.338879],[100.77667,14.337667],[100.77399,14.336926],[100.774306,14.334111],[100.777562,14.327765],[100.7722,14.325244],[100.775505,14.318619],[100.732255,14.298169],[100.731538,14.299028],[100.732424,14.331783],[100.736673,14.334796],[100.748189,14.337582],[100.752546,14.34497],[100.755856,14.344599],[100.762635,14.348549],[100.760603,14.354104],[100.784259,14.367077],[100.785735,14.368409],[100.786777,14.370244],[100.786606,14.367224],[100.787354,14.365129],[100.787802,14.364739],[100.789227,14.364349],[100.789852,14.365147],[100.79049,14.364379],[100.791262,14.364124],[100.792257,14.364863],[100.792638,14.364863],[100.792943,14.364535],[100.792901,14.36405],[100.79187,14.36346]]]},"bbox":[100.731538,14.298169,100.792976,14.370244]},{"type":"Feature","id":"8c98b610-4621-4abe-a274-069c6b40ffda","properties":{"id":"8c98b610-4621-4abe-a274-069c6b40ffda","code":"06141407","provinceCode":"14","nameTh":"องค์การบริหารส่วนตำบล สามบัณฑิต","nameEn":null,"geometryType":"MUNICIPALITY","sourceUrl":"https://landometer.com/api/v2/citymeter-v3/grocery/info/geom/8c98b610-4621-4abe-a274-069c6b40ffda/MUNICIPALITY","sourceSha256":"766159ac35b634909e5cdfc77bf29afd75d0ccd22e9a393c1e2da12d800edfc2","retrievedAt":"2026-10-04T05:42:29.195993+00:00","boundaryVintage":null,"geometryStatus":"native_source_polygon_display_simplified","simplificationToleranceDegrees":0.00015,"simplificationPreservesTopology":true,"invalidSourceRepair":"make_valid; retain polygonal components; discard zero-area collapsed lines","legalBoundaryIndependentlyVerified":false,"areaId":"8c98b610-4621-4abe-a274-069c6b40ffda"},"geometry":{"type":"MultiPolygon","coordinates":[[[[100.755769,14.357661],[100.760603,14.354104],[100.762635,14.348549],[100.755856,14.344599],[100.752546,14.34497],[100.748189,14.337582],[100.736673,14.334796],[100.732424,14.331783],[100.720848,14.336162],[100.705659,14.336711],[100.701125,14.336551],[100.69843,14.344179],[100.694508,14.344009],[100.679459,14.358352],[100.679232,14.359237],[100.679462,14.358357],[100.685389,14.35723],[100.691977,14.358357],[100.703664,14.351549],[100.710392,14.350241],[100.721425,14.353101],[100.722986,14.360072],[100.726595,14.363988],[100.732287,14.364068],[100.736764,14.361451],[100.74439,14.363391],[100.746857,14.361841],[100.753854,14.361674],[100.753474,14.361683],[100.755769,14.357661]]],[[[100.761448,14.354574],[100.761448,14.354573],[100.760603,14.354104],[100.761448,14.354574]]]]},"bbox":[100.679232,14.331783,100.762635,14.364068]},{"type":"Feature","id":"9b253a0b-6b5a-4cb9-9c5a-02e5033dcdb2","properties":{"id":"9b253a0b-6b5a-4cb9-9c5a-02e5033dcdb2","code":"06141408","provinceCode":"14","nameTh":"องค์การบริหารส่วนตำบล เสนา","nameEn":null,"geometryType":"MUNICIPALITY","sourceUrl":"https://landometer.com/api/v2/citymeter-v3/grocery/info/geom/9b253a0b-6b5a-4cb9-9c5a-02e5033dcdb2/MUNICIPALITY","sourceSha256":"f593b398f61b3cda68097b58f00e580c2a0a3d1b256e0a1c52a9bb4d2621201f","retrievedAt":"2026-10-04T05:42:29.266746+00:00","boundaryVintage":null,"geometryStatus":"native_source_polygon_display_simplified","simplificationToleranceDegrees":0.00015,"simplificationPreservesTopology":true,"invalidSourceRepair":"make_valid; retain polygonal components; discard zero-area collapsed lines","legalBoundaryIndependentlyVerified":false,"areaId":"9b253a0b-6b5a-4cb9-9c5a-02e5033dcdb2"},"geometry":{"type":"Polygon","coordinates":[[[100.67656,14.410566],[100.689169,14.405319],[100.69299,14.405821],[100.693355,14.405],[100.694111,14.405252],[100.695848,14.406513],[100.697342,14.406218],[100.701507,14.404977],[100.703814,14.403297],[100.705749,14.402383],[100.706892,14.402159],[100.708037,14.402622],[100.709858,14.40071],[100.711332,14.401416],[100.712509,14.400936],[100.718198,14.400613],[100.719685,14.400087],[100.720168,14.400962],[100.721507,14.40039],[100.724141,14.400848],[100.726446,14.400871],[100.727338,14.401202],[100.727302,14.400807],[100.728228,14.400803],[100.729952,14.400109],[100.730176,14.397397],[100.726868,14.396622],[100.723258,14.398078],[100.704096,14.381891],[100.694381,14.378019],[100.681805,14.377281],[100.679952,14.377772],[100.679879,14.381782],[100.676784,14.390287],[100.67353,14.398365],[100.663725,14.403198],[100.651349,14.400162],[100.652255,14.403814],[100.658815,14.412869],[100.659149,14.415588],[100.660187,14.416029],[100.664137,14.407694],[100.673081,14.411937],[100.675532,14.41156],[100.675605,14.411132],[100.67656,14.410566]]]},"bbox":[100.651349,14.377281,100.730176,14.416029]},{"type":"Feature","id":"71d35836-ed9e-45f7-8d4c-67e223cd0a29","properties":{"id":"71d35836-ed9e-45f7-8d4c-67e223cd0a29","code":"06141409","provinceCode":"14","nameTh":"องค์การบริหารส่วนตำบล หนองน้ำส้ม","nameEn":null,"geometryType":"MUNICIPALITY","sourceUrl":"https://landometer.com/api/v2/citymeter-v3/grocery/info/geom/71d35836-ed9e-45f7-8d4c-67e223cd0a29/MUNICIPALITY","sourceSha256":"c022fe536be15df529f10c6a52cc8a53ab904253911f02bcecfeb7eee8d94de5","retrievedAt":"2026-10-04T05:42:29.272751+00:00","boundaryVintage":null,"geometryStatus":"native_source_polygon_display_simplified","simplificationToleranceDegrees":0.00015,"simplificationPreservesTopology":true,"invalidSourceRepair":"make_valid; retain polygonal components; discard zero-area collapsed lines","legalBoundaryIndependentlyVerified":false,"areaId":"71d35836-ed9e-45f7-8d4c-67e223cd0a29"},"geometry":{"type":"Polygon","coordinates":[[[100.731538,14.299028],[100.730027,14.301116],[100.729086,14.30321],[100.726966,14.301138],[100.726365,14.299734],[100.725104,14.299759],[100.718846,14.301111],[100.717912,14.302432],[100.714519,14.304375],[100.713664,14.304636],[100.713589,14.306645],[100.705763,14.306356],[100.705263,14.306762],[100.697653,14.306371],[100.692211,14.308618],[100.693159,14.308997],[100.693715,14.30955],[100.693702,14.310267],[100.691573,14.31036],[100.691707,14.319268],[100.692286,14.319249],[100.691727,14.320606],[100.691769,14.32338],[100.699068,14.330739],[100.701569,14.33531],[100.701125,14.336551],[100.705659,14.336711],[100.720848,14.336162],[100.732424,14.331783],[100.731538,14.299028]]]},"bbox":[100.691573,14.299028,100.732424,14.336711]},{"type":"Feature","id":"cef56f60-1a1d-4c28-8c2c-dcfd280a9f49","properties":{"id":"cef56f60-1a1d-4c28-8c2c-dcfd280a9f49","code":"06141410","provinceCode":"14","nameTh":"องค์การบริหารส่วนตำบล หนองไม้ซุง","nameEn":null,"geometryType":"MUNICIPALITY","sourceUrl":"https://landometer.com/api/v2/citymeter-v3/grocery/info/geom/cef56f60-1a1d-4c28-8c2c-dcfd280a9f49/MUNICIPALITY","sourceSha256":"ea089e26ad7507d978f22c3b666e79e56e655d70dc685c65e1c115ac630e2a37","retrievedAt":"2026-10-04T05:42:29.271768+00:00","boundaryVintage":null,"geometryStatus":"native_source_polygon_display_simplified","simplificationToleranceDegrees":0.00015,"simplificationPreservesTopology":true,"invalidSourceRepair":"make_valid; retain polygonal components; discard zero-area collapsed lines","legalBoundaryIndependentlyVerified":false,"areaId":"cef56f60-1a1d-4c28-8c2c-dcfd280a9f49"},"geometry":{"type":"MultiPolygon","coordinates":[[[[100.729217,14.371568],[100.727828,14.374359],[100.72862,14.377597],[100.734115,14.381008],[100.735343,14.383443],[100.733924,14.40111],[100.735162,14.400316],[100.738216,14.400128],[100.742063,14.402491],[100.744332,14.404984],[100.745903,14.403912],[100.745771,14.4027],[100.746461,14.401366],[100.747088,14.401592],[100.750661,14.398703],[100.751283,14.397878],[100.751024,14.392671],[100.750118,14.389023],[100.752853,14.38417],[100.753196,14.382613],[100.753058,14.381175],[100.757144,14.380524],[100.757049,14.377364],[100.764079,14.370191],[100.764467,14.369284],[100.765639,14.36875],[100.768656,14.36383],[100.770036,14.362572],[100.773906,14.361502],[100.760299,14.353935],[100.755769,14.357661],[100.749905,14.367938],[100.74588,14.368995],[100.741672,14.367939],[100.729217,14.371568]]],[[[100.733924,14.40111],[100.733835,14.401167],[100.733887,14.401134],[100.733924,14.40111]]]]},"bbox":[100.727828,14.353935,100.773906,14.404984]},{"type":"Feature","id":"7cbd1e8f-6530-496a-95e4-17684f16ee9b","properties":{"id":"7cbd1e8f-6530-496a-95e4-17684f16ee9b","code":"06141411","provinceCode":"14","nameTh":"องค์การบริหารส่วนตำบล อุทัย","nameEn":null,"geometryType":"MUNICIPALITY","sourceUrl":"https://landometer.com/api/v2/citymeter-v3/grocery/info/geom/7cbd1e8f-6530-496a-95e4-17684f16ee9b/MUNICIPALITY","sourceSha256":"a3f45da9c226aa99bb3a32bf0873bb3eeef68902d38dc428c4bd86d6f81e578b","retrievedAt":"2026-10-04T05:42:29.273027+00:00","boundaryVintage":null,"geometryStatus":"native_source_polygon_display_simplified","simplificationToleranceDegrees":0.00015,"simplificationPreservesTopology":true,"invalidSourceRepair":"make_valid; retain polygonal components; discard zero-area collapsed lines","legalBoundaryIndependentlyVerified":false,"areaId":"7cbd1e8f-6530-496a-95e4-17684f16ee9b"},"geometry":{"type":"MultiPolygon","coordinates":[[[[100.643887,14.348938],[100.643642,14.349147],[100.64434,14.349127],[100.643887,14.348938]]],[[[100.645891,14.360802],[100.645754,14.362473],[100.642868,14.36219],[100.643064,14.362695],[100.643435,14.362696],[100.639575,14.380289],[100.645188,14.386872],[100.651349,14.400162],[100.663725,14.403198],[100.67353,14.398365],[100.676784,14.390287],[100.679879,14.381782],[100.679905,14.371883],[100.67755,14.370819],[100.660744,14.36779],[100.65822,14.364199],[100.66081,14.353954],[100.662394,14.35415],[100.666648,14.342931],[100.669729,14.344087],[100.67182,14.349147],[100.679459,14.358352],[100.694508,14.344009],[100.69843,14.344179],[100.701125,14.336551],[100.690133,14.335975],[100.690016,14.337245],[100.682759,14.334741],[100.675632,14.335017],[100.662015,14.32949],[100.662392,14.330723],[100.661962,14.330548],[100.663741,14.335128],[100.661614,14.335591],[100.65585,14.344819],[100.647965,14.344149],[100.642852,14.348506],[100.644628,14.349119],[100.643759,14.360533],[100.645891,14.360802]]]]},"bbox":[100.639575,14.32949,100.701125,14.403198]},{"type":"Feature","id":"82f0336c-93e4-4841-ac1c-b90639572398","properties":{"id":"82f0336c-93e4-4841-ac1c-b90639572398","code":"06141412","provinceCode":"14","nameTh":"องค์การบริหารส่วนตำบล บ้านช้าง","nameEn":null,"geometryType":"MUNICIPALITY","sourceUrl":"https://landometer.com/api/v2/citymeter-v3/grocery/info/geom/82f0336c-93e4-4841-ac1c-b90639572398/MUNICIPALITY","sourceSha256":"9428e09a7bb9eb22bb6128ee28d857a1c3f19f608a111f7643dee42302498667","retrievedAt":"2026-10-04T05:42:29.271566+00:00","boundaryVintage":null,"geometryStatus":"native_source_polygon_display_simplified","simplificationToleranceDegrees":0.00015,"simplificationPreservesTopology":true,"invalidSourceRepair":"make_valid; retain polygonal components; discard zero-area collapsed lines","legalBoundaryIndependentlyVerified":false,"areaId":"82f0336c-93e4-4841-ac1c-b90639572398"},"geometry":{"type":"MultiPolygon","coordinates":[[[[100.690918,14.319295],[100.691707,14.319268],[100.691573,14.31036],[100.693702,14.310267],[100.693715,14.30955],[100.693159,14.308997],[100.692211,14.308618],[100.691589,14.308958],[100.69106,14.308193],[100.687576,14.306665],[100.685115,14.306535],[100.684433,14.307189],[100.682779,14.308096],[100.683207,14.306236],[100.68306,14.304848],[100.68357,14.304035],[100.684266,14.30349],[100.684452,14.302901],[100.68388,14.301841],[100.683479,14.300005],[100.682838,14.299063],[100.682649,14.301118],[100.680278,14.301469],[100.678612,14.301341],[100.678287,14.304824],[100.677689,14.305822],[100.677853,14.306443],[100.676729,14.306435],[100.676708,14.306816],[100.676183,14.306851],[100.676348,14.308745],[100.675384,14.308783],[100.675384,14.309879],[100.675728,14.309946],[100.675725,14.310661],[100.672602,14.310737],[100.672576,14.310411],[100.671699,14.310386],[100.671705,14.310106],[100.669054,14.31035],[100.668998,14.311368],[100.669814,14.311829],[100.668278,14.313168],[100.666949,14.313372],[100.667358,14.31594],[100.665762,14.316443],[100.659847,14.322552],[100.657434,14.328132],[100.660827,14.327784],[100.660966,14.327983],[100.662015,14.32949],[100.675632,14.335017],[100.682759,14.334741],[100.690016,14.337245],[100.690133,14.335975],[100.701125,14.336551],[100.701569,14.33531],[100.699068,14.330739],[100.691769,14.32338],[100.691727,14.320606],[100.692286,14.319249],[100.690918,14.319295]]],[[[100.661962,14.330548],[100.662392,14.330723],[100.662015,14.32949],[100.66096653344847,14.327984373790484],[100.661962,14.330548]]]]},"bbox":[100.657434,14.299063,100.701569,14.337245]},{"type":"Feature","id":"fa957afe-63f9-4839-b96d-e9e98344e63c","properties":{"id":"fa957afe-63f9-4839-b96d-e9e98344e63c","code":"06141503","provinceCode":"14","nameTh":"องค์การบริหารส่วนตำบล ท่าตอ","nameEn":null,"geometryType":"MUNICIPALITY","sourceUrl":"https://landometer.com/api/v2/citymeter-v3/grocery/info/geom/fa957afe-63f9-4839-b96d-e9e98344e63c/MUNICIPALITY","sourceSha256":"1dd844bbbedde99d36dc7d3d4fc0bd8ff4e72e8a51de76aeb9e4de01b44af9a5","retrievedAt":"2026-10-04T05:42:29.273258+00:00","boundaryVintage":null,"geometryStatus":"native_source_polygon_display_simplified","simplificationToleranceDegrees":0.00015,"simplificationPreservesTopology":true,"invalidSourceRepair":"make_valid; retain polygonal components; discard zero-area collapsed lines","legalBoundaryIndependentlyVerified":false,"areaId":"fa957afe-63f9-4839-b96d-e9e98344e63c"},"geometry":{"type":"Polygon","coordinates":[[[100.517046,14.563886],[100.521475,14.562264],[100.521551,14.563301],[100.521863,14.563145],[100.521957,14.55641],[100.518283,14.552004],[100.514108,14.552921],[100.515558,14.55068],[100.513789,14.547461],[100.51092,14.547371],[100.510354,14.549012],[100.491972,14.54839],[100.49176,14.548207],[100.491397,14.549671],[100.491884,14.551328],[100.490099,14.551935],[100.489793,14.553089],[100.488782,14.553822],[100.487933,14.556141],[100.487038,14.557086],[100.486235,14.558812],[100.484774,14.559127],[100.484138,14.561113],[100.483777,14.561523],[100.483741,14.562407],[100.479616,14.563113],[100.478631,14.564842],[100.478295,14.56595],[100.478674,14.566753],[100.480875,14.568238],[100.4827,14.568393],[100.484977,14.568071],[100.486153,14.568222],[100.487736,14.570278],[100.488908,14.570654],[100.490228,14.571582],[100.490799,14.57243],[100.490877,14.576141],[100.491119,14.576686],[100.503157,14.575499],[100.504963,14.573704],[100.506926,14.564269],[100.517046,14.563886]]]},"bbox":[100.478295,14.547371,100.521957,14.576686]},{"type":"Feature","id":"8a2714fa-a6a6-4925-99ec-9ce143e5bb70","properties":{"id":"8a2714fa-a6a6-4925-99ec-9ce143e5bb70","code":"06141504","provinceCode":"14","nameTh":"องค์การบริหารส่วนตำบล บางนา","nameEn":null,"geometryType":"MUNICIPALITY","sourceUrl":"https://landometer.com/api/v2/citymeter-v3/grocery/info/geom/8a2714fa-a6a6-4925-99ec-9ce143e5bb70/MUNICIPALITY","sourceSha256":"ad0293b975fa2d9dd4b3555d80af42aec3b59af89dfc2b074fc47b812313bf42","retrievedAt":"2026-10-04T05:42:29.293400+00:00","boundaryVintage":null,"geometryStatus":"native_source_polygon_display_simplified","simplificationToleranceDegrees":0.00015,"simplificationPreservesTopology":true,"invalidSourceRepair":"make_valid; retain polygonal components; discard zero-area collapsed lines","legalBoundaryIndependentlyVerified":false,"areaId":"8a2714fa-a6a6-4925-99ec-9ce143e5bb70"},"geometry":{"type":"Polygon","coordinates":[[[100.603056,14.577134],[100.603065,14.575408],[100.602628,14.573855],[100.603316,14.572665],[100.602921,14.567902],[100.601198,14.558984],[100.601845,14.554216],[100.595757,14.552982],[100.587449,14.55184],[100.58082,14.550029],[100.571906,14.546867],[100.56544,14.543332],[100.562535,14.541292],[100.558192,14.537114],[100.549231,14.526187],[100.546307,14.525218],[100.544429,14.523769],[100.539192,14.524926],[100.538607,14.525887],[100.538722,14.525699],[100.539338,14.526611],[100.53758,14.527565],[100.537797,14.528582],[100.536844,14.529088],[100.537147,14.532029],[100.539272,14.533769],[100.536391,14.535948],[100.536891,14.53682],[100.539333,14.534405],[100.544259,14.540596],[100.548816,14.54205],[100.548745,14.545462],[100.552144,14.548945],[100.55098,14.551689],[100.551894,14.553476],[100.546513,14.55595],[100.546703,14.556953],[100.547747,14.556869],[100.547946,14.557364],[100.557093,14.556964],[100.556675,14.560255],[100.561534,14.561158],[100.561276,14.564755],[100.557992,14.565856],[100.55945,14.568806],[100.556948,14.571253],[100.558325,14.573692],[100.556597,14.575327],[100.557885,14.574768],[100.560548,14.580584],[100.560083,14.577895],[100.562557,14.577257],[100.568541,14.583779],[100.571512,14.582107],[100.57221,14.58542],[100.570191,14.586204],[100.571737,14.589952],[100.57383,14.590042],[100.574934,14.597871],[100.575168,14.597931],[100.575546,14.597057],[100.575401,14.595776],[100.579898,14.591103],[100.580522,14.591905],[100.581107,14.592239],[100.583251,14.592468],[100.583547,14.592175],[100.583855,14.590638],[100.584722,14.589204],[100.586188,14.589046],[100.587579,14.590271],[100.588354,14.589351],[100.588403,14.587853],[100.588637,14.587332],[100.59108,14.586762],[100.591416,14.58628],[100.593087,14.585186],[100.594625,14.583183],[100.597122,14.582761],[100.598166,14.581263],[100.603389,14.578691],[100.60372,14.578022],[100.603056,14.577134]]]},"bbox":[100.536391,14.523752,100.60372,14.597931]},{"type":"Feature","id":"b3a1217c-7916-44e8-bd2f-82dc3fbf31ad","properties":{"id":"b3a1217c-7916-44e8-bd2f-82dc3fbf31ad","code":"06141505","provinceCode":"14","nameTh":"องค์การบริหารส่วนตำบล บ้านนา","nameEn":null,"geometryType":"MUNICIPALITY","sourceUrl":"https://landometer.com/api/v2/citymeter-v3/grocery/info/geom/b3a1217c-7916-44e8-bd2f-82dc3fbf31ad/MUNICIPALITY","sourceSha256":"f49b11afac25d01871b768852b2b5643771ee1041e3c23bb857c76273e8af6df","retrievedAt":"2026-10-04T05:42:29.277919+00:00","boundaryVintage":null,"geometryStatus":"native_source_polygon_display_simplified","simplificationToleranceDegrees":0.00015,"simplificationPreservesTopology":true,"invalidSourceRepair":"make_valid; retain polygonal components; discard zero-area collapsed lines","legalBoundaryIndependentlyVerified":false,"areaId":"b3a1217c-7916-44e8-bd2f-82dc3fbf31ad"},"geometry":{"type":"Polygon","coordinates":[[[100.521551,14.5983],[100.519917,14.598349],[100.522524,14.596974],[100.522121,14.594828],[100.520187,14.594918],[100.520371,14.592321],[100.522536,14.592051],[100.514127,14.585874],[100.509579,14.584333],[100.502433,14.583542],[100.49275,14.585348],[100.492717,14.586297],[100.492275,14.586228],[100.491942,14.585597],[100.492067,14.587488],[100.492615,14.589294],[100.493109,14.589703],[100.494691,14.589645],[100.494814,14.590081],[100.493803,14.591013],[100.492652,14.59432],[100.491885,14.594818],[100.4917,14.596625],[100.490899,14.598409],[100.490983,14.599036],[100.491434,14.599568],[100.491386,14.600762],[100.492255,14.601942],[100.49249,14.603436],[100.492444,14.604193],[100.492015,14.60464],[100.492075,14.605215],[100.491028,14.606085],[100.491662,14.607017],[100.491845,14.610828],[100.492616,14.612082],[100.494367,14.613705],[100.500091,14.617624],[100.500382,14.618851],[100.499571,14.624859],[100.499708,14.626816],[100.500033,14.627366],[100.500951,14.627566],[100.501859,14.628153],[100.503012,14.63003],[100.507264,14.628344],[100.519538,14.624207],[100.531022,14.620002],[100.528753,14.618171],[100.529507,14.614662],[100.521742,14.603264],[100.521551,14.5983]]]},"bbox":[100.490885,14.583542,100.531022,14.63003]},{"type":"Feature","id":"46d42340-a24a-4af0-90a9-6d3e5ec093c3","properties":{"id":"46d42340-a24a-4af0-90a9-6d3e5ec093c3","code":"06141506","provinceCode":"14","nameTh":"องค์การบริหารส่วนตำบล บ้านใหม่","nameEn":null,"geometryType":"MUNICIPALITY","sourceUrl":"https://landometer.com/api/v2/citymeter-v3/grocery/info/geom/46d42340-a24a-4af0-90a9-6d3e5ec093c3/MUNICIPALITY","sourceSha256":"3e9154a341e2daae01ec0188683ad83a5add94d107a90e49d7296ca9099d7a04","retrievedAt":"2026-10-04T05:42:29.347824+00:00","boundaryVintage":null,"geometryStatus":"native_source_polygon_display_simplified","simplificationToleranceDegrees":0.00015,"simplificationPreservesTopology":true,"invalidSourceRepair":"make_valid; retain polygonal components; discard zero-area collapsed lines","legalBoundaryIndependentlyVerified":false,"areaId":"46d42340-a24a-4af0-90a9-6d3e5ec093c3"},"geometry":{"type":"MultiPolygon","coordinates":[[[[100.512189,14.533908],[100.51034430186004,14.532741190932613],[100.510129,14.532876],[100.508254,14.532358],[100.507655,14.531369],[100.507606,14.523921],[100.505477,14.519675],[100.503884,14.513249],[100.503223,14.512612],[100.50373,14.511688],[100.50373,14.511234],[100.502309,14.510188],[100.500641,14.509371],[100.499277,14.509498],[100.497956,14.508992],[100.496391,14.50766],[100.494768,14.505743],[100.49269,14.506491],[100.491959,14.507729],[100.492964,14.509918],[100.49295,14.510369],[100.492618,14.510981],[100.492535,14.511977],[100.491201,14.513352],[100.490983,14.514975],[100.492915,14.516427],[100.495325,14.516818],[100.496229,14.51729],[100.497877,14.517663],[100.49825,14.518021],[100.498414,14.518868],[100.499244,14.51928],[100.499429,14.519684],[100.499126,14.520177],[100.498345,14.520611],[100.497969,14.521236],[100.496935,14.521157],[100.496715,14.521327],[100.496914,14.526836],[100.496337,14.52755],[100.494781,14.528094],[100.492538,14.531495],[100.492227,14.532798],[100.49258,14.533772],[100.492543,14.534632],[100.491965,14.536706],[100.4924,14.539192],[100.493354,14.541042],[100.492376,14.541238],[100.490667,14.542934],[100.490452,14.543586],[100.491611,14.544172],[100.491806,14.545283],[100.491491,14.545769],[100.49033,14.546253],[100.490251,14.546826],[100.49168,14.54763],[100.491972,14.54839],[100.510354,14.549012],[100.511651,14.545248],[100.510176,14.544459],[100.512866,14.537697],[100.510904,14.537241],[100.512189,14.533908]]],[[[100.510267,14.532789],[100.51034430186004,14.532741190932613],[100.510787,14.532464],[100.510267,14.532789]]]]},"bbox":[100.490193,14.505743,100.512866,14.549012]},{"type":"Feature","id":"f8b98305-e9ee-4501-8c51-7f014f00fdb4","properties":{"id":"f8b98305-e9ee-4501-8c51-7f014f00fdb4","code":"06141507","provinceCode":"14","nameTh":"องค์การบริหารส่วนตำบล บ้านขวาง","nameEn":null,"geometryType":"MUNICIPALITY","sourceUrl":"https://landometer.com/api/v2/citymeter-v3/grocery/info/geom/f8b98305-e9ee-4501-8c51-7f014f00fdb4/MUNICIPALITY","sourceSha256":"df5c238cd62e95eef2e4f4172476254177d321cee011d69c9b1c12012cbac360","retrievedAt":"2026-10-04T05:42:29.350258+00:00","boundaryVintage":null,"geometryStatus":"native_source_polygon_display_simplified","simplificationToleranceDegrees":0.00015,"simplificationPreservesTopology":true,"invalidSourceRepair":"make_valid; retain polygonal components; discard zero-area collapsed lines","legalBoundaryIndependentlyVerified":false,"areaId":"f8b98305-e9ee-4501-8c51-7f014f00fdb4"},"geometry":{"type":"Polygon","coordinates":[[[100.521119,14.579847],[100.526902,14.570529],[100.528254,14.564703],[100.531496,14.561553],[100.538408,14.559135],[100.538149,14.557865],[100.537917,14.557973],[100.537529,14.557056],[100.534599,14.557165],[100.529331,14.560542],[100.527396,14.559195],[100.526425,14.561513],[100.523655,14.56148],[100.524619,14.566217],[100.521811,14.566871],[100.521863,14.563145],[100.521551,14.563301],[100.521475,14.562264],[100.517046,14.563886],[100.506926,14.564269],[100.504963,14.573704],[100.503157,14.575499],[100.491119,14.576686],[100.492792,14.578843],[100.491589,14.582231],[100.491842,14.583082],[100.491763,14.584914],[100.491954,14.585874],[100.492275,14.586228],[100.492717,14.586297],[100.49275,14.585348],[100.502433,14.583542],[100.509579,14.584333],[100.514127,14.585874],[100.522536,14.592051],[100.524152,14.591336],[100.523909,14.587894],[100.520418,14.582763],[100.521119,14.579847]]]},"bbox":[100.491119,14.557056,100.538408,14.592051]},{"type":"Feature","id":"d5750a37-26ad-4a60-893a-0915c59a75f5","properties":{"id":"d5750a37-26ad-4a60-893a-0915c59a75f5","code":"06141602","provinceCode":"14","nameTh":"องค์การบริหารส่วนตำบล คลองน้อย","nameEn":null,"geometryType":"MUNICIPALITY","sourceUrl":"https://landometer.com/api/v2/citymeter-v3/grocery/info/geom/d5750a37-26ad-4a60-893a-0915c59a75f5/MUNICIPALITY","sourceSha256":"0a2589968226dcb69fe9be540b9cb76cf2e0e19e7f18b669bfdfbd357bfdcfae","retrievedAt":"2026-10-04T05:42:29.351427+00:00","boundaryVintage":null,"geometryStatus":"native_source_polygon_display_simplified","simplificationToleranceDegrees":0.00015,"simplificationPreservesTopology":true,"invalidSourceRepair":"make_valid; retain polygonal components; discard zero-area collapsed lines","legalBoundaryIndependentlyVerified":false,"areaId":"d5750a37-26ad-4a60-893a-0915c59a75f5"},"geometry":{"type":"MultiPolygon","coordinates":[[[[100.583606,14.628225],[100.58360516279588,14.628225131786582],[100.583652,14.628258],[100.583606,14.628225]]],[[[100.507806,14.665893],[100.507162,14.663352],[100.507244,14.66252],[100.507705,14.661499],[100.508868,14.660317],[100.511776,14.658657],[100.512492,14.657764],[100.512702,14.656346],[100.513234,14.65629],[100.514015,14.656528],[100.51436,14.657089],[100.513503,14.659613],[100.513746,14.661369],[100.515175,14.661661],[100.517706,14.662847],[100.520687,14.663593],[100.526294,14.667392],[100.52778,14.667997],[100.52944,14.667905],[100.530388,14.668328],[100.530806,14.669381],[100.53358,14.668457],[100.535307,14.666627],[100.53602,14.666571],[100.53675,14.666983],[100.537242,14.669044],[100.53824,14.669405],[100.538818,14.669977],[100.540622,14.669865],[100.54273,14.669251],[100.542846,14.6695],[100.543206,14.669418],[100.547296,14.670624],[100.549144,14.671543],[100.550683,14.669117],[100.551072,14.66889],[100.552071,14.668945],[100.55226,14.668685],[100.552644,14.666433],[100.551365,14.663436],[100.552207,14.661191],[100.553243,14.66148],[100.55399,14.661012],[100.554459,14.660998],[100.554882,14.661243],[100.555098,14.661797],[100.555456,14.661874],[100.558682,14.660118],[100.559316,14.661066],[100.561959,14.661635],[100.562633,14.662898],[100.564895,14.662678],[100.565213,14.662912],[100.56759285699495,14.662419486475994],[100.566969,14.661863],[100.568096,14.661668],[100.563177,14.65557],[100.552639,14.635098],[100.548774,14.633708],[100.58360516279588,14.628225131786582],[100.582122,14.625555],[100.581986,14.624407],[100.576168,14.623391],[100.574467,14.623403],[100.557034,14.621784],[100.542654,14.619851],[100.53279,14.619594],[100.529358,14.620505],[100.503012,14.63003],[100.501926,14.633258],[100.499411,14.634377],[100.498735,14.635299],[100.498863,14.635892],[100.500235,14.637232],[100.500444,14.638054],[100.499517,14.640522],[100.500855,14.645788],[100.500584,14.649591],[100.500201,14.65056],[100.502898,14.650962],[100.506401,14.650927],[100.507698,14.651496],[100.508184,14.652253],[100.508202,14.652502],[100.507568,14.652771],[100.507053,14.653393],[100.506416,14.655208],[100.50559,14.655409],[100.505188,14.65584],[100.50469,14.655775],[100.50411,14.656424],[100.503654,14.657764],[100.504354,14.658221],[100.504619,14.659932],[100.503431,14.662891],[100.502778,14.663784],[100.502642,14.665761],[100.502951,14.668895],[100.503414,14.66992],[100.5048,14.67094],[100.506513,14.672875],[100.50834,14.673195],[100.509744,14.672521],[100.510168,14.670437],[100.509479,14.668719],[100.507806,14.665893]]],[[[100.56759285699495,14.662419486475994],[100.567594,14.66242],[100.567614,14.662414],[100.56759285699495,14.662419486475994]]]]},"bbox":[100.498716,14.619538,100.583652,14.673195]},{"type":"Feature","id":"b94c8f44-8aa9-42bc-a51b-b54a11cbb106","properties":{"id":"b94c8f44-8aa9-42bc-a51b-b54a11cbb106","code":"06141603","provinceCode":"14","nameTh":"องค์การบริหารส่วนตำบล สำพะเนียง","nameEn":null,"geometryType":"MUNICIPALITY","sourceUrl":"https://landometer.com/api/v2/citymeter-v3/grocery/info/geom/b94c8f44-8aa9-42bc-a51b-b54a11cbb106/MUNICIPALITY","sourceSha256":"b5cf2f268f3be6cf1750a9b78c175f0fca80dbc863640af08298b1ce714f5ecd","retrievedAt":"2026-10-04T05:42:29.355402+00:00","boundaryVintage":null,"geometryStatus":"native_source_polygon_display_simplified","simplificationToleranceDegrees":0.00015,"simplificationPreservesTopology":true,"invalidSourceRepair":"make_valid; retain polygonal components; discard zero-area collapsed lines","legalBoundaryIndependentlyVerified":false,"areaId":"b94c8f44-8aa9-42bc-a51b-b54a11cbb106"},"geometry":{"type":"Polygon","coordinates":[[[100.568096,14.661668],[100.566969,14.661863],[100.567594,14.66242],[100.574087,14.661018],[100.574499,14.661257],[100.574554,14.661914],[100.5749,14.662297],[100.575922,14.662483],[100.576609,14.662112],[100.576989,14.662168],[100.578283,14.663424],[100.579355,14.663451],[100.580723,14.664361],[100.582448,14.663385],[100.585356,14.663203],[100.593145,14.659974],[100.595696,14.658617],[100.599933,14.657061],[100.600967,14.656173],[100.602407,14.655672],[100.602285,14.655051],[100.597014,14.650338],[100.593752,14.646113],[100.583736,14.630155],[100.584047,14.629862],[100.584238,14.629073],[100.584066,14.62853],[100.583606,14.628225],[100.548774,14.633708],[100.552639,14.635098],[100.563177,14.65557],[100.568096,14.661668]],[[100.564272,14.638665],[100.567509,14.637582],[100.577562,14.643033],[100.578479,14.645373],[100.576633,14.649319],[100.570756,14.646763],[100.564272,14.638665]]]},"bbox":[100.548774,14.628225,100.60243,14.664361]}]}
