{"type":"FeatureCollection","metadata":{"provinceCode":"25","source":"CityMETER native source fine polygons","retrievedAt":"2026-10-04T05:47:45.398290+00:00","total":69,"retrieved":69,"displaySimplificationToleranceDegrees":0.00015,"legalBoundaryIndependentlyVerified":false},"features":[{"type":"Feature","id":"2397a02b-41c3-476f-8e22-acd14848e59a","properties":{"id":"2397a02b-41c3-476f-8e22-acd14848e59a","code":"04250102","provinceCode":"25","nameTh":"เทศบาลเมือง ปราจีนบุรี","nameEn":null,"geometryType":"MUNICIPALITY","sourceUrl":"https://landometer.com/api/v2/citymeter-v3/grocery/info/geom/2397a02b-41c3-476f-8e22-acd14848e59a/MUNICIPALITY","sourceSha256":"22997a6c512ca422849788347abf7e9fd7d60888892827ff753f102c4fe14b1a","retrievedAt":"2026-10-04T05:42:43.708012+00:00","boundaryVintage":null,"geometryStatus":"native_source_polygon_display_simplified","simplificationToleranceDegrees":0.00015,"simplificationPreservesTopology":true,"invalidSourceRepair":"make_valid; retain polygonal components; discard zero-area collapsed lines","legalBoundaryIndependentlyVerified":false,"areaId":"2397a02b-41c3-476f-8e22-acd14848e59a"},"geometry":{"type":"MultiPolygon","coordinates":[[[[101.368196,14.040804],[101.36819609365833,14.040804202368887],[101.369259,14.04072],[101.368196,14.040804]]],[[[101.389996,14.054351],[101.390113,14.054164],[101.389165,14.053942],[101.390389,14.046368],[101.388122,14.045251],[101.386815,14.041026],[101.383643,14.04346],[101.380118,14.042337],[101.374528,14.044963],[101.373687,14.043149],[101.372782,14.043574],[101.372362,14.042666],[101.371698,14.042978],[101.371353,14.042866],[101.370813,14.041698],[101.37012,14.041655],[101.36864394838561,14.041771888476038],[101.36819609365833,14.040804202368887],[101.357633,14.041641],[101.357855,14.043629],[101.356855,14.043708],[101.356733,14.044721],[101.355649,14.044807],[101.355198,14.045846],[101.352939,14.046025],[101.352487,14.047064],[101.351965,14.050259],[101.351609,14.050299],[101.349886,14.062991],[101.368794,14.056831],[101.369848,14.074953],[101.376405,14.071195],[101.38264,14.071498],[101.382765,14.069534],[101.385353,14.069923],[101.38584,14.064137],[101.383623,14.064102],[101.386966,14.05354],[101.389996,14.054351]],[[101.36864394838561,14.041771888476038],[101.369707,14.041688],[101.363503,14.042179],[101.36864394838561,14.041771888476038]]]]},"bbox":[101.349886,14.04072,101.390389,14.074953]},{"type":"Feature","id":"7930248f-5051-490a-a503-8ca977ead28a","properties":{"id":"7930248f-5051-490a-a503-8ca977ead28a","code":"04250217","provinceCode":"25","nameTh":"เทศบาลเมือง หนองกี่","nameEn":null,"geometryType":"MUNICIPALITY","sourceUrl":"https://landometer.com/api/v2/citymeter-v3/grocery/info/geom/7930248f-5051-490a-a503-8ca977ead28a/MUNICIPALITY","sourceSha256":"743ef8c6062e74e69635234a8d8687351d34e2009d57ae85e688240c4d21a622","retrievedAt":"2026-10-04T05:42:43.720803+00:00","boundaryVintage":null,"geometryStatus":"native_source_polygon_display_simplified","simplificationToleranceDegrees":0.00015,"simplificationPreservesTopology":true,"invalidSourceRepair":"make_valid; retain polygonal components; discard zero-area collapsed lines","legalBoundaryIndependentlyVerified":false,"areaId":"7930248f-5051-490a-a503-8ca977ead28a"},"geometry":{"type":"Polygon","coordinates":[[[101.906669,14.08567],[101.906344,14.085295],[101.904488,14.085237],[101.904051,14.085],[101.904744,14.083324],[101.904631,14.082611],[101.904209,14.08195],[101.903663,14.081337],[101.90013,14.078804],[101.898468,14.078154],[101.897765,14.075913],[101.895364,14.076797],[101.893719,14.074206],[101.893591,14.073018],[101.894169,14.072559],[101.894133,14.07139],[101.894401,14.070607],[101.893446,14.068737],[101.893743,14.067385],[101.893259,14.066627],[101.893408,14.066226],[101.893103,14.065988],[101.893131,14.064166],[101.892831,14.063331],[101.893028,14.063032],[101.893853,14.062856],[101.893927,14.062365],[101.894382,14.062233],[101.894451,14.061372],[101.895612,14.060949],[101.89644,14.061023],[101.896497,14.060585],[101.896829,14.060455],[101.896885,14.059241],[101.896512,14.058572],[101.897054,14.058031],[101.896526,14.057174],[101.896997,14.056243],[101.897134,14.05526],[101.897868,14.054716],[101.898118,14.054074],[101.89671,14.05229],[101.896842,14.051924],[101.897798,14.051243],[101.897741,14.050659],[101.896051,14.051012],[101.894509,14.05081],[101.8937,14.050406],[101.892605,14.048899],[101.891584,14.048494],[101.890831,14.048538],[101.890418,14.049096],[101.888951,14.049156],[101.88743,14.050127],[101.885319,14.049213],[101.885158,14.048637],[101.886533,14.046694],[101.886536,14.046056],[101.88365,14.044265],[101.88321,14.043722],[101.883507,14.04312],[101.882859,14.042395],[101.88225,14.042933],[101.880149,14.042033],[101.877475,14.036884],[101.867376,14.03867],[101.866559,14.032165],[101.859354,14.023339],[101.854335,14.024169],[101.849251,14.029438],[101.84513,14.025995],[101.840793,14.030452],[101.838166,14.023682],[101.836566,14.023601],[101.831951,14.028944],[101.826046,14.02849],[101.8247,14.032646],[101.82139,14.034718],[101.820607,14.039073],[101.815051,14.040677],[101.814904,14.04044],[101.815792,14.040141],[101.808967,14.042434],[101.80524,14.041753],[101.796936,14.047656],[101.787044,14.044781],[101.783234,14.04755],[101.779869,14.045594],[101.775361,14.048207],[101.775745,14.048628],[101.775547,14.049659],[101.775874,14.05023],[101.775718,14.050561],[101.776274,14.05117],[101.775999,14.051865],[101.776128,14.052098],[101.776589,14.051998],[101.776807,14.052288],[101.777766,14.051811],[101.777753,14.05139],[101.77838,14.050619],[101.778094,14.050282],[101.778581,14.049739],[101.778312,14.049234],[101.780785,14.049225],[101.780917,14.049444],[101.781466,14.049491],[101.781969,14.050305],[101.781972,14.050776],[101.782402,14.050908],[101.782563,14.051246],[101.78308,14.050969],[101.784497,14.050794],[101.785568,14.052162],[101.785685,14.052654],[101.786422,14.05293],[101.786722,14.053406],[101.787332,14.053485],[101.787898,14.05424],[101.789311,14.054411],[101.789835,14.055266],[101.790833,14.055327],[101.79206,14.056013],[101.792195,14.056956],[101.791782,14.057276],[101.79187,14.05771],[101.79125,14.057937],[101.791018,14.059527],[101.791578,14.059765],[101.79154,14.060396],[101.790677,14.060838],[101.790219,14.06173],[101.790798,14.062816],[101.79071,14.064016],[101.791081,14.064492],[101.790971,14.065522],[101.79062,14.066014],[101.791467,14.066851],[101.791255,14.067802],[101.791736,14.069313],[101.791507,14.070551],[101.791879,14.07086],[101.792623,14.070879],[101.792418,14.071532],[101.793434,14.071754],[101.793225,14.071962],[101.793479,14.072222],[101.793184,14.072999],[101.79355,14.073158],[101.793936,14.07404],[101.794624,14.074486],[101.794599,14.074882],[101.794173,14.075031],[101.794806,14.075481],[101.794372,14.075773],[101.79435,14.076229],[101.794733,14.076572],[101.795028,14.076482],[101.795329,14.077075],[101.795833,14.077343],[101.796153,14.076906],[101.79661,14.076765],[101.797161,14.076999],[101.798161,14.076927],[101.798284,14.077499],[101.798812,14.077963],[101.799194,14.077812],[101.799369,14.078314],[101.799688,14.078126],[101.800492,14.078206],[101.801304,14.078774],[101.80148,14.079087],[101.801251,14.079527],[101.801311,14.080215],[101.803072,14.080278],[101.804392,14.080955],[101.80448,14.081237],[101.804193,14.081329],[101.804137,14.081618],[101.8034,14.081642],[101.80353,14.082796],[101.803238,14.083172],[101.803397,14.083674],[101.804455,14.083871],[101.804381,14.085679],[101.804076,14.086134],[101.803055,14.086604],[101.803271,14.087437],[101.802755,14.087686],[101.803443,14.08858],[101.803311,14.088907],[101.803773,14.08904],[101.804052,14.089482],[101.804704,14.089574],[101.804566,14.090449],[101.805049,14.090334],[101.805329,14.090897],[101.80587,14.091045],[101.805731,14.091413],[101.806033,14.09174],[101.805981,14.092234],[101.806515,14.092793],[101.8063,14.093128],[101.806502,14.093444],[101.806261,14.093658],[101.806687,14.093838],[101.806541,14.094131],[101.807112,14.095251],[101.807564,14.095362],[101.808194,14.096547],[101.808381,14.097461],[101.808702,14.097543],[101.809134,14.099573],[101.809724,14.09941],[101.80994,14.097023],[101.810217,14.096818],[101.810756,14.097028],[101.813198,14.096962],[101.813575,14.097724],[101.814258,14.09784],[101.8143,14.098205],[101.814577,14.098309],[101.814456,14.098726],[101.816885,14.099675],[101.817187,14.099316],[101.81784,14.099386],[101.818392,14.098453],[101.820345,14.098783],[101.821974,14.09848],[101.822546,14.099229],[101.823453,14.099186],[101.823459,14.098731],[101.823094,14.098646],[101.822945,14.098041],[101.822543,14.097687],[101.822793,14.097331],[101.82209,14.097019],[101.822189,14.096549],[101.821637,14.096498],[101.821759,14.09624],[101.821404,14.095984],[101.821604,14.095802],[101.82146,14.095331],[101.820892,14.095251],[101.821058,14.09498],[101.820444,14.094126],[101.820758,14.09383],[101.821153,14.094058],[101.822937,14.093359],[101.823667,14.092241],[101.824372,14.089975],[101.826262,14.089498],[101.829075,14.093086],[101.840286,14.105443],[101.841721,14.10474],[101.846472,14.103632],[101.848645,14.103659],[101.850091,14.103143],[101.852173,14.103074],[101.852659,14.10269],[101.853142,14.101169],[101.854663,14.101259],[101.854909,14.101392],[101.855016,14.102076],[101.854411,14.103323],[101.854759,14.105707],[101.85458,14.107096],[101.854874,14.107766],[101.855947,14.1088],[101.859826,14.104155],[101.86217,14.102432],[101.863817,14.099953],[101.864346,14.097862],[101.864781,14.097206],[101.866392,14.099651],[101.866715,14.102067],[101.865345,14.104189],[101.863257,14.104859],[101.863407,14.106511],[101.864682,14.107438],[101.864718,14.107714],[101.864398,14.109701],[101.862113,14.113095],[101.862485,14.11462],[101.865307,14.114788],[101.866482,14.114617],[101.86668,14.113958],[101.867707,14.113354],[101.86869,14.111806],[101.872015,14.111981],[101.872591,14.111693],[101.873922,14.111793],[101.874359,14.112702],[101.874138,14.113104],[101.874371,14.113232],[101.874759,14.1145],[101.874682,14.114995],[101.874978,14.115046],[101.875597,14.116056],[101.875713,14.117148],[101.876476,14.117674],[101.876741,14.118854],[101.877907,14.118827],[101.877911,14.11927],[101.877487,14.119692],[101.878085,14.121045],[101.877684,14.121331],[101.878223,14.121411],[101.878551,14.121776],[101.879294,14.123662],[101.879702,14.124007],[101.879916,14.124873],[101.880603,14.124473],[101.882043,14.121929],[101.896337,14.109895],[101.910781,14.09843],[101.906144,14.09036],[101.907334,14.089442],[101.906534,14.088061],[101.906669,14.08567]]]},"bbox":[101.775361,14.023339,101.910781,14.12488]},{"type":"Feature","id":"7bebebb8-dacb-4403-a507-0ea2e4ec266d","properties":{"id":"7bebebb8-dacb-4403-a507-0ea2e4ec266d","code":"05250103","provinceCode":"25","nameTh":"เทศบาลตำบล โคกมะกอก","nameEn":null,"geometryType":"MUNICIPALITY","sourceUrl":"https://landometer.com/api/v2/citymeter-v3/grocery/info/geom/7bebebb8-dacb-4403-a507-0ea2e4ec266d/MUNICIPALITY","sourceSha256":"d3bc2b2226145eb19ec61234bbd839ea7aaca302a8152a5327108c95cffa1a4a","retrievedAt":"2026-10-04T05:42:43.709826+00:00","boundaryVintage":null,"geometryStatus":"native_source_polygon_display_simplified","simplificationToleranceDegrees":0.00015,"simplificationPreservesTopology":true,"invalidSourceRepair":"make_valid; retain polygonal components; discard zero-area collapsed lines","legalBoundaryIndependentlyVerified":false,"areaId":"7bebebb8-dacb-4403-a507-0ea2e4ec266d"},"geometry":{"type":"Polygon","coordinates":[[[101.491043,14.072303],[101.49061,14.071149],[101.490874,14.070577],[101.490554,14.065948],[101.48912,14.066146],[101.488111,14.067671],[101.487604,14.067819],[101.487086,14.067632],[101.487167,14.064484],[101.484752,14.061696],[101.485422,14.061303],[101.485475,14.060737],[101.485798,14.060344],[101.486843,14.060203],[101.487822,14.059519],[101.488637,14.058293],[101.488513,14.057798],[101.487979,14.057777],[101.486795,14.058846],[101.483623,14.05918],[101.483178,14.059557],[101.482974,14.060589],[101.482425,14.06085],[101.481922,14.060508],[101.481842,14.059367],[101.481024,14.057899],[101.480638,14.058084],[101.480173,14.058791],[101.478905,14.059206],[101.478139,14.059004],[101.478274,14.057853],[101.478027,14.05758],[101.477635,14.057721],[101.476928,14.058655],[101.474518,14.058568],[101.474415,14.057981],[101.475455,14.056947],[101.475593,14.056329],[101.475394,14.055596],[101.473869,14.054516],[101.472474,14.055342],[101.471305,14.055635],[101.469664,14.054393],[101.468335,14.054064],[101.467202,14.054115],[101.467032,14.053868],[101.467193,14.05273],[101.46593,14.050856],[101.465415,14.051022],[101.464251,14.053486],[101.463867,14.054643],[101.463958,14.05605],[101.463338,14.056552],[101.462421,14.056476],[101.462275,14.054713],[101.461358,14.053257],[101.459229,14.053649],[101.458541,14.053613],[101.45813,14.053333],[101.457015,14.051532],[101.458683,14.050941],[101.459017,14.049426],[101.458524,14.049251],[101.457942,14.05002],[101.457288,14.049871],[101.457351,14.046676],[101.457931,14.046478],[101.459674,14.046907],[101.460564,14.045743],[101.460542,14.045379],[101.4599,14.044367],[101.455686,14.044545],[101.454527,14.044373],[101.454538,14.043492],[101.456267,14.043133],[101.457672,14.042107],[101.457692,14.041734],[101.457115,14.040805],[101.456984,14.03953],[101.456582,14.039307],[101.454928,14.039321],[101.452501,14.038729],[101.452138,14.038097],[101.452429,14.037549],[101.452845,14.037374],[101.455099,14.037997],[101.455751,14.037966],[101.456026,14.03642],[101.457519,14.0334],[101.457486,14.032891],[101.457038,14.032277],[101.456205,14.032231],[101.454214,14.032997],[101.452657,14.035373],[101.451398,14.035932],[101.451011,14.035897],[101.449736,14.034976],[101.448831,14.033981],[101.448314,14.033964],[101.448043,14.034507],[101.448438,14.03554],[101.448576,14.03785],[101.447214,14.03917],[101.442623,14.037312],[101.426958,14.040344],[101.434103,14.054373],[101.431549,14.058967],[101.432973,14.060197],[101.431479,14.063938],[101.432638,14.064296],[101.433544,14.071101],[101.438071,14.071089],[101.438026,14.074687],[101.439783,14.076903],[101.453866,14.07395],[101.484129,14.079815],[101.484741,14.078225],[101.486815,14.076531],[101.488565,14.075645],[101.489054,14.074772],[101.490891,14.072867],[101.491043,14.072303]]]},"bbox":[101.426958,14.032162,101.491063,14.079815]},{"type":"Feature","id":"80f1bd97-7a36-45ee-a182-14511fc2622e","properties":{"id":"80f1bd97-7a36-45ee-a182-14511fc2622e","code":"05250104","provinceCode":"25","nameTh":"เทศบาลตำบล บ้านนาปรือ","nameEn":null,"geometryType":"MUNICIPALITY","sourceUrl":"https://landometer.com/api/v2/citymeter-v3/grocery/info/geom/80f1bd97-7a36-45ee-a182-14511fc2622e/MUNICIPALITY","sourceSha256":"9a6a84b95188434abd7375d36f88439f507b30c4f4bfeee08a481c530c9422a0","retrievedAt":"2026-10-04T05:42:43.708309+00:00","boundaryVintage":null,"geometryStatus":"native_source_polygon_display_simplified","simplificationToleranceDegrees":0.00015,"simplificationPreservesTopology":true,"invalidSourceRepair":"make_valid; retain polygonal components; discard zero-area collapsed lines","legalBoundaryIndependentlyVerified":false,"areaId":"80f1bd97-7a36-45ee-a182-14511fc2622e"},"geometry":{"type":"Polygon","coordinates":[[[101.355629,14.185373],[101.363821,14.166923],[101.34325,14.172807],[101.34846,14.187509],[101.355629,14.185373]]]},"bbox":[101.34325,14.166923,101.363821,14.187509]},{"type":"Feature","id":"757e587d-431c-4e9f-bdaa-26939a1bb5a1","properties":{"id":"757e587d-431c-4e9f-bdaa-26939a1bb5a1","code":"05250201","provinceCode":"25","nameTh":"เทศบาลตำบล เมืองเก่า","nameEn":null,"geometryType":"MUNICIPALITY","sourceUrl":"https://landometer.com/api/v2/citymeter-v3/grocery/info/geom/757e587d-431c-4e9f-bdaa-26939a1bb5a1/MUNICIPALITY","sourceSha256":"175f6a2dbaa510835da514e2a1222a689aa5fb9e7cc3336f4b89484609d5307e","retrievedAt":"2026-10-04T05:42:43.709566+00:00","boundaryVintage":null,"geometryStatus":"native_source_polygon_display_simplified","simplificationToleranceDegrees":0.00015,"simplificationPreservesTopology":true,"invalidSourceRepair":"make_valid; retain polygonal components; discard zero-area collapsed lines","legalBoundaryIndependentlyVerified":false,"areaId":"757e587d-431c-4e9f-bdaa-26939a1bb5a1"},"geometry":{"type":"Polygon","coordinates":[[[101.766153,13.989202],[101.774288,13.988142],[101.777633,13.990132],[101.780548,13.988458],[101.786059,13.988551],[101.792886,13.988033],[101.791557,13.97917],[101.780634,13.979736],[101.764022,13.978525],[101.748627,13.972822],[101.744006,13.969206],[101.739639,13.968975],[101.730148,13.956691],[101.707837,13.938735],[101.701905,13.945982],[101.723324,13.962837],[101.734968,13.977799],[101.733472,13.979025],[101.736899,13.979345],[101.738181,13.981688],[101.741122,13.981374],[101.741714,13.979934],[101.741836,13.989227],[101.757082,13.988294],[101.758587,14.007908],[101.761406,14.010512],[101.767347,14.003442],[101.766153,13.989202]]]},"bbox":[101.701905,13.938735,101.792886,14.010512]},{"type":"Feature","id":"3bcc7757-b6b9-4dfe-9ec2-e245c24f307b","properties":{"id":"3bcc7757-b6b9-4dfe-9ec2-e245c24f307b","code":"05250202","provinceCode":"25","nameTh":"เทศบาลตำบล สระบัว","nameEn":null,"geometryType":"MUNICIPALITY","sourceUrl":"https://landometer.com/api/v2/citymeter-v3/grocery/info/geom/3bcc7757-b6b9-4dfe-9ec2-e245c24f307b/MUNICIPALITY","sourceSha256":"b53990964f0821f8885adebaf15ae96ede7206f3029c8d87d9b384a66ee3f8d8","retrievedAt":"2026-10-04T05:42:43.708972+00:00","boundaryVintage":null,"geometryStatus":"native_source_polygon_display_simplified","simplificationToleranceDegrees":0.00015,"simplificationPreservesTopology":true,"invalidSourceRepair":"make_valid; retain polygonal components; discard zero-area collapsed lines","legalBoundaryIndependentlyVerified":false,"areaId":"3bcc7757-b6b9-4dfe-9ec2-e245c24f307b"},"geometry":{"type":"Polygon","coordinates":[[[101.671035,13.837763],[101.675488,13.838724],[101.687679,13.835664],[101.691424,13.832479],[101.692244,13.826648],[101.671616,13.824594],[101.665799,13.825584],[101.65985,13.831288],[101.655842,13.838055],[101.652808,13.850792],[101.662326,13.852249],[101.664429,13.84263],[101.668441,13.838223],[101.671035,13.837763]]]},"bbox":[101.652808,13.824594,101.692244,13.852249]},{"type":"Feature","id":"1b9adbe7-4e93-46fd-902c-fe523c7710b6","properties":{"id":"1b9adbe7-4e93-46fd-902c-fe523c7710b6","code":"05250203","provinceCode":"25","nameTh":"เทศบาลตำบล กบินทร์","nameEn":null,"geometryType":"MUNICIPALITY","sourceUrl":"https://landometer.com/api/v2/citymeter-v3/grocery/info/geom/1b9adbe7-4e93-46fd-902c-fe523c7710b6/MUNICIPALITY","sourceSha256":"59a0234e8dd052f9e4c6c8b27612f380bc44712138e8ce27e66c2ac5a91b4f32","retrievedAt":"2026-10-04T05:42:43.708229+00:00","boundaryVintage":null,"geometryStatus":"native_source_polygon_display_simplified","simplificationToleranceDegrees":0.00015,"simplificationPreservesTopology":true,"invalidSourceRepair":"make_valid; retain polygonal components; discard zero-area collapsed lines","legalBoundaryIndependentlyVerified":false,"areaId":"1b9adbe7-4e93-46fd-902c-fe523c7710b6"},"geometry":{"type":"Polygon","coordinates":[[[101.724418,13.994184],[101.724861,13.994147],[101.725228,13.99449],[101.731102,13.992724],[101.726968,13.989762],[101.725778,13.985109],[101.71295,13.981629],[101.708585,13.977795],[101.705009,13.977832],[101.700302,13.987519],[101.713852,13.992945],[101.713073,13.992633],[101.713281,13.992399],[101.714283,13.992775],[101.714276,13.999153],[101.722068,13.991535],[101.723812,13.993501],[101.724418,13.994184]],[[101.72403,13.99337],[101.723921,13.993436],[101.723812,13.993501],[101.72403,13.99337]]]},"bbox":[101.700302,13.977795,101.731102,13.999153]},{"type":"Feature","id":"9065cd99-2d5e-4e54-b4fd-bc69fb8b60c6","properties":{"id":"9065cd99-2d5e-4e54-b4fd-bc69fb8b60c6","code":"05250301","provinceCode":"25","nameTh":"เทศบาลตำบล นาดี","nameEn":null,"geometryType":"MUNICIPALITY","sourceUrl":"https://landometer.com/api/v2/citymeter-v3/grocery/info/geom/9065cd99-2d5e-4e54-b4fd-bc69fb8b60c6/MUNICIPALITY","sourceSha256":"f738e41faba42515b856da64fbd39c4d72e9ee4c906dcf75642d9f5eca43bf46","retrievedAt":"2026-10-04T05:42:43.708420+00:00","boundaryVintage":null,"geometryStatus":"native_source_polygon_display_simplified","simplificationToleranceDegrees":0.00015,"simplificationPreservesTopology":true,"invalidSourceRepair":"make_valid; retain polygonal components; discard zero-area collapsed lines","legalBoundaryIndependentlyVerified":false,"areaId":"9065cd99-2d5e-4e54-b4fd-bc69fb8b60c6"},"geometry":{"type":"Polygon","coordinates":[[[101.793921,14.124837],[101.792163,14.112914],[101.788669,14.107156],[101.788978,14.106693],[101.77448,14.083776],[101.771648,14.077897],[101.771048,14.070083],[101.755242,14.075036],[101.757566,14.083245],[101.76209,14.087098],[101.762614,14.090677],[101.760376,14.09189],[101.760174,14.094139],[101.763622,14.098089],[101.761626,14.102607],[101.765861,14.109041],[101.767613,14.120156],[101.767095,14.120968],[101.767422,14.121077],[101.76814,14.120135],[101.774434,14.119882],[101.776903,14.123524],[101.779787,14.122729],[101.784056,14.118134],[101.789048,14.122601],[101.786743,14.123737],[101.786944,14.126043],[101.791179,14.126328],[101.793921,14.124837]]]},"bbox":[101.755242,14.070083,101.793921,14.126328]},{"type":"Feature","id":"53613b6d-3e22-47b6-a787-135c863c9177","properties":{"id":"53613b6d-3e22-47b6-a787-135c863c9177","code":"05250601","provinceCode":"25","nameTh":"เทศบาลตำบล บ้านสร้าง","nameEn":null,"geometryType":"MUNICIPALITY","sourceUrl":"https://landometer.com/api/v2/citymeter-v3/grocery/info/geom/53613b6d-3e22-47b6-a787-135c863c9177/MUNICIPALITY","sourceSha256":"98b0c5fabcc24906eb06701cecef4a50e5f42b4a3ac244c674107ff5a6eeefa7","retrievedAt":"2026-10-04T05:42:43.792740+00:00","boundaryVintage":null,"geometryStatus":"native_source_polygon_display_simplified","simplificationToleranceDegrees":0.00015,"simplificationPreservesTopology":true,"invalidSourceRepair":"make_valid; retain polygonal components; discard zero-area collapsed lines","legalBoundaryIndependentlyVerified":false,"areaId":"53613b6d-3e22-47b6-a787-135c863c9177"},"geometry":{"type":"Polygon","coordinates":[[[101.227689,13.995379],[101.226722,13.990647],[101.227339,13.9891],[101.226157,13.986931],[101.226413,13.989272],[101.220638,13.993696],[101.219493,13.992295],[101.211367,13.994946],[101.210823,13.993429],[101.208121,13.993021],[101.20661334993244,13.995135406609645],[101.204566,13.996416],[101.203352,13.997485],[101.204042,13.998571],[101.204633,13.998892],[101.20206,14.001288],[101.202805,14.001672],[101.202969,14.002143],[101.201848,14.002331],[101.201255,14.002665],[101.201078,14.003132],[101.202192,14.003353],[101.202894,14.003889],[101.202895,14.004183],[101.210714,14.002875],[101.201998,14.004334],[101.199867,14.008709],[101.195715,14.007906],[101.192418,14.009691],[101.216621,14.022401],[101.218435,14.018874],[101.223487,14.014536],[101.223648,14.008938],[101.226776,14.001974],[101.227689,13.995379]],[[101.227674,13.995351],[101.226063,13.992302],[101.2276738735212,13.995350375045966],[101.227674,13.995351]],[[101.206614,13.995135],[101.205266,13.997025],[101.20661334993244,13.995135406609645],[101.206614,13.995135]]]},"bbox":[101.192418,13.986931,101.227689,14.022401]},{"type":"Feature","id":"06758774-f028-4167-a319-d89eeed523d0","properties":{"id":"06758774-f028-4167-a319-d89eeed523d0","code":"05250701","provinceCode":"25","nameTh":"เทศบาลตำบล ประจันตคาม","nameEn":null,"geometryType":"MUNICIPALITY","sourceUrl":"https://landometer.com/api/v2/citymeter-v3/grocery/info/geom/06758774-f028-4167-a319-d89eeed523d0/MUNICIPALITY","sourceSha256":"38b583927133516481ed6243e2b13f77a735d8f6966ae1fa11fe9a7b6650118e","retrievedAt":"2026-10-04T05:42:43.791626+00:00","boundaryVintage":null,"geometryStatus":"native_source_polygon_display_simplified","simplificationToleranceDegrees":0.00015,"simplificationPreservesTopology":true,"invalidSourceRepair":"make_valid; retain polygonal components; discard zero-area collapsed lines","legalBoundaryIndependentlyVerified":false,"areaId":"06758774-f028-4167-a319-d89eeed523d0"},"geometry":{"type":"Polygon","coordinates":[[[101.531111,14.069856],[101.528604,14.06866],[101.530099,14.065177],[101.527019,14.062099],[101.526422,14.057296],[101.50296,14.060043],[101.50785,14.07002],[101.508563,14.068441],[101.511631,14.068111],[101.5210643695434,14.071518809323791],[101.521818,14.078477],[101.535749,14.073644],[101.534234,14.071045],[101.532478,14.070273],[101.532484,14.068491],[101.531111,14.069856]],[[101.521058,14.07146],[101.521065,14.071519],[101.5210643695434,14.071518809323791],[101.521058,14.07146]]]},"bbox":[101.50296,14.057296,101.535749,14.078477]},{"type":"Feature","id":"6bf771f4-2f1f-4bdd-a3f4-9cd6ae95084c","properties":{"id":"6bf771f4-2f1f-4bdd-a3f4-9cd6ae95084c","code":"05250702","provinceCode":"25","nameTh":"เทศบาลตำบล โพธิ์งาม","nameEn":null,"geometryType":"MUNICIPALITY","sourceUrl":"https://landometer.com/api/v2/citymeter-v3/grocery/info/geom/6bf771f4-2f1f-4bdd-a3f4-9cd6ae95084c/MUNICIPALITY","sourceSha256":"b6320f629cb76dce6481758351e4810a4ea58b16b4b138d046f8d97939db74c2","retrievedAt":"2026-10-04T05:42:43.812663+00:00","boundaryVintage":null,"geometryStatus":"native_source_polygon_display_simplified","simplificationToleranceDegrees":0.00015,"simplificationPreservesTopology":true,"invalidSourceRepair":"make_valid; retain polygonal components; discard zero-area collapsed lines","legalBoundaryIndependentlyVerified":false,"areaId":"6bf771f4-2f1f-4bdd-a3f4-9cd6ae95084c"},"geometry":{"type":"MultiPolygon","coordinates":[[[[101.52275,14.078594],[101.522367,14.078287],[101.521818,14.078477],[101.522641,14.078983],[101.52275,14.078594]]],[[[101.547668,14.199602],[101.547066,14.198247],[101.5476679305319,14.199602428386592],[101.547668,14.199602]]],[[[101.55428038394261,14.208134513821673],[101.55073369931559,14.205335551883781],[101.551795,14.206943],[101.55428038394261,14.208134513821673]]],[[[101.546672,14.199183],[101.541586,14.19588],[101.541311,14.189501],[101.536929,14.185463],[101.532139,14.184816],[101.531106,14.186105],[101.528957,14.183971],[101.524838,14.184259],[101.522214,14.179816],[101.520772,14.180525],[101.518252,14.177882],[101.5163,14.179017],[101.514962,14.176156],[101.515887,14.174027],[101.513954,14.174948],[101.51433,14.169217],[101.518268,14.165867],[101.518175,14.162228],[101.519694,14.160496],[101.522743,14.160436],[101.520221,14.159235],[101.520978,14.156121],[101.516563,14.156163],[101.51771,14.149771],[101.516089,14.1484],[101.518304,14.147467],[101.516896,14.146514],[101.517808,14.144739],[101.516492,14.144635],[101.51631,14.142559],[101.513457,14.142231],[101.517304,14.136253],[101.519561,14.137213],[101.52342,14.134817],[101.522405,14.132865],[101.523684,14.130743],[101.527902,14.128643],[101.527941,14.120546],[101.530586,14.118784],[101.530093,14.114888],[101.532163,14.11151],[101.528568,14.108576],[101.527242,14.097861],[101.524083,14.094875],[101.52439,14.09312],[101.521443,14.091789],[101.522848,14.086414],[101.521705,14.085483],[101.522042,14.07986],[101.520201,14.079413],[101.520699,14.073051],[101.521818,14.078477],[101.521065,14.071519],[101.519058,14.070912],[101.509247,14.07915],[101.504207,14.071448],[101.502483,14.072214],[101.497532,14.068487],[101.490848,14.068549],[101.490874,14.070577],[101.49061,14.071149],[101.49102,14.072657],[101.489054,14.074772],[101.488565,14.075645],[101.486815,14.076531],[101.484741,14.078225],[101.48415,14.08007],[101.484285,14.080645],[101.485045,14.081311],[101.486143,14.083254],[101.487561,14.084843],[101.489005,14.085942],[101.489515,14.087235],[101.489489,14.090119],[101.490335,14.092637],[101.491191,14.093837],[101.492416,14.093905],[101.492914,14.094271],[101.492519,14.095797],[101.49413,14.097242],[101.495353,14.099315],[101.495271,14.100239],[101.494767,14.100856],[101.493858,14.101421],[101.492951,14.101377],[101.492592,14.101642],[101.492491,14.102512],[101.492913,14.103443],[101.492603,14.105436],[101.493334,14.106136],[101.491581,14.108284],[101.491436,14.109052],[101.49033,14.110341],[101.490201,14.111733],[101.488992,14.112407],[101.490249,14.115448],[101.489037,14.116146],[101.489021,14.116914],[101.489492,14.117222],[101.489886,14.118121],[101.489886,14.11878],[101.489593,14.119319],[101.489961,14.119885],[101.488293,14.120946],[101.488573,14.122156],[101.488455,14.12338],[101.487868,14.123963],[101.48606,14.124229],[101.485583,14.125075],[101.483588,14.125231],[101.482734,14.124658],[101.481884,14.124997],[101.482522,14.126632],[101.4826,14.127888],[101.474523,14.130509],[101.469063,14.131041],[101.469089,14.132748],[101.470369,14.136366],[101.470681,14.138958],[101.470402,14.141423],[101.469655,14.143308],[101.469451,14.147063],[101.469646,14.150327],[101.469467,14.155106],[101.470015,14.159059],[101.469837,14.15962],[101.469433,14.159743],[101.468714,14.159842],[101.468333,14.159483],[101.467849,14.159517],[101.467459,14.160098],[101.46755,14.161079],[101.466706,14.16105],[101.466284,14.161299],[101.467048,14.163071],[101.464964,14.164924],[101.463831,14.165334],[101.46351,14.165709],[101.46371,14.16648],[101.463386,14.167545],[101.462326,14.169152],[101.462489,14.169927],[101.462334,14.170451],[101.462595,14.17104],[101.461943,14.171727],[101.462347,14.172308],[101.462665,14.172283],[101.463203,14.173231],[101.463313,14.173891],[101.462991,14.175394],[101.460947,14.177396],[101.459786,14.181734],[101.457717,14.184002],[101.457286,14.185562],[101.457199,14.187155],[101.45658,14.187816],[101.456209,14.18867],[101.453888,14.19113],[101.453005,14.192848],[101.451177,14.195368],[101.450523,14.194909],[101.447953,14.194979],[101.446779,14.193966],[101.446317,14.193927],[101.442535,14.196139],[101.441763,14.197247],[101.440657,14.197308],[101.439953,14.197728],[101.439281,14.1976],[101.435254,14.198181],[101.426651,14.198829],[101.42279,14.1997],[101.421935,14.200206],[101.421224,14.201144],[101.421135,14.204177],[101.421448,14.205648],[101.422732,14.207989],[101.424335,14.20902],[101.424738,14.210072],[101.424803,14.214249],[101.425297,14.217054],[101.425698,14.218064],[101.426384,14.21885],[101.427497,14.219379],[101.43049,14.219695],[101.431824,14.22329],[101.432298,14.223622],[101.434085,14.223675],[101.435238,14.225255],[101.437392,14.22746],[101.43764,14.229795],[101.437452,14.231011],[101.436605,14.232747],[101.436262,14.235472],[101.436716,14.237038],[101.438124,14.239721],[101.438496,14.241241],[101.438315,14.242103],[101.436527,14.245293],[101.436512,14.247316],[101.436923,14.248064],[101.439121,14.249473],[101.440368,14.250683],[101.440661,14.251423],[101.440866,14.255093],[101.445294,14.256182],[101.449219,14.255581],[101.451736,14.256204],[101.453195,14.256838],[101.45545,14.258437],[101.459892,14.260928],[101.46215,14.262792],[101.46373,14.263454],[101.465512,14.263259],[101.468829,14.262399],[101.471611,14.262311],[101.472732,14.262506],[101.476328,14.265064],[101.477308,14.266145],[101.480511,14.268678],[101.484158,14.27035],[101.485851,14.270244],[101.488473,14.26948],[101.491689,14.267617],[101.493498,14.267156],[101.494526,14.267116],[101.497927,14.268348],[101.500744,14.268732],[101.501431,14.268963],[101.50178,14.269458],[101.501625,14.271908],[101.499862,14.282043],[101.500149,14.283397],[101.501392,14.286363],[101.501846,14.28916],[101.501523,14.292703],[101.500149,14.297082],[101.500158,14.299013],[101.500453,14.29994],[101.503887,14.304151],[101.504903,14.305733],[101.505374,14.307321],[101.505484,14.309001],[101.505299,14.309523],[101.501007,14.311702],[101.497473,14.314676],[101.494979,14.316396],[101.493851,14.317749],[101.492841,14.32276],[101.493183,14.323612],[101.495797,14.325461],[101.496239,14.326382],[101.496489,14.332603],[101.496203,14.33411],[101.49513,14.335537],[101.493053,14.337587],[101.488712,14.340589],[101.485955,14.342918],[101.482667,14.346581],[101.481813,14.348414],[101.481786,14.351722],[101.481271,14.353558],[101.477831,14.357957],[101.476943,14.359794],[101.476894,14.364182],[101.47391,14.367319],[101.471783,14.368956],[101.466916,14.37124],[101.463585,14.37354],[101.458466,14.377578],[101.4528,14.381144],[101.445562,14.384217],[101.442082,14.384988],[101.438158,14.387307],[101.432304,14.389491],[101.433222,14.393407],[101.433869,14.394676],[101.436993,14.398189],[101.439573,14.402365],[101.439653,14.403384],[101.439167,14.405631],[101.439102,14.407257],[101.439446,14.408448],[101.440768,14.410945],[101.441124,14.413265],[101.442083,14.416544],[101.443313,14.418183],[101.445971,14.419377],[101.447013,14.420159],[101.447451,14.421188],[101.44651,14.424541],[101.445488,14.426875],[101.444338,14.427558],[101.442626,14.427227],[101.441967,14.427435],[101.440983,14.430681],[101.437295,14.43617],[101.435928,14.439608],[101.436421,14.440651],[101.437687,14.441792],[101.43785,14.442851],[101.437378,14.443783],[101.436339,14.444786],[101.436234,14.445702],[101.43691,14.446279],[101.443385,14.44836],[101.451045,14.452369],[101.453965,14.453403],[101.459997,14.456828],[101.463422,14.457204],[101.466057,14.457967],[101.469884,14.459662],[101.470886,14.459411],[101.473358,14.458183],[101.474169,14.458157],[101.477089,14.460737],[101.480064,14.461995],[101.48222,14.462418],[101.485095,14.462526],[101.487223,14.462074],[101.487849,14.461277],[101.487811,14.459422],[101.488134,14.458353],[101.488706,14.457505],[101.489686,14.456808],[101.490555,14.455734],[101.491281,14.452805],[101.497117,14.446628],[101.502734,14.439731],[101.508524,14.435701],[101.513428,14.432831],[101.52008,14.430321],[101.526952,14.427],[101.530502,14.426035],[101.53574,14.42534],[101.531816,14.425055],[101.533692,14.424077],[101.55546,14.395283],[101.561452,14.383645],[101.562778,14.37435],[101.561312,14.369079],[101.555892,14.36092],[101.548012,14.355309],[101.545091,14.345863],[101.539071,14.338643],[101.538907,14.333088],[101.546509,14.305212],[101.549173,14.286179],[101.545116,14.264207],[101.529991,14.24443],[101.527616,14.239422],[101.528869,14.235543],[101.527052,14.231936],[101.531298,14.230463],[101.527497,14.227272],[101.528922,14.225949],[101.531626,14.226586],[101.532633,14.224791],[101.531373,14.22254],[101.540848,14.223793],[101.547073,14.219634],[101.548664,14.220346],[101.5513,14.212963],[101.555243,14.208596],[101.551795,14.206943],[101.54914609652933,14.202930965562905],[101.5476679305319,14.199602428386592],[101.547252,14.200061],[101.546672,14.199183]],[[101.512228,14.433269],[101.532026,14.42479],[101.53202543890315,14.424790708050798],[101.512228,14.433269]],[[101.549147,14.202933],[101.547549,14.200512],[101.54914609652933,14.202930965562905],[101.549147,14.202933]]]]},"bbox":[101.421129,14.068487,101.562778,14.462526]},{"type":"Feature","id":"da1683d6-05a0-4517-b374-f37f8f03b7f4","properties":{"id":"da1683d6-05a0-4517-b374-f37f8f03b7f4","code":"05250801","provinceCode":"25","nameTh":"เทศบาลตำบล กรอกสมบูรณ์","nameEn":null,"geometryType":"MUNICIPALITY","sourceUrl":"https://landometer.com/api/v2/citymeter-v3/grocery/info/geom/da1683d6-05a0-4517-b374-f37f8f03b7f4/MUNICIPALITY","sourceSha256":"0960b0b707615ded165a1c285948f859915f2f80bfc0ec88e3dc5372440a6fa5","retrievedAt":"2026-10-04T05:42:43.806124+00:00","boundaryVintage":null,"geometryStatus":"native_source_polygon_display_simplified","simplificationToleranceDegrees":0.00015,"simplificationPreservesTopology":true,"invalidSourceRepair":"make_valid; retain polygonal components; discard zero-area collapsed lines","legalBoundaryIndependentlyVerified":false,"areaId":"da1683d6-05a0-4517-b374-f37f8f03b7f4"},"geometry":{"type":"Polygon","coordinates":[[[101.632981,13.790506],[101.632938,13.790992],[101.622885,13.796364],[101.628132,13.805389],[101.661079,13.787528],[101.669275,13.786736],[101.675059,13.778483],[101.668535,13.762883],[101.654567,13.768259],[101.653883,13.779798],[101.632981,13.790506]]]},"bbox":[101.622885,13.762883,101.675059,13.805389]},{"type":"Feature","id":"03eba383-001f-452b-a651-d24d01c1c74a","properties":{"id":"03eba383-001f-452b-a651-d24d01c1c74a","code":"05250802","provinceCode":"25","nameTh":"เทศบาลตำบล ศรีมหาโพธิ","nameEn":null,"geometryType":"MUNICIPALITY","sourceUrl":"https://landometer.com/api/v2/citymeter-v3/grocery/info/geom/03eba383-001f-452b-a651-d24d01c1c74a/MUNICIPALITY","sourceSha256":"f8fab7a6d4fe9aec19d54d896e44751394c62ae839c780a10d9538c22276e0c3","retrievedAt":"2026-10-04T05:42:43.787502+00:00","boundaryVintage":null,"geometryStatus":"native_source_polygon_display_simplified","simplificationToleranceDegrees":0.00015,"simplificationPreservesTopology":true,"invalidSourceRepair":"make_valid; retain polygonal components; discard zero-area collapsed lines","legalBoundaryIndependentlyVerified":false,"areaId":"03eba383-001f-452b-a651-d24d01c1c74a"},"geometry":{"type":"Polygon","coordinates":[[[101.51884,13.973244],[101.517014,13.969432],[101.5192,13.967822],[101.520916,13.967222],[101.52085,13.966981],[101.51997,13.967254],[101.516667,13.963049],[101.511261,13.949797],[101.508811,13.950734],[101.504303,13.949504],[101.503648,13.96199],[101.50781,13.974217],[101.51353,13.973047],[101.51884,13.973244]]]},"bbox":[101.503648,13.949504,101.520916,13.974217]},{"type":"Feature","id":"08fb8e15-c5e0-4d4c-882e-0c5b098da9f4","properties":{"id":"08fb8e15-c5e0-4d4c-882e-0c5b098da9f4","code":"05250901","provinceCode":"25","nameTh":"เทศบาลตำบล โคกปีบ","nameEn":null,"geometryType":"MUNICIPALITY","sourceUrl":"https://landometer.com/api/v2/citymeter-v3/grocery/info/geom/08fb8e15-c5e0-4d4c-882e-0c5b098da9f4/MUNICIPALITY","sourceSha256":"3d025dcbbccc2bcfbbb857310dfb932ee71a90a752995072217de482e8f91ac4","retrievedAt":"2026-10-04T05:42:43.794922+00:00","boundaryVintage":null,"geometryStatus":"native_source_polygon_display_simplified","simplificationToleranceDegrees":0.00015,"simplificationPreservesTopology":true,"invalidSourceRepair":"make_valid; retain polygonal components; discard zero-area collapsed lines","legalBoundaryIndependentlyVerified":false,"areaId":"08fb8e15-c5e0-4d4c-882e-0c5b098da9f4"},"geometry":{"type":"MultiPolygon","coordinates":[[[[101.396374,13.881213],[101.397087,13.887862],[101.395166,13.891905],[101.39703,13.89542],[101.402299,13.896268],[101.413544,13.905081],[101.416662,13.911798],[101.416844,13.911485],[101.423425,13.900196],[101.415364,13.89584],[101.403726,13.890008],[101.417945,13.867536],[101.410942,13.865281],[101.39774,13.874228],[101.396374,13.881213]]],[[[101.41710780441427,13.91103321768234],[101.416662,13.911798],[101.4168683372049,13.911444228689724],[101.41710780441427,13.91103321768234]]],[[[101.416662,13.911799],[101.423425,13.900196],[101.41712152184964,13.91100968527289],[101.417247,13.910795],[101.416662,13.911799]]],[[[101.41712152184964,13.91100968527289],[101.41711938208948,13.911013346268769],[101.41710780441427,13.91103321768234],[101.41712152184964,13.91100968527289]]]]},"bbox":[101.395166,13.865281,101.423425,13.911799]},{"type":"Feature","id":"2f8098cd-5a96-4491-8652-ce80ecfbaa90","properties":{"id":"2f8098cd-5a96-4491-8652-ce80ecfbaa90","code":"06250105","provinceCode":"25","nameTh":"องค์การบริหารส่วนตำบล โคกไม้ลาย","nameEn":null,"geometryType":"MUNICIPALITY","sourceUrl":"https://landometer.com/api/v2/citymeter-v3/grocery/info/geom/2f8098cd-5a96-4491-8652-ce80ecfbaa90/MUNICIPALITY","sourceSha256":"595810638d4ffa4d7bafa57214eedf2699d154141a85bae97754fcfd35bfd788","retrievedAt":"2026-10-04T05:42:43.807968+00:00","boundaryVintage":null,"geometryStatus":"native_source_polygon_display_simplified","simplificationToleranceDegrees":0.00015,"simplificationPreservesTopology":true,"invalidSourceRepair":"make_valid; retain polygonal components; discard zero-area collapsed lines","legalBoundaryIndependentlyVerified":false,"areaId":"2f8098cd-5a96-4491-8652-ce80ecfbaa90"},"geometry":{"type":"Polygon","coordinates":[[[101.330426,14.154676],[101.330253,14.149016],[101.327911,14.145911],[101.321731,14.14248],[101.318959,14.143147],[101.305697,14.135312],[101.305263,14.132142],[101.3027,14.130052],[101.304192,14.12508],[101.303551,14.120268],[101.293789,14.124606],[101.292963,14.125611],[101.291588,14.126585],[101.290196,14.129243],[101.288687,14.130317],[101.287294,14.131799],[101.287156,14.132568],[101.286482,14.133478],[101.286365,14.134008],[101.286917,14.135663],[101.288191,14.136544],[101.288008,14.137569],[101.287225,14.138317],[101.287167,14.139602],[101.287637,14.140498],[101.288377,14.141138],[101.288863,14.14214],[101.288625,14.142941],[101.289112,14.144566],[101.288855,14.145089],[101.289487,14.146023],[101.289141,14.146899],[101.288922,14.149029],[101.288564,14.149484],[101.289146,14.150398],[101.289844,14.15037],[101.289445,14.151108],[101.289509,14.151642],[101.290309,14.151539],[101.290541,14.151728],[101.290311,14.15347],[101.291702,14.153939],[101.292437,14.153777],[101.292806,14.154201],[101.29357,14.154376],[101.294719,14.155445],[101.295766,14.15549],[101.296405,14.156681],[101.295994,14.157445],[101.296126,14.157981],[101.297408,14.157866],[101.298057,14.157131],[101.299501,14.157265],[101.299422,14.157629],[101.298698,14.157744],[101.298634,14.15843],[101.299117,14.158765],[101.300238,14.158785],[101.300508,14.159678],[101.301396,14.160017],[101.302181,14.161105],[101.30296,14.161375],[101.303548,14.162056],[101.303771,14.162744],[101.305032,14.162079],[101.305947,14.162827],[101.30668,14.162775],[101.30765,14.16408],[101.308262,14.163727],[101.309586,14.163674],[101.310799,14.164334],[101.311336,14.164281],[101.311502,14.16491],[101.311241,14.166074],[101.311937,14.1666],[101.312348,14.167273],[101.312169,14.167456],[101.31123,14.167331],[101.311109,14.168953],[101.312387,14.169648],[101.312755,14.170795],[101.329034,14.165024],[101.335011,14.159193],[101.334317,14.156914],[101.330426,14.154676]]]},"bbox":[101.286361,14.120268,101.335011,14.170795]},{"type":"Feature","id":"10ee7c33-3465-4fb0-a7c1-cd77aa4b111d","properties":{"id":"10ee7c33-3465-4fb0-a7c1-cd77aa4b111d","code":"06250106","provinceCode":"25","nameTh":"องค์การบริหารส่วนตำบล ดงขี้เหล็ก","nameEn":null,"geometryType":"MUNICIPALITY","sourceUrl":"https://landometer.com/api/v2/citymeter-v3/grocery/info/geom/10ee7c33-3465-4fb0-a7c1-cd77aa4b111d/MUNICIPALITY","sourceSha256":"7b3ea60ae3d7ad3789b5fd5b7e223b42306eac5326d5f5761d8a7d389590920e","retrievedAt":"2026-10-04T05:42:43.806581+00:00","boundaryVintage":null,"geometryStatus":"native_source_polygon_display_simplified","simplificationToleranceDegrees":0.00015,"simplificationPreservesTopology":true,"invalidSourceRepair":"make_valid; retain polygonal components; discard zero-area collapsed lines","legalBoundaryIndependentlyVerified":false,"areaId":"10ee7c33-3465-4fb0-a7c1-cd77aa4b111d"},"geometry":{"type":"MultiPolygon","coordinates":[[[[101.458433,14.110787],[101.4521,14.101797],[101.449556,14.104063],[101.445959,14.101822],[101.441217,14.101881],[101.445932,14.08969],[101.44464,14.083635],[101.446691,14.083079],[101.442209,14.081751],[101.444044,14.077071],[101.439783,14.076903],[101.438026,14.074687],[101.438071,14.071089],[101.433544,14.071101],[101.432639,14.064306],[101.420937,14.071949],[101.418762,14.076507],[101.41976,14.082423],[101.42257,14.083516],[101.425226,14.087518],[101.419489,14.093246],[101.414695,14.090616],[101.412122,14.091547],[101.41475,14.096771],[101.415727,14.102738],[101.418449,14.110741],[101.419323,14.112225],[101.418291,14.11374],[101.416236,14.1108],[101.416422,14.113007],[101.411571,14.118004],[101.416665,14.13553],[101.404995,14.14257],[101.410786,14.143698],[101.412698,14.14551],[101.409572,14.146546],[101.411871,14.14889],[101.410768,14.149955],[101.407501,14.154164],[101.418454,14.162822],[101.421426,14.16204],[101.424111,14.156989],[101.428573,14.157466],[101.431499,14.153796],[101.436801,14.161915],[101.432877,14.167571],[101.440878,14.177289],[101.4428,14.180801],[101.441891,14.189528],[101.438605,14.193769],[101.433762,14.194515],[101.42856373136773,14.198684653562655],[101.436736,14.198036],[101.439281,14.1976],[101.440104,14.197694],[101.440657,14.197308],[101.441863,14.197201],[101.442535,14.196139],[101.446317,14.193927],[101.446779,14.193966],[101.447953,14.194979],[101.450523,14.194909],[101.451177,14.195368],[101.453005,14.192848],[101.453888,14.19113],[101.456209,14.18867],[101.45658,14.187816],[101.457199,14.187155],[101.457286,14.185562],[101.457717,14.184002],[101.459786,14.181734],[101.460947,14.177396],[101.462991,14.175394],[101.463313,14.173891],[101.463203,14.173231],[101.462665,14.172283],[101.462347,14.172308],[101.461943,14.171727],[101.462595,14.17104],[101.462334,14.170451],[101.462489,14.169927],[101.462326,14.169152],[101.463386,14.167545],[101.46371,14.16648],[101.463528,14.165671],[101.463831,14.165334],[101.464964,14.164924],[101.467048,14.163071],[101.466284,14.161299],[101.466706,14.16105],[101.46755,14.161079],[101.467459,14.160098],[101.467849,14.159517],[101.468333,14.159483],[101.468714,14.159842],[101.469859,14.159593],[101.470016,14.158947],[101.469781,14.158433],[101.469467,14.155106],[101.469646,14.150327],[101.469451,14.147063],[101.469655,14.143308],[101.470402,14.141423],[101.470681,14.138958],[101.470369,14.136366],[101.469089,14.132748],[101.469063,14.131041],[101.472693,14.130701],[101.458579,14.131998],[101.460075,14.12922],[101.453291,14.120867],[101.458433,14.110787]]],[[[101.428563,14.198685],[101.42856373136773,14.198684653562655],[101.428532,14.198689],[101.428563,14.198685]]]]},"bbox":[101.404995,14.064306,101.472694,14.198689]},{"type":"Feature","id":"495e1841-ee2e-48e7-8ddd-fc4731f0da1d","properties":{"id":"495e1841-ee2e-48e7-8ddd-fc4731f0da1d","code":"06250107","provinceCode":"25","nameTh":"องค์การบริหารส่วนตำบล ดงพระราม","nameEn":null,"geometryType":"MUNICIPALITY","sourceUrl":"https://landometer.com/api/v2/citymeter-v3/grocery/info/geom/495e1841-ee2e-48e7-8ddd-fc4731f0da1d/MUNICIPALITY","sourceSha256":"d5a490b53b4cfc723f2c6b0ed7c0f1fa17591a6327f81b3fd0ee08ca0d7190e8","retrievedAt":"2026-10-04T05:42:43.868798+00:00","boundaryVintage":null,"geometryStatus":"native_source_polygon_display_simplified","simplificationToleranceDegrees":0.00015,"simplificationPreservesTopology":true,"invalidSourceRepair":"make_valid; retain polygonal components; discard zero-area collapsed lines","legalBoundaryIndependentlyVerified":false,"areaId":"495e1841-ee2e-48e7-8ddd-fc4731f0da1d"},"geometry":{"type":"MultiPolygon","coordinates":[[[[101.450862,14.007335],[101.449657,14.00748],[101.4508618002334,14.007335381437121],[101.450862,14.007335]]],[[[101.434103,14.054373],[101.426958,14.040344],[101.441952,14.037442],[101.442623,14.037312],[101.44704,14.039099],[101.447214,14.03917],[101.447594,14.038801],[101.448576,14.03785],[101.448418,14.036231],[101.448397,14.036353],[101.448318,14.036665],[101.448217,14.036905],[101.448087,14.037145],[101.44794,14.037376],[101.447792,14.037503],[101.447669,14.037561],[101.447499,14.037591],[101.447371,14.037588],[101.447314,14.037549],[101.447254,14.037509],[101.44704,14.037224],[101.446876,14.036971],[101.446843,14.036947],[101.446692,14.036839],[101.44648,14.036696],[101.446255,14.036585],[101.446071,14.036474],[101.445884,14.036374],[101.445734,14.036267],[101.445642,14.036167],[101.445553,14.03601],[101.44546,14.035785],[101.445368,14.035373],[101.445293,14.034885],[101.445253,14.034303],[101.445241,14.033499],[101.445248,14.033365],[101.445284,14.03326],[101.445365,14.033154],[101.445607,14.032917],[101.445923,14.032651],[101.446252,14.032393],[101.446559,14.032115],[101.446801,14.031878],[101.447014,14.031637],[101.44721,14.03136],[101.447441,14.030954],[101.447628,14.030592],[101.447741,14.030332],[101.447833,14.03004],[101.447916,14.029712],[101.448047,14.029229],[101.448125,14.028912],[101.448189,14.028899],[101.448303,14.028877],[101.448452,14.028844],[101.448573,14.028816],[101.448644,14.028791],[101.4487,14.028758],[101.448751,14.028713],[101.448792,14.028652],[101.448827,14.02858],[101.448848,14.028482],[101.448863,14.028232],[101.448879,14.028082],[101.448889,14.028],[101.448906,14.027923],[101.448937,14.027852],[101.448992,14.027773],[101.449049,14.027705],[101.449136,14.027615],[101.449223,14.027549],[101.449302,14.027495],[101.449375,14.02746],[101.44944,14.027439],[101.449518,14.027424],[101.449624,14.02742],[101.449726,14.027433],[101.449849,14.027457],[101.449983,14.027487],[101.450076,14.027499],[101.450174,14.027504],[101.450245,14.027503],[101.450311,14.027495],[101.450369,14.027474],[101.450449,14.027408],[101.450624,14.027228],[101.450718,14.027124],[101.450775,14.02704],[101.450808,14.026962],[101.45083,14.026881],[101.450843,14.026782],[101.450852,14.026686],[101.450871,14.0266],[101.450886,14.026543],[101.45091,14.026505],[101.450941,14.026472],[101.451056,14.026401],[101.451117,14.026361],[101.451185,14.026293],[101.451318,14.026112],[101.451649,14.025627],[101.451881,14.025314],[101.452102,14.025025],[101.452178,14.024949],[101.452248,14.024902],[101.452316,14.024876],[101.452388,14.024873],[101.452473,14.024891],[101.452684,14.024971],[101.452908,14.025062],[101.452995,14.025087],[101.453077,14.025099],[101.453138,14.025094],[101.453189,14.025087],[101.453273,14.025054],[101.453527,14.02491],[101.453726,14.024757],[101.453787,14.024699],[101.453835,14.024639],[101.45386,14.024573],[101.453862,14.024483],[101.453832,14.024342],[101.453683,14.023953],[101.453537,14.023504],[101.453532,14.023422],[101.453538,14.023387],[101.453561,14.023339],[101.453608,14.023318],[101.453699,14.02331],[101.454234,14.023366],[101.454405,14.023374],[101.454498,14.023394],[101.454567,14.023427],[101.454609,14.023484],[101.454663,14.023664],[101.454696,14.023723],[101.454748,14.023741],[101.45483,14.023722],[101.455107,14.023588],[101.45513,14.023559],[101.455136,14.02351],[101.455119,14.023435],[101.454959,14.022911],[101.454872,14.022674],[101.454818,14.022586],[101.454735,14.0225],[101.454645,14.022437],[101.454567,14.022366],[101.454477,14.022249],[101.454327,14.022008],[101.454163,14.021817],[101.45408,14.021672],[101.454039,14.02154],[101.453988,14.021435],[101.453915,14.021356],[101.453823,14.021259],[101.453756,14.021195],[101.453735,14.021155],[101.453731,14.021125],[101.453733,14.021089],[101.453755,14.021039],[101.4538,14.020962],[101.453862,14.020855],[101.453888,14.020796],[101.453902,14.020716],[101.453903,14.020609],[101.453904,14.020452],[101.453905,14.020309],[101.453895,14.020057],[101.453902,14.019979],[101.453913,14.019929],[101.453931,14.019891],[101.453961,14.019848],[101.454081,14.019716],[101.454135,14.019658],[101.454165,14.019612],[101.454186,14.019562],[101.454212,14.019449],[101.454239,14.019282],[101.454298,14.01907],[101.454309,14.01904],[101.454331,14.019014],[101.45436,14.018998],[101.454415,14.018976],[101.454536,14.01893],[101.454643,14.018885],[101.454706,14.018859],[101.454738,14.018835],[101.454763,14.018782],[101.454852,14.018494],[101.454871,14.018429],[101.454879,14.018372],[101.45488,14.018327],[101.454872,14.018241],[101.454771,14.017773],[101.454736,14.017629],[101.454707,14.017574],[101.454631,14.017518],[101.454613,14.017507],[101.45453,14.017459],[101.454441,14.017415],[101.454389,14.017379],[101.454339,14.017329],[101.454301,14.017247],[101.454296,14.017192],[101.454299,14.017082],[101.454302,14.016966],[101.454304,14.016886],[101.454294,14.01679],[101.454279,14.016712],[101.45425,14.016653],[101.454174,14.016592],[101.454082,14.016534],[101.45394,14.016445],[101.453922,14.016416],[101.453911,14.016372],[101.453912,14.016312],[101.45395,14.015895],[101.453969,14.015757],[101.45399,14.015701],[101.454026,14.01564],[101.454188,14.015397],[101.454418,14.01505],[101.454489,14.014936],[101.454577,14.014784],[101.454676,14.01465],[101.454752,14.014555],[101.454845,14.014451],[101.454927,14.014373],[101.455054,14.014253],[101.45515,14.014182],[101.45526,14.014105],[101.455389,14.014037],[101.455536,14.013971],[101.455681,14.013928],[101.455835,14.013901],[101.455996,14.013877],[101.456203,14.013847],[101.456408,14.013816],[101.456529,14.013789],[101.456661,14.013753],[101.456745,14.013718],[101.456818,14.013676],[101.456928,14.013591],[101.457372,14.013259],[101.457905,14.012846],[101.458406,14.012457],[101.45908,14.011923],[101.459284,14.011729],[101.459568,14.011461],[101.460006,14.01095],[101.460569,14.010219],[101.460969,14.009706],[101.46118,14.009485],[101.461301,14.009371],[101.461387,14.009309],[101.461481,14.009266],[101.461592,14.009222],[101.461717,14.009209],[101.461823,14.009207],[101.461986,14.009224],[101.462198,14.009262],[101.462303,14.009279],[101.462505,14.009313],[101.462683,14.009324],[101.46282,14.009322],[101.462942,14.009312],[101.463003,14.009297],[101.463041,14.00928],[101.463089,14.009245],[101.463125,14.0092],[101.463377,14.00862],[101.462872,14.008421],[101.462753,14.008397],[101.462657,14.008398],[101.462558,14.008408],[101.462468,14.008422],[101.462352,14.008459],[101.462166,14.008541],[101.462062,14.008595],[101.462009,14.008612],[101.461961,14.008607],[101.461918,14.008572],[101.461849,14.008512],[101.461721,14.008427],[101.461633,14.008392],[101.461557,14.008376],[101.461531,14.008378],[101.461494,14.00838],[101.461383,14.008428],[101.461285,14.008351],[101.461208,14.008301],[101.461145,14.00825],[101.461075,14.008197],[101.460961,14.008136],[101.460907,14.008105],[101.460806,14.00805],[101.460744,14.007995],[101.460703,14.007941],[101.460679,14.007892],[101.460648,14.007816],[101.460619,14.007767],[101.460562,14.0077],[101.460498,14.007634],[101.460424,14.007574],[101.460261,14.007458],[101.460147,14.007381],[101.460049,14.00732],[101.459849,14.007221],[101.459769,14.007173],[101.459711,14.007128],[101.459644,14.007062],[101.459591,14.006994],[101.45956,14.006932],[101.459537,14.006856],[101.459517,14.006756],[101.459492,14.006521],[101.459477,14.006313],[101.459463,14.006157],[101.459441,14.006039],[101.459412,14.005954],[101.459368,14.005885],[101.459316,14.005848],[101.459234,14.0058],[101.459125,14.005751],[101.459033,14.005705],[101.458973,14.005654],[101.458911,14.005577],[101.458702,14.005274],[101.458667,14.005217],[101.45865,14.005186],[101.458644,14.00516],[101.458644,14.005137],[101.458645,14.005112],[101.458647,14.005095],[101.458656,14.005074],[101.458665,14.005058],[101.458681,14.005042],[101.458702,14.005027],[101.458724,14.005016],[101.45874,14.005008],[101.458993,14.004899],[101.459076,14.004861],[101.459098,14.004845],[101.459114,14.004824],[101.459121,14.004804],[101.459127,14.004765],[101.459125,14.004732],[101.459117,14.004703],[101.459111,14.004681],[101.459087,14.004603],[101.459084,14.004594],[101.459021,14.004431],[101.45893,14.004232],[101.458823,14.004011],[101.458767,14.003902],[101.458712,14.003838],[101.458638,14.003772],[101.458588,14.003732],[101.458506,14.003673],[101.458218,14.003547],[101.457997,14.003457],[101.457922,14.003419],[101.457827,14.003342],[101.45776,14.003272],[101.457708,14.003209],[101.457637,14.003092],[101.457548,14.002952],[101.45739,14.002693],[101.457259,14.002543],[101.457163,14.002422],[101.457097,14.002321],[101.457032,14.002197],[101.456956,14.002062],[101.456877,14.001961],[101.456805,14.001902],[101.456745,14.001854],[101.456691,14.001829],[101.456597,14.001809],[101.456398,14.001785],[101.45627,14.001765],[101.456224,14.001749],[101.45618,14.001722],[101.456122,14.00167],[101.455989,14.001532],[101.455678,14.001216],[101.455354,14.000916],[101.452517,14.006332],[101.452041,14.007239],[101.451923,14.007208],[101.4508618002334,14.007335381437121],[101.450299,14.00841],[101.444397,14.009121],[101.44304,14.01504],[101.438129,14.018035],[101.438323,14.019426],[101.444253,14.020451],[101.443747,14.025751],[101.446862,14.026833],[101.44564,14.029025],[101.439824,14.031649],[101.434042,14.029176],[101.431912,14.031756],[101.428667,14.030558],[101.418481,14.033497],[101.413232,14.038377],[101.408255,14.040104],[101.398066,14.056513],[101.389996,14.054351],[101.386966,14.05354],[101.383623,14.064102],[101.38584,14.064137],[101.385353,14.069923],[101.382765,14.069534],[101.38264,14.071498],[101.376405,14.071195],[101.369848,14.074953],[101.369322,14.065902],[101.369379,14.066893],[101.365492,14.071049],[101.361028,14.072097],[101.355581,14.068508],[101.354716,14.072116],[101.356475,14.076208],[101.362762,14.079988],[101.362459,14.080259],[101.372923,14.087341],[101.381234,14.088285],[101.388519,14.083617],[101.390405,14.078801],[101.392487,14.081362],[101.397114,14.082057],[101.400756,14.086684],[101.401574,14.086881],[101.402002,14.087345],[101.410682,14.089602],[101.411943,14.091612],[101.414695,14.090616],[101.419489,14.093246],[101.421701,14.09092],[101.42437325096321,14.088340993538479],[101.424118,14.088587],[101.425226,14.087518],[101.42257,14.083516],[101.41976,14.082423],[101.418762,14.076507],[101.420937,14.071949],[101.432639,14.064306],[101.432638,14.064296],[101.431479,14.063938],[101.432973,14.060197],[101.431549,14.058967],[101.434103,14.054373]],[[101.419725,14.092997],[101.420378,14.09231],[101.421701,14.09092],[101.419725,14.092997]]],[[[101.424615,14.088108],[101.425226,14.087518],[101.42437325096321,14.088340993538479],[101.424615,14.088108]]]]},"bbox":[101.354716,14.000916,101.463377,14.093246]},{"type":"Feature","id":"2fea253e-b19d-4b58-9d19-a06f995f02f4","properties":{"id":"2fea253e-b19d-4b58-9d19-a06f995f02f4","code":"06250108","provinceCode":"25","nameTh":"องค์การบริหารส่วนตำบล ท่างาม","nameEn":null,"geometryType":"MUNICIPALITY","sourceUrl":"https://landometer.com/api/v2/citymeter-v3/grocery/info/geom/2fea253e-b19d-4b58-9d19-a06f995f02f4/MUNICIPALITY","sourceSha256":"81ba2e2fa3d77d5c7687f004e384ca81eabfcedcb66ed61f38bad21e3f1250a4","retrievedAt":"2026-10-04T05:42:43.879687+00:00","boundaryVintage":null,"geometryStatus":"native_source_polygon_display_simplified","simplificationToleranceDegrees":0.00015,"simplificationPreservesTopology":true,"invalidSourceRepair":"make_valid; retain polygonal components; discard zero-area collapsed lines","legalBoundaryIndependentlyVerified":false,"areaId":"2fea253e-b19d-4b58-9d19-a06f995f02f4"},"geometry":{"type":"MultiPolygon","coordinates":[[[[101.39245996446746,13.998577070748896],[101.39246,13.998577],[101.39244,13.99857],[101.39245996446746,13.998577070748896]]],[[[101.44304,14.01504],[101.444397,14.009121],[101.450299,14.00841],[101.450862,14.007335],[101.452041,14.007239],[101.455354,14.000916],[101.454988,14.000571],[101.453664,13.999878],[101.451293,14.00218],[101.450261,14.003661],[101.445559,14.003303],[101.441263,14.003446],[101.440851,14.003651],[101.436204,14.003439],[101.435575,14.003314],[101.435501,14.001942],[101.434355,14.00197],[101.431827,14.001207],[101.432053,13.999887],[101.43116,13.999631],[101.430954,13.99936],[101.42795,13.999987],[101.427693,13.999892],[101.427341,13.999057],[101.421887,13.999483],[101.420743,13.999223],[101.419233,13.99936],[101.417384,13.998884],[101.415551,13.997911],[101.414078,13.997532],[101.410872,13.99541],[101.409561,13.995064],[101.408293,13.99245],[101.407586,13.991918],[101.406267,13.99266],[101.405032,13.992427],[101.40438,13.992641],[101.403383,13.993455],[101.403003,13.99413],[101.402284,13.993267],[101.400531,13.993212],[101.399768,13.992854],[101.397721,13.993406],[101.397134,13.993672],[101.397092,13.994407],[101.396833,13.9946],[101.395103,13.994665],[101.394957,13.997288],[101.394537,13.997397],[101.39384,13.996862],[101.393637,13.997948],[101.392867,13.998265],[101.392542,13.998624],[101.39245996446746,13.998577070748896],[101.390999,14.001486],[101.380183,14.019791],[101.37728,14.027143],[101.376238,14.02706],[101.376007,14.028045],[101.374998,14.027964],[101.37429,14.029914],[101.372188,14.029745],[101.371774,14.030715],[101.370723,14.030631],[101.367992,14.037116],[101.367805,14.03835],[101.36804,14.040389],[101.368644,14.041772],[101.370813,14.041698],[101.371353,14.042866],[101.371698,14.042978],[101.372362,14.042666],[101.373201,14.044482],[101.374106,14.044056],[101.374528,14.044963],[101.380118,14.042337],[101.383643,14.04346],[101.386815,14.041026],[101.388122,14.045251],[101.390389,14.046368],[101.389165,14.053942],[101.390113,14.054164],[101.389996,14.054351],[101.398066,14.056513],[101.408255,14.040104],[101.413232,14.038377],[101.418481,14.033497],[101.428667,14.030558],[101.431912,14.031756],[101.434042,14.029176],[101.439824,14.031649],[101.44564,14.029025],[101.446862,14.026833],[101.443747,14.025751],[101.444253,14.020451],[101.438323,14.019426],[101.438129,14.018035],[101.44304,14.01504]],[[101.374704,14.028944],[101.370884,14.037898],[101.37441360922215,14.029624384189654],[101.374704,14.028944]]]]},"bbox":[101.367805,13.991912,101.455354,14.056513]},{"type":"Feature","id":"d3d0feb8-793f-489a-aaef-2bbb771baeed","properties":{"id":"d3d0feb8-793f-489a-aaef-2bbb771baeed","code":"06250109","provinceCode":"25","nameTh":"องค์การบริหารส่วนตำบล โนนห้อม","nameEn":null,"geometryType":"MUNICIPALITY","sourceUrl":"https://landometer.com/api/v2/citymeter-v3/grocery/info/geom/d3d0feb8-793f-489a-aaef-2bbb771baeed/MUNICIPALITY","sourceSha256":"f2b35c9a7453d9f496777fc1ff16336ec6a199bf523a43d65f72eac2ca5ff38d","retrievedAt":"2026-10-04T05:42:43.878321+00:00","boundaryVintage":null,"geometryStatus":"native_source_polygon_display_simplified","simplificationToleranceDegrees":0.00015,"simplificationPreservesTopology":true,"invalidSourceRepair":"make_valid; retain polygonal components; discard zero-area collapsed lines","legalBoundaryIndependentlyVerified":false,"areaId":"d3d0feb8-793f-489a-aaef-2bbb771baeed"},"geometry":{"type":"Polygon","coordinates":[[[101.492554,14.102619],[101.492709,14.101487],[101.493954,14.101386],[101.495035,14.10059],[101.495342,14.099973],[101.495298,14.099071],[101.49413,14.097242],[101.492519,14.095797],[101.492914,14.094271],[101.492416,14.093905],[101.491191,14.093837],[101.490335,14.092637],[101.489489,14.090119],[101.489515,14.087235],[101.489005,14.085942],[101.48725,14.084548],[101.486036,14.08312],[101.485045,14.081311],[101.484207,14.080506],[101.484171,14.079767],[101.453866,14.07395],[101.439783,14.076903],[101.444044,14.077071],[101.442209,14.081751],[101.446691,14.083079],[101.44464,14.083635],[101.445932,14.08969],[101.441217,14.101881],[101.445959,14.101822],[101.449556,14.104063],[101.4521,14.101797],[101.458433,14.110787],[101.453291,14.120867],[101.460075,14.12922],[101.458579,14.131998],[101.474813,14.130429],[101.4826,14.127888],[101.482522,14.126632],[101.481884,14.124997],[101.482734,14.124658],[101.483588,14.125231],[101.485583,14.125075],[101.485825,14.124947],[101.485984,14.124267],[101.487646,14.124073],[101.488327,14.123582],[101.488573,14.122156],[101.488293,14.120946],[101.489967,14.119838],[101.489593,14.119319],[101.489886,14.11878],[101.489886,14.118121],[101.489492,14.117222],[101.489021,14.116914],[101.48904,14.116102],[101.490252,14.115505],[101.488992,14.112407],[101.490201,14.111733],[101.49033,14.110341],[101.491436,14.109052],[101.491581,14.108284],[101.493334,14.106136],[101.492614,14.1055],[101.492912,14.103371],[101.492554,14.102619]]]},"bbox":[101.439783,14.07395,101.495372,14.131998]},{"type":"Feature","id":"b1baeff6-1695-45bd-a826-6efc6732f088","properties":{"id":"b1baeff6-1695-45bd-a826-6efc6732f088","code":"06250110","provinceCode":"25","nameTh":"องค์การบริหารส่วนตำบล บางเดชะ","nameEn":null,"geometryType":"MUNICIPALITY","sourceUrl":"https://landometer.com/api/v2/citymeter-v3/grocery/info/geom/b1baeff6-1695-45bd-a826-6efc6732f088/MUNICIPALITY","sourceSha256":"b6bb6f081c1027c73181781f8b8f3547c1c7177b9dff7b6fe4861abfb59a93b6","retrievedAt":"2026-10-04T05:42:43.880625+00:00","boundaryVintage":null,"geometryStatus":"native_source_polygon_display_simplified","simplificationToleranceDegrees":0.00015,"simplificationPreservesTopology":true,"invalidSourceRepair":"make_valid; retain polygonal components; discard zero-area collapsed lines","legalBoundaryIndependentlyVerified":false,"areaId":"b1baeff6-1695-45bd-a826-6efc6732f088"},"geometry":{"type":"Polygon","coordinates":[[[101.39246,13.998577],[101.390111,13.997953],[101.38957,13.997157],[101.389661,13.996946],[101.39065,13.996857],[101.390992,13.996601],[101.390533,13.995548],[101.391714,13.99505],[101.391656,13.99464],[101.390516,13.994854],[101.389841,13.994553],[101.387115,13.99649],[101.38653,13.996462],[101.388663,13.991439],[101.388944,13.989889],[101.387937,13.947825],[101.385939,13.948276],[101.384814,13.94889],[101.381168,13.948959],[101.378981,13.948418],[101.378733,13.9486],[101.378326,13.948342],[101.378384,13.947564],[101.377819,13.947165],[101.37713,13.947238],[101.376016,13.946887],[101.375091,13.947025],[101.374286,13.946183],[101.373795,13.946004],[101.372513,13.946587],[101.369089,13.946911],[101.367428,13.947661],[101.36638,13.948476],[101.365083,13.94872],[101.364923,13.949011],[101.365424,13.94987],[101.365594,13.950783],[101.364863,13.951937],[101.365249,13.953437],[101.364319,13.953749],[101.36394,13.953563],[101.363564,13.953711],[101.361938,13.954988],[101.361025,13.956282],[101.358217,13.958254],[101.356692,13.958039],[101.356045,13.95859],[101.352816,13.959661],[101.35152,13.960405],[101.350316,13.964751],[101.34977,13.965417],[101.347216,13.966814],[101.34635,13.967954],[101.345444,13.970477],[101.345852,13.974601],[101.345113,13.975988],[101.343559,13.977763],[101.343403,13.978371],[101.342443,13.979578],[101.341774,13.979574],[101.340132,13.97745],[101.332287,13.975958],[101.328694,13.976697],[101.326966,13.976824],[101.324696,13.97821],[101.322111,13.976831],[101.3202,13.978459],[101.317389,13.97876],[101.316017,13.979176],[101.315272,13.980283],[101.314695,13.982569],[101.313118,13.985614],[101.313038,13.986459],[101.313462,13.988399],[101.311726,13.989444],[101.312846,13.990815],[101.31256,13.99147],[101.311527,13.992301],[101.311161,13.993009],[101.311291,13.993508],[101.312267,13.994499],[101.311865,13.996996],[101.309268,14.001844],[101.307845,14.002833],[101.30796,14.003404],[101.309539,14.00193],[101.31046,14.00169],[101.310708,14.001751],[101.308776,14.002835],[101.309863,14.002995],[101.310221,14.002661],[101.323322,14.005883],[101.330868,14.006088],[101.334213,14.008185],[101.34118,14.026161],[101.335533,14.037203],[101.336443,14.044001],[101.341235,14.044094],[101.343211,14.047002],[101.351738,14.04935],[101.351609,14.050299],[101.351965,14.050259],[101.352487,14.047064],[101.352939,14.046025],[101.355198,14.045846],[101.355649,14.044807],[101.356733,14.044721],[101.35685537687868,14.043707970226585],[101.357855,14.043629],[101.35763344910572,14.041640964449549],[101.368196,14.040804],[101.367826,14.039318],[101.367952,14.037268],[101.370723,14.030631],[101.372825,14.0308],[101.371774,14.030715],[101.37218771587024,14.029745665714636],[101.37429,14.029914],[101.374998,14.027964],[101.376007,14.028045],[101.376238,14.02706],[101.37728,14.027143],[101.380183,14.019791],[101.390999,14.001486],[101.39246,13.998577]],[[101.356855,14.043708],[101.356856,14.043667],[101.35685537687868,14.043707970226585],[101.356855,14.043708]],[[101.357633,14.041641],[101.357355,14.039267],[101.35763344910572,14.041640964449549],[101.357633,14.041641]],[[101.362638,14.028981],[101.372188,14.029745],[101.37218771587024,14.029745665714636],[101.362638,14.028981]]]},"bbox":[101.307845,13.946004,101.39246,14.050299]},{"type":"Feature","id":"0fc1b71d-7e03-4db7-a0c3-6c0c2f5fdda1","properties":{"id":"0fc1b71d-7e03-4db7-a0c3-6c0c2f5fdda1","code":"06250111","provinceCode":"25","nameTh":"องค์การบริหารส่วนตำบล รอบเมือง","nameEn":null,"geometryType":"MUNICIPALITY","sourceUrl":"https://landometer.com/api/v2/citymeter-v3/grocery/info/geom/0fc1b71d-7e03-4db7-a0c3-6c0c2f5fdda1/MUNICIPALITY","sourceSha256":"1dbd0bc7f3124d268a79dbff542bf5ae833a51c8916a603d6cdef5129a075bc4","retrievedAt":"2026-10-04T05:42:43.888709+00:00","boundaryVintage":null,"geometryStatus":"native_source_polygon_display_simplified","simplificationToleranceDegrees":0.00015,"simplificationPreservesTopology":true,"invalidSourceRepair":"make_valid; retain polygonal components; discard zero-area collapsed lines","legalBoundaryIndependentlyVerified":false,"areaId":"0fc1b71d-7e03-4db7-a0c3-6c0c2f5fdda1"},"geometry":{"type":"Polygon","coordinates":[[[101.365492,14.071049],[101.369379,14.066893],[101.368794,14.056831],[101.349886,14.062991],[101.351738,14.04935],[101.343211,14.047002],[101.341235,14.044094],[101.336443,14.044001],[101.335539,14.049495],[101.325255,14.053919],[101.324546,14.054445],[101.318257,14.061768],[101.312324,14.064733],[101.308701,14.070708],[101.308522,14.070616],[101.320426,14.076839],[101.320663,14.076568],[101.326648,14.079496],[101.338977,14.078089],[101.340667,14.079373],[101.339984,14.083883],[101.343489,14.084136],[101.347159,14.088684],[101.351728,14.08899],[101.355602,14.086384],[101.362762,14.079988],[101.356475,14.076208],[101.354716,14.072116],[101.355581,14.068508],[101.361028,14.072097],[101.365492,14.071049]]]},"bbox":[101.308522,14.044001,101.369379,14.08899]},{"type":"Feature","id":"f600ab7f-8725-474e-87ce-eaba9df59aad","properties":{"id":"f600ab7f-8725-474e-87ce-eaba9df59aad","code":"06250112","provinceCode":"25","nameTh":"องค์การบริหารส่วนตำบล วัดโบสถ์","nameEn":null,"geometryType":"MUNICIPALITY","sourceUrl":"https://landometer.com/api/v2/citymeter-v3/grocery/info/geom/f600ab7f-8725-474e-87ce-eaba9df59aad/MUNICIPALITY","sourceSha256":"18019d0a81714fef18b5e3d128806f7f40fe3eb35014ca669501de0a2fd11c0e","retrievedAt":"2026-10-04T05:42:43.880443+00:00","boundaryVintage":null,"geometryStatus":"native_source_polygon_display_simplified","simplificationToleranceDegrees":0.00015,"simplificationPreservesTopology":true,"invalidSourceRepair":"make_valid; retain polygonal components; discard zero-area collapsed lines","legalBoundaryIndependentlyVerified":false,"areaId":"f600ab7f-8725-474e-87ce-eaba9df59aad"},"geometry":{"type":"MultiPolygon","coordinates":[[[[101.30784506293816,14.002833341318496],[101.307955,14.002786],[101.307845,14.002833],[101.30784506293816,14.002833341318496]]],[[[101.310708,14.001751],[101.309539,14.00193],[101.30796,14.003404],[101.30784506293816,14.002833341318496],[101.307043,14.003422],[101.304341,14.00775],[101.303504,14.008651],[101.301855,14.009696],[101.299106,14.010873],[101.295721,14.012056],[101.293569,14.01241],[101.290706,14.012278],[101.287079,14.011744],[101.28476,14.01174],[101.284707,14.012901],[101.283822,14.013489],[101.283787,14.013935],[101.285622,14.013915],[101.285817,14.014469],[101.285283,14.014894],[101.28392,14.014983],[101.283823,14.015336],[101.284192,14.015951],[101.285586,14.017217],[101.285664,14.017686],[101.285488,14.018006],[101.283189,14.016765],[101.282411,14.016933],[101.282404,14.018512],[101.283564,14.020188],[101.282369,14.020937],[101.283034,14.022385],[101.281743,14.023108],[101.280287,14.02446],[101.280403,14.024922],[101.280938,14.025125],[101.283138,14.024894],[101.283189,14.026385],[101.283717,14.028229],[101.283084,14.029357],[101.283074,14.030028],[101.283807,14.031327],[101.284396,14.031729],[101.28562,14.032054],[101.28585,14.032437],[101.285582,14.035573],[101.283784,14.036945],[101.283053,14.038064],[101.283333,14.038844],[101.284475,14.040372],[101.284418,14.042416],[101.283988,14.042664],[101.282779,14.042313],[101.282392,14.042456],[101.28218,14.045322],[101.28185,14.046176],[101.282042,14.04674],[101.283421,14.047143],[101.283837,14.048836],[101.283262,14.049007],[101.28177,14.048849],[101.281491,14.049117],[101.28197,14.049942],[101.283605,14.050448],[101.28403,14.050801],[101.283619,14.051104],[101.28301,14.051011],[101.282442,14.051787],[101.282331,14.052478],[101.281679,14.052616],[101.281704,14.053511],[101.281471,14.053977],[101.28021,14.054156],[101.279747,14.053642],[101.279461,14.053978],[101.278122,14.053377],[101.277556,14.053749],[101.278355,14.054324],[101.278734,14.054985],[101.280589,14.055943],[101.287516,14.059601],[101.290139,14.060964],[101.295861,14.063978],[101.308522,14.070616],[101.30959214445063,14.071167752370327],[101.308701,14.070708],[101.312324,14.064733],[101.318257,14.061768],[101.324546,14.054445],[101.325255,14.053919],[101.335539,14.049495],[101.336443,14.044001],[101.335533,14.037203],[101.34118,14.026161],[101.334213,14.008185],[101.330868,14.006088],[101.323322,14.005883],[101.310221,14.002661],[101.309863,14.002995],[101.308776,14.002835],[101.310708,14.001751]]],[[[101.30977,14.071259],[101.30959214445063,14.071167752370327],[101.309592,14.071168],[101.30977,14.071259]]]]},"bbox":[101.277556,14.00169,101.34118,14.071259]},{"type":"Feature","id":"3f3e64b7-d302-4527-8ea2-f937cc075242","properties":{"id":"3f3e64b7-d302-4527-8ea2-f937cc075242","code":"06250113","provinceCode":"25","nameTh":"องค์การบริหารส่วนตำบล เนินหอม","nameEn":null,"geometryType":"MUNICIPALITY","sourceUrl":"https://landometer.com/api/v2/citymeter-v3/grocery/info/geom/3f3e64b7-d302-4527-8ea2-f937cc075242/MUNICIPALITY","sourceSha256":"71e73b27154fc1110d301d0df267fe4915d56a5173edf0dea1e55e6dec508764","retrievedAt":"2026-10-04T05:42:43.898068+00:00","boundaryVintage":null,"geometryStatus":"native_source_polygon_display_simplified","simplificationToleranceDegrees":0.00015,"simplificationPreservesTopology":true,"invalidSourceRepair":"make_valid; retain polygonal components; discard zero-area collapsed lines","legalBoundaryIndependentlyVerified":false,"areaId":"3f3e64b7-d302-4527-8ea2-f937cc075242"},"geometry":{"type":"Polygon","coordinates":[[[101.413406,14.253795],[101.425503,14.255358],[101.42791,14.256512],[101.429122,14.256844],[101.431033,14.256607],[101.432884,14.255917],[101.435479,14.255401],[101.440866,14.255093],[101.440661,14.251423],[101.440368,14.250683],[101.439121,14.249473],[101.436923,14.248064],[101.436512,14.247316],[101.436527,14.245293],[101.438315,14.242103],[101.438496,14.241241],[101.438124,14.239721],[101.436716,14.237038],[101.436262,14.235472],[101.436605,14.232747],[101.437452,14.231011],[101.43764,14.229795],[101.437392,14.22746],[101.435238,14.225255],[101.434085,14.223675],[101.432298,14.223622],[101.431824,14.22329],[101.43049,14.219695],[101.427497,14.219379],[101.426384,14.21885],[101.425698,14.218064],[101.425297,14.217054],[101.424803,14.214249],[101.424802,14.210697],[101.424567,14.209474],[101.424181,14.208861],[101.422629,14.207848],[101.421448,14.205648],[101.421135,14.204177],[101.421224,14.201144],[101.421935,14.200206],[101.423784,14.199414],[101.428582,14.198676],[101.433762,14.194515],[101.438605,14.193769],[101.441891,14.189528],[101.4428,14.180801],[101.440878,14.177289],[101.432877,14.167571],[101.436801,14.161915],[101.431499,14.153796],[101.428573,14.157466],[101.424111,14.156989],[101.421426,14.16204],[101.418454,14.162822],[101.407501,14.154164],[101.410768,14.149955],[101.407427,14.15318],[101.404698,14.15115],[101.404749,14.147642],[101.390317,14.150437],[101.386025,14.153791],[101.381267,14.153541],[101.372925,14.145938],[101.36186,14.139584],[101.362045,14.137221],[101.361655,14.137298],[101.349366,14.146047],[101.334384,14.149792],[101.334317,14.156914],[101.335011,14.159193],[101.329034,14.165024],[101.312755,14.170795],[101.312711,14.17062],[101.312776,14.17124],[101.31301,14.171453],[101.314243,14.171303],[101.314744,14.171547],[101.314586,14.172984],[101.314895,14.173326],[101.31567,14.173339],[101.316083,14.172483],[101.317095,14.172293],[101.317442,14.172631],[101.316907,14.173672],[101.317334,14.174086],[101.318552,14.174267],[101.320135,14.174078],[101.321547,14.175063],[101.323571,14.17592],[101.324481,14.175968],[101.327072,14.17442],[101.328049,14.174573],[101.328557,14.175751],[101.32899,14.179595],[101.329449,14.180086],[101.329507,14.180822],[101.33017,14.182002],[101.331226,14.182291],[101.332673,14.183379],[101.334843,14.184184],[101.335116,14.18467],[101.33511,14.185961],[101.336321,14.186152],[101.337526,14.187805],[101.340021,14.188168],[101.340484,14.188457],[101.342239,14.190436],[101.342213,14.191945],[101.343901,14.193289],[101.34523,14.19356],[101.345611,14.193881],[101.345276,14.195451],[101.345853,14.197229],[101.347674,14.197072],[101.348742,14.1977],[101.35037,14.197258],[101.350667,14.199637],[101.353137,14.199897],[101.354437,14.200413],[101.354911,14.201253],[101.356123,14.201566],[101.357271,14.201428],[101.358281,14.202392],[101.360367,14.202239],[101.361523,14.202954],[101.362198,14.202528],[101.362622,14.201377],[101.363298,14.201247],[101.363639,14.201681],[101.363412,14.20257],[101.363961,14.203016],[101.364893,14.202632],[101.365373,14.201821],[101.36683,14.201479],[101.367005,14.202342],[101.3674,14.202588],[101.367853,14.203445],[101.370186,14.203951],[101.3728,14.204893],[101.373547,14.207065],[101.373562,14.208144],[101.374382,14.209816],[101.376137,14.210151],[101.377364,14.211613],[101.378011,14.211684],[101.379287,14.210513],[101.379849,14.210829],[101.381369,14.210913],[101.381236,14.209985],[101.381758,14.210393],[101.382273,14.210274],[101.382908,14.210718],[101.382934,14.211042],[101.382224,14.211252],[101.382021,14.211835],[101.381011,14.211797],[101.380724,14.212132],[101.381392,14.21223],[101.382164,14.213043],[101.382071,14.213842],[101.382594,14.214368],[101.382774,14.215089],[101.383174,14.215304],[101.384008,14.215278],[101.384169,14.216255],[101.38486,14.216445],[101.384935,14.216853],[101.384616,14.21739],[101.385396,14.218051],[101.385729,14.218772],[101.385096,14.219276],[101.384994,14.220039],[101.386547,14.21949],[101.386802,14.219606],[101.38643,14.220582],[101.385438,14.221135],[101.385389,14.221466],[101.385879,14.221853],[101.38586,14.222654],[101.385369,14.222624],[101.38521,14.222928],[101.386108,14.224363],[101.386293,14.225263],[101.385502,14.226294],[101.384572,14.226087],[101.384217,14.228542],[101.383972,14.228572],[101.383532,14.228108],[101.382495,14.228923],[101.382882,14.229529],[101.382533,14.230767],[101.384031,14.231877],[101.383873,14.232931],[101.382409,14.234076],[101.382479,14.234885],[101.381604,14.235471],[101.380261,14.235873],[101.379849,14.236824],[101.378747,14.238308],[101.378773,14.238756],[101.380777,14.242346],[101.381085,14.245015],[101.381613,14.245867],[101.382432,14.246324],[101.381605,14.247755],[101.381772,14.248169],[101.382328,14.248419],[101.382682,14.249292],[101.381717,14.250847],[101.381739,14.251487],[101.380408,14.253037],[101.37974,14.254566],[101.378477,14.256141],[101.378277,14.25773],[101.378792,14.258431],[101.380378,14.258722],[101.381365,14.25927],[101.382511,14.261855],[101.381914,14.263919],[101.381982,14.265024],[101.382149,14.265284],[101.382972,14.265475],[101.383007,14.2663],[101.383458,14.266674],[101.383524,14.267322],[101.38272,14.268024],[101.382033,14.269275],[101.381444,14.269734],[101.380887,14.271551],[101.381011,14.272158],[101.382378,14.273516],[101.383384,14.273764],[101.38448,14.273263],[101.385496,14.273144],[101.38713,14.273414],[101.389833,14.273359],[101.392855,14.274484],[101.395943,14.273387],[101.397066,14.272428],[101.398949,14.269516],[101.400202,14.268035],[101.403323,14.265313],[101.404511,14.263004],[101.405673,14.261516],[101.409694,14.257639],[101.412151,14.254587],[101.413406,14.253795]],[[101.363821,14.166923],[101.355629,14.185373],[101.34846,14.187509],[101.34325,14.172807],[101.363821,14.166923]]]},"bbox":[101.312711,14.137221,101.4428,14.274484]},{"type":"Feature","id":"32a585fd-6792-41de-b3b4-9704b6786d14","properties":{"id":"32a585fd-6792-41de-b3b4-9704b6786d14","code":"06250114","provinceCode":"25","nameTh":"องค์การบริหารส่วนตำบล บ้านพระ","nameEn":null,"geometryType":"MUNICIPALITY","sourceUrl":"https://landometer.com/api/v2/citymeter-v3/grocery/info/geom/32a585fd-6792-41de-b3b4-9704b6786d14/MUNICIPALITY","sourceSha256":"61c894ea72ff49298a8bf0aa629ad92e82f0fdc8fd7b343e8d34569af9257a3e","retrievedAt":"2026-10-04T05:42:43.893251+00:00","boundaryVintage":null,"geometryStatus":"native_source_polygon_display_simplified","simplificationToleranceDegrees":0.00015,"simplificationPreservesTopology":true,"invalidSourceRepair":"make_valid; retain polygonal components; discard zero-area collapsed lines","legalBoundaryIndependentlyVerified":false,"areaId":"32a585fd-6792-41de-b3b4-9704b6786d14"},"geometry":{"type":"Polygon","coordinates":[[[101.407427,14.15318],[101.411871,14.14889],[101.409572,14.146546],[101.412698,14.14551],[101.410786,14.143698],[101.404995,14.14257],[101.416665,14.13553],[101.411571,14.118004],[101.416422,14.113007],[101.416236,14.1108],[101.418291,14.11374],[101.419323,14.112225],[101.418449,14.110741],[101.415727,14.102738],[101.41475,14.096771],[101.412122,14.091547],[101.411943,14.091612],[101.410682,14.089602],[101.402002,14.087345],[101.401574,14.086881],[101.400756,14.086684],[101.397114,14.082057],[101.392487,14.081362],[101.390405,14.078801],[101.388519,14.083617],[101.381234,14.088285],[101.372923,14.087341],[101.362459,14.080259],[101.355602,14.086384],[101.351728,14.08899],[101.347159,14.088684],[101.346903,14.088465],[101.351824,14.098256],[101.356864,14.099847],[101.361109,14.11152],[101.364557,14.114172],[101.365353,14.116029],[101.363496,14.117886],[101.365353,14.119478],[101.366149,14.126641],[101.368537,14.129559],[101.367741,14.132742],[101.364826,14.136676],[101.362045,14.137221],[101.36186,14.139584],[101.372925,14.145938],[101.381267,14.153541],[101.386025,14.153791],[101.390317,14.150437],[101.404749,14.147642],[101.404698,14.15115],[101.407427,14.15318]]]},"bbox":[101.346903,14.078801,101.419323,14.153791]},{"type":"Feature","id":"e98cf941-c469-45b7-96cb-be110e92974d","properties":{"id":"e98cf941-c469-45b7-96cb-be110e92974d","code":"06250115","provinceCode":"25","nameTh":"องค์การบริหารส่วนตำบล ไม้เค็ด","nameEn":null,"geometryType":"MUNICIPALITY","sourceUrl":"https://landometer.com/api/v2/citymeter-v3/grocery/info/geom/e98cf941-c469-45b7-96cb-be110e92974d/MUNICIPALITY","sourceSha256":"377a5de01c87e5b09f9092079e54c6387f93fe6dafd15df8fb3a86d1fd7fb4ed","retrievedAt":"2026-10-04T05:42:43.943828+00:00","boundaryVintage":null,"geometryStatus":"native_source_polygon_display_simplified","simplificationToleranceDegrees":0.00015,"simplificationPreservesTopology":true,"invalidSourceRepair":"make_valid; retain polygonal components; discard zero-area collapsed lines","legalBoundaryIndependentlyVerified":false,"areaId":"e98cf941-c469-45b7-96cb-be110e92974d"},"geometry":{"type":"Polygon","coordinates":[[[101.363496,14.117886],[101.365353,14.116029],[101.364557,14.114172],[101.361109,14.11152],[101.356864,14.099847],[101.351824,14.098256],[101.346772,14.088204],[101.343489,14.084136],[101.339984,14.083883],[101.340667,14.079373],[101.338977,14.078089],[101.326648,14.079496],[101.320663,14.076568],[101.320426,14.076839],[101.320186,14.076713],[101.321225,14.077386],[101.3208,14.078237],[101.320749,14.079132],[101.32007,14.079797],[101.319731,14.082241],[101.319082,14.08312],[101.318843,14.08482],[101.316402,14.085901],[101.315386,14.087081],[101.313305,14.090137],[101.313187,14.09105],[101.311305,14.09325],[101.31031,14.093947],[101.308986,14.095436],[101.307969,14.097889],[101.307346,14.101056],[101.307851,14.102729],[101.308249,14.105508],[101.308152,14.106193],[101.308432,14.107031],[101.30801,14.10847],[101.308491,14.111904],[101.307841,14.112613],[101.307221,14.114116],[101.304534,14.117537],[101.303551,14.120268],[101.304192,14.12508],[101.3027,14.130052],[101.305263,14.132142],[101.305697,14.135312],[101.318959,14.143147],[101.321731,14.14248],[101.327911,14.145911],[101.330253,14.149016],[101.330426,14.154676],[101.334317,14.156914],[101.334384,14.149792],[101.349366,14.146047],[101.361655,14.137298],[101.364826,14.136676],[101.367741,14.132742],[101.368537,14.129559],[101.366149,14.126641],[101.365353,14.119478],[101.363496,14.117886]]]},"bbox":[101.3027,14.076568,101.368537,14.156914]},{"type":"Feature","id":"e5f409ec-94b9-4be3-8eb9-5a65e1e75b36","properties":{"id":"e5f409ec-94b9-4be3-8eb9-5a65e1e75b36","code":"06250204","provinceCode":"25","nameTh":"องค์การบริหารส่วนตำบล วังท่าช้าง","nameEn":null,"geometryType":"MUNICIPALITY","sourceUrl":"https://landometer.com/api/v2/citymeter-v3/grocery/info/geom/e5f409ec-94b9-4be3-8eb9-5a65e1e75b36/MUNICIPALITY","sourceSha256":"50e645077e067e4c7411a5b2800b59dead7393071a28cb6538de5ded6877b170","retrievedAt":"2026-10-04T05:42:44.011615+00:00","boundaryVintage":null,"geometryStatus":"native_source_polygon_display_simplified","simplificationToleranceDegrees":0.00015,"simplificationPreservesTopology":true,"invalidSourceRepair":"make_valid; retain polygonal components; discard zero-area collapsed lines","legalBoundaryIndependentlyVerified":false,"areaId":"e5f409ec-94b9-4be3-8eb9-5a65e1e75b36"},"geometry":{"type":"MultiPolygon","coordinates":[[[[101.94291,13.809595],[101.943308,13.808746],[101.943548,13.808727],[101.94388,13.809313],[101.943928,13.80838],[101.944542,13.808214],[101.944705,13.807743],[101.945134,13.808011],[101.945075,13.807269],[101.945671,13.807412],[101.945562,13.806777],[101.946117,13.806455],[101.945451,13.805694],[101.945736,13.805846],[101.946095,13.805662],[101.945638,13.805186],[101.946512,13.804614],[101.946264,13.803538],[101.946866,13.803613],[101.945883,13.80185],[101.946723,13.801227],[101.947102,13.800265],[101.947716,13.800219],[101.947763,13.798494],[101.94767,13.798313],[101.947084,13.79841],[101.946532,13.795615],[101.94557,13.792657],[101.945327,13.790845],[101.943898,13.788761],[101.944713,13.784717],[101.944385,13.783633],[101.944321,13.781215],[101.943674,13.777037],[101.944057,13.773316],[101.943571,13.770979],[101.943688,13.768923],[101.942169,13.765303],[101.942577,13.761982],[101.942031,13.760817],[101.941312,13.75753],[101.941997,13.756218],[101.942188,13.754829],[101.941645,13.754079],[101.940995,13.753738],[101.940805,13.753272],[101.940926,13.749746],[101.940035,13.747557],[101.939902,13.746227],[101.938815,13.744494],[101.938289,13.74309],[101.936811,13.741433],[101.935751,13.740798],[101.937126,13.74058],[101.93728,13.739862],[101.937648,13.740113],[101.938073,13.739992],[101.938507,13.739644],[101.938313,13.739275],[101.938983,13.73921],[101.939487,13.738696],[101.939754,13.738767],[101.939981,13.739274],[101.940828,13.739497],[101.941854,13.738716],[101.940155,13.735045],[101.940133,13.733543],[101.939405,13.732874],[101.938705,13.72822],[101.93978,13.727606],[101.938481,13.726027],[101.939386,13.725086],[101.937927,13.722831],[101.937988,13.722498],[101.938763,13.721971],[101.938757,13.721196],[101.939433,13.720503],[101.939302,13.720248],[101.938808,13.720341],[101.938817,13.720099],[101.939805,13.71935],[101.939496,13.719036],[101.93848,13.719108],[101.938753,13.71872],[101.938719,13.71813],[101.939282,13.717738],[101.939288,13.717284],[101.939125,13.717169],[101.938608,13.717595],[101.938344,13.717526],[101.938682,13.71669],[101.938607,13.715693],[101.938351,13.715322],[101.937966,13.715697],[101.937678,13.715239],[101.93773,13.714823],[101.937289,13.71445],[101.937645,13.713901],[101.938552,13.714438],[101.938886,13.713929],[101.939507,13.713858],[101.939028,13.712865],[101.940037,13.712403],[101.939521,13.712016],[101.939815,13.711238],[101.939464,13.710904],[101.94007,13.710636],[101.940176,13.709961],[101.9396,13.70893],[101.94023,13.708082],[101.939923,13.70801],[101.9398,13.707585],[101.938897,13.707571],[101.93881,13.707055],[101.939556,13.707089],[101.94009,13.706009],[101.941746,13.706316],[101.941764,13.706037],[101.94126,13.705596],[101.941488,13.705006],[101.941107,13.704754],[101.941333,13.704022],[101.942249,13.703056],[101.941838,13.702791],[101.941859,13.701999],[101.941536,13.701628],[101.942142,13.701651],[101.942711,13.702152],[101.943274,13.702115],[101.942901,13.700976],[101.942557,13.700723],[101.943121,13.70049],[101.943193,13.700099],[101.942406,13.699527],[101.942616,13.699174],[101.943294,13.699471],[101.943113,13.699135],[101.943222,13.698656],[101.942613,13.698975],[101.942309,13.698658],[101.942654,13.698578],[101.942696,13.69796],[101.943347,13.698065],[101.9434,13.697359],[101.942658,13.696642],[101.942641,13.695995],[101.943122,13.694892],[101.943757,13.694745],[101.943985,13.694398],[101.943803,13.694197],[101.943244,13.694255],[101.943103,13.69361],[101.943314,13.693383],[101.943776,13.693526],[101.944294,13.69335],[101.943122,13.692681],[101.942529,13.691956],[101.943027,13.691472],[101.943505,13.69183],[101.943821,13.691366],[101.943087,13.690298],[101.943095,13.689944],[101.943535,13.689791],[101.944118,13.690437],[101.94409,13.689887],[101.94465,13.689203],[101.944555,13.688288],[101.944762,13.688252],[101.944839,13.688741],[101.945636,13.688118],[101.945211,13.687557],[101.944761,13.687402],[101.945253,13.685951],[101.945231,13.684932],[101.94424,13.684067],[101.944543,13.683567],[101.944463,13.682884],[101.94531,13.682844],[101.944962,13.68221],[101.945229,13.681796],[101.944804,13.681689],[101.944717,13.68139],[101.945367,13.679937],[101.94452,13.678759],[101.944694,13.677777],[101.944253,13.677443],[101.94473,13.677217],[101.944905,13.676577],[101.945918,13.676208],[101.94573,13.67556],[101.945314,13.675199],[101.945547,13.675027],[101.946054,13.675465],[101.946504,13.675345],[101.946245,13.673908],[101.947184,13.673316],[101.947842,13.672531],[101.947779,13.671673],[101.948006,13.671262],[101.947659,13.670773],[101.947068,13.670704],[101.946828,13.670276],[101.947071,13.669949],[101.946692,13.669903],[101.94666,13.669293],[101.946401,13.668972],[101.946726,13.66861],[101.947153,13.668574],[101.947155,13.668305],[101.948191,13.667243],[101.948304,13.666651],[101.947978,13.666244],[101.948305,13.665137],[101.948068,13.66498],[101.948105,13.664539],[101.947733,13.66448],[101.947959,13.663979],[101.946849,13.662858],[101.9473,13.662717],[101.947575,13.662276],[101.946894,13.662245],[101.946146,13.661565],[101.94646,13.661159],[101.946378,13.660744],[101.946856,13.660434],[101.946505,13.659838],[101.94698,13.659624],[101.947067,13.659277],[101.946801,13.658963],[101.946554,13.659194],[101.946335,13.659078],[101.946199,13.658087],[101.945809,13.657378],[101.944921,13.657343],[101.94493,13.656625],[101.945538,13.656641],[101.945073,13.655977],[101.945437,13.655521],[101.945681,13.655751],[101.945725,13.655243],[101.944853,13.654531],[101.944624,13.65395],[101.944209,13.653881],[101.944171,13.653322],[101.944437,13.652957],[101.944005,13.651578],[101.943735,13.651392],[101.943852,13.650895],[101.943585,13.650639],[101.94331,13.6495],[101.942337,13.649453],[101.941783,13.649079],[101.941529,13.648578],[101.940951,13.648699],[101.940674,13.648389],[101.940252,13.648574],[101.939471,13.648297],[101.939183,13.647563],[101.939212,13.646856],[101.938627,13.646648],[101.938602,13.646041],[101.939119,13.645179],[101.940283,13.644732],[101.940898,13.643984],[101.940891,13.643428],[101.939275,13.641778],[101.939565,13.640872],[101.939236,13.640485],[101.939245,13.638908],[101.939678,13.638173],[101.939706,13.637504],[101.939351,13.636553],[101.938902,13.636013],[101.938443,13.63585],[101.937724,13.634614],[101.937426,13.63366],[101.937658,13.632403],[101.936894,13.632255],[101.937005,13.627242],[101.938044,13.627021],[101.938686,13.626396],[101.9394,13.62518],[101.939716,13.624072],[101.940248,13.623862],[101.9407,13.623067],[101.940674,13.622376],[101.941483,13.62101],[101.941716,13.621102],[101.942167,13.620421],[101.942087,13.619847],[101.942348,13.619106],[101.941944,13.618404],[101.941392,13.618452],[101.941239,13.617703],[101.942069,13.61655],[101.941785,13.616302],[101.941379,13.61649],[101.940599,13.616356],[101.938911,13.615002],[101.93772,13.614765],[101.936645,13.613444],[101.936245,13.613291],[101.935778,13.613549],[101.935217,13.613057],[101.935086,13.612029],[101.934657,13.611627],[101.93458,13.611157],[101.934099,13.610869],[101.930321,13.610979],[101.929127,13.610664],[101.925321,13.610996],[101.924758,13.610144],[101.923423,13.610644],[101.922157,13.610553],[101.920537,13.609463],[101.919798,13.610611],[101.919309,13.610404],[101.918959,13.610565],[101.918584,13.610277],[101.918499,13.609731],[101.917255,13.609125],[101.917133,13.608538],[101.916356,13.608151],[101.91622,13.607468],[101.91507,13.607566],[101.913246,13.607314],[101.91309,13.606897],[101.910718,13.605448],[101.909581,13.605341],[101.908619,13.60188],[101.90887,13.601386],[101.908819,13.600142],[101.910202,13.598777],[101.910564,13.59871],[101.910479,13.598408],[101.912006,13.596414],[101.911907,13.59599],[101.912322,13.595591],[101.912252,13.595108],[101.912523,13.595081],[101.912549,13.594702],[101.913077,13.59428],[101.913132,13.593434],[101.913452,13.593278],[101.913177,13.593048],[101.913085,13.591753],[101.912771,13.591662],[101.912676,13.590733],[101.912979,13.590558],[101.913173,13.589978],[101.912699,13.589897],[101.912739,13.589022],[101.913107,13.588706],[101.912771,13.588463],[101.91309,13.587895],[101.913628,13.587657],[101.914034,13.587861],[101.914447,13.58733],[101.914879,13.587489],[101.914932,13.587073],[101.915464,13.586813],[101.91634,13.586962],[101.916619,13.585965],[101.916116,13.585917],[101.915814,13.586153],[101.915327,13.586009],[101.915332,13.585628],[101.914513,13.585618],[101.914211,13.585321],[101.913984,13.585791],[101.913519,13.585879],[101.913373,13.586747],[101.912651,13.587026],[101.91198,13.586503],[101.911502,13.58719],[101.911319,13.586851],[101.911049,13.587144],[101.91041,13.587233],[101.910119,13.586946],[101.909744,13.587174],[101.90968,13.586743],[101.907967,13.586303],[101.907376,13.586581],[101.907386,13.587004],[101.906426,13.587132],[101.906233,13.586415],[101.905766,13.586518],[101.905559,13.58684],[101.904666,13.586817],[101.904298,13.586466],[101.903988,13.586759],[101.903807,13.586565],[101.903869,13.585905],[101.903111,13.586426],[101.903124,13.586002],[101.902721,13.586248],[101.902514,13.585746],[101.902195,13.586051],[101.901959,13.585655],[101.901349,13.585771],[101.90051,13.585224],[101.900633,13.58495],[101.899536,13.583803],[101.897433,13.582717],[101.896749,13.583864],[101.895512,13.584121],[101.895224,13.584639],[101.894848,13.584466],[101.894503,13.584795],[101.894015,13.584825],[101.893864,13.58449],[101.893401,13.584471],[101.892376,13.584824],[101.892008,13.584705],[101.892075,13.584338],[101.891686,13.583758],[101.891872,13.583193],[101.890482,13.582353],[101.889532,13.582315],[101.889367,13.582733],[101.889556,13.583782],[101.889253,13.584687],[101.888668,13.58562],[101.888583,13.586297],[101.888187,13.586541],[101.888152,13.587258],[101.886869,13.588924],[101.886949,13.59074],[101.886763,13.591258],[101.887003,13.592127],[101.88551,13.594476],[101.885563,13.596406],[101.885265,13.597165],[101.883601,13.598635],[101.882799,13.598867],[101.882095,13.598508],[101.8816,13.598567],[101.880488,13.600236],[101.880808,13.60091],[101.8789,13.601864],[101.877639,13.602337],[101.876988,13.601112],[101.876225,13.601186],[101.8757,13.60151],[101.875393,13.601044],[101.87462,13.601195],[101.874061,13.601561],[101.873324,13.601672],[101.872908,13.602386],[101.871208,13.603767],[101.871158,13.604312],[101.870452,13.60548],[101.870446,13.60597],[101.870175,13.60613],[101.870791,13.607513],[101.870526,13.608408],[101.870121,13.608827],[101.869883,13.610172],[101.870272,13.610983],[101.868495,13.613604],[101.868138,13.615452],[101.867653,13.6164],[101.867706,13.617194],[101.866593,13.618352],[101.866524,13.618866],[101.8662,13.619162],[101.866313,13.619358],[101.865944,13.619373],[101.865836,13.619811],[101.865367,13.619927],[101.8651,13.620375],[101.86461,13.620405],[101.8653,13.620916],[101.865364,13.622586],[101.865652,13.622874],[101.864884,13.624051],[101.864756,13.625248],[101.86509,13.625898],[101.864938,13.62617],[101.865193,13.626293],[101.865064,13.626475],[101.865385,13.626607],[101.865202,13.626866],[101.865425,13.627178],[101.865185,13.627375],[101.865499,13.62749],[101.865388,13.628427],[101.865114,13.628223],[101.864861,13.628973],[101.865399,13.629178],[101.865432,13.630021],[101.865232,13.63017],[101.865449,13.630288],[101.865365,13.630731],[101.865825,13.630627],[101.86561,13.630921],[101.865721,13.631258],[101.865187,13.631238],[101.864701,13.632132],[101.863881,13.632318],[101.863616,13.632176],[101.863343,13.63273],[101.863617,13.633099],[101.863257,13.633168],[101.863239,13.633412],[101.862884,13.633421],[101.862784,13.633042],[101.862562,13.633308],[101.862401,13.632931],[101.862055,13.633078],[101.861567,13.632807],[101.86135,13.633117],[101.861459,13.633522],[101.86119,13.633574],[101.861638,13.633816],[101.861074,13.634139],[101.860724,13.634861],[101.860363,13.63464],[101.86007,13.635095],[101.859879,13.634844],[101.85961,13.635018],[101.859394,13.635916],[101.850668,13.63604],[101.850363,13.635731],[101.846465,13.636225],[101.846248,13.635717],[101.844649,13.635841],[101.84444,13.635656],[101.841931,13.636182],[101.837628,13.636418],[101.831971,13.636088],[101.833089,13.639741],[101.833353,13.64002],[101.833289,13.640556],[101.833743,13.640883],[101.833376,13.641607],[101.834035,13.641864],[101.833957,13.642569],[101.834182,13.643041],[101.834724,13.643202],[101.834562,13.643575],[101.834911,13.643595],[101.835031,13.644173],[101.834686,13.644131],[101.834759,13.644552],[101.834534,13.644758],[101.83428,13.6446],[101.834027,13.644953],[101.833943,13.64521],[101.834235,13.6453],[101.833714,13.645651],[101.833574,13.646624],[101.833084,13.646584],[101.83273,13.647045],[101.833215,13.647068],[101.832953,13.647554],[101.833322,13.647759],[101.833352,13.648222],[101.833012,13.648242],[101.833481,13.648596],[101.83307,13.648899],[101.833091,13.649231],[101.833665,13.649456],[101.83423,13.650201],[101.834229,13.651625],[101.834749,13.651499],[101.834512,13.651822],[101.834895,13.651908],[101.834789,13.652553],[101.834366,13.65309],[101.834716,13.65341],[101.834904,13.653142],[101.835118,13.653506],[101.834879,13.653776],[101.835113,13.654679],[101.835892,13.655123],[101.836262,13.654843],[101.836679,13.655099],[101.836705,13.655892],[101.837547,13.655822],[101.837684,13.65632],[101.838025,13.656216],[101.837949,13.656847],[101.837406,13.656701],[101.837413,13.657258],[101.837195,13.657384],[101.837458,13.657562],[101.837763,13.658813],[101.838084,13.658732],[101.837824,13.659162],[101.838157,13.65922],[101.838002,13.65958],[101.838326,13.659799],[101.837936,13.660591],[101.837594,13.660493],[101.837905,13.661531],[101.837726,13.661814],[101.838481,13.661602],[101.838161,13.662097],[101.838515,13.662255],[101.838144,13.662505],[101.83833,13.663449],[101.8376,13.663535],[101.837321,13.66429],[101.836922,13.664062],[101.836699,13.664244],[101.837368,13.664582],[101.837168,13.664979],[101.837409,13.665907],[101.837778,13.666365],[101.837802,13.66731],[101.837405,13.667805],[101.838192,13.668172],[101.838628,13.668108],[101.838747,13.668654],[101.83786,13.669602],[101.837392,13.669546],[101.837212,13.670141],[101.836586,13.670172],[101.837363,13.670784],[101.836903,13.671025],[101.837085,13.671599],[101.83599,13.672341],[101.836236,13.673328],[101.835687,13.673814],[101.835741,13.674274],[101.836409,13.674222],[101.836367,13.674743],[101.836642,13.674927],[101.837321,13.674694],[101.83741,13.675102],[101.837939,13.675369],[101.837864,13.676123],[101.838374,13.675853],[101.838668,13.676047],[101.838329,13.676768],[101.838835,13.677255],[101.838309,13.677546],[101.839318,13.677954],[101.839325,13.678297],[101.840002,13.67847],[101.840238,13.678893],[101.840903,13.678847],[101.840453,13.679786],[101.841131,13.679888],[101.841278,13.680414],[101.84108,13.680668],[101.840233,13.680868],[101.840392,13.681626],[101.839377,13.682543],[101.840353,13.683449],[101.840011,13.683858],[101.840061,13.68459],[101.839398,13.684821],[101.838588,13.685657],[101.838753,13.68622],[101.837802,13.689729],[101.83735,13.690012],[101.837291,13.69134],[101.836682,13.691305],[101.836408,13.693029],[101.835096,13.693444],[101.834574,13.69392],[101.832996,13.693999],[101.833449,13.69537],[101.833109,13.696927],[101.832511,13.697783],[101.831538,13.701319],[101.831995,13.701912],[101.830299,13.7041],[101.828264,13.705237],[101.827868,13.704872],[101.82699322555176,13.705308354889649],[101.857274,13.752953],[101.863422,13.759273],[101.863467,13.766042],[101.867145,13.770779],[101.869083,13.782205],[101.8709,13.783399],[101.878256,13.790537],[101.888719,13.792078],[101.893192,13.798126],[101.899559,13.79994],[101.90764,13.798151],[101.922476,13.801588],[101.923452,13.814072],[101.924129,13.815762],[101.924244,13.81555],[101.924568,13.815669],[101.924611,13.815456],[101.92479201041964,13.81562099778761],[101.92537497902097,13.815497216783218],[101.925459,13.814842],[101.927119,13.815354],[101.927415,13.815168],[101.927338,13.814355],[101.927789,13.814354],[101.928026,13.814774],[101.928241,13.814048],[101.928535,13.813874],[101.928737,13.814175],[101.929168,13.814107],[101.929273,13.814472],[101.92974,13.814282],[101.929686,13.814689],[101.930116,13.81439],[101.929654,13.813856],[101.930147,13.813974],[101.930605,13.813355],[101.930692,13.813821],[101.931379,13.813621],[101.931374,13.814365],[101.931674,13.813585],[101.932227,13.813889],[101.932742,13.813696],[101.932642,13.813473],[101.932259,13.813606],[101.932681,13.813181],[101.933045,13.813471],[101.933133,13.813085],[101.933989,13.813184],[101.934182,13.812965],[101.934559,13.813128],[101.934872,13.812838],[101.93459,13.812426],[101.935638,13.812455],[101.935729,13.812219],[101.936465,13.812105],[101.93637,13.811579],[101.937206,13.811816],[101.937999,13.810963],[101.938391,13.811004],[101.938127,13.811427],[101.938911,13.811157],[101.939555,13.811506],[101.939886,13.811427],[101.94024,13.810915],[101.940599,13.811591],[101.941107,13.811389],[101.941593,13.811922],[101.942105,13.811646],[101.943423,13.810179],[101.94308,13.810165],[101.94291,13.809595]]],[[[101.826945,13.705318],[101.82699322555176,13.705308354889649],[101.826993,13.705308],[101.826945,13.705318]]],[[[101.925376,13.815497],[101.92537497902097,13.815497216783218],[101.925349,13.815518],[101.925376,13.815497]]],[[[101.924792,13.815621],[101.924803,13.815694],[101.92479201041964,13.81562099778761],[101.924792,13.815621]]],[[[101.924397,13.815705],[101.9244,13.815765],[101.92439752966405,13.81570488849178],[101.924397,13.815705]]]]},"bbox":[101.826945,13.582315,101.948308,13.815765]},{"type":"Feature","id":"a320df7b-c396-4385-a801-980a50fbab05","properties":{"id":"a320df7b-c396-4385-a801-980a50fbab05","code":"06250205","provinceCode":"25","nameTh":"องค์การบริหารส่วนตำบล กบินทร์","nameEn":null,"geometryType":"MUNICIPALITY","sourceUrl":"https://landometer.com/api/v2/citymeter-v3/grocery/info/geom/a320df7b-c396-4385-a801-980a50fbab05/MUNICIPALITY","sourceSha256":"4d701954df12f8af8863506b5217bc1c8832bf3a99ff0181892f98e9c4c88151","retrievedAt":"2026-10-04T05:42:43.971873+00:00","boundaryVintage":null,"geometryStatus":"native_source_polygon_display_simplified","simplificationToleranceDegrees":0.00015,"simplificationPreservesTopology":true,"invalidSourceRepair":"make_valid; retain polygonal components; discard zero-area collapsed lines","legalBoundaryIndependentlyVerified":false,"areaId":"a320df7b-c396-4385-a801-980a50fbab05"},"geometry":{"type":"MultiPolygon","coordinates":[[[[101.710282,13.865912],[101.71097671760313,13.86663557177523],[101.71135386423005,13.86633179176995],[101.710805,13.86549],[101.710282,13.865912]]],[[[101.710528,13.866997],[101.709876,13.866894],[101.710387,13.867989],[101.709007,13.867848],[101.708285,13.868154],[101.709757,13.869904],[101.70849223522536,13.869837337555026],[101.7092,13.870853],[101.707962,13.870826],[101.70867,13.871842],[101.707432,13.871815],[101.708053,13.872828],[101.705689,13.872811],[101.706372,13.873792],[101.705284,13.873979],[101.705842,13.87478],[101.703878,13.885607],[101.700641,13.893503],[101.695904,13.898974],[101.697188,13.904527],[101.69313,13.908957],[101.69348,13.918847],[101.691748,13.924512],[101.69366,13.932862],[101.68829,13.94029],[101.6833,13.943858],[101.68256,13.949572],[101.683462,13.948917],[101.68402,13.955628],[101.686649,13.961664],[101.684874,13.975132],[101.681755,13.97677],[101.678129,13.975122],[101.671255,13.978513],[101.670868,13.979377],[101.670888,13.979572],[101.671863,13.979274],[101.673134,13.991518],[101.672095,13.994915],[101.687556,13.994802],[101.696693,14.001637],[101.706275,14.011579],[101.71008,14.026136],[101.713187,14.00516],[101.708318,13.9995],[101.713852,13.992945],[101.700302,13.987519],[101.705009,13.977832],[101.708585,13.977795],[101.71295,13.981629],[101.725778,13.985109],[101.726024,13.986072],[101.734968,13.977799],[101.723324,13.962837],[101.701905,13.945982],[101.707837,13.938735],[101.730148,13.956691],[101.739639,13.968975],[101.741366,13.964827],[101.734111,13.961189],[101.733403,13.954744],[101.727585,13.950128],[101.726606,13.943809],[101.727509,13.940319],[101.729394,13.939549],[101.72862,13.933426],[101.73164,13.932603],[101.732254,13.928029],[101.733796,13.927668],[101.732495,13.924993],[101.734329,13.915482],[101.744757,13.878826],[101.73999,13.874182],[101.731973,13.871876],[101.727956,13.868014],[101.722866,13.867814],[101.721505,13.868748],[101.72117,13.868567],[101.720262,13.867175],[101.719437,13.86774],[101.71889,13.866903],[101.717241,13.868034],[101.716694,13.867196],[101.715898,13.867807],[101.714823,13.866159],[101.714017,13.866754],[101.713468,13.865912],[101.712686,13.866543],[101.712137,13.865701],[101.710977,13.866636],[101.710528,13.866997]]],[[[101.708492,13.869837],[101.707984,13.869826],[101.70849223522536,13.869837337555026],[101.708492,13.869837]]]]},"bbox":[101.670868,13.86549,101.744757,14.026136]},{"type":"Feature","id":"4131cfb4-537f-4934-8e09-005f92a22d34","properties":{"id":"4131cfb4-537f-4934-8e09-005f92a22d34","code":"06250206","provinceCode":"25","nameTh":"องค์การบริหารส่วนตำบล เขาไม้แก้ว","nameEn":null,"geometryType":"MUNICIPALITY","sourceUrl":"https://landometer.com/api/v2/citymeter-v3/grocery/info/geom/4131cfb4-537f-4934-8e09-005f92a22d34/MUNICIPALITY","sourceSha256":"f2e695d76a6ee8e205a272c2f7aef252e32f75dd289a27a8a1ef092e68353485","retrievedAt":"2026-10-04T05:42:43.963862+00:00","boundaryVintage":null,"geometryStatus":"native_source_polygon_display_simplified","simplificationToleranceDegrees":0.00015,"simplificationPreservesTopology":true,"invalidSourceRepair":"make_valid; retain polygonal components; discard zero-area collapsed lines","legalBoundaryIndependentlyVerified":false,"areaId":"4131cfb4-537f-4934-8e09-005f92a22d34"},"geometry":{"type":"MultiPolygon","coordinates":[[[[101.801047,13.801908],[101.799624,13.796835],[101.802403,13.791857],[101.817626,13.783166],[101.828921,13.778677],[101.843403,13.773891],[101.859204,13.775716],[101.869083,13.782205],[101.867145,13.770779],[101.863467,13.766042],[101.863422,13.759273],[101.857274,13.752953],[101.826993,13.705308],[101.826067,13.704819],[101.825715,13.705267],[101.824505,13.705366],[101.821422,13.704489],[101.817846,13.705688],[101.81713,13.702964],[101.814081,13.703147],[101.813899,13.702206],[101.812705,13.702229],[101.812463,13.700778],[101.811597,13.698616],[101.810537,13.698687],[101.810657,13.699191],[101.809466,13.699933],[101.808662,13.701241],[101.808591,13.701803],[101.808174,13.702114],[101.808073,13.702861],[101.807095,13.7037],[101.804559,13.704177],[101.804496,13.704404],[101.803912,13.704416],[101.803386,13.704739],[101.802332,13.704482],[101.801906,13.70482],[101.801567,13.70467],[101.80132,13.705121],[101.800404,13.70496],[101.79909,13.705488],[101.798846,13.704939],[101.796854,13.704702],[101.795333,13.704059],[101.794653,13.704881],[101.793528,13.705025],[101.792875,13.707655],[101.792177,13.70902],[101.792866,13.709931],[101.792656,13.712998],[101.792101,13.715951],[101.793388,13.716342],[101.793453,13.716623],[101.793206,13.717458],[101.791061,13.717375],[101.791162,13.720052],[101.790356,13.720648],[101.789266,13.720744],[101.789476,13.721681],[101.790362,13.722657],[101.790488,13.725163],[101.791853,13.725745],[101.791839,13.72835],[101.792746,13.730509],[101.792564,13.732978],[101.789462,13.733679],[101.789771,13.734659],[101.78967,13.735009],[101.790283,13.736607],[101.786602,13.738182],[101.783223,13.741676],[101.780004,13.742186],[101.776722,13.743833],[101.776496,13.744094],[101.776531,13.744684],[101.774141,13.74561],[101.773392,13.746539],[101.770947,13.748248],[101.770447,13.748861],[101.768832,13.749631],[101.767565,13.750794],[101.764396,13.751139],[101.763756,13.753403],[101.762636,13.754245],[101.76424,13.756877],[101.764497,13.756993],[101.767518,13.756095],[101.767778,13.756956],[101.768868,13.756884],[101.769321,13.757535],[101.768675,13.759068],[101.767925,13.762254],[101.766634,13.762364],[101.767077,13.764272],[101.766191,13.765701],[101.76634,13.767982],[101.76296,13.768342],[101.759647,13.769848],[101.759484,13.771151],[101.758492,13.772731],[101.739044,13.769596],[101.73828,13.768395],[101.731097,13.766212],[101.730302,13.764079],[101.730347,13.763234],[101.727434,13.75725],[101.726067,13.757132],[101.725516,13.755124],[101.723328,13.755333],[101.717898,13.755002],[101.715946,13.755171],[101.711784,13.75612],[101.704177,13.756811],[101.699769,13.757536],[101.698415,13.756946],[101.696872,13.755432],[101.694341,13.75681],[101.692271,13.757397],[101.689402,13.757106],[101.687455,13.757392],[101.687115,13.757627],[101.687807,13.758978],[101.689142,13.760677],[101.68982,13.766444],[101.690672,13.769878],[101.690464,13.771415],[101.691081,13.77326],[101.691105,13.775356],[101.691353,13.776277],[101.69187,13.777053],[101.692831,13.777195],[101.693177,13.777643],[101.694162,13.777437],[101.693957,13.778711],[101.694066,13.77832],[101.697733,13.775278],[101.701247,13.78557],[101.703064,13.799799],[101.698841,13.812601],[101.702954,13.821293],[101.702667,13.831365],[101.70436,13.835381],[101.703232,13.846338],[101.705905,13.856582],[101.705795,13.857752],[101.70674,13.85768],[101.706411,13.858652],[101.705038,13.859149],[101.70522,13.859509],[101.706605,13.859696],[101.704678,13.860261],[101.706024,13.860744],[101.707863,13.860539],[101.707818,13.86109],[101.707345,13.861575],[101.706231,13.86195],[101.706585,13.86247],[101.707412,13.862643],[101.705817,13.863075],[101.706975,13.863619],[101.708696,13.863425],[101.708688,13.863969],[101.708139,13.864502],[101.707388,13.864758],[101.707888,13.865563],[101.708939,13.865422],[101.709381,13.866346],[101.710167,13.866355],[101.710602,13.866938],[101.71097691639599,13.866635873223437],[101.710282,13.865912],[101.710805,13.86549],[101.711354,13.866332],[101.712137,13.865701],[101.712686,13.866543],[101.713468,13.865912],[101.71401732789738,13.866753736286787],[101.71482274783106,13.866159069908218],[101.715898,13.867807],[101.716694,13.867196],[101.717241,13.868034],[101.71889,13.866903],[101.719437,13.86774],[101.720262,13.867175],[101.72117,13.868567],[101.721505,13.868748],[101.722866,13.867814],[101.727956,13.868014],[101.731973,13.871876],[101.73999,13.874182],[101.744757,13.878826],[101.744511,13.879691],[101.74477,13.878795],[101.746662,13.875573],[101.751025,13.874188],[101.755438,13.868997],[101.773491,13.856457],[101.782199,13.854502],[101.787003,13.851462],[101.795449,13.850344],[101.794995,13.837883],[101.796724,13.834143],[101.800876,13.832411],[101.808595,13.83668],[101.810156,13.836479],[101.816393,13.83488],[101.816639,13.834439],[101.816095,13.822444],[101.810895,13.813541],[101.804786,13.80899],[101.804403,13.80515],[101.801047,13.801908]],[[101.712631,13.8628],[101.714823,13.866159],[101.71482274783106,13.866159069908218],[101.712631,13.8628]]],[[[101.71097691639599,13.866635873223437],[101.710977,13.866636],[101.711354,13.866332],[101.71097691639599,13.866635873223437]]],[[[101.71401732789738,13.866753736286787],[101.714017,13.866754],[101.714567,13.867596],[101.71401732789738,13.866753736286787]]]]},"bbox":[101.687115,13.698608,101.869083,13.879692]},{"type":"Feature","id":"867fe4b6-f29f-4229-a0e2-3051caf9edb3","properties":{"id":"867fe4b6-f29f-4229-a0e2-3051caf9edb3","code":"06250207","provinceCode":"25","nameTh":"องค์การบริหารส่วนตำบล นนทรี","nameEn":null,"geometryType":"MUNICIPALITY","sourceUrl":"https://landometer.com/api/v2/citymeter-v3/grocery/info/geom/867fe4b6-f29f-4229-a0e2-3051caf9edb3/MUNICIPALITY","sourceSha256":"629c2e69e7417c830ee2252a3bb4dbb586a5c3c44ac37578e084e7bb31368eb3","retrievedAt":"2026-10-04T05:42:43.964846+00:00","boundaryVintage":null,"geometryStatus":"native_source_polygon_display_simplified","simplificationToleranceDegrees":0.00015,"simplificationPreservesTopology":true,"invalidSourceRepair":"make_valid; retain polygonal components; discard zero-area collapsed lines","legalBoundaryIndependentlyVerified":false,"areaId":"867fe4b6-f29f-4229-a0e2-3051caf9edb3"},"geometry":{"type":"Polygon","coordinates":[[[101.711893,14.041986],[101.717213,14.041062],[101.713837,14.036919],[101.71008,14.026136],[101.706275,14.011579],[101.696693,14.001637],[101.691225,14.008797],[101.677183,14.019204],[101.667561,14.022252],[101.656326,14.029804],[101.652877,14.030297],[101.653817,14.034466],[101.640178,14.03553],[101.618815,14.0415],[101.609249,14.047418],[101.610409,14.049123],[101.61049,14.049696],[101.610975,14.050092],[101.611314,14.051369],[101.611841,14.051805],[101.612601,14.053105],[101.613629,14.053532],[101.613382,14.054205],[101.614443,14.054108],[101.614853,14.054488],[101.616347,14.054387],[101.617205,14.054988],[101.619119,14.054803],[101.61956,14.055568],[101.620656,14.056152],[101.620892,14.056617],[101.621609,14.056595],[101.622714,14.060005],[101.623121,14.060417],[101.623547,14.060276],[101.623456,14.060728],[101.62403,14.061687],[101.624397,14.063003],[101.6254,14.062995],[101.627433,14.06483],[101.629771,14.066011],[101.631248,14.067886],[101.631318,14.068428],[101.632944,14.06962],[101.633117,14.070793],[101.634386,14.071034],[101.635134,14.072021],[101.637257,14.072988],[101.638603,14.07447],[101.63916,14.076361],[101.639284,14.077678],[101.639813,14.078471],[101.640477,14.082597],[101.641059,14.084538],[101.641255,14.084804],[101.641949,14.084774],[101.642471,14.086561],[101.642783,14.087042],[101.643368,14.08728],[101.643381,14.088185],[101.64298,14.088262],[101.642962,14.090037],[101.645803,14.091109],[101.646758,14.092484],[101.64701,14.09378],[101.647707,14.093982],[101.647804,14.094602],[101.647582,14.095093],[101.648374,14.096721],[101.650725,14.098182],[101.650213,14.098502],[101.65022,14.098727],[101.651062,14.099121],[101.650969,14.09967],[101.651456,14.100149],[101.651459,14.101343],[101.652957,14.102802],[101.653043,14.103027],[101.652712,14.103443],[101.653324,14.10392],[101.654149,14.105768],[101.654279,14.107242],[101.65347,14.10802],[101.655865,14.109821],[101.655895,14.111519],[101.657376,14.112965],[101.65842,14.11509],[101.658469,14.115665],[101.658027,14.117034],[101.659286,14.118487],[101.660907,14.117358],[101.663112,14.116387],[101.663589,14.115564],[101.663429,14.114062],[101.664622,14.112978],[101.664954,14.111988],[101.668514,14.110009],[101.667977,14.107254],[101.668213,14.106127],[101.668611,14.105584],[101.669233,14.105176],[101.672688,14.104013],[101.675764,14.103788],[101.676477,14.10313],[101.67839,14.100288],[101.680165,14.099453],[101.680657,14.098297],[101.682023,14.097612],[101.682123,14.095789],[101.682573,14.095322],[101.682489,14.086017],[101.686885,14.079901],[101.691937,14.066468],[101.697333,14.060079],[101.702541,14.05953],[101.701863,14.056217],[101.706783,14.051379],[101.707872,14.044986],[101.711893,14.041986]]]},"bbox":[101.609249,14.001637,101.717213,14.118487]},{"type":"Feature","id":"468f65db-c7e9-48be-bf75-20087eb5aa89","properties":{"id":"468f65db-c7e9-48be-bf75-20087eb5aa89","code":"06250208","provinceCode":"25","nameTh":"องค์การบริหารส่วนตำบล นาแขม","nameEn":null,"geometryType":"MUNICIPALITY","sourceUrl":"https://landometer.com/api/v2/citymeter-v3/grocery/info/geom/468f65db-c7e9-48be-bf75-20087eb5aa89/MUNICIPALITY","sourceSha256":"f120fc744b6fc02543603ac710de7abd2bb424fd95a5f7afd0f8fecef268547c","retrievedAt":"2026-10-04T05:42:43.970618+00:00","boundaryVintage":null,"geometryStatus":"native_source_polygon_display_simplified","simplificationToleranceDegrees":0.00015,"simplificationPreservesTopology":true,"invalidSourceRepair":"make_valid; retain polygonal components; discard zero-area collapsed lines","legalBoundaryIndependentlyVerified":false,"areaId":"468f65db-c7e9-48be-bf75-20087eb5aa89"},"geometry":{"type":"Polygon","coordinates":[[[101.712669,14.092948],[101.714917,14.092751],[101.716308,14.092116],[101.717268,14.091236],[101.717067,14.090252],[101.719956,14.088971],[101.719885,14.087909],[101.720594,14.086222],[101.720535,14.085805],[101.720091,14.085556],[101.719944,14.085046],[101.720079,14.084554],[101.719844,14.083548],[101.721416,14.082936],[101.722777,14.081584],[101.723485,14.08146],[101.724426,14.081675],[101.725238,14.081105],[101.727294,14.080968],[101.728696,14.0822],[101.729515,14.082227],[101.730404,14.082585],[101.730822,14.08243],[101.732041,14.083192],[101.733643,14.083106],[101.735729,14.082354],[101.735926,14.083563],[101.735772,14.085368],[101.738983,14.084863],[101.739192,14.087237],[101.739782,14.087123],[101.740454,14.087622],[101.743991,14.088233],[101.74466,14.087618],[101.746069,14.087105],[101.748914,14.08723],[101.750471,14.087655],[101.751154,14.087406],[101.752131,14.086504],[101.751802,14.085126],[101.75114,14.084164],[101.748568,14.081551],[101.747324,14.081196],[101.746462,14.082062],[101.74494,14.082906],[101.743931,14.082785],[101.743285,14.081449],[101.743561,14.078848],[101.744384,14.076462],[101.746562,14.074021],[101.748007,14.073107],[101.75034,14.072256],[101.752835,14.070118],[101.754923,14.068778],[101.755286,14.068042],[101.755221,14.067311],[101.754724,14.066333],[101.753801,14.065033],[101.753077,14.064537],[101.749239,14.06495],[101.747517,14.06483],[101.746994,14.064555],[101.746609,14.063507],[101.748772,14.060673],[101.748989,14.05979],[101.748845,14.058729],[101.748271,14.057968],[101.747695,14.057846],[101.744785,14.060187],[101.744226,14.060257],[101.743622,14.0599],[101.743281,14.059205],[101.743364,14.055972],[101.742877,14.053197],[101.743245,14.051958],[101.74426,14.050805],[101.744752,14.049816],[101.744839,14.048708],[101.744495,14.047747],[101.744821,14.046769],[101.745662,14.046233],[101.747139,14.045838],[101.750942,14.045725],[101.752163,14.044993],[101.752125,14.043459],[101.752656,14.041952],[101.752679,14.040889],[101.752132,14.0403],[101.750476,14.039979],[101.750606,14.039062],[101.75344,14.03753],[101.755051,14.035297],[101.756092,14.035074],[101.757471,14.035417],[101.758095,14.035055],[101.758156,14.033633],[101.758266,14.03326],[101.75842,14.033369],[101.756631,14.030314],[101.758708,14.026267],[101.755242,14.025264],[101.752969,14.022141],[101.747582,14.021493],[101.749364,14.014108],[101.746459,14.010513],[101.744313,14.013669],[101.741904,14.008621],[101.737744,14.00844],[101.739264,14.006034],[101.738598,14.004398],[101.732538,14.005022],[101.727722,14.003478],[101.727889,14.001982],[101.723968,13.999352],[101.724418,13.994184],[101.722068,13.991535],[101.714276,13.999153],[101.714283,13.992775],[101.713281,13.992399],[101.713073,13.992633],[101.713852,13.992945],[101.708318,13.9995],[101.713187,14.00516],[101.71008,14.026136],[101.713837,14.036919],[101.717213,14.041062],[101.711893,14.041986],[101.707872,14.044986],[101.706783,14.051379],[101.701863,14.056217],[101.702541,14.05953],[101.697333,14.060079],[101.691937,14.066468],[101.686885,14.079901],[101.682489,14.086017],[101.682573,14.095322],[101.683377,14.09492],[101.683811,14.095642],[101.685526,14.096843],[101.685689,14.098334],[101.686651,14.099411],[101.688384,14.099568],[101.690146,14.100433],[101.692661,14.100054],[101.694399,14.100088],[101.698053,14.102324],[101.70037,14.102738],[101.701328,14.102376],[101.701738,14.101857],[101.703218,14.09826],[101.703817,14.096172],[101.705597,14.094483],[101.706988,14.093906],[101.70756,14.093049],[101.708498,14.092768],[101.710118,14.093527],[101.711052,14.09331],[101.71183,14.093629],[101.712669,14.092948]]]},"bbox":[101.682489,13.991535,101.758708,14.102738]},{"type":"Feature","id":"43b8e7bd-17e8-4f20-9cc2-170776efe7c8","properties":{"id":"43b8e7bd-17e8-4f20-9cc2-170776efe7c8","code":"06250209","provinceCode":"25","nameTh":"องค์การบริหารส่วนตำบล บ่อทอง","nameEn":null,"geometryType":"MUNICIPALITY","sourceUrl":"https://landometer.com/api/v2/citymeter-v3/grocery/info/geom/43b8e7bd-17e8-4f20-9cc2-170776efe7c8/MUNICIPALITY","sourceSha256":"d9dd18fc5782d51ce17ac756c51c70c8c0f445a9a19605a05b14e191af018a69","retrievedAt":"2026-10-04T05:42:43.979594+00:00","boundaryVintage":null,"geometryStatus":"native_source_polygon_display_simplified","simplificationToleranceDegrees":0.00015,"simplificationPreservesTopology":true,"invalidSourceRepair":"make_valid; retain polygonal components; discard zero-area collapsed lines","legalBoundaryIndependentlyVerified":false,"areaId":"43b8e7bd-17e8-4f20-9cc2-170776efe7c8"},"geometry":{"type":"MultiPolygon","coordinates":[[[[101.905658,13.914977],[101.90564414182853,13.915020940543693],[101.905645,13.915021],[101.905658,13.914977]]],[[[101.917578,13.936649],[101.914614,13.937544],[101.914482,13.937129],[101.915243,13.935531],[101.914928,13.934937],[101.914161,13.934793],[101.91317,13.93584],[101.912667,13.93589],[101.910588,13.933983],[101.91062,13.933428],[101.911982,13.932229],[101.911955,13.931151],[101.912243,13.93002],[101.91124,13.929851],[101.908548,13.928093],[101.908602,13.927784],[101.9094,13.927289],[101.909539,13.926858],[101.907252,13.925013],[101.907145,13.924708],[101.907528,13.924152],[101.908373,13.924321],[101.908626,13.924089],[101.908791,13.922848],[101.908228,13.922346],[101.908007,13.921691],[101.909089,13.92098],[101.909151,13.920707],[101.908858,13.92038],[101.907948,13.920487],[101.907827,13.919255],[101.907216,13.918408],[101.907072,13.917762],[101.905612,13.917247],[101.905675,13.91618],[101.905998,13.915463],[101.90564414182853,13.915020940543693],[101.899554,13.914599],[101.890509,13.908927],[101.889026,13.913186],[101.885067,13.910392],[101.880214,13.911284],[101.877981,13.914747],[101.875961,13.914776],[101.873347,13.913721],[101.871815,13.908533],[101.867517,13.905496],[101.866867,13.909769],[101.860538,13.909634],[101.858535,13.914396],[101.853362,13.916091],[101.851242,13.911464],[101.846064,13.907185],[101.847052,13.905316],[101.847805,13.904396],[101.847629,13.904223],[101.840995,13.904016],[101.839575,13.909792],[101.833381,13.911116],[101.834869,13.915258],[101.833522,13.917379],[101.827447,13.918255],[101.824934,13.916651],[101.823673,13.914803],[101.823155,13.914727],[101.822857,13.914977],[101.822885,13.915422],[101.823278,13.915998],[101.822505,13.917594],[101.81785,13.918774],[101.817732,13.924876],[101.810696,13.925127],[101.806184,13.934742],[101.806023,13.936719],[101.808555,13.938107],[101.807237,13.941493],[101.801031,13.942769],[101.7979,13.941379],[101.795634,13.943221],[101.790421,13.979245],[101.791557,13.97917],[101.792354,13.984489],[101.806332,13.983405],[101.892856,13.955248],[101.904066,13.943573],[101.92192,13.937359],[101.919254,13.936404],[101.917578,13.936649]]]]},"bbox":[101.790421,13.904016,101.92192,13.984489]},{"type":"Feature","id":"74e549a5-cb54-4085-86c2-4f1778421fd4","properties":{"id":"74e549a5-cb54-4085-86c2-4f1778421fd4","code":"06250210","provinceCode":"25","nameTh":"องค์การบริหารส่วนตำบล เมืองเก่า","nameEn":null,"geometryType":"MUNICIPALITY","sourceUrl":"https://landometer.com/api/v2/citymeter-v3/grocery/info/geom/74e549a5-cb54-4085-86c2-4f1778421fd4/MUNICIPALITY","sourceSha256":"7de389774247e9ddc868374a74988fa5483d345379a683a6224bd1cb2d9add5d","retrievedAt":"2026-10-04T05:42:43.975093+00:00","boundaryVintage":null,"geometryStatus":"native_source_polygon_display_simplified","simplificationToleranceDegrees":0.00015,"simplificationPreservesTopology":true,"invalidSourceRepair":"make_valid; retain polygonal components; discard zero-area collapsed lines","legalBoundaryIndependentlyVerified":false,"areaId":"74e549a5-cb54-4085-86c2-4f1778421fd4"},"geometry":{"type":"MultiPolygon","coordinates":[[[[101.775456,13.942104],[101.772621,13.945383],[101.775011,13.949284],[101.772906,13.949954],[101.771849,13.952651],[101.766114,13.953423],[101.764084,13.955738],[101.75844,13.951533],[101.756019,13.957352],[101.757026,13.961068],[101.754089,13.961137],[101.752752,13.963408],[101.74205,13.963184],[101.739639,13.968975],[101.744006,13.969206],[101.748627,13.972822],[101.764022,13.978525],[101.780634,13.979736],[101.790421,13.979245],[101.795634,13.943221],[101.788959,13.943746],[101.783888,13.941329],[101.78572,13.944426],[101.782779,13.948324],[101.775456,13.942104]]],[[[101.813276,14.021201],[101.812599,13.994184],[101.787356,13.993176],[101.785213,13.99164],[101.786059,13.988551],[101.780548,13.988458],[101.777633,13.990132],[101.774288,13.988142],[101.766153,13.989202],[101.767347,14.003442],[101.761406,14.010512],[101.758587,14.007908],[101.757082,13.988294],[101.741836,13.989227],[101.741714,13.979934],[101.741122,13.981374],[101.738181,13.981688],[101.736899,13.979345],[101.733472,13.979025],[101.726024,13.986072],[101.726968,13.989762],[101.731102,13.992724],[101.725228,13.99449],[101.724861,13.994147],[101.724413,13.994249],[101.723968,13.999352],[101.727889,14.001982],[101.727722,14.003478],[101.732538,14.005022],[101.738598,14.004398],[101.739264,14.006034],[101.737744,14.00844],[101.741904,14.008621],[101.744313,14.013669],[101.746459,14.010513],[101.749364,14.014108],[101.747582,14.021493],[101.752969,14.022141],[101.755242,14.025264],[101.758708,14.026267],[101.756631,14.030314],[101.758676,14.033626],[101.759685,14.03573],[101.760732,14.03579],[101.762453,14.035215],[101.763118,14.035456],[101.763111,14.036153],[101.761484,14.037706],[101.761367,14.038462],[101.761558,14.03924],[101.762964,14.040809],[101.765007,14.041587],[101.765947,14.042223],[101.767468,14.046614],[101.767911,14.047194],[101.768425,14.047217],[101.770011,14.045884],[101.771635,14.045346],[101.772449,14.045968],[101.774191,14.048432],[101.775311,14.048701],[101.775645,14.048649],[101.775361,14.048207],[101.779869,14.045594],[101.783234,14.04755],[101.787044,14.044781],[101.796936,14.047656],[101.80524,14.041753],[101.808967,14.042434],[101.815792,14.040141],[101.813276,14.021201]]]]},"bbox":[101.723968,13.941329,101.815792,14.048701]},{"type":"Feature","id":"d146b3c9-b939-49ff-893a-0bb35bdb39ff","properties":{"id":"d146b3c9-b939-49ff-893a-0bb35bdb39ff","code":"06250211","provinceCode":"25","nameTh":"องค์การบริหารส่วนตำบล ย่านรี","nameEn":null,"geometryType":"MUNICIPALITY","sourceUrl":"https://landometer.com/api/v2/citymeter-v3/grocery/info/geom/d146b3c9-b939-49ff-893a-0bb35bdb39ff/MUNICIPALITY","sourceSha256":"15c38bf4058d81f604ea0170f2ae0e297ea4561c1635fa4b0aa58b9ea654570e","retrievedAt":"2026-10-04T05:42:44.017711+00:00","boundaryVintage":null,"geometryStatus":"native_source_polygon_display_simplified","simplificationToleranceDegrees":0.00015,"simplificationPreservesTopology":true,"invalidSourceRepair":"make_valid; retain polygonal components; discard zero-area collapsed lines","legalBoundaryIndependentlyVerified":false,"areaId":"d146b3c9-b939-49ff-893a-0bb35bdb39ff"},"geometry":{"type":"Polygon","coordinates":[[[101.757026,13.961068],[101.756019,13.957352],[101.75844,13.951533],[101.764084,13.955738],[101.766114,13.953423],[101.771849,13.952651],[101.772906,13.949954],[101.775011,13.949284],[101.772621,13.945383],[101.775456,13.942104],[101.782779,13.948324],[101.78572,13.944426],[101.783888,13.941329],[101.788959,13.943746],[101.795634,13.943221],[101.7979,13.941379],[101.801031,13.942769],[101.807237,13.941493],[101.808555,13.938107],[101.806023,13.936719],[101.806184,13.934742],[101.810696,13.925127],[101.817732,13.924876],[101.81785,13.918774],[101.822505,13.917594],[101.823278,13.915998],[101.822885,13.915422],[101.822602,13.910861],[101.825751,13.90447],[101.82515,13.898985],[101.81831,13.891307],[101.803501,13.885887],[101.803388,13.884309],[101.804043,13.881964],[101.805736,13.879033],[101.807345,13.870143],[101.81305,13.866157],[101.82571,13.848855],[101.826298,13.845788],[101.830781,13.843138],[101.836033,13.845202],[101.840342,13.845113],[101.841547,13.843302],[101.841247,13.838864],[101.843153,13.834699],[101.841422,13.830003],[101.843159,13.827011],[101.841676,13.821971],[101.842943,13.819206],[101.838142,13.80418],[101.823853,13.808163],[101.82791,13.79157],[101.828921,13.778677],[101.817626,13.783166],[101.802403,13.791857],[101.799624,13.796835],[101.801047,13.801908],[101.804403,13.80515],[101.804786,13.80899],[101.810895,13.813541],[101.816095,13.822444],[101.816639,13.834439],[101.816393,13.83488],[101.810156,13.836479],[101.808595,13.83668],[101.800876,13.832411],[101.796724,13.834143],[101.794995,13.837883],[101.795449,13.850344],[101.787003,13.851462],[101.782199,13.854502],[101.773491,13.856457],[101.755438,13.868997],[101.751025,13.874188],[101.746662,13.875573],[101.74477,13.878795],[101.734329,13.915482],[101.732495,13.924993],[101.733796,13.927668],[101.732254,13.928029],[101.73164,13.932603],[101.72862,13.933426],[101.729394,13.939549],[101.727509,13.940319],[101.726606,13.943809],[101.727585,13.950128],[101.733403,13.954744],[101.734111,13.961189],[101.741366,13.964827],[101.74205,13.963184],[101.752752,13.963408],[101.754089,13.961137],[101.757026,13.961068]]]},"bbox":[101.726606,13.778677,101.843159,13.964827]},{"type":"Feature","id":"4917a85e-dc56-422f-9e2e-60c0ace2e78e","properties":{"id":"4917a85e-dc56-422f-9e2e-60c0ace2e78e","code":"06250212","provinceCode":"25","nameTh":"องค์การบริหารส่วนตำบล ลาดตะเคียน","nameEn":null,"geometryType":"MUNICIPALITY","sourceUrl":"https://landometer.com/api/v2/citymeter-v3/grocery/info/geom/4917a85e-dc56-422f-9e2e-60c0ace2e78e/MUNICIPALITY","sourceSha256":"51f6f1e65f878f0f16e44853ac86814871a7a4741aceb4638cfb19980bd6c5a0","retrievedAt":"2026-10-04T05:42:44.055378+00:00","boundaryVintage":null,"geometryStatus":"native_source_polygon_display_simplified","simplificationToleranceDegrees":0.00015,"simplificationPreservesTopology":true,"invalidSourceRepair":"make_valid; retain polygonal components; discard zero-area collapsed lines","legalBoundaryIndependentlyVerified":false,"areaId":"4917a85e-dc56-422f-9e2e-60c0ace2e78e"},"geometry":{"type":"MultiPolygon","coordinates":[[[[101.70893810076697,13.865422210101174],[101.708939,13.865422],[101.708938,13.865422],[101.70893810076697,13.865422210101174]]],[[[101.705842,13.87478],[101.705284,13.873979],[101.706372,13.873792],[101.705689,13.872811],[101.708053,13.872828],[101.707432,13.871815],[101.70867,13.871842],[101.707962,13.870826],[101.7092,13.870853],[101.708492,13.869837],[101.709757,13.869904],[101.708303,13.868117],[101.709007,13.867848],[101.710387,13.867989],[101.70987600000001,13.866894000000002],[101.710602,13.866938],[101.710167,13.866355],[101.709381,13.866346],[101.70893810076697,13.865422210101174],[101.707888,13.865563],[101.707388,13.864758],[101.708139,13.864502],[101.708688,13.863969],[101.708696,13.863425],[101.706975,13.863619],[101.705817,13.863075],[101.7074,13.862644],[101.706585,13.86247],[101.706231,13.86195],[101.707345,13.861575],[101.707818,13.86109],[101.707863,13.860539],[101.706024,13.860744],[101.704678,13.860261],[101.706605,13.859696],[101.70522,13.859509],[101.705038,13.859149],[101.706411,13.858652],[101.70674,13.85768],[101.705795,13.857752],[101.705905,13.856582],[101.703232,13.846338],[101.70436,13.835381],[101.702667,13.831365],[101.702954,13.821293],[101.698841,13.812601],[101.703064,13.799799],[101.701247,13.78557],[101.697733,13.775278],[101.694066,13.77832],[101.693979,13.782008],[101.692634,13.785198],[101.691136,13.786417],[101.686343,13.788383],[101.682462,13.791622],[101.681847,13.793301],[101.680664,13.794441],[101.67911,13.794914],[101.677117,13.794954],[101.669641,13.79616],[101.664818,13.795451],[101.664385,13.795522],[101.664116,13.795846],[101.662552,13.796105],[101.661252,13.795987],[101.65936,13.796816],[101.656886,13.796317],[101.656194,13.796894],[101.655289,13.797041],[101.654498,13.79779],[101.653645,13.797991],[101.652965,13.798869],[101.649918,13.800076],[101.648825,13.801108],[101.646894,13.801461],[101.645486,13.802371],[101.645037,13.802232],[101.644951,13.802794],[101.644016,13.803067],[101.643716,13.803542],[101.643404,13.802959],[101.643154,13.803422],[101.641958,13.804015],[101.64096,13.803554],[101.640022,13.803674],[101.639751,13.803944],[101.638967,13.804096],[101.639127,13.804676],[101.638543,13.805069],[101.637967,13.805127],[101.637528,13.805758],[101.637377,13.805331],[101.636571,13.80527],[101.635702,13.805789],[101.635392,13.805646],[101.63487,13.80607],[101.63402,13.80549],[101.633703,13.806118],[101.633952,13.806398],[101.633164,13.806811],[101.632957,13.807393],[101.630804,13.807654],[101.630425,13.808303],[101.629969,13.808186],[101.629462,13.808722],[101.629185,13.808579],[101.628492,13.809355],[101.628077,13.809429],[101.628259,13.81008],[101.627675,13.810053],[101.627682,13.810668],[101.626715,13.810539],[101.62653,13.811208],[101.626049,13.811387],[101.625517,13.8119],[101.625481,13.81237],[101.624974,13.812692],[101.625836,13.814358],[101.625623,13.814567],[101.625729,13.815824],[101.625051,13.816298],[101.625589,13.816906],[101.624863,13.817138],[101.624836,13.817794],[101.624077,13.8178],[101.623466,13.818249],[101.623493,13.818653],[101.622971,13.818692],[101.622318,13.81914],[101.62217,13.81979],[101.62153,13.820129],[101.621677,13.820641],[101.621265,13.820334],[101.620956,13.820393],[101.620929,13.820806],[101.621244,13.820996],[101.620987,13.821367],[101.620242,13.821032],[101.619595,13.821289],[101.619545,13.821694],[101.61878,13.821882],[101.618247,13.822738],[101.618495,13.823118],[101.617448,13.823789],[101.617233,13.824305],[101.616757,13.824453],[101.616897,13.825619],[101.616306,13.825502],[101.615969,13.825938],[101.615247,13.82605],[101.615009,13.825825],[101.613663,13.826016],[101.613582,13.826435],[101.612522,13.826994],[101.612712,13.827315],[101.612389,13.827669],[101.612612,13.827902],[101.612516,13.828741],[101.611972,13.829398],[101.612104,13.829664],[101.611601,13.829739],[101.611968,13.830352],[101.611519,13.830422],[101.611565,13.831033],[101.611272,13.831192],[101.611414,13.831699],[101.611045,13.83184],[101.611071,13.833034],[101.611301,13.833436],[101.610956,13.83364],[101.611194,13.83394],[101.610795,13.834384],[101.61129,13.834712],[101.610804,13.835347],[101.61124,13.836015],[101.610967,13.836881],[101.611284,13.838241],[101.6104,13.838766],[101.610438,13.839929],[101.609727,13.840315],[101.610056,13.840563],[101.609869,13.841057],[101.610056,13.841693],[101.610462,13.841848],[101.610078,13.842355],[101.610535,13.842582],[101.610318,13.843017],[101.610913,13.844172],[101.61152,13.844403],[101.611298,13.845143],[101.611897,13.84573],[101.611512,13.8461],[101.611531,13.846484],[101.611991,13.846696],[101.612122,13.847731],[101.612908,13.848193],[101.612566,13.848299],[101.612915,13.849039],[101.613517,13.849006],[101.613802,13.84939],[101.614957,13.849379],[101.615478,13.849908],[101.61599,13.849544],[101.61638,13.849777],[101.617203,13.849666],[101.617515,13.849326],[101.617883,13.850152],[101.61888,13.85048],[101.620438,13.850343],[101.62062,13.849818],[101.620887,13.849717],[101.621137,13.850395],[101.622261,13.850951],[101.622419,13.851444],[101.622964,13.851518],[101.623711,13.852073],[101.62404,13.851558],[101.624312,13.851549],[101.624934,13.85216],[101.625401,13.853549],[101.624928,13.854834],[101.625245,13.855499],[101.624513,13.855319],[101.624094,13.856209],[101.623729,13.856153],[101.623814,13.857518],[101.623134,13.857593],[101.623412,13.858602],[101.622344,13.85891],[101.622175,13.859165],[101.622182,13.859398],[101.622514,13.859392],[101.622835,13.860516],[101.622644,13.861219],[101.622936,13.861547],[101.622437,13.861963],[101.623051,13.862053],[101.623306,13.862436],[101.623198,13.862838],[101.62289,13.862856],[101.622848,13.863179],[101.622544,13.863326],[101.623522,13.863244],[101.623384,13.864537],[101.623786,13.864699],[101.623485,13.864994],[101.623637,13.865295],[101.622728,13.866303],[101.623192,13.866611],[101.623393,13.867334],[101.62252,13.867532],[101.622235,13.867835],[101.623383,13.869072],[101.6234,13.869528],[101.623861,13.86973],[101.623849,13.870903],[101.624075,13.871414],[101.623792,13.872118],[101.622907,13.871827],[101.62224,13.872613],[101.622994,13.873055],[101.622853,13.874451],[101.622423,13.87474],[101.622352,13.875135],[101.62291,13.875225],[101.622974,13.87574],[101.622726,13.876192],[101.62356,13.876797],[101.62316,13.877193],[101.623186,13.877453],[101.623431,13.877808],[101.624219,13.877759],[101.624334,13.878307],[101.624872,13.878682],[101.62449,13.879739],[101.624971,13.880222],[101.624772,13.880783],[101.625363,13.881936],[101.625077,13.882544],[101.625244,13.883268],[101.625056,13.883891],[101.624594,13.883579],[101.624083,13.884043],[101.62466,13.88418],[101.626803,13.887009],[101.625966,13.887359],[101.626675,13.888282],[101.626432,13.889135],[101.625357,13.888846],[101.625985,13.890714],[101.625234,13.890972],[101.625223,13.891606],[101.624373,13.892394],[101.624279,13.893456],[101.623672,13.893634],[101.624593,13.894935],[101.624402,13.895123],[101.623795,13.894958],[101.623636,13.895638],[101.624098,13.896379],[101.623451,13.896772],[101.624476,13.896983],[101.624637,13.897536],[101.624545,13.897739],[101.62367,13.897879],[101.623645,13.898676],[101.623909,13.899054],[101.622962,13.900501],[101.623242,13.900996],[101.624272,13.90134],[101.623814,13.901777],[101.623261,13.901758],[101.623293,13.902008],[101.62436,13.902206],[101.624781,13.902909],[101.623994,13.903592],[101.624627,13.904263],[101.624503,13.904484],[101.624062,13.904517],[101.624094,13.904838],[101.624629,13.904978],[101.625312,13.904534],[101.625732,13.904619],[101.626277,13.905201],[101.626215,13.906135],[101.625998,13.906705],[101.624181,13.908114],[101.623193,13.907741],[101.623263,13.908367],[101.622316,13.909143],[101.621311,13.909026],[101.620765,13.909329],[101.619394,13.908702],[101.618773,13.909721],[101.618121,13.909674],[101.617404,13.910387],[101.616771,13.910353],[101.616187,13.91131],[101.615611,13.911206],[101.614556,13.911885],[101.61447,13.912136],[101.615188,13.913212],[101.614463,13.913646],[101.61446,13.914226],[101.614051,13.914498],[101.613794,13.91521],[101.613003,13.915522],[101.612889,13.916127],[101.61245,13.916413],[101.611162,13.916453],[101.611038,13.917061],[101.611272,13.918343],[101.610871,13.918769],[101.610916,13.919586],[101.610101,13.919751],[101.609894,13.921153],[101.609668,13.921152],[101.609042,13.922239],[101.609183,13.922966],[101.609505,13.923347],[101.610332,13.923293],[101.612897,13.927359],[101.618442,13.929153],[101.619175,13.948104],[101.620682,13.951706],[101.631101,13.952663],[101.634603,13.949609],[101.645188,13.947847],[101.658835,13.949552],[101.670132,13.95597],[101.676113,13.954254],[101.682475,13.94963],[101.6833,13.943858],[101.68829,13.94029],[101.69366,13.932862],[101.691748,13.924512],[101.69348,13.918847],[101.69313,13.908957],[101.697188,13.904527],[101.69588,13.899042],[101.700641,13.893503],[101.703878,13.885607],[101.705842,13.87478]],[[101.709876,13.866894],[101.709873,13.866891],[101.70987600000001,13.866894000000002],[101.709876,13.866894]],[[101.662326,13.852249],[101.652808,13.850792],[101.655842,13.838055],[101.65985,13.831288],[101.665799,13.825584],[101.671616,13.824594],[101.692244,13.826648],[101.691424,13.832479],[101.687679,13.835664],[101.675488,13.838724],[101.671035,13.837763],[101.668441,13.838223],[101.664429,13.84263],[101.662326,13.852249]]]]},"bbox":[101.609042,13.775278,101.710602,13.95597]},{"type":"Feature","id":"80fe0f27-43ef-4963-997c-c9d7ab0b47ee","properties":{"id":"80fe0f27-43ef-4963-997c-c9d7ab0b47ee","code":"06250213","provinceCode":"25","nameTh":"องค์การบริหารส่วนตำบล หาดนางแก้ว","nameEn":null,"geometryType":"MUNICIPALITY","sourceUrl":"https://landometer.com/api/v2/citymeter-v3/grocery/info/geom/80fe0f27-43ef-4963-997c-c9d7ab0b47ee/MUNICIPALITY","sourceSha256":"023d5a1f4d3dfc5aacf364c8260ccd2956b482adee6455f70a0ca44541359859","retrievedAt":"2026-10-04T05:42:44.047490+00:00","boundaryVintage":null,"geometryStatus":"native_source_polygon_display_simplified","simplificationToleranceDegrees":0.00015,"simplificationPreservesTopology":true,"invalidSourceRepair":"make_valid; retain polygonal components; discard zero-area collapsed lines","legalBoundaryIndependentlyVerified":false,"areaId":"80fe0f27-43ef-4963-997c-c9d7ab0b47ee"},"geometry":{"type":"MultiPolygon","coordinates":[[[[101.609668,13.921152],[101.60966795574721,13.92115207684151],[101.609747,13.921186],[101.609668,13.921152]]],[[[101.683462,13.948917],[101.68256,13.949572],[101.682544,13.949232],[101.682475,13.94963],[101.676113,13.954254],[101.670132,13.95597],[101.658835,13.949552],[101.645188,13.947847],[101.634603,13.949609],[101.631101,13.952663],[101.620682,13.951706],[101.619175,13.948104],[101.618442,13.929153],[101.612897,13.927359],[101.610332,13.923293],[101.609505,13.923347],[101.609183,13.922966],[101.609042,13.922239],[101.60966795574721,13.92115207684151],[101.609281,13.921031],[101.608729,13.921667],[101.609034,13.922366],[101.608789,13.922932],[101.608979,13.923514],[101.608822,13.924756],[101.607177,13.92903],[101.603115,13.929297],[101.601581,13.930236],[101.600411,13.936433],[101.598385,13.938794],[101.597624,13.940458],[101.597427,13.942706],[101.599104,13.946746],[101.599559,13.9484],[101.599662,13.950403],[101.600196,13.951655],[101.598896,13.952792],[101.599541,13.953229],[101.599817,13.953858],[101.599521,13.954694],[101.600298,13.955238],[101.60027,13.95569],[101.599813,13.956216],[101.599761,13.956882],[101.59921,13.957544],[101.600938,13.958453],[101.601969,13.958361],[101.602187,13.959096],[101.602767,13.959497],[101.599835,13.966154],[101.600307,13.967076],[101.600141,13.96763],[101.598299,13.968348],[101.596681,13.96808],[101.595642,13.968166],[101.594628,13.968859],[101.59455,13.969229],[101.594741,13.969829],[101.595724,13.969503],[101.597357,13.969399],[101.598436,13.968989],[101.599391,13.969042],[101.600003,13.969302],[101.601649,13.970828],[101.602819,13.971047],[101.603638,13.970743],[101.60456,13.969668],[101.605431,13.969094],[101.607565,13.968758],[101.609425,13.969503],[101.610521,13.970859],[101.613081,13.972966],[101.615725,13.968663],[101.611742,13.963759],[101.613857,13.96037],[101.621285,13.958237],[101.626776,13.957939],[101.628138,13.958676],[101.629336,13.961154],[101.629484,13.96366],[101.632909,13.968552],[101.640812,13.970941],[101.641564,13.977157],[101.643711,13.977141],[101.646856,13.972253],[101.649291,13.972759],[101.650833,13.977372],[101.648366,13.980844],[101.657097,13.982442],[101.663212,13.976226],[101.665246,13.976752],[101.664529,13.981832],[101.666204,13.981005],[101.670888,13.979572],[101.671255,13.978513],[101.678129,13.975122],[101.681755,13.97677],[101.684874,13.975132],[101.686649,13.961664],[101.68402,13.955628],[101.683462,13.948917]]]]},"bbox":[101.594523,13.921028,101.686649,13.982442]},{"type":"Feature","id":"cf9f6f20-8f70-40c8-ba3f-c10b9fd1254d","properties":{"id":"cf9f6f20-8f70-40c8-ba3f-c10b9fd1254d","code":"06250214","provinceCode":"25","nameTh":"องค์การบริหารส่วนตำบล บ้านนา","nameEn":null,"geometryType":"MUNICIPALITY","sourceUrl":"https://landometer.com/api/v2/citymeter-v3/grocery/info/geom/cf9f6f20-8f70-40c8-ba3f-c10b9fd1254d/MUNICIPALITY","sourceSha256":"b3ad2280942b5c46d959c3499d7148cf84ab12e076eea0428f155be4d1f55568","retrievedAt":"2026-10-04T05:42:44.056726+00:00","boundaryVintage":null,"geometryStatus":"native_source_polygon_display_simplified","simplificationToleranceDegrees":0.00015,"simplificationPreservesTopology":true,"invalidSourceRepair":"make_valid; retain polygonal components; discard zero-area collapsed lines","legalBoundaryIndependentlyVerified":false,"areaId":"cf9f6f20-8f70-40c8-ba3f-c10b9fd1254d"},"geometry":{"type":"Polygon","coordinates":[[[101.873664,14.017761],[101.869406,14.016634],[101.869573,14.014678],[101.867854,14.014639],[101.865894,14.013583],[101.864441,14.013674],[101.862598,14.01315],[101.861889,14.012213],[101.861794,14.011583],[101.862218,14.011359],[101.864534,14.011999],[101.874841,14.013155],[101.877862,14.013797],[101.879582,14.01369],[101.88258,14.014397],[101.883073,14.014082],[101.883634,14.014111],[101.885147,14.014695],[101.886343,14.01481],[101.888427,14.015922],[101.895698,14.018214],[101.898364,14.017801],[101.906237,14.018223],[101.914452,14.01948],[101.915924,14.020156],[101.918723,14.020195],[101.921675,14.019596],[101.922909,14.020442],[101.923937,14.020242],[101.926348,14.020776],[101.927824,14.0214],[101.929508,14.021494],[101.931976,14.022314],[101.933599,14.02231],[101.936871,14.023355],[101.943743,14.024826],[101.9452,14.024756],[101.948929,14.023574],[101.950518,14.022548],[101.953147,14.02298],[101.95747,14.022306],[101.959728,14.022649],[101.961648,14.023251],[101.95786,14.018603],[101.956042,14.0183],[101.955962,14.017324],[101.956302,14.016344],[101.95623,14.01493],[101.956676,14.014503],[101.956804,14.013772],[101.956324,14.013068],[101.955317,14.012739],[101.954769,14.01125],[101.953664,14.01003],[101.952546,14.009788],[101.950157,14.009905],[101.94862,14.00939],[101.949533,14.006502],[101.949373,14.005572],[101.949072,14.005382],[101.949306,14.004632],[101.948993,14.002822],[101.949266,14.001463],[101.950037,14.00121],[101.949725,14.000695],[101.94908,14.000243],[101.948384,14.000106],[101.948428,13.999828],[101.948012,13.99961],[101.948185,13.998812],[101.948057,13.997672],[101.9486,13.996649],[101.947879,13.993925],[101.947998,13.992394],[101.946387,13.9901],[101.946551,13.988071],[101.946035,13.985206],[101.944485,13.982288],[101.944827,13.981163],[101.944223,13.980256],[101.944184,13.979203],[101.944585,13.978457],[101.943974,13.976359],[101.941008,13.97395],[101.940846,13.973093],[101.940175,13.972343],[101.940155,13.971522],[101.941225,13.970863],[101.941195,13.968036],[101.941433,13.966762],[101.93999,13.963686],[101.939046,13.963614],[101.938805,13.963198],[101.938265,13.963041],[101.937181,13.961975],[101.937604,13.961818],[101.937308,13.960133],[101.937399,13.959283],[101.938569,13.958623],[101.939697,13.95739],[101.939696,13.954317],[101.940084,13.953409],[101.941347,13.9523],[101.941453,13.951214],[101.941968,13.950268],[101.942494,13.950093],[101.94354,13.950226],[101.945416,13.947768],[101.945043,13.946861],[101.945464,13.946061],[101.946092,13.945649],[101.945875,13.944929],[101.945988,13.944187],[101.94649,13.943736],[101.946465,13.942016],[101.946049,13.941836],[101.945957,13.941288],[101.945244,13.941168],[101.94505,13.940313],[101.945617,13.940452],[101.945827,13.939614],[101.946803,13.939281],[101.947553,13.939727],[101.948953,13.939439],[101.950515,13.940272],[101.950871,13.940166],[101.951171,13.939699],[101.951109,13.939046],[101.950154,13.937611],[101.951388,13.936282],[101.951104,13.934043],[101.949277,13.933933],[101.948335,13.933243],[101.946204,13.932712],[101.944452,13.931712],[101.943314,13.931628],[101.941969,13.930904],[101.940564,13.931857],[101.939421,13.933573],[101.939047,13.934587],[101.939389,13.935791],[101.939063,13.936146],[101.938153,13.93586],[101.936634,13.93372],[101.933397,13.933915],[101.931905,13.934245],[101.930174,13.93363],[101.929952,13.934034],[101.930388,13.935381],[101.929797,13.936471],[101.929178,13.937027],[101.928528,13.937057],[101.927187,13.935555],[101.926718,13.935592],[101.926075,13.936173],[101.925885,13.936855],[101.926621,13.938205],[101.926534,13.939201],[101.926147,13.939623],[101.924639,13.940299],[101.923906,13.940102],[101.922653,13.937673],[101.921933,13.937244],[101.919254,13.936404],[101.92192,13.937359],[101.904066,13.943573],[101.892856,13.955248],[101.806332,13.983405],[101.792354,13.984489],[101.792886,13.988033],[101.786059,13.988551],[101.785213,13.99164],[101.787356,13.993176],[101.812599,13.994184],[101.813276,14.021201],[101.815792,14.040141],[101.814904,14.04044],[101.815051,14.040677],[101.820607,14.039073],[101.82139,14.034718],[101.8247,14.032646],[101.826046,14.02849],[101.831951,14.028944],[101.836566,14.023601],[101.838166,14.023682],[101.840793,14.030452],[101.84513,14.025995],[101.849251,14.029438],[101.854335,14.024169],[101.859354,14.023339],[101.866559,14.032165],[101.867376,14.03867],[101.877475,14.036884],[101.880149,14.042033],[101.88225,14.042933],[101.882882,14.042434],[101.882831,14.041299],[101.883219,14.040535],[101.883069,14.039657],[101.882345,14.039101],[101.88225,14.038702],[101.882756,14.038039],[101.883496,14.037745],[101.883884,14.03723],[101.883916,14.036475],[101.883661,14.036206],[101.883745,14.034251],[101.884284,14.03377],[101.885179,14.034353],[101.885808,14.034214],[101.886324,14.03322],[101.886477,14.030651],[101.884996,14.026337],[101.886267,14.025495],[101.885946,14.021064],[101.886478,14.019127],[101.884222,14.018117],[101.883103,14.017148],[101.881303,14.016607],[101.87731,14.017655],[101.873664,14.017761]]]},"bbox":[101.785213,13.930904,101.961648,14.042933]},{"type":"Feature","id":"35843cd9-6eb4-4d18-b5e2-7b2bf669f0db","properties":{"id":"35843cd9-6eb4-4d18-b5e2-7b2bf669f0db","code":"06250215","provinceCode":"25","nameTh":"องค์การบริหารส่วนตำบล วังดาล","nameEn":null,"geometryType":"MUNICIPALITY","sourceUrl":"https://landometer.com/api/v2/citymeter-v3/grocery/info/geom/35843cd9-6eb4-4d18-b5e2-7b2bf669f0db/MUNICIPALITY","sourceSha256":"1dd41a6d37c84eb4de40333901a9e0448ea308e0f68a1ca383792606c48c4ed3","retrievedAt":"2026-10-04T05:42:44.056873+00:00","boundaryVintage":null,"geometryStatus":"native_source_polygon_display_simplified","simplificationToleranceDegrees":0.00015,"simplificationPreservesTopology":true,"invalidSourceRepair":"make_valid; retain polygonal components; discard zero-area collapsed lines","legalBoundaryIndependentlyVerified":false,"areaId":"35843cd9-6eb4-4d18-b5e2-7b2bf669f0db"},"geometry":{"type":"Polygon","coordinates":[[[101.677183,14.019204],[101.691225,14.008797],[101.696693,14.001637],[101.687556,13.994802],[101.672095,13.994915],[101.673134,13.991518],[101.671863,13.979274],[101.666204,13.981005],[101.664529,13.981832],[101.665246,13.976752],[101.663212,13.976226],[101.657097,13.982442],[101.648366,13.980844],[101.650833,13.977372],[101.649291,13.972759],[101.646856,13.972253],[101.643711,13.977141],[101.641564,13.977157],[101.640812,13.970941],[101.632909,13.968552],[101.629484,13.96366],[101.629336,13.961154],[101.628138,13.958676],[101.626776,13.957939],[101.621285,13.958237],[101.613857,13.96037],[101.611742,13.963759],[101.615725,13.968663],[101.613081,13.972966],[101.610521,13.970859],[101.611158,13.972255],[101.610419,13.975052],[101.610837,13.976639],[101.610857,13.977677],[101.610405,13.977843],[101.609728,13.977282],[101.608715,13.97729],[101.605069,13.978316],[101.604678,13.97872],[101.604972,13.97916],[101.604505,13.979657],[101.603731,13.979706],[101.603169,13.980177],[101.603005,13.980659],[101.601782,13.980569],[101.601324,13.981183],[101.600128,13.981022],[101.59942,13.981176],[101.599108,13.981413],[101.599185,13.982122],[101.598884,13.982305],[101.598548,13.983118],[101.596387,13.98406],[101.59559,13.986638],[101.597434,13.987566],[101.598604,13.988902],[101.598971,13.990279],[101.599071,13.992061],[101.602512,13.995039],[101.605035,13.994376],[101.605604,13.995688],[101.606856,13.995857],[101.606237,13.999269],[101.603917,13.999677],[101.603787,14.000674],[101.602168,14.00059],[101.602099,14.000359],[101.601595,14.000286],[101.600231,14.000616],[101.599998,13.999672],[101.599718,13.999571],[101.597818,13.999885],[101.596375,14.000592],[101.596626,14.001492],[101.595869,14.002195],[101.595627,14.003705],[101.596785,14.004318],[101.597766,14.009506],[101.592599,14.010456],[101.593558,14.011269],[101.593426,14.0117],[101.592893,14.011851],[101.593246,14.012323],[101.592933,14.012748],[101.593306,14.01329],[101.593759,14.013361],[101.593763,14.014079],[101.594623,14.01512],[101.59407,14.01642],[101.594802,14.016383],[101.595124,14.017063],[101.595339,14.018607],[101.595589,14.018852],[101.596305,14.018901],[101.596224,14.019278],[101.595666,14.019577],[101.595648,14.019906],[101.59652,14.021036],[101.597226,14.021409],[101.597567,14.022417],[101.598008,14.022038],[101.598758,14.022186],[101.59894,14.023261],[101.59938,14.023178],[101.599476,14.023627],[101.599867,14.023936],[101.599507,14.025168],[101.599191,14.025239],[101.599559,14.025635],[101.599316,14.026255],[101.599476,14.027226],[101.60018,14.027577],[101.600897,14.028578],[101.602794,14.029695],[101.603214,14.031869],[101.604288,14.03426],[101.605167,14.03567],[101.606442,14.036914],[101.60662,14.038057],[101.60779,14.039613],[101.607971,14.041079],[101.608818,14.041901],[101.608344,14.044059],[101.608843,14.046503],[101.609249,14.047418],[101.618815,14.0415],[101.640178,14.03553],[101.653817,14.034466],[101.652877,14.030297],[101.656326,14.029804],[101.667561,14.022252],[101.677183,14.019204]]]},"bbox":[101.592599,13.957939,101.696693,14.047418]},{"type":"Feature","id":"36fbbbe4-0682-429b-872c-d687f3898310","properties":{"id":"36fbbbe4-0682-429b-872c-d687f3898310","code":"06250216","provinceCode":"25","nameTh":"องค์การบริหารส่วนตำบล วังตะเคียน","nameEn":null,"geometryType":"MUNICIPALITY","sourceUrl":"https://landometer.com/api/v2/citymeter-v3/grocery/info/geom/36fbbbe4-0682-429b-872c-d687f3898310/MUNICIPALITY","sourceSha256":"ac7c93d1851c25c1f223e46e224d31fca0667db57dba93d80d06d70b137662ec","retrievedAt":"2026-10-04T05:42:44.061287+00:00","boundaryVintage":null,"geometryStatus":"native_source_polygon_display_simplified","simplificationToleranceDegrees":0.00015,"simplificationPreservesTopology":true,"invalidSourceRepair":"make_valid; retain polygonal components; discard zero-area collapsed lines","legalBoundaryIndependentlyVerified":false,"areaId":"36fbbbe4-0682-429b-872c-d687f3898310"},"geometry":{"type":"MultiPolygon","coordinates":[[[[101.925454,13.815434],[101.92537497855227,13.815497217158178],[101.925376,13.815497],[101.925454,13.815434]]],[[[101.924789,13.815601],[101.924792,13.815621],[101.92479201041996,13.815620997789706],[101.924789,13.815601]]],[[[101.92479201041996,13.815620997789706],[101.924952,13.815821],[101.92537497855227,13.815497217158178],[101.925122,13.815551],[101.92479201041996,13.815620997789706]]],[[[101.924397,13.815692],[101.924397,13.815705],[101.92439752966405,13.81570488849178],[101.924397,13.815692]]],[[[101.924468,13.815865],[101.924568,13.815669],[101.92439752966405,13.81570488849178],[101.924468,13.815865]]],[[[101.851242,13.911464],[101.853362,13.916091],[101.858535,13.914396],[101.860538,13.909634],[101.866867,13.909769],[101.867517,13.905496],[101.871815,13.908533],[101.873347,13.913721],[101.875961,13.914776],[101.877981,13.914747],[101.880214,13.911284],[101.885067,13.910392],[101.889026,13.913186],[101.890509,13.908927],[101.899554,13.914599],[101.905645,13.915021],[101.904934,13.912569],[101.906077,13.91137],[101.906008,13.910795],[101.906399,13.909499],[101.905948,13.908244],[101.904381,13.907816],[101.903943,13.907071],[101.905005,13.906868],[101.907259,13.90742],[101.90708,13.9084],[101.908319,13.908674],[101.909199,13.909686],[101.909605,13.909802],[101.909833,13.909323],[101.909711,13.907225],[101.909118,13.9064],[101.909709,13.905524],[101.909291,13.903243],[101.911068,13.903108],[101.911017,13.904507],[101.91076,13.905144],[101.910902,13.905429],[101.911446,13.905464],[101.91229,13.904797],[101.913273,13.904637],[101.913439,13.904364],[101.913314,13.903518],[101.914287,13.903334],[101.914572,13.90268],[101.914458,13.90241],[101.913528,13.902354],[101.91336,13.901512],[101.914565,13.900827],[101.914102,13.900093],[101.914237,13.899177],[101.913874,13.899114],[101.913183,13.898408],[101.911932,13.898375],[101.912155,13.896751],[101.912683,13.895497],[101.911386,13.894775],[101.910333,13.89326],[101.909809,13.893244],[101.909294,13.889663],[101.908625,13.889564],[101.908362,13.887831],[101.905886,13.888237],[101.905848,13.887029],[101.906274,13.886684],[101.905758,13.885247],[101.904535,13.883024],[101.904997,13.882297],[101.905579,13.882032],[101.905872,13.881568],[101.905679,13.880692],[101.906693,13.88089],[101.906309,13.880371],[101.907133,13.880269],[101.907413,13.879578],[101.907903,13.87942],[101.907991,13.879813],[101.908166,13.879794],[101.908935,13.879078],[101.909674,13.878873],[101.909792,13.878235],[101.910315,13.878403],[101.910255,13.877566],[101.910947,13.877804],[101.911139,13.877592],[101.910975,13.877251],[101.911312,13.876757],[101.912287,13.876524],[101.912629,13.875287],[101.912988,13.875507],[101.913043,13.875029],[101.913578,13.875148],[101.913787,13.87468],[101.913444,13.874271],[101.914036,13.873991],[101.914414,13.873427],[101.914111,13.872898],[101.914861,13.872623],[101.914679,13.872107],[101.91532,13.871293],[101.915072,13.870946],[101.915323,13.870335],[101.915797,13.870134],[101.915392,13.86971],[101.915916,13.869322],[101.916108,13.868126],[101.916508,13.867887],[101.916312,13.867412],[101.916789,13.867464],[101.916611,13.866894],[101.917133,13.867139],[101.917295,13.866505],[101.91793,13.866297],[101.917755,13.865305],[101.918112,13.865088],[101.918232,13.864397],[101.918766,13.863652],[101.919466,13.863191],[101.919874,13.863227],[101.920042,13.862643],[101.920465,13.862643],[101.920475,13.861685],[101.92118,13.861805],[101.921374,13.861522],[101.921962,13.861737],[101.921946,13.861212],[101.922515,13.861096],[101.922972,13.86015],[101.923531,13.860278],[101.92427,13.859321],[101.924765,13.859378],[101.924999,13.857993],[101.925834,13.85744],[101.925948,13.85686],[101.926359,13.856517],[101.926442,13.855893],[101.927131,13.855716],[101.92804,13.856123],[101.928663,13.855643],[101.927313,13.853512],[101.927075,13.851948],[101.925381,13.850187],[101.924492,13.846038],[101.924963,13.843493],[101.923454,13.841826],[101.922528,13.840354],[101.922293,13.838761],[101.920148,13.832396],[101.920401,13.830813],[101.921716,13.829522],[101.923025,13.828872],[101.924128,13.827677],[101.926069,13.824507],[101.926976,13.822434],[101.925767,13.819626],[101.924025,13.816725],[101.923989,13.816317],[101.923678,13.816093],[101.924297,13.815948],[101.923452,13.814072],[101.922476,13.801588],[101.90764,13.798151],[101.899559,13.79994],[101.893192,13.798126],[101.888719,13.792078],[101.878256,13.790537],[101.8709,13.783399],[101.859204,13.775716],[101.843403,13.773891],[101.828921,13.778677],[101.82791,13.79157],[101.823853,13.808163],[101.838142,13.80418],[101.842943,13.819206],[101.841676,13.821971],[101.843159,13.827011],[101.841422,13.830003],[101.843153,13.834699],[101.841247,13.838864],[101.841547,13.843302],[101.840342,13.845113],[101.836033,13.845202],[101.830781,13.843138],[101.826298,13.845788],[101.82571,13.848855],[101.81305,13.866157],[101.807345,13.870143],[101.805736,13.879033],[101.804043,13.881964],[101.803388,13.884309],[101.803501,13.885887],[101.81831,13.891307],[101.82515,13.898985],[101.825751,13.90447],[101.822602,13.910861],[101.82285736949693,13.914976690019357],[101.823155,13.914727],[101.823673,13.914803],[101.824934,13.916651],[101.827447,13.918255],[101.833522,13.917379],[101.834869,13.915258],[101.833381,13.911116],[101.839575,13.909792],[101.840995,13.904016],[101.847629,13.904223],[101.847805,13.904396],[101.847052,13.905316],[101.846064,13.907185],[101.851242,13.911464]]],[[[101.822857,13.914977],[101.822885,13.915422],[101.82285736949693,13.914976690019357],[101.822857,13.914977]]]]},"bbox":[101.803388,13.773891,101.928663,13.918255]},{"type":"Feature","id":"e06c8c9f-1bd2-4da2-a11f-2c822225341b","properties":{"id":"e06c8c9f-1bd2-4da2-a11f-2c822225341b","code":"06250302","provinceCode":"25","nameTh":"องค์การบริหารส่วนตำบล แก่งดินสอ","nameEn":null,"geometryType":"MUNICIPALITY","sourceUrl":"https://landometer.com/api/v2/citymeter-v3/grocery/info/geom/e06c8c9f-1bd2-4da2-a11f-2c822225341b/MUNICIPALITY","sourceSha256":"07e1b9b0a4a8dd99b81f458dd4443dbe66ef66e12336654e4c2b6fc9a6c50f9e","retrievedAt":"2026-10-04T05:42:44.070656+00:00","boundaryVintage":null,"geometryStatus":"native_source_polygon_display_simplified","simplificationToleranceDegrees":0.00015,"simplificationPreservesTopology":true,"invalidSourceRepair":"make_valid; retain polygonal components; discard zero-area collapsed lines","legalBoundaryIndependentlyVerified":false,"areaId":"e06c8c9f-1bd2-4da2-a11f-2c822225341b"},"geometry":{"type":"Polygon","coordinates":[[[102.098183,14.103676],[102.095221,14.101326],[102.091787,14.097832],[102.091409,14.097166],[102.090922,14.09487],[102.089822,14.093357],[102.089985,14.092885],[102.090628,14.092817],[102.092828,14.094171],[102.093743,14.094173],[102.09577,14.093677],[102.099604,14.094541],[102.101992,14.093716],[102.103705,14.091597],[102.104313,14.091477],[102.105604,14.091765],[102.107787,14.090757],[102.109546,14.091065],[102.110931,14.090221],[102.11177,14.090124],[102.11519,14.092964],[102.117224,14.094068],[102.120636,14.097755],[102.121992,14.098756],[102.122957,14.099002],[102.12418,14.098728],[102.124662,14.098285],[102.124982,14.096859],[102.126183,14.096016],[102.126139,14.094666],[102.124952,14.092731],[102.125007,14.09235],[102.125777,14.091678],[102.125796,14.091256],[102.1231,14.089199],[102.123077,14.088753],[102.123799,14.087065],[102.123614,14.086497],[102.122354,14.085405],[102.122857,14.083175],[102.12274,14.08268],[102.120612,14.081319],[102.118366,14.080587],[102.117628,14.079274],[102.118564,14.073961],[102.1185,14.072953],[102.117625,14.071551],[102.117428,14.07076],[102.117581,14.069575],[102.118323,14.06802],[102.11808,14.065765],[102.120149,14.06215],[102.120577,14.058738],[102.120214,14.057585],[102.119418,14.05685],[102.119138,14.055341],[102.118505,14.054133],[102.118446,14.053495],[102.119532,14.052588],[102.119928,14.051318],[102.120474,14.050815],[102.120461,14.050363],[102.11983,14.049726],[102.121193,14.049547],[102.121771,14.049025],[102.122398,14.048886],[102.122856,14.048025],[102.124179,14.046894],[102.122932,14.045547],[102.122276,14.044246],[102.121715,14.043945],[102.120352,14.044026],[102.118629,14.044852],[102.114369,14.043798],[102.113602,14.044414],[102.112295,14.043873],[102.110981,14.042374],[102.110087,14.042148],[102.108981,14.042644],[102.107718,14.044851],[102.106278,14.045882],[102.10498,14.045741],[102.103748,14.046629],[102.100167,14.045841],[102.098998,14.045966],[102.098364,14.046233],[102.097819,14.047657],[102.096859,14.048381],[102.094054,14.049298],[102.092639,14.049245],[102.091571,14.04874],[102.090088,14.049146],[102.088995,14.048553],[102.087887,14.050288],[102.08746,14.050558],[102.086631,14.05053],[102.086545,14.051201],[102.086183,14.051253],[102.085404,14.050236],[102.084713,14.050111],[102.083678,14.0491],[102.082091,14.04943],[102.081531,14.049309],[102.07815,14.047184],[102.077489,14.045265],[102.07749,14.043034],[102.076414,14.040524],[102.076628,14.03918],[102.076159,14.037604],[102.07605,14.035752],[102.075269,14.035062],[102.071684,14.035781],[102.068574,14.035911],[102.067003,14.03572],[102.06521,14.035043],[102.063038,14.035131],[102.060989,14.034675],[102.058921,14.034707],[102.05718,14.034271],[102.05458,14.034195],[102.051768,14.034442],[102.049602,14.034933],[102.047741,14.034972],[102.040188,14.036408],[102.037709,14.035716],[102.03167,14.035159],[102.02927,14.035255],[102.020826,14.034469],[102.007259,14.032359],[102.00513,14.032434],[102.00333,14.032185],[102.001355,14.032662],[101.998026,14.032149],[101.995254,14.033069],[101.992881,14.0329],[101.9881,14.031295],[101.985228,14.03121],[101.981015,14.030026],[101.97674,14.029374],[101.975462,14.029395],[101.972563,14.028666],[101.971024,14.028033],[101.967228,14.025711],[101.96352,14.024002],[101.960811,14.022964],[101.958504,14.022414],[101.956552,14.022354],[101.953147,14.02298],[101.950518,14.022548],[101.948929,14.023574],[101.9452,14.024756],[101.943743,14.024826],[101.936871,14.023355],[101.933599,14.02231],[101.931976,14.022314],[101.929508,14.021494],[101.927824,14.0214],[101.926348,14.020776],[101.923937,14.020242],[101.922909,14.020442],[101.921675,14.019596],[101.918723,14.020195],[101.915924,14.020156],[101.914452,14.01948],[101.906237,14.018223],[101.898364,14.017801],[101.895698,14.018214],[101.888427,14.015922],[101.886343,14.01481],[101.885147,14.014695],[101.883634,14.014111],[101.883073,14.014082],[101.88258,14.014397],[101.879582,14.01369],[101.877862,14.013797],[101.874841,14.013155],[101.864534,14.011999],[101.862218,14.011359],[101.861794,14.011583],[101.861889,14.012213],[101.862598,14.01315],[101.864441,14.013674],[101.865894,14.013583],[101.867854,14.014639],[101.869573,14.014678],[101.869352,14.01593],[101.869573,14.016727],[101.873664,14.017761],[101.877374,14.017647],[101.881303,14.016607],[101.883103,14.017148],[101.884222,14.018117],[101.886447,14.019049],[101.885946,14.021064],[101.886267,14.025495],[101.884996,14.026337],[101.886477,14.030651],[101.886324,14.03322],[101.885954,14.034135],[101.885269,14.034369],[101.884496,14.0338],[101.884009,14.033845],[101.88369,14.03464],[101.883884,14.03723],[101.883496,14.037745],[101.882756,14.038039],[101.882237,14.0389],[101.883089,14.039708],[101.88321,14.040671],[101.882831,14.041299],[101.882812,14.042197],[101.883507,14.04312],[101.88321,14.043722],[101.883779,14.044377],[101.885127,14.045025],[101.886577,14.046171],[101.886389,14.046951],[101.885158,14.048637],[101.885319,14.049213],[101.88743,14.050127],[101.888951,14.049156],[101.890418,14.049096],[101.890831,14.048538],[101.891584,14.048494],[101.892605,14.048899],[101.8937,14.050406],[101.894509,14.05081],[101.896051,14.051012],[101.897586,14.050591],[101.897843,14.050826],[101.897798,14.051243],[101.896842,14.051924],[101.89671,14.05229],[101.898118,14.054074],[101.897868,14.054716],[101.897134,14.05526],[101.896997,14.056243],[101.896526,14.057174],[101.897054,14.058031],[101.896512,14.058572],[101.896885,14.059241],[101.896829,14.060455],[101.896497,14.060585],[101.89644,14.061023],[101.895612,14.060949],[101.894451,14.061372],[101.894382,14.062233],[101.893927,14.062365],[101.893853,14.062856],[101.892974,14.06306],[101.892823,14.06341],[101.893131,14.064166],[101.893103,14.065988],[101.893408,14.066226],[101.893259,14.066627],[101.893743,14.067385],[101.893446,14.068737],[101.894401,14.070607],[101.894133,14.07139],[101.894169,14.072559],[101.893591,14.073018],[101.893719,14.074206],[101.895255,14.07671],[101.897765,14.075913],[101.898468,14.078154],[101.90013,14.078804],[101.904034,14.081732],[101.904631,14.082611],[101.904744,14.083324],[101.903989,14.084931],[101.904488,14.085237],[101.906402,14.085312],[101.906669,14.08567],[101.906693,14.086638],[101.907235,14.085572],[101.919953,14.088076],[101.924248,14.084559],[101.929614,14.0926],[101.941571,14.100934],[101.946775,14.102876],[101.951605,14.117815],[101.95024,14.119762],[101.95731,14.122705],[101.958762,14.127971],[101.964714,14.134852],[101.96533,14.142047],[101.962455,14.144387],[101.961537,14.150145],[101.965601,14.151872],[101.967076,14.155459],[101.971491,14.15766],[101.979033,14.1566],[101.986108,14.159035],[101.989153,14.157777],[101.991539,14.152499],[102.000274,14.150421],[102.008785,14.151513],[102.009681,14.157596],[102.00474,14.159855],[102.004097,14.163539],[102.010555,14.167998],[102.013314,14.177871],[102.019809,14.18634],[102.022296,14.194372],[102.027361,14.195342],[102.031543,14.198212],[102.03023,14.198524],[102.030651,14.198813],[102.032084,14.19885],[102.033089,14.1984],[102.034563,14.198284],[102.035537,14.197194],[102.036425,14.196663],[102.036816,14.195241],[102.03793,14.193698],[102.037982,14.192356],[102.040912,14.18811],[102.043574,14.186084],[102.046619,14.184625],[102.048242,14.18479],[102.050082,14.183003],[102.052416,14.182161],[102.05296,14.180071],[102.053434,14.179789],[102.054909,14.179601],[102.061216,14.174908],[102.064435,14.170396],[102.068664,14.166245],[102.070364,14.165072],[102.073462,14.163457],[102.077855,14.162306],[102.07918,14.162275],[102.082822,14.162942],[102.084139,14.162854],[102.087831,14.160765],[102.093384,14.158186],[102.095472,14.157777],[102.098335,14.157636],[102.100755,14.157015],[102.102522,14.156016],[102.103376,14.154965],[102.104218,14.153236],[102.106206,14.151759],[102.105128,14.146204],[102.10509,14.144997],[102.104103,14.142629],[102.10373,14.139661],[102.103094,14.13873],[102.10269,14.13716],[102.101315,14.135602],[102.101094,14.133161],[102.100682,14.132192],[102.100586,14.130936],[102.099509,14.130018],[102.099082,14.1289],[102.09824,14.128219],[102.097562,14.12572],[102.09722,14.121819],[102.097653,14.120146],[102.097432,14.118765],[102.0976,14.116227],[102.099562,14.111957],[102.09985,14.110802],[102.099431,14.109275],[102.099505,14.107755],[102.099208,14.106127],[102.098183,14.103676]]]},"bbox":[101.861751,14.011359,102.126278,14.198878]},{"type":"Feature","id":"5deac176-13f2-4286-9873-4d068ba2cebb","properties":{"id":"5deac176-13f2-4286-9873-4d068ba2cebb","code":"06250303","provinceCode":"25","nameTh":"องค์การบริหารส่วนตำบล ทุ่งโพธิ์","nameEn":null,"geometryType":"MUNICIPALITY","sourceUrl":"https://landometer.com/api/v2/citymeter-v3/grocery/info/geom/5deac176-13f2-4286-9873-4d068ba2cebb/MUNICIPALITY","sourceSha256":"77b8f2b6dd5b576ee4d01f9e40330b4bcac14504aa0052792b35d00b4c7b4d74","retrievedAt":"2026-10-04T05:42:44.088619+00:00","boundaryVintage":null,"geometryStatus":"native_source_polygon_display_simplified","simplificationToleranceDegrees":0.00015,"simplificationPreservesTopology":true,"invalidSourceRepair":"make_valid; retain polygonal components; discard zero-area collapsed lines","legalBoundaryIndependentlyVerified":false,"areaId":"5deac176-13f2-4286-9873-4d068ba2cebb"},"geometry":{"type":"Polygon","coordinates":[[[101.877911,14.11927],[101.877763,14.118744],[101.877375,14.118715],[101.877243,14.118932],[101.876698,14.11882],[101.876476,14.117674],[101.875713,14.117148],[101.875597,14.116056],[101.874978,14.115046],[101.874682,14.114995],[101.874759,14.1145],[101.874371,14.113232],[101.874138,14.113104],[101.874291,14.112432],[101.873708,14.11168],[101.872591,14.111693],[101.872206,14.111979],[101.868614,14.111825],[101.867707,14.113354],[101.86668,14.113958],[101.866482,14.114617],[101.865307,14.114788],[101.862485,14.11462],[101.862113,14.113095],[101.864398,14.109701],[101.864718,14.107714],[101.864682,14.107438],[101.863407,14.106511],[101.863257,14.104859],[101.865345,14.104189],[101.866715,14.102067],[101.866392,14.099651],[101.864781,14.097206],[101.864346,14.097862],[101.863817,14.099953],[101.86217,14.102432],[101.859826,14.104155],[101.855947,14.1088],[101.854874,14.107766],[101.85458,14.107096],[101.854759,14.105707],[101.854411,14.103323],[101.855014,14.101917],[101.854909,14.101392],[101.854339,14.101199],[101.853142,14.101169],[101.852659,14.10269],[101.852173,14.103074],[101.850091,14.103143],[101.848645,14.103659],[101.846472,14.103632],[101.839848,14.106151],[101.852177,14.118612],[101.84795,14.122277],[101.850006,14.126605],[101.853396,14.126777],[101.856357,14.124081],[101.854675,14.127464],[101.855436,14.13176],[101.869572,14.156806],[101.871512,14.162871],[101.867986,14.165494],[101.862484,14.162168],[101.861585,14.166453],[101.870615,14.185552],[101.87236,14.185069],[101.872171,14.17973],[101.885092,14.164637],[101.884779,14.161048],[101.888208,14.161654],[101.88984,14.166198],[101.893695,14.167384],[101.893902,14.170054],[101.896262,14.167492],[101.908205,14.169212],[101.910588,14.164752],[101.915106,14.165436],[101.918919,14.161951],[101.921809,14.165006],[101.924332,14.164596],[101.928227,14.167117],[101.930764,14.171929],[101.935213,14.170484],[101.938745,14.176626],[101.93626,14.174528],[101.929241,14.176418],[101.928441,14.182223],[101.926949,14.183456],[101.923755,14.181872],[101.919851,14.182814],[101.921236,14.185457],[101.92848,14.189356],[101.933562,14.188271],[101.934035,14.186123],[101.942041,14.186632],[101.963648,14.173373],[101.97088,14.171196],[101.975283,14.173512],[101.972248,14.182995],[101.971809,14.193404],[101.97732,14.197671],[101.986413,14.211794],[101.990009,14.213011],[101.992921,14.210543],[101.996161,14.21168],[101.996986,14.210462],[101.999444,14.209279],[102.001369,14.206677],[102.002458,14.206397],[102.004372,14.206577],[102.005375,14.204684],[102.007459,14.203114],[102.008818,14.20323],[102.011455,14.202876],[102.012356,14.202316],[102.013345,14.201206],[102.014812,14.20042],[102.017342,14.20038],[102.018322,14.201002],[102.019377,14.201256],[102.022086,14.200226],[102.025147,14.200266],[102.026325,14.200071],[102.029052,14.199002],[102.030651,14.198813],[102.03023,14.198524],[102.031543,14.198212],[102.027361,14.195342],[102.022296,14.194372],[102.019809,14.18634],[102.013314,14.177871],[102.010555,14.167998],[102.004097,14.163539],[102.00474,14.159855],[102.009681,14.157596],[102.008785,14.151513],[102.000274,14.150421],[101.991539,14.152499],[101.989153,14.157777],[101.986108,14.159035],[101.979033,14.1566],[101.971491,14.15766],[101.967076,14.155459],[101.965601,14.151872],[101.961537,14.150145],[101.962455,14.144387],[101.96533,14.142047],[101.964714,14.134852],[101.958762,14.127971],[101.95731,14.122705],[101.95024,14.119762],[101.951605,14.117815],[101.946775,14.102876],[101.941571,14.100934],[101.929614,14.0926],[101.924248,14.084559],[101.919953,14.088076],[101.907235,14.085572],[101.906471,14.087375],[101.90656,14.088144],[101.907334,14.089442],[101.906144,14.09036],[101.910781,14.09843],[101.896337,14.109895],[101.882043,14.121929],[101.880692,14.124345],[101.880077,14.124845],[101.879897,14.124857],[101.879702,14.124007],[101.879294,14.123662],[101.878427,14.121581],[101.877684,14.121331],[101.878085,14.121045],[101.877491,14.119604],[101.877911,14.11927]]]},"bbox":[101.839848,14.084559,102.031543,14.213011]},{"type":"Feature","id":"a020ccab-b0cb-41cd-b64b-0d66842b5622","properties":{"id":"a020ccab-b0cb-41cd-b64b-0d66842b5622","code":"06250304","provinceCode":"25","nameTh":"องค์การบริหารส่วนตำบล สะพานหิน","nameEn":null,"geometryType":"MUNICIPALITY","sourceUrl":"https://landometer.com/api/v2/citymeter-v3/grocery/info/geom/a020ccab-b0cb-41cd-b64b-0d66842b5622/MUNICIPALITY","sourceSha256":"157341862e3319797fddc9ba71561a118ad1933f2c181088d8c287fb6024249f","retrievedAt":"2026-10-04T05:42:44.241807+00:00","boundaryVintage":null,"geometryStatus":"native_source_polygon_display_simplified","simplificationToleranceDegrees":0.00015,"simplificationPreservesTopology":true,"invalidSourceRepair":"make_valid; retain polygonal components; discard zero-area collapsed lines","legalBoundaryIndependentlyVerified":false,"areaId":"a020ccab-b0cb-41cd-b64b-0d66842b5622"},"geometry":{"type":"Polygon","coordinates":[[[101.662915,14.384231],[101.664617,14.381552],[101.66573,14.380442],[101.670336,14.376813],[101.675602,14.370778],[101.679186,14.367191],[101.680646,14.366094],[101.682752,14.365464],[101.688241,14.360707],[101.68928,14.359587],[101.69004,14.35779],[101.692662,14.355585],[101.694833,14.351476],[101.696876,14.349806],[101.699609,14.345609],[101.70666,14.338232],[101.708858,14.33463],[101.710193,14.333832],[101.713337,14.332679],[101.720224,14.327855],[101.721806,14.32622],[101.7259,14.320991],[101.727349,14.319675],[101.730459,14.318082],[101.731114,14.317455],[101.731421,14.316789],[101.731177,14.316075],[101.730423,14.316732],[101.724955,14.310163],[101.726723,14.298589],[101.725294,14.289362],[101.718621,14.287266],[101.716442,14.282337],[101.717163,14.278548],[101.718917,14.277464],[101.732557,14.275164],[101.735457,14.270318],[101.726295,14.265903],[101.725004,14.252946],[101.715473,14.242912],[101.722234,14.239703],[101.724343,14.230644],[101.719892,14.217202],[101.714718,14.210453],[101.716304,14.207237],[101.712507,14.200824],[101.714703,14.194081],[101.719962,14.186919],[101.719575,14.182234],[101.721079,14.178857],[101.71936,14.170337],[101.731701,14.164269],[101.728853,14.153543],[101.732622,14.154493],[101.736019,14.152897],[101.733027,14.152803],[101.731095,14.149079],[101.734004,14.144143],[101.727873,14.134721],[101.729053,14.129536],[101.723846,14.122638],[101.732856,14.12023],[101.733712,14.117092],[101.73694,14.115733],[101.738878,14.112703],[101.73914,14.107467],[101.74986,14.10165],[101.750584,14.097433],[101.743389,14.089741],[101.743567,14.088873],[101.742814,14.089002],[101.741133,14.087702],[101.740304,14.087578],[101.739782,14.087123],[101.739207,14.087262],[101.738983,14.084863],[101.735772,14.085368],[101.735926,14.083563],[101.735729,14.082354],[101.733643,14.083106],[101.732193,14.083206],[101.730822,14.08243],[101.730404,14.082585],[101.729515,14.082227],[101.728696,14.0822],[101.727582,14.081097],[101.727123,14.080933],[101.725119,14.081132],[101.724426,14.081675],[101.723485,14.08146],[101.722777,14.081584],[101.721416,14.082936],[101.719815,14.083592],[101.72008,14.08552],[101.720535,14.085805],[101.720594,14.086222],[101.719885,14.087909],[101.719956,14.088971],[101.717067,14.090252],[101.717286,14.091064],[101.717127,14.091435],[101.716308,14.092116],[101.714917,14.092751],[101.712762,14.092908],[101.71183,14.093629],[101.711052,14.09331],[101.710118,14.093527],[101.708498,14.092768],[101.70756,14.093049],[101.706988,14.093906],[101.705597,14.094483],[101.703817,14.096172],[101.703218,14.09826],[101.701738,14.101857],[101.70073,14.10268],[101.697761,14.102233],[101.694399,14.100088],[101.692661,14.100054],[101.690146,14.100433],[101.688384,14.099568],[101.686811,14.099477],[101.685689,14.098334],[101.685526,14.096843],[101.683811,14.095642],[101.683377,14.09492],[101.682462,14.095385],[101.682123,14.095789],[101.682023,14.097612],[101.680657,14.098297],[101.680165,14.099453],[101.67839,14.100288],[101.676477,14.10313],[101.675764,14.103788],[101.672688,14.104013],[101.669233,14.105176],[101.668611,14.105584],[101.668213,14.106127],[101.667977,14.107254],[101.668514,14.110009],[101.664954,14.111988],[101.664622,14.112978],[101.663429,14.114062],[101.663599,14.115395],[101.663312,14.116167],[101.66249,14.116748],[101.660907,14.117358],[101.659008,14.118792],[101.657922,14.119239],[101.657392,14.120594],[101.656921,14.121125],[101.654941,14.122755],[101.653071,14.12379],[101.652375,14.124858],[101.651145,14.125481],[101.650686,14.126833],[101.649207,14.127575],[101.649004,14.128395],[101.648321,14.129286],[101.647987,14.131741],[101.647279,14.132908],[101.642746,14.137137],[101.640819,14.138373],[101.639989,14.139361],[101.639884,14.141062],[101.640807,14.142353],[101.641442,14.144089],[101.641047,14.144737],[101.640938,14.14606],[101.63987,14.146872],[101.639532,14.14796],[101.637778,14.149523],[101.637189,14.150544],[101.637311,14.15225],[101.636574,14.153773],[101.636525,14.154574],[101.638169,14.158707],[101.638892,14.159771],[101.638796,14.161616],[101.640062,14.162788],[101.640334,14.163514],[101.641108,14.164006],[101.64142,14.164974],[101.642425,14.165742],[101.642305,14.16808],[101.642619,14.169269],[101.644338,14.17079],[101.64575,14.171507],[101.646172,14.173041],[101.646893,14.173533],[101.646965,14.174008],[101.647552,14.174429],[101.646947,14.175674],[101.647232,14.176882],[101.646822,14.176955],[101.646686,14.177402],[101.646086,14.177793],[101.646082,14.178078],[101.646814,14.179284],[101.647592,14.179748],[101.647792,14.180614],[101.648698,14.182295],[101.648516,14.18301],[101.649807,14.184316],[101.65016,14.185012],[101.650712,14.185359],[101.651072,14.186669],[101.6532,14.186796],[101.653606,14.187533],[101.654648,14.188553],[101.656389,14.18984],[101.656319,14.190701],[101.656074,14.191005],[101.656227,14.191246],[101.658013,14.191647],[101.658363,14.191949],[101.659501,14.191873],[101.662692,14.193328],[101.664241,14.193295],[101.665652,14.192701],[101.668439,14.192169],[101.671181,14.190599],[101.671686,14.191446],[101.672359,14.192007],[101.671936,14.193114],[101.671555,14.193259],[101.671588,14.193837],[101.673458,14.194793],[101.673889,14.197527],[101.674974,14.198672],[101.67435,14.199412],[101.675029,14.200431],[101.674762,14.20098],[101.674776,14.202661],[101.675266,14.204576],[101.67406,14.207947],[101.672235,14.210036],[101.672026,14.211074],[101.672176,14.211607],[101.671815,14.21228],[101.671979,14.2128],[101.671791,14.213505],[101.672818,14.213908],[101.672831,14.214949],[101.673638,14.216152],[101.673803,14.217476],[101.673342,14.217719],[101.673416,14.218423],[101.671685,14.218735],[101.671856,14.2193],[101.672419,14.219787],[101.67188,14.220178],[101.672041,14.221507],[101.669959,14.221832],[101.670173,14.222876],[101.670058,14.223481],[101.668903,14.223746],[101.668839,14.224291],[101.669134,14.225074],[101.668654,14.225706],[101.668542,14.227358],[101.668186,14.228126],[101.668359,14.229012],[101.667944,14.229852],[101.668529,14.232247],[101.667829,14.232804],[101.667842,14.233371],[101.668046,14.233741],[101.668826,14.234134],[101.668907,14.234633],[101.668603,14.235393],[101.669659,14.235887],[101.67014,14.237217],[101.668069,14.238299],[101.667031,14.239155],[101.667395,14.240634],[101.667369,14.241728],[101.666258,14.242539],[101.665904,14.243375],[101.664081,14.243585],[101.662179,14.244608],[101.661262,14.244644],[101.661107,14.244861],[101.661842,14.246279],[101.663217,14.246832],[101.663556,14.247493],[101.664302,14.248068],[101.664859,14.250015],[101.664633,14.251251],[101.666166,14.251898],[101.666581,14.252344],[101.666764,14.253227],[101.667748,14.253502],[101.667666,14.254526],[101.66827,14.255046],[101.668224,14.256044],[101.669141,14.256504],[101.669129,14.256988],[101.668427,14.257439],[101.66905,14.258526],[101.669324,14.259985],[101.670183,14.262155],[101.670174,14.263111],[101.671013,14.264437],[101.671283,14.266485],[101.672271,14.267093],[101.672236,14.268571],[101.673154,14.269057],[101.673649,14.269635],[101.674049,14.271569],[101.673653,14.273072],[101.674307,14.273806],[101.67381,14.274794],[101.67387,14.275509],[101.675319,14.276956],[101.675144,14.277663],[101.675389,14.277993],[101.680071,14.279183],[101.681816,14.280386],[101.682155,14.281124],[101.682897,14.281765],[101.682092,14.282424],[101.682718,14.283941],[101.682455,14.284297],[101.681253,14.284648],[101.680775,14.285073],[101.680807,14.285543],[101.681654,14.286643],[101.678371,14.288118],[101.679364,14.288817],[101.678738,14.289315],[101.678926,14.290126],[101.678268,14.290359],[101.67891,14.291446],[101.678511,14.292168],[101.674432,14.293004],[101.674433,14.293376],[101.674836,14.293769],[101.679453,14.296765],[101.679447,14.299384],[101.678141,14.300074],[101.677765,14.3009],[101.676961,14.301012],[101.676282,14.300725],[101.674302,14.29864],[101.673629,14.298476],[101.672356,14.300544],[101.670453,14.305619],[101.669898,14.305572],[101.669094,14.304996],[101.66905,14.30446],[101.669468,14.303553],[101.669105,14.303201],[101.668668,14.303239],[101.66771,14.305006],[101.666656,14.305855],[101.66413,14.309359],[101.662967,14.310182],[101.661339,14.309859],[101.660336,14.309275],[101.660376,14.306958],[101.659872,14.306937],[101.658569,14.307561],[101.657541,14.30671],[101.657516,14.30597],[101.658215,14.304527],[101.657516,14.302598],[101.655462,14.303553],[101.654968,14.304042],[101.654988,14.304743],[101.655791,14.306208],[101.65579,14.306679],[101.65463,14.307433],[101.653931,14.308883],[101.652717,14.309706],[101.652468,14.311634],[101.652843,14.313679],[101.652585,14.313877],[101.65177,14.313767],[101.651509,14.314361],[101.651972,14.315277],[101.654636,14.315623],[101.655981,14.316302],[101.656959,14.31745],[101.656814,14.319181],[101.65525,14.322038],[101.655156,14.323086],[101.655372,14.32367],[101.656616,14.323422],[101.657047,14.323632],[101.656569,14.326783],[101.656582,14.328533],[101.654476,14.329492],[101.653148,14.329645],[101.652556,14.330507],[101.651859,14.332771],[101.651036,14.333555],[101.64992,14.334465],[101.647347,14.334831],[101.646832,14.335531],[101.647115,14.337224],[101.648121,14.338448],[101.648454,14.33928],[101.649643,14.340069],[101.649956,14.340905],[101.650869,14.341881],[101.650659,14.34384],[101.650855,14.345453],[101.651954,14.349511],[101.65172,14.351677],[101.652094,14.35539],[101.649036,14.356694],[101.646783,14.35716],[101.645797,14.357938],[101.644172,14.357316],[101.642459,14.357914],[101.642008,14.35833],[101.641527,14.359624],[101.642798,14.360569],[101.643505,14.363507],[101.642808,14.364831],[101.642831,14.366081],[101.641885,14.366648],[101.641329,14.369178],[101.639987,14.371928],[101.640204,14.373606],[101.640045,14.374483],[101.639241,14.375052],[101.642931,14.379664],[101.643689,14.380173],[101.64569,14.380657],[101.64839,14.383013],[101.648627,14.38446],[101.647845,14.386207],[101.647807,14.389347],[101.648088,14.390792],[101.648967,14.392524],[101.650173,14.392146],[101.653377,14.39298],[101.654085,14.392923],[101.65816,14.390479],[101.659324,14.388076],[101.662915,14.384231]]]},"bbox":[101.6365,14.080922,101.750584,14.392992]},{"type":"Feature","id":"82302196-b292-4574-941e-52eb1863c3c3","properties":{"id":"82302196-b292-4574-941e-52eb1863c3c3","code":"06250305","provinceCode":"25","nameTh":"องค์การบริหารส่วนตำบล นาดี","nameEn":null,"geometryType":"MUNICIPALITY","sourceUrl":"https://landometer.com/api/v2/citymeter-v3/grocery/info/geom/82302196-b292-4574-941e-52eb1863c3c3/MUNICIPALITY","sourceSha256":"824d5c3009ccf657f451c6e588351eb62b42577420ff7d7c2ae932809530f4d9","retrievedAt":"2026-10-04T05:42:44.232276+00:00","boundaryVintage":null,"geometryStatus":"native_source_polygon_display_simplified","simplificationToleranceDegrees":0.00015,"simplificationPreservesTopology":true,"invalidSourceRepair":"make_valid; retain polygonal components; discard zero-area collapsed lines","legalBoundaryIndependentlyVerified":false,"areaId":"82302196-b292-4574-941e-52eb1863c3c3"},"geometry":{"type":"Polygon","coordinates":[[[101.81888,14.260458],[101.849173,14.256802],[101.848421,14.25024],[101.844529,14.24536],[101.850631,14.241786],[101.85001,14.235846],[101.854198,14.227543],[101.851773,14.225411],[101.855346,14.221096],[101.856182,14.21199],[101.8587,14.205022],[101.856612,14.198106],[101.859167,14.196466],[101.864421,14.198133],[101.870851,14.189121],[101.870539,14.185392],[101.861585,14.166453],[101.862484,14.162168],[101.867986,14.165494],[101.871512,14.162871],[101.869572,14.156806],[101.855436,14.13176],[101.854675,14.127464],[101.856357,14.124081],[101.853396,14.126777],[101.850006,14.126605],[101.84795,14.122277],[101.852177,14.118612],[101.839848,14.106151],[101.84579,14.10382],[101.841721,14.10474],[101.840286,14.105443],[101.829075,14.093086],[101.826216,14.08949],[101.824372,14.089975],[101.823667,14.092241],[101.822937,14.093359],[101.821153,14.094058],[101.820758,14.09383],[101.820444,14.094126],[101.821058,14.09498],[101.820892,14.095251],[101.82146,14.095331],[101.821604,14.095802],[101.821404,14.095984],[101.821759,14.09624],[101.821637,14.096498],[101.822189,14.096549],[101.82209,14.097019],[101.822815,14.097369],[101.822543,14.097687],[101.822945,14.098041],[101.823094,14.098646],[101.823459,14.098731],[101.823389,14.099213],[101.822546,14.099229],[101.821974,14.09848],[101.820345,14.098783],[101.818392,14.098453],[101.81784,14.099386],[101.817187,14.099316],[101.816885,14.099675],[101.814456,14.098726],[101.814577,14.098309],[101.8143,14.098205],[101.814258,14.09784],[101.813575,14.097724],[101.813198,14.096962],[101.810756,14.097028],[101.810217,14.096818],[101.80994,14.097023],[101.809754,14.099323],[101.809281,14.099623],[101.809625,14.100262],[101.809369,14.101783],[101.805862,14.101563],[101.796864,14.096635],[101.795102,14.101531],[101.789531,14.107567],[101.788978,14.106693],[101.788669,14.107156],[101.792163,14.112914],[101.793921,14.124837],[101.791179,14.126328],[101.786944,14.126043],[101.786743,14.123737],[101.789048,14.122601],[101.784023,14.11817],[101.779787,14.122729],[101.776903,14.123524],[101.774434,14.119882],[101.768143,14.120135],[101.767422,14.121077],[101.767095,14.120968],[101.765013,14.124227],[101.761609,14.122605],[101.75856,14.124297],[101.757991,14.126514],[101.755597,14.126935],[101.754954,14.131338],[101.757186,14.132193],[101.756433,14.138941],[101.758052,14.146088],[101.754632,14.146774],[101.755059,14.152106],[101.754526,14.155843],[101.75051,14.160946],[101.744725,14.157892],[101.742835,14.152939],[101.740535,14.151715],[101.73841,14.151095],[101.736978,14.151549],[101.734268,14.152842],[101.736019,14.152897],[101.732622,14.154493],[101.728853,14.153543],[101.731701,14.164269],[101.71936,14.170337],[101.721079,14.178857],[101.719575,14.182234],[101.719962,14.186919],[101.714703,14.194081],[101.712507,14.200824],[101.716304,14.207237],[101.714718,14.210453],[101.719892,14.217202],[101.724343,14.230644],[101.722234,14.239703],[101.715473,14.242912],[101.725004,14.252946],[101.726295,14.265903],[101.735457,14.270318],[101.732557,14.275164],[101.718917,14.277464],[101.717163,14.278548],[101.716442,14.282337],[101.718621,14.287266],[101.725294,14.289362],[101.726723,14.298589],[101.724955,14.310163],[101.730423,14.316732],[101.731192,14.316092],[101.731421,14.316789],[101.731114,14.317455],[101.730459,14.318082],[101.732505,14.316786],[101.737324,14.312612],[101.74152307692307,14.308407153846154],[101.742533,14.30804],[101.742083,14.30753],[101.743816,14.30651],[101.747089,14.305321],[101.768084,14.292229],[101.780136,14.281052],[101.794994,14.271208],[101.817312,14.264015],[101.81888,14.260458]],[[101.741474,14.308425],[101.741523,14.308407],[101.74152307692307,14.308407153846154],[101.741474,14.308425]]]},"bbox":[101.712507,14.08949,101.871512,14.318082]},{"type":"Feature","id":"3ce775b1-0df0-4789-8837-54bc15465ab4","properties":{"id":"3ce775b1-0df0-4789-8837-54bc15465ab4","code":"06250306","provinceCode":"25","nameTh":"องค์การบริหารส่วนตำบล บุพราหมณ์","nameEn":null,"geometryType":"MUNICIPALITY","sourceUrl":"https://landometer.com/api/v2/citymeter-v3/grocery/info/geom/3ce775b1-0df0-4789-8837-54bc15465ab4/MUNICIPALITY","sourceSha256":"6f71ac4566c486dc0d7bdf20dea59e911f4b03a986e22dfbaf7a1c900f023d63","retrievedAt":"2026-10-04T05:42:44.392305+00:00","boundaryVintage":null,"geometryStatus":"native_source_polygon_display_simplified","simplificationToleranceDegrees":0.00015,"simplificationPreservesTopology":true,"invalidSourceRepair":"make_valid; retain polygonal components; discard zero-area collapsed lines","legalBoundaryIndependentlyVerified":false,"areaId":"3ce775b1-0df0-4789-8837-54bc15465ab4"},"geometry":{"type":"MultiPolygon","coordinates":[[[[101.838731,14.354018],[101.83814,14.353574],[101.838352,14.352681],[101.840265,14.351426],[101.84057,14.350971],[101.841673,14.350488],[101.842617,14.350536],[101.843209,14.349999],[101.84416,14.349874],[101.844389,14.349296],[101.845331,14.348878],[101.846591,14.34898],[101.848817,14.347591],[101.849255,14.346648],[101.849861,14.346089],[101.851273,14.345705],[101.852049,14.34575],[101.854161,14.34423],[101.855115,14.343997],[101.856464,14.342731],[101.857605,14.342595],[101.858122,14.342014],[101.85943,14.341894],[101.860281,14.340498],[101.860402,14.339799],[101.862978,14.337885],[101.866149,14.334569],[101.867289,14.334012],[101.868145,14.332276],[101.868819,14.331625],[101.868906,14.330795],[101.870514,14.329386],[101.871042,14.327872],[101.872109,14.327411],[101.873298,14.327451],[101.874875,14.325068],[101.876426,14.323252],[101.877967,14.322504],[101.878575,14.322474],[101.881893,14.323435],[101.883689,14.322213],[101.884576,14.322605],[101.885262,14.322176],[101.886278,14.322811],[101.887397,14.322797],[101.88976,14.319977],[101.890865,14.320661],[101.89225,14.321124],[101.892408,14.321883],[101.891972,14.323387],[101.892356,14.326529],[101.893608,14.329973],[101.894303,14.330643],[101.896205,14.330108],[101.898066,14.328976],[101.902041,14.327187],[101.904714,14.32683],[101.907551,14.327165],[101.910412,14.325847],[101.911872,14.326787],[101.91465,14.329478],[101.916272,14.331909],[101.917164,14.332198],[101.918597,14.331309],[101.918847,14.329709],[101.91961,14.329801],[101.920158,14.32943],[101.920407,14.330169],[101.920759,14.330332],[101.922294,14.330371],[101.923087,14.330102],[101.923639,14.329026],[101.922902,14.328195],[101.923389,14.327183],[101.924059,14.327488],[101.924223,14.327007],[101.924539,14.326888],[101.92507,14.327251],[101.92568,14.327286],[101.926197,14.327865],[101.92666,14.327987],[101.927311,14.326799],[101.929039,14.327181],[101.92952,14.326309],[101.930425,14.326302],[101.930506,14.325813],[101.93011,14.324812],[101.930399,14.323921],[101.930327,14.323103],[101.931281,14.322837],[101.931177,14.322146],[101.931426,14.321884],[101.933606,14.321853],[101.933685,14.32091],[101.934492,14.319036],[101.934611,14.317787],[101.935196,14.316935],[101.935119,14.314559],[101.935456,14.313253],[101.935549,14.311045],[101.93604,14.310427],[101.937381,14.309545],[101.937699,14.309015],[101.939384,14.308677],[101.93965,14.307723],[101.941312,14.305263],[101.942013,14.303674],[101.943379,14.302394],[101.940193,14.298325],[101.936915,14.295551],[101.936517,14.294406],[101.935683,14.293634],[101.933132,14.292044],[101.930042,14.29184],[101.929614,14.291619],[101.929333,14.290883],[101.929302,14.289057],[101.928364,14.287741],[101.928837,14.285985],[101.928565,14.283558],[101.928838,14.283095],[101.930483,14.282312],[101.930772,14.281305],[101.932137,14.280353],[101.932875,14.278637],[101.933849,14.277654],[101.934647,14.27506],[101.936158,14.273749],[101.936533,14.271377],[101.937242,14.270076],[101.936769,14.268657],[101.93681,14.26811],[101.938875,14.265472],[101.939861,14.261753],[101.939859,14.260083],[101.938874,14.258699],[101.938726,14.257758],[101.939039,14.257254],[101.941602,14.25578],[101.942164,14.255169],[101.942523,14.253778],[101.943354,14.25223],[101.943412,14.249966],[101.944419,14.24773],[101.945523,14.246497],[101.946688,14.246077],[101.950395,14.245579],[101.954264,14.245682],[101.956402,14.245014],[101.958541,14.245167],[101.963213,14.243043],[101.973066,14.239299],[101.975815,14.238821],[101.981025,14.238652],[101.981795,14.238435],[101.982175,14.237893],[101.981935,14.237283],[101.979644,14.234388],[101.974706,14.231676],[101.973197,14.231185],[101.971363,14.229925],[101.967095,14.228892],[101.96653,14.228295],[101.966629,14.227592],[101.967443,14.227084],[101.969088,14.22692],[101.96974,14.225886],[101.970276,14.225479],[101.972354,14.225287],[101.97387,14.224091],[101.976512,14.223825],[101.977386,14.222674],[101.979001,14.221952],[101.979695,14.221159],[101.981453,14.22076],[101.982872,14.219844],[101.984909,14.219487],[101.986793,14.21803],[101.989425,14.21645],[101.993478,14.214694],[101.994588,14.213775],[101.996161,14.21168],[101.992921,14.210543],[101.990009,14.213011],[101.986413,14.211794],[101.97732,14.197671],[101.971809,14.193404],[101.972248,14.182995],[101.975283,14.173512],[101.97088,14.171196],[101.963648,14.173373],[101.942041,14.186632],[101.934035,14.186123],[101.933562,14.188271],[101.92848,14.189356],[101.921236,14.185457],[101.919851,14.182814],[101.923755,14.181872],[101.926949,14.183456],[101.928441,14.182223],[101.929241,14.176418],[101.93626,14.174528],[101.938745,14.176626],[101.935213,14.170484],[101.930764,14.171929],[101.928227,14.167117],[101.924332,14.164596],[101.921809,14.165006],[101.918919,14.161951],[101.915106,14.165436],[101.910588,14.164752],[101.908205,14.169212],[101.896262,14.167492],[101.893902,14.170054],[101.893695,14.167384],[101.88984,14.166198],[101.888208,14.161654],[101.884779,14.161048],[101.885092,14.164637],[101.872171,14.17973],[101.87236,14.185069],[101.870615,14.185552],[101.87044,14.18543],[101.870851,14.189121],[101.864421,14.198133],[101.859167,14.196466],[101.856612,14.198106],[101.8587,14.205022],[101.856182,14.21199],[101.855346,14.221096],[101.851773,14.225411],[101.854198,14.227543],[101.85001,14.235846],[101.850631,14.241786],[101.844529,14.24536],[101.848421,14.25024],[101.849173,14.256802],[101.81888,14.260458],[101.817312,14.264015],[101.794994,14.271208],[101.780136,14.281052],[101.768084,14.292229],[101.747089,14.305321],[101.743816,14.30651],[101.742083,14.30753],[101.742533,14.30804],[101.741556,14.308395],[101.743559,14.309608],[101.747831,14.314271],[101.748312,14.315789],[101.748035,14.320182],[101.75018,14.323656],[101.750489,14.324608],[101.750374,14.326015],[101.747167,14.331161],[101.746741,14.332347],[101.747477,14.337598],[101.74673,14.34044],[101.746975,14.342476],[101.746704,14.345517],[101.7474,14.347516],[101.748572,14.348844],[101.749596,14.348907],[101.752215,14.346086],[101.753851,14.344843],[101.755898,14.343886],[101.758226,14.343387],[101.760337,14.34318],[101.76188,14.343344],[101.764454,14.344935],[101.767244,14.344484],[101.769739,14.345023],[101.771511,14.34496],[101.77283,14.345738],[101.773313,14.346495],[101.773493,14.347748],[101.772749,14.349893],[101.773265,14.350627],[101.7801,14.351954],[101.780943,14.352451],[101.780896,14.353697],[101.779602,14.356737],[101.779739,14.357167],[101.780416,14.357391],[101.782615,14.356831],[101.785525,14.357131],[101.786695,14.357723],[101.787913,14.359518],[101.788457,14.359744],[101.789647,14.359272],[101.792942,14.357031],[101.793511,14.357108],[101.794709,14.358388],[101.795378,14.358516],[101.797425,14.356843],[101.800612,14.355435],[101.804391,14.352548],[101.806707,14.349575],[101.808307,14.348115],[101.810142,14.34761],[101.812207,14.347731],[101.813451,14.348135],[101.815577,14.349816],[101.816913,14.350331],[101.818243,14.350356],[101.82175,14.349581],[101.823698,14.350274],[101.824304,14.350737],[101.828564,14.355913],[101.829007,14.357325],[101.829031,14.360456],[101.829863,14.361917],[101.830858,14.362585],[101.831925,14.362833],[101.834691,14.36244],[101.835971,14.362567],[101.836898,14.363003],[101.839286,14.364992],[101.84067,14.365208],[101.842122,14.364504],[101.841106,14.362116],[101.840998,14.361265],[101.840174,14.360843],[101.839473,14.358536],[101.839012,14.35794],[101.839058,14.354945],[101.838731,14.354018]]],[[[101.741523,14.308407],[101.741333,14.308191],[101.74152873529411,14.308405088235297],[101.741523,14.308407]]],[[[101.741547,14.30839],[101.74152873529411,14.308405088235297],[101.741529,14.308405],[101.741547,14.30839]]]]},"bbox":[101.741333,14.161048,101.996161,14.365241]},{"type":"Feature","id":"042a5d1e-ed72-4af5-a027-eab7929eeee4","properties":{"id":"042a5d1e-ed72-4af5-a027-eab7929eeee4","code":"06250307","provinceCode":"25","nameTh":"องค์การบริหารส่วนตำบล สำพันตา","nameEn":null,"geometryType":"MUNICIPALITY","sourceUrl":"https://landometer.com/api/v2/citymeter-v3/grocery/info/geom/042a5d1e-ed72-4af5-a027-eab7929eeee4/MUNICIPALITY","sourceSha256":"c77c290b313db47c35d1adbc79c6d5d607ebbc2480c8e28b6f7b2af18853daec","retrievedAt":"2026-10-04T05:42:44.238302+00:00","boundaryVintage":null,"geometryStatus":"native_source_polygon_display_simplified","simplificationToleranceDegrees":0.00015,"simplificationPreservesTopology":true,"invalidSourceRepair":"make_valid; retain polygonal components; discard zero-area collapsed lines","legalBoundaryIndependentlyVerified":false,"areaId":"042a5d1e-ed72-4af5-a027-eab7929eeee4"},"geometry":{"type":"Polygon","coordinates":[[[101.756433,14.138941],[101.757186,14.132193],[101.754954,14.131338],[101.755597,14.126935],[101.757991,14.126514],[101.75856,14.124297],[101.761609,14.122605],[101.765013,14.124227],[101.767613,14.120156],[101.765861,14.109041],[101.761626,14.102607],[101.763622,14.098089],[101.760174,14.094139],[101.760376,14.09189],[101.762614,14.090677],[101.76209,14.087098],[101.757566,14.083245],[101.755242,14.075036],[101.771048,14.070083],[101.771648,14.077897],[101.77448,14.083776],[101.789531,14.107567],[101.795102,14.101531],[101.796864,14.096635],[101.805862,14.101563],[101.809369,14.101783],[101.809625,14.100262],[101.809099,14.099535],[101.808702,14.097543],[101.808381,14.097461],[101.80811,14.096343],[101.807564,14.095362],[101.807112,14.095251],[101.806541,14.094131],[101.806687,14.093838],[101.806261,14.093658],[101.806502,14.093444],[101.8063,14.093128],[101.806515,14.092793],[101.805981,14.092234],[101.806033,14.09174],[101.805731,14.091413],[101.80587,14.091045],[101.805329,14.090897],[101.805049,14.090334],[101.804566,14.090449],[101.804704,14.089574],[101.804052,14.089482],[101.803773,14.08904],[101.803311,14.088907],[101.803443,14.08858],[101.802755,14.087686],[101.803271,14.087437],[101.803055,14.086604],[101.804076,14.086134],[101.804381,14.085679],[101.804455,14.083871],[101.803397,14.083674],[101.803238,14.083172],[101.80353,14.082796],[101.8034,14.081642],[101.804137,14.081618],[101.804193,14.081329],[101.80448,14.081237],[101.804392,14.080955],[101.803072,14.080278],[101.801311,14.080215],[101.801251,14.079527],[101.80148,14.079087],[101.801304,14.078774],[101.800492,14.078206],[101.799688,14.078126],[101.799369,14.078314],[101.799194,14.077812],[101.798812,14.077963],[101.798284,14.077499],[101.798161,14.076927],[101.797161,14.076999],[101.79661,14.076765],[101.796153,14.076906],[101.795833,14.077343],[101.795329,14.077075],[101.795028,14.076482],[101.794733,14.076572],[101.79435,14.076229],[101.794372,14.075773],[101.794806,14.075481],[101.794173,14.075031],[101.794599,14.074882],[101.794624,14.074486],[101.793936,14.07404],[101.79355,14.073158],[101.793184,14.072999],[101.793479,14.072222],[101.793225,14.071962],[101.793434,14.071754],[101.792418,14.071532],[101.792623,14.070879],[101.791879,14.07086],[101.791507,14.070551],[101.791736,14.069313],[101.791255,14.067802],[101.791467,14.066851],[101.79062,14.066014],[101.790971,14.065522],[101.791081,14.064492],[101.79071,14.064016],[101.790798,14.062816],[101.790219,14.06173],[101.790677,14.060838],[101.79154,14.060396],[101.791578,14.059765],[101.791018,14.059527],[101.79125,14.057937],[101.79187,14.05771],[101.791782,14.057276],[101.792195,14.056956],[101.79206,14.056013],[101.790833,14.055327],[101.789835,14.055266],[101.789311,14.054411],[101.787898,14.05424],[101.787332,14.053485],[101.786722,14.053406],[101.786422,14.05293],[101.785685,14.052654],[101.785568,14.052162],[101.784497,14.050794],[101.78308,14.050969],[101.782563,14.051246],[101.782402,14.050908],[101.781972,14.050776],[101.781969,14.050305],[101.781466,14.049491],[101.780917,14.049444],[101.780785,14.049225],[101.778312,14.049234],[101.778581,14.049739],[101.778094,14.050282],[101.77838,14.050619],[101.777753,14.05139],[101.777766,14.051811],[101.776807,14.052288],[101.776589,14.051998],[101.776128,14.052098],[101.775999,14.051865],[101.776274,14.05117],[101.775718,14.050561],[101.775874,14.05023],[101.775547,14.049659],[101.775745,14.048628],[101.774322,14.048543],[101.773265,14.047378],[101.772449,14.045968],[101.771635,14.045346],[101.770011,14.045884],[101.768425,14.047217],[101.767911,14.047194],[101.767468,14.046614],[101.765947,14.042223],[101.765007,14.041587],[101.762964,14.040809],[101.761558,14.03924],[101.761367,14.038462],[101.761484,14.037706],[101.763111,14.036153],[101.763118,14.035456],[101.762453,14.035215],[101.760732,14.03579],[101.759838,14.035808],[101.759438,14.035477],[101.758676,14.033626],[101.758266,14.03326],[101.758193,14.034755],[101.757943,14.035225],[101.757255,14.035434],[101.755789,14.035067],[101.755051,14.035297],[101.75344,14.03753],[101.750606,14.039062],[101.750476,14.039979],[101.752132,14.0403],[101.752679,14.040889],[101.752656,14.041952],[101.752125,14.043459],[101.752163,14.044993],[101.750942,14.045725],[101.747139,14.045838],[101.745662,14.046233],[101.744821,14.046769],[101.744495,14.047747],[101.744839,14.048708],[101.744752,14.049816],[101.74426,14.050805],[101.743245,14.051958],[101.742877,14.053197],[101.743364,14.055972],[101.743281,14.059205],[101.743622,14.0599],[101.744226,14.060257],[101.744785,14.060187],[101.747695,14.057846],[101.748271,14.057968],[101.748845,14.058729],[101.748989,14.05979],[101.748772,14.060673],[101.746609,14.063507],[101.746994,14.064555],[101.747517,14.06483],[101.749239,14.06495],[101.753077,14.064537],[101.754031,14.065295],[101.755273,14.067483],[101.755073,14.068635],[101.752835,14.070118],[101.750684,14.072012],[101.747618,14.073302],[101.746108,14.074457],[101.744384,14.076462],[101.743561,14.078848],[101.743285,14.081449],[101.743931,14.082785],[101.74494,14.082906],[101.746462,14.082062],[101.747128,14.081258],[101.748046,14.081257],[101.748981,14.081886],[101.751355,14.084427],[101.752072,14.085787],[101.752067,14.086658],[101.751154,14.087406],[101.750471,14.087655],[101.748914,14.08723],[101.746517,14.08708],[101.744869,14.087508],[101.743991,14.088233],[101.741133,14.087702],[101.742814,14.089002],[101.743567,14.088873],[101.743389,14.089741],[101.750584,14.097433],[101.74986,14.10165],[101.73914,14.107467],[101.738878,14.112703],[101.73694,14.115733],[101.733712,14.117092],[101.732856,14.12023],[101.723846,14.122638],[101.729053,14.129536],[101.727873,14.134721],[101.734004,14.144143],[101.731095,14.149079],[101.733027,14.152803],[101.734268,14.152842],[101.73841,14.151095],[101.740535,14.151715],[101.742835,14.152939],[101.744725,14.157892],[101.75051,14.160946],[101.754526,14.155843],[101.755059,14.152106],[101.754632,14.146774],[101.758052,14.146088],[101.756433,14.138941]]]},"bbox":[101.723846,14.03326,101.809625,14.160946]},{"type":"Feature","id":"056e9fe7-334a-4a26-be34-1b4157654367","properties":{"id":"056e9fe7-334a-4a26-be34-1b4157654367","code":"06250602","provinceCode":"25","nameTh":"องค์การบริหารส่วนตำบล บางแตน","nameEn":null,"geometryType":"MUNICIPALITY","sourceUrl":"https://landometer.com/api/v2/citymeter-v3/grocery/info/geom/056e9fe7-334a-4a26-be34-1b4157654367/MUNICIPALITY","sourceSha256":"0fe45f86c0041342133daac0b57ccfe58825d7edd7a8ceb26df8bac64cbef42f","retrievedAt":"2026-10-04T05:42:44.236545+00:00","boundaryVintage":null,"geometryStatus":"native_source_polygon_display_simplified","simplificationToleranceDegrees":0.00015,"simplificationPreservesTopology":true,"invalidSourceRepair":"make_valid; retain polygonal components; discard zero-area collapsed lines","legalBoundaryIndependentlyVerified":false,"areaId":"056e9fe7-334a-4a26-be34-1b4157654367"},"geometry":{"type":"Polygon","coordinates":[[[101.204121,13.892819],[101.220448,13.886917],[101.221048,13.886271],[101.220758,13.886262],[101.222207,13.883796],[101.22318,13.883535],[101.22343,13.883075],[101.22291,13.881801],[101.223172,13.880299],[101.222315,13.87973],[101.222071,13.879284],[101.221995,13.878311],[101.22256,13.877528],[101.222516,13.877228],[101.220284,13.876312],[101.22014,13.876656],[101.219388,13.876977],[101.217604,13.876283],[101.214015,13.876857],[101.213474,13.87613],[101.212694,13.876512],[101.212048,13.876195],[101.211544,13.876611],[101.210577,13.876077],[101.20922,13.876836],[101.20905,13.877853],[101.208622,13.878297],[101.207592,13.877601],[101.20601,13.878434],[101.20504,13.878631],[101.201173,13.878235],[101.200545,13.877726],[101.200005,13.876635],[101.20002,13.876187],[101.200862,13.875367],[101.200741,13.874806],[101.199324,13.874198],[101.19876,13.874478],[101.198246,13.874239],[101.195839,13.874414],[101.194563,13.874134],[101.194098,13.872888],[101.19501,13.871936],[101.1948,13.87134],[101.191811,13.870762],[101.191297,13.870064],[101.190653,13.869755],[101.189262,13.869747],[101.188855,13.869074],[101.188659,13.867343],[101.187533,13.866336],[101.185415,13.865378],[101.184415,13.862837],[101.183854,13.862683],[101.183042,13.862838],[101.182371,13.862539],[101.18204,13.862246],[101.181932,13.861488],[101.18137,13.861087],[101.178781,13.86112],[101.177292,13.86211],[101.176251,13.861724],[101.175015,13.862013],[101.174971,13.861571],[101.175792,13.860271],[101.175177,13.859836],[101.175399,13.859302],[101.175095,13.858605],[101.174087,13.858016],[101.172711,13.858199],[101.171816,13.857788],[101.17045,13.859124],[101.169287,13.858495],[101.168305,13.858496],[101.16753,13.858773],[101.167001,13.858309],[101.166129,13.858464],[101.165743,13.857543],[101.16459,13.856987],[101.164336,13.856231],[101.161948,13.853081],[101.160501,13.85369],[101.158202,13.853558],[101.15351,13.851818],[101.151143,13.851431],[101.149621,13.851627],[101.148014,13.852698],[101.147761,13.853473],[101.147864,13.854371],[101.148785,13.855291],[101.149957,13.855744],[101.157437,13.85723],[101.159365,13.858373],[101.160046,13.859027],[101.160919,13.86066],[101.161056,13.861657],[101.160887,13.863104],[101.159948,13.8642],[101.155176,13.865366],[101.150636,13.868028],[101.146128,13.870136],[101.145059,13.870984],[101.143505,13.872692],[101.140594,13.877854],[101.139494,13.881028],[101.139237,13.88328],[101.139607,13.884918],[101.140373,13.886235],[101.141964,13.887455],[101.142682,13.887682],[101.143698,13.887613],[101.144763,13.886979],[101.147502,13.882433],[101.149842,13.879846],[101.150815,13.879296],[101.152495,13.879326],[101.154806,13.881029],[101.157522,13.884075],[101.161607,13.889352],[101.162133,13.891281],[101.162076,13.893463],[101.161577,13.895296],[101.161128,13.895827],[101.160398,13.896067],[101.158872,13.895967],[101.154674,13.890978],[101.153379,13.889996],[101.150431,13.88854],[101.148998,13.888537],[101.147941,13.889126],[101.146494,13.890907],[101.145651,13.893059],[101.145897,13.894652],[101.146328,13.895469],[101.146919,13.89608],[101.147855,13.896569],[101.149274,13.896729],[101.15052,13.89656],[101.153701,13.89572],[101.154706,13.896057],[101.155687,13.897162],[101.1556,13.898592],[101.152745,13.902207],[101.152111,13.90371],[101.152237,13.90483],[101.153159,13.906989],[101.152313,13.911338],[101.152332,13.912549],[101.153303,13.915152],[101.158691,13.922072],[101.159036,13.922416],[101.157011,13.919894],[101.164528,13.917951],[101.171156,13.924994],[101.178037,13.924059],[101.182485,13.922801],[101.187219,13.917703],[101.199992,13.91602],[101.202324,13.908555],[101.207323,13.901216],[101.204121,13.892819]]]},"bbox":[101.139232,13.851431,101.223446,13.924994]},{"type":"Feature","id":"1ad1c27c-2e48-49fc-ac52-75e3ad798e29","properties":{"id":"1ad1c27c-2e48-49fc-ac52-75e3ad798e29","code":"06250603","provinceCode":"25","nameTh":"องค์การบริหารส่วนตำบล บางยาง","nameEn":null,"geometryType":"MUNICIPALITY","sourceUrl":"https://landometer.com/api/v2/citymeter-v3/grocery/info/geom/1ad1c27c-2e48-49fc-ac52-75e3ad798e29/MUNICIPALITY","sourceSha256":"1d170739a3c16e752311c15c21cb9e642072d674231dee6733d047f1068ef08d","retrievedAt":"2026-10-04T05:42:44.234314+00:00","boundaryVintage":null,"geometryStatus":"native_source_polygon_display_simplified","simplificationToleranceDegrees":0.00015,"simplificationPreservesTopology":true,"invalidSourceRepair":"make_valid; retain polygonal components; discard zero-area collapsed lines","legalBoundaryIndependentlyVerified":false,"areaId":"1ad1c27c-2e48-49fc-ac52-75e3ad798e29"},"geometry":{"type":"MultiPolygon","coordinates":[[[[101.15903342668365,13.92241279510921],[101.158691,13.922072],[101.159036,13.922416],[101.15903342668365,13.92241279510921]]],[[[101.18801,13.95219],[101.195865,13.938682],[101.204928,13.939203],[101.207521,13.937431],[101.216824,13.935622],[101.229962,13.931666],[101.233036,13.930073],[101.249715,13.930157],[101.251925,13.935141],[101.254589,13.933675],[101.258813,13.935958],[101.26158,13.93046],[101.258193,13.923896],[101.257945,13.906905],[101.252869,13.900104],[101.250744,13.894119],[101.244502,13.888688],[101.23963,13.880239],[101.237845,13.881025],[101.235312,13.88256],[101.232364,13.883593],[101.22871,13.884366],[101.225419,13.886112],[101.222919,13.885998],[101.220953,13.886272],[101.220448,13.886917],[101.204121,13.892819],[101.207323,13.901216],[101.202324,13.908555],[101.199992,13.91602],[101.187219,13.917703],[101.182485,13.922801],[101.178037,13.924059],[101.171156,13.924994],[101.164528,13.917951],[101.157011,13.919894],[101.15903342668365,13.92241279510921],[101.16037,13.923743],[101.161043,13.924903],[101.161074,13.925723],[101.160253,13.927687],[101.160107,13.928636],[101.16014,13.929629],[101.160917,13.932873],[101.160427,13.934006],[101.159375,13.934414],[101.158524,13.934015],[101.156269,13.930897],[101.154882,13.930022],[101.153388,13.930072],[101.152622,13.930591],[101.152273,13.931173],[101.152159,13.932198],[101.152429,13.932985],[101.1529,13.933982],[101.154506,13.936067],[101.154961,13.937756],[101.15458,13.943975],[101.152499,13.950585],[101.151393,13.952626],[101.149343,13.955015],[101.148699,13.956209],[101.148433,13.957446],[101.148625,13.960213],[101.148449,13.961407],[101.147946,13.962035],[101.146853,13.96248],[101.146635,13.963001],[101.148271,13.965988],[101.155618,13.966755],[101.160662,13.970009],[101.162279,13.965208],[101.166351,13.964398],[101.168219,13.95861],[101.175912,13.954503],[101.179092,13.950066],[101.184398,13.952527],[101.18801,13.95219]],[[101.257687,13.935349],[101.259129,13.934692],[101.25768705546359,13.935349029997626],[101.257687,13.935349]]]]},"bbox":[101.146635,13.880239,101.26158,13.970009]},{"type":"Feature","id":"edbc762f-feb2-4434-baf8-726de5ed1941","properties":{"id":"edbc762f-feb2-4434-baf8-726de5ed1941","code":"06250604","provinceCode":"25","nameTh":"องค์การบริหารส่วนตำบล บางกระเบา","nameEn":null,"geometryType":"MUNICIPALITY","sourceUrl":"https://landometer.com/api/v2/citymeter-v3/grocery/info/geom/edbc762f-feb2-4434-baf8-726de5ed1941/MUNICIPALITY","sourceSha256":"823be9b771a25309a30728575912d1793990a15a7c6d0baba147a95189a63f2a","retrievedAt":"2026-10-04T05:42:44.302797+00:00","boundaryVintage":null,"geometryStatus":"native_source_polygon_display_simplified","simplificationToleranceDegrees":0.00015,"simplificationPreservesTopology":true,"invalidSourceRepair":"make_valid; retain polygonal components; discard zero-area collapsed lines","legalBoundaryIndependentlyVerified":false,"areaId":"edbc762f-feb2-4434-baf8-726de5ed1941"},"geometry":{"type":"Polygon","coordinates":[[[101.202895,14.004183],[101.202894,14.003889],[101.202192,14.003353],[101.19972,14.002864],[101.202013,14.003317],[101.201078,14.003132],[101.201255,14.002665],[101.201848,14.002331],[101.202969,14.002143],[101.202805,14.001672],[101.20206,14.001288],[101.204633,13.998892],[101.204042,13.998571],[101.203352,13.997485],[101.204566,13.996416],[101.206614,13.995135],[101.208121,13.993021],[101.210823,13.993429],[101.211367,13.994946],[101.219493,13.992295],[101.220638,13.993696],[101.226413,13.989272],[101.225885,13.986509],[101.229366,13.981165],[101.229307,13.978719],[101.238605,13.968667],[101.237821,13.967606],[101.240325,13.966453],[101.238565,13.964745],[101.241246,13.962624],[101.239671,13.959494],[101.240641,13.955843],[101.23895,13.95538],[101.237708,13.958713],[101.232614,13.955211],[101.229318,13.955316],[101.225258,13.95823],[101.223258,13.955663],[101.219653,13.960824],[101.215598,13.960661],[101.216464,13.964931],[101.214637,13.966258],[101.206621,13.962246],[101.1886,13.963861],[101.178956,13.970847],[101.179078,13.970985],[101.178849,13.971156],[101.181265,13.973462],[101.185022,13.977715],[101.187704,13.983971],[101.186613,13.989139],[101.182499,13.992019],[101.180785,13.992862],[101.171948,13.992737],[101.16609,14.002342],[101.165599,14.002637],[101.163834,14.005094],[101.163708,14.006353],[101.164318,14.007751],[101.165274,14.008594],[101.165997,14.008662],[101.16668,14.008405],[101.1673,14.007668],[101.168421,14.004596],[101.169018,14.004121],[101.169964,14.004046],[101.170685,14.004488],[101.170962,14.005344],[101.170725,14.00647],[101.170154,14.007613],[101.170177,14.008437],[101.171809,14.011144],[101.172324,14.011611],[101.173022,14.011641],[101.173484,14.011356],[101.174566,14.009969],[101.175501,14.007846],[101.176254,14.007316],[101.176984,14.007208],[101.177765,14.007646],[101.178521,14.008931],[101.177702,14.011581],[101.177887,14.012123],[101.182535,14.01194],[101.186542,14.012505],[101.189372,14.014155],[101.191877,14.014934],[101.192075,14.014462],[101.190939,14.014584],[101.192992,14.009993],[101.192418,14.009691],[101.195715,14.007906],[101.199867,14.008709],[101.201998,14.004334],[101.202895,14.004183]]]},"bbox":[101.163687,13.955211,101.241246,14.014934]},{"type":"Feature","id":"c6324463-0a7b-4d17-9485-3939065808b9","properties":{"id":"c6324463-0a7b-4d17-9485-3939065808b9","code":"06250605","provinceCode":"25","nameTh":"องค์การบริหารส่วนตำบล บางปลาร้า","nameEn":null,"geometryType":"MUNICIPALITY","sourceUrl":"https://landometer.com/api/v2/citymeter-v3/grocery/info/geom/c6324463-0a7b-4d17-9485-3939065808b9/MUNICIPALITY","sourceSha256":"5d64caae34f88b8e65114339a3707e9b782d8cfba564693eac3277be82de758b","retrievedAt":"2026-10-04T05:42:44.317394+00:00","boundaryVintage":null,"geometryStatus":"native_source_polygon_display_simplified","simplificationToleranceDegrees":0.00015,"simplificationPreservesTopology":true,"invalidSourceRepair":"make_valid; retain polygonal components; discard zero-area collapsed lines","legalBoundaryIndependentlyVerified":false,"areaId":"c6324463-0a7b-4d17-9485-3939065808b9"},"geometry":{"type":"MultiPolygon","coordinates":[[[[101.285721,13.876383],[101.284336,13.875759],[101.282123,13.875976],[101.281331,13.876562],[101.280519,13.877736],[101.278519,13.87861],[101.273636,13.87572],[101.271301,13.876478],[101.269864,13.876463],[101.26823,13.875169],[101.265364,13.874312],[101.264391,13.873169],[101.263705,13.871815],[101.261832,13.870026],[101.259591,13.869413],[101.256849,13.869817],[101.25489,13.868616],[101.25371,13.868622],[101.252765,13.868235],[101.251583,13.868155],[101.250577,13.866752],[101.249693,13.866048],[101.246954,13.867226],[101.246414,13.867792],[101.245729,13.870405],[101.246558,13.871857],[101.246877,13.873159],[101.246196,13.873897],[101.245719,13.874938],[101.246065,13.875531],[101.245787,13.875962],[101.241064,13.879514],[101.239602,13.880251],[101.244502,13.888688],[101.250744,13.894119],[101.252869,13.900104],[101.257945,13.906905],[101.258193,13.923896],[101.26158,13.93046],[101.258813,13.935958],[101.273189,13.935498],[101.281642,13.938416],[101.287779,13.936155],[101.28715,13.942627],[101.295101,13.944448],[101.304521,13.941955],[101.311258,13.944614],[101.311099,13.946548],[101.321607,13.951867],[101.350151,13.964476],[101.348766,13.965871],[101.34977,13.965417],[101.350337,13.964709],[101.351628,13.960308],[101.351372,13.958792],[101.351641,13.955389],[101.351116,13.954019],[101.348251,13.950648],[101.347704,13.948267],[101.346411,13.945392],[101.345873,13.941593],[101.345658,13.937911],[101.345838,13.933859],[101.346727,13.931027],[101.346425,13.930355],[101.345439,13.929517],[101.345521,13.928354],[101.346926,13.923627],[101.348627,13.919051],[101.349115,13.914827],[101.351752,13.907309],[101.354184,13.902339],[101.358331,13.897412],[101.359833,13.896366],[101.361817,13.895524],[101.363744,13.894275],[101.36839,13.893366],[101.374092,13.891067],[101.37505,13.890337],[101.378354,13.886177],[101.379377,13.885536],[101.381176,13.88491],[101.383706,13.883142],[101.383665,13.882706],[101.384179,13.88163],[101.38488,13.881015],[101.384593,13.87977],[101.384684,13.877731],[101.384405,13.876756],[101.383654,13.875824],[101.383904,13.874723],[101.38274,13.873953],[101.38249,13.871344],[101.381371,13.867695],[101.381493,13.864039],[101.382046,13.859971],[101.381495,13.857028],[101.380887,13.84941],[101.374929,13.852716],[101.368601,13.855346],[101.367427,13.856368],[101.367379,13.856852],[101.364575,13.859558],[101.360807,13.859369],[101.359718,13.861294],[101.358591,13.862611],[101.357839,13.863111],[101.356087,13.863694],[101.356529,13.864401],[101.355989,13.865301],[101.355704,13.866935],[101.354889,13.86765],[101.35359,13.868005],[101.352402,13.869877],[101.351132,13.869576],[101.349742,13.8699],[101.347666,13.868761],[101.346221,13.866405],[101.345898,13.865114],[101.34457,13.862656],[101.343919,13.860592],[101.342507,13.859029],[101.339526,13.859918],[101.338501,13.859911],[101.33619,13.861118],[101.3364,13.863698],[101.335736,13.865186],[101.336381,13.866278],[101.336402,13.867243],[101.336897,13.86802],[101.336361,13.869692],[101.3359,13.870115],[101.333603,13.867221],[101.332616,13.866842],[101.327284,13.866977],[101.32332,13.867571],[101.317829,13.867758],[101.316176,13.868331],[101.312493,13.872409],[101.309633,13.873883],[101.306083,13.874895],[101.305032,13.874952],[101.303776,13.874222],[101.301827,13.873794],[101.301496,13.873351],[101.301303,13.872198],[101.300694,13.871618],[101.300136,13.871734],[101.299942,13.872555],[101.298222,13.872768],[101.297551,13.872492],[101.29689,13.871344],[101.296382,13.871253],[101.295262,13.872722],[101.294787,13.872731],[101.293235,13.87194],[101.290772,13.873159],[101.286633,13.874265],[101.286402,13.874658],[101.286525,13.875918],[101.285943,13.87634],[101.285821,13.876375],[101.285721,13.876383]]],[[[101.285803,13.876376],[101.28579,13.876377],[101.28579845454547,13.876376454545452],[101.285803,13.876376]]]]},"bbox":[101.239602,13.84941,101.384939,13.965871]},{"type":"Feature","id":"2fa8adfd-4175-41e6-a712-03373026758c","properties":{"id":"2fa8adfd-4175-41e6-a712-03373026758c","code":"06250606","provinceCode":"25","nameTh":"องค์การบริหารส่วนตำบล บางพลวง","nameEn":null,"geometryType":"MUNICIPALITY","sourceUrl":"https://landometer.com/api/v2/citymeter-v3/grocery/info/geom/2fa8adfd-4175-41e6-a712-03373026758c/MUNICIPALITY","sourceSha256":"f67a506858658c0d488618b8a54b4572b3537026080f6549262ebbecfb47e699","retrievedAt":"2026-10-04T05:42:44.371325+00:00","boundaryVintage":null,"geometryStatus":"native_source_polygon_display_simplified","simplificationToleranceDegrees":0.00015,"simplificationPreservesTopology":true,"invalidSourceRepair":"make_valid; retain polygonal components; discard zero-area collapsed lines","legalBoundaryIndependentlyVerified":false,"areaId":"2fa8adfd-4175-41e6-a712-03373026758c"},"geometry":{"type":"MultiPolygon","coordinates":[[[[101.244247,13.964108],[101.24430725956152,13.964003283816716],[101.244307,13.964003],[101.244247,13.964108]]],[[[101.250182,13.970427],[101.253406,13.970449],[101.255579,13.972495],[101.255792,13.985097],[101.253861,13.989549],[101.255012,13.999297],[101.252869,14.002191],[101.252789,14.013686],[101.246868,14.022527],[101.246529,14.026164],[101.24412,14.025233],[101.238717,14.026917],[101.228106,14.022216],[101.224296,14.026369],[101.268643,14.049731],[101.268807,14.061303],[101.275785,14.060007],[101.276251,14.05945],[101.276049,14.057964],[101.276803,14.057486],[101.277468,14.05626],[101.278317,14.056701],[101.279085,14.055569],[101.278951,14.055358],[101.278024,14.055241],[101.278543,14.054593],[101.277625,14.053887],[101.277593,14.053568],[101.27815,14.053379],[101.279461,14.053978],[101.279727,14.053636],[101.28021,14.054156],[101.281471,14.053977],[101.281704,14.053511],[101.281679,14.052616],[101.282331,14.052478],[101.282442,14.051787],[101.28301,14.051011],[101.283619,14.051104],[101.28403,14.050801],[101.283605,14.050448],[101.28197,14.049942],[101.281491,14.049117],[101.28177,14.048849],[101.283262,14.049007],[101.283837,14.048836],[101.283421,14.047143],[101.282042,14.04674],[101.28185,14.046176],[101.28218,14.045322],[101.282392,14.042456],[101.282779,14.042313],[101.283988,14.042664],[101.284418,14.042416],[101.284475,14.040372],[101.283333,14.038844],[101.283053,14.038064],[101.283784,14.036945],[101.285582,14.035573],[101.28585,14.032437],[101.28562,14.032054],[101.284396,14.031729],[101.283807,14.031327],[101.283074,14.030028],[101.283084,14.029357],[101.283717,14.028229],[101.283189,14.026385],[101.283138,14.024894],[101.280938,14.025125],[101.280403,14.024922],[101.280287,14.02446],[101.281743,14.023108],[101.283034,14.022385],[101.282369,14.020937],[101.283564,14.020188],[101.282404,14.018512],[101.282411,14.016933],[101.283189,14.016765],[101.285488,14.018006],[101.285664,14.017686],[101.285586,14.017217],[101.284192,14.015951],[101.283823,14.015336],[101.28392,14.014983],[101.285283,14.014894],[101.285817,14.014469],[101.285622,14.013915],[101.283787,14.013935],[101.283822,14.013489],[101.284707,14.012901],[101.28476,14.01174],[101.287079,14.011744],[101.291552,14.012353],[101.294111,14.012367],[101.296634,14.011783],[101.299106,14.010873],[101.303112,14.008958],[101.304341,14.00775],[101.306824,14.003668],[101.309268,14.001844],[101.311712,13.997393],[101.312267,13.994499],[101.311291,13.993508],[101.311161,13.993009],[101.311527,13.992301],[101.31256,13.99147],[101.312846,13.990815],[101.311726,13.989444],[101.313499,13.988309],[101.313038,13.986459],[101.313118,13.985614],[101.314695,13.982569],[101.315272,13.980283],[101.315897,13.979286],[101.316895,13.978854],[101.3202,13.978459],[101.322111,13.976831],[101.324696,13.97821],[101.326966,13.976824],[101.328694,13.976697],[101.332287,13.975958],[101.340132,13.97745],[101.341774,13.979574],[101.34235,13.979625],[101.345765,13.974857],[101.345903,13.973771],[101.345444,13.970477],[101.34635,13.967954],[101.347216,13.966814],[101.348766,13.965871],[101.350151,13.964476],[101.321607,13.951867],[101.311099,13.946548],[101.311258,13.944614],[101.304521,13.941955],[101.295101,13.944448],[101.28715,13.942627],[101.287779,13.936155],[101.281642,13.938416],[101.273189,13.935498],[101.258873,13.93599],[101.254589,13.933675],[101.25193,13.934988],[101.252078,13.935487],[101.251492,13.95153],[101.24828807788667,13.957092370767539],[101.249282,13.955367],[101.245434,13.962047],[101.244594,13.963505],[101.24430725956152,13.964003283816716],[101.250182,13.970427]]],[[[101.24492252503207,13.962934706332994],[101.245434,13.962047],[101.24828807788667,13.957092370767539],[101.24492252503207,13.962934706332994]]],[[[101.244307,13.964003],[101.244594,13.963505],[101.24492252503207,13.962934706332994],[101.244307,13.964003]]],[[[101.243747,13.964975],[101.244247,13.964108],[101.244067,13.964419],[101.243747,13.964975]]]]},"bbox":[101.224296,13.933675,101.350151,14.061303]},{"type":"Feature","id":"2202acd3-a3f6-4492-aeb5-a86a133d6ab1","properties":{"id":"2202acd3-a3f6-4492-aeb5-a86a133d6ab1","code":"06250607","provinceCode":"25","nameTh":"องค์การบริหารส่วนตำบล บ้านสร้าง","nameEn":null,"geometryType":"MUNICIPALITY","sourceUrl":"https://landometer.com/api/v2/citymeter-v3/grocery/info/geom/2202acd3-a3f6-4492-aeb5-a86a133d6ab1/MUNICIPALITY","sourceSha256":"0d2f2ea91192d30a9dfc1262983495bec99e9838c2c34ffdf75a079336ca5862","retrievedAt":"2026-10-04T05:42:44.311545+00:00","boundaryVintage":null,"geometryStatus":"native_source_polygon_display_simplified","simplificationToleranceDegrees":0.00015,"simplificationPreservesTopology":true,"invalidSourceRepair":"make_valid; retain polygonal components; discard zero-area collapsed lines","legalBoundaryIndependentlyVerified":false,"areaId":"2202acd3-a3f6-4492-aeb5-a86a133d6ab1"},"geometry":{"type":"Polygon","coordinates":[[[101.24412,14.025233],[101.246529,14.026164],[101.246868,14.022527],[101.252789,14.013686],[101.252869,14.002191],[101.255012,13.999297],[101.253861,13.989549],[101.255792,13.985097],[101.255579,13.972495],[101.253406,13.970449],[101.250182,13.970427],[101.244307,13.964003],[101.24176,13.968424],[101.239817,13.968327],[101.239896,13.968037],[101.237821,13.967606],[101.238605,13.968667],[101.229307,13.978719],[101.229366,13.981165],[101.225885,13.986509],[101.226376,13.988934],[101.226157,13.986931],[101.227339,13.9891],[101.226722,13.990647],[101.227689,13.995379],[101.226776,14.001974],[101.223648,14.008938],[101.223487,14.014536],[101.218435,14.018874],[101.216621,14.022401],[101.192992,14.009993],[101.190939,14.014584],[101.192075,14.014462],[101.191877,14.014934],[101.193215,14.015144],[101.195839,14.013502],[101.196428,14.013554],[101.196913,14.013979],[101.197147,14.015292],[101.196986,14.016006],[101.196007,14.017579],[101.19532,14.020797],[101.193672,14.022936],[101.193487,14.023981],[101.194177,14.024711],[101.195515,14.025316],[101.196675,14.024049],[101.198242,14.023066],[101.198959,14.023065],[101.200281,14.02369],[101.200398,14.02438],[101.20004,14.025377],[101.199405,14.026133],[101.197706,14.02724],[101.197163,14.027968],[101.196813,14.029065],[101.196984,14.029756],[101.197468,14.030369],[101.199488,14.031646],[101.200172,14.032471],[101.200536,14.033398],[101.200348,14.035029],[101.20095,14.037794],[101.201359,14.038574],[101.202892,14.039744],[101.203607,14.040827],[101.203671,14.041908],[101.202607,14.043293],[101.202281,14.044664],[101.202361,14.045309],[101.203598,14.04633],[101.205792,14.045565],[101.207958,14.046214],[101.208289,14.046634],[101.20874,14.048458],[101.210556,14.049797],[101.212929,14.052595],[101.213349,14.054815],[101.213936,14.0557],[101.215657,14.055275],[101.218194,14.054169],[101.220126,14.054609],[101.221598,14.05318],[101.222624,14.053202],[101.224379,14.052674],[101.225261,14.053276],[101.225766,14.053324],[101.227042,14.051717],[101.228605,14.052643],[101.229767,14.052985],[101.229486,14.054647],[101.228288,14.055179],[101.230344,14.056521],[101.230832,14.05638],[101.239568,14.057803],[101.240194,14.05861],[101.247425,14.059823],[101.249757,14.060677],[101.25185,14.0607],[101.259148,14.062186],[101.263067,14.061726],[101.265406,14.062052],[101.268807,14.061303],[101.268643,14.049731],[101.224296,14.026369],[101.228106,14.022216],[101.238717,14.026917],[101.24412,14.025233]]]},"bbox":[101.190939,13.964003,101.268807,14.062194]},{"type":"Feature","id":"240eea8b-dc3b-4322-93e5-cd32427a5e61","properties":{"id":"240eea8b-dc3b-4322-93e5-cd32427a5e61","code":"06250608","provinceCode":"25","nameTh":"องค์การบริหารส่วนตำบล บางเตย","nameEn":null,"geometryType":"MUNICIPALITY","sourceUrl":"https://landometer.com/api/v2/citymeter-v3/grocery/info/geom/240eea8b-dc3b-4322-93e5-cd32427a5e61/MUNICIPALITY","sourceSha256":"97ffd51aa7892f2ebfb9ae8dddd55c88aa3d82835fed2d0378a95b44a07bd07c","retrievedAt":"2026-10-04T05:42:44.323301+00:00","boundaryVintage":null,"geometryStatus":"native_source_polygon_display_simplified","simplificationToleranceDegrees":0.00015,"simplificationPreservesTopology":true,"invalidSourceRepair":"make_valid; retain polygonal components; discard zero-area collapsed lines","legalBoundaryIndependentlyVerified":false,"areaId":"240eea8b-dc3b-4322-93e5-cd32427a5e61"},"geometry":{"type":"Polygon","coordinates":[[[101.186613,13.989139],[101.187704,13.983971],[101.185022,13.977715],[101.181265,13.973462],[101.178849,13.971156],[101.179078,13.970985],[101.178956,13.970847],[101.1886,13.963861],[101.206621,13.962246],[101.214637,13.966258],[101.216464,13.964931],[101.215598,13.960661],[101.219653,13.960824],[101.223258,13.955663],[101.225258,13.95823],[101.229318,13.955316],[101.232614,13.955211],[101.237708,13.958713],[101.23895,13.95538],[101.240641,13.955843],[101.239671,13.959494],[101.241246,13.962624],[101.238565,13.964745],[101.240325,13.966453],[101.237821,13.967606],[101.239896,13.968037],[101.239817,13.968327],[101.24176,13.968424],[101.251492,13.95153],[101.252078,13.935487],[101.249715,13.930157],[101.233036,13.930073],[101.229962,13.931666],[101.216824,13.935622],[101.207521,13.937431],[101.204928,13.939203],[101.195865,13.938682],[101.18801,13.95219],[101.184398,13.952527],[101.179092,13.950066],[101.175912,13.954503],[101.168219,13.95861],[101.166351,13.964398],[101.162279,13.965208],[101.160662,13.970009],[101.155618,13.966755],[101.148271,13.965988],[101.146635,13.963001],[101.146853,13.96248],[101.143651,13.962642],[101.141515,13.963286],[101.139831,13.964497],[101.137475,13.967242],[101.137366,13.968815],[101.1378,13.969888],[101.140279,13.970418],[101.141672,13.97109],[101.142866,13.972346],[101.14321,13.973645],[101.142551,13.977409],[101.142188,13.981825],[101.141627,13.984405],[101.140446,13.987821],[101.140103,13.991258],[101.140007,13.99589],[101.139279,14.000203],[101.138732,14.000996],[101.139068,14.001417],[101.142203,14.002418],[101.143683,14.002353],[101.144111,14.001593],[101.143759,13.998918],[101.143856,13.997731],[101.144476,13.996912],[101.145928,13.996234],[101.146686,13.996507],[101.149178,13.998387],[101.153595,14.000119],[101.154483,14.000693],[101.155478,14.002008],[101.155858,14.004239],[101.156292,14.004156],[101.157865,14.002403],[101.158965,14.001863],[101.159566,14.001851],[101.16196,14.002616],[101.164143,14.001624],[101.164843,14.00156],[101.165568,14.001956],[101.165599,14.002637],[101.16609,14.002342],[101.171948,13.992737],[101.180785,13.992862],[101.182499,13.992019],[101.186613,13.989139]]]},"bbox":[101.137337,13.930073,101.252078,14.004252]},{"type":"Feature","id":"22eeaeac-afaf-4c5c-acb6-71f3ba15f3cf","properties":{"id":"22eeaeac-afaf-4c5c-acb6-71f3ba15f3cf","code":"06250703","provinceCode":"25","nameTh":"องค์การบริหารส่วนตำบล ประจันตคาม","nameEn":null,"geometryType":"MUNICIPALITY","sourceUrl":"https://landometer.com/api/v2/citymeter-v3/grocery/info/geom/22eeaeac-afaf-4c5c-acb6-71f3ba15f3cf/MUNICIPALITY","sourceSha256":"c721d00df2a1f06dbf4e2f95eecb950d106c8b9e677df67c81b385b144672347","retrievedAt":"2026-10-04T05:42:44.331773+00:00","boundaryVintage":null,"geometryStatus":"native_source_polygon_display_simplified","simplificationToleranceDegrees":0.00015,"simplificationPreservesTopology":true,"invalidSourceRepair":"make_valid; retain polygonal components; discard zero-area collapsed lines","legalBoundaryIndependentlyVerified":false,"areaId":"22eeaeac-afaf-4c5c-acb6-71f3ba15f3cf"},"geometry":{"type":"MultiPolygon","coordinates":[[[[101.544194,14.066913],[101.545461,14.066991],[101.544889,14.064712],[101.539925,14.059843],[101.539594,14.056827],[101.540091,14.056588],[101.540236,14.053732],[101.539465,14.050503],[101.547983,14.044992],[101.53976,14.04976],[101.532922,14.050145],[101.523336,14.052233],[101.522816,14.046258],[101.525985,14.043411],[101.52428,14.041937],[101.507627,14.045605],[101.49836,14.040926],[101.494557,14.044242],[101.490775,14.044723],[101.489077,14.03969],[101.483413,14.0399],[101.480583,14.035093],[101.480446,14.034172],[101.480805,14.029884],[101.484467,14.024076],[101.48619,14.017558],[101.485613,14.016638],[101.485097,14.016282],[101.482586,14.016429],[101.480605,14.017322],[101.479866,14.016901],[101.47875,14.016679],[101.478422,14.016956],[101.478768,14.017878],[101.478374,14.018971],[101.477277,14.018725],[101.476522,14.019013],[101.471865,14.017071],[101.473065,14.013888],[101.474441,14.012427],[101.474348,14.011779],[101.473752,14.011396],[101.472682,14.011578],[101.472417,14.011245],[101.471416,14.010892],[101.471059,14.011282],[101.469844,14.011292],[101.46733,14.009409],[101.465934,14.009305],[101.463377,14.00862],[101.463003,14.009297],[101.461301,14.009371],[101.45908,14.011923],[101.456818,14.013676],[101.455054,14.014253],[101.45399,14.015701],[101.453922,14.016416],[101.454279,14.016712],[101.454339,14.017329],[101.454736,14.017629],[101.454879,14.018372],[101.453913,14.019929],[101.453735,14.021155],[101.454872,14.022674],[101.45513,14.023559],[101.454748,14.023741],[101.454498,14.023394],[101.453561,14.023339],[101.453787,14.024699],[101.453138,14.025094],[101.452248,14.024902],[101.45091,14.026505],[101.450449,14.027408],[101.449136,14.027615],[101.448751,14.028713],[101.448125,14.028912],[101.44721,14.03136],[101.445248,14.033365],[101.445553,14.03601],[101.447499,14.037591],[101.44794,14.037376],[101.448397,14.036353],[101.448438,14.03554],[101.448043,14.034507],[101.448314,14.033964],[101.448831,14.033981],[101.449736,14.034976],[101.451011,14.035897],[101.451398,14.035932],[101.452657,14.035373],[101.454214,14.032997],[101.456205,14.032231],[101.456814,14.032182],[101.457173,14.032406],[101.457519,14.0334],[101.456026,14.03642],[101.455751,14.037966],[101.455099,14.037997],[101.452768,14.037378],[101.452292,14.037697],[101.452153,14.038207],[101.452501,14.038729],[101.454928,14.039321],[101.456582,14.039307],[101.456984,14.03953],[101.457115,14.040805],[101.457692,14.041734],[101.457672,14.042107],[101.456267,14.043133],[101.454538,14.043492],[101.45439,14.043984],[101.454586,14.044421],[101.460083,14.044491],[101.460583,14.045662],[101.459867,14.046785],[101.459378,14.046953],[101.458054,14.046499],[101.45738,14.046604],[101.457288,14.049871],[101.458018,14.049996],[101.458621,14.049224],[101.459021,14.049518],[101.458683,14.050941],[101.45719,14.051378],[101.457005,14.051661],[101.458403,14.053563],[101.459808,14.053609],[101.461146,14.053193],[101.461468,14.053342],[101.462275,14.054713],[101.462471,14.056521],[101.463338,14.056552],[101.463924,14.056133],[101.463867,14.054643],[101.464125,14.053794],[101.465415,14.051022],[101.465812,14.050837],[101.466099,14.05096],[101.467132,14.052585],[101.467032,14.053868],[101.467202,14.054115],[101.468335,14.054064],[101.469664,14.054393],[101.471222,14.05563],[101.472474,14.055342],[101.473769,14.054512],[101.47526,14.055477],[101.475519,14.055802],[101.475571,14.056504],[101.47532,14.057252],[101.474369,14.058073],[101.474598,14.058616],[101.476928,14.058655],[101.477635,14.057721],[101.478027,14.05758],[101.478274,14.057853],[101.478139,14.059004],[101.478905,14.059206],[101.480173,14.058791],[101.480638,14.058084],[101.481024,14.057899],[101.481842,14.059367],[101.481922,14.060508],[101.482554,14.060849],[101.482974,14.060589],[101.483178,14.059557],[101.483623,14.05918],[101.486795,14.058846],[101.487979,14.057777],[101.488438,14.057758],[101.488637,14.058293],[101.487822,14.059519],[101.486843,14.060203],[101.485798,14.060344],[101.485475,14.060737],[101.485422,14.061303],[101.48475,14.061646],[101.487167,14.064484],[101.487037,14.067592],[101.487604,14.067819],[101.488111,14.067671],[101.48912,14.066146],[101.490456,14.065914],[101.490698,14.066796],[101.490754,14.069509],[101.490929,14.069548],[101.490848,14.068549],[101.497532,14.068487],[101.502483,14.072214],[101.504207,14.071448],[101.509247,14.07915],[101.519058,14.070912],[101.511631,14.068111],[101.508563,14.068441],[101.50785,14.07002],[101.50296,14.060043],[101.526422,14.057296],[101.527019,14.062099],[101.530099,14.065177],[101.528604,14.06866],[101.531111,14.069856],[101.532484,14.068491],[101.532478,14.070273],[101.534234,14.071045],[101.535749,14.073644],[101.522367,14.078287],[101.525186,14.080549],[101.524586,14.08347],[101.535102,14.082419],[101.53523191626165,14.081856136578583],[101.538077,14.082676],[101.546942,14.075199],[101.543238,14.071121],[101.544194,14.066913]],[[101.534468,14.081636],[101.535232,14.081856],[101.53523191626165,14.081856136578583],[101.534468,14.081636]]],[[[101.544433,14.067004],[101.54616,14.06766],[101.54443294834134,14.067003790646478],[101.544433,14.067004]]],[[[101.519983,14.071192],[101.520037,14.071098],[101.519991,14.071178],[101.519983,14.071192]]]]},"bbox":[101.445241,14.00862,101.547983,14.08347]},{"type":"Feature","id":"380e1bc0-30d4-43c6-9bff-69e0864e20d3","properties":{"id":"380e1bc0-30d4-43c6-9bff-69e0864e20d3","code":"06250704","provinceCode":"25","nameTh":"องค์การบริหารส่วนตำบล เกาะลอย","nameEn":null,"geometryType":"MUNICIPALITY","sourceUrl":"https://landometer.com/api/v2/citymeter-v3/grocery/info/geom/380e1bc0-30d4-43c6-9bff-69e0864e20d3/MUNICIPALITY","sourceSha256":"f77c156252e32adfe6b6ab14393b2dd8d808db5fec68215956ef5f25d8a1b4dc","retrievedAt":"2026-10-04T05:42:44.318865+00:00","boundaryVintage":null,"geometryStatus":"native_source_polygon_display_simplified","simplificationToleranceDegrees":0.00015,"simplificationPreservesTopology":true,"invalidSourceRepair":"make_valid; retain polygonal components; discard zero-area collapsed lines","legalBoundaryIndependentlyVerified":false,"areaId":"380e1bc0-30d4-43c6-9bff-69e0864e20d3"},"geometry":{"type":"Polygon","coordinates":[[[101.548731,14.035413],[101.551313,14.033871],[101.551458,14.033416],[101.551242,14.033077],[101.550466,14.033544],[101.542262,14.028332],[101.538904,14.029492],[101.539856,14.023396],[101.533865,14.020586],[101.533345,14.012706],[101.527677,14.001295],[101.527457,13.995221],[101.524878,13.993519],[101.524225,13.994347],[101.524165,13.99527],[101.522626,13.996124],[101.522069,13.996179],[101.520332,13.995589],[101.519441,13.995526],[101.518635,13.995665],[101.517981,13.996141],[101.517693,13.996792],[101.517781,13.997296],[101.519284,13.998434],[101.519557,13.998944],[101.519671,13.999705],[101.519298,14.000215],[101.517455,13.999502],[101.514625,13.998924],[101.512956,13.997168],[101.512521,13.997282],[101.511784,13.998875],[101.511301,13.999199],[101.510725,13.999096],[101.509243,13.998107],[101.508523,13.998205],[101.50727,13.999275],[101.505643,14.001539],[101.502473,14.003969],[101.502595,14.00606],[101.503051,14.00827],[101.503477,14.009091],[101.503505,14.011422],[101.503036,14.0114],[101.502032,14.012009],[101.500894,14.01077],[101.500567,14.010707],[101.50029,14.010838],[101.50001,14.011499],[101.498556,14.011277],[101.495739,14.012142],[101.494595,14.014266],[101.491727,14.014648],[101.487022,14.018494],[101.486696,14.018478],[101.486172,14.017658],[101.484467,14.024076],[101.480805,14.029884],[101.480446,14.034172],[101.480583,14.035093],[101.48247,14.03808],[101.481238,14.035701],[101.483413,14.0399],[101.489077,14.03969],[101.490775,14.044723],[101.494557,14.044242],[101.49836,14.040926],[101.507627,14.045605],[101.52428,14.041937],[101.52598478656348,14.043411191749376],[101.522816,14.046258],[101.523336,14.052233],[101.532922,14.050145],[101.53976,14.04976],[101.547983,14.044992],[101.541829,14.037318],[101.543801,14.035531],[101.548731,14.035413]],[[101.525985,14.043411],[101.52618,14.04358],[101.52598478656348,14.043411191749376],[101.525985,14.043411]]]},"bbox":[101.480446,13.993519,101.551458,14.052233]},{"type":"Feature","id":"9ddbb321-b5a8-43be-b443-096cb2fd853b","properties":{"id":"9ddbb321-b5a8-43be-b443-096cb2fd853b","code":"06250705","provinceCode":"25","nameTh":"องค์การบริหารส่วนตำบล คำโตนด","nameEn":null,"geometryType":"MUNICIPALITY","sourceUrl":"https://landometer.com/api/v2/citymeter-v3/grocery/info/geom/9ddbb321-b5a8-43be-b443-096cb2fd853b/MUNICIPALITY","sourceSha256":"9e6db866adc970bbe84b154c8ca7d91f296882d70011b8933ba35a78131b2467","retrievedAt":"2026-10-04T05:42:44.386442+00:00","boundaryVintage":null,"geometryStatus":"native_source_polygon_display_simplified","simplificationToleranceDegrees":0.00015,"simplificationPreservesTopology":true,"invalidSourceRepair":"make_valid; retain polygonal components; discard zero-area collapsed lines","legalBoundaryIndependentlyVerified":false,"areaId":"9ddbb321-b5a8-43be-b443-096cb2fd853b"},"geometry":{"type":"Polygon","coordinates":[[[101.636502,14.15432],[101.637311,14.15225],[101.637288,14.150228],[101.639532,14.14796],[101.639993,14.146728],[101.640938,14.14606],[101.641047,14.144737],[101.641442,14.144089],[101.640807,14.142353],[101.639884,14.141062],[101.639828,14.139991],[101.640104,14.139152],[101.641225,14.138018],[101.642746,14.137137],[101.647279,14.132908],[101.647987,14.131741],[101.6484,14.129096],[101.649004,14.128395],[101.649207,14.127575],[101.650686,14.126833],[101.651145,14.125481],[101.652375,14.124858],[101.653264,14.123643],[101.654468,14.123073],[101.656071,14.121882],[101.657392,14.120594],[101.657768,14.119386],[101.659205,14.118607],[101.659084,14.118107],[101.658027,14.117034],[101.658469,14.115665],[101.65842,14.11509],[101.657376,14.112965],[101.655895,14.111519],[101.655822,14.109752],[101.654386,14.108882],[101.65347,14.10802],[101.65425,14.107305],[101.654246,14.107002],[101.647108,14.103008],[101.639282,14.102909],[101.633855,14.0958],[101.629474,14.093172],[101.626787,14.08689],[101.624142,14.08604],[101.620218,14.087612],[101.62006,14.084659],[101.617205,14.083954],[101.611339,14.074872],[101.608603,14.062174],[101.605609,14.059503],[101.575219,14.071686],[101.559966,14.072905],[101.544194,14.066913],[101.543238,14.071121],[101.546942,14.075199],[101.538077,14.082676],[101.535232,14.081856],[101.535045,14.082161],[101.535102,14.082419],[101.536031,14.082327],[101.539379,14.087192],[101.536452,14.089435],[101.537679,14.093259],[101.548884,14.096459],[101.548652,14.098356],[101.553561,14.10298],[101.557239,14.110138],[101.559954,14.110063],[101.559065,14.110608],[101.56070769635859,14.111029888856725],[101.566878,14.114263],[101.568563,14.115564],[101.567341,14.121715],[101.575262,14.125476],[101.579364,14.13082],[101.581425,14.137515],[101.58101,14.141609],[101.588574,14.154078],[101.592343,14.156924],[101.592969,14.163532],[101.607959,14.159779],[101.608518,14.159908],[101.611673,14.164364],[101.621503,14.164356],[101.631522,14.156454],[101.636502,14.15432]],[[101.560706,14.111029],[101.563679,14.111793],[101.56070769635859,14.111029888856725],[101.560706,14.111029]]]},"bbox":[101.535045,14.059503,101.659286,14.164451]},{"type":"Feature","id":"0c8279a9-adc5-4389-9377-886384eedcd9","properties":{"id":"0c8279a9-adc5-4389-9377-886384eedcd9","code":"06250706","provinceCode":"25","nameTh":"องค์การบริหารส่วนตำบล ดงบัง","nameEn":null,"geometryType":"MUNICIPALITY","sourceUrl":"https://landometer.com/api/v2/citymeter-v3/grocery/info/geom/0c8279a9-adc5-4389-9377-886384eedcd9/MUNICIPALITY","sourceSha256":"cc28c552dd4719c929d31eb073d765592358a1e25a4b112ad60c695881443cd3","retrievedAt":"2026-10-04T05:42:44.402796+00:00","boundaryVintage":null,"geometryStatus":"native_source_polygon_display_simplified","simplificationToleranceDegrees":0.00015,"simplificationPreservesTopology":true,"invalidSourceRepair":"make_valid; retain polygonal components; discard zero-area collapsed lines","legalBoundaryIndependentlyVerified":false,"areaId":"0c8279a9-adc5-4389-9377-886384eedcd9"},"geometry":{"type":"Polygon","coordinates":[[[101.616347,14.054387],[101.61479,14.054471],[101.614443,14.054108],[101.613382,14.054205],[101.613629,14.053532],[101.612601,14.053105],[101.611841,14.051805],[101.611314,14.051369],[101.610975,14.050092],[101.61049,14.049696],[101.610409,14.049123],[101.609137,14.047258],[101.608344,14.044059],[101.608786,14.041787],[101.607971,14.041079],[101.607822,14.039697],[101.60662,14.038057],[101.606442,14.036914],[101.605167,14.03567],[101.604288,14.03426],[101.603214,14.031869],[101.602794,14.029695],[101.600897,14.028578],[101.60018,14.027577],[101.599476,14.027226],[101.599316,14.026255],[101.599559,14.025635],[101.599191,14.025239],[101.599507,14.025168],[101.599867,14.023936],[101.599476,14.023627],[101.59938,14.023178],[101.59894,14.023261],[101.598975,14.022658],[101.598686,14.022126],[101.597939,14.022052],[101.597567,14.022417],[101.597226,14.021409],[101.59652,14.021036],[101.595618,14.019856],[101.595695,14.019542],[101.596224,14.019278],[101.596305,14.018901],[101.595589,14.018852],[101.595339,14.018607],[101.595124,14.017063],[101.594802,14.016383],[101.59407,14.01642],[101.594623,14.01512],[101.593763,14.014079],[101.593759,14.013361],[101.593306,14.01329],[101.592944,14.012787],[101.593239,14.01229],[101.592867,14.012046],[101.59216,14.009535],[101.588259,14.0065],[101.567003,14.005675],[101.563939,14.013809],[101.553754,14.01944],[101.553391,14.022165],[101.557019,14.02424],[101.558852,14.028495],[101.555617,14.030443],[101.555692,14.031253],[101.55651,14.030765],[101.576199,14.033929],[101.580452,14.035902],[101.581964,14.041053],[101.578709,14.043226],[101.583337,14.049124],[101.580869,14.052154],[101.582035,14.056619],[101.586958,14.061275],[101.588598,14.066382],[101.605609,14.059503],[101.608603,14.062174],[101.611339,14.074872],[101.617205,14.083954],[101.62006,14.084659],[101.620218,14.087612],[101.624142,14.08604],[101.626787,14.08689],[101.629474,14.093172],[101.633855,14.0958],[101.639282,14.102909],[101.647108,14.103008],[101.654246,14.107002],[101.654172,14.105852],[101.653778,14.104836],[101.653324,14.10392],[101.652712,14.103443],[101.65303,14.102934],[101.651459,14.101343],[101.651456,14.100149],[101.650969,14.09967],[101.651062,14.099121],[101.65022,14.098727],[101.650213,14.098502],[101.650725,14.098182],[101.648374,14.096721],[101.647582,14.095093],[101.647804,14.094602],[101.647707,14.093982],[101.64701,14.09378],[101.646758,14.092484],[101.645803,14.091109],[101.642962,14.090037],[101.64298,14.088262],[101.643381,14.088185],[101.643368,14.08728],[101.642783,14.087042],[101.642471,14.086561],[101.641949,14.084774],[101.641255,14.084804],[101.641059,14.084538],[101.640477,14.082597],[101.639813,14.078471],[101.639284,14.077678],[101.63916,14.076361],[101.638603,14.07447],[101.637257,14.072988],[101.635134,14.072021],[101.634386,14.071034],[101.633117,14.070793],[101.632944,14.06962],[101.631318,14.068428],[101.631248,14.067886],[101.629771,14.066011],[101.627433,14.06483],[101.6254,14.062995],[101.624397,14.063003],[101.62403,14.061687],[101.623456,14.060728],[101.623547,14.060276],[101.623121,14.060417],[101.622714,14.060005],[101.621609,14.056595],[101.620892,14.056617],[101.620656,14.056152],[101.61956,14.055568],[101.619164,14.054817],[101.617205,14.054988],[101.616347,14.054387]]]},"bbox":[101.553391,14.005675,101.654246,14.107002]},{"type":"Feature","id":"3087d6c1-0c19-4b4e-86e3-0bd178721869","properties":{"id":"3087d6c1-0c19-4b4e-86e3-0bd178721869","code":"06250707","provinceCode":"25","nameTh":"องค์การบริหารส่วนตำบล บ้านหอย","nameEn":null,"geometryType":"MUNICIPALITY","sourceUrl":"https://landometer.com/api/v2/citymeter-v3/grocery/info/geom/3087d6c1-0c19-4b4e-86e3-0bd178721869/MUNICIPALITY","sourceSha256":"5f7cba79bb187fa07d467c18f2f3a36f014c862a18a000232ca13724cbdc9d5c","retrievedAt":"2026-10-04T05:42:44.391275+00:00","boundaryVintage":null,"geometryStatus":"native_source_polygon_display_simplified","simplificationToleranceDegrees":0.00015,"simplificationPreservesTopology":true,"invalidSourceRepair":"make_valid; retain polygonal components; discard zero-area collapsed lines","legalBoundaryIndependentlyVerified":false,"areaId":"3087d6c1-0c19-4b4e-86e3-0bd178721869"},"geometry":{"type":"MultiPolygon","coordinates":[[[[101.592896,14.011847],[101.593426,14.0117],[101.593543,14.011182],[101.592599,14.010456],[101.597766,14.009506],[101.596785,14.004318],[101.595627,14.003705],[101.595869,14.002195],[101.596626,14.001492],[101.596375,14.000592],[101.597818,13.999885],[101.599718,13.999571],[101.599998,13.999672],[101.600231,14.000616],[101.601595,14.000286],[101.602099,14.000359],[101.602168,14.00059],[101.603787,14.000674],[101.603917,13.999677],[101.606237,13.999269],[101.606855,13.995786],[101.605604,13.995688],[101.605035,13.994376],[101.603504,13.994629],[101.602574,13.995054],[101.601757,13.994473],[101.599012,13.991972],[101.598971,13.990279],[101.59865,13.989005],[101.597434,13.987566],[101.596327,13.987111],[101.594051,13.985595],[101.593138,13.985839],[101.591802,13.985577],[101.591457,13.984725],[101.59038,13.984785],[101.588393,13.983913],[101.585314,13.983705],[101.585025,13.983407],[101.584538,13.981701],[101.583309,13.980692],[101.582188,13.980743],[101.580582,13.980131],[101.579768,13.980229],[101.57955,13.980523],[101.579519,13.981781],[101.578471,13.983099],[101.57416,13.985324],[101.572025,13.984836],[101.570337,13.985776],[101.568589,13.985998],[101.567466,13.985485],[101.566573,13.985625],[101.565833,13.985353],[101.56516,13.985458],[101.564371,13.984923],[101.563358,13.985563],[101.561118,13.986156],[101.558873,13.986036],[101.558188,13.985411],[101.557234,13.986478],[101.556276,13.98696],[101.555995,13.986898],[101.555928,13.986431],[101.554984,13.985452],[101.554706,13.984191],[101.553033,13.983679],[101.55184,13.983614],[101.551333,13.98299],[101.550776,13.982876],[101.548553,13.984443],[101.548723,13.985057],[101.549811,13.985926],[101.550022,13.98735],[101.548884,13.988126],[101.547647,13.99107],[101.546627,13.99265],[101.544989,13.992899],[101.542673,13.99365],[101.54149,13.993294],[101.538359,13.996228],[101.537513,13.996727],[101.532458,13.996571],[101.530599,13.996221],[101.52842,13.994994],[101.525714,13.9925],[101.524499,13.992454],[101.524027,13.992975],[101.524225,13.994347],[101.524878,13.993519],[101.527457,13.995221],[101.527677,14.001295],[101.533345,14.012706],[101.533865,14.020586],[101.539856,14.023396],[101.538904,14.029492],[101.542262,14.028332],[101.550466,14.033544],[101.557466,14.029329],[101.55631380415561,14.030023183975475],[101.558852,14.028495],[101.557019,14.02424],[101.553391,14.022165],[101.553754,14.01944],[101.563939,14.013809],[101.567003,14.005675],[101.588259,14.0065],[101.59216,14.009535],[101.592896,14.011847]]],[[[101.551242,14.033077],[101.551458,14.033416],[101.55131338436131,14.033869793900696],[101.55651,14.030765],[101.555692,14.031253],[101.555513,14.030843],[101.555617,14.030443],[101.55631380415561,14.030023183975475],[101.550466,14.033544],[101.551242,14.033077]]],[[[101.550436,14.034394],[101.551313,14.033871],[101.55131338436131,14.033869793900696],[101.550436,14.034394]]]]},"bbox":[101.524002,13.980117,101.606856,14.034394]},{"type":"Feature","id":"686e9d16-a2b0-461d-8c3a-29eac8b3e054","properties":{"id":"686e9d16-a2b0-461d-8c3a-29eac8b3e054","code":"06250708","provinceCode":"25","nameTh":"องค์การบริหารส่วนตำบล หนองแก้ว","nameEn":null,"geometryType":"MUNICIPALITY","sourceUrl":"https://landometer.com/api/v2/citymeter-v3/grocery/info/geom/686e9d16-a2b0-461d-8c3a-29eac8b3e054/MUNICIPALITY","sourceSha256":"9a7250d365f0507fdec3095c3f6f780a02d20ea1188853faf57d8c068558153d","retrievedAt":"2026-10-04T05:42:44.403020+00:00","boundaryVintage":null,"geometryStatus":"native_source_polygon_display_simplified","simplificationToleranceDegrees":0.00015,"simplificationPreservesTopology":true,"invalidSourceRepair":"make_valid; retain polygonal components; discard zero-area collapsed lines","legalBoundaryIndependentlyVerified":false,"areaId":"686e9d16-a2b0-461d-8c3a-29eac8b3e054"},"geometry":{"type":"Polygon","coordinates":[[[101.545505,14.175617],[101.541481,14.164738],[101.541953,14.161115],[101.53804,14.145829],[101.53798,14.139361],[101.540282,14.137519],[101.539061,14.133578],[101.540655,14.131916],[101.537749,14.128244],[101.540238,14.126805],[101.552128,14.126452],[101.552039,14.114909],[101.559954,14.110063],[101.557239,14.110138],[101.553561,14.10298],[101.548652,14.098356],[101.548884,14.096459],[101.537679,14.093259],[101.536452,14.089435],[101.539379,14.087192],[101.536031,14.082327],[101.524586,14.08347],[101.525186,14.080549],[101.52275,14.078594],[101.522641,14.078983],[101.521818,14.078477],[101.520699,14.073051],[101.520201,14.079413],[101.522042,14.07986],[101.521705,14.085483],[101.522848,14.086414],[101.521443,14.091789],[101.52439,14.09312],[101.524083,14.094875],[101.527242,14.097861],[101.528568,14.108576],[101.532163,14.11151],[101.530093,14.114888],[101.530586,14.118784],[101.527941,14.120546],[101.527902,14.128643],[101.523684,14.130743],[101.522405,14.132865],[101.52342,14.134817],[101.519561,14.137213],[101.517304,14.136253],[101.513457,14.142231],[101.51631,14.142559],[101.516492,14.144635],[101.517808,14.144739],[101.516896,14.146514],[101.518304,14.147467],[101.516089,14.1484],[101.51771,14.149771],[101.516563,14.156163],[101.520978,14.156121],[101.520221,14.159235],[101.522743,14.160436],[101.519694,14.160496],[101.518175,14.162228],[101.518268,14.165867],[101.51433,14.169217],[101.513954,14.174948],[101.515887,14.174027],[101.514962,14.176156],[101.5163,14.179017],[101.518252,14.177882],[101.520772,14.180525],[101.522214,14.179816],[101.524838,14.184259],[101.528957,14.183971],[101.531106,14.186105],[101.532139,14.184816],[101.536929,14.185463],[101.541311,14.189501],[101.541586,14.19588],[101.546672,14.199183],[101.547252,14.200061],[101.547668,14.199602],[101.545902,14.195626],[101.544711,14.190746],[101.545505,14.175617]]]},"bbox":[101.513457,14.073051,101.559954,14.200061]},{"type":"Feature","id":"b2c98feb-1b91-4e92-b601-85059bde163f","properties":{"id":"b2c98feb-1b91-4e92-b601-85059bde163f","code":"06250709","provinceCode":"25","nameTh":"องค์การบริหารส่วนตำบล หนองแสง","nameEn":null,"geometryType":"MUNICIPALITY","sourceUrl":"https://landometer.com/api/v2/citymeter-v3/grocery/info/geom/b2c98feb-1b91-4e92-b601-85059bde163f/MUNICIPALITY","sourceSha256":"e4f8651d2d6e505f0a53b4da3e2f4e17892f60ee5842adf80679809dc122f0cd","retrievedAt":"2026-10-04T05:42:44.403165+00:00","boundaryVintage":null,"geometryStatus":"native_source_polygon_display_simplified","simplificationToleranceDegrees":0.00015,"simplificationPreservesTopology":true,"invalidSourceRepair":"make_valid; retain polygonal components; discard zero-area collapsed lines","legalBoundaryIndependentlyVerified":false,"areaId":"b2c98feb-1b91-4e92-b601-85059bde163f"},"geometry":{"type":"Polygon","coordinates":[[[101.578709,14.043226],[101.581964,14.041053],[101.580452,14.035902],[101.576199,14.033929],[101.55651,14.030765],[101.548731,14.035413],[101.543801,14.035531],[101.541829,14.037318],[101.547983,14.044992],[101.539465,14.050503],[101.540236,14.053732],[101.540091,14.056588],[101.539594,14.056827],[101.539925,14.059843],[101.544889,14.064712],[101.545461,14.066991],[101.544433,14.067004],[101.559966,14.072905],[101.575219,14.071686],[101.588598,14.066382],[101.586958,14.061275],[101.582035,14.056619],[101.580869,14.052154],[101.583337,14.049124],[101.578709,14.043226]]]},"bbox":[101.539465,14.030765,101.588598,14.072905]},{"type":"Feature","id":"1f077016-9925-46e6-9195-10151cd9b3d7","properties":{"id":"1f077016-9925-46e6-9195-10151cd9b3d7","code":"06250710","provinceCode":"25","nameTh":"องค์การบริหารส่วนตำบล บุฝ้าย","nameEn":null,"geometryType":"MUNICIPALITY","sourceUrl":"https://landometer.com/api/v2/citymeter-v3/grocery/info/geom/1f077016-9925-46e6-9195-10151cd9b3d7/MUNICIPALITY","sourceSha256":"5215c6bb470b46d3d2cde6fba5e61553b7920a53c0e1e8f01979b4e7e77b5ecb","retrievedAt":"2026-10-04T05:42:44.423051+00:00","boundaryVintage":null,"geometryStatus":"native_source_polygon_display_simplified","simplificationToleranceDegrees":0.00015,"simplificationPreservesTopology":true,"invalidSourceRepair":"make_valid; retain polygonal components; discard zero-area collapsed lines","legalBoundaryIndependentlyVerified":false,"areaId":"1f077016-9925-46e6-9195-10151cd9b3d7"},"geometry":{"type":"Polygon","coordinates":[[[101.618472,14.417436],[101.61986,14.415687],[101.621776,14.414799],[101.626637,14.413725],[101.627175,14.413405],[101.627881,14.412365],[101.628549,14.409575],[101.629551,14.407391],[101.630626,14.406183],[101.631726,14.405963],[101.634168,14.405984],[101.639007,14.407481],[101.640875,14.407643],[101.642863,14.407401],[101.64496,14.406779],[101.649118,14.40362],[101.649809,14.401493],[101.64835,14.399027],[101.647873,14.395761],[101.647999,14.393684],[101.648967,14.392524],[101.648088,14.390792],[101.647807,14.389347],[101.647845,14.386207],[101.648627,14.38446],[101.64843,14.383101],[101.64569,14.380657],[101.643689,14.380173],[101.642931,14.379664],[101.639241,14.375052],[101.640045,14.374483],[101.640204,14.373606],[101.639987,14.371928],[101.641329,14.369178],[101.641885,14.366648],[101.642831,14.366081],[101.642808,14.364831],[101.643505,14.363507],[101.642798,14.360569],[101.641527,14.359624],[101.642008,14.35833],[101.642459,14.357914],[101.644172,14.357316],[101.645797,14.357938],[101.646783,14.35716],[101.649036,14.356694],[101.652094,14.35539],[101.65172,14.351677],[101.651954,14.349511],[101.650855,14.345453],[101.650659,14.34384],[101.650869,14.341881],[101.649956,14.340905],[101.649643,14.340069],[101.648341,14.339113],[101.648121,14.338448],[101.647035,14.337075],[101.646826,14.335677],[101.646907,14.335224],[101.647347,14.334831],[101.64992,14.334465],[101.651719,14.332914],[101.652556,14.330507],[101.653148,14.329645],[101.654476,14.329492],[101.656582,14.328533],[101.656569,14.326783],[101.657047,14.323632],[101.656616,14.323422],[101.655372,14.32367],[101.655156,14.323086],[101.65525,14.322038],[101.656814,14.319181],[101.656959,14.31745],[101.655636,14.316072],[101.654269,14.315508],[101.652142,14.315359],[101.651593,14.314805],[101.65166,14.313842],[101.652585,14.313877],[101.652843,14.313679],[101.652468,14.311634],[101.652534,14.310161],[101.652911,14.309431],[101.653931,14.308883],[101.65463,14.307433],[101.65579,14.306679],[101.655791,14.306208],[101.654988,14.304743],[101.655049,14.30388],[101.657299,14.302554],[101.657584,14.302681],[101.658215,14.304527],[101.657516,14.30597],[101.657541,14.30671],[101.658569,14.307561],[101.659872,14.306937],[101.660376,14.306958],[101.660336,14.309275],[101.661339,14.309859],[101.662967,14.310182],[101.66413,14.309359],[101.666656,14.305855],[101.66771,14.305006],[101.668668,14.303239],[101.669105,14.303201],[101.669468,14.303553],[101.66905,14.30446],[101.669094,14.304996],[101.669898,14.305572],[101.670453,14.305619],[101.672356,14.300544],[101.673629,14.298476],[101.674302,14.29864],[101.675973,14.300507],[101.676961,14.301012],[101.677765,14.3009],[101.678141,14.300074],[101.679277,14.299586],[101.679483,14.299289],[101.679453,14.296765],[101.674836,14.293769],[101.674412,14.293082],[101.67469,14.292817],[101.678556,14.292115],[101.67891,14.291446],[101.678268,14.290359],[101.678926,14.290126],[101.678738,14.289315],[101.679361,14.288751],[101.678371,14.288118],[101.681654,14.286643],[101.680807,14.285543],[101.680775,14.285073],[101.681013,14.284763],[101.682673,14.284064],[101.68266,14.28343],[101.682092,14.282424],[101.682897,14.281765],[101.682155,14.281124],[101.681816,14.280386],[101.680071,14.279183],[101.675172,14.277791],[101.675389,14.277078],[101.674026,14.275773],[101.673789,14.27527],[101.674307,14.273806],[101.673653,14.273072],[101.674049,14.271569],[101.673649,14.269635],[101.673154,14.269057],[101.672236,14.268571],[101.672271,14.267093],[101.671283,14.266485],[101.671013,14.264437],[101.670174,14.263111],[101.670183,14.262155],[101.669324,14.259985],[101.66905,14.258526],[101.66844,14.257494],[101.669129,14.256988],[101.669141,14.256504],[101.668224,14.256044],[101.66827,14.255046],[101.667666,14.254526],[101.667748,14.253502],[101.666764,14.253227],[101.666581,14.252344],[101.666166,14.251898],[101.664633,14.251251],[101.664859,14.250015],[101.664302,14.248068],[101.663556,14.247493],[101.663217,14.246832],[101.661842,14.246279],[101.661107,14.244861],[101.661262,14.244644],[101.662179,14.244608],[101.664081,14.243585],[101.665904,14.243375],[101.666258,14.242539],[101.667369,14.241728],[101.667395,14.240634],[101.667031,14.239155],[101.668069,14.238299],[101.67014,14.237217],[101.669659,14.235887],[101.668603,14.235393],[101.668907,14.234633],[101.668826,14.234134],[101.668046,14.233741],[101.667842,14.233371],[101.667829,14.232804],[101.668529,14.232247],[101.667944,14.229852],[101.668359,14.229012],[101.668186,14.228126],[101.668542,14.227358],[101.668654,14.225706],[101.669134,14.225074],[101.668839,14.224291],[101.668903,14.223746],[101.670058,14.223481],[101.670173,14.222876],[101.669959,14.221832],[101.672041,14.221507],[101.67188,14.220178],[101.672419,14.219787],[101.671856,14.2193],[101.671685,14.218735],[101.673416,14.218423],[101.673342,14.217719],[101.673803,14.217476],[101.673638,14.216152],[101.672831,14.214949],[101.672818,14.213908],[101.671791,14.213505],[101.671979,14.2128],[101.671815,14.21228],[101.672176,14.211607],[101.672026,14.211074],[101.672235,14.210036],[101.67406,14.207947],[101.675266,14.204576],[101.674776,14.202661],[101.674762,14.20098],[101.675029,14.200431],[101.67435,14.199412],[101.674974,14.198672],[101.673889,14.197527],[101.673458,14.194793],[101.671588,14.193837],[101.671555,14.193259],[101.671936,14.193114],[101.672359,14.192007],[101.671686,14.191446],[101.671181,14.190599],[101.668439,14.192169],[101.665652,14.192701],[101.664241,14.193295],[101.662692,14.193328],[101.659501,14.191873],[101.658363,14.191949],[101.658013,14.191647],[101.656227,14.191246],[101.656074,14.191005],[101.656319,14.190701],[101.656389,14.18984],[101.654648,14.188553],[101.653606,14.187533],[101.6532,14.186796],[101.651072,14.186669],[101.650712,14.185359],[101.65016,14.185012],[101.649807,14.184316],[101.648516,14.18301],[101.648698,14.182295],[101.647792,14.180614],[101.647592,14.179748],[101.646814,14.179284],[101.646082,14.178078],[101.646086,14.177793],[101.646686,14.177402],[101.646822,14.176955],[101.647232,14.176882],[101.646947,14.175674],[101.647552,14.174429],[101.646965,14.174008],[101.646893,14.173533],[101.646172,14.173041],[101.64575,14.171507],[101.644338,14.17079],[101.642619,14.169269],[101.642305,14.16808],[101.642425,14.165742],[101.64142,14.164974],[101.641108,14.164006],[101.640334,14.163514],[101.639928,14.162625],[101.638871,14.161779],[101.638892,14.159771],[101.638169,14.158707],[101.636502,14.15432],[101.631522,14.156454],[101.621503,14.164356],[101.611673,14.164364],[101.608518,14.159908],[101.607959,14.159779],[101.592969,14.163532],[101.592343,14.156924],[101.588574,14.154078],[101.58101,14.141609],[101.581425,14.137515],[101.579364,14.13082],[101.575262,14.125476],[101.567341,14.121715],[101.568563,14.115564],[101.566878,14.114263],[101.560706,14.111029],[101.559065,14.110608],[101.552039,14.114909],[101.552128,14.126452],[101.540238,14.126805],[101.537749,14.128244],[101.540655,14.131916],[101.539061,14.133578],[101.540282,14.137519],[101.53798,14.139361],[101.53804,14.145829],[101.541953,14.161115],[101.541481,14.164738],[101.545505,14.175617],[101.544711,14.190746],[101.545902,14.195626],[101.549147,14.202933],[101.550733,14.205335],[101.554281,14.208135],[101.555243,14.208596],[101.5513,14.212963],[101.548664,14.220346],[101.547073,14.219634],[101.540848,14.223793],[101.531373,14.22254],[101.532633,14.224791],[101.531626,14.226586],[101.528922,14.225949],[101.527497,14.227272],[101.531298,14.230463],[101.527052,14.231936],[101.528869,14.235543],[101.527616,14.239422],[101.529991,14.24443],[101.545116,14.264207],[101.549173,14.286179],[101.546509,14.305212],[101.538907,14.333088],[101.539071,14.338643],[101.545091,14.345863],[101.548012,14.355309],[101.555892,14.36092],[101.561312,14.369079],[101.562778,14.37435],[101.561452,14.383645],[101.55546,14.395283],[101.533692,14.424077],[101.531816,14.425055],[101.53574,14.42534],[101.539076,14.425118],[101.54079,14.425495],[101.541098,14.426196],[101.541234,14.428874],[101.541595,14.42966],[101.542132,14.43041],[101.543698,14.431665],[101.546992,14.436147],[101.554533,14.435859],[101.559441,14.436343],[101.564741,14.434963],[101.570648,14.435709],[101.57519,14.435816],[101.578192,14.436527],[101.581711,14.438545],[101.584032,14.44035],[101.58924,14.441595],[101.596574,14.441758],[101.600054,14.44143],[101.60494,14.440305],[101.610347,14.438017],[101.613707,14.435955],[101.617533,14.433019],[101.622023,14.428571],[101.622785,14.427723],[101.622014,14.425595],[101.618762,14.420069],[101.618337,14.418557],[101.618472,14.417436]]]},"bbox":[101.527052,14.110608,101.682898,14.441841]},{"type":"Feature","id":"879b5c80-7a8c-470f-8c77-d7b473f966ca","properties":{"id":"879b5c80-7a8c-470f-8c77-d7b473f966ca","code":"06250803","provinceCode":"25","nameTh":"องค์การบริหารส่วนตำบล ท่าตูม","nameEn":null,"geometryType":"MUNICIPALITY","sourceUrl":"https://landometer.com/api/v2/citymeter-v3/grocery/info/geom/879b5c80-7a8c-470f-8c77-d7b473f966ca/MUNICIPALITY","sourceSha256":"b3a676c49702de10d0caef2b95a7cf3f7b580b5d7b0c7f6cfc1a51b6ac9b746c","retrievedAt":"2026-10-04T05:42:44.445654+00:00","boundaryVintage":null,"geometryStatus":"native_source_polygon_display_simplified","simplificationToleranceDegrees":0.00015,"simplificationPreservesTopology":true,"invalidSourceRepair":"make_valid; retain polygonal components; discard zero-area collapsed lines","legalBoundaryIndependentlyVerified":false,"areaId":"879b5c80-7a8c-470f-8c77-d7b473f966ca"},"geometry":{"type":"Polygon","coordinates":[[[101.564516,13.962317],[101.565841,13.96062],[101.571132,13.963403],[101.568724,13.965439],[101.57186,13.974684],[101.580632,13.972157],[101.585832,13.968077],[101.587971,13.973213],[101.593574,13.972864],[101.594815,13.969798],[101.594545,13.968976],[101.59519,13.968349],[101.596488,13.968074],[101.598299,13.968348],[101.600058,13.967711],[101.600321,13.967158],[101.599835,13.966154],[101.602762,13.959431],[101.602187,13.959096],[101.601969,13.958361],[101.600938,13.958453],[101.59921,13.957544],[101.599761,13.956882],[101.599813,13.956216],[101.60027,13.95569],[101.600298,13.955238],[101.599521,13.954694],[101.599817,13.953858],[101.599541,13.953229],[101.598896,13.952792],[101.600189,13.951589],[101.599662,13.950403],[101.599559,13.9484],[101.599104,13.946746],[101.597427,13.942706],[101.597405,13.941612],[101.597624,13.940458],[101.598385,13.938794],[101.600411,13.936433],[101.601552,13.93029],[101.603051,13.929311],[101.607177,13.92903],[101.608844,13.924657],[101.608979,13.923514],[101.608789,13.922932],[101.609034,13.922366],[101.608751,13.921599],[101.609281,13.921031],[101.609894,13.921153],[101.610101,13.919751],[101.610916,13.919586],[101.610871,13.918769],[101.611272,13.918343],[101.611038,13.917061],[101.611162,13.916453],[101.61245,13.916413],[101.612889,13.916127],[101.613003,13.915522],[101.613794,13.91521],[101.614051,13.914498],[101.61446,13.914226],[101.614463,13.913646],[101.615188,13.913212],[101.61447,13.912136],[101.614556,13.911885],[101.615611,13.911206],[101.616187,13.91131],[101.616771,13.910353],[101.617404,13.910387],[101.618121,13.909674],[101.618773,13.909721],[101.619394,13.908702],[101.620765,13.909329],[101.621311,13.909026],[101.622316,13.909143],[101.623263,13.908367],[101.623193,13.907741],[101.623961,13.908121],[101.624181,13.908114],[101.624274,13.908054],[101.624375,13.907956],[101.623984,13.907697],[101.624822,13.906665],[101.606899,13.897956],[101.584628,13.896966],[101.566844,13.885296],[101.553117,13.889453],[101.545852,13.893557],[101.537288,13.902887],[101.536959,13.903588],[101.538268,13.905622],[101.537774,13.912939],[101.541284,13.923845],[101.53541,13.929552],[101.534431,13.937259],[101.53235,13.941078],[101.536128,13.947978],[101.536736,13.952465],[101.534254,13.955125],[101.535285,13.95922],[101.529374,13.966097],[101.529838,13.966389],[101.524708,13.970526],[101.524209,13.972353],[101.529453,13.972304],[101.531411,13.974697],[101.530799,13.977038],[101.534324,13.977367],[101.536275,13.982356],[101.531837,13.983854],[101.533019,13.986798],[101.538229,13.983369],[101.54259,13.976054],[101.559133,13.958818],[101.56236,13.960367],[101.563369,13.965706],[101.565613,13.965281],[101.564516,13.962317]]]},"bbox":[101.524209,13.885296,101.624822,13.986798]},{"type":"Feature","id":"6bc4be5d-8930-4d49-9d9c-9232f97e7ddd","properties":{"id":"6bc4be5d-8930-4d49-9d9c-9232f97e7ddd","code":"06250804","provinceCode":"25","nameTh":"องค์การบริหารส่วนตำบล ศรีมหาโพธิ","nameEn":null,"geometryType":"MUNICIPALITY","sourceUrl":"https://landometer.com/api/v2/citymeter-v3/grocery/info/geom/6bc4be5d-8930-4d49-9d9c-9232f97e7ddd/MUNICIPALITY","sourceSha256":"3e5d62b9164e3aa2ca0134a8d35f251ea7d3633564f2499d046ac19361bb7e94","retrievedAt":"2026-10-04T05:42:44.463613+00:00","boundaryVintage":null,"geometryStatus":"native_source_polygon_display_simplified","simplificationToleranceDegrees":0.00015,"simplificationPreservesTopology":true,"invalidSourceRepair":"make_valid; retain polygonal components; discard zero-area collapsed lines","legalBoundaryIndependentlyVerified":false,"areaId":"6bc4be5d-8930-4d49-9d9c-9232f97e7ddd"},"geometry":{"type":"MultiPolygon","coordinates":[[[[101.536128,13.947978],[101.53235,13.941078],[101.534431,13.937259],[101.53541,13.929552],[101.541284,13.923845],[101.537774,13.912939],[101.538268,13.905622],[101.536959,13.903588],[101.537288,13.902887],[101.545852,13.893557],[101.553117,13.889453],[101.566844,13.885296],[101.562908,13.879839],[101.561227,13.873423],[101.564306,13.870415],[101.570433,13.868271],[101.567914,13.864918],[101.568231,13.862557],[101.579957,13.855259],[101.579465,13.849321],[101.588152,13.84405],[101.595964,13.828166],[101.623468,13.802132],[101.6254,13.800703],[101.622885,13.796364],[101.632938,13.790992],[101.632981,13.790506],[101.632745,13.790628],[101.633315,13.786756],[101.645609,13.776984],[101.645336,13.769533],[101.640832,13.75942],[101.639251,13.747105],[101.638573,13.747321],[101.63871,13.747725],[101.637913,13.747931],[101.634117,13.748127],[101.632585,13.74842],[101.632672,13.747357],[101.632396,13.746434],[101.631544,13.746483],[101.630352,13.745691],[101.629828,13.746009],[101.628888,13.746132],[101.627903,13.744339],[101.62744,13.743832],[101.626423,13.743306],[101.625787,13.743941],[101.625022,13.744292],[101.624443,13.744091],[101.624146,13.744236],[101.623261,13.742961],[101.623312,13.742235],[101.622798,13.742459],[101.622005,13.74149],[101.621702,13.741648],[101.621258,13.741133],[101.62093,13.741317],[101.620771,13.741046],[101.620439,13.741104],[101.620123,13.740233],[101.619379,13.748707],[101.606344,13.75128],[101.605655,13.756123],[101.597399,13.760589],[101.597252,13.764311],[101.60018,13.764856],[101.600909,13.768751],[101.608877,13.774951],[101.605764,13.790343],[101.594983,13.803072],[101.589381,13.81688],[101.576213,13.828774],[101.558685,13.841635],[101.559484,13.843103],[101.558122,13.844939],[101.560449,13.848812],[101.55789,13.863684],[101.539925,13.88167],[101.538333,13.890861],[101.533298,13.89683],[101.536386,13.901209],[101.534334,13.901719],[101.534313,13.905063],[101.532037,13.903882],[101.529566,13.905447],[101.530263,13.909013],[101.526774,13.911212],[101.528558,13.911753],[101.526573,13.915064],[101.531347,13.916952],[101.531239,13.926814],[101.533538,13.927644],[101.533165,13.930011],[101.526095,13.935064],[101.522543,13.934707],[101.51868,13.936846],[101.518319,13.938584],[101.513978,13.939576],[101.508811,13.950734],[101.511261,13.949797],[101.516667,13.963049],[101.51997,13.967254],[101.527504,13.964919],[101.529374,13.966097],[101.535285,13.95922],[101.534254,13.955125],[101.536736,13.952465],[101.536128,13.947978]]],[[[101.502473,14.003969],[101.505643,14.001539],[101.50727,13.999275],[101.508625,13.998155],[101.506587,13.993022],[101.501534,13.989013],[101.49682,13.99476],[101.491366,13.991925],[101.495398,13.987547],[101.495864,13.983483],[101.504733,13.974502],[101.50781,13.974217],[101.503648,13.96199],[101.49374,13.975072],[101.493567,13.975039],[101.490993,13.961821],[101.483312,13.952981],[101.478575,13.950459],[101.462899,13.952033],[101.458602,13.949715],[101.457967,13.958205],[101.463882,13.961377],[101.466851,13.965736],[101.461442,13.969984],[101.461174,13.972338],[101.458715,13.971495],[101.458732,13.974641],[101.453009,13.975489],[101.457049,13.984704],[101.453032,13.989882],[101.446429,13.993823],[101.449089,13.99999],[101.452671,13.998145],[101.453715,13.999817],[101.453172,14.00007],[101.453664,13.999878],[101.454765,14.000411],[101.45618,14.001722],[101.456877,14.001961],[101.457827,14.003342],[101.458767,14.003902],[101.459127,14.004765],[101.45865,14.005186],[101.459412,14.005954],[101.459591,14.006994],[101.461383,14.008428],[101.462009,14.008612],[101.462753,14.008397],[101.465934,14.009305],[101.467182,14.009358],[101.469918,14.011311],[101.471059,14.011282],[101.471416,14.010892],[101.472417,14.011245],[101.472682,14.011578],[101.473978,14.011496],[101.474426,14.01193],[101.47441,14.01251],[101.473065,14.013888],[101.471802,14.017008],[101.476522,14.019013],[101.477277,14.018725],[101.478374,14.018971],[101.478768,14.017878],[101.478422,14.016956],[101.47875,14.016679],[101.479866,14.016901],[101.480605,14.017322],[101.482586,14.016429],[101.484835,14.016277],[101.485533,14.016548],[101.486354,14.018074],[101.486971,14.018511],[101.491727,14.014648],[101.494595,14.014266],[101.495739,14.012142],[101.498556,14.011277],[101.50001,14.011499],[101.50029,14.010838],[101.500567,14.010707],[101.500894,14.01077],[101.502032,14.012009],[101.503036,14.0114],[101.503505,14.011422],[101.503477,14.009091],[101.503051,14.00827],[101.502595,14.00606],[101.502473,14.003969]]]]},"bbox":[101.446429,13.740218,101.645609,14.019052]},{"type":"Feature","id":"9e5a9c02-f0c2-45d9-bedb-30d9ab59ff12","properties":{"id":"9e5a9c02-f0c2-45d9-bedb-30d9ab59ff12","code":"06250805","provinceCode":"25","nameTh":"องค์การบริหารส่วนตำบล กรอกสมบูรณ์","nameEn":null,"geometryType":"MUNICIPALITY","sourceUrl":"https://landometer.com/api/v2/citymeter-v3/grocery/info/geom/9e5a9c02-f0c2-45d9-bedb-30d9ab59ff12/MUNICIPALITY","sourceSha256":"cd3c896ed36dd93542dd1233f89092d0f14565535e5e7d5693de0b1cee75c2db","retrievedAt":"2026-10-04T05:42:44.493264+00:00","boundaryVintage":null,"geometryStatus":"native_source_polygon_display_simplified","simplificationToleranceDegrees":0.00015,"simplificationPreservesTopology":true,"invalidSourceRepair":"make_valid; retain polygonal components; discard zero-area collapsed lines","legalBoundaryIndependentlyVerified":false,"areaId":"9e5a9c02-f0c2-45d9-bedb-30d9ab59ff12"},"geometry":{"type":"MultiPolygon","coordinates":[[[[101.63913,13.747139],[101.6392510813707,13.747105633826823],[101.639251,13.747105],[101.63913,13.747139]]],[[[101.62544,13.88879],[101.626432,13.889135],[101.626675,13.888282],[101.625966,13.887359],[101.626803,13.887009],[101.62466,13.88418],[101.624096,13.884082],[101.624594,13.883579],[101.625056,13.883891],[101.625244,13.883268],[101.625077,13.882544],[101.625363,13.881936],[101.624772,13.880783],[101.624971,13.880222],[101.62449,13.879739],[101.624872,13.878682],[101.624334,13.878307],[101.624219,13.877759],[101.623306,13.877703],[101.623146,13.877237],[101.62356,13.876797],[101.622726,13.876192],[101.622974,13.87574],[101.62291,13.875225],[101.622352,13.875135],[101.622423,13.87474],[101.622815,13.874574],[101.622999,13.873114],[101.62225,13.872572],[101.622907,13.871827],[101.623792,13.872118],[101.624075,13.871414],[101.623849,13.870903],[101.623861,13.86973],[101.6234,13.869528],[101.623383,13.869072],[101.622235,13.867835],[101.62252,13.867532],[101.623393,13.867334],[101.623192,13.866611],[101.622728,13.866303],[101.623637,13.865295],[101.623485,13.864994],[101.623786,13.864699],[101.623384,13.864537],[101.623522,13.863244],[101.622544,13.863326],[101.622848,13.863179],[101.62289,13.862856],[101.623198,13.862838],[101.623306,13.862436],[101.623051,13.862053],[101.622437,13.861963],[101.622925,13.861653],[101.622635,13.861172],[101.622835,13.860516],[101.622501,13.85936],[101.622157,13.859284],[101.6223,13.858931],[101.623412,13.858602],[101.623134,13.857593],[101.623814,13.857518],[101.623729,13.856153],[101.624094,13.856209],[101.624513,13.855319],[101.625245,13.855499],[101.624928,13.854834],[101.625401,13.853549],[101.624934,13.85216],[101.624312,13.851549],[101.62404,13.851558],[101.623711,13.852073],[101.622964,13.851518],[101.622419,13.851444],[101.622261,13.850951],[101.621137,13.850395],[101.620887,13.849717],[101.62062,13.849818],[101.620531,13.850297],[101.61977,13.850497],[101.617984,13.850206],[101.617515,13.849326],[101.617203,13.849666],[101.61638,13.849777],[101.61599,13.849544],[101.615478,13.849908],[101.614957,13.849379],[101.613802,13.84939],[101.613517,13.849006],[101.612953,13.849064],[101.612566,13.848299],[101.612897,13.848175],[101.61209,13.847691],[101.611991,13.846696],[101.611515,13.846392],[101.61189,13.845695],[101.611298,13.845143],[101.61152,13.844403],[101.610913,13.844172],[101.610318,13.843017],[101.610535,13.842582],[101.610078,13.842355],[101.610462,13.841848],[101.610056,13.841693],[101.609869,13.841057],[101.610056,13.840563],[101.609727,13.840315],[101.610438,13.839929],[101.6104,13.838766],[101.611284,13.838241],[101.610967,13.836881],[101.61124,13.836015],[101.610804,13.835347],[101.61129,13.834712],[101.610795,13.834384],[101.611194,13.83394],[101.610956,13.83364],[101.611301,13.833436],[101.611071,13.833034],[101.611045,13.83184],[101.611414,13.831699],[101.611272,13.831192],[101.611565,13.831033],[101.611519,13.830422],[101.611968,13.830352],[101.611601,13.829739],[101.612104,13.829664],[101.611972,13.829398],[101.612516,13.828741],[101.612612,13.827902],[101.612389,13.827669],[101.612712,13.827315],[101.612522,13.826994],[101.613582,13.826435],[101.613663,13.826016],[101.615009,13.825825],[101.615247,13.82605],[101.615969,13.825938],[101.616306,13.825502],[101.616897,13.825619],[101.616757,13.824453],[101.617233,13.824305],[101.617448,13.823789],[101.618495,13.823118],[101.618247,13.822738],[101.61878,13.821882],[101.619545,13.821694],[101.619595,13.821289],[101.620242,13.821032],[101.620987,13.821367],[101.621244,13.820996],[101.620929,13.820806],[101.620956,13.820393],[101.621265,13.820334],[101.621677,13.820641],[101.62153,13.820129],[101.62217,13.81979],[101.622318,13.81914],[101.622971,13.818692],[101.623493,13.818653],[101.623466,13.818249],[101.624077,13.8178],[101.624836,13.817794],[101.624863,13.817138],[101.625598,13.816861],[101.625062,13.816258],[101.625737,13.81577],[101.625623,13.814567],[101.625836,13.814358],[101.625396,13.813235],[101.625008,13.81308],[101.624964,13.812816],[101.625512,13.81232],[101.625517,13.8119],[101.62653,13.811208],[101.626715,13.810539],[101.627714,13.810641],[101.627675,13.810053],[101.628259,13.81008],[101.628077,13.809429],[101.628492,13.809355],[101.629185,13.808579],[101.629462,13.808722],[101.629969,13.808186],[101.630425,13.808303],[101.630845,13.80764],[101.632957,13.807393],[101.633164,13.806811],[101.633952,13.806398],[101.633703,13.806118],[101.63402,13.80549],[101.63487,13.80607],[101.635392,13.805646],[101.635702,13.805789],[101.636571,13.80527],[101.637377,13.805331],[101.637528,13.805758],[101.637967,13.805127],[101.638543,13.805069],[101.639127,13.804676],[101.638967,13.804096],[101.639751,13.803944],[101.640022,13.803674],[101.64096,13.803554],[101.641958,13.804015],[101.643154,13.803422],[101.643404,13.802959],[101.643716,13.803542],[101.644016,13.803067],[101.644951,13.802794],[101.645037,13.802232],[101.645486,13.802371],[101.646894,13.801461],[101.648825,13.801108],[101.649918,13.800076],[101.652965,13.798869],[101.653645,13.797991],[101.654498,13.79779],[101.655289,13.797041],[101.656194,13.796894],[101.656886,13.796317],[101.65936,13.796816],[101.661252,13.795987],[101.662552,13.796105],[101.664116,13.795846],[101.664385,13.795522],[101.664818,13.795451],[101.669641,13.79616],[101.677117,13.794954],[101.67911,13.794914],[101.680664,13.794441],[101.681847,13.793301],[101.682462,13.791622],[101.686343,13.788383],[101.691136,13.786417],[101.692634,13.785198],[101.693979,13.782008],[101.693959,13.778298],[101.694162,13.777437],[101.693177,13.777643],[101.692831,13.777195],[101.691949,13.777096],[101.691203,13.775912],[101.691081,13.77326],[101.690464,13.771415],[101.690672,13.769878],[101.68982,13.766444],[101.689096,13.760583],[101.687807,13.758978],[101.687115,13.757627],[101.684401,13.756129],[101.683719,13.75618],[101.682677,13.755748],[101.681601,13.75608],[101.679149,13.754896],[101.678108,13.752924],[101.676861,13.75185],[101.676941,13.751572],[101.676466,13.751361],[101.676273,13.750661],[101.675989,13.750599],[101.67433,13.748619],[101.674182,13.747555],[101.673734,13.746931],[101.673376,13.746816],[101.67303,13.745941],[101.672382,13.745149],[101.672336,13.744507],[101.671883,13.744059],[101.671868,13.743056],[101.671292,13.742671],[101.670951,13.742035],[101.671097,13.741004],[101.670451,13.740194],[101.670445,13.739659],[101.668978,13.73835],[101.667919,13.738244],[101.66581,13.735522],[101.665732,13.734847],[101.665294,13.734761],[101.665058,13.73437],[101.665193,13.733988],[101.664822,13.733936],[101.664577,13.733545],[101.663864,13.733759],[101.663324,13.733442],[101.662902,13.733663],[101.662657,13.733978],[101.66273,13.734577],[101.662212,13.735261],[101.660659,13.736348],[101.658993,13.736668],[101.658503,13.738005],[101.654966,13.739639],[101.651417,13.740923],[101.648289,13.742467],[101.645895,13.744129],[101.644131,13.744839],[101.644276,13.746022],[101.643873,13.746344],[101.642874,13.746713],[101.6392510813707,13.747105633826823],[101.640832,13.75942],[101.645336,13.769533],[101.645609,13.776984],[101.633315,13.786756],[101.632745,13.790628],[101.653883,13.779798],[101.654567,13.768259],[101.668535,13.762883],[101.675059,13.778483],[101.669275,13.786736],[101.661079,13.787528],[101.628132,13.805389],[101.6254,13.800703],[101.623468,13.802132],[101.595964,13.828166],[101.588152,13.84405],[101.579465,13.849321],[101.579957,13.855259],[101.568231,13.862557],[101.567914,13.864918],[101.570433,13.868271],[101.564306,13.870415],[101.561227,13.873423],[101.562908,13.879839],[101.566844,13.885296],[101.584628,13.896966],[101.606899,13.897956],[101.624822,13.906665],[101.623984,13.907697],[101.624345,13.907985],[101.626074,13.906619],[101.626319,13.905426],[101.625506,13.904522],[101.624629,13.904978],[101.624094,13.904838],[101.624062,13.904517],[101.624503,13.904484],[101.624627,13.904263],[101.623994,13.903592],[101.624781,13.902909],[101.62436,13.902206],[101.623293,13.902008],[101.623261,13.901758],[101.623814,13.901777],[101.624272,13.90134],[101.623242,13.900996],[101.622962,13.900501],[101.623909,13.899054],[101.623645,13.898676],[101.62367,13.897879],[101.624623,13.897641],[101.624476,13.896983],[101.623451,13.896772],[101.624098,13.896379],[101.623636,13.895638],[101.623795,13.894958],[101.624402,13.895123],[101.624593,13.894935],[101.623664,13.893696],[101.624279,13.893456],[101.624373,13.892394],[101.625223,13.891606],[101.625234,13.890972],[101.625985,13.890714],[101.62544,13.88879]]]]},"bbox":[101.561227,13.733442,101.694162,13.907985]},{"type":"Feature","id":"51579745-9ea0-43ce-9519-6c05bf5cdaf6","properties":{"id":"51579745-9ea0-43ce-9519-6c05bf5cdaf6","code":"06250806","provinceCode":"25","nameTh":"องค์การบริหารส่วนตำบล ดงกระทงยาม","nameEn":null,"geometryType":"MUNICIPALITY","sourceUrl":"https://landometer.com/api/v2/citymeter-v3/grocery/info/geom/51579745-9ea0-43ce-9519-6c05bf5cdaf6/MUNICIPALITY","sourceSha256":"16582718e7add81760a756e241f067cb891dda2ef83b6d7091b9fa438c53dbe6","retrievedAt":"2026-10-04T05:42:44.477612+00:00","boundaryVintage":null,"geometryStatus":"native_source_polygon_display_simplified","simplificationToleranceDegrees":0.00015,"simplificationPreservesTopology":true,"invalidSourceRepair":"make_valid; retain polygonal components; discard zero-area collapsed lines","legalBoundaryIndependentlyVerified":false,"areaId":"51579745-9ea0-43ce-9519-6c05bf5cdaf6"},"geometry":{"type":"Polygon","coordinates":[[[101.449089,13.99999],[101.446429,13.993823],[101.453032,13.989882],[101.457049,13.984704],[101.453009,13.975489],[101.458732,13.974641],[101.458715,13.971495],[101.461174,13.972338],[101.461442,13.969984],[101.466851,13.965736],[101.463882,13.961377],[101.457967,13.958205],[101.458602,13.949715],[101.456871,13.949444],[101.450493,13.941545],[101.436763,13.940751],[101.433032,13.944009],[101.433021,13.944425],[101.430109,13.943098],[101.429048,13.943806],[101.428181,13.944761],[101.427303,13.947629],[101.426089,13.949112],[101.420782,13.949434],[101.420689,13.951244],[101.415656,13.951071],[101.410325,13.950454],[101.410091,13.949875],[101.406483,13.950074],[101.406255,13.949466],[101.403561,13.949561],[101.403369,13.949314],[101.40185,13.948966],[101.3983,13.948607],[101.398382,13.949718],[101.397797,13.955115],[101.400051,13.960142],[101.395609,13.960437],[101.392489,13.958476],[101.390488,13.957981],[101.388187,13.958635],[101.388944,13.989889],[101.388663,13.991439],[101.38653,13.996462],[101.387115,13.99649],[101.389841,13.994553],[101.390516,13.994854],[101.391656,13.99464],[101.391714,13.99505],[101.390533,13.995548],[101.390992,13.996601],[101.39065,13.996857],[101.389661,13.996946],[101.389587,13.997243],[101.390111,13.997953],[101.392542,13.998624],[101.393637,13.997948],[101.39384,13.996862],[101.394537,13.997397],[101.394957,13.997288],[101.395103,13.994665],[101.396833,13.9946],[101.397092,13.994407],[101.397213,13.993607],[101.399768,13.992854],[101.400531,13.993212],[101.402284,13.993267],[101.403003,13.99413],[101.403383,13.993455],[101.40438,13.992641],[101.405032,13.992427],[101.406267,13.99266],[101.407549,13.991912],[101.408293,13.99245],[101.409561,13.995064],[101.410872,13.99541],[101.414078,13.997532],[101.415551,13.997911],[101.417384,13.998884],[101.419233,13.99936],[101.420743,13.999223],[101.421887,13.999483],[101.427341,13.999057],[101.427693,13.999892],[101.42795,13.999987],[101.430954,13.99936],[101.43116,13.999631],[101.432053,13.999887],[101.431827,14.001207],[101.434277,14.001954],[101.435553,14.001975],[101.435655,14.003358],[101.440851,14.003651],[101.441263,14.003446],[101.445559,14.003303],[101.450261,14.003661],[101.451293,14.00218],[101.453617,13.999921],[101.453183,14.000049],[101.453715,13.999817],[101.452671,13.998145],[101.449089,13.99999]]]},"bbox":[101.38653,13.940751,101.466851,14.003661]},{"type":"Feature","id":"0d5de5d7-d144-4054-adcc-9665c72bc777","properties":{"id":"0d5de5d7-d144-4054-adcc-9665c72bc777","code":"06250807","provinceCode":"25","nameTh":"องค์การบริหารส่วนตำบล บ้านทาม","nameEn":null,"geometryType":"MUNICIPALITY","sourceUrl":"https://landometer.com/api/v2/citymeter-v3/grocery/info/geom/0d5de5d7-d144-4054-adcc-9665c72bc777/MUNICIPALITY","sourceSha256":"4287c4510ee195fa800d21ed98780731f246f5d06ac8f502292348bbfea776a8","retrievedAt":"2026-10-04T05:42:44.490399+00:00","boundaryVintage":null,"geometryStatus":"native_source_polygon_display_simplified","simplificationToleranceDegrees":0.00015,"simplificationPreservesTopology":true,"invalidSourceRepair":"make_valid; retain polygonal components; discard zero-area collapsed lines","legalBoundaryIndependentlyVerified":false,"areaId":"0d5de5d7-d144-4054-adcc-9665c72bc777"},"geometry":{"type":"MultiPolygon","coordinates":[[[[101.51997,13.967254],[101.52085006640863,13.966981242492148],[101.52085,13.966981],[101.51997,13.967254]]],[[[101.542673,13.99365],[101.546627,13.99265],[101.547647,13.99107],[101.548884,13.988126],[101.550022,13.98735],[101.549811,13.985926],[101.548723,13.985057],[101.54853,13.984503],[101.550858,13.98285],[101.551333,13.98299],[101.55184,13.983614],[101.553033,13.983679],[101.554766,13.984236],[101.554984,13.985452],[101.555887,13.986374],[101.556071,13.986953],[101.557234,13.986478],[101.558134,13.985416],[101.558873,13.986036],[101.561232,13.98615],[101.563358,13.985563],[101.564371,13.984923],[101.56516,13.985458],[101.565833,13.985353],[101.566573,13.985625],[101.567384,13.985476],[101.568429,13.985978],[101.56968,13.985915],[101.57053,13.985701],[101.572025,13.984836],[101.573886,13.985353],[101.575744,13.984643],[101.577281,13.983567],[101.578471,13.983099],[101.579609,13.981575],[101.579611,13.980361],[101.580582,13.980131],[101.582188,13.980743],[101.58368,13.980863],[101.584538,13.981701],[101.585025,13.983407],[101.585314,13.983705],[101.588393,13.983913],[101.59038,13.984785],[101.591457,13.984725],[101.591802,13.985577],[101.593138,13.985839],[101.593995,13.985579],[101.59559,13.986638],[101.596415,13.984016],[101.598548,13.983118],[101.598884,13.982305],[101.599185,13.982122],[101.599108,13.981413],[101.59942,13.981176],[101.600128,13.981022],[101.601324,13.981183],[101.601782,13.980569],[101.603005,13.980659],[101.603169,13.980177],[101.603731,13.979706],[101.604505,13.979657],[101.604972,13.97916],[101.604687,13.978777],[101.604773,13.978488],[101.607548,13.977482],[101.609594,13.977253],[101.610332,13.977824],[101.61081,13.977732],[101.610837,13.976639],[101.610419,13.975052],[101.611158,13.972255],[101.609845,13.969865],[101.607936,13.968838],[101.606906,13.968748],[101.605431,13.969094],[101.60456,13.969668],[101.603638,13.970743],[101.602819,13.971047],[101.601649,13.970828],[101.600003,13.969302],[101.598756,13.968962],[101.597357,13.969399],[101.595724,13.969503],[101.595127,13.969666],[101.594741,13.969829],[101.593574,13.972864],[101.587971,13.973213],[101.585832,13.968077],[101.580632,13.972157],[101.57186,13.974684],[101.568724,13.965439],[101.571132,13.963403],[101.565841,13.96062],[101.564516,13.962317],[101.565613,13.965281],[101.563369,13.965706],[101.56236,13.960367],[101.559133,13.958818],[101.54259,13.976054],[101.538229,13.983369],[101.533019,13.986798],[101.531837,13.983854],[101.536275,13.982356],[101.534324,13.977367],[101.530799,13.977038],[101.531411,13.974697],[101.529453,13.972304],[101.524209,13.972353],[101.524708,13.970526],[101.529838,13.966389],[101.527504,13.964919],[101.52085006640863,13.966981242492148],[101.520916,13.967222],[101.5192,13.967822],[101.517014,13.969432],[101.51884,13.973244],[101.51353,13.973047],[101.50781,13.974217],[101.504733,13.974502],[101.495864,13.983483],[101.495398,13.987547],[101.491366,13.991925],[101.49682,13.99476],[101.501534,13.989013],[101.506587,13.993022],[101.508625,13.998155],[101.509429,13.998176],[101.510725,13.999096],[101.511301,13.999199],[101.511784,13.998875],[101.512521,13.997282],[101.512956,13.997168],[101.514625,13.998924],[101.517455,13.999502],[101.519172,14.000227],[101.519631,13.999863],[101.519557,13.998944],[101.519284,13.998434],[101.517781,13.997296],[101.517863,13.996304],[101.518456,13.995744],[101.519141,13.995543],[101.520332,13.995589],[101.52223,13.996191],[101.523761,13.995554],[101.524269,13.995048],[101.524006,13.993107],[101.524499,13.992454],[101.525329,13.992405],[101.525975,13.992641],[101.52813,13.994771],[101.530599,13.996221],[101.532458,13.996571],[101.537057,13.99676],[101.537676,13.996671],[101.538359,13.996228],[101.541421,13.993325],[101.542673,13.99365]]]]},"bbox":[101.491366,13.958818,101.611158,14.000227]},{"type":"Feature","id":"9a843f65-fae4-4a79-a0fe-821077b89940","properties":{"id":"9a843f65-fae4-4a79-a0fe-821077b89940","code":"06250808","provinceCode":"25","nameTh":"องค์การบริหารส่วนตำบล หนองโพรง","nameEn":null,"geometryType":"MUNICIPALITY","sourceUrl":"https://landometer.com/api/v2/citymeter-v3/grocery/info/geom/9a843f65-fae4-4a79-a0fe-821077b89940/MUNICIPALITY","sourceSha256":"bcd4954909bead71f279d2a7f1b555742aadaf6f524df08004c0c870e2ac87a1","retrievedAt":"2026-10-04T05:42:44.499449+00:00","boundaryVintage":null,"geometryStatus":"native_source_polygon_display_simplified","simplificationToleranceDegrees":0.00015,"simplificationPreservesTopology":true,"invalidSourceRepair":"make_valid; retain polygonal components; discard zero-area collapsed lines","legalBoundaryIndependentlyVerified":false,"areaId":"9a843f65-fae4-4a79-a0fe-821077b89940"},"geometry":{"type":"Polygon","coordinates":[[[101.522543,13.934707],[101.526095,13.935064],[101.533165,13.930011],[101.533349,13.929553],[101.533538,13.927644],[101.531239,13.926814],[101.531347,13.916952],[101.526573,13.915064],[101.528558,13.911753],[101.526774,13.911212],[101.530263,13.909013],[101.529566,13.905447],[101.532037,13.903882],[101.534313,13.905063],[101.534334,13.901719],[101.536386,13.901209],[101.533298,13.89683],[101.538333,13.890861],[101.539925,13.88167],[101.55789,13.863684],[101.560449,13.848812],[101.558122,13.844939],[101.559484,13.843103],[101.558685,13.841635],[101.576213,13.828774],[101.589381,13.81688],[101.594983,13.803072],[101.605764,13.790343],[101.608877,13.774951],[101.600909,13.768751],[101.60018,13.764856],[101.597252,13.764311],[101.597399,13.760589],[101.605655,13.756123],[101.606344,13.75128],[101.619379,13.748707],[101.620076,13.740263],[101.619189,13.740546],[101.61912,13.740001],[101.618487,13.739962],[101.618385,13.739506],[101.617922,13.739495],[101.617857,13.739134],[101.617321,13.739225],[101.617001,13.738758],[101.615609,13.73843],[101.615619,13.738082],[101.614338,13.737235],[101.614184,13.736844],[101.613468,13.737235],[101.613075,13.737171],[101.613225,13.736307],[101.612632,13.73608],[101.612347,13.735481],[101.611697,13.735446],[101.611583,13.735027],[101.611074,13.735127],[101.610777,13.73685],[101.61026,13.736949],[101.610487,13.737386],[101.610238,13.738312],[101.609859,13.738685],[101.609543,13.73866],[101.609203,13.739178],[101.60868,13.739507],[101.608208,13.739475],[101.60789,13.739822],[101.607119,13.73967],[101.606557,13.738966],[101.603709,13.740118],[101.60272,13.737847],[101.59897,13.738879],[101.598598,13.737399],[101.597387,13.73798],[101.595905,13.739125],[101.594876,13.73532],[101.591324,13.736729],[101.591154,13.737075],[101.591298,13.737375],[101.590131,13.737714],[101.589994,13.738276],[101.589648,13.738039],[101.589099,13.7382],[101.58858,13.739345],[101.588123,13.739405],[101.588852,13.740859],[101.588888,13.742493],[101.587624,13.743393],[101.587351,13.744584],[101.586928,13.744866],[101.587093,13.74547],[101.586694,13.745654],[101.586698,13.745968],[101.585325,13.746499],[101.585302,13.746869],[101.584082,13.748163],[101.583219,13.748044],[101.582232,13.748328],[101.581459,13.751671],[101.580989,13.751721],[101.580826,13.75222],[101.579274,13.751967],[101.579164,13.752468],[101.578142,13.752724],[101.577688,13.753363],[101.5777,13.753997],[101.575977,13.754398],[101.575726,13.755483],[101.573853,13.757514],[101.57357,13.758817],[101.573672,13.759417],[101.57275,13.759976],[101.572499,13.760924],[101.570593,13.76175],[101.569396,13.76205],[101.567961,13.762017],[101.566262,13.762748],[101.5658,13.763373],[101.565728,13.764483],[101.56334,13.765454],[101.56276,13.765464],[101.562759,13.765836],[101.56233,13.766174],[101.562462,13.766767],[101.560778,13.768105],[101.55978,13.768243],[101.559249,13.772474],[101.558496,13.775078],[101.556056,13.779709],[101.554946,13.784067],[101.554069,13.784136],[101.553979,13.785049],[101.553169,13.785151],[101.553009,13.786283],[101.55319,13.786901],[101.552591,13.787677],[101.552457,13.788324],[101.552945,13.789012],[101.552484,13.789096],[101.552396,13.789347],[101.5528,13.789894],[101.552831,13.790552],[101.55309,13.790792],[101.553644,13.792854],[101.553616,13.792885],[101.551725,13.793332],[101.550957,13.793521],[101.549973,13.793776],[101.550372,13.793674],[101.550357,13.794349],[101.550096,13.794607],[101.549441,13.793953],[101.54431,13.796085],[101.545813,13.820623],[101.540566,13.82098],[101.534394,13.849735],[101.53476,13.853213],[101.538906,13.853781],[101.5326,13.865414],[101.531916,13.867153],[101.533448,13.868824],[101.53088,13.871015],[101.532846,13.877092],[101.531665,13.880764],[101.529198,13.882032],[101.521917,13.892286],[101.515925,13.894387],[101.514299,13.897208],[101.505699,13.903268],[101.504971,13.906373],[101.486596,13.932316],[101.473956,13.938497],[101.463682,13.951955],[101.478575,13.950459],[101.483312,13.952981],[101.490993,13.961821],[101.493567,13.975039],[101.49374,13.975072],[101.503648,13.96199],[101.504303,13.949504],[101.508811,13.950734],[101.513978,13.939576],[101.518319,13.938584],[101.51868,13.936846],[101.522543,13.934707]]]},"bbox":[101.463682,13.734994,101.620076,13.975072]},{"type":"Feature","id":"5201e984-cb30-4935-a15b-7db99ab69cca","properties":{"id":"5201e984-cb30-4935-a15b-7db99ab69cca","code":"06250809","provinceCode":"25","nameTh":"องค์การบริหารส่วนตำบล หัวหว้า","nameEn":null,"geometryType":"MUNICIPALITY","sourceUrl":"https://landometer.com/api/v2/citymeter-v3/grocery/info/geom/5201e984-cb30-4935-a15b-7db99ab69cca/MUNICIPALITY","sourceSha256":"0444c40a213f6a3eab85f528ebd51ee314efbfd8d8fdebfc688883aa4ab7e63a","retrievedAt":"2026-10-04T05:42:44.489683+00:00","boundaryVintage":null,"geometryStatus":"native_source_polygon_display_simplified","simplificationToleranceDegrees":0.00015,"simplificationPreservesTopology":true,"invalidSourceRepair":"make_valid; retain polygonal components; discard zero-area collapsed lines","legalBoundaryIndependentlyVerified":false,"areaId":"5201e984-cb30-4935-a15b-7db99ab69cca"},"geometry":{"type":"Polygon","coordinates":[[[101.505699,13.903268],[101.514299,13.897208],[101.515925,13.894387],[101.521917,13.892286],[101.529198,13.882032],[101.531665,13.880764],[101.532846,13.877092],[101.53088,13.871015],[101.533448,13.868824],[101.531916,13.867153],[101.5326,13.865414],[101.538906,13.853781],[101.53476,13.853213],[101.534394,13.849735],[101.540566,13.82098],[101.545813,13.820623],[101.54431,13.796085],[101.549441,13.793953],[101.550096,13.794607],[101.550357,13.794349],[101.550372,13.793674],[101.549513,13.793896],[101.549337,13.791612],[101.548463,13.791577],[101.547819,13.789455],[101.546963,13.787824],[101.544833,13.785749],[101.542683,13.785352],[101.538911,13.785488],[101.538349,13.787179],[101.535587,13.791273],[101.535302,13.793755],[101.533697,13.794607],[101.531895,13.798523],[101.531027,13.799804],[101.528471,13.801766],[101.524315,13.803771],[101.521827,13.805811],[101.518426,13.814953],[101.515669,13.817249],[101.514503,13.81856],[101.511495,13.822647],[101.508947,13.826677],[101.504334,13.831655],[101.502822,13.833673],[101.499764,13.83951],[101.499634,13.843793],[101.499005,13.844648],[101.493441,13.847693],[101.487496,13.851311],[101.485762,13.852588],[101.481907,13.856065],[101.47751,13.858146],[101.474507,13.859928],[101.470358,13.860992],[101.467434,13.862448],[101.464692,13.864915],[101.462842,13.866118],[101.457665,13.868531],[101.454974,13.870451],[101.453506,13.871978],[101.450619,13.872874],[101.448217,13.873952],[101.443345,13.878223],[101.436716,13.891048],[101.435186,13.894878],[101.434766,13.895518],[101.432741,13.897116],[101.431168,13.899017],[101.430069,13.901242],[101.429921,13.90212],[101.429842,13.905255],[101.430988,13.911317],[101.43112,13.914478],[101.430821,13.917954],[101.430413,13.919898],[101.430625,13.920713],[101.430995,13.920876],[101.431614,13.922877],[101.433015,13.925112],[101.433382,13.93063],[101.433021,13.944425],[101.433032,13.944009],[101.436763,13.940751],[101.450493,13.941545],[101.456871,13.949444],[101.458602,13.949715],[101.462899,13.952033],[101.463682,13.951955],[101.473956,13.938497],[101.486596,13.932316],[101.504971,13.906373],[101.505699,13.903268]]]},"bbox":[101.429787,13.785352,101.550372,13.952033]},{"type":"Feature","id":"8e0f0471-4ec0-47cc-8c8c-1991b3aec8a1","properties":{"id":"8e0f0471-4ec0-47cc-8c8c-1991b3aec8a1","code":"06250902","provinceCode":"25","nameTh":"องค์การบริหารส่วนตำบล โคกปีบ","nameEn":null,"geometryType":"MUNICIPALITY","sourceUrl":"https://landometer.com/api/v2/citymeter-v3/grocery/info/geom/8e0f0471-4ec0-47cc-8c8c-1991b3aec8a1/MUNICIPALITY","sourceSha256":"e6687a9acd2ea12549474e972c95bfbce63fdd3a741d2512dfa0db2a94d46eeb","retrievedAt":"2026-10-04T05:42:44.503192+00:00","boundaryVintage":null,"geometryStatus":"native_source_polygon_display_simplified","simplificationToleranceDegrees":0.00015,"simplificationPreservesTopology":true,"invalidSourceRepair":"make_valid; retain polygonal components; discard zero-area collapsed lines","legalBoundaryIndependentlyVerified":false,"areaId":"8e0f0471-4ec0-47cc-8c8c-1991b3aec8a1"},"geometry":{"type":"Polygon","coordinates":[[[101.382691,13.873761],[101.382953,13.874263],[101.383884,13.874651],[101.383654,13.875824],[101.384405,13.876756],[101.384684,13.877731],[101.384593,13.87977],[101.384939,13.880785],[101.384738,13.881242],[101.384179,13.88163],[101.383665,13.882706],[101.383999,13.883565],[101.380694,13.897837],[101.387333,13.901495],[101.389341,13.901265],[101.399291,13.904707],[101.407322,13.900638],[101.413544,13.905081],[101.402299,13.896268],[101.39703,13.89542],[101.395166,13.891905],[101.397087,13.887862],[101.396374,13.881213],[101.39774,13.874228],[101.410942,13.865281],[101.417945,13.867536],[101.403726,13.890008],[101.415364,13.89584],[101.423425,13.900196],[101.416662,13.911799],[101.418213,13.914141],[101.42221,13.909856],[101.426972,13.908326],[101.428839,13.910262],[101.430817,13.91677],[101.43112,13.914478],[101.431026,13.912065],[101.429842,13.905255],[101.430069,13.901242],[101.430726,13.899701],[101.432186,13.897735],[101.434766,13.895518],[101.435186,13.894878],[101.436716,13.891048],[101.443087,13.878615],[101.446027,13.875694],[101.448217,13.873952],[101.450619,13.872874],[101.453506,13.871978],[101.454974,13.870451],[101.457665,13.868531],[101.461654,13.866749],[101.464692,13.864915],[101.466574,13.863085],[101.4661320250093,13.862723061908255],[101.466943,13.862213],[101.466801,13.858614],[101.461691,13.857957],[101.461703,13.856497],[101.456243,13.856602],[101.44327,13.859583],[101.439836,13.859232],[101.439218,13.856555],[101.435409,13.857183],[101.437093,13.860433],[101.43496,13.863249],[101.42706,13.864183],[101.423882,13.86252],[101.412481,13.862693],[101.40183,13.86095],[101.398172,13.850941],[101.382687,13.848447],[101.380887,13.84941],[101.381495,13.857028],[101.382046,13.859971],[101.381493,13.864039],[101.381371,13.867695],[101.38249,13.871344],[101.382691,13.873761]],[[101.457257,13.868305],[101.466132,13.862723],[101.4661320250093,13.862723061908255],[101.457257,13.868305]]]},"bbox":[101.380694,13.848447,101.466943,13.91677]},{"type":"Feature","id":"ed0fc474-8ef3-4903-97d7-58f362d001c5","properties":{"id":"ed0fc474-8ef3-4903-97d7-58f362d001c5","code":"06250903","provinceCode":"25","nameTh":"องค์การบริหารส่วนตำบล ไผ่ชะเลือด","nameEn":null,"geometryType":"MUNICIPALITY","sourceUrl":"https://landometer.com/api/v2/citymeter-v3/grocery/info/geom/ed0fc474-8ef3-4903-97d7-58f362d001c5/MUNICIPALITY","sourceSha256":"b54a547220e55a06d9195e11c8fccd8ba798eec77679441efcd8bef5144a3367","retrievedAt":"2026-10-04T05:42:44.539576+00:00","boundaryVintage":null,"geometryStatus":"native_source_polygon_display_simplified","simplificationToleranceDegrees":0.00015,"simplificationPreservesTopology":true,"invalidSourceRepair":"make_valid; retain polygonal components; discard zero-area collapsed lines","legalBoundaryIndependentlyVerified":false,"areaId":"ed0fc474-8ef3-4903-97d7-58f362d001c5"},"geometry":{"type":"MultiPolygon","coordinates":[[[[101.430938,13.916025],[101.43093777136636,13.916027553075633],[101.430939,13.91602],[101.430938,13.916025]]],[[[101.3983,13.948607],[101.40185,13.948966],[101.403369,13.949314],[101.403561,13.949561],[101.406255,13.949466],[101.406483,13.950074],[101.410091,13.949875],[101.410325,13.950454],[101.415656,13.951071],[101.420689,13.951244],[101.420782,13.949434],[101.426089,13.949112],[101.427303,13.947629],[101.428181,13.944761],[101.429048,13.943806],[101.430109,13.943098],[101.433021,13.944425],[101.433382,13.93063],[101.433015,13.925112],[101.431614,13.922877],[101.430995,13.920876],[101.430625,13.920713],[101.430413,13.919898],[101.43093777136636,13.916027553075633],[101.430817,13.91677],[101.428839,13.910262],[101.426972,13.908326],[101.42221,13.909856],[101.418213,13.914141],[101.416662,13.911799],[101.417327,13.910657],[101.416662,13.911798],[101.413544,13.905081],[101.407322,13.900638],[101.399291,13.904707],[101.389341,13.901265],[101.387333,13.901495],[101.380694,13.897837],[101.383999,13.883565],[101.383649,13.882905],[101.383706,13.883142],[101.381176,13.88491],[101.379377,13.885536],[101.378354,13.886177],[101.37505,13.890337],[101.374092,13.891067],[101.36839,13.893366],[101.363744,13.894275],[101.358732,13.897092],[101.354184,13.902339],[101.352107,13.906462],[101.350393,13.910876],[101.349115,13.914827],[101.348627,13.919051],[101.345521,13.928354],[101.345439,13.929517],[101.346425,13.930355],[101.346727,13.931027],[101.345838,13.933859],[101.345658,13.937911],[101.345873,13.941593],[101.346411,13.945392],[101.347704,13.948267],[101.348251,13.950648],[101.351116,13.954019],[101.351621,13.95527],[101.351372,13.958792],[101.351628,13.960308],[101.352816,13.959661],[101.356045,13.95859],[101.356692,13.958039],[101.358217,13.958254],[101.361025,13.956282],[101.361938,13.954988],[101.363564,13.953711],[101.36394,13.953563],[101.364319,13.953749],[101.365249,13.953437],[101.364863,13.951937],[101.365594,13.950783],[101.365424,13.94987],[101.364923,13.949011],[101.365083,13.94872],[101.36638,13.948476],[101.367428,13.947661],[101.369089,13.946911],[101.372513,13.946587],[101.373795,13.946004],[101.374286,13.946183],[101.375091,13.947025],[101.376016,13.946887],[101.37713,13.947238],[101.377819,13.947165],[101.378384,13.947564],[101.378326,13.948342],[101.378733,13.9486],[101.378981,13.948418],[101.381168,13.948959],[101.384814,13.94889],[101.385939,13.948276],[101.387937,13.947825],[101.388187,13.958635],[101.390488,13.957981],[101.392489,13.958476],[101.395609,13.960437],[101.399991,13.960177],[101.397797,13.955115],[101.398382,13.949718],[101.3983,13.948607]]]]},"bbox":[101.345439,13.882905,101.433382,13.960462]},{"type":"Feature","id":"9dcef22b-212b-4eba-ad15-5eb6a91d86e2","properties":{"id":"9dcef22b-212b-4eba-ad15-5eb6a91d86e2","code":"06250904","provinceCode":"25","nameTh":"องค์การบริหารส่วนตำบล โคกไทย","nameEn":null,"geometryType":"MUNICIPALITY","sourceUrl":"https://landometer.com/api/v2/citymeter-v3/grocery/info/geom/9dcef22b-212b-4eba-ad15-5eb6a91d86e2/MUNICIPALITY","sourceSha256":"bf383b1d33b19a502ba976f77b312caa42023625bb3d7c6c82edd978770fde8d","retrievedAt":"2026-10-04T05:42:44.535666+00:00","boundaryVintage":null,"geometryStatus":"native_source_polygon_display_simplified","simplificationToleranceDegrees":0.00015,"simplificationPreservesTopology":true,"invalidSourceRepair":"make_valid; retain polygonal components; discard zero-area collapsed lines","legalBoundaryIndependentlyVerified":false,"areaId":"9dcef22b-212b-4eba-ad15-5eb6a91d86e2"},"geometry":{"type":"Polygon","coordinates":[[[101.44327,13.859583],[101.456243,13.856602],[101.461703,13.856497],[101.461691,13.857957],[101.466801,13.858614],[101.466943,13.862213],[101.466132,13.862723],[101.466574,13.863085],[101.470358,13.860992],[101.474507,13.859928],[101.47751,13.858146],[101.481907,13.856065],[101.485762,13.852588],[101.487496,13.851311],[101.493441,13.847693],[101.499005,13.844648],[101.499634,13.843793],[101.499764,13.83951],[101.502822,13.833673],[101.504334,13.831655],[101.508947,13.826677],[101.511495,13.822647],[101.514503,13.81856],[101.515669,13.817249],[101.518426,13.814953],[101.521827,13.805811],[101.524315,13.803771],[101.528471,13.801766],[101.531027,13.799804],[101.531895,13.798523],[101.533697,13.794607],[101.535302,13.793755],[101.535587,13.791273],[101.538349,13.787179],[101.538911,13.785488],[101.535469,13.78533],[101.53262,13.785481],[101.529652,13.786081],[101.528336,13.786991],[101.524254,13.786928],[101.523254,13.788123],[101.521929,13.788855],[101.520033,13.789454],[101.516962,13.791073],[101.5158,13.792598],[101.507772,13.797002],[101.505877,13.797688],[101.501601,13.798298],[101.500791,13.798674],[101.500004,13.799259],[101.497997,13.801884],[101.491717,13.808231],[101.485658,13.815362],[101.484163,13.816401],[101.482429,13.816995],[101.480507,13.818009],[101.473966,13.821893],[101.457773,13.826343],[101.451998,13.827435],[101.44202,13.827633],[101.441214,13.827963],[101.438815,13.82683],[101.437394,13.827222],[101.437089,13.826874],[101.43486,13.827757],[101.43397,13.827869],[101.433443,13.830197],[101.432818,13.830485],[101.431403,13.830363],[101.430632,13.831359],[101.428899,13.831516],[101.42867,13.831158],[101.425854,13.831818],[101.425703,13.832012],[101.425999,13.833835],[101.42246,13.83543],[101.422532,13.836493],[101.421903,13.836783],[101.418617,13.83617],[101.417528,13.836258],[101.416811,13.836797],[101.415517,13.837149],[101.414275,13.837047],[101.413178,13.837498],[101.408212,13.838478],[101.398077,13.841345],[101.396515,13.841831],[101.386818,13.846264],[101.383142,13.848203],[101.380887,13.84941],[101.382687,13.848447],[101.398172,13.850941],[101.40183,13.86095],[101.403212,13.861231],[101.412481,13.862693],[101.423882,13.86252],[101.42706,13.864183],[101.43496,13.863249],[101.437093,13.860433],[101.435409,13.857183],[101.439218,13.856555],[101.439836,13.859232],[101.44327,13.859583]]]},"bbox":[101.380887,13.78533,101.538911,13.864183]}]}
