{"type":"FeatureCollection","metadata":{"provinceCode":"37","source":"CityMETER native source fine polygons","retrievedAt":"2026-10-04T05:47:51.641337+00:00","total":63,"retrieved":63,"displaySimplificationToleranceDegrees":0.00015,"legalBoundaryIndependentlyVerified":false},"features":[{"type":"Feature","id":"bc3b4278-f030-4937-9309-cfe0f9385883","properties":{"id":"bc3b4278-f030-4937-9309-cfe0f9385883","code":"04370102","provinceCode":"37","nameTh":"เทศบาลเมือง อำนาจเจริญ","nameEn":null,"geometryType":"MUNICIPALITY","sourceUrl":"https://landometer.com/api/v2/citymeter-v3/grocery/info/geom/bc3b4278-f030-4937-9309-cfe0f9385883/MUNICIPALITY","sourceSha256":"cf56b15369d3a25945ea551f8a18243a47433c90cac193a50c252eccc09d86f2","retrievedAt":"2026-10-04T05:43:08.993950+00:00","boundaryVintage":null,"geometryStatus":"native_source_polygon_display_simplified","simplificationToleranceDegrees":0.00015,"simplificationPreservesTopology":true,"invalidSourceRepair":"make_valid; retain polygonal components; discard zero-area collapsed lines","legalBoundaryIndependentlyVerified":false,"areaId":"bc3b4278-f030-4937-9309-cfe0f9385883"},"geometry":{"type":"MultiPolygon","coordinates":[[[[104.631333,15.830427],[104.616425,15.841384],[104.613793,15.843547],[104.613039,15.842873],[104.590274,15.861582],[104.590299,15.862856],[104.608341,15.848028],[104.589314,15.863666],[104.589772,15.863642],[104.590477,15.864004],[104.589703,15.86464],[104.620957,15.89824],[104.627116,15.89729],[104.627662,15.894751],[104.630255,15.894737],[104.632324,15.891917],[104.629388,15.888929],[104.635622,15.887096],[104.640661,15.87839],[104.66355,15.876686],[104.66948,15.875915],[104.668341,15.866904],[104.647863,15.84439],[104.632065,15.830675],[104.631333,15.830427]]],[[[104.589353,15.865732],[104.58931652608467,15.863799817716274],[104.589316,15.8638],[104.589353,15.865732]]]]},"bbox":[104.589314,15.830427,104.66948,15.89824]},{"type":"Feature","id":"39098077-0ac2-4f1d-ac07-a39594c9bb24","properties":{"id":"39098077-0ac2-4f1d-ac07-a39594c9bb24","code":"05370103","provinceCode":"37","nameTh":"เทศบาลตำบล น้ำปลีก","nameEn":null,"geometryType":"MUNICIPALITY","sourceUrl":"https://landometer.com/api/v2/citymeter-v3/grocery/info/geom/39098077-0ac2-4f1d-ac07-a39594c9bb24/MUNICIPALITY","sourceSha256":"fa95b0289f147821b05ff7d11668a36fb171f28fe366fc4e10cd54ee30bdf3e8","retrievedAt":"2026-10-04T05:43:08.975707+00:00","boundaryVintage":null,"geometryStatus":"native_source_polygon_display_simplified","simplificationToleranceDegrees":0.00015,"simplificationPreservesTopology":true,"invalidSourceRepair":"make_valid; retain polygonal components; discard zero-area collapsed lines","legalBoundaryIndependentlyVerified":false,"areaId":"39098077-0ac2-4f1d-ac07-a39594c9bb24"},"geometry":{"type":"Polygon","coordinates":[[[104.473084,15.803626],[104.46168,15.805899],[104.460304,15.801446],[104.453401,15.802852],[104.454943,15.806046],[104.453251,15.809962],[104.456963,15.814143],[104.463968,15.814184],[104.465908,15.811935],[104.469133,15.813154],[104.47198,15.815605],[104.474069,15.814216],[104.473084,15.803626]]]},"bbox":[104.453251,15.801446,104.474069,15.815605]},{"type":"Feature","id":"feb17771-d983-4abb-968e-e1cbf5e65012","properties":{"id":"feb17771-d983-4abb-968e-e1cbf5e65012","code":"05370104","provinceCode":"37","nameTh":"เทศบาลตำบล นายม","nameEn":null,"geometryType":"MUNICIPALITY","sourceUrl":"https://landometer.com/api/v2/citymeter-v3/grocery/info/geom/feb17771-d983-4abb-968e-e1cbf5e65012/MUNICIPALITY","sourceSha256":"d6b40c2438a9b2b4515522be06902b75c7126568c207f3158aaefa949c5a6eb7","retrievedAt":"2026-10-04T05:43:08.956330+00:00","boundaryVintage":null,"geometryStatus":"native_source_polygon_display_simplified","simplificationToleranceDegrees":0.00015,"simplificationPreservesTopology":true,"invalidSourceRepair":"make_valid; retain polygonal components; discard zero-area collapsed lines","legalBoundaryIndependentlyVerified":false,"areaId":"feb17771-d983-4abb-968e-e1cbf5e65012"},"geometry":{"type":"Polygon","coordinates":[[[104.54224,15.910179],[104.536225,15.902559],[104.536741,15.897625],[104.533821,15.892186],[104.536662,15.877163],[104.523943,15.857394],[104.527468,15.851849],[104.52697,15.846081],[104.524693,15.841706],[104.519911,15.835479],[104.51336,15.832583],[104.511678,15.834172],[104.507386,15.83203],[104.506942,15.827877],[104.502907,15.826634],[104.499964,15.820203],[104.498522,15.831451],[104.483528,15.836468],[104.472998,15.836265],[104.499369,15.859531],[104.497249,15.864383],[104.491608,15.86447],[104.488737,15.866422],[104.492889,15.869536],[104.49673,15.878664],[104.501453,15.880911],[104.495462,15.885769],[104.496295,15.888258],[104.494384,15.889703],[104.503449,15.913503],[104.505719,15.91538],[104.505076,15.918996],[104.507493,15.926443],[104.507292,15.931028],[104.509222,15.934155],[104.511199,15.932563],[104.511137,15.929921],[104.516884,15.928601],[104.519007,15.923739],[104.519926,15.922893],[104.522111,15.922125],[104.527949,15.923009],[104.532103,15.919919],[104.5392,15.920215],[104.540447,15.919499],[104.540443,15.919315],[104.539478,15.91982],[104.539374,15.916038],[104.54224,15.910179]]]},"bbox":[104.472998,15.820203,104.54224,15.934155]},{"type":"Feature","id":"99bbc0a2-70a5-4bb7-a86c-5d6654d1896c","properties":{"id":"99bbc0a2-70a5-4bb7-a86c-5d6654d1896c","code":"05370105","provinceCode":"37","nameTh":"เทศบาลตำบล นาวัง","nameEn":null,"geometryType":"MUNICIPALITY","sourceUrl":"https://landometer.com/api/v2/citymeter-v3/grocery/info/geom/99bbc0a2-70a5-4bb7-a86c-5d6654d1896c/MUNICIPALITY","sourceSha256":"84cd4de09ba1a66ba860daa1e441288d0517f943b8f4278a93fb23b9eefcead0","retrievedAt":"2026-10-04T05:43:08.983418+00:00","boundaryVintage":null,"geometryStatus":"native_source_polygon_display_simplified","simplificationToleranceDegrees":0.00015,"simplificationPreservesTopology":true,"invalidSourceRepair":"make_valid; retain polygonal components; discard zero-area collapsed lines","legalBoundaryIndependentlyVerified":false,"areaId":"99bbc0a2-70a5-4bb7-a86c-5d6654d1896c"},"geometry":{"type":"Polygon","coordinates":[[[104.504664,15.97301],[104.504281,15.973153],[104.503292,15.972887],[104.502649,15.97322],[104.50174,15.975849],[104.502542,15.977337],[104.505185,15.979886],[104.505366,15.980499],[104.504976,15.981335],[104.505304,15.982057],[104.505752,15.982218],[104.507015,15.981543],[104.508348,15.981409],[104.508691,15.98366],[104.509105,15.983945],[104.510266,15.982624],[104.512902,15.981589],[104.51361,15.981586],[104.514181,15.98192],[104.514347,15.983366],[104.514895,15.98386],[104.516501,15.983888],[104.517654,15.984667],[104.519446,15.984248],[104.520293,15.985061],[104.521141,15.98547],[104.521667,15.985941],[104.52238,15.987811],[104.52158,15.989152],[104.521687,15.989568],[104.522789,15.990486],[104.524387,15.990468],[104.524856,15.990887],[104.525429,15.992832],[104.5245,15.99444],[104.524607,15.994977],[104.525214,15.995388],[104.526637,15.994898],[104.527857,15.997125],[104.528041,15.998457],[104.527121,16.000433],[104.527129,16.000842],[104.528273,16.001463],[104.530075,16.000968],[104.531266,15.998222],[104.531591,15.998355],[104.532592,15.999938],[104.532845,16.000941],[104.531259,16.003328],[104.531371,16.003802],[104.532183,16.004052],[104.532106,16.005075],[104.532306,16.005399],[104.532893,16.005258],[104.533263,16.004126],[104.535413,16.002975],[104.535304,16.002141],[104.535551,16.001316],[104.536507,16.000341],[104.536803,16.000469],[104.537246,16.001765],[104.53795,16.001922],[104.539021,16.001285],[104.539928,16.001114],[104.540559,16.000314],[104.542572,15.999683],[104.543045,15.999737],[104.545045,16.000948],[104.545069,16.001517],[104.544543,16.002561],[104.544725,16.003298],[104.545153,16.003462],[104.546378,16.003257],[104.547137,16.004323],[104.547955,16.00358],[104.549038,16.003818],[104.55002,16.003108],[104.551128,16.002997],[104.552263,16.001754],[104.5535,16.001861],[104.553945,16.002777],[104.554411,16.002888],[104.556089,16.00195],[104.556975,16.00239],[104.557624,16.001627],[104.558053,16.001513],[104.558722,16.00271],[104.559839,16.002751],[104.560316,16.003132],[104.560293,16.00353],[104.559508,16.004301],[104.559573,16.004661],[104.560766,16.004691],[104.561519,16.005406],[104.562805,16.00545],[104.563785,16.006466],[104.563902,16.006919],[104.563311,16.009169],[104.563584,16.009991],[104.563906,16.010126],[104.564749,16.009788],[104.565396,16.009878],[104.566804,16.012318],[104.568144,16.011549],[104.569544,16.012362],[104.571134,16.012505],[104.571221,16.013635],[104.569978,16.014237],[104.569813,16.014541],[104.570434,16.015376],[104.571319,16.015789],[104.572422,16.015993],[104.573276,16.015808],[104.573422,16.015177],[104.572894,16.014354],[104.573278,16.013979],[104.575685,16.014983],[104.577334,16.014821],[104.578289,16.015895],[104.57926,16.016198],[104.580334,16.01519],[104.581563,16.01517],[104.581749,16.013315],[104.583051,16.010735],[104.584235,16.01047],[104.585236,16.009862],[104.586864,16.010328],[104.587869,16.010191],[104.588214,16.009616],[104.58755,16.008017],[104.587784,16.007589],[104.589593,16.00798],[104.590898,16.007655],[104.591499,16.007143],[104.592463,16.005379],[104.594468,16.005355],[104.595333,16.004623],[104.596796,16.00431],[104.598145,16.002815],[104.59866,16.002748],[104.599632,16.003088],[104.601239,16.001725],[104.602168,16.001443],[104.602685,16.001573],[104.603922,15.998557],[104.604936,15.998251],[104.604567,15.997138],[104.604751,15.996733],[104.604381,15.996577],[104.602581,15.991151],[104.591219,15.98358],[104.586384,15.977435],[104.581921,15.976101],[104.579747,15.97848],[104.577712,15.978],[104.573092,15.980837],[104.563384,15.9727],[104.563161,15.967398],[104.544138,15.963738],[104.54054,15.965348],[104.535576,15.963086],[104.528353,15.965974],[104.52824,15.967664],[104.523699,15.967336],[104.523023,15.969185],[104.51793,15.969452],[104.505598,15.964504],[104.504492,15.964973],[104.505015,15.965496],[104.505964,15.967265],[104.504866,15.968923],[104.503752,15.969279],[104.503289,15.969822],[104.503338,15.970239],[104.504549,15.971436],[104.504664,15.97301]]]},"bbox":[104.50174,15.963086,104.604936,16.016198]},{"type":"Feature","id":"9615f925-ca78-4382-9b3f-4ce25eb04bd8","properties":{"id":"9615f925-ca78-4382-9b3f-4ce25eb04bd8","code":"05370106","provinceCode":"37","nameTh":"เทศบาลตำบล ไก่คำ","nameEn":null,"geometryType":"MUNICIPALITY","sourceUrl":"https://landometer.com/api/v2/citymeter-v3/grocery/info/geom/9615f925-ca78-4382-9b3f-4ce25eb04bd8/MUNICIPALITY","sourceSha256":"e6e61ed0b49cd8c0da2aae56a200c5bada17052242157914dd0220494e97aef2","retrievedAt":"2026-10-04T05:43:08.987938+00:00","boundaryVintage":null,"geometryStatus":"native_source_polygon_display_simplified","simplificationToleranceDegrees":0.00015,"simplificationPreservesTopology":true,"invalidSourceRepair":"make_valid; retain polygonal components; discard zero-area collapsed lines","legalBoundaryIndependentlyVerified":false,"areaId":"9615f925-ca78-4382-9b3f-4ce25eb04bd8"},"geometry":{"type":"Polygon","coordinates":[[[104.690243,15.794857],[104.689855,15.792961],[104.69038,15.792536],[104.690072,15.791943],[104.690231,15.791552],[104.691034,15.790902],[104.691681,15.791422],[104.69199,15.790896],[104.6927,15.790957],[104.693019,15.790447],[104.692869,15.789359],[104.69219,15.789177],[104.692676,15.788699],[104.692497,15.787902],[104.691982,15.787441],[104.692092,15.787184],[104.692562,15.787112],[104.692373,15.786689],[104.691582,15.786768],[104.691318,15.786473],[104.683662,15.786312],[104.667117,15.78643],[104.664169,15.787083],[104.660995,15.787196],[104.659481,15.786692],[104.65673,15.785145],[104.65421,15.785483],[104.652377,15.785261],[104.650812,15.784119],[104.650475,15.784118],[104.648327,15.782062],[104.64662,15.782542],[104.645036,15.780857],[104.645245,15.780281],[104.644949,15.779998],[104.645016,15.779607],[104.643434,15.777972],[104.642605,15.777964],[104.641663,15.777584],[104.641048,15.776941],[104.640375,15.777277],[104.638913,15.777222],[104.638547,15.77681],[104.635991,15.776083],[104.634327,15.77617],[104.632353,15.777707],[104.630386,15.77831],[104.62878,15.779108],[104.627899,15.779178],[104.62715,15.778759],[104.625328,15.779333],[104.622674,15.779419],[104.621872,15.7792],[104.620457,15.778344],[104.619124,15.777965],[104.618751,15.7776],[104.617346,15.77726],[104.615924,15.776059],[104.615301,15.775957],[104.614299,15.77502],[104.613734,15.77512],[104.613767,15.774765],[104.613106,15.774435],[104.612996,15.77411],[104.612588,15.773994],[104.612235,15.774326],[104.611768,15.773575],[104.610165,15.7729],[104.610318,15.772158],[104.609415,15.771618],[104.60848,15.770398],[104.607926,15.770086],[104.607516,15.769166],[104.606336,15.768209],[104.605131,15.76606],[104.60406,15.766433],[104.604052,15.767183],[104.605131,15.768185],[104.604717,15.768488],[104.604297,15.769688],[104.603584,15.770217],[104.60356,15.770577],[104.603784,15.770958],[104.604113,15.770509],[104.604337,15.770582],[104.604073,15.771415],[104.604488,15.77228],[104.604913,15.77257],[104.60456,15.774099],[104.604794,15.774225],[104.605075,15.773873],[104.605326,15.773935],[104.605222,15.775348],[104.605941,15.776232],[104.605543,15.77656],[104.605744,15.776994],[104.605232,15.777415],[104.60512,15.778522],[104.605195,15.779548],[104.605652,15.779859],[104.60497,15.780783],[104.605117,15.781822],[104.604777,15.782657],[104.604996,15.783148],[104.604637,15.783356],[104.604877,15.783226],[104.604763,15.784039],[104.603665,15.787662],[104.600058,15.788032],[104.600423,15.791884],[104.60422,15.794789],[104.608124,15.794007],[104.611096,15.797938],[104.612363,15.805262],[104.60683,15.809227],[104.608343,15.811278],[104.60734,15.81373],[104.609942,15.814228],[104.612471,15.817261],[104.610961,15.818983],[104.613661,15.82453],[104.602494,15.828038],[104.593401,15.840168],[104.588865,15.841645],[104.588697,15.847334],[104.588463,15.847262],[104.588977,15.847774],[104.589771,15.847974],[104.590168,15.848605],[104.589439,15.849134],[104.588292,15.849379],[104.589954,15.851532],[104.592077,15.853161],[104.592798,15.854363],[104.593155,15.855624],[104.593229,15.859154],[104.613039,15.842873],[104.613793,15.843547],[104.616425,15.841384],[104.631333,15.830427],[104.632065,15.830675],[104.63175,15.830402],[104.635773,15.831934],[104.639543,15.831173],[104.651294,15.841272],[104.658173,15.834955],[104.658546,15.834118],[104.659037,15.834606],[104.66305,15.824014],[104.666374,15.823238],[104.666188,15.820836],[104.673757,15.815655],[104.675985,15.810591],[104.68509,15.803929],[104.685816,15.803143],[104.690018,15.793834],[104.690243,15.794857]],[[104.589838,15.85126],[104.59029,15.851555],[104.58983810369011,15.85126020069055],[104.589838,15.85126]]]},"bbox":[104.588271,15.76606,104.693039,15.859154]},{"type":"Feature","id":"2c472d36-9548-4fdc-ae89-50e92f46e742","properties":{"id":"2c472d36-9548-4fdc-ae89-50e92f46e742","code":"05370107","provinceCode":"37","nameTh":"เทศบาลตำบล นาหมอม้า","nameEn":null,"geometryType":"MUNICIPALITY","sourceUrl":"https://landometer.com/api/v2/citymeter-v3/grocery/info/geom/2c472d36-9548-4fdc-ae89-50e92f46e742/MUNICIPALITY","sourceSha256":"095dcc8c7605bdf5b449c7eb9e424362fc5d49767f17e13cdedb43b83d70af9b","retrievedAt":"2026-10-04T05:43:08.972189+00:00","boundaryVintage":null,"geometryStatus":"native_source_polygon_display_simplified","simplificationToleranceDegrees":0.00015,"simplificationPreservesTopology":true,"invalidSourceRepair":"make_valid; retain polygonal components; discard zero-area collapsed lines","legalBoundaryIndependentlyVerified":false,"areaId":"2c472d36-9548-4fdc-ae89-50e92f46e742"},"geometry":{"type":"MultiPolygon","coordinates":[[[[104.45499408162901,15.839685735818817],[104.454985,15.839681],[104.454994,15.839686],[104.45499408162901,15.839685735818817]]],[[[104.48442,15.933712],[104.486013,15.93364],[104.486384,15.933955],[104.486737,15.934918],[104.486449,15.936133],[104.486602,15.937038],[104.4902,15.942764],[104.490848,15.943016],[104.493624,15.943081],[104.49557,15.943599],[104.496131,15.94402],[104.498804,15.943411],[104.504047,15.937739],[104.509073,15.935908],[104.50982,15.934456],[104.509458,15.933965],[104.509222,15.934155],[104.507292,15.931028],[104.507493,15.926443],[104.505076,15.918996],[104.505719,15.91538],[104.503449,15.913503],[104.494384,15.889703],[104.496295,15.888258],[104.495462,15.885769],[104.501453,15.880911],[104.49673,15.878664],[104.492889,15.869536],[104.488737,15.866422],[104.491608,15.86447],[104.497249,15.864383],[104.499369,15.859531],[104.472998,15.836265],[104.459031,15.836117],[104.455402,15.839338],[104.455159,15.839152],[104.45499408162901,15.839685735818817],[104.459989,15.842423],[104.460678,15.843484],[104.460483,15.844535],[104.457381,15.849988],[104.456596,15.852118],[104.456339,15.854055],[104.457085,15.857592],[104.45689,15.859352],[104.455916,15.86059],[104.452305,15.862888],[104.449618,15.865382],[104.448945,15.866299],[104.448488,15.868482],[104.448713,15.869509],[104.450084,15.871191],[104.456395,15.874837],[104.456974,15.875658],[104.456874,15.877097],[104.453306,15.87981],[104.45247,15.880977],[104.452325,15.881606],[104.452545,15.88207],[104.454267,15.882588],[104.454832,15.883038],[104.454913,15.883472],[104.454339,15.884937],[104.454451,15.88576],[104.45837,15.891247],[104.458567,15.893003],[104.459507,15.89532],[104.4598,15.897169],[104.459625,15.897566],[104.459147,15.897601],[104.45848,15.896017],[104.457797,15.895688],[104.456619,15.895831],[104.455812,15.897845],[104.454993,15.899161],[104.454795,15.901251],[104.455127,15.901557],[104.457772,15.901742],[104.46194,15.902855],[104.464804,15.903125],[104.467154,15.902469],[104.467972,15.902873],[104.468959,15.905797],[104.469314,15.908191],[104.470458,15.909943],[104.470497,15.910396],[104.470023,15.910743],[104.467384,15.91144],[104.465737,15.911419],[104.465135,15.912191],[104.465155,15.912893],[104.466421,15.914204],[104.469389,15.918711],[104.473984,15.924149],[104.477111,15.926311],[104.477936,15.92784],[104.479211,15.929164],[104.479948,15.930324],[104.481976,15.934929],[104.482885,15.934853],[104.48442,15.933712]]]]},"bbox":[104.448487,15.836117,104.50982,15.94402]},{"type":"Feature","id":"cb4ef4f5-5ec0-4de2-8eb7-5b0543fbf74d","properties":{"id":"cb4ef4f5-5ec0-4de2-8eb7-5b0543fbf74d","code":"05370201","provinceCode":"37","nameTh":"เทศบาลตำบล ชานุมาน","nameEn":null,"geometryType":"MUNICIPALITY","sourceUrl":"https://landometer.com/api/v2/citymeter-v3/grocery/info/geom/cb4ef4f5-5ec0-4de2-8eb7-5b0543fbf74d/MUNICIPALITY","sourceSha256":"5f624144416d9b24fd3bf74cd975713aef997734de3ef5e0cb4026bbb43a6356","retrievedAt":"2026-10-04T05:43:08.975534+00:00","boundaryVintage":null,"geometryStatus":"native_source_polygon_display_simplified","simplificationToleranceDegrees":0.00015,"simplificationPreservesTopology":true,"invalidSourceRepair":"make_valid; retain polygonal components; discard zero-area collapsed lines","legalBoundaryIndependentlyVerified":false,"areaId":"cb4ef4f5-5ec0-4de2-8eb7-5b0543fbf74d"},"geometry":{"type":"MultiPolygon","coordinates":[[[[105.01046701351532,16.209207197072185],[105.010467,16.209207],[105.009937,16.208609],[105.01046701351532,16.209207197072185]]],[[[104.997438,16.24428],[104.997335,16.246355],[105.006179,16.249314],[105.007426,16.249506],[105.008669,16.250416],[105.008382,16.250739],[105.008916,16.250139],[105.011718,16.248647],[105.012328,16.248079],[105.014978,16.245264],[105.016214,16.243273],[105.016916,16.235791],[105.016456,16.229827],[105.014041,16.216848],[105.012173,16.209798],[105.011753,16.207704],[105.011742,16.206396],[105.011746,16.206888],[105.011023,16.207959],[105.011508,16.209765],[105.010963,16.210866],[105.01046701351532,16.209207197072185],[105.01051,16.209834],[105.009832,16.210528],[105.009556,16.209534],[105.007238,16.21086],[105.008038,16.212246],[105.006683,16.215013],[105.00549,16.214706],[105.005894,16.216346],[105.004118,16.21586],[105.004485,16.217732],[104.999192,16.221124],[104.992391,16.239427],[104.993484,16.239793],[104.993709,16.240923],[104.994802,16.241289],[104.995028,16.242419],[104.99612,16.242784],[104.996346,16.243914],[104.997438,16.24428]]]]},"bbox":[104.992391,16.206396,105.016916,16.250739]},{"type":"Feature","id":"1f868339-126b-4cb3-ac23-d165e54c40e8","properties":{"id":"1f868339-126b-4cb3-ac23-d165e54c40e8","code":"05370202","provinceCode":"37","nameTh":"เทศบาลตำบล โคกก่ง","nameEn":null,"geometryType":"MUNICIPALITY","sourceUrl":"https://landometer.com/api/v2/citymeter-v3/grocery/info/geom/1f868339-126b-4cb3-ac23-d165e54c40e8/MUNICIPALITY","sourceSha256":"1169b2c06977b0331f10d575fddc016e9b522bdc5434ed7b9679d6bac90ee3c0","retrievedAt":"2026-10-04T05:43:08.983799+00:00","boundaryVintage":null,"geometryStatus":"native_source_polygon_display_simplified","simplificationToleranceDegrees":0.00015,"simplificationPreservesTopology":true,"invalidSourceRepair":"make_valid; retain polygonal components; discard zero-area collapsed lines","legalBoundaryIndependentlyVerified":false,"areaId":"1f868339-126b-4cb3-ac23-d165e54c40e8"},"geometry":{"type":"Polygon","coordinates":[[[105.011451,16.036845],[105.008987,16.035526],[105.007812,16.034354],[105.007116,16.033236],[105.006324,16.031066],[105.005028,16.025665],[105.003292,16.020523],[105.003484,16.018199],[105.004144,16.015606],[105.004354,16.011925],[105.004895,16.009377],[105.006202,16.00664],[105.008471,16.00292],[105.00864,16.001744],[105.009327,16.00074],[105.009523,15.999944],[105.009938,15.999596],[105.005687,15.99946],[105.004757,15.999857],[105.00378,15.999865],[105.003449,16.000161],[105.002844,15.999995],[105.00241,15.999353],[105.002102,15.9994],[105.002116,15.998738],[105.001637,15.998471],[105.001565,15.998873],[105.000953,15.998586],[105.000877,15.998894],[105.000538,15.998968],[105.000309,15.998679],[104.999082,15.998906],[104.998781,15.998635],[104.997899,15.999125],[104.997542,15.999072],[104.997401,15.999398],[104.99661,15.99951],[104.995998,15.999485],[104.995717,15.999091],[104.995271,15.999211],[104.994605,16.000016],[104.994137,15.999715],[104.993455,15.999745],[104.993277,16.000371],[104.994121,16.00128],[104.994222,16.003337],[104.994689,16.00372],[104.994472,16.003926],[104.994529,16.004734],[104.994059,16.005215],[104.993684,16.004904],[104.99298,16.00511],[104.992106,16.004586],[104.991296,16.004594],[104.988948,16.002624],[104.987684,16.002073],[104.986677,16.002626],[104.984706,16.002534],[104.983332,16.002907],[104.982673,16.00255],[104.982309,16.003045],[104.981806,16.002711],[104.981661,16.003095],[104.980281,16.003222],[104.980171,16.003795],[104.979386,16.004388],[104.979858,16.004822],[104.979986,16.006021],[104.979677,16.006344],[104.980008,16.006456],[104.979302,16.007382],[104.979856,16.00753],[104.979514,16.007922],[104.979455,16.008486],[104.978785,16.008253],[104.978508,16.008762],[104.977656,16.00941],[104.976072,16.009501],[104.975926,16.010034],[104.975181,16.0096],[104.974166,16.01028],[104.973354,16.009949],[104.972882,16.010046],[104.97255,16.010769],[104.972885,16.01108],[104.973017,16.011767],[104.972281,16.011636],[104.97142,16.011842],[104.970915,16.012235],[104.970894,16.013039],[104.97024,16.01281],[104.969566,16.013102],[104.969499,16.014647],[104.96895,16.016911],[104.968151,16.017699],[104.966991,16.018139],[104.966721,16.020829],[104.966307,16.020966],[104.965203,16.020701],[104.96437,16.02172],[104.96223,16.022145],[104.961879,16.021815],[104.962149,16.020921],[104.960303,16.020512],[104.960201,16.019776],[104.959287,16.018667],[104.957188,16.017317],[104.954924,16.016894],[104.954204,16.016405],[104.953875,16.016519],[104.953474,16.015887],[104.953666,16.015516],[104.953157,16.015204],[104.953134,16.01471],[104.951795,16.013356],[104.948636,16.01201],[104.94749,16.011846],[104.94638,16.01079],[104.945103,16.008796],[104.943546,16.007509],[104.94276,16.007453],[104.941811,16.008036],[104.940685,16.008345],[104.934751,16.008402],[104.933671,16.007813],[104.932415,16.005569],[104.931045,16.004911],[104.930114,16.00367],[104.927204,16.003718],[104.926366,16.00401],[104.925777,16.004562],[104.924909,16.004518],[104.924692,16.005122],[104.923539,16.005518],[104.923478,16.00764],[104.922162,16.008988],[104.921904,16.011928],[104.921724,16.011943],[104.920844,16.01547],[104.911133,16.025225],[104.906304,16.036482],[104.908897,16.045147],[104.913299,16.04688],[104.915696,16.052957],[104.912091,16.057715],[104.909439,16.057867],[104.905864,16.065986],[104.901827,16.068014],[104.903477,16.07241],[104.897701,16.073819],[104.890781,16.080216],[104.886032,16.094246],[104.924611,16.101463],[104.931224,16.104087],[104.936937,16.100637],[104.968662,16.120386],[104.967297,16.120714],[104.96761,16.120909],[104.974364,16.119478],[104.983046,16.11598],[104.98495,16.113378],[104.996684,16.118514],[105.000073,16.116615],[105.003526,16.117798],[105.006741,16.115488],[105.008094,16.117174],[105.006808,16.119545],[105.011796,16.120232],[105.016184,16.125631],[105.018093,16.121838],[105.015676,16.11504],[105.017677,16.117446],[105.025572,16.11651],[105.02654,16.119829],[105.031622,16.122155],[105.035584,16.118618],[105.038809,16.118305],[105.038339,16.119164],[105.038569,16.118962],[105.039809,16.116472],[105.040356,16.114755],[105.04062,16.111591],[105.041879,16.109146],[105.044035,16.105979],[105.04486,16.105141],[105.045029,16.104597],[105.046173,16.103508],[105.047302,16.101962],[105.050583,16.101157],[105.052862,16.101039],[105.056282,16.100027],[105.060261,16.098149],[105.059583,16.096883],[105.058927,16.096732],[105.058794,16.095237],[105.058242,16.094994],[105.057704,16.094225],[105.05664,16.093348],[105.055363,16.093791],[105.054357,16.093771],[105.052652,16.094589],[105.05166,16.094292],[105.050358,16.095276],[105.049749,16.094649],[105.047295,16.094972],[105.046429,16.094773],[105.04483,16.095308],[105.044139,16.095083],[105.043649,16.095197],[105.04353,16.09471],[105.042748,16.094749],[105.0418,16.093761],[105.041276,16.092781],[105.041079,16.091728],[105.041138,16.091545],[105.041634,16.091586],[105.041635,16.091344],[105.041,16.090639],[105.041059,16.090308],[105.040648,16.090256],[105.04035,16.089786],[105.040007,16.089689],[105.039617,16.088361],[105.038713,16.087983],[105.038365,16.086771],[105.037863,16.086409],[105.037792,16.085816],[105.038131,16.085516],[105.03808,16.085213],[105.036283,16.084693],[105.036089,16.082934],[105.036432,16.082204],[105.036429,16.081559],[105.035984,16.080663],[105.036114,16.079697],[105.035447,16.078848],[105.035315,16.078049],[105.034607,16.077866],[105.034248,16.077489],[105.034281,16.077014],[105.033785,16.076972],[105.033557,16.07664],[105.032856,16.076841],[105.032164,16.076648],[105.032399,16.076051],[105.031709,16.076111],[105.031348,16.075059],[105.030963,16.075303],[105.030193,16.074486],[105.030358,16.073925],[105.03018,16.072959],[105.029605,16.072504],[105.028757,16.072534],[105.028298,16.071135],[105.028387,16.069764],[105.027925,16.069006],[105.027919,16.068302],[105.028178,16.0678],[105.027985,16.067504],[105.027953,16.065972],[105.026755,16.064675],[105.025586,16.06427],[105.025291,16.063539],[105.025088,16.060694],[105.025796,16.056022],[105.024032,16.05222],[105.021415,16.048387],[105.016939,16.043388],[105.015534,16.040794],[105.013466,16.038576],[105.011451,16.036845]]]},"bbox":[104.886032,15.998471,105.060261,16.125631]},{"type":"Feature","id":"c01abc55-2904-4658-8318-a28216f1dffe","properties":{"id":"c01abc55-2904-4658-8318-a28216f1dffe","code":"05370301","provinceCode":"37","nameTh":"เทศบาลตำบล ปทุมราชวงศา","nameEn":null,"geometryType":"MUNICIPALITY","sourceUrl":"https://landometer.com/api/v2/citymeter-v3/grocery/info/geom/c01abc55-2904-4658-8318-a28216f1dffe/MUNICIPALITY","sourceSha256":"d3ae4cbe66c1117ad6af2b61feac5660759a83ca7f293895edb87c88d49109cf","retrievedAt":"2026-10-04T05:43:09.033510+00:00","boundaryVintage":null,"geometryStatus":"native_source_polygon_display_simplified","simplificationToleranceDegrees":0.00015,"simplificationPreservesTopology":true,"invalidSourceRepair":"make_valid; retain polygonal components; discard zero-area collapsed lines","legalBoundaryIndependentlyVerified":false,"areaId":"c01abc55-2904-4658-8318-a28216f1dffe"},"geometry":{"type":"Polygon","coordinates":[[[104.890468,15.872502],[104.88435,15.874716],[104.889001,15.882845],[104.891068,15.881937],[104.911467,15.889977],[104.930563,15.902108],[104.930776,15.899196],[104.935084,15.895234],[104.928461,15.879846],[104.915841,15.87585],[104.901542,15.876423],[104.890468,15.872502]]]},"bbox":[104.88435,15.872502,104.935084,15.902108]},{"type":"Feature","id":"0263bc03-79ab-484e-98de-e6fb45d7d3b9","properties":{"id":"0263bc03-79ab-484e-98de-e6fb45d7d3b9","code":"05370302","provinceCode":"37","nameTh":"เทศบาลตำบล นาป่าแซง","nameEn":null,"geometryType":"MUNICIPALITY","sourceUrl":"https://landometer.com/api/v2/citymeter-v3/grocery/info/geom/0263bc03-79ab-484e-98de-e6fb45d7d3b9/MUNICIPALITY","sourceSha256":"e81d3a4e970b82b1f2c1b5b7f23d753398dca3b4868b63bc7edf3f57b711243c","retrievedAt":"2026-10-04T05:43:09.049688+00:00","boundaryVintage":null,"geometryStatus":"native_source_polygon_display_simplified","simplificationToleranceDegrees":0.00015,"simplificationPreservesTopology":true,"invalidSourceRepair":"make_valid; retain polygonal components; discard zero-area collapsed lines","legalBoundaryIndependentlyVerified":false,"areaId":"0263bc03-79ab-484e-98de-e6fb45d7d3b9"},"geometry":{"type":"Polygon","coordinates":[[[104.850427,15.939398],[104.869876,15.937949],[104.879219,15.939708],[104.878061,15.931575],[104.879781,15.924532],[104.878166,15.917258],[104.880579,15.912785],[104.877394,15.906415],[104.880839,15.900808],[104.886064,15.901965],[104.891097,15.898942],[104.891288,15.893049],[104.899285,15.887141],[104.899238,15.885157],[104.891068,15.881937],[104.889001,15.882845],[104.88435,15.874716],[104.890468,15.872502],[104.901542,15.876423],[104.903158,15.874917],[104.899775,15.868801],[104.905055,15.86132],[104.901496,15.849999],[104.903807,15.844081],[104.907022,15.841412],[104.906676,15.83894],[104.911522,15.837558],[104.912461,15.832128],[104.91554,15.828649],[104.91946,15.831216],[104.921561,15.829939],[104.92589,15.83077],[104.928468,15.825375],[104.922624,15.817678],[104.918143,15.808983],[104.919083,15.808194],[104.912936,15.805994],[104.902835,15.806282],[104.889359,15.812438],[104.883861,15.817195],[104.879802,15.82502],[104.873711,15.828078],[104.862739,15.84049],[104.857369,15.842599],[104.852991,15.855469],[104.853996,15.857042],[104.848374,15.860353],[104.850965,15.862533],[104.848793,15.869998],[104.850445,15.873627],[104.847886,15.874534],[104.847912,15.877484],[104.84517,15.8779],[104.842179,15.881474],[104.84123,15.885564],[104.842933,15.888211],[104.840077,15.894663],[104.837712,15.90303],[104.833334,15.921515],[104.83409,15.922627],[104.834748,15.927099],[104.847277,15.934174],[104.850427,15.939398]]]},"bbox":[104.833334,15.805994,104.928468,15.939708]},{"type":"Feature","id":"eab70514-bccc-4532-b1db-a469c2c96253","properties":{"id":"eab70514-bccc-4532-b1db-a469c2c96253","code":"05370303","provinceCode":"37","nameTh":"เทศบาลตำบล หนองข่า","nameEn":null,"geometryType":"MUNICIPALITY","sourceUrl":"https://landometer.com/api/v2/citymeter-v3/grocery/info/geom/eab70514-bccc-4532-b1db-a469c2c96253/MUNICIPALITY","sourceSha256":"3ba7550fff2955433589f5395b1555e33120a771682e1d768d9db4af6721205c","retrievedAt":"2026-10-04T05:43:09.074632+00:00","boundaryVintage":null,"geometryStatus":"native_source_polygon_display_simplified","simplificationToleranceDegrees":0.00015,"simplificationPreservesTopology":true,"invalidSourceRepair":"make_valid; retain polygonal components; discard zero-area collapsed lines","legalBoundaryIndependentlyVerified":false,"areaId":"eab70514-bccc-4532-b1db-a469c2c96253"},"geometry":{"type":"MultiPolygon","coordinates":[[[[104.80850839027724,15.907659738131514],[104.808523,15.907381],[104.808508,15.90766],[104.80850839027724,15.907659738131514]]],[[[104.922189,16.00895],[104.92338,16.007811],[104.92356,16.007401],[104.923471,16.005672],[104.923807,16.005326],[104.924531,16.005183],[104.92567,16.002581],[104.924886,16.000367],[104.928579,15.996232],[104.924588,15.987906],[104.925864,15.987494],[104.924677,15.984931],[104.928151,15.977842],[104.926009,15.97345],[104.917944,15.966407],[104.912929,15.965251],[104.908971,15.960614],[104.909681,15.957975],[104.913013,15.955828],[104.911843,15.952694],[104.913276,15.951443],[104.909044,15.930041],[104.90877,15.930296],[104.908543,15.929233],[104.906299,15.931223],[104.900682,15.93717],[104.890812,15.94004],[104.884107,15.937861],[104.879219,15.939708],[104.869876,15.937949],[104.850427,15.939398],[104.847277,15.934174],[104.834748,15.927099],[104.83389,15.922111],[104.833334,15.921515],[104.833086,15.922563],[104.82931,15.919902],[104.828542,15.914073],[104.813994,15.903979],[104.80850839027724,15.907659738131514],[104.808305,15.908601],[104.80731,15.909515],[104.805361,15.909767],[104.803522,15.908228],[104.803022,15.908135],[104.801806,15.908459],[104.801502,15.908949],[104.802012,15.910262],[104.801855,15.910691],[104.801111,15.911183],[104.797397,15.911839],[104.795408,15.913003],[104.794885,15.913569],[104.793745,15.915851],[104.792226,15.917434],[104.790905,15.919973],[104.790653,15.92225],[104.791247,15.924281],[104.792574,15.926089],[104.794872,15.931369],[104.794559,15.931776],[104.794861,15.932029],[104.794367,15.932585],[104.794271,15.933089],[104.794754,15.933005],[104.794919,15.933294],[104.795789,15.933426],[104.797321,15.935689],[104.799927,15.93717],[104.799694,15.938078],[104.800279,15.938574],[104.800216,15.939309],[104.800702,15.939913],[104.800404,15.94025],[104.800917,15.941042],[104.800736,15.941638],[104.801007,15.941972],[104.801344,15.941701],[104.801506,15.942001],[104.801769,15.941771],[104.802077,15.942257],[104.799444,15.945042],[104.798872,15.948424],[104.799068,15.950197],[104.800924,15.952399],[104.802407,15.95258],[104.802622,15.952795],[104.802635,15.953687],[104.803738,15.954302],[104.804302,15.955723],[104.805361,15.957313],[104.804101,15.961158],[104.802504,15.962064],[104.801057,15.962094],[104.800372,15.961699],[104.798625,15.961464],[104.796496,15.96046],[104.794657,15.959941],[104.792871,15.959902],[104.79176,15.959574],[104.791359,15.959936],[104.78988,15.960165],[104.788861,15.959842],[104.78733,15.960504],[104.786741,15.961657],[104.785748,15.962215],[104.785812,15.96245],[104.784534,15.962562],[104.784038,15.962969],[104.783733,15.964962],[104.785019,15.96609],[104.785799,15.965579],[104.786174,15.965728],[104.786338,15.966195],[104.787366,15.966514],[104.788231,15.966522],[104.788635,15.966215],[104.788713,15.966465],[104.789076,15.966295],[104.790339,15.966698],[104.790639,15.967012],[104.791226,15.967059],[104.791389,15.96677],[104.791687,15.967153],[104.79319,15.967153],[104.794199,15.967961],[104.796217,15.968413],[104.796539,15.969051],[104.797763,15.969305],[104.79804,15.969846],[104.798887,15.97056],[104.801555,15.971256],[104.802834,15.971308],[104.803766,15.972007],[104.805556,15.971845],[104.805733,15.972726],[104.807868,15.973588],[104.808029,15.974326],[104.806404,15.976891],[104.806387,15.978805],[104.807541,15.980056],[104.81177,15.990183],[104.812313,15.993669],[104.812563,15.994673],[104.812893,15.994813],[104.812677,15.995826],[104.813038,15.99615],[104.813253,15.995946],[104.813374,15.996088],[104.813032,15.999049],[104.813129,15.999755],[104.813471,16.000213],[104.813393,16.000537],[104.814311,16.001486],[104.815683,16.00203],[104.81643,16.003313],[104.816774,16.004905],[104.81619,16.005907],[104.816799,16.006481],[104.817268,16.006584],[104.81717,16.007351],[104.817626,16.007393],[104.817632,16.008179],[104.81837,16.008626],[104.819515,16.008094],[104.819305,16.007275],[104.818626,16.006715],[104.819112,16.006222],[104.819211,16.005228],[104.820093,16.004014],[104.819851,16.00347],[104.821193,16.002902],[104.821921,16.00228],[104.821491,16.001353],[104.821528,16.000925],[104.822714,16.000488],[104.823315,15.999444],[104.823893,15.999325],[104.824972,16.000143],[104.826936,16.000223],[104.828402,15.999884],[104.830156,15.998641],[104.830829,15.998514],[104.832064,15.997802],[104.832376,15.997907],[104.8327,15.998615],[104.833424,15.99906],[104.834581,15.999052],[104.837355,15.999996],[104.838767,15.999794],[104.839137,16.000056],[104.839307,15.999529],[104.839944,15.999613],[104.840856,15.999328],[104.841267,15.999475],[104.841466,15.998973],[104.841936,15.998994],[104.842537,15.998636],[104.843763,15.998645],[104.844158,15.998965],[104.844783,15.998948],[104.846608,16.000727],[104.84715,16.001685],[104.847635,16.003891],[104.847963,16.003898],[104.848268,16.004306],[104.848246,16.00478],[104.848616,16.005072],[104.849032,16.005046],[104.849137,16.005474],[104.849985,16.005986],[104.849479,16.006235],[104.849799,16.00644],[104.849676,16.006828],[104.849994,16.007136],[104.850583,16.006591],[104.850688,16.007176],[104.851019,16.006897],[104.851544,16.00689],[104.852115,16.00727],[104.852254,16.00767],[104.8529,16.007637],[104.853002,16.008105],[104.853288,16.007676],[104.853978,16.007659],[104.853921,16.008087],[104.854427,16.008434],[104.854419,16.008656],[104.854887,16.008433],[104.855362,16.009178],[104.856826,16.009606],[104.857518,16.00957],[104.857987,16.009093],[104.858674,16.009029],[104.859444,16.009766],[104.861084,16.009078],[104.861192,16.008781],[104.861438,16.008888],[104.861468,16.00852],[104.86202,16.008132],[104.862086,16.008638],[104.862372,16.008484],[104.862438,16.008816],[104.862761,16.008975],[104.862686,16.009308],[104.862973,16.009171],[104.863672,16.009422],[104.863532,16.009881],[104.86386,16.00984],[104.864082,16.010451],[104.865625,16.01106],[104.866267,16.010789],[104.866148,16.010299],[104.866373,16.010068],[104.86683,16.010107],[104.86773,16.00966],[104.867617,16.008928],[104.868592,16.009114],[104.869384,16.008767],[104.869482,16.008427],[104.869928,16.0085],[104.870304,16.008259],[104.870455,16.00779],[104.870773,16.00768],[104.870772,16.006983],[104.871168,16.006717],[104.871748,16.006814],[104.871769,16.00658],[104.872883,16.005969],[104.872999,16.005517],[104.874181,16.005642],[104.874797,16.006234],[104.877208,16.006168],[104.878063,16.006543],[104.878929,16.006276],[104.880221,16.006677],[104.881485,16.006652],[104.8827,16.006946],[104.884017,16.006696],[104.886124,16.006999],[104.887141,16.00671],[104.890541,16.007437],[104.895103,16.005888],[104.898273,16.005265],[104.899158,16.005293],[104.900691,16.005817],[104.901951,16.006741],[104.903268,16.006969],[104.903541,16.007367],[104.904066,16.007441],[104.90659,16.00899],[104.907256,16.008984],[104.90806,16.00943],[104.910271,16.0088],[104.911426,16.009147],[104.911718,16.009734],[104.912556,16.01002],[104.912789,16.010596],[104.913305,16.010809],[104.913487,16.011196],[104.914508,16.011244],[104.914934,16.011725],[104.915919,16.012084],[104.916333,16.012486],[104.916843,16.012293],[104.916961,16.012746],[104.921904,16.011928],[104.922189,16.00895]]]]},"bbox":[104.783733,15.903979,104.928579,16.012753]},{"type":"Feature","id":"08d8f134-2dec-4bc9-be1f-e4c25abfcc04","properties":{"id":"08d8f134-2dec-4bc9-be1f-e4c25abfcc04","code":"05370304","provinceCode":"37","nameTh":"เทศบาลตำบล ห้วย","nameEn":null,"geometryType":"MUNICIPALITY","sourceUrl":"https://landometer.com/api/v2/citymeter-v3/grocery/info/geom/08d8f134-2dec-4bc9-be1f-e4c25abfcc04/MUNICIPALITY","sourceSha256":"f70c758b5e928fb789842aec189be2c4a0621221c9306e6903373a6df2ca27ad","retrievedAt":"2026-10-04T05:43:09.124860+00:00","boundaryVintage":null,"geometryStatus":"native_source_polygon_display_simplified","simplificationToleranceDegrees":0.00015,"simplificationPreservesTopology":true,"invalidSourceRepair":"make_valid; retain polygonal components; discard zero-area collapsed lines","legalBoundaryIndependentlyVerified":false,"areaId":"08d8f134-2dec-4bc9-be1f-e4c25abfcc04"},"geometry":{"type":"Polygon","coordinates":[[[104.964526,15.834131],[104.965222,15.832729],[104.965318,15.831533],[104.964663,15.830284],[104.964045,15.829974],[104.963492,15.828451],[104.963995,15.828247],[104.96389,15.827708],[104.96484,15.826648],[104.965052,15.826025],[104.964796,15.824877],[104.965151,15.824552],[104.965055,15.824147],[104.965305,15.823692],[104.96423,15.823723],[104.964524,15.82318],[104.964368,15.822759],[104.964736,15.822538],[104.964656,15.821964],[104.965053,15.821362],[104.964924,15.821077],[104.965387,15.820766],[104.965164,15.820315],[104.965467,15.819636],[104.966583,15.818738],[104.96647,15.810937],[104.96592,15.808376],[104.963855,15.804192],[104.961316,15.797373],[104.959937,15.791919],[104.958361,15.789072],[104.954694,15.786209],[104.939371,15.776958],[104.934021,15.774135],[104.92592,15.770774],[104.922189,15.768964],[104.920894,15.768627],[104.921881,15.769073],[104.914288,15.775926],[104.910582,15.781621],[104.911839,15.786194],[104.925927,15.804843],[104.925873,15.808717],[104.919663,15.807707],[104.918143,15.808983],[104.922624,15.817678],[104.928468,15.825375],[104.92589,15.83077],[104.927498,15.836206],[104.924881,15.84253],[104.931116,15.853866],[104.934946,15.85656],[104.934908,15.861011],[104.930755,15.86234],[104.928563,15.865239],[104.930371,15.869333],[104.929896,15.875111],[104.927341,15.876209],[104.927857,15.878331],[104.952539,15.885441],[104.954633,15.887072],[104.953109,15.890453],[104.953841,15.892516],[104.952644,15.892713],[104.954278,15.894563],[104.954625,15.89697],[104.96102,15.89978],[104.96272,15.904593],[104.964996,15.905981],[104.966591,15.905209],[104.970194,15.90792],[104.970927,15.910712],[104.972137,15.913014],[104.980859,15.911146],[104.99017,15.911507],[104.98256,15.901172],[104.982182,15.900331],[104.982112,15.897949],[104.981655,15.897064],[104.980733,15.896163],[104.980969,15.895812],[104.979516,15.892922],[104.979651,15.892368],[104.979359,15.889707],[104.979043,15.889321],[104.979009,15.888478],[104.97842,15.888217],[104.978605,15.887968],[104.978318,15.887091],[104.97785,15.886632],[104.978086,15.885855],[104.9778,15.88528],[104.977991,15.884838],[104.977457,15.884184],[104.977461,15.883682],[104.977044,15.883028],[104.976456,15.883069],[104.9761,15.882337],[104.975419,15.881961],[104.975355,15.881348],[104.975756,15.880912],[104.975234,15.879829],[104.975376,15.879363],[104.975161,15.878508],[104.974907,15.87836],[104.97501,15.877225],[104.974551,15.876805],[104.974579,15.876322],[104.973939,15.875173],[104.973945,15.874191],[104.972972,15.874415],[104.971179,15.872431],[104.971408,15.872074],[104.970849,15.871854],[104.970818,15.871392],[104.969018,15.869381],[104.964504,15.863182],[104.963411,15.860974],[104.963751,15.852581],[104.963761,15.844197],[104.964103,15.83964],[104.964282,15.838214],[104.965389,15.835063],[104.964526,15.834131]]]},"bbox":[104.910582,15.768627,104.99017,15.913014]},{"type":"Feature","id":"c3d3e6ad-e1d8-4f50-83e7-9c496587d7ab","properties":{"id":"c3d3e6ad-e1d8-4f50-83e7-9c496587d7ab","code":"05370401","provinceCode":"37","nameTh":"เทศบาลตำบล พนา","nameEn":null,"geometryType":"MUNICIPALITY","sourceUrl":"https://landometer.com/api/v2/citymeter-v3/grocery/info/geom/c3d3e6ad-e1d8-4f50-83e7-9c496587d7ab/MUNICIPALITY","sourceSha256":"45459d538d8f17f89b190b8efda72955fa8427037f837ee52bae7a08952a03d1","retrievedAt":"2026-10-04T05:43:09.068356+00:00","boundaryVintage":null,"geometryStatus":"native_source_polygon_display_simplified","simplificationToleranceDegrees":0.00015,"simplificationPreservesTopology":true,"invalidSourceRepair":"make_valid; retain polygonal components; discard zero-area collapsed lines","legalBoundaryIndependentlyVerified":false,"areaId":"c3d3e6ad-e1d8-4f50-83e7-9c496587d7ab"},"geometry":{"type":"Polygon","coordinates":[[[104.861806,15.675486],[104.858112,15.669703],[104.850728,15.671885],[104.848533,15.672977],[104.84522,15.679427],[104.837725,15.685707],[104.843478,15.689853],[104.851178,15.68355],[104.854074,15.678176],[104.861806,15.675486]]]},"bbox":[104.837725,15.669703,104.861806,15.689853]},{"type":"Feature","id":"d1d5bb44-c981-4d4e-9bcf-94f19ba64284","properties":{"id":"d1d5bb44-c981-4d4e-9bcf-94f19ba64284","code":"05370402","provinceCode":"37","nameTh":"เทศบาลตำบล พระเหลา","nameEn":null,"geometryType":"MUNICIPALITY","sourceUrl":"https://landometer.com/api/v2/citymeter-v3/grocery/info/geom/d1d5bb44-c981-4d4e-9bcf-94f19ba64284/MUNICIPALITY","sourceSha256":"9a2a1536a41e03eb298d7b0f15aa63bf7957c000839874ac7f762c8c897afe61","retrievedAt":"2026-10-04T05:43:09.086361+00:00","boundaryVintage":null,"geometryStatus":"native_source_polygon_display_simplified","simplificationToleranceDegrees":0.00015,"simplificationPreservesTopology":true,"invalidSourceRepair":"make_valid; retain polygonal components; discard zero-area collapsed lines","legalBoundaryIndependentlyVerified":false,"areaId":"d1d5bb44-c981-4d4e-9bcf-94f19ba64284"},"geometry":{"type":"MultiPolygon","coordinates":[[[[104.841176,15.659901],[104.841273,15.65619],[104.840051,15.654061],[104.837695,15.654783],[104.837939,15.631085],[104.835531,15.622481],[104.825993,15.624308],[104.82497,15.627296],[104.821017,15.625099],[104.815815,15.625644],[104.81404,15.623739],[104.813443,15.624457],[104.813432,15.624847],[104.812377,15.625854],[104.811842,15.62575],[104.810868,15.624559],[104.810484,15.624598],[104.811092,15.626856],[104.811065,15.627681],[104.810603,15.62819],[104.80925,15.628138],[104.808847,15.628351],[104.808887,15.62978],[104.808278,15.630592],[104.808445,15.631864],[104.807681,15.632279],[104.807381,15.632786],[104.807513,15.633876],[104.807038,15.63505],[104.807467,15.636422],[104.806439,15.637057],[104.806227,15.637627],[104.806896,15.639097],[104.808391,15.639894],[104.808604,15.642408],[104.808432,15.643669],[104.807341,15.644543],[104.807379,15.644944],[104.808121,15.645588],[104.809927,15.645581],[104.81008,15.64607],[104.811729,15.646824],[104.811829,15.647297],[104.811328,15.648029],[104.811864,15.648631],[104.811166,15.64896],[104.811664,15.649596],[104.811514,15.64997],[104.811852,15.650907],[104.812386,15.650903],[104.812475,15.651322],[104.812977,15.651762],[104.813402,15.651797],[104.81335,15.65228],[104.812756,15.652563],[104.813262,15.652917],[104.813327,15.653495],[104.813714,15.65355],[104.81354,15.654474],[104.813122,15.654474],[104.812864,15.65495],[104.813035,15.655293],[104.812612,15.655646],[104.812727,15.656475],[104.813017,15.656718],[104.812768,15.65695],[104.8125,15.658416],[104.813153,15.658339],[104.813114,15.658936],[104.813538,15.659909],[104.813287,15.659995],[104.812948,15.659564],[104.812624,15.659867],[104.812667,15.660469],[104.812077,15.660626],[104.812734,15.661476],[104.81174,15.661327],[104.811527,15.661063],[104.811229,15.661428],[104.811424,15.661941],[104.811846,15.661883],[104.811668,15.662569],[104.812473,15.663145],[104.812486,15.66344],[104.812972,15.663473],[104.812642,15.663862],[104.812556,15.664855],[104.811493,15.665186],[104.81161,15.66587],[104.811094,15.666566],[104.811453,15.667004],[104.811379,15.667298],[104.810928,15.667401],[104.810242,15.666921],[104.809852,15.667408],[104.809285,15.667528],[104.809388,15.668578],[104.809106,15.669114],[104.810146,15.66922],[104.810261,15.669963],[104.810697,15.670488],[104.809336,15.671776],[104.809855,15.67396],[104.809723,15.674768],[104.81441,15.676439],[104.818057,15.674355],[104.821513,15.675818],[104.82574,15.674789],[104.834276,15.697287],[104.844596,15.71278],[104.862313,15.733895],[104.85847,15.738021],[104.858377,15.740062],[104.865904,15.746828],[104.866978,15.746711],[104.866978,15.747717],[104.867996,15.747607],[104.867561,15.751671],[104.867326,15.752241],[104.868335,15.753057],[104.868878,15.754079],[104.869464,15.757706],[104.869188,15.758983],[104.868724,15.759493],[104.869061,15.75978],[104.8691,15.760206],[104.870265,15.760657],[104.871458,15.762239],[104.872477,15.762436],[104.872649,15.763015],[104.874013,15.76303],[104.874433,15.763257],[104.87443,15.763854],[104.875228,15.764083],[104.876221,15.763371],[104.87738,15.7641],[104.877383,15.764566],[104.878038,15.764734],[104.878032,15.765106],[104.878335,15.765339],[104.87926,15.76546],[104.879715,15.765226],[104.879946,15.765667],[104.880482,15.765551],[104.881838,15.766225],[104.882047,15.76588],[104.883829,15.765594],[104.885072,15.766199],[104.885696,15.765664],[104.886893,15.765478],[104.889172,15.765765],[104.889438,15.766298],[104.889825,15.766246],[104.889884,15.765939],[104.890204,15.766077],[104.890665,15.765781],[104.891252,15.766319],[104.891575,15.76631],[104.893148,15.763228],[104.894996,15.762621],[104.901851,15.754665],[104.902182,15.753185],[104.902384,15.749701],[104.902677,15.749137],[104.903953,15.748585],[104.902854,15.747058],[104.903718,15.746294],[104.904301,15.745124],[104.904926,15.743293],[104.905247,15.740271],[104.905702,15.739172],[104.906374,15.738857],[104.906139,15.738065],[104.906388,15.736313],[104.906122,15.733999],[104.906305,15.731704],[104.905928,15.726754],[104.90621,15.725287],[104.905956,15.724213],[104.904187,15.720148],[104.903024,15.718717],[104.901798,15.717723],[104.90048198245174,15.715604003760342],[104.872983,15.72142],[104.870071,15.71873],[104.871419,15.712649],[104.868316,15.712022],[104.868604,15.708508],[104.864112,15.707736],[104.861479,15.705248],[104.860409,15.701158],[104.857819,15.699826],[104.854765,15.690026],[104.849339,15.688456],[104.848686,15.68559],[104.843478,15.689853],[104.837725,15.685707],[104.84522,15.679427],[104.847628,15.674739],[104.847388,15.674844],[104.844117,15.671675],[104.845093,15.668338],[104.841257,15.665453],[104.842994,15.662471],[104.841176,15.659901]]],[[[104.90048198245174,15.715604003760342],[104.900482,15.715604],[104.900449,15.715548],[104.90048198245174,15.715604003760342]]]]},"bbox":[104.806227,15.622481,104.906388,15.766361]},{"type":"Feature","id":"37254e29-63ba-46a5-811f-3652fe9f8d91","properties":{"id":"37254e29-63ba-46a5-811f-3652fe9f8d91","code":"05370501","provinceCode":"37","nameTh":"เทศบาลตำบล เสนางคนิคม","nameEn":null,"geometryType":"MUNICIPALITY","sourceUrl":"https://landometer.com/api/v2/citymeter-v3/grocery/info/geom/37254e29-63ba-46a5-811f-3652fe9f8d91/MUNICIPALITY","sourceSha256":"ba8d938cb1f16b10f127efb3c812c620c95d02eb95ef72af8a209559236e32ab","retrievedAt":"2026-10-04T05:43:09.069502+00:00","boundaryVintage":null,"geometryStatus":"native_source_polygon_display_simplified","simplificationToleranceDegrees":0.00015,"simplificationPreservesTopology":true,"invalidSourceRepair":"make_valid; retain polygonal components; discard zero-area collapsed lines","legalBoundaryIndependentlyVerified":false,"areaId":"37254e29-63ba-46a5-811f-3652fe9f8d91"},"geometry":{"type":"Polygon","coordinates":[[[104.66185,16.055244],[104.689495,16.054211],[104.688322,16.049936],[104.684669,16.045584],[104.681958,16.035252],[104.664294,16.034629],[104.66185,16.055244]]]},"bbox":[104.66185,16.034629,104.689495,16.055244]},{"type":"Feature","id":"23eda0b9-e5f6-42cf-bae7-82d1659c5506","properties":{"id":"23eda0b9-e5f6-42cf-bae7-82d1659c5506","code":"05370502","provinceCode":"37","nameTh":"เทศบาลตำบล สิริเสนางค์","nameEn":null,"geometryType":"MUNICIPALITY","sourceUrl":"https://landometer.com/api/v2/citymeter-v3/grocery/info/geom/23eda0b9-e5f6-42cf-bae7-82d1659c5506/MUNICIPALITY","sourceSha256":"dcf740d94e1a43aad7b4fe85321b2d8752419650e1c7bdd29f4239d0105c9c71","retrievedAt":"2026-10-04T05:43:09.092868+00:00","boundaryVintage":null,"geometryStatus":"native_source_polygon_display_simplified","simplificationToleranceDegrees":0.00015,"simplificationPreservesTopology":true,"invalidSourceRepair":"make_valid; retain polygonal components; discard zero-area collapsed lines","legalBoundaryIndependentlyVerified":false,"areaId":"23eda0b9-e5f6-42cf-bae7-82d1659c5506"},"geometry":{"type":"Polygon","coordinates":[[[104.662766,16.006255],[104.660916,16.006145],[104.659468,16.00684],[104.658856,16.006116],[104.658034,16.005812],[104.657411,16.005198],[104.656917,16.005819],[104.656181,16.006096],[104.65515,16.005158],[104.6528,16.005873],[104.650903,16.003278],[104.649096,16.003532],[104.645837,16.002856],[104.645375,16.003275],[104.645826,16.004599],[104.645535,16.005053],[104.644153,16.004807],[104.642492,16.003679],[104.642033,16.003655],[104.641501,16.004042],[104.641348,16.005519],[104.639645,16.005847],[104.638256,16.00533],[104.637559,16.004226],[104.636422,16.004319],[104.635564,16.003336],[104.635172,16.003258],[104.633434,16.004545],[104.633008,16.005544],[104.632065,16.005842],[104.630063,16.004499],[104.628397,16.00427],[104.626999,16.00341],[104.62658,16.002721],[104.626568,16.001473],[104.625556,16.000516],[104.624484,16.000011],[104.623294,15.999982],[104.622514,15.999532],[104.620697,16.000108],[104.619054,16.000179],[104.61837,16.000657],[104.618173,16.001167],[104.61829,16.001619],[104.619132,16.002196],[104.619509,16.002899],[104.619301,16.004135],[104.61874,16.004521],[104.61725,16.004123],[104.616779,16.003003],[104.616392,16.002695],[104.614831,16.002642],[104.614243,16.002837],[104.613671,16.003398],[104.61334,16.004744],[104.613032,16.004855],[104.61147,16.002902],[104.609408,16.003385],[104.608039,16.002466],[104.607105,16.00133],[104.603499,16.001828],[104.60384,16.0019],[104.605765,16.006331],[104.61013,16.007419],[104.617198,16.015856],[104.616459,16.032496],[104.617772,16.031776],[104.623703,16.033274],[104.623819,16.035013],[104.636853,16.040026],[104.646102,16.05354],[104.647791,16.058779],[104.654697,16.063234],[104.657286,16.068319],[104.656458,16.073128],[104.665989,16.073433],[104.670038,16.077671],[104.670153,16.080917],[104.667271,16.083443],[104.676679,16.095201],[104.676701,16.109828],[104.679562,16.119125],[104.6824,16.117843],[104.682739,16.117146],[104.683961,16.115859],[104.686206,16.116285],[104.686764,16.11513],[104.687346,16.114971],[104.687493,16.11457],[104.688619,16.114544],[104.690589,16.114931],[104.693205,16.114024],[104.694581,16.114617],[104.695866,16.113782],[104.696337,16.113803],[104.697019,16.113406],[104.697383,16.112816],[104.699373,16.113543],[104.702358,16.113687],[104.70285,16.113373],[104.702934,16.111943],[104.703414,16.110978],[104.70637,16.108458],[104.71249,16.108089],[104.720391,16.10668],[104.720243,16.10583],[104.721004,16.104945],[104.721097,16.104194],[104.722778,16.1036],[104.723736,16.103886],[104.725118,16.103909],[104.725486,16.10372],[104.72589,16.103938],[104.727368,16.103986],[104.727597,16.103743],[104.727396,16.103467],[104.729718,16.102069],[104.730279,16.101015],[104.730584,16.101101],[104.730771,16.101574],[104.731269,16.101613],[104.731351,16.102003],[104.73196,16.102021],[104.732818,16.102476],[104.733978,16.102004],[104.734525,16.102598],[104.735059,16.102613],[104.735201,16.102298],[104.735589,16.102225],[104.735571,16.101924],[104.7358,16.102191],[104.739804,16.099519],[104.745685,16.099145],[104.74522,16.090376],[104.730543,16.082239],[104.729117,16.079317],[104.730216,16.07743],[104.734266,16.080518],[104.74726,16.082237],[104.748751,16.074918],[104.743985,16.070261],[104.742084,16.06337],[104.727621,16.059384],[104.723475,16.052748],[104.724984,16.050942],[104.72374,16.048805],[104.720001,16.048022],[104.715208,16.043761],[104.716061,16.042164],[104.714065,16.039374],[104.714562,16.037164],[104.711578,16.034975],[104.711042,16.028318],[104.713148,16.026764],[104.712116,16.021965],[104.713159,16.019104],[104.709731,16.015183],[104.710283,16.014718],[104.709679,16.015132],[104.707504,16.014787],[104.706768,16.01524],[104.705049,16.015549],[104.704955,16.014665],[104.704452,16.014202],[104.704167,16.013112],[104.702735,16.011117],[104.701385,16.011124],[104.70066,16.01228],[104.700096,16.012449],[104.698916,16.011563],[104.699342,16.011318],[104.699117,16.010679],[104.699646,16.010581],[104.699546,16.009989],[104.698545,16.009897],[104.698536,16.010498],[104.698135,16.01067],[104.697424,16.009625],[104.696871,16.009959],[104.696285,16.009875],[104.695629,16.010283],[104.695181,16.010227],[104.694798,16.010806],[104.694088,16.010574],[104.693675,16.011115],[104.693044,16.010654],[104.692624,16.011097],[104.692601,16.01067],[104.69238,16.010578],[104.691056,16.011201],[104.691034,16.010675],[104.689554,16.010083],[104.688325,16.008721],[104.688076,16.008889],[104.688229,16.009169],[104.687856,16.009422],[104.687614,16.008943],[104.686939,16.009104],[104.686144,16.009348],[104.685667,16.010045],[104.685042,16.010231],[104.68472,16.01007],[104.684372,16.010465],[104.683458,16.010719],[104.682386,16.010535],[104.682011,16.011055],[104.681662,16.01082],[104.681319,16.009677],[104.680148,16.01029],[104.679342,16.010421],[104.679195,16.010055],[104.679552,16.009449],[104.678154,16.009514],[104.678002,16.008842],[104.676797,16.009544],[104.676296,16.009304],[104.675148,16.009696],[104.673661,16.00884],[104.672937,16.008904],[104.672488,16.00854],[104.67183,16.008451],[104.670343,16.008731],[104.669626,16.008525],[104.669002,16.008982],[104.6685,16.009786],[104.668217,16.009812],[104.667649,16.00921],[104.667354,16.00992],[104.667071,16.010023],[104.666602,16.009781],[104.665637,16.008377],[104.664223,16.00807],[104.663928,16.006908],[104.662766,16.006255]],[[104.688322,16.049936],[104.689495,16.054211],[104.66185,16.055244],[104.664294,16.034629],[104.681958,16.035252],[104.684669,16.045584],[104.688322,16.049936]]]},"bbox":[104.603499,15.999532,104.748751,16.119125]},{"type":"Feature","id":"f33b380f-f501-4ba4-a722-c2b7997d028e","properties":{"id":"f33b380f-f501-4ba4-a722-c2b7997d028e","code":"05370601","provinceCode":"37","nameTh":"เทศบาลตำบล หัวตะพาน","nameEn":null,"geometryType":"MUNICIPALITY","sourceUrl":"https://landometer.com/api/v2/citymeter-v3/grocery/info/geom/f33b380f-f501-4ba4-a722-c2b7997d028e/MUNICIPALITY","sourceSha256":"85e7c4c96445c9b20d37dd774a0a7a50fe28189d7680cef7414005de01d59b9e","retrievedAt":"2026-10-04T05:43:09.105712+00:00","boundaryVintage":null,"geometryStatus":"native_source_polygon_display_simplified","simplificationToleranceDegrees":0.00015,"simplificationPreservesTopology":true,"invalidSourceRepair":"make_valid; retain polygonal components; discard zero-area collapsed lines","legalBoundaryIndependentlyVerified":false,"areaId":"f33b380f-f501-4ba4-a722-c2b7997d028e"},"geometry":{"type":"Polygon","coordinates":[[[104.509782,15.684742],[104.503486,15.684378],[104.49852,15.686787],[104.494337,15.691642],[104.486451,15.692081],[104.484004,15.693602],[104.482894,15.696642],[104.485928,15.702233],[104.482148,15.705608],[104.483021,15.707347],[104.479929,15.70884],[104.48009,15.710794],[104.468798,15.721118],[104.451746,15.722001],[104.446861,15.724328],[104.45237,15.729944],[104.469584,15.728889],[104.47103,15.73571],[104.477714,15.73556],[104.475913,15.726873],[104.4784,15.723774],[104.49155,15.716259],[104.494399,15.716568],[104.498114,15.713199],[104.506645,15.713307],[104.512397,15.715016],[104.518074,15.706311],[104.509782,15.684742]]]},"bbox":[104.446861,15.684378,104.518074,15.73571]},{"type":"Feature","id":"cc1a1176-d015-4a6a-b85d-626dd304c4e1","properties":{"id":"cc1a1176-d015-4a6a-b85d-626dd304c4e1","code":"05370602","provinceCode":"37","nameTh":"เทศบาลตำบล รัตนวารีศรีเจริญ","nameEn":null,"geometryType":"MUNICIPALITY","sourceUrl":"https://landometer.com/api/v2/citymeter-v3/grocery/info/geom/cc1a1176-d015-4a6a-b85d-626dd304c4e1/MUNICIPALITY","sourceSha256":"bb935d2b00a5a8016f4710f1afa33a5d47f98678cfe793fa10967e2dcff2577a","retrievedAt":"2026-10-04T05:43:09.137092+00:00","boundaryVintage":null,"geometryStatus":"native_source_polygon_display_simplified","simplificationToleranceDegrees":0.00015,"simplificationPreservesTopology":true,"invalidSourceRepair":"make_valid; retain polygonal components; discard zero-area collapsed lines","legalBoundaryIndependentlyVerified":false,"areaId":"cc1a1176-d015-4a6a-b85d-626dd304c4e1"},"geometry":{"type":"Polygon","coordinates":[[[104.481333,15.697454],[104.481549,15.690234],[104.47178,15.688452],[104.466775,15.685571],[104.464874,15.686309],[104.459779,15.681905],[104.454163,15.684349],[104.451941,15.688703],[104.44554,15.683775],[104.444022,15.684289],[104.443896,15.683067],[104.442227,15.684495],[104.440981,15.685131],[104.439166,15.685508],[104.436613,15.685368],[104.436312,15.686019],[104.436821,15.687126],[104.437491,15.687511],[104.438901,15.687252],[104.440051,15.688455],[104.44,15.689137],[104.439271,15.690881],[104.438446,15.691367],[104.436928,15.691543],[104.436735,15.69186],[104.437234,15.692699],[104.438145,15.692561],[104.43926,15.693095],[104.439336,15.693357],[104.438767,15.694026],[104.438893,15.694752],[104.440396,15.69579],[104.441165,15.696995],[104.441108,15.699172],[104.440431,15.699993],[104.439306,15.700307],[104.437983,15.700086],[104.436738,15.69946],[104.435529,15.700208],[104.43371,15.700287],[104.433196,15.699876],[104.432756,15.698785],[104.430986,15.698625],[104.429646,15.699429],[104.428727,15.699608],[104.427702,15.698472],[104.427733,15.698203],[104.428293,15.698008],[104.428162,15.697572],[104.425987,15.697292],[104.424097,15.695449],[104.423598,15.695262],[104.422605,15.695539],[104.421295,15.696837],[104.419825,15.697049],[104.419069,15.697721],[104.419068,15.698161],[104.419448,15.698386],[104.421602,15.697767],[104.422833,15.698234],[104.423098,15.698544],[104.423021,15.700454],[104.422502,15.701206],[104.420237,15.701809],[104.419373,15.702544],[104.419334,15.704397],[104.419996,15.704857],[104.42004,15.705216],[104.419279,15.705324],[104.419128,15.705686],[104.419761,15.706131],[104.420846,15.706036],[104.421445,15.707336],[104.421382,15.707985],[104.421609,15.708336],[104.422472,15.708006],[104.423001,15.708316],[104.423845,15.70806],[104.42437,15.708423],[104.423165,15.710435],[104.423127,15.711099],[104.423643,15.711524],[104.421945,15.712904],[104.421864,15.713509],[104.42213,15.713815],[104.424236,15.713885],[104.424401,15.714316],[104.424265,15.714989],[104.425122,15.714986],[104.425501,15.715241],[104.425788,15.716774],[104.42532,15.717812],[104.426182,15.717927],[104.426479,15.718296],[104.425727,15.718847],[104.425669,15.719294],[104.42662,15.719701],[104.427128,15.720351],[104.426835,15.720717],[104.426051,15.720486],[104.42546,15.720632],[104.423877,15.722164],[104.422427,15.722394],[104.422294,15.722996],[104.422528,15.723273],[104.424366,15.723861],[104.425035,15.725089],[104.425422,15.72535],[104.425776,15.725425],[104.426504,15.72508],[104.426881,15.725403],[104.427804,15.725327],[104.427906,15.725696],[104.427657,15.726207],[104.428014,15.727272],[104.427732,15.727393],[104.427363,15.727041],[104.426899,15.727057],[104.426504,15.727564],[104.426502,15.728155],[104.426852,15.728512],[104.428006,15.728343],[104.428466,15.728664],[104.428464,15.729021],[104.427298,15.729812],[104.427506,15.730245],[104.428519,15.730371],[104.429053,15.730937],[104.430226,15.731127],[104.429532,15.732244],[104.428835,15.73182],[104.428755,15.73117],[104.428518,15.73101],[104.427935,15.731377],[104.427627,15.7319],[104.427984,15.732636],[104.430016,15.733391],[104.430159,15.734423],[104.438693,15.734226],[104.448842,15.736241],[104.472914,15.749268],[104.490038,15.755722],[104.506836,15.756456],[104.529777,15.737684],[104.52961,15.737519],[104.529751,15.737305],[104.52295,15.730962],[104.520884,15.715341],[104.520291,15.715412],[104.519476,15.704699],[104.517773,15.705527],[104.518074,15.706311],[104.512397,15.715016],[104.506645,15.713307],[104.498114,15.713199],[104.494399,15.716568],[104.49155,15.716259],[104.4784,15.723774],[104.475913,15.726873],[104.477714,15.73556],[104.47103,15.73571],[104.469584,15.728889],[104.45237,15.729944],[104.446861,15.724328],[104.451746,15.722001],[104.468798,15.721118],[104.48009,15.710794],[104.479929,15.70884],[104.483021,15.707347],[104.482148,15.705608],[104.485928,15.702233],[104.484783,15.700122],[104.484292,15.700473],[104.481333,15.697454]]]},"bbox":[104.419021,15.681905,104.529777,15.756456]},{"type":"Feature","id":"a86d7c55-b78b-4731-9232-8d49dd4259af","properties":{"id":"a86d7c55-b78b-4731-9232-8d49dd4259af","code":"05370604","provinceCode":"37","nameTh":"เทศบาลตำบล เค็งใหญ่","nameEn":null,"geometryType":"MUNICIPALITY","sourceUrl":"https://landometer.com/api/v2/citymeter-v3/grocery/info/geom/a86d7c55-b78b-4731-9232-8d49dd4259af/MUNICIPALITY","sourceSha256":"0d2493a8bd30116231e6dc50c827550380ecba8c8f5453bccba5441c2928bdcd","retrievedAt":"2026-10-04T05:43:09.154537+00:00","boundaryVintage":null,"geometryStatus":"native_source_polygon_display_simplified","simplificationToleranceDegrees":0.00015,"simplificationPreservesTopology":true,"invalidSourceRepair":"make_valid; retain polygonal components; discard zero-area collapsed lines","legalBoundaryIndependentlyVerified":false,"areaId":"a86d7c55-b78b-4731-9232-8d49dd4259af"},"geometry":{"type":"Polygon","coordinates":[[[104.52295,15.730962],[104.529751,15.737305],[104.52961,15.737519],[104.529777,15.737684],[104.529178,15.738176],[104.527547,15.740655],[104.529465,15.74705],[104.539174,15.745382],[104.550505,15.766988],[104.553853,15.766084],[104.558414,15.765883],[104.561429,15.766399],[104.565717,15.76823],[104.568415,15.769975],[104.570376,15.77163],[104.570835,15.7737],[104.57066,15.77478],[104.57025,15.775165],[104.57035,15.776062],[104.572155,15.778483],[104.574543,15.779989],[104.577146,15.782837],[104.579208,15.78377],[104.583348,15.784565],[104.589678,15.784168],[104.602193,15.784471],[104.604252,15.784863],[104.604537,15.784399],[104.604609,15.783382],[104.604996,15.783148],[104.604777,15.782657],[104.605117,15.781822],[104.60497,15.780783],[104.605652,15.779859],[104.60518,15.779498],[104.605214,15.777484],[104.605744,15.776994],[104.605543,15.77656],[104.605941,15.776232],[104.605222,15.775348],[104.605326,15.773935],[104.605075,15.773873],[104.604794,15.774225],[104.60456,15.774099],[104.604913,15.77257],[104.604488,15.77228],[104.604073,15.771415],[104.604337,15.770582],[104.604113,15.770509],[104.603784,15.770958],[104.60356,15.770577],[104.603584,15.770217],[104.604297,15.769688],[104.604717,15.768488],[104.605125,15.768222],[104.604087,15.767235],[104.603957,15.766609],[104.605131,15.76606],[104.604958,15.764927],[104.604131,15.764145],[104.604169,15.763277],[104.603371,15.762034],[104.602745,15.761691],[104.60069,15.758379],[104.601109,15.75734],[104.600524,15.756625],[104.600378,15.755833],[104.599797,15.755355],[104.599082,15.755258],[104.597972,15.753894],[104.5974,15.754298],[104.596712,15.754124],[104.59601,15.753013],[104.595087,15.752506],[104.594189,15.75082],[104.593176,15.749991],[104.592174,15.749673],[104.590782,15.748375],[104.589953,15.746378],[104.590006,15.745848],[104.591522,15.74462],[104.591822,15.743914],[104.591498,15.743159],[104.591561,15.742298],[104.591081,15.74185],[104.591069,15.741341],[104.590119,15.740488],[104.590154,15.739422],[104.590737,15.739397],[104.590794,15.738985],[104.591263,15.738904],[104.591115,15.738704],[104.590171,15.738629],[104.589958,15.73819],[104.590839,15.737789],[104.590598,15.737367],[104.590623,15.736609],[104.591153,15.736298],[104.590846,15.735905],[104.59096,15.73522],[104.591543,15.734927],[104.591701,15.734262],[104.593156,15.733301],[104.595455,15.731269],[104.600442,15.728554],[104.602063,15.728035],[104.603059,15.724093],[104.60337,15.720761],[104.603824,15.719469],[104.603659,15.717982],[104.603132,15.71725],[104.599233,15.715134],[104.598289,15.714407],[104.597846,15.713661],[104.596628,15.713191],[104.595703,15.713589],[104.595092,15.713257],[104.594852,15.712524],[104.594093,15.712328],[104.593772,15.71144],[104.5941,15.710923],[104.594205,15.709986],[104.594023,15.709524],[104.594655,15.709016],[104.594391,15.70829],[104.595142,15.707975],[104.5671,15.706579],[104.556471,15.708536],[104.553122,15.707281],[104.529316,15.714329],[104.520884,15.715341],[104.52295,15.730962]]]},"bbox":[104.520884,15.706579,104.605941,15.784863]},{"type":"Feature","id":"44cfe404-5878-4f24-b3d6-e3476edbe88b","properties":{"id":"44cfe404-5878-4f24-b3d6-e3476edbe88b","code":"05370701","provinceCode":"37","nameTh":"เทศบาลตำบล อำนาจ","nameEn":null,"geometryType":"MUNICIPALITY","sourceUrl":"https://landometer.com/api/v2/citymeter-v3/grocery/info/geom/44cfe404-5878-4f24-b3d6-e3476edbe88b/MUNICIPALITY","sourceSha256":"53800fb2bec346282a303d30553f4b0c30d89f6f12bae68b4b44c79e7d3c5015","retrievedAt":"2026-10-04T05:43:09.145262+00:00","boundaryVintage":null,"geometryStatus":"native_source_polygon_display_simplified","simplificationToleranceDegrees":0.00015,"simplificationPreservesTopology":true,"invalidSourceRepair":"make_valid; retain polygonal components; discard zero-area collapsed lines","legalBoundaryIndependentlyVerified":false,"areaId":"44cfe404-5878-4f24-b3d6-e3476edbe88b"},"geometry":{"type":"Polygon","coordinates":[[[104.651621,15.677207],[104.650415,15.678325],[104.649245,15.67826],[104.648686,15.678992],[104.648381,15.679072],[104.648065,15.678729],[104.648041,15.677776],[104.647471,15.677471],[104.646108,15.678551],[104.645486,15.680263],[104.645202,15.682097],[104.644059,15.683136],[104.644235,15.684559],[104.64315,15.684552],[104.643102,15.685914],[104.642739,15.686016],[104.638657,15.69001],[104.637451,15.699296],[104.639952,15.704984],[104.637933,15.708482],[104.640838,15.714228],[104.659387,15.684939],[104.655322,15.675222],[104.654546,15.67534],[104.653446,15.676803],[104.651621,15.677207]]]},"bbox":[104.637451,15.675154,104.659387,15.714228]},{"type":"Feature","id":"05c53689-19ae-4bc8-a14a-9fc32af5ae7b","properties":{"id":"05c53689-19ae-4bc8-a14a-9fc32af5ae7b","code":"05370702","provinceCode":"37","nameTh":"เทศบาลตำบล เปือย","nameEn":null,"geometryType":"MUNICIPALITY","sourceUrl":"https://landometer.com/api/v2/citymeter-v3/grocery/info/geom/05c53689-19ae-4bc8-a14a-9fc32af5ae7b/MUNICIPALITY","sourceSha256":"d6e4b58a6e4721b95f595f075e0b11f65ba574fb4403b2009c88b19ea3063612","retrievedAt":"2026-10-04T05:43:09.155541+00:00","boundaryVintage":null,"geometryStatus":"native_source_polygon_display_simplified","simplificationToleranceDegrees":0.00015,"simplificationPreservesTopology":true,"invalidSourceRepair":"make_valid; retain polygonal components; discard zero-area collapsed lines","legalBoundaryIndependentlyVerified":false,"areaId":"05c53689-19ae-4bc8-a14a-9fc32af5ae7b"},"geometry":{"type":"Polygon","coordinates":[[[104.675286,15.674232],[104.673979,15.674628],[104.673243,15.674434],[104.672851,15.674817],[104.672733,15.67564],[104.671474,15.675365],[104.664722,15.677791],[104.662268,15.679374],[104.662522,15.683443],[104.663773,15.686062],[104.666248,15.689027],[104.666933,15.692625],[104.679545,15.703364],[104.68483,15.715958],[104.690096,15.721923],[104.690436,15.7243],[104.694431,15.741523],[104.693311,15.744631],[104.697003,15.750663],[104.699475,15.760379],[104.705851,15.765825],[104.707025,15.766312],[104.711375,15.763841],[104.713823,15.764559],[104.714477,15.76281],[104.71549,15.764005],[104.715715,15.763853],[104.715565,15.763186],[104.717319,15.760296],[104.7163,15.757107],[104.718613,15.756241],[104.717357,15.753949],[104.719215,15.75174],[104.71769,15.750155],[104.720428,15.745616],[104.719804,15.740086],[104.723766,15.737521],[104.729105,15.736895],[104.732364,15.729256],[104.734134,15.728955],[104.732568,15.719878],[104.73719,15.716697],[104.733872,15.692415],[104.730679,15.686496],[104.729164,15.678993],[104.726256,15.678362],[104.727257,15.668603],[104.729133,15.666419],[104.729075,15.662624],[104.731647,15.660453],[104.731888,15.65646],[104.732429,15.656054],[104.733749,15.654177],[104.735488,15.653274],[104.735508,15.652322],[104.734691,15.65173],[104.733244,15.649769],[104.732877,15.649629],[104.731553,15.649857],[104.729992,15.649438],[104.729672,15.649001],[104.729654,15.6483],[104.728793,15.647793],[104.727332,15.648819],[104.727755,15.649478],[104.728368,15.649857],[104.728132,15.651486],[104.726746,15.651611],[104.726083,15.6519],[104.72503,15.651395],[104.723256,15.651634],[104.721839,15.651529],[104.721635,15.652197],[104.722653,15.653489],[104.722715,15.654092],[104.722335,15.655119],[104.720773,15.657341],[104.720072,15.657769],[104.719035,15.657743],[104.718525,15.658146],[104.716891,15.658324],[104.716008,15.659031],[104.715032,15.659414],[104.714774,15.660349],[104.714383,15.660697],[104.713563,15.660775],[104.712647,15.660365],[104.712272,15.660724],[104.711977,15.660702],[104.710927,15.658756],[104.710168,15.658468],[104.709347,15.658491],[104.708621,15.659049],[104.708024,15.659102],[104.70757,15.658887],[104.707276,15.658212],[104.70685,15.658079],[104.706231,15.65912],[104.70555,15.659208],[104.705021,15.658703],[104.704832,15.657829],[104.703859,15.657755],[104.702818,15.6572],[104.701891,15.657406],[104.700512,15.65726],[104.699936,15.657793],[104.699605,15.658676],[104.699253,15.658835],[104.698164,15.657869],[104.697268,15.657534],[104.696957,15.657652],[104.696905,15.658164],[104.696245,15.658856],[104.696057,15.658808],[104.695901,15.657926],[104.694588,15.658199],[104.69412,15.658856],[104.693311,15.658973],[104.69328,15.659647],[104.692687,15.660216],[104.692871,15.661281],[104.692072,15.661977],[104.691825,15.662711],[104.691405,15.66307],[104.690667,15.663209],[104.690435,15.663999],[104.689345,15.664451],[104.689075,15.665233],[104.688043,15.665019],[104.6874,15.665634],[104.687873,15.666489],[104.686704,15.666734],[104.686899,15.667332],[104.686408,15.667481],[104.686119,15.668025],[104.685534,15.668253],[104.685326,15.669114],[104.684584,15.670363],[104.683382,15.671044],[104.682693,15.670814],[104.681655,15.671024],[104.68043,15.672046],[104.679631,15.671612],[104.677328,15.672264],[104.676552,15.672707],[104.676173,15.673486],[104.675481,15.673682],[104.675286,15.674232]]]},"bbox":[104.662268,15.64779,104.73719,15.766312]},{"type":"Feature","id":"bd580dee-77e3-4b81-97cc-14426c191abb","properties":{"id":"bd580dee-77e3-4b81-97cc-14426c191abb","code":"05370703","provinceCode":"37","nameTh":"เทศบาลตำบล ดงมะยาง","nameEn":null,"geometryType":"MUNICIPALITY","sourceUrl":"https://landometer.com/api/v2/citymeter-v3/grocery/info/geom/bd580dee-77e3-4b81-97cc-14426c191abb/MUNICIPALITY","sourceSha256":"312cdfb0f99ff99f50d7c2078f25dffd1105924d6c7dda2ebe487d0bd3e70fcc","retrievedAt":"2026-10-04T05:43:09.169814+00:00","boundaryVintage":null,"geometryStatus":"native_source_polygon_display_simplified","simplificationToleranceDegrees":0.00015,"simplificationPreservesTopology":true,"invalidSourceRepair":"make_valid; retain polygonal components; discard zero-area collapsed lines","legalBoundaryIndependentlyVerified":false,"areaId":"bd580dee-77e3-4b81-97cc-14426c191abb"},"geometry":{"type":"Polygon","coordinates":[[[104.591133,15.736339],[104.590623,15.736609],[104.590598,15.737367],[104.590839,15.737789],[104.589958,15.73819],[104.590197,15.738643],[104.591259,15.738836],[104.590794,15.738985],[104.590737,15.739397],[104.590154,15.739422],[104.590114,15.740425],[104.59023,15.740783],[104.591069,15.741341],[104.591081,15.74185],[104.591586,15.742354],[104.591498,15.743159],[104.591827,15.743836],[104.591476,15.744657],[104.602462,15.743912],[104.613583,15.737362],[104.632652,15.738515],[104.634508,15.736032],[104.635414,15.72502],[104.636316,15.723425],[104.637303,15.722464],[104.635013,15.720472],[104.635016,15.717341],[104.6388,15.713363],[104.638446,15.711093],[104.638974,15.710542],[104.637933,15.708482],[104.639952,15.704984],[104.637451,15.699296],[104.638657,15.69001],[104.642775,15.686019],[104.641813,15.686043],[104.641372,15.687285],[104.64101,15.687434],[104.640728,15.687285],[104.640509,15.686464],[104.639692,15.685455],[104.638817,15.685042],[104.638759,15.68545],[104.639283,15.686183],[104.637853,15.686657],[104.637718,15.68768],[104.636245,15.687668],[104.635661,15.689128],[104.634722,15.688811],[104.635033,15.687855],[104.634638,15.68671],[104.634372,15.686895],[104.634387,15.687469],[104.634057,15.687493],[104.633644,15.687072],[104.633361,15.687351],[104.633371,15.687962],[104.632504,15.688128],[104.632048,15.689211],[104.631313,15.689165],[104.629988,15.687976],[104.629152,15.688617],[104.629108,15.687836],[104.628833,15.687688],[104.628045,15.688267],[104.627221,15.688284],[104.625853,15.688857],[104.625444,15.689441],[104.625212,15.68937],[104.624994,15.688787],[104.624366,15.688514],[104.622917,15.688659],[104.622734,15.687554],[104.62156,15.687599],[104.621484,15.688079],[104.621187,15.688162],[104.620364,15.687078],[104.620033,15.687019],[104.619708,15.687366],[104.620039,15.687789],[104.620027,15.688446],[104.618688,15.68907],[104.618527,15.69022],[104.618269,15.690236],[104.617885,15.689541],[104.617475,15.689398],[104.617091,15.690807],[104.61661,15.690347],[104.615583,15.691206],[104.615892,15.691688],[104.615474,15.692376],[104.614969,15.692162],[104.613906,15.69231],[104.613798,15.691985],[104.613064,15.691874],[104.612907,15.692415],[104.613226,15.693104],[104.612728,15.693292],[104.612567,15.69446],[104.612019,15.694448],[104.611719,15.69379],[104.610592,15.693886],[104.609484,15.694467],[104.609508,15.695252],[104.608098,15.695121],[104.607886,15.695413],[104.60808,15.696022],[104.606888,15.696921],[104.606689,15.697756],[104.606335,15.698152],[104.605663,15.697582],[104.605282,15.698104],[104.604751,15.698272],[104.604075,15.697967],[104.603366,15.698174],[104.602731,15.697347],[104.602348,15.697286],[104.601197,15.698559],[104.600527,15.698577],[104.599694,15.699096],[104.599835,15.699933],[104.599016,15.699877],[104.59867,15.700402],[104.598005,15.700385],[104.597227,15.701041],[104.597331,15.701655],[104.598949,15.703561],[104.59854,15.704262],[104.597776,15.704777],[104.597273,15.704663],[104.597068,15.704079],[104.596713,15.703898],[104.596215,15.703904],[104.595818,15.704295],[104.595204,15.704001],[104.594595,15.704522],[104.59505,15.705342],[104.595759,15.70565],[104.595274,15.70599],[104.595333,15.706605],[104.594702,15.707001],[104.595141,15.707988],[104.594374,15.708318],[104.594655,15.709016],[104.594035,15.709486],[104.5941,15.710923],[104.593787,15.711542],[104.594123,15.712362],[104.594889,15.712554],[104.595135,15.713296],[104.59576,15.713586],[104.596628,15.713191],[104.597846,15.713661],[104.598289,15.714407],[104.599233,15.715134],[104.601774,15.716444],[104.603494,15.717645],[104.603824,15.719469],[104.60337,15.720761],[104.603059,15.724093],[104.602041,15.728059],[104.600442,15.728554],[104.595291,15.731389],[104.593156,15.733301],[104.591701,15.734262],[104.591543,15.734927],[104.590935,15.735292],[104.590846,15.735905],[104.591133,15.736339]]]},"bbox":[104.589957,15.685014,104.642775,15.744657]},{"type":"Feature","id":"80bb88b1-5631-4a0b-a522-b67fee11bd68","properties":{"id":"80bb88b1-5631-4a0b-a522-b67fee11bd68","code":"05370704","provinceCode":"37","nameTh":"เทศบาลตำบล สามหนอง","nameEn":null,"geometryType":"MUNICIPALITY","sourceUrl":"https://landometer.com/api/v2/citymeter-v3/grocery/info/geom/80bb88b1-5631-4a0b-a522-b67fee11bd68/MUNICIPALITY","sourceSha256":"c6d5f500011425c8e62a025ed488868dd5a5422e1af61311ce587cd687c21112","retrievedAt":"2026-10-04T05:43:09.175512+00:00","boundaryVintage":null,"geometryStatus":"native_source_polygon_display_simplified","simplificationToleranceDegrees":0.00015,"simplificationPreservesTopology":true,"invalidSourceRepair":"make_valid; retain polygonal components; discard zero-area collapsed lines","legalBoundaryIndependentlyVerified":false,"areaId":"80bb88b1-5631-4a0b-a522-b67fee11bd68"},"geometry":{"type":"Polygon","coordinates":[[[104.673701,15.731609],[104.691381,15.73091],[104.691637,15.731802],[104.692121,15.731564],[104.690436,15.7243],[104.690096,15.721923],[104.68483,15.715958],[104.679545,15.703364],[104.666933,15.692625],[104.666248,15.689027],[104.663773,15.686062],[104.662522,15.683443],[104.662268,15.679374],[104.664722,15.677791],[104.671474,15.675365],[104.672058,15.675354],[104.671226,15.6751],[104.669629,15.675801],[104.668525,15.675451],[104.667741,15.675862],[104.667164,15.675718],[104.666945,15.675159],[104.666091,15.675045],[104.665398,15.675416],[104.664136,15.673399],[104.663692,15.673236],[104.663002,15.673637],[104.662657,15.674654],[104.660987,15.67381],[104.660467,15.673982],[104.6604,15.674521],[104.660999,15.675333],[104.661002,15.675839],[104.660136,15.675749],[104.659799,15.674943],[104.657939,15.675972],[104.657732,15.676334],[104.657602,15.678367],[104.657173,15.678257],[104.656904,15.677623],[104.656276,15.677116],[104.659387,15.684939],[104.640838,15.714228],[104.645198,15.718271],[104.653304,15.728726],[104.653239,15.733244],[104.653646,15.733513],[104.653669,15.733829],[104.657884,15.735838],[104.663677,15.73587],[104.673701,15.731609]]]},"bbox":[104.640838,15.673227,104.692121,15.73587]},{"type":"Feature","id":"9b0e4bc7-ef3d-4eed-93ce-7b8e5dec81aa","properties":{"id":"9b0e4bc7-ef3d-4eed-93ce-7b8e5dec81aa","code":"05370705","provinceCode":"37","nameTh":"เทศบาลตำบล โคกกลาง","nameEn":null,"geometryType":"MUNICIPALITY","sourceUrl":"https://landometer.com/api/v2/citymeter-v3/grocery/info/geom/9b0e4bc7-ef3d-4eed-93ce-7b8e5dec81aa/MUNICIPALITY","sourceSha256":"128e935b797efbef71a2fe09f37ecf75111a7ceaf4ac7e557592bdf11b9d6ac8","retrievedAt":"2026-10-04T05:43:09.184345+00:00","boundaryVintage":null,"geometryStatus":"native_source_polygon_display_simplified","simplificationToleranceDegrees":0.00015,"simplificationPreservesTopology":true,"invalidSourceRepair":"make_valid; retain polygonal components; discard zero-area collapsed lines","legalBoundaryIndependentlyVerified":false,"areaId":"9b0e4bc7-ef3d-4eed-93ce-7b8e5dec81aa"},"geometry":{"type":"MultiPolygon","coordinates":[[[[104.591469,15.744662],[104.589959,15.745964],[104.590019,15.74669],[104.590662,15.748199],[104.592174,15.749673],[104.593176,15.749991],[104.594189,15.75082],[104.595087,15.752506],[104.59601,15.753013],[104.596712,15.754124],[104.5974,15.754298],[104.597972,15.753894],[104.599082,15.755258],[104.599797,15.755355],[104.600378,15.755833],[104.600524,15.756625],[104.601109,15.75734],[104.60069,15.758379],[104.602745,15.761691],[104.603371,15.762034],[104.604169,15.763277],[104.604106,15.764103],[104.604927,15.764844],[104.605147,15.766099],[104.606336,15.768209],[104.607474,15.769118],[104.607907,15.770061],[104.608501,15.77042],[104.608797,15.771011],[104.610305,15.772141],[104.610165,15.7729],[104.611768,15.773575],[104.612235,15.774326],[104.612588,15.773994],[104.612996,15.77411],[104.613106,15.774435],[104.613767,15.774765],[104.613734,15.77512],[104.614299,15.77502],[104.615301,15.775957],[104.615924,15.776059],[104.617424,15.777298],[104.618751,15.7776],[104.619124,15.777965],[104.620457,15.778344],[104.621872,15.7792],[104.622692,15.779423],[104.625328,15.779333],[104.62715,15.778759],[104.62821,15.7792],[104.631997,15.777894],[104.634327,15.77617],[104.636487,15.776147],[104.638566,15.776818],[104.63888,15.777216],[104.640375,15.777277],[104.641024,15.776937],[104.641663,15.777584],[104.642605,15.777964],[104.643434,15.777972],[104.645016,15.779607],[104.644949,15.779998],[104.645245,15.780281],[104.645036,15.780857],[104.64662,15.782542],[104.648327,15.782062],[104.650475,15.784118],[104.650812,15.784119],[104.652831,15.785408],[104.654631,15.785469],[104.65673,15.785145],[104.659481,15.786692],[104.661291,15.787227],[104.664169,15.787083],[104.667117,15.78643],[104.678527,15.786339],[104.676365,15.786356],[104.67863,15.785163],[104.653142,15.758381],[104.650481,15.751692],[104.652007,15.750344],[104.650797,15.747539],[104.651202,15.745024],[104.651034,15.743911],[104.65163,15.742369],[104.653239,15.733244],[104.653304,15.728726],[104.645198,15.718271],[104.640838,15.714228],[104.638974,15.710542],[104.638446,15.711093],[104.6388,15.713363],[104.635016,15.717341],[104.635013,15.720472],[104.637303,15.722464],[104.636316,15.723425],[104.635414,15.72502],[104.634508,15.736032],[104.632652,15.738515],[104.613583,15.737362],[104.602462,15.743912],[104.591469,15.744662]]],[[[104.641461,15.713244],[104.640838,15.714228],[104.641462,15.713246],[104.641461,15.713244]]]]},"bbox":[104.589943,15.710542,104.67863,15.787227]},{"type":"Feature","id":"d303052d-4974-44a2-9081-2b4373164e00","properties":{"id":"d303052d-4974-44a2-9081-2b4373164e00","code":"06370108","provinceCode":"37","nameTh":"องค์การบริหารส่วนตำบล บุ่ง","nameEn":null,"geometryType":"MUNICIPALITY","sourceUrl":"https://landometer.com/api/v2/citymeter-v3/grocery/info/geom/d303052d-4974-44a2-9081-2b4373164e00/MUNICIPALITY","sourceSha256":"a434210e0f998cf106789bdfe93e868f16d12b4d1953ef121cfd2393b682d720","retrievedAt":"2026-10-04T05:43:09.196952+00:00","boundaryVintage":null,"geometryStatus":"native_source_polygon_display_simplified","simplificationToleranceDegrees":0.00015,"simplificationPreservesTopology":true,"invalidSourceRepair":"make_valid; retain polygonal components; discard zero-area collapsed lines","legalBoundaryIndependentlyVerified":false,"areaId":"d303052d-4974-44a2-9081-2b4373164e00"},"geometry":{"type":"Polygon","coordinates":[[[104.691423,15.91172],[104.695206,15.912137],[104.697328,15.910023],[104.693999,15.89393],[104.689697,15.893977],[104.688583,15.889383],[104.681694,15.881352],[104.680603,15.871805],[104.677106,15.867412],[104.680414,15.862162],[104.675833,15.858244],[104.674861,15.85313],[104.672596,15.850064],[104.670889,15.851875],[104.667644,15.85134],[104.663604,15.847238],[104.658418,15.847385],[104.65654,15.841195],[104.659002,15.834396],[104.658546,15.834118],[104.658173,15.834955],[104.651294,15.841272],[104.639543,15.831173],[104.635773,15.831934],[104.63175,15.830402],[104.647863,15.84439],[104.668341,15.866904],[104.66948,15.875915],[104.66355,15.876686],[104.640661,15.87839],[104.635622,15.887096],[104.629388,15.888929],[104.632324,15.891917],[104.630255,15.894737],[104.627662,15.894751],[104.627116,15.89729],[104.620957,15.89824],[104.589703,15.86464],[104.590477,15.864004],[104.589772,15.863642],[104.589316,15.8638],[104.589432,15.869904],[104.595577,15.877456],[104.589191,15.87798],[104.589331,15.881305],[104.586949,15.882546],[104.585773,15.885984],[104.586009,15.890786],[104.5802,15.893157],[104.577316,15.896966],[104.583481,15.895469],[104.584459,15.901964],[104.585731,15.89691],[104.589403,15.898154],[104.591005,15.905208],[104.590721,15.906003],[104.59172,15.904948],[104.593968,15.904131],[104.595385,15.904424],[104.599092,15.90808],[104.597489,15.903398],[104.601145,15.902279],[104.611964,15.901369],[104.624016,15.903117],[104.63206,15.90201],[104.635142,15.899255],[104.637066,15.893003],[104.654741,15.900815],[104.664884,15.900113],[104.668018,15.901412],[104.673464,15.905593],[104.674748,15.91143],[104.680574,15.903834],[104.686412,15.905785],[104.687316,15.908496],[104.689776,15.907999],[104.691423,15.91172]]]},"bbox":[104.577316,15.830402,104.697328,15.912137]},{"type":"Feature","id":"bc9bceb1-7fcf-475e-b34a-3e08cfc3fc68","properties":{"id":"bc9bceb1-7fcf-475e-b34a-3e08cfc3fc68","code":"06370109","provinceCode":"37","nameTh":"องค์การบริหารส่วนตำบล กุดปลาดุก","nameEn":null,"geometryType":"MUNICIPALITY","sourceUrl":"https://landometer.com/api/v2/citymeter-v3/grocery/info/geom/bc9bceb1-7fcf-475e-b34a-3e08cfc3fc68/MUNICIPALITY","sourceSha256":"52655008b1950015006d1bf0a6cc3aa1633881aa3985e0f87dc382e9c4c2721a","retrievedAt":"2026-10-04T05:43:09.212330+00:00","boundaryVintage":null,"geometryStatus":"native_source_polygon_display_simplified","simplificationToleranceDegrees":0.00015,"simplificationPreservesTopology":true,"invalidSourceRepair":"make_valid; retain polygonal components; discard zero-area collapsed lines","legalBoundaryIndependentlyVerified":false,"areaId":"bc9bceb1-7fcf-475e-b34a-3e08cfc3fc68"},"geometry":{"type":"Polygon","coordinates":[[[104.566778,15.91735],[104.548179,15.917806],[104.545759,15.916534],[104.540443,15.919315],[104.540447,15.919499],[104.5392,15.920215],[104.532103,15.919919],[104.527949,15.923009],[104.522111,15.922125],[104.519926,15.922893],[104.519007,15.923739],[104.516884,15.928601],[104.511137,15.929921],[104.511199,15.932563],[104.509458,15.933965],[104.50982,15.934456],[104.509073,15.935908],[104.504047,15.937739],[104.498804,15.943411],[104.496131,15.94402],[104.498401,15.946473],[104.498125,15.94724],[104.496575,15.948362],[104.496753,15.949033],[104.499614,15.949579],[104.499902,15.950391],[104.500638,15.950951],[104.504017,15.950909],[104.505139,15.951422],[104.504307,15.954371],[104.504035,15.959373],[104.502033,15.961359],[104.501754,15.962782],[104.501905,15.96351],[104.504539,15.965],[104.505598,15.964504],[104.51793,15.969452],[104.523023,15.969185],[104.523699,15.967336],[104.52824,15.967664],[104.528353,15.965974],[104.535576,15.963086],[104.54054,15.965348],[104.544138,15.963738],[104.563161,15.967398],[104.563384,15.9727],[104.573092,15.980837],[104.577712,15.978],[104.579747,15.97848],[104.581921,15.976101],[104.586384,15.977435],[104.591219,15.98358],[104.602581,15.991151],[104.604381,15.996577],[104.604751,15.996733],[104.606141,15.993673],[104.605701,15.986924],[104.609199,15.985141],[104.611535,15.980448],[104.610553,15.973982],[104.606636,15.970106],[104.609997,15.968426],[104.612421,15.960073],[104.611895,15.958609],[104.61205,15.958401],[104.611768,15.957968],[104.610753,15.951977],[104.598841,15.943838],[104.597908,15.9359],[104.594614,15.934843],[104.58906,15.936547],[104.586024,15.933978],[104.582504,15.934834],[104.575395,15.931584],[104.571662,15.928046],[104.568973,15.918328],[104.568508,15.918121],[104.567834,15.918532],[104.566778,15.91735]]]},"bbox":[104.496131,15.916534,104.612421,15.996733]},{"type":"Feature","id":"760ec39e-a30b-4031-8e7d-3b34f24a4013","properties":{"id":"760ec39e-a30b-4031-8e7d-3b34f24a4013","code":"06370110","provinceCode":"37","nameTh":"องค์การบริหารส่วนตำบล คึมใหญ่","nameEn":null,"geometryType":"MUNICIPALITY","sourceUrl":"https://landometer.com/api/v2/citymeter-v3/grocery/info/geom/760ec39e-a30b-4031-8e7d-3b34f24a4013/MUNICIPALITY","sourceSha256":"84159f757056fe2b7753607e63c9786ec41a017039178cf299cf7d81258661c5","retrievedAt":"2026-10-04T05:43:09.225454+00:00","boundaryVintage":null,"geometryStatus":"native_source_polygon_display_simplified","simplificationToleranceDegrees":0.00015,"simplificationPreservesTopology":true,"invalidSourceRepair":"make_valid; retain polygonal components; discard zero-area collapsed lines","legalBoundaryIndependentlyVerified":false,"areaId":"760ec39e-a30b-4031-8e7d-3b34f24a4013"},"geometry":{"type":"Polygon","coordinates":[[[104.748086,15.895433],[104.744945,15.894205],[104.742472,15.89086],[104.742384,15.890187],[104.740222,15.891153],[104.739023,15.897162],[104.730759,15.897827],[104.714628,15.905008],[104.713672,15.903791],[104.71374,15.903443],[104.713507,15.903247],[104.711309,15.906429],[104.703619,15.907564],[104.701521,15.909029],[104.70215,15.910199],[104.697328,15.910023],[104.695288,15.912056],[104.707382,15.913106],[104.707572,15.917841],[104.710099,15.922743],[104.70727,15.928344],[104.707409,15.931213],[104.718672,15.937181],[104.719554,15.946364],[104.718636,15.949511],[104.724239,15.955704],[104.723356,15.9612],[104.724923,15.964747],[104.721623,15.968134],[104.724053,15.972869],[104.715063,15.991605],[104.717409,15.997104],[104.716485,16.002924],[104.713678,16.003897],[104.713616,16.010204],[104.714902,16.010439],[104.715036,16.009928],[104.715855,16.009181],[104.717436,16.008562],[104.718529,16.008571],[104.71955,16.007531],[104.720536,16.00787],[104.721617,16.007782],[104.722193,16.00741],[104.722386,16.006661],[104.724426,16.005907],[104.724806,16.005425],[104.724896,16.004602],[104.725564,16.003315],[104.725228,16.002516],[104.725736,15.999016],[104.726349,15.997623],[104.726555,15.995745],[104.726937,15.995044],[104.727875,15.99426],[104.728562,15.994056],[104.728856,15.993671],[104.730009,15.993062],[104.729961,15.992577],[104.730367,15.991759],[104.733343,15.992121],[104.734007,15.991582],[104.735768,15.99107],[104.736015,15.989906],[104.737779,15.99001],[104.738447,15.99083],[104.74073,15.991881],[104.742621,15.993228],[104.745688,15.997434],[104.74624,15.999373],[104.750088,15.999486],[104.753448,15.99855],[104.75344,15.999068],[104.753063,15.999679],[104.753388,16.000599],[104.753983,16.000187],[104.754023,15.999262],[104.754518,15.998947],[104.754604,15.998416],[104.755249,15.998488],[104.755809,15.997771],[104.757074,15.995094],[104.760195,15.993824],[104.761638,15.992093],[104.762957,15.991089],[104.763017,15.990482],[104.762711,15.990048],[104.762869,15.989373],[104.76332,15.988549],[104.764123,15.987781],[104.764778,15.985793],[104.76701,15.984054],[104.767641,15.983158],[104.767608,15.982651],[104.768216,15.98193],[104.767968,15.980537],[104.768155,15.979035],[104.770833,15.976928],[104.773715,15.975714],[104.777469,15.97247],[104.776707,15.971119],[104.776056,15.96921],[104.776141,15.968394],[104.776503,15.967891],[104.779225,15.965931],[104.781101,15.965766],[104.781672,15.965508],[104.783784,15.965544],[104.784028,15.965367],[104.783733,15.964962],[104.784038,15.962969],[104.784534,15.962562],[104.785812,15.96245],[104.785748,15.962215],[104.786741,15.961657],[104.78733,15.960504],[104.788861,15.959842],[104.78988,15.960165],[104.791359,15.959936],[104.79176,15.959574],[104.792871,15.959902],[104.794657,15.959941],[104.796496,15.96046],[104.798625,15.961464],[104.800372,15.961699],[104.801057,15.962094],[104.802504,15.962064],[104.804101,15.961158],[104.805361,15.957313],[104.804302,15.955723],[104.803738,15.954302],[104.802635,15.953687],[104.802622,15.952795],[104.802407,15.95258],[104.800924,15.952399],[104.799068,15.950197],[104.798872,15.948424],[104.799444,15.945042],[104.802077,15.942257],[104.801769,15.941771],[104.801506,15.942001],[104.801344,15.941701],[104.801007,15.941972],[104.800736,15.941638],[104.800917,15.941042],[104.800404,15.94025],[104.800702,15.939913],[104.800216,15.939309],[104.800279,15.938574],[104.799694,15.938078],[104.799927,15.93717],[104.797321,15.935689],[104.795789,15.933426],[104.794919,15.933294],[104.794754,15.933005],[104.794271,15.933089],[104.794367,15.932585],[104.794861,15.932029],[104.794559,15.931776],[104.794872,15.931369],[104.792574,15.926089],[104.791247,15.924281],[104.790653,15.92225],[104.790753,15.920375],[104.792226,15.917434],[104.793745,15.915851],[104.794885,15.913569],[104.795408,15.913003],[104.796853,15.912238],[104.795206,15.912704],[104.793522,15.914623],[104.769414,15.905257],[104.757367,15.898069],[104.750476,15.900468],[104.748086,15.895433]]]},"bbox":[104.695288,15.890187,104.805364,16.010453]},{"type":"Feature","id":"adbc45be-5409-4ff0-8fa6-41fcf9871a05","properties":{"id":"adbc45be-5409-4ff0-8fa6-41fcf9871a05","code":"06370111","provinceCode":"37","nameTh":"องค์การบริหารส่วนตำบล ดอนเมย","nameEn":null,"geometryType":"MUNICIPALITY","sourceUrl":"https://landometer.com/api/v2/citymeter-v3/grocery/info/geom/adbc45be-5409-4ff0-8fa6-41fcf9871a05/MUNICIPALITY","sourceSha256":"254fd14ebff755308bb1ed3f930406d32857fa9f0ba1c257832c3fa4e87952fe","retrievedAt":"2026-10-04T05:43:09.225286+00:00","boundaryVintage":null,"geometryStatus":"native_source_polygon_display_simplified","simplificationToleranceDegrees":0.00015,"simplificationPreservesTopology":true,"invalidSourceRepair":"make_valid; retain polygonal components; discard zero-area collapsed lines","legalBoundaryIndependentlyVerified":false,"areaId":"adbc45be-5409-4ff0-8fa6-41fcf9871a05"},"geometry":{"type":"Polygon","coordinates":[[[104.548062,15.768269],[104.524331,15.776407],[104.523474,15.776474],[104.520698,15.775571],[104.519293,15.775414],[104.51647,15.776432],[104.513911,15.776712],[104.513094,15.777057],[104.512482,15.776886],[104.512504,15.777257],[104.513434,15.777131],[104.516378,15.782472],[104.522254,15.782009],[104.527479,15.787784],[104.529066,15.791015],[104.533758,15.792159],[104.534887,15.796637],[104.539673,15.802266],[104.534769,15.810166],[104.541644,15.818187],[104.542456,15.817217],[104.544694,15.818757],[104.545632,15.824848],[104.556096,15.830302],[104.557931,15.833552],[104.556445,15.837042],[104.568721,15.845075],[104.575418,15.845873],[104.576631,15.845414],[104.578194,15.823336],[104.576187,15.818849],[104.576798,15.810937],[104.571031,15.80801],[104.569088,15.808451],[104.556064,15.802055],[104.551364,15.793509],[104.547752,15.791119],[104.548062,15.768269]]]},"bbox":[104.512454,15.768269,104.578194,15.845873]},{"type":"Feature","id":"cbae82be-f048-4785-b943-28e2d033ddd0","properties":{"id":"cbae82be-f048-4785-b943-28e2d033ddd0","code":"06370112","provinceCode":"37","nameTh":"องค์การบริหารส่วนตำบล นาจิก","nameEn":null,"geometryType":"MUNICIPALITY","sourceUrl":"https://landometer.com/api/v2/citymeter-v3/grocery/info/geom/cbae82be-f048-4785-b943-28e2d033ddd0/MUNICIPALITY","sourceSha256":"c48f22522a9f253a71e20f79de25e1f4facb1c5c13b555d7a2c3144d470d09f4","retrievedAt":"2026-10-04T05:43:09.237794+00:00","boundaryVintage":null,"geometryStatus":"native_source_polygon_display_simplified","simplificationToleranceDegrees":0.00015,"simplificationPreservesTopology":true,"invalidSourceRepair":"make_valid; retain polygonal components; discard zero-area collapsed lines","legalBoundaryIndependentlyVerified":false,"areaId":"cbae82be-f048-4785-b943-28e2d033ddd0"},"geometry":{"type":"Polygon","coordinates":[[[104.586661,15.849845],[104.588038,15.850243],[104.588722,15.850264],[104.589599,15.850122],[104.588838,15.850245],[104.588271,15.849256],[104.589439,15.849134],[104.590168,15.848605],[104.589771,15.847974],[104.588977,15.847774],[104.588463,15.847262],[104.588697,15.847334],[104.588865,15.841645],[104.593401,15.840168],[104.602494,15.828038],[104.613661,15.82453],[104.610961,15.818983],[104.612471,15.817261],[104.609942,15.814228],[104.60734,15.81373],[104.608343,15.811278],[104.60683,15.809227],[104.612363,15.805262],[104.611096,15.797938],[104.608124,15.794007],[104.60422,15.794789],[104.600423,15.791884],[104.600058,15.788032],[104.603665,15.787662],[104.604963,15.783179],[104.604609,15.783382],[104.604537,15.784399],[104.604252,15.784863],[104.602193,15.784471],[104.589678,15.784168],[104.583348,15.784565],[104.580161,15.784028],[104.578086,15.783371],[104.576699,15.782483],[104.574543,15.779989],[104.572251,15.778571],[104.570558,15.776582],[104.570245,15.775203],[104.57066,15.77478],[104.570834,15.773639],[104.570578,15.772157],[104.569981,15.771175],[104.565717,15.76823],[104.562611,15.766783],[104.559073,15.76594],[104.553853,15.766084],[104.546515,15.768061],[104.533597,15.772037],[104.525586,15.775936],[104.548062,15.768269],[104.547752,15.791119],[104.551364,15.793509],[104.556064,15.802055],[104.569088,15.808451],[104.571031,15.80801],[104.576798,15.810937],[104.576187,15.818849],[104.578194,15.823336],[104.576631,15.845414],[104.580581,15.843094],[104.583778,15.846298],[104.58337,15.848139],[104.583466,15.849248],[104.584032,15.849142],[104.585282,15.848352],[104.58547,15.849313],[104.58626,15.850099],[104.586661,15.849845]]]},"bbox":[104.525586,15.765883,104.613661,15.850274]},{"type":"Feature","id":"18a9bcc8-b3fe-4890-aa29-02a467dab914","properties":{"id":"18a9bcc8-b3fe-4890-aa29-02a467dab914","code":"06370113","provinceCode":"37","nameTh":"องค์การบริหารส่วนตำบล นาผือ","nameEn":null,"geometryType":"MUNICIPALITY","sourceUrl":"https://landometer.com/api/v2/citymeter-v3/grocery/info/geom/18a9bcc8-b3fe-4890-aa29-02a467dab914/MUNICIPALITY","sourceSha256":"5edd4cc8ffcd9644024e828c89c96c32e2ea77093084c285da6488ce5764083a","retrievedAt":"2026-10-04T05:43:09.249519+00:00","boundaryVintage":null,"geometryStatus":"native_source_polygon_display_simplified","simplificationToleranceDegrees":0.00015,"simplificationPreservesTopology":true,"invalidSourceRepair":"make_valid; retain polygonal components; discard zero-area collapsed lines","legalBoundaryIndependentlyVerified":false,"areaId":"18a9bcc8-b3fe-4890-aa29-02a467dab914"},"geometry":{"type":"Polygon","coordinates":[[[104.653947,15.965176],[104.6124,15.958936],[104.61205,15.958401],[104.611895,15.958609],[104.612421,15.960073],[104.609997,15.968426],[104.606636,15.970106],[104.610553,15.973982],[104.611535,15.980448],[104.609199,15.985141],[104.605701,15.986924],[104.606141,15.993673],[104.604567,15.997138],[104.604936,15.998251],[104.603922,15.998557],[104.602428,16.001485],[104.6036,16.001836],[104.607105,16.00133],[104.608039,16.002466],[104.609408,16.003385],[104.61147,16.002902],[104.613032,16.004855],[104.613382,16.004659],[104.613794,16.003216],[104.614831,16.002642],[104.616519,16.002745],[104.61725,16.004123],[104.61874,16.004521],[104.619301,16.004135],[104.619509,16.002899],[104.619132,16.002196],[104.61829,16.001619],[104.618173,16.001167],[104.61837,16.000657],[104.619054,16.000179],[104.620697,16.000108],[104.622514,15.999532],[104.623294,15.999982],[104.624484,16.000011],[104.625556,16.000516],[104.626568,16.001473],[104.62658,16.002721],[104.626999,16.00341],[104.628397,16.00427],[104.630063,16.004499],[104.632065,16.005842],[104.633008,16.005544],[104.633434,16.004545],[104.635172,16.003258],[104.635564,16.003336],[104.636422,16.004319],[104.637559,16.004226],[104.638256,16.00533],[104.639645,16.005847],[104.641348,16.005519],[104.641501,16.004042],[104.642033,16.003655],[104.642492,16.003679],[104.644153,16.004807],[104.645535,16.005053],[104.645826,16.004599],[104.645375,16.003275],[104.645837,16.002856],[104.649096,16.003532],[104.650903,16.003278],[104.6528,16.005873],[104.65515,16.005158],[104.656181,16.006096],[104.656917,16.005819],[104.657411,16.005198],[104.658034,16.005812],[104.658856,16.006116],[104.659468,16.00684],[104.660916,16.006145],[104.662892,16.006292],[104.663928,16.006908],[104.664223,16.00807],[104.665637,16.008377],[104.666602,16.009781],[104.667071,16.010023],[104.667354,16.00992],[104.667649,16.00921],[104.668217,16.009812],[104.6685,16.009786],[104.669002,16.008982],[104.669626,16.008525],[104.670343,16.008731],[104.67183,16.008451],[104.672488,16.00854],[104.672937,16.008904],[104.673661,16.00884],[104.675148,16.009696],[104.676296,16.009304],[104.676797,16.009544],[104.678002,16.008842],[104.678154,16.009514],[104.679552,16.009449],[104.679195,16.010055],[104.679342,16.010421],[104.680148,16.01029],[104.681319,16.009677],[104.681662,16.01082],[104.682011,16.011055],[104.682386,16.010535],[104.683458,16.010719],[104.684372,16.010465],[104.68472,16.01007],[104.685042,16.010231],[104.685667,16.010045],[104.686144,16.009348],[104.686939,16.009104],[104.687614,16.008943],[104.687856,16.009422],[104.688229,16.009169],[104.688076,16.008889],[104.688325,16.008721],[104.689554,16.010083],[104.691034,16.010675],[104.690997,16.011193],[104.691538,16.011122],[104.69238,16.010578],[104.692601,16.01067],[104.692624,16.011097],[104.693044,16.010654],[104.693675,16.011115],[104.694088,16.010574],[104.694798,16.010806],[104.695181,16.010227],[104.695558,16.010305],[104.696644,16.009862],[104.692676,15.994259],[104.68727,15.992307],[104.68756,15.981472],[104.683708,15.978006],[104.680431,15.975654],[104.679196,15.97103],[104.671201,15.969716],[104.665465,15.971255],[104.656686,15.969572],[104.65446,15.97093],[104.653947,15.965176]]]},"bbox":[104.602428,15.958401,104.696644,16.011203]},{"type":"Feature","id":"9327d0b1-b07e-46fd-9720-c132a9ad8ebb","properties":{"id":"9327d0b1-b07e-46fd-9720-c132a9ad8ebb","code":"06370114","provinceCode":"37","nameTh":"องค์การบริหารส่วนตำบล โนนโพธิ์","nameEn":null,"geometryType":"MUNICIPALITY","sourceUrl":"https://landometer.com/api/v2/citymeter-v3/grocery/info/geom/9327d0b1-b07e-46fd-9720-c132a9ad8ebb/MUNICIPALITY","sourceSha256":"cae99e99fcb0702aadaa4f56e2122fe4b3ea1dff727a7ea57d7310384c4bb2cb","retrievedAt":"2026-10-04T05:43:09.248185+00:00","boundaryVintage":null,"geometryStatus":"native_source_polygon_display_simplified","simplificationToleranceDegrees":0.00015,"simplificationPreservesTopology":true,"invalidSourceRepair":"make_valid; retain polygonal components; discard zero-area collapsed lines","legalBoundaryIndependentlyVerified":false,"areaId":"9327d0b1-b07e-46fd-9720-c132a9ad8ebb"},"geometry":{"type":"Polygon","coordinates":[[[104.589515,15.870004],[104.589314,15.863666],[104.590299,15.862856],[104.590274,15.861582],[104.593229,15.859154],[104.593098,15.855268],[104.592356,15.853552],[104.591756,15.85281],[104.589954,15.851532],[104.588838,15.850245],[104.586661,15.849845],[104.58626,15.850099],[104.58764,15.851476],[104.58547,15.849313],[104.585282,15.848352],[104.584032,15.849142],[104.583466,15.849248],[104.58337,15.848139],[104.583778,15.846298],[104.580581,15.843094],[104.576631,15.845414],[104.575418,15.845873],[104.568721,15.845075],[104.556445,15.837042],[104.557931,15.833552],[104.556096,15.830302],[104.545625,15.824802],[104.537758,15.821644],[104.524754,15.836331],[104.521781,15.837835],[104.519911,15.835479],[104.524693,15.841706],[104.52697,15.846081],[104.527468,15.851849],[104.523943,15.857394],[104.536662,15.877163],[104.533821,15.892186],[104.536741,15.897625],[104.536225,15.902559],[104.54224,15.910179],[104.539374,15.916038],[104.539478,15.91982],[104.545759,15.916534],[104.548179,15.917806],[104.566778,15.91735],[104.567834,15.918532],[104.568508,15.918121],[104.568973,15.918328],[104.572545,15.91566],[104.588255,15.912907],[104.591005,15.905208],[104.589403,15.898154],[104.585731,15.89691],[104.584459,15.901964],[104.583481,15.895469],[104.577316,15.896966],[104.5802,15.893157],[104.586009,15.890786],[104.585773,15.885984],[104.586949,15.882546],[104.589331,15.881305],[104.589191,15.87798],[104.595577,15.877456],[104.589515,15.870004]]]},"bbox":[104.519911,15.821644,104.595577,15.91982]},{"type":"Feature","id":"8ecb30c6-eb46-4790-862c-0d46697ad9d7","properties":{"id":"8ecb30c6-eb46-4790-862c-0d46697ad9d7","code":"06370115","provinceCode":"37","nameTh":"องค์การบริหารส่วนตำบล โนนหนามแท่ง","nameEn":null,"geometryType":"MUNICIPALITY","sourceUrl":"https://landometer.com/api/v2/citymeter-v3/grocery/info/geom/8ecb30c6-eb46-4790-862c-0d46697ad9d7/MUNICIPALITY","sourceSha256":"403c6d4a1712d7e5fdd5cbe03c660c171d2c938fff24e2af1adc299cabd469c5","retrievedAt":"2026-10-04T05:43:09.392799+00:00","boundaryVintage":null,"geometryStatus":"native_source_polygon_display_simplified","simplificationToleranceDegrees":0.00015,"simplificationPreservesTopology":true,"invalidSourceRepair":"make_valid; retain polygonal components; discard zero-area collapsed lines","legalBoundaryIndependentlyVerified":false,"areaId":"8ecb30c6-eb46-4790-862c-0d46697ad9d7"},"geometry":{"type":"MultiPolygon","coordinates":[[[[104.59396770701075,15.904131106482307],[104.593968,15.904131],[104.592735,15.903876],[104.59396770701075,15.904131106482307]]],[[[104.596074,15.904567],[104.595385,15.904424],[104.59538552957981,15.904424522293997],[104.596074,15.904567]]],[[[104.67849680099029,15.906542259471703],[104.678497,15.906542],[104.67802,15.906145],[104.67849680099029,15.906542259471703]]],[[[104.588128,15.912929],[104.572545,15.91566],[104.568973,15.918328],[104.571662,15.928046],[104.575395,15.931584],[104.582504,15.934834],[104.586024,15.933978],[104.58906,15.936547],[104.594614,15.934843],[104.597908,15.9359],[104.598841,15.943838],[104.610753,15.951977],[104.611768,15.957968],[104.61075,15.956409],[104.6124,15.958936],[104.653947,15.965176],[104.65446,15.97093],[104.656686,15.969572],[104.665465,15.971255],[104.671201,15.969716],[104.665512,15.970795],[104.662886,15.962678],[104.663275,15.957856],[104.66032,15.954719],[104.666241,15.944043],[104.66824,15.943287],[104.66811,15.939915],[104.662048,15.93623],[104.663308,15.934661],[104.667911,15.925427],[104.674324,15.924881],[104.677043,15.91745],[104.686794,15.918349],[104.682276,15.909691],[104.67849680099029,15.906542259471703],[104.674748,15.91143],[104.673464,15.905593],[104.668018,15.901412],[104.664884,15.900113],[104.654741,15.900815],[104.637066,15.893003],[104.635142,15.899255],[104.63206,15.90201],[104.624016,15.903117],[104.611964,15.901369],[104.601145,15.902279],[104.597489,15.903398],[104.599092,15.90808],[104.59538552957981,15.904424522293997],[104.59396770701075,15.904131106482307],[104.59172,15.904948],[104.592735,15.903876],[104.590004,15.90676],[104.590721,15.906003],[104.588128,15.912929]]]]},"bbox":[104.568973,15.893003,104.686794,15.971255]},{"type":"Feature","id":"fc30e984-d059-45ad-af54-475ac625ac2a","properties":{"id":"fc30e984-d059-45ad-af54-475ac625ac2a","code":"06370116","provinceCode":"37","nameTh":"องค์การบริหารส่วนตำบล ปลาค้าว","nameEn":null,"geometryType":"MUNICIPALITY","sourceUrl":"https://landometer.com/api/v2/citymeter-v3/grocery/info/geom/fc30e984-d059-45ad-af54-475ac625ac2a/MUNICIPALITY","sourceSha256":"f42bcf36534a03840cabd47d21d63132ec102327faeebb172098049838920f7f","retrievedAt":"2026-10-04T05:43:09.394139+00:00","boundaryVintage":null,"geometryStatus":"native_source_polygon_display_simplified","simplificationToleranceDegrees":0.00015,"simplificationPreservesTopology":true,"invalidSourceRepair":"make_valid; retain polygonal components; discard zero-area collapsed lines","legalBoundaryIndependentlyVerified":false,"areaId":"fc30e984-d059-45ad-af54-475ac625ac2a"},"geometry":{"type":"MultiPolygon","coordinates":[[[[104.767472,15.74097],[104.76689,15.742126],[104.765564,15.742655],[104.764953,15.743775],[104.764904,15.744397],[104.765215,15.745211],[104.764739,15.746501],[104.764949,15.746703],[104.765813,15.746601],[104.765307,15.74746],[104.764658,15.747771],[104.76474,15.747951],[104.765442,15.747891],[104.765245,15.748681],[104.764577,15.748797],[104.764163,15.749938],[104.763704,15.750451],[104.763627,15.750477],[104.763001,15.750472],[104.762413,15.750504],[104.762607,15.750494],[104.763126,15.756131],[104.758265,15.757838],[104.759245,15.760527],[104.757801,15.764178],[104.75854401470743,15.765120327046834],[104.758886,15.772725],[104.755874,15.778067],[104.758148,15.785718],[104.762874,15.793039],[104.768081,15.79584],[104.771074,15.801117],[104.776285,15.803474],[104.772774,15.809757],[104.77552,15.821976],[104.778183,15.822072],[104.782851,15.818527],[104.786442,15.823327],[104.789239,15.821292],[104.80101,15.820079],[104.811828,15.820843],[104.81219494354943,15.820469057527289],[104.812622,15.819089],[104.814844,15.816582],[104.814644,15.815434],[104.815195,15.814035],[104.814803,15.813294],[104.816124,15.812408],[104.816022,15.811829],[104.818074,15.810733],[104.818812,15.810778],[104.819886,15.810399],[104.822183,15.808535],[104.822169,15.807427],[104.823701,15.80657],[104.824556,15.805698],[104.822223,15.802275],[104.820842,15.799755],[104.821041,15.799213],[104.81866,15.795331],[104.818106,15.792849],[104.81816,15.791565],[104.819097,15.79102],[104.818178,15.788883],[104.818236,15.788372],[104.81881,15.787729],[104.820123,15.787256],[104.821206,15.786478],[104.821476,15.786529],[104.821499,15.786249],[104.818254,15.785221],[104.817117,15.784555],[104.813396,15.78105],[104.807244,15.773902],[104.803403,15.771273],[104.799645,15.768365],[104.797004,15.765792],[104.793764,15.763502],[104.792244,15.754599],[104.790918,15.749381],[104.789414,15.747321],[104.783093,15.740931],[104.779013,15.735454],[104.778083,15.734538],[104.776379,15.733693],[104.77154,15.73588],[104.769783,15.73728],[104.768491,15.739076],[104.768281,15.739479],[104.768707,15.740275],[104.768325,15.740993],[104.767472,15.74097]],[[104.758544,15.76512],[104.759445,15.766263],[104.75854401470743,15.765120327046834],[104.758544,15.76512]]],[[[104.812195,15.820469],[104.81219494354943,15.820469057527289],[104.812011,15.821144],[104.812195,15.820469]]]]},"bbox":[104.755874,15.733693,104.824556,15.823327]},{"type":"Feature","id":"d9d4508c-30e6-4bbc-8d8f-3026d2747a1f","properties":{"id":"d9d4508c-30e6-4bbc-8d8f-3026d2747a1f","code":"06370117","provinceCode":"37","nameTh":"องค์การบริหารส่วนตำบล สร้างนกทา","nameEn":null,"geometryType":"MUNICIPALITY","sourceUrl":"https://landometer.com/api/v2/citymeter-v3/grocery/info/geom/d9d4508c-30e6-4bbc-8d8f-3026d2747a1f/MUNICIPALITY","sourceSha256":"b885750a2d616450162535bbca01d8d6b234db73fe6c6f50246541ac1c0a91c6","retrievedAt":"2026-10-04T05:43:09.393791+00:00","boundaryVintage":null,"geometryStatus":"native_source_polygon_display_simplified","simplificationToleranceDegrees":0.00015,"simplificationPreservesTopology":true,"invalidSourceRepair":"make_valid; retain polygonal components; discard zero-area collapsed lines","legalBoundaryIndependentlyVerified":false,"areaId":"d9d4508c-30e6-4bbc-8d8f-3026d2747a1f"},"geometry":{"type":"Polygon","coordinates":[[[104.774463,15.825405],[104.77552,15.821976],[104.772774,15.809757],[104.776285,15.803474],[104.771074,15.801117],[104.768081,15.79584],[104.762874,15.793039],[104.758148,15.785718],[104.755874,15.778067],[104.756121,15.777628],[104.755615,15.778338],[104.748368,15.781952],[104.748313,15.784272],[104.745393,15.790154],[104.739541,15.791328],[104.736068,15.798631],[104.733219,15.79684],[104.731556,15.797512],[104.729413,15.802442],[104.731755,15.807316],[104.719912,15.819997],[104.72397,15.829887],[104.723287,15.840174],[104.728158,15.845647],[104.733529,15.859312],[104.742319,15.868732],[104.742472,15.89086],[104.744945,15.894205],[104.748086,15.895433],[104.750476,15.900468],[104.757367,15.898069],[104.769414,15.905257],[104.776068,15.899629],[104.773162,15.896178],[104.77294,15.891978],[104.776208,15.875647],[104.779556,15.871446],[104.777457,15.863013],[104.780681,15.848518],[104.77803,15.843854],[104.775871,15.843654],[104.775024,15.840692],[104.776782,15.834731],[104.774463,15.825405]]]},"bbox":[104.719912,15.777628,104.780681,15.905257]},{"type":"Feature","id":"54fe2dc5-877b-4300-be1c-d2930fa9aaa1","properties":{"id":"54fe2dc5-877b-4300-be1c-d2930fa9aaa1","code":"06370118","provinceCode":"37","nameTh":"องค์การบริหารส่วนตำบล หนองมะแซว","nameEn":null,"geometryType":"MUNICIPALITY","sourceUrl":"https://landometer.com/api/v2/citymeter-v3/grocery/info/geom/54fe2dc5-877b-4300-be1c-d2930fa9aaa1/MUNICIPALITY","sourceSha256":"6d4ec5e72348d2d3e6cd255ae6d95dac984eeb3c7d188b5130e45762e2698363","retrievedAt":"2026-10-04T05:43:09.448537+00:00","boundaryVintage":null,"geometryStatus":"native_source_polygon_display_simplified","simplificationToleranceDegrees":0.00015,"simplificationPreservesTopology":true,"invalidSourceRepair":"make_valid; retain polygonal components; discard zero-area collapsed lines","legalBoundaryIndependentlyVerified":false,"areaId":"54fe2dc5-877b-4300-be1c-d2930fa9aaa1"},"geometry":{"type":"MultiPolygon","coordinates":[[[[104.690892,15.797859],[104.69091604994648,15.797917226186215],[104.690916,15.797917],[104.690892,15.797859]]],[[[104.753435,15.752542],[104.75147,15.753322],[104.74986,15.754567],[104.749069,15.755374],[104.748506,15.75638],[104.746321,15.757695],[104.744807,15.759715],[104.743179,15.760995],[104.740969,15.761999],[104.739858,15.762978],[104.737693,15.762956],[104.736042,15.763439],[104.733111,15.767461],[104.730348,15.769762],[104.730245,15.770968],[104.727911,15.774039],[104.727748,15.775097],[104.728098,15.77579],[104.726952,15.776857],[104.725955,15.778391],[104.724077,15.780398],[104.723945,15.781762],[104.723576,15.782682],[104.72389,15.783848],[104.72355,15.784307],[104.723879,15.784906],[104.722165,15.785743],[104.72205,15.786453],[104.721064,15.786983],[104.720858,15.78803],[104.719763,15.78773],[104.719292,15.787914],[104.71838,15.789434],[104.717514,15.790054],[104.715417,15.790608],[104.71292,15.790582],[104.711803,15.791438],[104.7099,15.791932],[104.706562,15.795341],[104.699621,15.801196],[104.698967,15.800417],[104.698229,15.798743],[104.699295,15.798141],[104.69903,15.796877],[104.698042,15.794448],[104.696691,15.795221],[104.694983,15.795478],[104.693599,15.796022],[104.692373,15.797476],[104.691031,15.798156],[104.69091604994648,15.797917226186215],[104.69132,15.799232],[104.693712,15.801487],[104.694334,15.807172],[104.698412,15.811369],[104.700613,15.812564],[104.701872,15.811595],[104.702897,15.813083],[104.703284,15.81626],[104.700936,15.822864],[104.699454,15.822741],[104.699135,15.827747],[104.70722,15.832353],[104.709284,15.835196],[104.708074,15.838866],[104.709617,15.844099],[104.707738,15.846088],[104.70694,15.850962],[104.709493,15.86119],[104.70719,15.863264],[104.704736,15.870982],[104.70512,15.883374],[104.70774,15.885438],[104.71041,15.892673],[104.715126,15.895829],[104.714438,15.901898],[104.713507,15.903247],[104.71374,15.903443],[104.713672,15.903791],[104.714628,15.905008],[104.730759,15.897827],[104.739023,15.897162],[104.740222,15.891153],[104.742384,15.890187],[104.742468,15.890327],[104.742319,15.868732],[104.733529,15.859312],[104.728158,15.845647],[104.723287,15.840174],[104.72397,15.829887],[104.719912,15.819997],[104.731755,15.807316],[104.729413,15.802442],[104.731556,15.797512],[104.733219,15.79684],[104.736068,15.798631],[104.739541,15.791328],[104.745393,15.790154],[104.748313,15.784272],[104.748368,15.781952],[104.755615,15.778338],[104.758886,15.772725],[104.758544,15.76512],[104.757801,15.764178],[104.759245,15.760527],[104.758265,15.757838],[104.763126,15.756131],[104.762607,15.750494],[104.760041,15.7509],[104.758788,15.751465],[104.757042,15.751412],[104.755202,15.752439],[104.753643,15.752786],[104.753435,15.752542]]]]},"bbox":[104.690892,15.750494,104.763126,15.905008]},{"type":"Feature","id":"3e1909d0-47ed-4521-b6b0-fe13fc1374a1","properties":{"id":"3e1909d0-47ed-4521-b6b0-fe13fc1374a1","code":"06370119","provinceCode":"37","nameTh":"องค์การบริหารส่วนตำบล เหล่าพรวน","nameEn":null,"geometryType":"MUNICIPALITY","sourceUrl":"https://landometer.com/api/v2/citymeter-v3/grocery/info/geom/3e1909d0-47ed-4521-b6b0-fe13fc1374a1/MUNICIPALITY","sourceSha256":"2909d0d316e58704e6ee77c02f76e6163ba5ad399500db3121d7b81d35aa19da","retrievedAt":"2026-10-04T05:43:09.442747+00:00","boundaryVintage":null,"geometryStatus":"native_source_polygon_display_simplified","simplificationToleranceDegrees":0.00015,"simplificationPreservesTopology":true,"invalidSourceRepair":"make_valid; retain polygonal components; discard zero-area collapsed lines","legalBoundaryIndependentlyVerified":false,"areaId":"3e1909d0-47ed-4521-b6b0-fe13fc1374a1"},"geometry":{"type":"MultiPolygon","coordinates":[[[[104.812519,15.81928],[104.81219494354943,15.820469057527289],[104.812195,15.820469],[104.812519,15.81928]]],[[[104.774463,15.825405],[104.776782,15.834731],[104.775024,15.840692],[104.775871,15.843654],[104.77803,15.843854],[104.780681,15.848518],[104.777457,15.863013],[104.779556,15.871446],[104.776208,15.875647],[104.77294,15.891978],[104.773162,15.896178],[104.776068,15.899629],[104.769414,15.905257],[104.793522,15.914623],[104.795206,15.912704],[104.796696,15.912321],[104.795408,15.913003],[104.796853,15.912238],[104.797397,15.911839],[104.797841,15.911661],[104.801111,15.911183],[104.801855,15.910691],[104.802012,15.910262],[104.801504,15.908997],[104.80176,15.908476],[104.803022,15.908135],[104.803522,15.908228],[104.804398,15.908819],[104.804907,15.909493],[104.805527,15.909782],[104.807242,15.909547],[104.808305,15.908601],[104.808465,15.906744],[104.80727,15.90323],[104.805388,15.900003],[104.804666,15.899841],[104.804374,15.89914],[104.803798,15.898992],[104.803958,15.898821],[104.803737,15.898597],[104.803818,15.897941],[104.804174,15.89768],[104.804075,15.897155],[104.804936,15.896502],[104.805179,15.895495],[104.805914,15.895151],[104.806421,15.895178],[104.806842,15.894147],[104.80764,15.894131],[104.807987,15.8937],[104.808581,15.893788],[104.809136,15.893453],[104.809736,15.890407],[104.811073,15.889757],[104.812361,15.890018],[104.81282,15.889423],[104.81286,15.88893],[104.814721,15.888354],[104.814829,15.887236],[104.815224,15.886594],[104.814709,15.88535],[104.815663,15.883753],[104.81632,15.883081],[104.817578,15.88307],[104.818539,15.882754],[104.819215,15.881258],[104.819087,15.879586],[104.818793,15.879047],[104.815351,15.876133],[104.813501,15.874154],[104.813111,15.871794],[104.810666,15.867367],[104.810582,15.863292],[104.810335,15.862904],[104.808662,15.861921],[104.807902,15.860948],[104.807729,15.860234],[104.807732,15.859578],[104.808401,15.857865],[104.810089,15.856072],[104.811607,15.853104],[104.813071,15.848791],[104.814745,15.841609],[104.815197,15.833453],[104.814975,15.828349],[104.81449,15.825788],[104.813476,15.823552],[104.812011,15.821144],[104.81219494354943,15.820469057527289],[104.811828,15.820843],[104.80101,15.820079],[104.789239,15.821292],[104.786442,15.823327],[104.782851,15.818527],[104.778183,15.822072],[104.77552,15.821976],[104.774463,15.825405]]]]},"bbox":[104.769414,15.818527,104.819215,15.914623]},{"type":"Feature","id":"cc79a825-0a6a-4e7e-a537-8926ab0c25b8","properties":{"id":"cc79a825-0a6a-4e7e-a537-8926ab0c25b8","code":"06370120","provinceCode":"37","nameTh":"องค์การบริหารส่วนตำบล นาแต้","nameEn":null,"geometryType":"MUNICIPALITY","sourceUrl":"https://landometer.com/api/v2/citymeter-v3/grocery/info/geom/cc79a825-0a6a-4e7e-a537-8926ab0c25b8/MUNICIPALITY","sourceSha256":"d7da69d54004bb35b9c584507ab41f7ba8a6c0fdcfd3b228db1ce6c4123308f3","retrievedAt":"2026-10-04T05:43:09.457819+00:00","boundaryVintage":null,"geometryStatus":"native_source_polygon_display_simplified","simplificationToleranceDegrees":0.00015,"simplificationPreservesTopology":true,"invalidSourceRepair":"make_valid; retain polygonal components; discard zero-area collapsed lines","legalBoundaryIndependentlyVerified":false,"areaId":"cc79a825-0a6a-4e7e-a537-8926ab0c25b8"},"geometry":{"type":"Polygon","coordinates":[[[104.707572,15.917841],[104.707382,15.913106],[104.691423,15.91172],[104.689776,15.907999],[104.687316,15.908496],[104.686412,15.905785],[104.680574,15.903834],[104.678497,15.906542],[104.682276,15.909691],[104.686794,15.918349],[104.677043,15.91745],[104.674324,15.924881],[104.667911,15.925427],[104.663308,15.934661],[104.662048,15.93623],[104.6681,15.939909],[104.668093,15.939736],[104.66824,15.943287],[104.666241,15.944043],[104.66032,15.954719],[104.663275,15.957856],[104.662886,15.962678],[104.665512,15.970795],[104.671201,15.969716],[104.679196,15.97103],[104.680431,15.975654],[104.683708,15.978006],[104.68756,15.981472],[104.68727,15.992307],[104.692676,15.994259],[104.696644,16.009862],[104.696499,16.009904],[104.6969,16.009951],[104.697464,16.009636],[104.698159,16.010674],[104.698553,16.010465],[104.698513,16.009913],[104.69951,16.009962],[104.699646,16.010581],[104.699117,16.010679],[104.699342,16.011318],[104.698925,16.011603],[104.700187,16.012467],[104.70066,16.01228],[104.701385,16.011124],[104.702712,16.0111],[104.704167,16.013112],[104.704452,16.014202],[104.704955,16.014665],[104.704947,16.015446],[104.705201,16.015584],[104.706768,16.01524],[104.707552,16.014782],[104.709774,16.015119],[104.710399,16.014437],[104.71062,16.0138],[104.711543,16.013748],[104.711515,16.012848],[104.712384,16.012979],[104.71285,16.012599],[104.712534,16.011692],[104.713039,16.011385],[104.713454,16.010247],[104.714094,16.010324],[104.713616,16.010204],[104.713678,16.003897],[104.716485,16.002924],[104.717409,15.997104],[104.715063,15.991605],[104.724053,15.972869],[104.721623,15.968134],[104.724923,15.964747],[104.723356,15.9612],[104.724239,15.955704],[104.718636,15.949511],[104.719554,15.946364],[104.718672,15.937181],[104.707409,15.931213],[104.70727,15.928344],[104.710099,15.922743],[104.707572,15.917841]]]},"bbox":[104.66032,15.903834,104.724923,16.015584]},{"type":"Feature","id":"ac3cf32f-7778-4724-9da9-3d51f213666a","properties":{"id":"ac3cf32f-7778-4724-9da9-3d51f213666a","code":"06370121","provinceCode":"37","nameTh":"องค์การบริหารส่วนตำบล น้ำปลีก","nameEn":null,"geometryType":"MUNICIPALITY","sourceUrl":"https://landometer.com/api/v2/citymeter-v3/grocery/info/geom/ac3cf32f-7778-4724-9da9-3d51f213666a/MUNICIPALITY","sourceSha256":"f630ba6dfcac08360fe0a9eb7d172154a0cd37197df7de6bb2329614c56699a1","retrievedAt":"2026-10-04T05:43:09.484696+00:00","boundaryVintage":null,"geometryStatus":"native_source_polygon_display_simplified","simplificationToleranceDegrees":0.00015,"simplificationPreservesTopology":true,"invalidSourceRepair":"make_valid; retain polygonal components; discard zero-area collapsed lines","legalBoundaryIndependentlyVerified":false,"areaId":"ac3cf32f-7778-4724-9da9-3d51f213666a"},"geometry":{"type":"MultiPolygon","coordinates":[[[[104.505304,15.778518],[104.504519,15.778097],[104.504478,15.779841],[104.503867,15.779699],[104.502375,15.780438],[104.502324,15.781439],[104.501622,15.781222],[104.501126,15.781706],[104.500645,15.782728],[104.499697,15.78281],[104.499936,15.782153],[104.49914,15.781382],[104.49887,15.781603],[104.498805,15.782183],[104.497943,15.781705],[104.496163,15.781619],[104.496416,15.780804],[104.496012,15.780378],[104.495187,15.780579],[104.493807,15.781672],[104.491643,15.780913],[104.491543,15.781414],[104.490429,15.782176],[104.489777,15.781914],[104.489682,15.782243],[104.489272,15.782135],[104.489302,15.782508],[104.48866,15.783053],[104.486769,15.783737],[104.486402,15.783536],[104.486695,15.78296],[104.486171,15.782617],[104.485797,15.782851],[104.484552,15.782924],[104.484544,15.783519],[104.484107,15.783598],[104.483302,15.783246],[104.482891,15.782781],[104.481677,15.782718],[104.480473,15.783597],[104.480998,15.78407],[104.480722,15.784708],[104.479353,15.78518],[104.478579,15.784417],[104.478038,15.784286],[104.47765,15.7845],[104.477654,15.785085],[104.476808,15.785162],[104.477001,15.78586],[104.476816,15.786091],[104.476479,15.786081],[104.476054,15.785277],[104.475249,15.786262],[104.474696,15.785255],[104.474035,15.785222],[104.474175,15.784429],[104.473951,15.784145],[104.472563,15.784192],[104.471867,15.78458],[104.471012,15.784201],[104.470828,15.784459],[104.471208,15.785045],[104.47101,15.785382],[104.470269,15.785651],[104.469486,15.785348],[104.469093,15.785727],[104.468246,15.785814],[104.467268,15.786368],[104.466854,15.787076],[104.466302,15.786568],[104.465527,15.786624],[104.464038,15.785486],[104.464316,15.785031],[104.463352,15.784459],[104.463042,15.784755],[104.463039,15.784221],[104.462772,15.784088],[104.461578,15.785416],[104.461373,15.785263],[104.461408,15.784687],[104.460814,15.78482],[104.460656,15.784359],[104.460259,15.784285],[104.460154,15.784571],[104.460507,15.784964],[104.460047,15.785031],[104.460047,15.78544],[104.459748,15.785765],[104.459553,15.785037],[104.459181,15.785281],[104.458815,15.785091],[104.458805,15.785451],[104.458565,15.785463],[104.458774,15.784819],[104.458582,15.784618],[104.457499,15.784855],[104.457197,15.784535],[104.456417,15.784317],[104.455924,15.784672],[104.455396,15.783827],[104.453876,15.784062],[104.453032,15.783529],[104.451704,15.783718],[104.451266,15.78412],[104.450944,15.783955],[104.450069,15.784165],[104.449405,15.78467],[104.448246,15.784378],[104.447961,15.78384],[104.447464,15.78376],[104.446922,15.784216],[104.44675,15.784738],[104.445898,15.784788],[104.441794,15.783598],[104.441451,15.781661],[104.440456,15.781216],[104.439048,15.77989],[104.438547,15.779934],[104.437898,15.780484],[104.437356,15.780479],[104.435873,15.77893],[104.434965,15.778478],[104.43291,15.77977],[104.432453,15.780399],[104.432404,15.780895],[104.431892,15.781135],[104.431617,15.781781],[104.43168,15.782548],[104.432555,15.784077],[104.432561,15.784835],[104.433381,15.787008],[104.431833,15.788269],[104.43208,15.789123],[104.431364,15.791706],[104.431374,15.792976],[104.432623,15.793264],[104.433464,15.794442],[104.434341,15.794302],[104.434991,15.794658],[104.435143,15.795667],[104.435481,15.795986],[104.435499,15.796614],[104.435808,15.797117],[104.435737,15.799033],[104.435957,15.799595],[104.437043,15.800968],[104.438338,15.801993],[104.439331,15.802433],[104.43986,15.803775],[104.440823,15.803924],[104.440972,15.805029],[104.440878,15.806161],[104.440645,15.806457],[104.439444,15.806832],[104.438203,15.807615],[104.43715,15.80785],[104.435943,15.808627],[104.435862,15.811991],[104.436221,15.812663],[104.437045,15.812944],[104.439435,15.812291],[104.440409,15.812356],[104.440549,15.812887],[104.44005,15.815308],[104.440377,15.816617],[104.444176,15.819169],[104.44627,15.820112],[104.446999,15.822776],[104.447465,15.828837],[104.448003,15.831044],[104.450152,15.835404],[104.451015,15.836539],[104.45264,15.838027],[104.45499408162901,15.839685735818817],[104.455159,15.839152],[104.455402,15.839338],[104.459031,15.836117],[104.483528,15.836468],[104.498522,15.831451],[104.499964,15.820203],[104.502907,15.826634],[104.506942,15.827877],[104.507386,15.83203],[104.511678,15.834172],[104.513407,15.832599],[104.519911,15.835479],[104.521781,15.837835],[104.524754,15.836331],[104.537758,15.821644],[104.545625,15.824802],[104.544694,15.818757],[104.542456,15.817217],[104.541644,15.818187],[104.534769,15.810166],[104.539673,15.802266],[104.534887,15.796637],[104.533758,15.792159],[104.529066,15.791015],[104.527479,15.787784],[104.522254,15.782009],[104.516378,15.782472],[104.513434,15.777131],[104.512504,15.777257],[104.51246,15.776878],[104.511724,15.777135],[104.511272,15.776693],[104.510588,15.776732],[104.510241,15.777078],[104.509651,15.776922],[104.509573,15.777234],[104.509134,15.777279],[104.508781,15.777746],[104.508304,15.777512],[104.507806,15.777981],[104.507437,15.777845],[104.507162,15.778189],[104.505846,15.778174],[104.505304,15.778518]],[[104.463968,15.814184],[104.456963,15.814143],[104.453251,15.809962],[104.454943,15.806046],[104.453401,15.802852],[104.460304,15.801446],[104.46168,15.805899],[104.473084,15.803626],[104.474069,15.814216],[104.47198,15.815605],[104.469133,15.813154],[104.465908,15.811935],[104.463968,15.814184]]],[[[104.455474,15.839936],[104.45499408162901,15.839685735818817],[104.454994,15.839686],[104.455474,15.839936]]]]},"bbox":[104.431269,15.776681,104.545625,15.839936]},{"type":"Feature","id":"b1fdb906-b15e-4af5-abf9-afa199e5195e","properties":{"id":"b1fdb906-b15e-4af5-abf9-afa199e5195e","code":"06370122","provinceCode":"37","nameTh":"องค์การบริหารส่วนตำบล ห้วยไร่","nameEn":null,"geometryType":"MUNICIPALITY","sourceUrl":"https://landometer.com/api/v2/citymeter-v3/grocery/info/geom/b1fdb906-b15e-4af5-abf9-afa199e5195e/MUNICIPALITY","sourceSha256":"bb400b47af0f037a91214b3106c5ad213fbf9c1653455404a9d4966ae4cca8f4","retrievedAt":"2026-10-04T05:43:09.468848+00:00","boundaryVintage":null,"geometryStatus":"native_source_polygon_display_simplified","simplificationToleranceDegrees":0.00015,"simplificationPreservesTopology":true,"invalidSourceRepair":"make_valid; retain polygonal components; discard zero-area collapsed lines","legalBoundaryIndependentlyVerified":false,"areaId":"b1fdb906-b15e-4af5-abf9-afa199e5195e"},"geometry":{"type":"Polygon","coordinates":[[[104.709284,15.835196],[104.70722,15.832353],[104.699135,15.827747],[104.699454,15.822741],[104.700936,15.822864],[104.703284,15.81626],[104.702897,15.813083],[104.701872,15.811595],[104.700613,15.812564],[104.698412,15.811369],[104.694334,15.807172],[104.693712,15.801487],[104.69132,15.799232],[104.690827,15.797524],[104.691407,15.797373],[104.691488,15.796634],[104.690344,15.79582],[104.690446,15.795341],[104.690018,15.793834],[104.685816,15.803143],[104.68509,15.803929],[104.675985,15.810591],[104.673757,15.815655],[104.666188,15.820836],[104.666374,15.823238],[104.66305,15.824014],[104.65654,15.841195],[104.658418,15.847385],[104.663604,15.847238],[104.667644,15.85134],[104.670889,15.851875],[104.672596,15.850064],[104.674861,15.85313],[104.675833,15.858244],[104.680414,15.862162],[104.677106,15.867412],[104.680603,15.871805],[104.681694,15.881352],[104.688583,15.889383],[104.689697,15.893977],[104.693999,15.89393],[104.697328,15.910023],[104.70215,15.910199],[104.701521,15.909029],[104.703619,15.907564],[104.711309,15.906429],[104.714438,15.901898],[104.715126,15.895829],[104.71041,15.892673],[104.70774,15.885438],[104.70512,15.883374],[104.704736,15.870982],[104.70719,15.863264],[104.709493,15.86119],[104.70694,15.850962],[104.707738,15.846088],[104.709617,15.844099],[104.708074,15.838866],[104.709284,15.835196]]]},"bbox":[104.65654,15.793834,104.715126,15.910199]},{"type":"Feature","id":"e1ad81ad-67b6-4b24-991b-a736898b0dbf","properties":{"id":"e1ad81ad-67b6-4b24-991b-a736898b0dbf","code":"06370203","provinceCode":"37","nameTh":"องค์การบริหารส่วนตำบล ชานุมาน","nameEn":null,"geometryType":"MUNICIPALITY","sourceUrl":"https://landometer.com/api/v2/citymeter-v3/grocery/info/geom/e1ad81ad-67b6-4b24-991b-a736898b0dbf/MUNICIPALITY","sourceSha256":"912daf1899b60c3f619a9b03d6ab071f4417e1ff11a01338f657f4e31be08e01","retrievedAt":"2026-10-04T05:43:09.500386+00:00","boundaryVintage":null,"geometryStatus":"native_source_polygon_display_simplified","simplificationToleranceDegrees":0.00015,"simplificationPreservesTopology":true,"invalidSourceRepair":"make_valid; retain polygonal components; discard zero-area collapsed lines","legalBoundaryIndependentlyVerified":false,"areaId":"e1ad81ad-67b6-4b24-991b-a736898b0dbf"},"geometry":{"type":"Polygon","coordinates":[[[105.012231,16.19391],[105.013912,16.188741],[105.013959,16.187111],[105.013376,16.187841],[105.009645,16.190972],[105.002176,16.191979],[104.996017,16.194761],[104.979258,16.194176],[104.973267,16.187317],[104.967034,16.18366],[104.958369,16.189159],[104.948911,16.200126],[104.940898,16.20471],[104.938391,16.209841],[104.937523,16.206196],[104.934313,16.204012],[104.931356,16.202978],[104.92833,16.204106],[104.918451,16.198703],[104.918538,16.191635],[104.914583,16.18264],[104.911709,16.182626],[104.90587,16.177498],[104.899489,16.176097],[104.897551,16.18358],[104.887115,16.200687],[104.885218,16.199718],[104.88135,16.201373],[104.873425,16.198992],[104.870664,16.208536],[104.87175,16.208809],[104.872436,16.208697],[104.872874,16.209034],[104.874031,16.208845],[104.873916,16.209134],[104.874103,16.209408],[104.874604,16.20889],[104.875033,16.209259],[104.876031,16.209139],[104.876323,16.209768],[104.8767,16.209767],[104.877586,16.210649],[104.878167,16.210554],[104.878232,16.210111],[104.878463,16.210443],[104.878967,16.210461],[104.879358,16.211485],[104.880176,16.211616],[104.881215,16.212144],[104.881053,16.212736],[104.881542,16.213609],[104.882229,16.2135],[104.882041,16.213893],[104.882304,16.214428],[104.882327,16.215437],[104.881705,16.215841],[104.881992,16.216329],[104.881833,16.216673],[104.882266,16.216907],[104.881763,16.217292],[104.882403,16.217798],[104.882586,16.218961],[104.882033,16.221107],[104.882919,16.221873],[104.884227,16.221746],[104.884253,16.222017],[104.883708,16.222512],[104.884195,16.222723],[104.88408,16.223479],[104.8847,16.223558],[104.884476,16.224002],[104.885154,16.224168],[104.88508,16.22549],[104.886466,16.225495],[104.887031,16.226107],[104.886893,16.226469],[104.886407,16.226374],[104.886319,16.226959],[104.885517,16.22701],[104.885704,16.228158],[104.884966,16.228717],[104.884886,16.229168],[104.88429,16.229245],[104.884066,16.229758],[104.883978,16.231656],[104.884182,16.231966],[104.884504,16.23182],[104.884899,16.232165],[104.885062,16.232587],[104.884685,16.233198],[104.884796,16.23391],[104.88546,16.234276],[104.885554,16.235142],[104.885869,16.235084],[104.885942,16.23475],[104.886405,16.234864],[104.886152,16.23519],[104.886285,16.235407],[104.886599,16.235199],[104.886692,16.235526],[104.886923,16.23538],[104.887213,16.235623],[104.887514,16.235451],[104.887995,16.235567],[104.888198,16.236027],[104.88854,16.235649],[104.888894,16.236286],[104.889366,16.235922],[104.889487,16.236301],[104.889934,16.236312],[104.889838,16.237697],[104.890194,16.237751],[104.890473,16.237351],[104.89096,16.237205],[104.891847,16.238007],[104.893011,16.238431],[104.89325,16.239284],[104.893644,16.239149],[104.894145,16.239532],[104.894472,16.239191],[104.894982,16.239351],[104.895089,16.238937],[104.895786,16.239322],[104.896068,16.239081],[104.896641,16.240266],[104.897423,16.240402],[104.897972,16.241256],[104.8983,16.241103],[104.898276,16.240706],[104.898621,16.240708],[104.898796,16.241176],[104.898582,16.241452],[104.899341,16.24194],[104.899257,16.242301],[104.899829,16.242733],[104.900157,16.243364],[104.899954,16.243717],[104.900791,16.244208],[104.901189,16.244176],[104.901711,16.245026],[104.902081,16.24488],[104.90258,16.244042],[104.90262,16.244419],[104.903073,16.244255],[104.903915,16.244423],[104.903719,16.244844],[104.904181,16.244814],[104.904227,16.245192],[104.905033,16.244897],[104.905088,16.245224],[104.905383,16.24529],[104.905355,16.245727],[104.906236,16.246188],[104.906413,16.246018],[104.906286,16.245579],[104.906601,16.245361],[104.906908,16.245516],[104.907074,16.246022],[104.907513,16.245992],[104.907516,16.246299],[104.907927,16.246418],[104.908171,16.247218],[104.90886,16.247464],[104.909319,16.247226],[104.909654,16.247507],[104.909851,16.24717],[104.910224,16.247262],[104.910393,16.248343],[104.909918,16.249142],[104.90991,16.249654],[104.910895,16.250057],[104.910694,16.250737],[104.910994,16.250727],[104.911559,16.252446],[104.912464,16.253532],[104.911945,16.25465],[104.912692,16.255079],[104.912787,16.255523],[104.913253,16.255679],[104.914204,16.255225],[104.914857,16.2552],[104.915332,16.255479],[104.915862,16.255312],[104.916515,16.256015],[104.917,16.256071],[104.917701,16.25553],[104.917652,16.255925],[104.918662,16.255875],[104.918768,16.256242],[104.919215,16.256326],[104.919564,16.256127],[104.919695,16.255694],[104.92049,16.255597],[104.9205,16.255924],[104.920688,16.255936],[104.920962,16.255613],[104.920775,16.255112],[104.921917,16.255059],[104.922024,16.254344],[104.922563,16.254014],[104.923013,16.254151],[104.923225,16.253864],[104.923688,16.253846],[104.924421,16.254321],[104.924993,16.254321],[104.926684,16.253875],[104.927473,16.253115],[104.929849,16.253099],[104.930705,16.253298],[104.931164,16.25291],[104.931557,16.253344],[104.932031,16.253286],[104.932331,16.253542],[104.931789,16.253626],[104.931756,16.254326],[104.932903,16.254679],[104.933085,16.255134],[104.93338,16.254928],[104.933848,16.255484],[104.933755,16.255962],[104.934201,16.256076],[104.934487,16.256496],[104.934937,16.256531],[104.935133,16.256884],[104.935555,16.256791],[104.9357,16.256416],[104.936281,16.256899],[104.936928,16.256787],[104.936999,16.257367],[104.938885,16.258083],[104.938999,16.258395],[104.939495,16.258302],[104.94225,16.259476],[104.943181,16.259625],[104.944037,16.260535],[104.944327,16.261334],[104.944572,16.261106],[104.945855,16.260996],[104.946489,16.261554],[104.947102,16.261694],[104.947367,16.262228],[104.947788,16.261978],[104.94791,16.262388],[104.947615,16.262765],[104.948161,16.262719],[104.948224,16.26343],[104.948701,16.263858],[104.94856,16.264686],[104.949014,16.264616],[104.949561,16.265034],[104.950431,16.264834],[104.950583,16.26498],[104.949696,16.267199],[104.950119,16.267647],[104.950752,16.267818],[104.951819,16.267115],[104.952609,16.267198],[104.953712,16.267949],[104.95437,16.267895],[104.955531,16.268718],[104.955642,16.269169],[104.956163,16.269206],[104.95635,16.269984],[104.956998,16.270099],[104.957508,16.270611],[104.959887,16.271833],[104.959656,16.272797],[104.960069,16.273172],[104.959851,16.273723],[104.960446,16.274199],[104.960316,16.274858],[104.959679,16.275174],[104.959507,16.275563],[104.958492,16.275608],[104.958145,16.276051],[104.958187,16.276743],[104.9575,16.277532],[104.956139,16.277537],[104.956372,16.277801],[104.956128,16.27803],[104.956454,16.279137],[104.955918,16.279737],[104.956811,16.280531],[104.956624,16.281025],[104.957071,16.28141],[104.957159,16.282132],[104.957767,16.282543],[104.958331,16.283431],[104.959035,16.283593],[104.95975,16.284319],[104.960109,16.284361],[104.960613,16.283954],[104.959879,16.283805],[104.959824,16.283589],[104.960837,16.282621],[104.962214,16.282259],[104.96232,16.281405],[104.96404,16.280697],[104.964307,16.280305],[104.96495,16.280282],[104.965175,16.279733],[104.966041,16.279138],[104.969242,16.27709],[104.970657,16.276624],[104.971342,16.275806],[104.972383,16.275417],[104.972776,16.273963],[104.973304,16.27438],[104.973271,16.275073],[104.973638,16.275156],[104.973909,16.275582],[104.973178,16.277041],[104.973785,16.276982],[104.974137,16.277387],[104.97488,16.277665],[104.976357,16.277808],[104.978724,16.279132],[104.983226,16.275967],[104.988029,16.273347],[104.992535,16.268664],[104.996083,16.264402],[105.008669,16.250416],[105.007426,16.249506],[105.006179,16.249314],[104.997335,16.246355],[104.997438,16.24428],[104.996346,16.243914],[104.99612,16.242784],[104.995028,16.242419],[104.994802,16.241289],[104.993709,16.240923],[104.993484,16.239793],[104.992391,16.239427],[104.999192,16.221124],[105.004485,16.217732],[105.004118,16.21586],[105.005894,16.216346],[105.00549,16.214706],[105.006683,16.215013],[105.008038,16.212246],[105.007238,16.21086],[105.009556,16.209534],[105.009832,16.210528],[105.01051,16.209834],[105.010467,16.209207],[105.010963,16.210866],[105.011289,16.210461],[105.011457,16.209037],[105.011023,16.207959],[105.011746,16.206888],[105.011753,16.207704],[105.01174,16.205873],[105.011492,16.202397],[105.011623,16.199668],[105.011332,16.197583],[105.012231,16.19391]]]},"bbox":[104.870664,16.176097,105.0141,16.284371]},{"type":"Feature","id":"1d9e252e-e5d5-4566-9357-36e0fa9e8421","properties":{"id":"1d9e252e-e5d5-4566-9357-36e0fa9e8421","code":"06370204","provinceCode":"37","nameTh":"องค์การบริหารส่วนตำบล โคกสาร","nameEn":null,"geometryType":"MUNICIPALITY","sourceUrl":"https://landometer.com/api/v2/citymeter-v3/grocery/info/geom/1d9e252e-e5d5-4566-9357-36e0fa9e8421/MUNICIPALITY","sourceSha256":"0cc1221683a113dfbf2c0c0587b696b08bad7e73a1f7b523c97ed24b1a3701a0","retrievedAt":"2026-10-04T05:43:09.483747+00:00","boundaryVintage":null,"geometryStatus":"native_source_polygon_display_simplified","simplificationToleranceDegrees":0.00015,"simplificationPreservesTopology":true,"invalidSourceRepair":"make_valid; retain polygonal components; discard zero-area collapsed lines","legalBoundaryIndependentlyVerified":false,"areaId":"1d9e252e-e5d5-4566-9357-36e0fa9e8421"},"geometry":{"type":"MultiPolygon","coordinates":[[[[105.038389,16.119104],[105.03833956930592,16.119162959502585],[105.038339,16.119164],[105.038389,16.119104]]],[[[105.035844,16.131793],[105.037394,16.128549],[105.038192,16.125745],[105.040192,16.120815],[105.040006,16.120297],[105.038753,16.120801],[105.03826,16.120512],[105.038197,16.119358],[105.038809,16.118305],[105.035584,16.118618],[105.031622,16.122155],[105.02654,16.119829],[105.025572,16.11651],[105.017677,16.117446],[105.015676,16.11504],[105.018093,16.121838],[105.016184,16.125631],[105.011796,16.120232],[105.006808,16.119545],[105.008094,16.117174],[105.006741,16.115488],[105.003526,16.117798],[105.000073,16.116615],[104.996684,16.118514],[104.98495,16.113378],[104.983046,16.11598],[104.974364,16.119478],[104.956359,16.123294],[104.951046,16.130571],[104.95176,16.133239],[104.961662,16.134786],[104.969337,16.138449],[104.971288,16.141228],[104.974822,16.141776],[104.970088,16.145066],[104.966632,16.144761],[104.960379,16.150174],[104.958284,16.15289],[104.957368,16.159496],[104.966442,16.168074],[104.967034,16.18366],[104.973267,16.187317],[104.979258,16.194176],[104.996017,16.194761],[105.002176,16.191979],[105.009645,16.190972],[105.013376,16.187841],[105.013959,16.187111],[105.0141,16.18719],[105.015255,16.185253],[105.017675,16.182618],[105.018327,16.181181],[105.02063,16.174963],[105.022094,16.169604],[105.022735,16.168235],[105.02556,16.164015],[105.026271,16.161848],[105.026627,16.157158],[105.02646,16.153062],[105.027219,16.151406],[105.029903,16.148426],[105.032499,16.144482],[105.033017,16.141399],[105.033876,16.138468],[105.034497,16.136945],[105.036085,16.134262],[105.035844,16.131793]]]]},"bbox":[104.951046,16.113378,105.040192,16.194761]},{"type":"Feature","id":"1a8381bc-95ef-4b6b-b645-bd2ae7447834","properties":{"id":"1a8381bc-95ef-4b6b-b645-bd2ae7447834","code":"06370205","provinceCode":"37","nameTh":"องค์การบริหารส่วนตำบล ป่าก่อ","nameEn":null,"geometryType":"MUNICIPALITY","sourceUrl":"https://landometer.com/api/v2/citymeter-v3/grocery/info/geom/1a8381bc-95ef-4b6b-b645-bd2ae7447834/MUNICIPALITY","sourceSha256":"06ea2d237d3dbab992fab43202137086f258ee1f54bcd0638fa3c27f53592e82","retrievedAt":"2026-10-04T05:43:09.502087+00:00","boundaryVintage":null,"geometryStatus":"native_source_polygon_display_simplified","simplificationToleranceDegrees":0.00015,"simplificationPreservesTopology":true,"invalidSourceRepair":"make_valid; retain polygonal components; discard zero-area collapsed lines","legalBoundaryIndependentlyVerified":false,"areaId":"1a8381bc-95ef-4b6b-b645-bd2ae7447834"},"geometry":{"type":"Polygon","coordinates":[[[104.805972,16.047091],[104.806147,16.046718],[104.806487,16.046986],[104.80676,16.04691],[104.806877,16.047291],[104.80729,16.047544],[104.80709,16.047753],[104.807455,16.048052],[104.807906,16.047793],[104.809556,16.048431],[104.810383,16.049262],[104.810792,16.049109],[104.810918,16.049387],[104.811494,16.049139],[104.812285,16.049766],[104.812054,16.050433],[104.812223,16.050661],[104.812503,16.050595],[104.813008,16.05193],[104.812589,16.053263],[104.813138,16.053595],[104.814493,16.052966],[104.814958,16.053615],[104.814707,16.054134],[104.815376,16.053934],[104.815578,16.054146],[104.8163,16.054095],[104.816075,16.054617],[104.81662,16.054661],[104.8168,16.055002],[104.816408,16.055883],[104.816735,16.056092],[104.816705,16.056893],[104.816967,16.057183],[104.816416,16.057643],[104.816771,16.057644],[104.817038,16.058282],[104.816302,16.058511],[104.815802,16.059832],[104.816357,16.060444],[104.816143,16.060963],[104.81627,16.061856],[104.817353,16.062025],[104.817194,16.062492],[104.817735,16.064146],[104.817311,16.064865],[104.816241,16.065577],[104.816708,16.066334],[104.816411,16.066776],[104.816481,16.06761],[104.816112,16.068478],[104.817098,16.069762],[104.816003,16.071106],[104.816127,16.071879],[104.817835,16.072318],[104.818837,16.071996],[104.820288,16.072004],[104.820414,16.072277],[104.821076,16.072257],[104.821009,16.072547],[104.821686,16.072123],[104.821497,16.072686],[104.822068,16.072559],[104.822274,16.072936],[104.822981,16.072829],[104.823058,16.072586],[104.823298,16.072853],[104.823109,16.073212],[104.823258,16.073641],[104.823647,16.07376],[104.823401,16.07345],[104.82358,16.073269],[104.823919,16.073712],[104.823779,16.074081],[104.824053,16.074089],[104.824146,16.074416],[104.824528,16.07426],[104.824839,16.0745],[104.82468,16.075103],[104.82515,16.074996],[104.825275,16.075282],[104.825581,16.074933],[104.825906,16.075278],[104.826243,16.075031],[104.826428,16.075311],[104.827216,16.075562],[104.827339,16.076128],[104.827896,16.076114],[104.828099,16.076331],[104.828849,16.075923],[104.829229,16.076014],[104.829251,16.076312],[104.829961,16.076428],[104.830126,16.076054],[104.83051,16.076518],[104.830627,16.076116],[104.831155,16.077127],[104.831402,16.076879],[104.831264,16.07652],[104.831421,16.076315],[104.831691,16.076596],[104.832022,16.076532],[104.832118,16.076246],[104.832431,16.076738],[104.832684,16.076332],[104.834119,16.076146],[104.834114,16.075739],[104.834811,16.075935],[104.835816,16.075143],[104.836373,16.075607],[104.837758,16.075821],[104.838067,16.075219],[104.838202,16.07549],[104.839449,16.075638],[104.839831,16.076201],[104.839567,16.076625],[104.839543,16.07963],[104.838878,16.079646],[104.838467,16.080539],[104.838005,16.080537],[104.83794,16.081411],[104.83741,16.081129],[104.83731,16.080551],[104.836993,16.080655],[104.836841,16.081261],[104.837156,16.082065],[104.836836,16.08317],[104.835377,16.083232],[104.833731,16.082793],[104.8331,16.083475],[104.832847,16.084803],[104.831916,16.085644],[104.831216,16.086064],[104.830447,16.086159],[104.830126,16.086681],[104.82961,16.086898],[104.828578,16.086722],[104.828047,16.08765],[104.828263,16.088261],[104.828095,16.088865],[104.826668,16.089413],[104.826635,16.090134],[104.825696,16.091572],[104.825652,16.092013],[104.824886,16.09221],[104.822742,16.092124],[104.822434,16.092421],[104.822222,16.093705],[104.821768,16.09425],[104.821244,16.094327],[104.821417,16.094793],[104.821896,16.095063],[104.821829,16.095318],[104.81901,16.095002],[104.818935,16.095891],[104.818501,16.095979],[104.817252,16.095813],[104.816737,16.094838],[104.816164,16.095017],[104.815856,16.095609],[104.816037,16.096859],[104.815124,16.098301],[104.81434,16.09843],[104.814117,16.098486],[104.814018,16.098531],[104.813971,16.098563],[104.814325,16.099116],[104.815058,16.099356],[104.815333,16.098345],[104.878336,16.095975],[104.886021,16.093998],[104.890781,16.080216],[104.897701,16.073819],[104.903477,16.07241],[104.901827,16.068014],[104.905864,16.065986],[104.909439,16.057867],[104.912091,16.057715],[104.915696,16.052957],[104.913299,16.04688],[104.908897,16.045147],[104.906304,16.036482],[104.911133,16.025225],[104.920844,16.01547],[104.921724,16.011943],[104.916961,16.012746],[104.916843,16.012293],[104.916333,16.012486],[104.915919,16.012084],[104.914934,16.011725],[104.914508,16.011244],[104.913487,16.011196],[104.913305,16.010809],[104.912789,16.010596],[104.912556,16.01002],[104.911718,16.009734],[104.911426,16.009147],[104.910271,16.0088],[104.90806,16.00943],[104.907256,16.008984],[104.90659,16.00899],[104.904066,16.007441],[104.903541,16.007367],[104.903268,16.006969],[104.902026,16.00677],[104.900691,16.005817],[104.898837,16.005264],[104.893314,16.006351],[104.890541,16.007437],[104.887141,16.00671],[104.886124,16.006999],[104.884017,16.006696],[104.8827,16.006946],[104.881485,16.006652],[104.880221,16.006677],[104.878929,16.006276],[104.878063,16.006543],[104.877208,16.006168],[104.874797,16.006234],[104.874181,16.005642],[104.872999,16.005517],[104.872883,16.005969],[104.871769,16.00658],[104.871748,16.006814],[104.871168,16.006717],[104.870772,16.006983],[104.870773,16.00768],[104.870455,16.00779],[104.870304,16.008259],[104.869928,16.0085],[104.869482,16.008427],[104.869384,16.008767],[104.868592,16.009114],[104.867617,16.008928],[104.86773,16.00966],[104.86683,16.010107],[104.866373,16.010068],[104.866148,16.010299],[104.866267,16.010789],[104.865625,16.01106],[104.864082,16.010451],[104.86386,16.00984],[104.863532,16.009881],[104.863672,16.009422],[104.862973,16.009171],[104.862686,16.009308],[104.862761,16.008975],[104.862438,16.008816],[104.862372,16.008484],[104.862086,16.008638],[104.86202,16.008132],[104.861468,16.00852],[104.861438,16.008888],[104.861192,16.008781],[104.861084,16.009078],[104.859444,16.009766],[104.858674,16.009029],[104.857987,16.009093],[104.857518,16.00957],[104.856826,16.009606],[104.855362,16.009178],[104.854887,16.008433],[104.854419,16.008656],[104.854427,16.008434],[104.853921,16.008087],[104.853978,16.007659],[104.853288,16.007676],[104.853002,16.008105],[104.8529,16.007637],[104.852254,16.00767],[104.852115,16.00727],[104.851544,16.00689],[104.851019,16.006897],[104.850688,16.007176],[104.850583,16.006591],[104.849994,16.007136],[104.849676,16.006828],[104.849799,16.00644],[104.849479,16.006235],[104.849975,16.005971],[104.849137,16.005474],[104.849032,16.005046],[104.848272,16.00481],[104.848268,16.004306],[104.847963,16.003898],[104.847648,16.003917],[104.84715,16.001685],[104.846608,16.000727],[104.844996,15.99906],[104.844158,15.998965],[104.843852,15.998664],[104.842537,15.998636],[104.841936,15.998994],[104.841511,15.998949],[104.841151,15.999499],[104.840856,15.999328],[104.839944,15.999613],[104.839336,15.99952],[104.839137,16.000056],[104.838767,15.999794],[104.837355,15.999996],[104.834581,15.999052],[104.833424,15.99906],[104.8327,15.998615],[104.832376,15.997907],[104.832064,15.997802],[104.830829,15.998514],[104.830156,15.998641],[104.828402,15.999884],[104.826936,16.000223],[104.824972,16.000143],[104.823893,15.999325],[104.823474,15.999342],[104.822714,16.000488],[104.821584,16.000819],[104.821491,16.001353],[104.821921,16.00228],[104.821193,16.002902],[104.819851,16.00347],[104.820093,16.004014],[104.819211,16.005228],[104.819112,16.006222],[104.818626,16.006715],[104.819305,16.007275],[104.819585,16.007813],[104.819458,16.008167],[104.817406,16.008989],[104.816293,16.009039],[104.810038,16.010581],[104.808183,16.01166],[104.806968,16.013161],[104.806463,16.015217],[104.806363,16.017346],[104.806441,16.024912],[104.80788,16.035433],[104.808698,16.039194],[104.806076,16.042955],[104.804491,16.046215],[104.805041,16.046321],[104.805972,16.047091]]]},"bbox":[104.804491,15.997802,104.921724,16.099357]},{"type":"Feature","id":"9c95e8dd-b5ca-45f3-bd14-7287b24022d2","properties":{"id":"9c95e8dd-b5ca-45f3-bd14-7287b24022d2","code":"06370206","provinceCode":"37","nameTh":"องค์การบริหารส่วนตำบล คำเขื่อนแก้ว","nameEn":null,"geometryType":"MUNICIPALITY","sourceUrl":"https://landometer.com/api/v2/citymeter-v3/grocery/info/geom/9c95e8dd-b5ca-45f3-bd14-7287b24022d2/MUNICIPALITY","sourceSha256":"72378512441ab673e7f01a4b6d7cb712f0dbc59e2b8d56d4fa8532bf4b120f13","retrievedAt":"2026-10-04T05:43:09.515114+00:00","boundaryVintage":null,"geometryStatus":"native_source_polygon_display_simplified","simplificationToleranceDegrees":0.00015,"simplificationPreservesTopology":true,"invalidSourceRepair":"make_valid; retain polygonal components; discard zero-area collapsed lines","legalBoundaryIndependentlyVerified":false,"areaId":"9c95e8dd-b5ca-45f3-bd14-7287b24022d2"},"geometry":{"type":"Polygon","coordinates":[[[104.95176,16.133239],[104.951046,16.130571],[104.956359,16.123294],[104.96761,16.120909],[104.967297,16.120714],[104.968662,16.120386],[104.936937,16.100637],[104.931224,16.104087],[104.924611,16.101463],[104.886032,16.094246],[104.890781,16.080216],[104.886021,16.093998],[104.878336,16.095975],[104.815333,16.098345],[104.815058,16.099356],[104.814325,16.099116],[104.814018,16.098531],[104.813854,16.098679],[104.814111,16.100685],[104.813985,16.101724],[104.812911,16.102859],[104.812658,16.10368],[104.813469,16.105892],[104.813024,16.107784],[104.813572,16.109059],[104.813716,16.110511],[104.814468,16.112556],[104.81487,16.113076],[104.815553,16.115576],[104.816357,16.122764],[104.81632,16.123556],[104.815541,16.1253],[104.815457,16.126014],[104.816228,16.1279],[104.815836,16.128889],[104.816509,16.129055],[104.816658,16.129477],[104.815488,16.130184],[104.815248,16.130899],[104.816229,16.133778],[104.817776,16.134483],[104.821042,16.137395],[104.821089,16.138331],[104.821726,16.139535],[104.820816,16.139786],[104.820901,16.140756],[104.82219,16.14221],[104.822273,16.14315],[104.823152,16.143276],[104.823644,16.144862],[104.823545,16.145472],[104.823127,16.145567],[104.82236,16.146896],[104.822681,16.147114],[104.823373,16.146902],[104.823857,16.147878],[104.823797,16.14892],[104.823591,16.149432],[104.823136,16.149555],[104.824468,16.150179],[104.824283,16.150792],[104.823741,16.150822],[104.823861,16.151774],[104.822916,16.152196],[104.824015,16.153905],[104.824857,16.154274],[104.824932,16.155468],[104.824282,16.155963],[104.823453,16.155672],[104.823537,16.156372],[104.823367,16.156494],[104.822338,16.156334],[104.822376,16.157399],[104.822177,16.157623],[104.82179,16.157473],[104.821583,16.156745],[104.821043,16.157166],[104.82061,16.156782],[104.819902,16.156633],[104.81895,16.157105],[104.818229,16.156817],[104.817559,16.157109],[104.81647,16.157055],[104.815753,16.157395],[104.815251,16.157962],[104.814249,16.158302],[104.81344,16.15823],[104.812739,16.157444],[104.811769,16.157637],[104.811821,16.158494],[104.810305,16.159099],[104.809552,16.160283],[104.808467,16.160309],[104.80702,16.161725],[104.806183,16.161611],[104.8056,16.1625],[104.805521,16.163505],[104.804479,16.164159],[104.803839,16.163929],[104.802741,16.163961],[104.801783,16.162708],[104.801777,16.161908],[104.800531,16.162001],[104.800171,16.16167],[104.799923,16.160573],[104.79885,16.159806],[104.796829,16.160089],[104.794821,16.158446],[104.792337,16.158585],[104.791657,16.157776],[104.790561,16.157314],[104.789273,16.157405],[104.788461,16.159411],[104.787429,16.160482],[104.786248,16.162606],[104.785557,16.165164],[104.785205,16.168108],[104.78406,16.171075],[104.783693,16.173491],[104.782925,16.17531],[104.781056,16.177847],[104.777021,16.182108],[104.772887,16.187642],[104.770905,16.189124],[104.767899,16.189258],[104.766949,16.189522],[104.765718,16.190481],[104.765559,16.191596],[104.765951,16.192855],[104.767327,16.194286],[104.767544,16.194897],[104.766974,16.195856],[104.766074,16.196444],[104.77421,16.19679],[104.781073,16.198886],[104.78597,16.199728],[104.788865,16.199429],[104.795642,16.197195],[104.796483,16.19661],[104.79692,16.196013],[104.799534,16.189574],[104.800084,16.188866],[104.8034,16.187007],[104.807861,16.186738],[104.811781,16.185265],[104.812386,16.185224],[104.813884,16.185524],[104.81731,16.187845],[104.820317,16.191373],[104.821035,16.192622],[104.822549,16.198269],[104.823785,16.201806],[104.825625,16.204645],[104.826163,16.205009],[104.827636,16.204947],[104.829231,16.204039],[104.83076,16.203597],[104.831263,16.203194],[104.831728,16.201972],[104.83381,16.200609],[104.835229,16.200217],[104.837042,16.200364],[104.838471,16.200884],[104.841734,16.203189],[104.842143,16.203027],[104.843042,16.203157],[104.843542,16.202787],[104.844407,16.202826],[104.845461,16.202533],[104.848459,16.202844],[104.849584,16.202589],[104.850003,16.202271],[104.850498,16.202364],[104.850522,16.201993],[104.850864,16.202019],[104.85115,16.201715],[104.851746,16.201873],[104.852323,16.201596],[104.853042,16.202344],[104.853497,16.202331],[104.854919,16.201648],[104.855398,16.202364],[104.855755,16.202148],[104.856849,16.202624],[104.857512,16.203341],[104.858129,16.203107],[104.858344,16.203639],[104.858693,16.203321],[104.859197,16.203731],[104.858696,16.203882],[104.859004,16.204391],[104.85967,16.204464],[104.859711,16.203921],[104.859911,16.203874],[104.860492,16.204369],[104.861064,16.206148],[104.86207,16.205527],[104.862333,16.206106],[104.863293,16.206044],[104.864179,16.206412],[104.865173,16.207382],[104.865158,16.208441],[104.865847,16.208697],[104.866591,16.208645],[104.866914,16.20902],[104.868703,16.208658],[104.869464,16.208972],[104.87011,16.20857],[104.870649,16.208768],[104.870931,16.208616],[104.870664,16.208536],[104.873425,16.198992],[104.88135,16.201373],[104.885218,16.199718],[104.887115,16.200687],[104.897551,16.18358],[104.899489,16.176097],[104.90587,16.177498],[104.911709,16.182626],[104.914583,16.18264],[104.918538,16.191635],[104.918451,16.198703],[104.92833,16.204106],[104.931356,16.202978],[104.934313,16.204012],[104.937523,16.206196],[104.938391,16.209841],[104.940898,16.20471],[104.948911,16.200126],[104.958369,16.189159],[104.967034,16.18366],[104.966442,16.168074],[104.957368,16.159496],[104.958284,16.15289],[104.960379,16.150174],[104.966632,16.144761],[104.970088,16.145066],[104.974822,16.141776],[104.971288,16.141228],[104.969337,16.138449],[104.961662,16.134786],[104.95176,16.133239]]]},"bbox":[104.765514,16.080216,104.974822,16.209841]},{"type":"Feature","id":"01b1ec81-025a-4b92-bea0-9b1811edbcb1","properties":{"id":"01b1ec81-025a-4b92-bea0-9b1811edbcb1","code":"06370305","provinceCode":"37","nameTh":"องค์การบริหารส่วนตำบล นาหว้า","nameEn":null,"geometryType":"MUNICIPALITY","sourceUrl":"https://landometer.com/api/v2/citymeter-v3/grocery/info/geom/01b1ec81-025a-4b92-bea0-9b1811edbcb1/MUNICIPALITY","sourceSha256":"492395a8e6372b83764290dbd679f08568c7591b80312d5c8032bb3f5d4d9b92","retrievedAt":"2026-10-04T05:43:09.523791+00:00","boundaryVintage":null,"geometryStatus":"native_source_polygon_display_simplified","simplificationToleranceDegrees":0.00015,"simplificationPreservesTopology":true,"invalidSourceRepair":"make_valid; retain polygonal components; discard zero-area collapsed lines","legalBoundaryIndependentlyVerified":false,"areaId":"01b1ec81-025a-4b92-bea0-9b1811edbcb1"},"geometry":{"type":"Polygon","coordinates":[[[104.954633,15.887072],[104.952539,15.885441],[104.927857,15.878331],[104.927341,15.876209],[104.929896,15.875111],[104.930371,15.869333],[104.928563,15.865239],[104.930755,15.86234],[104.934908,15.861011],[104.934946,15.85656],[104.931116,15.853866],[104.924881,15.84253],[104.927498,15.836206],[104.925915,15.830775],[104.921561,15.829939],[104.91946,15.831216],[104.91554,15.828649],[104.912461,15.832128],[104.911522,15.837558],[104.906676,15.83894],[104.907022,15.841412],[104.903807,15.844081],[104.901496,15.849999],[104.905055,15.86132],[104.899775,15.868801],[104.903158,15.874917],[104.901542,15.876423],[104.915841,15.87585],[104.928461,15.879846],[104.935084,15.895234],[104.930776,15.899196],[104.930563,15.902108],[104.911467,15.889977],[104.899238,15.885157],[104.899285,15.887141],[104.891288,15.893049],[104.891097,15.898942],[104.886064,15.901965],[104.880839,15.900808],[104.877394,15.906415],[104.880579,15.912785],[104.878166,15.917258],[104.879781,15.924532],[104.878061,15.931575],[104.879219,15.939708],[104.884107,15.937861],[104.890812,15.94004],[104.900682,15.93717],[104.908476,15.928918],[104.91453,15.92736],[104.916761,15.92764],[104.916988,15.936175],[104.921276,15.937096],[104.927158,15.929971],[104.934623,15.931926],[104.948781,15.925485],[104.954498,15.920682],[104.960547,15.92062],[104.966166,15.918475],[104.969224,15.916491],[104.969767,15.914235],[104.971799,15.914031],[104.970194,15.90792],[104.966591,15.905209],[104.964996,15.905981],[104.96272,15.904593],[104.96102,15.89978],[104.954625,15.89697],[104.954278,15.894563],[104.952644,15.892713],[104.953841,15.892516],[104.953109,15.890453],[104.954633,15.887072]]]},"bbox":[104.877394,15.828649,104.971799,15.94004]},{"type":"Feature","id":"0071a276-ae5b-4604-b9c7-c09e7da47aba","properties":{"id":"0071a276-ae5b-4604-b9c7-c09e7da47aba","code":"06370306","provinceCode":"37","nameTh":"องค์การบริหารส่วนตำบล โนนงาม","nameEn":null,"geometryType":"MUNICIPALITY","sourceUrl":"https://landometer.com/api/v2/citymeter-v3/grocery/info/geom/0071a276-ae5b-4604-b9c7-c09e7da47aba/MUNICIPALITY","sourceSha256":"d3a4f65dc38ad5b10b7505ec03631ae3358c7f6d7f433d190f36a767bfeec217","retrievedAt":"2026-10-04T05:43:09.532507+00:00","boundaryVintage":null,"geometryStatus":"native_source_polygon_display_simplified","simplificationToleranceDegrees":0.00015,"simplificationPreservesTopology":true,"invalidSourceRepair":"make_valid; retain polygonal components; discard zero-area collapsed lines","legalBoundaryIndependentlyVerified":false,"areaId":"0071a276-ae5b-4604-b9c7-c09e7da47aba"},"geometry":{"type":"Polygon","coordinates":[[[104.837352,15.829429],[104.839146,15.813083],[104.828509,15.810093],[104.824441,15.806351],[104.819886,15.810399],[104.818812,15.810778],[104.818074,15.810733],[104.816057,15.811806],[104.816124,15.812408],[104.814816,15.813271],[104.815195,15.814035],[104.814644,15.815434],[104.81486,15.816546],[104.812622,15.819089],[104.812011,15.821144],[104.813476,15.823552],[104.81449,15.825788],[104.814975,15.828349],[104.815197,15.833453],[104.814745,15.841609],[104.813071,15.848791],[104.811607,15.853104],[104.810089,15.856072],[104.808401,15.857865],[104.807732,15.859578],[104.807729,15.860234],[104.807902,15.860948],[104.808662,15.861921],[104.810335,15.862904],[104.810582,15.863292],[104.810666,15.867367],[104.813111,15.871794],[104.813501,15.874154],[104.815351,15.876133],[104.818793,15.879047],[104.819087,15.879586],[104.819215,15.881258],[104.818539,15.882754],[104.817578,15.88307],[104.81632,15.883081],[104.815663,15.883753],[104.814709,15.88535],[104.815224,15.886594],[104.814829,15.887236],[104.814721,15.888354],[104.81286,15.88893],[104.81282,15.889423],[104.812361,15.890018],[104.811073,15.889757],[104.809736,15.890407],[104.80916,15.893424],[104.808581,15.893788],[104.807987,15.8937],[104.80764,15.894131],[104.806881,15.894126],[104.806395,15.895203],[104.805914,15.895151],[104.805179,15.895495],[104.804936,15.896502],[104.804075,15.897155],[104.804174,15.89768],[104.803818,15.897941],[104.803737,15.898597],[104.803955,15.898794],[104.803817,15.899021],[104.80432,15.899107],[104.804625,15.899434],[104.804666,15.899841],[104.805388,15.900003],[104.80727,15.90323],[104.808279,15.906072],[104.808508,15.90766],[104.813994,15.903979],[104.828542,15.914073],[104.82931,15.919902],[104.833086,15.922563],[104.837712,15.90303],[104.840077,15.894663],[104.842933,15.888211],[104.84123,15.885564],[104.842179,15.881474],[104.84517,15.8779],[104.847912,15.877484],[104.847886,15.874534],[104.850445,15.873627],[104.848793,15.869998],[104.850965,15.862533],[104.848374,15.860353],[104.853996,15.857042],[104.843553,15.843149],[104.838918,15.838126],[104.839576,15.833625],[104.837352,15.829429]]]},"bbox":[104.803737,15.806351,104.853996,15.922563]},{"type":"Feature","id":"1234a3e9-4360-4aed-befa-7edf46cb7b2a","properties":{"id":"1234a3e9-4360-4aed-befa-7edf46cb7b2a","code":"06370307","provinceCode":"37","nameTh":"องค์การบริหารส่วนตำบล ลือ","nameEn":null,"geometryType":"MUNICIPALITY","sourceUrl":"https://landometer.com/api/v2/citymeter-v3/grocery/info/geom/1234a3e9-4360-4aed-befa-7edf46cb7b2a/MUNICIPALITY","sourceSha256":"0dcc29cb578a8c4cd4a5185b4709f4a2e2bd05ddb4f60f1fb138871c72e4e8c0","retrievedAt":"2026-10-04T05:43:09.560046+00:00","boundaryVintage":null,"geometryStatus":"native_source_polygon_display_simplified","simplificationToleranceDegrees":0.00015,"simplificationPreservesTopology":true,"invalidSourceRepair":"make_valid; retain polygonal components; discard zero-area collapsed lines","legalBoundaryIndependentlyVerified":false,"areaId":"1234a3e9-4360-4aed-befa-7edf46cb7b2a"},"geometry":{"type":"Polygon","coordinates":[[[104.907392,15.761424],[104.903889,15.753562],[104.903475,15.751764],[104.903953,15.748585],[104.902677,15.749137],[104.902384,15.749701],[104.902182,15.753185],[104.901851,15.754665],[104.894996,15.762621],[104.893148,15.763228],[104.892515,15.764777],[104.891461,15.766353],[104.890734,15.765793],[104.890204,15.766077],[104.889884,15.765939],[104.889825,15.766246],[104.889494,15.766306],[104.889172,15.765765],[104.886893,15.765478],[104.885696,15.765664],[104.885072,15.766199],[104.883829,15.765594],[104.882047,15.76588],[104.881838,15.766225],[104.880482,15.765551],[104.879946,15.765667],[104.879715,15.765226],[104.87926,15.76546],[104.878335,15.765339],[104.878032,15.765106],[104.878038,15.764734],[104.877383,15.764566],[104.87738,15.7641],[104.876221,15.763371],[104.875171,15.764075],[104.874379,15.763809],[104.874433,15.763257],[104.874013,15.76303],[104.872649,15.763015],[104.872477,15.762436],[104.871458,15.762239],[104.870265,15.760657],[104.8691,15.760206],[104.869061,15.75978],[104.868719,15.759477],[104.868769,15.758879],[104.86814,15.75899],[104.866917,15.758283],[104.856764,15.756309],[104.848783,15.753678],[104.848491,15.754132],[104.847886,15.753871],[104.84675,15.754703],[104.84709,15.756496],[104.846423,15.757146],[104.84661,15.757721],[104.84611,15.758491],[104.845672,15.758514],[104.845156,15.759],[104.845268,15.75992],[104.844986,15.760056],[104.844726,15.759843],[104.844178,15.760115],[104.844785,15.76056],[104.844669,15.760868],[104.844189,15.760873],[104.844407,15.761619],[104.843764,15.761933],[104.843344,15.762511],[104.8427,15.762475],[104.841798,15.762914],[104.841581,15.763285],[104.84095,15.762978],[104.84082,15.763363],[104.841509,15.763885],[104.840605,15.764972],[104.840315,15.764756],[104.840043,15.76499],[104.840095,15.765321],[104.83937,15.765612],[104.839086,15.766281],[104.838426,15.765975],[104.83817,15.766241],[104.837172,15.766461],[104.836696,15.766883],[104.836917,15.767196],[104.836798,15.76763],[104.836415,15.767781],[104.834801,15.769634],[104.834059,15.770095],[104.834249,15.770732],[104.833525,15.771469],[104.833379,15.772195],[104.830692,15.772991],[104.830764,15.773623],[104.830028,15.773943],[104.829477,15.774622],[104.828881,15.776041],[104.82833,15.776228],[104.828097,15.777175],[104.827016,15.777577],[104.826491,15.778215],[104.825145,15.777955],[104.82537,15.778843],[104.824882,15.779015],[104.824859,15.779602],[104.824465,15.779634],[104.82423,15.779202],[104.823676,15.779767],[104.823924,15.780074],[104.823979,15.780843],[104.823568,15.781408],[104.823454,15.782177],[104.823122,15.782383],[104.823285,15.783076],[104.822744,15.783412],[104.822898,15.784982],[104.822128,15.785591],[104.822009,15.785998],[104.821568,15.786132],[104.821483,15.786525],[104.821206,15.786478],[104.820123,15.787256],[104.81881,15.787729],[104.818236,15.788372],[104.818178,15.788883],[104.819097,15.79102],[104.818137,15.791633],[104.818106,15.792849],[104.81866,15.795331],[104.821041,15.799213],[104.820842,15.799755],[104.822223,15.802275],[104.824556,15.805698],[104.823701,15.80657],[104.822169,15.807427],[104.82216,15.808203],[104.824441,15.806351],[104.828509,15.810093],[104.839146,15.813083],[104.837352,15.829429],[104.839576,15.833625],[104.838918,15.838126],[104.843553,15.843149],[104.853996,15.857042],[104.852991,15.855469],[104.857369,15.842599],[104.862739,15.84049],[104.873711,15.828078],[104.879802,15.82502],[104.883861,15.817195],[104.889359,15.812438],[104.902835,15.806282],[104.912936,15.805994],[104.918157,15.807797],[104.918265,15.808036],[104.919083,15.808194],[104.919663,15.807707],[104.925873,15.808717],[104.925927,15.804843],[104.911839,15.786194],[104.910582,15.781621],[104.914288,15.775926],[104.921881,15.769073],[104.918183,15.76797],[104.907392,15.761424]]]},"bbox":[104.818102,15.748585,104.925927,15.857042]},{"type":"Feature","id":"d2c8ccaf-c3e7-45e9-a0e2-7155d370a92b","properties":{"id":"d2c8ccaf-c3e7-45e9-a0e2-7155d370a92b","code":"06370308","provinceCode":"37","nameTh":"องค์การบริหารส่วนตำบล คำโพน","nameEn":null,"geometryType":"MUNICIPALITY","sourceUrl":"https://landometer.com/api/v2/citymeter-v3/grocery/info/geom/d2c8ccaf-c3e7-45e9-a0e2-7155d370a92b/MUNICIPALITY","sourceSha256":"1b0c140a6e7849e7ba161220565201937d132c20358457a74c06feeb8371b557","retrievedAt":"2026-10-04T05:43:09.568851+00:00","boundaryVintage":null,"geometryStatus":"native_source_polygon_display_simplified","simplificationToleranceDegrees":0.00015,"simplificationPreservesTopology":true,"invalidSourceRepair":"make_valid; retain polygonal components; discard zero-area collapsed lines","legalBoundaryIndependentlyVerified":false,"areaId":"d2c8ccaf-c3e7-45e9-a0e2-7155d370a92b"},"geometry":{"type":"MultiPolygon","coordinates":[[[[104.969224,15.916491],[104.966166,15.918475],[104.960547,15.92062],[104.954498,15.920682],[104.948781,15.925485],[104.934623,15.931926],[104.927158,15.929971],[104.921276,15.937096],[104.916906,15.936018],[104.916761,15.92764],[104.91453,15.92736],[104.908476,15.928918],[104.907642,15.929801],[104.907673,15.929949],[104.908543,15.929233],[104.90877,15.930296],[104.909044,15.930041],[104.913276,15.951443],[104.911843,15.952694],[104.913013,15.955828],[104.909681,15.957975],[104.908971,15.960614],[104.912929,15.965251],[104.917944,15.966407],[104.926009,15.97345],[104.928151,15.977842],[104.924677,15.984931],[104.925864,15.987494],[104.924588,15.987906],[104.928579,15.996232],[104.924886,16.000367],[104.92567,16.002581],[104.924531,16.005183],[104.924909,16.004518],[104.925777,16.004562],[104.926896,16.00379],[104.929496,16.003571],[104.930114,16.00367],[104.931045,16.004911],[104.932415,16.005569],[104.933449,16.007572],[104.934486,16.008339],[104.940685,16.008345],[104.941811,16.008036],[104.94276,16.007453],[104.943546,16.007509],[104.945103,16.008796],[104.94638,16.01079],[104.94749,16.011846],[104.948636,16.01201],[104.951795,16.013356],[104.953134,16.01471],[104.953157,16.015204],[104.953666,16.015516],[104.953474,16.015887],[104.953875,16.016519],[104.954204,16.016405],[104.954924,16.016894],[104.957188,16.017317],[104.959287,16.018667],[104.960201,16.019776],[104.960303,16.020512],[104.962149,16.020921],[104.961879,16.021815],[104.96223,16.022145],[104.96437,16.02172],[104.965203,16.020701],[104.966307,16.020966],[104.966721,16.020829],[104.966991,16.018139],[104.968151,16.017699],[104.96895,16.016911],[104.969499,16.014647],[104.969566,16.013102],[104.97024,16.01281],[104.970894,16.013039],[104.970915,16.012235],[104.97142,16.011842],[104.972281,16.011636],[104.973017,16.011767],[104.972885,16.01108],[104.97255,16.010769],[104.972882,16.010046],[104.973354,16.009949],[104.974166,16.01028],[104.975181,16.0096],[104.975926,16.010034],[104.976072,16.009501],[104.977656,16.00941],[104.978508,16.008762],[104.978785,16.008253],[104.979455,16.008486],[104.979514,16.007922],[104.979856,16.00753],[104.979302,16.007382],[104.980008,16.006456],[104.979677,16.006344],[104.979986,16.006021],[104.979858,16.004822],[104.979386,16.004388],[104.980171,16.003795],[104.980253,16.003237],[104.981661,16.003095],[104.981806,16.002711],[104.982309,16.003045],[104.982673,16.00255],[104.983332,16.002907],[104.984706,16.002534],[104.986677,16.002626],[104.987684,16.002073],[104.988948,16.002624],[104.991296,16.004594],[104.992106,16.004586],[104.99298,16.00511],[104.993684,16.004904],[104.994059,16.005215],[104.994529,16.004734],[104.994472,16.003926],[104.994689,16.00372],[104.994222,16.003337],[104.994121,16.00128],[104.993277,16.000371],[104.993455,15.999745],[104.994137,15.999715],[104.994605,16.000016],[104.995271,15.999211],[104.995717,15.999091],[104.995998,15.999485],[104.99661,15.99951],[104.997401,15.999398],[104.997542,15.999072],[104.997899,15.999125],[104.998781,15.998635],[104.999082,15.998906],[105.000309,15.998679],[105.000538,15.998968],[105.000877,15.998894],[105.000953,15.998586],[105.001565,15.998873],[105.001637,15.998471],[105.002116,15.998738],[105.002102,15.9994],[105.00241,15.999353],[105.002844,15.999995],[105.003449,16.000161],[105.00378,15.999865],[105.004757,15.999857],[105.005687,15.99946],[105.009938,15.999596],[105.012081,15.999326],[105.016051,15.997528],[105.019534,15.995187],[105.02042,15.99418],[105.022983,15.989503],[105.025152,15.986764],[105.025782,15.985185],[105.025906,15.984006],[105.025276,15.980285],[105.023675,15.976707],[105.022562,15.974811],[105.018014,15.969941],[105.013862,15.96734],[105.012808,15.966418],[104.998144,15.946922],[105.000767,15.94315],[105.003518,15.940314],[105.004124,15.93891],[105.00423,15.937344],[105.00371,15.934373],[105.002016,15.931736],[105.000226,15.926531],[104.999123,15.924885],[104.995768,15.918216],[104.993896,15.916435],[104.993387,15.91524],[104.989885,15.911176],[104.99017,15.911507],[104.980859,15.911146],[104.972137,15.913014],[104.970927,15.910712],[104.971799,15.914031],[104.969767,15.914235],[104.969224,15.916491]]],[[[104.923559,16.007402],[104.92338,16.007811],[104.923478,16.00764],[104.923559,16.007402]]]]},"bbox":[104.907642,15.910712,105.025906,16.022145]},{"type":"Feature","id":"2c295094-a2d6-40f2-bbf2-ed8533e2faa1","properties":{"id":"2c295094-a2d6-40f2-bbf2-ed8533e2faa1","code":"06370403","provinceCode":"37","nameTh":"องค์การบริหารส่วนตำบล พนา","nameEn":null,"geometryType":"MUNICIPALITY","sourceUrl":"https://landometer.com/api/v2/citymeter-v3/grocery/info/geom/2c295094-a2d6-40f2-bbf2-ed8533e2faa1/MUNICIPALITY","sourceSha256":"2f7ec36ab959eb83009364f0a5baf4a6283cfa492634a5475341ca125a7d3294","retrievedAt":"2026-10-04T05:43:09.567830+00:00","boundaryVintage":null,"geometryStatus":"native_source_polygon_display_simplified","simplificationToleranceDegrees":0.00015,"simplificationPreservesTopology":true,"invalidSourceRepair":"make_valid; retain polygonal components; discard zero-area collapsed lines","legalBoundaryIndependentlyVerified":false,"areaId":"2c295094-a2d6-40f2-bbf2-ed8533e2faa1"},"geometry":{"type":"MultiPolygon","coordinates":[[[[104.895356,15.667359],[104.895429,15.664356],[104.895037,15.663408],[104.895234,15.661994],[104.895532,15.661765],[104.894488,15.656033],[104.894664,15.654621],[104.895105,15.653907],[104.895092,15.653849],[104.894936,15.653524],[104.890996,15.654548],[104.883197,15.651385],[104.879591,15.647429],[104.874471,15.64858],[104.865208,15.646008],[104.861862,15.642974],[104.860316,15.643257],[104.859624,15.638984],[104.852876,15.634169],[104.843855,15.629939],[104.837939,15.631052],[104.837695,15.654783],[104.840051,15.654061],[104.841273,15.65619],[104.841176,15.659901],[104.842994,15.662471],[104.841257,15.665453],[104.845093,15.668338],[104.844117,15.671675],[104.847388,15.674844],[104.848533,15.672977],[104.850728,15.671885],[104.858112,15.669703],[104.861806,15.675486],[104.854074,15.678176],[104.851178,15.68355],[104.848686,15.68559],[104.849339,15.688456],[104.854765,15.690026],[104.857819,15.699826],[104.860409,15.701158],[104.861479,15.705248],[104.864112,15.707736],[104.868604,15.708508],[104.868316,15.712022],[104.871494,15.712664],[104.870071,15.71873],[104.872982,15.72142],[104.90048198242606,15.715604003716729],[104.899283,15.712568],[104.898308,15.710963],[104.897467,15.708531],[104.898271,15.705608],[104.89839,15.70432],[104.897636,15.702694],[104.897677,15.701731],[104.896847,15.699209],[104.893848,15.693678],[104.89126,15.689783],[104.891261,15.688919],[104.893151,15.681774],[104.894469,15.681617],[104.894504,15.679625],[104.893891,15.676187],[104.894498,15.672638],[104.894523,15.671262],[104.894991,15.671045],[104.895415,15.669503],[104.894717,15.667409],[104.895356,15.667359]]],[[[104.900598,15.715801],[104.900482,15.715604],[104.90048198242606,15.715604003716729],[104.900598,15.715801]]]]},"bbox":[104.837695,15.629939,104.900598,15.72142]},{"type":"Feature","id":"73b08675-e53f-4cb8-ab9d-efb0a90cf844","properties":{"id":"73b08675-e53f-4cb8-ab9d-efb0a90cf844","code":"06370404","provinceCode":"37","nameTh":"องค์การบริหารส่วนตำบล จานลาน","nameEn":null,"geometryType":"MUNICIPALITY","sourceUrl":"https://landometer.com/api/v2/citymeter-v3/grocery/info/geom/73b08675-e53f-4cb8-ab9d-efb0a90cf844/MUNICIPALITY","sourceSha256":"ca8c90f2c94adec82b3dcfaf07296572c634280c841667e97b4b70fd7dbbd10a","retrievedAt":"2026-10-04T05:43:09.614031+00:00","boundaryVintage":null,"geometryStatus":"native_source_polygon_display_simplified","simplificationToleranceDegrees":0.00015,"simplificationPreservesTopology":true,"invalidSourceRepair":"make_valid; retain polygonal components; discard zero-area collapsed lines","legalBoundaryIndependentlyVerified":false,"areaId":"73b08675-e53f-4cb8-ab9d-efb0a90cf844"},"geometry":{"type":"Polygon","coordinates":[[[104.92518,15.611204],[104.924148,15.610761],[104.924128,15.610087],[104.924696,15.608994],[104.924072,15.607998],[104.925351,15.606977],[104.926648,15.606739],[104.92662,15.60549],[104.927164,15.604358],[104.926574,15.603709],[104.925903,15.603551],[104.925762,15.602333],[104.924086,15.600451],[104.923619,15.600336],[104.922253,15.600769],[104.921494,15.600691],[104.918227,15.601572],[104.917196,15.600252],[104.914463,15.599501],[104.914068,15.598683],[104.913998,15.597401],[104.913078,15.596806],[104.912189,15.595715],[104.911625,15.595483],[104.911184,15.595676],[104.910419,15.597072],[104.909732,15.597668],[104.908608,15.597605],[104.908347,15.597235],[104.908358,15.596558],[104.908796,15.595164],[104.908405,15.594386],[104.907057,15.593821],[104.906306,15.593863],[104.904792,15.593062],[104.904485,15.592595],[104.904344,15.591282],[104.903292,15.589875],[104.902686,15.589823],[104.901622,15.590495],[104.901159,15.590455],[104.900405,15.589351],[104.90032,15.587836],[104.899961,15.587428],[104.898811,15.587473],[104.896605,15.586542],[104.895186,15.584698],[104.895096,15.583154],[104.894341,15.582189],[104.894333,15.581129],[104.892527,15.580689],[104.891707,15.579174],[104.891811,15.578732],[104.892773,15.578685],[104.892795,15.578216],[104.891384,15.577301],[104.889352,15.576874],[104.88913,15.575745],[104.887973,15.576194],[104.887523,15.576128],[104.885758,15.573496],[104.885724,15.57267],[104.884563,15.572084],[104.884568,15.571568],[104.885135,15.570617],[104.886657,15.57151],[104.887178,15.572118],[104.887327,15.572979],[104.887692,15.573036],[104.887844,15.568911],[104.889447,15.569167],[104.890822,15.568667],[104.892973,15.566472],[104.893428,15.565494],[104.895119,15.56533],[104.895762,15.563823],[104.895225,15.563382],[104.892991,15.563048],[104.890914,15.56177],[104.890947,15.561233],[104.891523,15.56058],[104.891497,15.560223],[104.891147,15.559259],[104.890286,15.558409],[104.889934,15.557428],[104.890291,15.556886],[104.891179,15.556374],[104.891255,15.555792],[104.889269,15.55317],[104.888967,15.552061],[104.888598,15.551985],[104.887725,15.552402],[104.887241,15.551335],[104.887307,15.550736],[104.887891,15.549914],[104.888138,15.549033],[104.888965,15.54818],[104.887896,15.546822],[104.887431,15.547117],[104.887104,15.548393],[104.886308,15.548585],[104.885926,15.548211],[104.886205,15.546109],[104.887298,15.545452],[104.887544,15.545027],[104.885232,15.545477],[104.884095,15.546117],[104.882998,15.547301],[104.882316,15.547251],[104.881663,15.546029],[104.880904,15.542814],[104.881463,15.539167],[104.878473,15.537106],[104.877847,15.53736],[104.876433,15.539134],[104.874742,15.53997],[104.874274,15.539858],[104.872309,15.538397],[104.870365,15.538161],[104.869817,15.538339],[104.869555,15.540148],[104.870213,15.542416],[104.873985,15.545603],[104.874214,15.546425],[104.870904,15.549772],[104.869764,15.550418],[104.868795,15.550496],[104.867499,15.54949],[104.865721,15.548688],[104.865125,15.549341],[104.864632,15.552581],[104.865046,15.553759],[104.866199,15.554859],[104.866312,15.55541],[104.86574,15.555982],[104.8636,15.556815],[104.863418,15.557192],[104.863809,15.557737],[104.865895,15.558444],[104.865234,15.55965],[104.865087,15.561221],[104.865241,15.561901],[104.865738,15.561955],[104.866655,15.561376],[104.870838,15.560714],[104.874484,15.56238],[104.876456,15.562127],[104.876679,15.562476],[104.876233,15.563808],[104.874836,15.565497],[104.872311,15.56634],[104.86907,15.567977],[104.867019,15.568083],[104.866933,15.568791],[104.86778,15.570617],[104.867016,15.573805],[104.865938,15.575197],[104.863543,15.576649],[104.861954,15.578018],[104.861621,15.578997],[104.86169,15.579511],[104.862121,15.580043],[104.861917,15.580492],[104.861503,15.58062],[104.861079,15.580419],[104.859717,15.578158],[104.85924,15.577924],[104.855111,15.578466],[104.850533,15.578172],[104.849873,15.578459],[104.849622,15.579799],[104.848969,15.579692],[104.848222,15.579011],[104.848776,15.577359],[104.848468,15.574659],[104.848101,15.573848],[104.847506,15.57363],[104.847126,15.573934],[104.845938,15.576226],[104.843862,15.577888],[104.843864,15.578477],[104.844903,15.580443],[104.845266,15.581789],[104.845038,15.583549],[104.844611,15.584404],[104.844041,15.584487],[104.841205,15.582881],[104.840134,15.582686],[104.83759,15.580977],[104.836739,15.581086],[104.835913,15.581732],[104.835994,15.582236],[104.837347,15.583386],[104.838055,15.584445],[104.838299,15.590857],[104.837491,15.591874],[104.835812,15.592187],[104.835545,15.591774],[104.835817,15.591048],[104.835352,15.590814],[104.832633,15.591416],[104.830593,15.591598],[104.830178,15.59142],[104.829698,15.590358],[104.829517,15.587525],[104.831441,15.586543],[104.832064,15.584707],[104.831872,15.584298],[104.830336,15.584145],[104.82958,15.584793],[104.828546,15.584953],[104.827367,15.585757],[104.825936,15.585584],[104.822629,15.585818],[104.822092,15.586606],[104.821444,15.589455],[104.820755,15.589864],[104.819019,15.590331],[104.818763,15.590701],[104.8187,15.591665],[104.818021,15.592165],[104.817526,15.593273],[104.816556,15.594002],[104.815303,15.59388],[104.814529,15.595265],[104.812781,15.596587],[104.81271,15.597058],[104.812966,15.597334],[104.814191,15.597387],[104.815427,15.595676],[104.816167,15.595477],[104.816468,15.595621],[104.816506,15.595942],[104.815484,15.596553],[104.815784,15.596944],[104.816461,15.59702],[104.816598,15.597269],[104.816383,15.597576],[104.815338,15.597855],[104.815045,15.598211],[104.815233,15.59995],[104.812695,15.60033],[104.81096,15.601563],[104.811153,15.603267],[104.812713,15.604106],[104.812371,15.605077],[104.811231,15.606336],[104.810325,15.606275],[104.809894,15.605877],[104.809984,15.604888],[104.809787,15.604231],[104.8092,15.603887],[104.807843,15.603689],[104.80755,15.603688],[104.806634,15.604594],[104.806369,15.605483],[104.804896,15.605039],[104.803961,15.605029],[104.804027,15.606413],[104.803691,15.607323],[104.805171,15.60918],[104.805383,15.609918],[104.804976,15.610342],[104.804339,15.610526],[104.802775,15.609348],[104.802441,15.609743],[104.803131,15.610913],[104.804526,15.61138],[104.805836,15.613583],[104.806557,15.617025],[104.80916,15.618978],[104.808809,15.620211],[104.808442,15.6202],[104.808041,15.619422],[104.807792,15.619354],[104.806905,15.619995],[104.806782,15.620658],[104.809779,15.621937],[104.811373,15.623054],[104.81183,15.62381],[104.812488,15.624201],[104.813443,15.624457],[104.81404,15.623739],[104.815815,15.625644],[104.821017,15.625099],[104.82497,15.627296],[104.825993,15.624308],[104.835531,15.622481],[104.837939,15.631085],[104.843855,15.629939],[104.852876,15.634169],[104.859624,15.638984],[104.860316,15.643257],[104.861862,15.642974],[104.865208,15.646008],[104.874471,15.64858],[104.879591,15.647429],[104.883197,15.651385],[104.890996,15.654548],[104.900785,15.651974],[104.910351,15.647776],[104.913665,15.646812],[104.919503,15.645594],[104.924994,15.643499],[104.926123,15.643582],[104.928607,15.645053],[104.930862,15.642701],[104.931183,15.641013],[104.932723,15.640665],[104.933294,15.640212],[104.93354,15.639654],[104.933362,15.637694],[104.930301,15.636498],[104.929579,15.635787],[104.929919,15.63418],[104.93101,15.632144],[104.931215,15.629996],[104.930841,15.629585],[104.929351,15.629289],[104.928881,15.628084],[104.927044,15.626091],[104.927351,15.625275],[104.928546,15.624205],[104.92924,15.622616],[104.931321,15.622167],[104.931419,15.621778],[104.931014,15.620738],[104.930862,15.619128],[104.930396,15.61854],[104.929055,15.618102],[104.926083,15.617878],[104.924218,15.616028],[104.923805,15.615414],[104.92379,15.614758],[104.925586,15.614346],[104.925852,15.613764],[104.925648,15.611702],[104.92518,15.611204]]]},"bbox":[104.802441,15.537106,104.933541,15.654548]},{"type":"Feature","id":"87b5b7a0-5d81-4c8d-869e-19acbb0e5136","properties":{"id":"87b5b7a0-5d81-4c8d-869e-19acbb0e5136","code":"06370405","provinceCode":"37","nameTh":"องค์การบริหารส่วนตำบล ไม้กลอน","nameEn":null,"geometryType":"MUNICIPALITY","sourceUrl":"https://landometer.com/api/v2/citymeter-v3/grocery/info/geom/87b5b7a0-5d81-4c8d-869e-19acbb0e5136/MUNICIPALITY","sourceSha256":"a630fbcc5109b08bf096f2bd3e9dd9b9a1fe5eae3b6ddea75c133cea7c4a2861","retrievedAt":"2026-10-04T05:43:09.584208+00:00","boundaryVintage":null,"geometryStatus":"native_source_polygon_display_simplified","simplificationToleranceDegrees":0.00015,"simplificationPreservesTopology":true,"invalidSourceRepair":"make_valid; retain polygonal components; discard zero-area collapsed lines","legalBoundaryIndependentlyVerified":false,"areaId":"87b5b7a0-5d81-4c8d-869e-19acbb0e5136"},"geometry":{"type":"MultiPolygon","coordinates":[[[[104.809717,15.674725],[104.8097170466494,15.674725334320621],[104.809728,15.674723],[104.809717,15.674725]]],[[[104.814461,15.676439],[104.809576,15.674735],[104.809463,15.674457],[104.808997,15.674621],[104.808952,15.675652],[104.80849,15.675505],[104.808252,15.675675],[104.808749,15.676346],[104.808483,15.676741],[104.80882,15.676847],[104.808767,15.677029],[104.807577,15.679342],[104.803348,15.682441],[104.79778,15.688582],[104.794028,15.693336],[104.788383,15.69964],[104.782696,15.707398],[104.782459,15.708264],[104.781887,15.709064],[104.780272,15.709796],[104.778917,15.710738],[104.777876,15.712056],[104.777034,15.712449],[104.776896,15.712976],[104.777303,15.715862],[104.776829,15.716351],[104.777828,15.718145],[104.777603,15.721074],[104.778053,15.723589],[104.777621,15.725326],[104.777915,15.727148],[104.777443,15.730633],[104.777524,15.73139],[104.776379,15.733693],[104.778083,15.734538],[104.779013,15.735454],[104.783093,15.740931],[104.789414,15.747321],[104.790918,15.749381],[104.792244,15.754599],[104.793764,15.763502],[104.797004,15.765792],[104.799645,15.768365],[104.803403,15.771273],[104.807244,15.773902],[104.813396,15.78105],[104.817117,15.784555],[104.818254,15.785221],[104.821499,15.786249],[104.822009,15.785998],[104.822128,15.785591],[104.822906,15.784965],[104.822744,15.783412],[104.823285,15.783076],[104.823122,15.782383],[104.823454,15.782177],[104.823568,15.781408],[104.823979,15.780843],[104.823924,15.780074],[104.823676,15.779767],[104.82423,15.779202],[104.824465,15.779634],[104.824859,15.779602],[104.824882,15.779015],[104.82537,15.778843],[104.825145,15.777955],[104.826491,15.778215],[104.827016,15.777577],[104.828097,15.777175],[104.82833,15.776228],[104.828881,15.776041],[104.829477,15.774622],[104.830028,15.773943],[104.830764,15.773623],[104.830692,15.772991],[104.833379,15.772195],[104.833525,15.771469],[104.834249,15.770732],[104.834059,15.770095],[104.834801,15.769634],[104.836415,15.767781],[104.836798,15.76763],[104.836917,15.767196],[104.836696,15.766883],[104.837172,15.766461],[104.83817,15.766241],[104.838426,15.765975],[104.839086,15.766281],[104.83937,15.765612],[104.840095,15.765321],[104.840043,15.76499],[104.840315,15.764756],[104.840605,15.764972],[104.841509,15.763885],[104.84082,15.763363],[104.84095,15.762978],[104.841581,15.763285],[104.841798,15.762914],[104.8427,15.762475],[104.843344,15.762511],[104.843764,15.761933],[104.844407,15.761619],[104.844189,15.760873],[104.844669,15.760868],[104.844785,15.76056],[104.844174,15.760125],[104.844726,15.759843],[104.844986,15.760056],[104.845268,15.75992],[104.845156,15.759],[104.845672,15.758514],[104.84611,15.758491],[104.846623,15.757697],[104.846423,15.757146],[104.84709,15.756496],[104.846747,15.754718],[104.847289,15.754134],[104.847972,15.753861],[104.848507,15.754128],[104.848783,15.753678],[104.856764,15.756309],[104.866917,15.758283],[104.86814,15.75899],[104.86881,15.758897],[104.868724,15.759493],[104.869188,15.758983],[104.869464,15.757706],[104.868741,15.753711],[104.868067,15.752771],[104.867326,15.752241],[104.867561,15.751671],[104.867996,15.747607],[104.866978,15.747717],[104.866978,15.746711],[104.865904,15.746828],[104.858377,15.740062],[104.85847,15.738021],[104.862313,15.733895],[104.844596,15.71278],[104.834276,15.697287],[104.82574,15.674789],[104.821513,15.675818],[104.818057,15.674355],[104.814461,15.676439]]]]},"bbox":[104.776379,15.674355,104.869464,15.786249]},{"type":"Feature","id":"6ee606a3-1669-4173-9c5c-6335773b0cd5","properties":{"id":"6ee606a3-1669-4173-9c5c-6335773b0cd5","code":"06370503","provinceCode":"37","nameTh":"องค์การบริหารส่วนตำบล นาเวียง","nameEn":null,"geometryType":"MUNICIPALITY","sourceUrl":"https://landometer.com/api/v2/citymeter-v3/grocery/info/geom/6ee606a3-1669-4173-9c5c-6335773b0cd5/MUNICIPALITY","sourceSha256":"b6d7e63ecf1bc7d4c29dd1d6b3f024f71c55088d3f5b6df0f6e5d43c92646f5a","retrievedAt":"2026-10-04T05:43:09.618388+00:00","boundaryVintage":null,"geometryStatus":"native_source_polygon_display_simplified","simplificationToleranceDegrees":0.00015,"simplificationPreservesTopology":true,"invalidSourceRepair":"make_valid; retain polygonal components; discard zero-area collapsed lines","legalBoundaryIndependentlyVerified":false,"areaId":"6ee606a3-1669-4173-9c5c-6335773b0cd5"},"geometry":{"type":"Polygon","coordinates":[[[104.60384,16.0019],[104.602287,16.001452],[104.601785,16.001523],[104.600935,16.001906],[104.599805,16.003038],[104.598145,16.002815],[104.596796,16.00431],[104.595333,16.004623],[104.594468,16.005355],[104.592613,16.005306],[104.592173,16.005641],[104.591499,16.007143],[104.590898,16.007655],[104.589593,16.00798],[104.587784,16.007589],[104.58755,16.008017],[104.588196,16.00944],[104.587989,16.010081],[104.586864,16.010328],[104.585236,16.009862],[104.584235,16.01047],[104.583051,16.010735],[104.581749,16.013315],[104.581625,16.015123],[104.580334,16.01519],[104.579349,16.016195],[104.578289,16.015895],[104.577334,16.014821],[104.575685,16.014983],[104.573278,16.013979],[104.572894,16.014354],[104.573443,16.015264],[104.573208,16.015855],[104.572168,16.015977],[104.570588,16.015483],[104.569905,16.014817],[104.569826,16.014426],[104.571221,16.013635],[104.571134,16.012505],[104.569544,16.012362],[104.568144,16.011549],[104.566804,16.012318],[104.565396,16.009878],[104.564749,16.009788],[104.563906,16.010126],[104.563584,16.009991],[104.563311,16.009169],[104.563902,16.006919],[104.563785,16.006466],[104.562805,16.00545],[104.561519,16.005406],[104.560766,16.004691],[104.559573,16.004661],[104.559508,16.004301],[104.560293,16.00353],[104.560316,16.003132],[104.559839,16.002751],[104.558722,16.00271],[104.558053,16.001513],[104.557624,16.001627],[104.556975,16.00239],[104.556089,16.00195],[104.554411,16.002888],[104.553945,16.002777],[104.5535,16.001861],[104.552263,16.001754],[104.551128,16.002997],[104.55002,16.003108],[104.549038,16.003818],[104.547955,16.00358],[104.547137,16.004323],[104.546378,16.003257],[104.545153,16.003462],[104.544725,16.003298],[104.544543,16.002561],[104.545069,16.001517],[104.545045,16.000948],[104.544541,16.000482],[104.542805,15.999677],[104.540559,16.000314],[104.539928,16.001114],[104.539021,16.001285],[104.53795,16.001922],[104.537246,16.001765],[104.536803,16.000469],[104.53628,16.000418],[104.535447,16.001568],[104.535413,16.002975],[104.533151,16.004215],[104.532807,16.005355],[104.532396,16.00544],[104.532161,16.005237],[104.53208,16.003907],[104.531371,16.003802],[104.531203,16.004296],[104.5299,16.004537],[104.530302,16.005499],[104.529197,16.006367],[104.528278,16.006743],[104.528411,16.007375],[104.52825,16.007773],[104.527052,16.008217],[104.525667,16.007603],[104.524439,16.00853],[104.524041,16.009323],[104.522502,16.010011],[104.52314,16.010627],[104.523416,16.011681],[104.524286,16.011422],[104.524288,16.012171],[104.524671,16.012499],[104.524464,16.013443],[104.525215,16.01388],[104.525258,16.014313],[104.524883,16.014689],[104.52415,16.014652],[104.523515,16.014965],[104.524095,16.015648],[104.524124,16.01637],[104.522615,16.016383],[104.521555,16.01739],[104.521279,16.017959],[104.51963,16.018987],[104.519571,16.01935],[104.520244,16.019886],[104.520126,16.020298],[104.518729,16.020224],[104.518336,16.020419],[104.518329,16.021224],[104.517644,16.022831],[104.517669,16.023933],[104.515739,16.024727],[104.515184,16.025645],[104.515792,16.026092],[104.515928,16.026844],[104.516217,16.027106],[104.517442,16.026885],[104.518062,16.027629],[104.51869,16.027909],[104.518938,16.029799],[104.520638,16.03043],[104.521422,16.031302],[104.521733,16.032313],[104.521979,16.032311],[104.522383,16.031685],[104.522995,16.031889],[104.523297,16.032499],[104.523213,16.033914],[104.523417,16.034358],[104.525416,16.034528],[104.526031,16.035892],[104.525922,16.036313],[104.525471,16.036393],[104.525499,16.036578],[104.52649,16.037227],[104.525683,16.037413],[104.525417,16.038026],[104.526272,16.037942],[104.526421,16.038876],[104.527165,16.03818],[104.527607,16.038077],[104.529406,16.038726],[104.5297,16.037619],[104.530086,16.037444],[104.530423,16.038204],[104.530996,16.038661],[104.53094,16.039476],[104.531716,16.04134],[104.531595,16.041757],[104.531063,16.041616],[104.530791,16.041811],[104.530918,16.042536],[104.531354,16.043106],[104.53182,16.043515],[104.532425,16.043379],[104.53468,16.043658],[104.53608,16.044074],[104.536595,16.044922],[104.536576,16.04571],[104.536146,16.046259],[104.535774,16.048054],[104.535281,16.048449],[104.536012,16.049416],[104.535396,16.049634],[104.535305,16.050464],[104.534657,16.05092],[104.533931,16.050773],[104.533544,16.051413],[104.535048,16.052739],[104.534781,16.052834],[104.534338,16.052468],[104.5339,16.052585],[104.533382,16.05321],[104.533378,16.05371],[104.533805,16.054415],[104.535279,16.054872],[104.535266,16.055588],[104.534721,16.056226],[104.533883,16.056443],[104.533836,16.056924],[104.534287,16.056722],[104.534463,16.057258],[104.534759,16.057178],[104.534783,16.057481],[104.535344,16.057489],[104.535225,16.057925],[104.536036,16.058647],[104.536888,16.058308],[104.537077,16.058542],[104.537661,16.058473],[104.538228,16.058796],[104.53829,16.059971],[104.538811,16.060457],[104.539765,16.062168],[104.540454,16.062726],[104.540375,16.063626],[104.54096,16.063856],[104.540821,16.064069],[104.541179,16.064702],[104.541676,16.065],[104.541568,16.065262],[104.541965,16.065376],[104.541591,16.065641],[104.541927,16.065742],[104.542018,16.066084],[104.540768,16.067312],[104.541076,16.067472],[104.541191,16.068047],[104.541782,16.068363],[104.541583,16.068955],[104.54225,16.069332],[104.542043,16.07019],[104.542603,16.070632],[104.54265,16.071256],[104.542932,16.071321],[104.543378,16.070888],[104.543794,16.071481],[104.544094,16.071103],[104.544555,16.072691],[104.54514,16.072401],[104.546017,16.073292],[104.547293,16.073297],[104.548054,16.073613],[104.547217,16.075029],[104.547247,16.075329],[104.548137,16.076065],[104.549701,16.076524],[104.549603,16.078313],[104.551723,16.079463],[104.552746,16.080972],[104.552553,16.081412],[104.552913,16.082323],[104.564844,16.077615],[104.571476,16.071142],[104.575811,16.069481],[104.584381,16.054604],[104.599386,16.047142],[104.605443,16.040041],[104.606774,16.038033],[104.607854,16.037215],[104.616459,16.032496],[104.617198,16.015856],[104.61013,16.007419],[104.605765,16.006331],[104.60384,16.0019]]]},"bbox":[104.515176,15.999672,104.617198,16.082323]},{"type":"Feature","id":"56d35680-0bf7-4cc1-8950-a3ab918441de","properties":{"id":"56d35680-0bf7-4cc1-8950-a3ab918441de","code":"06370504","provinceCode":"37","nameTh":"องค์การบริหารส่วนตำบล โพนทอง","nameEn":null,"geometryType":"MUNICIPALITY","sourceUrl":"https://landometer.com/api/v2/citymeter-v3/grocery/info/geom/56d35680-0bf7-4cc1-8950-a3ab918441de/MUNICIPALITY","sourceSha256":"468ae3876ebcbd25ba1e7503e7cb2dfa97843bcbaeab1cf97726b84c067c23d0","retrievedAt":"2026-10-04T05:43:09.617714+00:00","boundaryVintage":null,"geometryStatus":"native_source_polygon_display_simplified","simplificationToleranceDegrees":0.00015,"simplificationPreservesTopology":true,"invalidSourceRepair":"make_valid; retain polygonal components; discard zero-area collapsed lines","legalBoundaryIndependentlyVerified":false,"areaId":"56d35680-0bf7-4cc1-8950-a3ab918441de"},"geometry":{"type":"Polygon","coordinates":[[[104.724242,16.006034],[104.723661,16.006049],[104.723191,16.006503],[104.722386,16.006661],[104.722193,16.00741],[104.721617,16.007782],[104.720536,16.00787],[104.71955,16.007531],[104.718935,16.008343],[104.718394,16.008631],[104.717819,16.008484],[104.716475,16.008877],[104.715068,16.009893],[104.714902,16.010439],[104.713454,16.010247],[104.713039,16.011385],[104.712504,16.011771],[104.71285,16.012599],[104.712384,16.012979],[104.711515,16.012848],[104.711543,16.013748],[104.71062,16.0138],[104.710283,16.014718],[104.709731,16.015183],[104.713159,16.019104],[104.712116,16.021965],[104.713148,16.026764],[104.711042,16.028318],[104.711578,16.034975],[104.714562,16.037164],[104.714065,16.039374],[104.716061,16.042164],[104.715208,16.043761],[104.720001,16.048022],[104.72374,16.048805],[104.724984,16.050942],[104.723475,16.052748],[104.727621,16.059384],[104.742084,16.06337],[104.743985,16.070261],[104.748751,16.074918],[104.74726,16.082237],[104.734266,16.080518],[104.730216,16.07743],[104.729117,16.079317],[104.730543,16.082239],[104.74522,16.090376],[104.745685,16.099145],[104.739804,16.099519],[104.7358,16.102191],[104.735838,16.102379],[104.736965,16.102589],[104.737684,16.102018],[104.739228,16.102924],[104.739727,16.102782],[104.740259,16.103116],[104.740421,16.102878],[104.740544,16.103232],[104.740974,16.103392],[104.741284,16.102553],[104.741725,16.102824],[104.742302,16.10275],[104.742483,16.103397],[104.743021,16.102942],[104.743701,16.102845],[104.745173,16.1033],[104.745602,16.102864],[104.745907,16.103181],[104.746183,16.102861],[104.746606,16.103142],[104.746611,16.10277],[104.747113,16.103061],[104.747733,16.102803],[104.748163,16.103032],[104.748482,16.103658],[104.748705,16.103148],[104.748935,16.103417],[104.749503,16.103272],[104.750187,16.103625],[104.750761,16.102965],[104.750909,16.103399],[104.751542,16.103361],[104.751572,16.103715],[104.751923,16.103214],[104.752355,16.103404],[104.753192,16.102559],[104.754385,16.102235],[104.754386,16.103255],[104.754647,16.102934],[104.754862,16.103171],[104.755618,16.102794],[104.75605,16.102931],[104.756352,16.102762],[104.756605,16.10323],[104.757621,16.10269],[104.759491,16.103757],[104.760596,16.103628],[104.761227,16.104178],[104.76191,16.103982],[104.761975,16.103409],[104.763948,16.103508],[104.764326,16.10406],[104.765329,16.104369],[104.765696,16.103988],[104.766457,16.105209],[104.767711,16.104554],[104.76806,16.1046],[104.76833,16.105096],[104.768877,16.105404],[104.768988,16.105017],[104.76922,16.104989],[104.7696,16.10568],[104.769978,16.10587],[104.769922,16.106306],[104.770313,16.106215],[104.770527,16.106901],[104.7708,16.106961],[104.770657,16.107585],[104.771099,16.107607],[104.771239,16.107994],[104.771576,16.107474],[104.771697,16.107822],[104.772259,16.107823],[104.772256,16.108096],[104.772872,16.108477],[104.773693,16.108458],[104.773791,16.108787],[104.774138,16.108814],[104.773875,16.109093],[104.773856,16.109644],[104.774214,16.10965],[104.774461,16.110235],[104.774882,16.11022],[104.775279,16.109872],[104.77533,16.110234],[104.776014,16.110141],[104.776416,16.110376],[104.776354,16.110704],[104.776891,16.110831],[104.776921,16.111178],[104.775788,16.112459],[104.775904,16.11269],[104.776483,16.112506],[104.777867,16.112915],[104.778338,16.112766],[104.778695,16.113072],[104.780069,16.112474],[104.780569,16.113033],[104.780782,16.113997],[104.782214,16.113078],[104.783406,16.11316],[104.785317,16.109945],[104.787377,16.108505],[104.787167,16.107233],[104.787682,16.105577],[104.788378,16.104723],[104.78857,16.104027],[104.791232,16.102919],[104.79495,16.102328],[104.79591,16.101771],[104.796506,16.100917],[104.797549,16.100957],[104.800159,16.096854],[104.801765,16.095701],[104.802452,16.094839],[104.803259,16.094908],[104.803709,16.095603],[104.804221,16.095861],[104.806093,16.094654],[104.807317,16.094635],[104.807519,16.095121],[104.808525,16.095705],[104.809625,16.095533],[104.810384,16.095714],[104.810697,16.095493],[104.812441,16.096666],[104.812904,16.097999],[104.813342,16.098111],[104.813532,16.097334],[104.813921,16.097926],[104.8168,16.088154],[104.806723,16.078135],[104.806324,16.07413],[104.797825,16.068714],[104.794388,16.069295],[104.787833,16.066872],[104.784498,16.067737],[104.777943,16.062101],[104.774251,16.048681],[104.768184,16.039252],[104.754633,16.02322],[104.752849,16.016561],[104.745969,16.012346],[104.742227,16.005481],[104.738655,16.003208],[104.72993,16.002729],[104.724855,16.004964],[104.724771,16.005495],[104.724242,16.006034]]]},"bbox":[104.709731,16.002729,104.8168,16.113997]},{"type":"Feature","id":"5d4cae5d-33ac-4f06-8ce3-0d317929e1d9","properties":{"id":"5d4cae5d-33ac-4f06-8ce3-0d317929e1d9","code":"06370505","provinceCode":"37","nameTh":"องค์การบริหารส่วนตำบล หนองสามสี","nameEn":null,"geometryType":"MUNICIPALITY","sourceUrl":"https://landometer.com/api/v2/citymeter-v3/grocery/info/geom/5d4cae5d-33ac-4f06-8ce3-0d317929e1d9/MUNICIPALITY","sourceSha256":"fab5d6b0d863149ed8230cb198b78a38a0826ac9a9cf7d434e92ad4810b80375","retrievedAt":"2026-10-04T05:43:09.615381+00:00","boundaryVintage":null,"geometryStatus":"native_source_polygon_display_simplified","simplificationToleranceDegrees":0.00015,"simplificationPreservesTopology":true,"invalidSourceRepair":"make_valid; retain polygonal components; discard zero-area collapsed lines","legalBoundaryIndependentlyVerified":false,"areaId":"5d4cae5d-33ac-4f06-8ce3-0d317929e1d9"},"geometry":{"type":"Polygon","coordinates":[[[104.623819,16.035013],[104.623703,16.033274],[104.617772,16.031776],[104.607854,16.037215],[104.606774,16.038033],[104.605443,16.040041],[104.599386,16.047142],[104.584381,16.054604],[104.575811,16.069481],[104.571476,16.071142],[104.564844,16.077615],[104.552913,16.082323],[104.552553,16.081412],[104.552236,16.08186],[104.552252,16.082504],[104.552991,16.082884],[104.55251,16.083325],[104.552737,16.084001],[104.55345,16.084619],[104.55413,16.084737],[104.554973,16.086125],[104.556884,16.087275],[104.557869,16.088336],[104.558377,16.090005],[104.559047,16.090912],[104.559256,16.092781],[104.560098,16.095563],[104.561925,16.098563],[104.563412,16.099276],[104.565873,16.099671],[104.566952,16.100475],[104.567606,16.100669],[104.572098,16.100002],[104.577022,16.099946],[104.579277,16.100156],[104.585674,16.103246],[104.591815,16.10696],[104.59422,16.107184],[104.596593,16.106863],[104.598454,16.10717],[104.599836,16.107662],[104.601114,16.108488],[104.60116,16.108843],[104.60205,16.109895],[104.60202,16.110299],[104.602657,16.110726],[104.603229,16.110739],[104.604411,16.110151],[104.601788,16.104456],[104.601965,16.103398],[104.599625,16.098155],[104.601236,16.095093],[104.599472,16.092677],[104.599185,16.088169],[104.614756,16.079211],[104.614459,16.070913],[104.619118,16.063693],[104.634702,16.062028],[104.636853,16.040026],[104.623819,16.035013]]]},"bbox":[104.552236,16.031776,104.636853,16.110777]},{"type":"Feature","id":"4b65a5ff-0c02-4169-95f0-8c1de9595617","properties":{"id":"4b65a5ff-0c02-4169-95f0-8c1de9595617","code":"06370506","provinceCode":"37","nameTh":"องค์การบริหารส่วนตำบล หนองไฮ","nameEn":null,"geometryType":"MUNICIPALITY","sourceUrl":"https://landometer.com/api/v2/citymeter-v3/grocery/info/geom/4b65a5ff-0c02-4169-95f0-8c1de9595617/MUNICIPALITY","sourceSha256":"7052971d74af745c6f49247d18faa83422b0e9e903e5e1844fd88cf21f46a6ce","retrievedAt":"2026-10-04T05:43:09.656042+00:00","boundaryVintage":null,"geometryStatus":"native_source_polygon_display_simplified","simplificationToleranceDegrees":0.00015,"simplificationPreservesTopology":true,"invalidSourceRepair":"make_valid; retain polygonal components; discard zero-area collapsed lines","legalBoundaryIndependentlyVerified":false,"areaId":"4b65a5ff-0c02-4169-95f0-8c1de9595617"},"geometry":{"type":"Polygon","coordinates":[[[104.768234,15.981841],[104.767608,15.982651],[104.767641,15.983158],[104.76701,15.984054],[104.764778,15.985793],[104.764123,15.987781],[104.76332,15.988549],[104.762869,15.989373],[104.762709,15.990006],[104.763031,15.990545],[104.762912,15.991149],[104.761638,15.992093],[104.760195,15.993824],[104.757074,15.995094],[104.755809,15.997771],[104.755249,15.998488],[104.754604,15.998416],[104.754518,15.998947],[104.754023,15.999262],[104.753983,16.000187],[104.753388,16.000599],[104.753063,15.999679],[104.75344,15.999068],[104.753448,15.99855],[104.750088,15.999486],[104.74624,15.999373],[104.745688,15.997434],[104.742621,15.993228],[104.74073,15.991881],[104.738447,15.99083],[104.737779,15.99001],[104.736015,15.989906],[104.735768,15.99107],[104.734007,15.991582],[104.733343,15.992121],[104.730367,15.991759],[104.729961,15.992577],[104.730009,15.993062],[104.728856,15.993671],[104.728562,15.994056],[104.727875,15.99426],[104.726937,15.995044],[104.726555,15.995745],[104.726349,15.997623],[104.725736,15.999016],[104.725228,16.002516],[104.725564,16.003315],[104.724855,16.004964],[104.72993,16.002729],[104.738655,16.003208],[104.742227,16.005481],[104.745969,16.012346],[104.752849,16.016561],[104.754633,16.02322],[104.768184,16.039252],[104.774251,16.048681],[104.777943,16.062101],[104.784498,16.067737],[104.787833,16.066872],[104.794388,16.069295],[104.797825,16.068714],[104.806324,16.07413],[104.806723,16.078135],[104.8168,16.088154],[104.813921,16.097926],[104.813532,16.097334],[104.813342,16.098111],[104.813854,16.098679],[104.815057,16.098343],[104.816037,16.096859],[104.815856,16.095609],[104.816164,16.095017],[104.816737,16.094838],[104.817252,16.095813],[104.818501,16.095979],[104.818935,16.095891],[104.81901,16.095002],[104.821829,16.095318],[104.821896,16.095063],[104.821417,16.094793],[104.821244,16.094327],[104.821768,16.09425],[104.822222,16.093705],[104.822434,16.092421],[104.822742,16.092124],[104.824886,16.09221],[104.825652,16.092013],[104.825696,16.091572],[104.826635,16.090134],[104.826668,16.089413],[104.828095,16.088865],[104.828263,16.088261],[104.828047,16.08765],[104.828578,16.086722],[104.82961,16.086898],[104.830126,16.086681],[104.830447,16.086159],[104.831216,16.086064],[104.831916,16.085644],[104.832847,16.084803],[104.8331,16.083475],[104.833731,16.082793],[104.835377,16.083232],[104.836836,16.08317],[104.837156,16.082065],[104.836841,16.081261],[104.836993,16.080655],[104.83731,16.080551],[104.83741,16.081129],[104.83794,16.081411],[104.838005,16.080537],[104.838467,16.080539],[104.838878,16.079646],[104.839543,16.07963],[104.839567,16.076625],[104.839831,16.076201],[104.839449,16.075638],[104.838202,16.07549],[104.838067,16.075219],[104.837758,16.075821],[104.836373,16.075607],[104.835816,16.075143],[104.834811,16.075935],[104.834114,16.075739],[104.834119,16.076146],[104.832684,16.076332],[104.832431,16.076738],[104.832118,16.076246],[104.832022,16.076532],[104.831691,16.076596],[104.831421,16.076315],[104.831264,16.07652],[104.831402,16.076879],[104.831155,16.077127],[104.830627,16.076116],[104.83051,16.076518],[104.830126,16.076054],[104.829961,16.076428],[104.829251,16.076312],[104.829229,16.076014],[104.828849,16.075923],[104.828099,16.076331],[104.827896,16.076114],[104.827339,16.076128],[104.827216,16.075562],[104.826428,16.075311],[104.826243,16.075031],[104.825906,16.075278],[104.825581,16.074933],[104.825275,16.075282],[104.82515,16.074996],[104.82468,16.075103],[104.824839,16.0745],[104.824528,16.07426],[104.824146,16.074416],[104.824053,16.074089],[104.823779,16.074081],[104.823919,16.073712],[104.82358,16.073269],[104.823401,16.07345],[104.823647,16.07376],[104.823258,16.073641],[104.823109,16.073212],[104.823298,16.072853],[104.823058,16.072586],[104.822981,16.072829],[104.822274,16.072936],[104.822068,16.072559],[104.821497,16.072686],[104.821686,16.072123],[104.821009,16.072547],[104.821076,16.072257],[104.820414,16.072277],[104.820288,16.072004],[104.818837,16.071996],[104.817835,16.072318],[104.816127,16.071879],[104.816003,16.071106],[104.817098,16.069762],[104.816112,16.068478],[104.816481,16.06761],[104.816411,16.066776],[104.816708,16.066334],[104.816241,16.065577],[104.817311,16.064865],[104.817735,16.064146],[104.817194,16.062492],[104.817353,16.062025],[104.81627,16.061856],[104.816143,16.060963],[104.816357,16.060444],[104.815802,16.059832],[104.816302,16.058511],[104.817038,16.058282],[104.816771,16.057644],[104.816416,16.057643],[104.816967,16.057183],[104.816705,16.056893],[104.816735,16.056092],[104.816408,16.055883],[104.8168,16.055002],[104.81662,16.054661],[104.816075,16.054617],[104.8163,16.054095],[104.815578,16.054146],[104.815376,16.053934],[104.814707,16.054134],[104.814958,16.053615],[104.814493,16.052966],[104.813138,16.053595],[104.812589,16.053263],[104.813008,16.05193],[104.812503,16.050595],[104.812223,16.050661],[104.812054,16.050433],[104.812285,16.049766],[104.811494,16.049139],[104.810918,16.049387],[104.810792,16.049109],[104.810383,16.049262],[104.809556,16.048431],[104.807906,16.047793],[104.807467,16.048059],[104.80709,16.047753],[104.80729,16.047544],[104.806877,16.047291],[104.80676,16.04691],[104.806487,16.046986],[104.806147,16.046718],[104.80598,16.047094],[104.805041,16.046321],[104.804491,16.046215],[104.806076,16.042955],[104.808698,16.039194],[104.80788,16.035433],[104.806441,16.024912],[104.806363,16.017346],[104.806463,16.015217],[104.806968,16.013161],[104.808183,16.01166],[104.810038,16.010581],[104.81837,16.008626],[104.817572,16.008086],[104.817613,16.007378],[104.817184,16.007382],[104.817243,16.00655],[104.816219,16.006009],[104.816775,16.004755],[104.816453,16.00337],[104.815771,16.002155],[104.814311,16.001486],[104.814071,16.001084],[104.813509,16.000839],[104.813032,15.999049],[104.813374,15.996088],[104.813253,15.995946],[104.813038,15.99615],[104.812677,15.995826],[104.812893,15.994813],[104.812563,15.994673],[104.812313,15.993669],[104.81177,15.990183],[104.807541,15.980056],[104.806387,15.978805],[104.806404,15.976891],[104.807947,15.974505],[104.807987,15.97377],[104.807282,15.973191],[104.805706,15.972705],[104.805556,15.971845],[104.803766,15.972007],[104.802834,15.971308],[104.801555,15.971256],[104.798887,15.97056],[104.79804,15.969846],[104.797763,15.969305],[104.796539,15.969051],[104.796217,15.968413],[104.794199,15.967961],[104.79319,15.967153],[104.791687,15.967153],[104.791389,15.96677],[104.791226,15.967059],[104.790639,15.967012],[104.790339,15.966698],[104.789076,15.966295],[104.788713,15.966465],[104.788635,15.966215],[104.788231,15.966522],[104.787366,15.966514],[104.786338,15.966195],[104.786174,15.965728],[104.785799,15.965579],[104.785019,15.96609],[104.784028,15.965367],[104.783429,15.96564],[104.782749,15.965439],[104.779712,15.965809],[104.778465,15.966346],[104.776141,15.968394],[104.776166,15.969712],[104.777469,15.97247],[104.773715,15.975714],[104.770833,15.976928],[104.768155,15.979035],[104.767968,15.980537],[104.768234,15.981841]]]},"bbox":[104.724855,15.965367,104.839831,16.098679]},{"type":"Feature","id":"a5183652-349f-4c8f-9ccd-939a76986170","properties":{"id":"a5183652-349f-4c8f-9ccd-939a76986170","code":"06370507","provinceCode":"37","nameTh":"องค์การบริหารส่วนตำบล ไร่สีสุก","nameEn":null,"geometryType":"MUNICIPALITY","sourceUrl":"https://landometer.com/api/v2/citymeter-v3/grocery/info/geom/a5183652-349f-4c8f-9ccd-939a76986170/MUNICIPALITY","sourceSha256":"ded322c8c011994d79fd9190bccf192dc2be9e376353147db80fb4dcae908f7c","retrievedAt":"2026-10-04T05:43:09.655317+00:00","boundaryVintage":null,"geometryStatus":"native_source_polygon_display_simplified","simplificationToleranceDegrees":0.00015,"simplificationPreservesTopology":true,"invalidSourceRepair":"make_valid; retain polygonal components; discard zero-area collapsed lines","legalBoundaryIndependentlyVerified":false,"areaId":"a5183652-349f-4c8f-9ccd-939a76986170"},"geometry":{"type":"Polygon","coordinates":[[[104.636853,16.040026],[104.634702,16.062028],[104.619118,16.063693],[104.614459,16.070913],[104.614756,16.079211],[104.599185,16.088169],[104.599472,16.092677],[104.601236,16.095093],[104.599625,16.098155],[104.601965,16.103398],[104.601788,16.104456],[104.604441,16.109938],[104.604906,16.109813],[104.605302,16.109102],[104.605689,16.10991],[104.606075,16.109861],[104.606386,16.110234],[104.60584,16.110951],[104.605222,16.110632],[104.604855,16.111005],[104.604732,16.111366],[104.605285,16.112347],[104.607114,16.112887],[104.607013,16.11354],[104.608879,16.113602],[104.609672,16.11436],[104.610154,16.114312],[104.610345,16.114028],[104.610837,16.114304],[104.611097,16.113952],[104.611385,16.114109],[104.612432,16.11376],[104.612463,16.114507],[104.61284,16.114414],[104.613215,16.11516],[104.614047,16.115141],[104.614897,16.116305],[104.614896,16.11666],[104.615922,16.1173],[104.61665,16.118382],[104.618417,16.119077],[104.61858,16.119603],[104.619626,16.1201],[104.61989,16.120761],[104.621571,16.122016],[104.622467,16.123257],[104.624241,16.1231],[104.624789,16.123497],[104.625149,16.123485],[104.625012,16.122626],[104.62531,16.121978],[104.625881,16.121912],[104.627287,16.120411],[104.627995,16.120565],[104.628167,16.121063],[104.629077,16.121195],[104.629099,16.121542],[104.629584,16.121651],[104.630454,16.121029],[104.63142,16.120782],[104.631678,16.120897],[104.631699,16.121366],[104.632521,16.121476],[104.633134,16.120769],[104.633613,16.120713],[104.633659,16.121714],[104.634114,16.121981],[104.634092,16.122302],[104.634548,16.122473],[104.634697,16.12293],[104.635431,16.122863],[104.636785,16.121989],[104.636772,16.121491],[104.637204,16.121325],[104.637193,16.121885],[104.637681,16.122236],[104.638423,16.121836],[104.638896,16.122888],[104.639507,16.122451],[104.641323,16.12265],[104.643243,16.122399],[104.643674,16.122879],[104.644852,16.122855],[104.645044,16.123269],[104.645986,16.123011],[104.646825,16.122205],[104.650738,16.121054],[104.651694,16.120473],[104.652516,16.121412],[104.653202,16.121596],[104.655389,16.120076],[104.659246,16.122835],[104.660975,16.123409],[104.661485,16.122721],[104.662013,16.123357],[104.662991,16.122968],[104.663307,16.122592],[104.663943,16.122866],[104.664484,16.122348],[104.664099,16.122013],[104.664065,16.121303],[104.664888,16.121387],[104.665459,16.121174],[104.665518,16.120791],[104.66587,16.120725],[104.665785,16.120155],[104.666312,16.11967],[104.667535,16.11996],[104.667504,16.119462],[104.667939,16.119526],[104.668018,16.119107],[104.668409,16.11917],[104.668681,16.118374],[104.669332,16.11805],[104.669655,16.11811],[104.66994,16.118552],[104.670419,16.118344],[104.671046,16.118739],[104.672931,16.118066],[104.67371,16.118284],[104.674171,16.118105],[104.674708,16.118535],[104.675167,16.11858],[104.67519,16.118948],[104.675647,16.119024],[104.675806,16.119488],[104.676535,16.119257],[104.676933,16.119977],[104.677603,16.120022],[104.677786,16.120418],[104.678915,16.120342],[104.67959,16.119686],[104.680391,16.119333],[104.680931,16.118438],[104.679562,16.119125],[104.676701,16.109828],[104.676679,16.095201],[104.667271,16.083443],[104.670153,16.080917],[104.670038,16.077671],[104.665989,16.073433],[104.656458,16.073128],[104.657286,16.068319],[104.654697,16.063234],[104.647791,16.058779],[104.646102,16.05354],[104.636853,16.040026]]]},"bbox":[104.599185,16.040026,104.680931,16.123524]},{"type":"Feature","id":"ffc7520d-3a6e-491c-b166-3c5ab382ba35","properties":{"id":"ffc7520d-3a6e-491c-b166-3c5ab382ba35","code":"06370603","provinceCode":"37","nameTh":"องค์การบริหารส่วนตำบล คำพระ","nameEn":null,"geometryType":"MUNICIPALITY","sourceUrl":"https://landometer.com/api/v2/citymeter-v3/grocery/info/geom/ffc7520d-3a6e-491c-b166-3c5ab382ba35/MUNICIPALITY","sourceSha256":"f0db3a66de44804bcf86341f5f0ece4a4f969e41a17bc96e0ddadb911107cf94","retrievedAt":"2026-10-04T05:43:09.666165+00:00","boundaryVintage":null,"geometryStatus":"native_source_polygon_display_simplified","simplificationToleranceDegrees":0.00015,"simplificationPreservesTopology":true,"invalidSourceRepair":"make_valid; retain polygonal components; discard zero-area collapsed lines","legalBoundaryIndependentlyVerified":false,"areaId":"ffc7520d-3a6e-491c-b166-3c5ab382ba35"},"geometry":{"type":"Polygon","coordinates":[[[104.532542,15.772446],[104.550505,15.766988],[104.539174,15.745382],[104.529465,15.74705],[104.527547,15.740655],[104.529178,15.738176],[104.506836,15.756456],[104.490038,15.755722],[104.472914,15.749268],[104.448842,15.736241],[104.438693,15.734226],[104.429834,15.734453],[104.429631,15.734969],[104.430516,15.7355],[104.430445,15.736596],[104.431208,15.73727],[104.431466,15.737838],[104.431238,15.738478],[104.430876,15.73867],[104.430347,15.73857],[104.429914,15.737549],[104.429431,15.737401],[104.429155,15.737976],[104.42944,15.739452],[104.428736,15.739592],[104.428145,15.738865],[104.426718,15.739106],[104.425747,15.739677],[104.424865,15.741234],[104.424458,15.741504],[104.424034,15.741249],[104.424035,15.739996],[104.423364,15.739934],[104.422642,15.741239],[104.422029,15.741551],[104.421562,15.742179],[104.421606,15.742646],[104.422432,15.743729],[104.421862,15.745038],[104.421098,15.745873],[104.419713,15.745214],[104.419084,15.745377],[104.418906,15.745744],[104.419309,15.746448],[104.418911,15.748362],[104.419036,15.748863],[104.419647,15.748969],[104.419707,15.748317],[104.419944,15.748184],[104.420549,15.748501],[104.422121,15.74871],[104.423364,15.750705],[104.423509,15.751476],[104.424617,15.751738],[104.425582,15.752931],[104.426173,15.752795],[104.426791,15.751461],[104.428566,15.750846],[104.428755,15.750267],[104.429946,15.749624],[104.431003,15.749817],[104.432271,15.75116],[104.4334,15.751257],[104.43432,15.752358],[104.433823,15.753676],[104.433947,15.755272],[104.432874,15.757821],[104.432652,15.758128],[104.43115,15.758717],[104.43037,15.760154],[104.430507,15.760806],[104.431397,15.761764],[104.431533,15.762662],[104.432433,15.763878],[104.432466,15.764332],[104.430264,15.76593],[104.430022,15.766591],[104.428853,15.76642],[104.428606,15.766639],[104.429142,15.767267],[104.429128,15.767904],[104.430737,15.768671],[104.430316,15.769105],[104.429551,15.769127],[104.429167,15.76939],[104.429671,15.770278],[104.429591,15.771395],[104.429146,15.771538],[104.428253,15.770972],[104.427178,15.771017],[104.426498,15.770724],[104.425992,15.771568],[104.426169,15.772041],[104.427075,15.772641],[104.427577,15.77279],[104.428188,15.772592],[104.428553,15.772925],[104.428634,15.773708],[104.428219,15.774859],[104.42831,15.77525],[104.429382,15.776338],[104.42927,15.777918],[104.430492,15.778795],[104.432799,15.778873],[104.433482,15.779258],[104.435136,15.778505],[104.435873,15.77893],[104.437449,15.780499],[104.439048,15.77989],[104.440456,15.781216],[104.441451,15.781661],[104.441794,15.783598],[104.445898,15.784788],[104.44675,15.784738],[104.446922,15.784216],[104.447464,15.78376],[104.447961,15.78384],[104.448246,15.784378],[104.449405,15.78467],[104.450069,15.784165],[104.450944,15.783955],[104.451266,15.78412],[104.451704,15.783718],[104.453032,15.783529],[104.453876,15.784062],[104.455396,15.783827],[104.455924,15.784672],[104.456417,15.784317],[104.457197,15.784535],[104.457499,15.784855],[104.458582,15.784618],[104.458774,15.784819],[104.458565,15.785463],[104.458805,15.785451],[104.458815,15.785091],[104.459181,15.785281],[104.459553,15.785037],[104.459748,15.785765],[104.460047,15.78544],[104.460047,15.785031],[104.460507,15.784964],[104.460154,15.784571],[104.460259,15.784285],[104.460656,15.784359],[104.460814,15.78482],[104.461408,15.784687],[104.461373,15.785263],[104.461578,15.785416],[104.462772,15.784088],[104.463039,15.784221],[104.463042,15.784755],[104.463352,15.784459],[104.464316,15.785031],[104.464038,15.785486],[104.465527,15.786624],[104.466302,15.786568],[104.466854,15.787076],[104.467268,15.786368],[104.468246,15.785814],[104.469093,15.785727],[104.469486,15.785348],[104.470269,15.785651],[104.47101,15.785382],[104.471208,15.785045],[104.470828,15.784459],[104.471012,15.784201],[104.471867,15.78458],[104.472563,15.784192],[104.473951,15.784145],[104.474175,15.784429],[104.474035,15.785222],[104.474696,15.785255],[104.475249,15.786262],[104.476054,15.785277],[104.476479,15.786081],[104.476816,15.786091],[104.477001,15.78586],[104.476808,15.785162],[104.477654,15.785085],[104.47765,15.7845],[104.478038,15.784286],[104.478579,15.784417],[104.479353,15.78518],[104.480722,15.784708],[104.480998,15.78407],[104.480473,15.783597],[104.481677,15.782718],[104.482891,15.782781],[104.483302,15.783246],[104.484107,15.783598],[104.484544,15.783519],[104.484552,15.782924],[104.485797,15.782851],[104.486171,15.782617],[104.486695,15.78296],[104.486402,15.783536],[104.486769,15.783737],[104.48866,15.783053],[104.489302,15.782508],[104.489272,15.782135],[104.489682,15.782243],[104.489777,15.781914],[104.490429,15.782176],[104.491543,15.781414],[104.491643,15.780913],[104.493807,15.781672],[104.495187,15.780579],[104.496012,15.780378],[104.496416,15.780804],[104.496163,15.781619],[104.497943,15.781705],[104.498805,15.782183],[104.49887,15.781603],[104.49914,15.781382],[104.499936,15.782153],[104.499678,15.782793],[104.500606,15.782734],[104.501622,15.781222],[104.502324,15.781439],[104.502375,15.780438],[104.503867,15.779699],[104.504478,15.779841],[104.504577,15.778069],[104.505264,15.778517],[104.505866,15.77817],[104.507162,15.778189],[104.507387,15.777861],[104.507806,15.777981],[104.508304,15.777512],[104.508781,15.777746],[104.509134,15.777279],[104.509573,15.777234],[104.509676,15.77691],[104.510212,15.777083],[104.510564,15.776737],[104.511213,15.776681],[104.511724,15.777135],[104.512353,15.776867],[104.513129,15.777052],[104.513911,15.776712],[104.516952,15.776317],[104.519293,15.775414],[104.520698,15.775571],[104.523474,15.776474],[104.524331,15.776407],[104.528921,15.774466],[104.532542,15.772446]]]},"bbox":[104.418895,15.734226,104.550505,15.787076]},{"type":"Feature","id":"eec1864d-38a9-4190-8abd-dcc56c246b63","properties":{"id":"eec1864d-38a9-4190-8abd-dcc56c246b63","code":"06370605","provinceCode":"37","nameTh":"องค์การบริหารส่วนตำบล โพนเมืองน้อย","nameEn":null,"geometryType":"MUNICIPALITY","sourceUrl":"https://landometer.com/api/v2/citymeter-v3/grocery/info/geom/eec1864d-38a9-4190-8abd-dcc56c246b63/MUNICIPALITY","sourceSha256":"f63da4ce925c8fe8c27a40cf687fa8d44ec45ffe98de7bd535ccee9ec22b8629","retrievedAt":"2026-10-04T05:43:09.671062+00:00","boundaryVintage":null,"geometryStatus":"native_source_polygon_display_simplified","simplificationToleranceDegrees":0.00015,"simplificationPreservesTopology":true,"invalidSourceRepair":"make_valid; retain polygonal components; discard zero-area collapsed lines","legalBoundaryIndependentlyVerified":false,"areaId":"eec1864d-38a9-4190-8abd-dcc56c246b63"},"geometry":{"type":"Polygon","coordinates":[[[104.614563,15.629878],[104.615355,15.628814],[104.615365,15.628181],[104.615983,15.627512],[104.61601,15.62642],[104.616337,15.626166],[104.61652,15.624729],[104.61629,15.624046],[104.615184,15.623592],[104.614946,15.622971],[104.614309,15.622355],[104.613913,15.620296],[104.611819,15.618752],[104.609547,15.615869],[104.60806,15.615283],[104.606654,15.614239],[104.60475,15.614087],[104.603383,15.612495],[104.601663,15.612465],[104.599481,15.611728],[104.596239,15.612143],[104.594387,15.611893],[104.591434,15.609794],[104.591569,15.609904],[104.570776,15.616349],[104.558778,15.623595],[104.550781,15.621922],[104.539505,15.622989],[104.544052,15.635179],[104.539457,15.643456],[104.537764,15.657055],[104.535021,15.659348],[104.533691,15.66393],[104.534592,15.667611],[104.52843,15.678517],[104.541466,15.680679],[104.613226,15.684013],[104.611375,15.683314],[104.610423,15.682258],[104.607379,15.680033],[104.602543,15.673176],[104.602128,15.671957],[104.602821,15.670285],[104.60408,15.668391],[104.607305,15.665419],[104.610192,15.663733],[104.612173,15.662993],[104.618182,15.662704],[104.621151,15.663812],[104.624636,15.664484],[104.629105,15.662793],[104.630285,15.66131],[104.631516,15.658972],[104.631981,15.65865],[104.632252,15.657797],[104.633239,15.656736],[104.633546,15.655861],[104.63386,15.655831],[104.634011,15.655059],[104.634723,15.6538],[104.634338,15.653664],[104.63467,15.653238],[104.634387,15.652742],[104.634655,15.652391],[104.634431,15.651975],[104.635502,15.651205],[104.635886,15.649833],[104.637167,15.647914],[104.637434,15.646959],[104.63605,15.646769],[104.636053,15.646269],[104.635162,15.645742],[104.634214,15.64619],[104.634086,15.645829],[104.63259,15.644979],[104.632322,15.644229],[104.631696,15.644209],[104.630487,15.643511],[104.630267,15.643741],[104.630645,15.644156],[104.629964,15.644291],[104.62974,15.644124],[104.628758,15.644478],[104.627751,15.645732],[104.626903,15.644408],[104.626462,15.644563],[104.626015,15.645336],[104.625591,15.645267],[104.625483,15.644623],[104.624501,15.643892],[104.624214,15.642639],[104.622548,15.641852],[104.621392,15.642189],[104.621378,15.642805],[104.621864,15.643018],[104.621536,15.643229],[104.619801,15.642254],[104.617992,15.641814],[104.617427,15.641961],[104.616745,15.641628],[104.616328,15.640983],[104.615206,15.64044],[104.615072,15.639869],[104.614461,15.639747],[104.613995,15.638969],[104.61392,15.637773],[104.613471,15.636682],[104.614027,15.636294],[104.613012,15.634744],[104.61192,15.634106],[104.612279,15.633618],[104.611726,15.632922],[104.612088,15.632343],[104.612159,15.63142],[104.610765,15.62978],[104.610946,15.629549],[104.611963,15.629344],[104.612593,15.629702],[104.613222,15.629156],[104.613972,15.629498],[104.614155,15.629975],[104.614563,15.629878]]]},"bbox":[104.52843,15.609794,104.637434,15.684013]},{"type":"Feature","id":"3bfc8141-f021-4d88-bd52-dc2b72aa14b6","properties":{"id":"3bfc8141-f021-4d88-bd52-dc2b72aa14b6","code":"06370606","provinceCode":"37","nameTh":"องค์การบริหารส่วนตำบล สร้างถ่อน้อย","nameEn":null,"geometryType":"MUNICIPALITY","sourceUrl":"https://landometer.com/api/v2/citymeter-v3/grocery/info/geom/3bfc8141-f021-4d88-bd52-dc2b72aa14b6/MUNICIPALITY","sourceSha256":"85784f39fee5e9f66b3a27cc4272f29eb0bb7a2c885bb731ba34865414b289dc","retrievedAt":"2026-10-04T05:43:09.715670+00:00","boundaryVintage":null,"geometryStatus":"native_source_polygon_display_simplified","simplificationToleranceDegrees":0.00015,"simplificationPreservesTopology":true,"invalidSourceRepair":"make_valid; retain polygonal components; discard zero-area collapsed lines","legalBoundaryIndependentlyVerified":false,"areaId":"3bfc8141-f021-4d88-bd52-dc2b72aa14b6"},"geometry":{"type":"Polygon","coordinates":[[[104.497019,15.589711],[104.494351,15.589934],[104.493465,15.588945],[104.4929,15.587835],[104.493037,15.58596],[104.492663,15.585738],[104.492244,15.585859],[104.491089,15.587393],[104.491066,15.589258],[104.490137,15.593519],[104.489324,15.594402],[104.488326,15.594528],[104.486622,15.592656],[104.483723,15.591977],[104.481157,15.590968],[104.481022,15.590237],[104.481493,15.588739],[104.482066,15.588559],[104.483994,15.588906],[104.484689,15.58838],[104.484744,15.587554],[104.484372,15.586426],[104.4834,15.585577],[104.480729,15.585441],[104.479932,15.586414],[104.479033,15.586947],[104.476607,15.5872],[104.476278,15.587603],[104.476208,15.589004],[104.475818,15.589306],[104.475389,15.589136],[104.474542,15.587551],[104.472939,15.586714],[104.472509,15.586879],[104.471933,15.588271],[104.471363,15.588735],[104.469134,15.588994],[104.467571,15.587909],[104.466081,15.58747],[104.464906,15.587723],[104.464207,15.588411],[104.463083,15.58859],[104.462399,15.589076],[104.462176,15.589601],[104.46224,15.591423],[104.460747,15.59198],[104.459603,15.592968],[104.458131,15.595704],[104.457544,15.596321],[104.457672,15.596645],[104.457957,15.596689],[104.459193,15.595841],[104.460973,15.59581],[104.462388,15.596886],[104.463129,15.596681],[104.463806,15.596833],[104.466942,15.600557],[104.467332,15.601482],[104.467137,15.604388],[104.466625,15.605752],[104.465947,15.605998],[104.464277,15.605596],[104.461905,15.606637],[104.46185,15.608399],[104.460715,15.61038],[104.460815,15.611198],[104.461113,15.611612],[104.463517,15.612344],[104.465581,15.614172],[104.466444,15.616769],[104.466177,15.618658],[104.466708,15.620802],[104.466684,15.62198],[104.4658,15.625288],[104.464929,15.626393],[104.46475,15.627766],[104.464355,15.628285],[104.462267,15.628458],[104.461174,15.628135],[104.458662,15.624826],[104.454721,15.622624],[104.452617,15.622217],[104.450749,15.620051],[104.450011,15.617791],[104.44906,15.61782],[104.44791,15.620081],[104.445295,15.621673],[104.444598,15.621571],[104.44348,15.62096],[104.441977,15.619369],[104.440351,15.618162],[104.439756,15.618189],[104.439455,15.618779],[104.439504,15.619808],[104.440109,15.621159],[104.441968,15.622033],[104.441824,15.623014],[104.442659,15.624859],[104.442284,15.626766],[104.443093,15.628059],[104.442857,15.629991],[104.443288,15.631307],[104.443938,15.632183],[104.445218,15.633176],[104.446761,15.633616],[104.446936,15.634101],[104.446588,15.635484],[104.447704,15.636607],[104.447234,15.637184],[104.445576,15.636881],[104.445108,15.637048],[104.445155,15.637504],[104.446258,15.638338],[104.446277,15.638759],[104.44586,15.639292],[104.444519,15.639537],[104.443706,15.638977],[104.44292,15.639073],[104.442624,15.639287],[104.442744,15.640274],[104.442408,15.641237],[104.441941,15.641283],[104.441,15.640646],[104.440203,15.640672],[104.439232,15.64112],[104.438782,15.641856],[104.439127,15.643367],[104.44053,15.644062],[104.441637,15.644028],[104.441982,15.644736],[104.441801,15.645225],[104.440789,15.646055],[104.439786,15.647419],[104.437791,15.648618],[104.437682,15.649409],[104.438371,15.650725],[104.439166,15.651344],[104.440149,15.651039],[104.440298,15.650653],[104.439884,15.650027],[104.43995,15.649428],[104.441027,15.647864],[104.441588,15.647721],[104.441817,15.648054],[104.441769,15.648928],[104.442033,15.649274],[104.443529,15.64942],[104.444348,15.649993],[104.444296,15.650562],[104.443175,15.651858],[104.443179,15.652479],[104.443792,15.65292],[104.445345,15.653158],[104.445894,15.65365],[104.446043,15.654273],[104.445888,15.657164],[104.445188,15.658538],[104.445628,15.659639],[104.445701,15.660849],[104.445464,15.661426],[104.44488,15.661796],[104.442227,15.662157],[104.441412,15.663124],[104.441509,15.66453],[104.440733,15.666333],[104.440209,15.666393],[104.439808,15.665826],[104.439364,15.665704],[104.438088,15.666101],[104.436802,15.665991],[104.436199,15.666261],[104.435789,15.666817],[104.435825,15.667758],[104.436522,15.668529],[104.439551,15.669154],[104.441417,15.670119],[104.441978,15.669688],[104.442522,15.670386],[104.443785,15.669874],[104.445199,15.670014],[104.445445,15.670236],[104.445418,15.670831],[104.44459,15.671629],[104.444382,15.672226],[104.445052,15.674145],[104.443878,15.674663],[104.443933,15.676098],[104.443514,15.676385],[104.443098,15.67628],[104.442607,15.674704],[104.442379,15.674448],[104.442092,15.674516],[104.441718,15.675504],[104.439307,15.676464],[104.439373,15.676913],[104.440012,15.67767],[104.43982,15.678685],[104.441777,15.679961],[104.44142,15.680745],[104.441614,15.68126],[104.442864,15.681667],[104.443745,15.682283],[104.444022,15.684289],[104.44554,15.683775],[104.451941,15.688703],[104.454163,15.684349],[104.459779,15.681905],[104.464874,15.686309],[104.466775,15.685571],[104.47178,15.688452],[104.481549,15.690234],[104.481333,15.697454],[104.484292,15.700473],[104.484783,15.700122],[104.482894,15.696642],[104.484004,15.693602],[104.486451,15.692081],[104.494337,15.691642],[104.49852,15.686787],[104.503486,15.684378],[104.509782,15.684742],[104.513818,15.686941],[104.523049,15.685422],[104.52843,15.678517],[104.534592,15.667611],[104.533691,15.66393],[104.535021,15.659348],[104.537764,15.657055],[104.539457,15.643456],[104.544052,15.635179],[104.539505,15.622989],[104.536947,15.622182],[104.525423,15.616044],[104.52148,15.609968],[104.501201,15.594192],[104.499109,15.589244],[104.497019,15.589711]]]},"bbox":[104.43573,15.585403,104.544052,15.700473]},{"type":"Feature","id":"83959be0-0dc8-44a3-bedb-5eba81217804","properties":{"id":"83959be0-0dc8-44a3-bedb-5eba81217804","code":"06370607","provinceCode":"37","nameTh":"องค์การบริหารส่วนตำบล หนองแก้ว","nameEn":null,"geometryType":"MUNICIPALITY","sourceUrl":"https://landometer.com/api/v2/citymeter-v3/grocery/info/geom/83959be0-0dc8-44a3-bedb-5eba81217804/MUNICIPALITY","sourceSha256":"8f420d23a4661558c2fbcd2e91d63e1bb0bf51897ce8b91f82a63e45beef8cf4","retrievedAt":"2026-10-04T05:43:09.700016+00:00","boundaryVintage":null,"geometryStatus":"native_source_polygon_display_simplified","simplificationToleranceDegrees":0.00015,"simplificationPreservesTopology":true,"invalidSourceRepair":"make_valid; retain polygonal components; discard zero-area collapsed lines","legalBoundaryIndependentlyVerified":false,"areaId":"83959be0-0dc8-44a3-bedb-5eba81217804"},"geometry":{"type":"Polygon","coordinates":[[[104.509782,15.684742],[104.517773,15.705527],[104.519476,15.704699],[104.520291,15.715412],[104.529316,15.714329],[104.553122,15.707281],[104.556471,15.708536],[104.5671,15.706579],[104.595142,15.707975],[104.594702,15.707001],[104.595333,15.706605],[104.595274,15.70599],[104.595756,15.705611],[104.59505,15.705342],[104.594607,15.704504],[104.595204,15.704001],[104.595818,15.704295],[104.596215,15.703904],[104.596713,15.703898],[104.597068,15.704079],[104.597273,15.704663],[104.597776,15.704777],[104.59854,15.704262],[104.598949,15.703561],[104.597153,15.701316],[104.597982,15.700402],[104.598644,15.700417],[104.599122,15.69984],[104.599835,15.699933],[104.599694,15.699096],[104.600527,15.698577],[104.601197,15.698559],[104.602394,15.697268],[104.602731,15.697347],[104.603366,15.698174],[104.604075,15.697967],[104.604751,15.698272],[104.605282,15.698104],[104.605663,15.697582],[104.606148,15.698141],[104.606393,15.698127],[104.606888,15.696921],[104.60808,15.696022],[104.607886,15.695452],[104.608049,15.695152],[104.609508,15.695252],[104.609484,15.694467],[104.610592,15.693886],[104.611719,15.69379],[104.612019,15.694448],[104.612567,15.69446],[104.612728,15.693292],[104.613226,15.693104],[104.612907,15.692415],[104.613064,15.691874],[104.613798,15.691985],[104.613906,15.69231],[104.614969,15.692162],[104.615459,15.692384],[104.615892,15.691688],[104.615583,15.691206],[104.61661,15.690347],[104.617091,15.690807],[104.617444,15.689421],[104.617766,15.689437],[104.618459,15.690267],[104.618688,15.68907],[104.619932,15.688532],[104.620069,15.688221],[104.619708,15.687366],[104.620067,15.687008],[104.61916,15.686195],[104.613226,15.684013],[104.541466,15.680679],[104.52843,15.678517],[104.523049,15.685422],[104.513818,15.686941],[104.509782,15.684742]]]},"bbox":[104.509782,15.678517,104.620069,15.715412]},{"type":"Feature","id":"c45ea2b3-274a-4378-bb8c-fdf1b9103ea1","properties":{"id":"c45ea2b3-274a-4378-bb8c-fdf1b9103ea1","code":"06370608","provinceCode":"37","nameTh":"องค์การบริหารส่วนตำบล จิกดู่","nameEn":null,"geometryType":"MUNICIPALITY","sourceUrl":"https://landometer.com/api/v2/citymeter-v3/grocery/info/geom/c45ea2b3-274a-4378-bb8c-fdf1b9103ea1/MUNICIPALITY","sourceSha256":"7d3a4ad8a295270e664b0b78f184d79bea179f4e7ebc0f43b77c4bcee7361245","retrievedAt":"2026-10-04T05:43:09.694205+00:00","boundaryVintage":null,"geometryStatus":"native_source_polygon_display_simplified","simplificationToleranceDegrees":0.00015,"simplificationPreservesTopology":true,"invalidSourceRepair":"make_valid; retain polygonal components; discard zero-area collapsed lines","legalBoundaryIndependentlyVerified":false,"areaId":"c45ea2b3-274a-4378-bb8c-fdf1b9103ea1"},"geometry":{"type":"MultiPolygon","coordinates":[[[[104.564886,15.556735],[104.556318,15.556897],[104.552893,15.555314],[104.552581,15.55478],[104.551886,15.551424],[104.54946,15.547666],[104.548263,15.543344],[104.547004,15.542336],[104.54632,15.542226],[104.542439,15.544345],[104.538757,15.549434],[104.535946,15.552092],[104.534663,15.552412],[104.532987,15.552304],[104.528988,15.550763],[104.527607,15.550757],[104.52713,15.551529],[104.526584,15.553767],[104.525753,15.554726],[104.525485,15.555456],[104.525792,15.556389],[104.52673,15.557585],[104.526382,15.558185],[104.521805,15.558233],[104.519977,15.559365],[104.517964,15.559938],[104.516073,15.561463],[104.514191,15.562047],[104.513574,15.561846],[104.512613,15.559721],[104.511555,15.559597],[104.51081,15.559862],[104.510134,15.560704],[104.510037,15.561519],[104.512495,15.564743],[104.509713,15.568267],[104.509836,15.569065],[104.510932,15.570232],[104.511048,15.570973],[104.50932,15.5731],[104.508567,15.574944],[104.506586,15.578045],[104.505734,15.58181],[104.505635,15.583419],[104.50595,15.586349],[104.505308,15.586937],[104.500672,15.588848],[104.49910911443787,15.589244270668523],[104.501201,15.594192],[104.52148,15.609968],[104.525423,15.616044],[104.536947,15.622182],[104.539249,15.623013],[104.550781,15.621922],[104.558778,15.623595],[104.570776,15.616349],[104.591569,15.609904],[104.592059,15.610303],[104.591434,15.609794],[104.59113,15.609569],[104.589879,15.608948],[104.583188,15.606996],[104.580207,15.605186],[104.578752,15.602581],[104.578235,15.599848],[104.578096,15.596917],[104.578916,15.594567],[104.580617,15.592362],[104.583968,15.589695],[104.584301,15.588986],[104.58486,15.58557],[104.585679,15.582418],[104.585604,15.577878],[104.585864,15.572756],[104.586312,15.569574],[104.585912,15.566693],[104.585243,15.5659],[104.580801,15.564728],[104.579669,15.564774],[104.579488,15.565139],[104.578029,15.564606],[104.57791,15.564918],[104.575807,15.564915],[104.57555,15.564272],[104.574917,15.563914],[104.574682,15.563187],[104.573099,15.562743],[104.571431,15.561585],[104.571416,15.561167],[104.567787,15.558229],[104.566113,15.556379],[104.564886,15.556735]]],[[[104.497217,15.589668],[104.49910911443787,15.589244270668523],[104.499109,15.589244],[104.497217,15.589668]]]]},"bbox":[104.497217,15.542223,104.592059,15.623595]},{"type":"Feature","id":"0b0cab39-4f8d-48d5-9303-7e0e8bea0118","properties":{"id":"0b0cab39-4f8d-48d5-9303-7e0e8bea0118","code":"06370706","provinceCode":"37","nameTh":"องค์การบริหารส่วนตำบล ดงบัง","nameEn":null,"geometryType":"MUNICIPALITY","sourceUrl":"https://landometer.com/api/v2/citymeter-v3/grocery/info/geom/0b0cab39-4f8d-48d5-9303-7e0e8bea0118/MUNICIPALITY","sourceSha256":"9267beba7f257ece5ac606efb622a536107b3662bd910cb7feaff773dfeb2769","retrievedAt":"2026-10-04T05:43:09.713289+00:00","boundaryVintage":null,"geometryStatus":"native_source_polygon_display_simplified","simplificationToleranceDegrees":0.00015,"simplificationPreservesTopology":true,"invalidSourceRepair":"make_valid; retain polygonal components; discard zero-area collapsed lines","legalBoundaryIndependentlyVerified":false,"areaId":"0b0cab39-4f8d-48d5-9303-7e0e8bea0118"},"geometry":{"type":"MultiPolygon","coordinates":[[[[104.733433,15.654695],[104.73342038081388,15.654738821420302],[104.733421,15.654738],[104.733433,15.654695]]],[[[104.73322244262306,15.655597491803626],[104.733229,15.655617],[104.733198,15.655523],[104.73322244262306,15.655597491803626]]],[[[104.764815,15.689325],[104.763159,15.687183],[104.763965,15.684857],[104.758358,15.685753],[104.756677,15.684956],[104.754262,15.671959],[104.74469,15.664823],[104.747206,15.660147],[104.7445,15.652277],[104.744078,15.6525],[104.743797,15.651625],[104.743293,15.652594],[104.742316,15.652496],[104.741631,15.65192],[104.741032,15.652137],[104.740873,15.654437],[104.741313,15.655354],[104.740753,15.656434],[104.741964,15.657081],[104.742492,15.657756],[104.742237,15.658129],[104.741084,15.658315],[104.740409,15.658801],[104.739922,15.658547],[104.740128,15.657885],[104.73984,15.656805],[104.738219,15.656684],[104.736437,15.655702],[104.733696,15.656131],[104.733345,15.655884],[104.733302,15.655809],[104.73324,15.655651],[104.733189,15.655498],[104.73342038081388,15.654738821420302],[104.731888,15.65646],[104.731647,15.660453],[104.729075,15.662624],[104.729133,15.666419],[104.727257,15.668603],[104.726256,15.678362],[104.729164,15.678993],[104.730679,15.686496],[104.733872,15.692415],[104.73719,15.716697],[104.732568,15.719878],[104.734134,15.728955],[104.732364,15.729256],[104.729105,15.736895],[104.723766,15.737521],[104.719767,15.740191],[104.720428,15.745616],[104.71769,15.750155],[104.719215,15.75174],[104.717357,15.753949],[104.718613,15.756241],[104.7163,15.757107],[104.717319,15.760296],[104.715565,15.763186],[104.715715,15.763853],[104.71549,15.764005],[104.716549,15.765256],[104.712822,15.790338],[104.713035,15.790476],[104.718179,15.789599],[104.719237,15.787955],[104.719763,15.78773],[104.720858,15.78803],[104.721064,15.786983],[104.72205,15.786453],[104.722165,15.785743],[104.723879,15.784906],[104.72355,15.784307],[104.72389,15.783848],[104.723576,15.782682],[104.723945,15.781762],[104.724077,15.780398],[104.725955,15.778391],[104.726952,15.776857],[104.728098,15.77579],[104.727748,15.775097],[104.727911,15.774039],[104.730245,15.770968],[104.730348,15.769762],[104.733111,15.767461],[104.736108,15.763373],[104.737721,15.762953],[104.739858,15.762978],[104.740969,15.761999],[104.743179,15.760995],[104.744807,15.759715],[104.746024,15.757959],[104.748506,15.75638],[104.749202,15.755211],[104.75147,15.753322],[104.753435,15.752542],[104.753643,15.752786],[104.755202,15.752439],[104.757042,15.751412],[104.758788,15.751465],[104.760041,15.7509],[104.763704,15.750451],[104.764163,15.749938],[104.764577,15.748797],[104.765245,15.748681],[104.765442,15.747891],[104.76474,15.747951],[104.764658,15.747771],[104.765307,15.74746],[104.765808,15.746638],[104.765667,15.74648],[104.764901,15.746697],[104.764715,15.746374],[104.765215,15.745211],[104.764933,15.743849],[104.765516,15.74271],[104.766776,15.742243],[104.767472,15.74097],[104.768325,15.740993],[104.768706,15.740211],[104.768281,15.739479],[104.769555,15.737528],[104.7706,15.736535],[104.772214,15.735531],[104.776379,15.733693],[104.776986,15.732538],[104.777528,15.731362],[104.777443,15.730633],[104.777915,15.727148],[104.777621,15.725326],[104.778053,15.723589],[104.777603,15.721074],[104.777828,15.718145],[104.776829,15.716351],[104.777303,15.715862],[104.776906,15.712826],[104.777114,15.712353],[104.777876,15.712056],[104.778917,15.710738],[104.780272,15.709796],[104.781887,15.709064],[104.78312,15.706784],[104.778086,15.695243],[104.771812,15.703198],[104.770464,15.697322],[104.773519,15.690176],[104.770783,15.689272],[104.769068,15.690787],[104.764815,15.689325]]]]},"bbox":[104.712822,15.651625,104.78312,15.790476]},{"type":"Feature","id":"e92d60a3-ad4e-4c49-b920-8a590ce3752c","properties":{"id":"e92d60a3-ad4e-4c49-b920-8a590ce3752c","code":"06370707","provinceCode":"37","nameTh":"องค์การบริหารส่วนตำบล แมด","nameEn":null,"geometryType":"MUNICIPALITY","sourceUrl":"https://landometer.com/api/v2/citymeter-v3/grocery/info/geom/e92d60a3-ad4e-4c49-b920-8a590ce3752c/MUNICIPALITY","sourceSha256":"861d7f4b493d1c54eef79a29046b3fc33f3eb809d7160a118897f13a67715b0b","retrievedAt":"2026-10-04T05:43:09.738369+00:00","boundaryVintage":null,"geometryStatus":"native_source_polygon_display_simplified","simplificationToleranceDegrees":0.00015,"simplificationPreservesTopology":true,"invalidSourceRepair":"make_valid; retain polygonal components; discard zero-area collapsed lines","legalBoundaryIndependentlyVerified":false,"areaId":"e92d60a3-ad4e-4c49-b920-8a590ce3752c"},"geometry":{"type":"Polygon","coordinates":[[[104.705851,15.765825],[104.699475,15.760379],[104.697003,15.750663],[104.693311,15.744631],[104.694431,15.741523],[104.692121,15.731564],[104.691637,15.731802],[104.691381,15.73091],[104.673701,15.731609],[104.663677,15.73587],[104.657884,15.735838],[104.653669,15.733829],[104.653646,15.733513],[104.653114,15.733162],[104.65163,15.742369],[104.651034,15.743911],[104.651202,15.745024],[104.650797,15.747539],[104.652007,15.750344],[104.650481,15.751692],[104.653262,15.758602],[104.67863,15.785163],[104.676365,15.786356],[104.691318,15.786473],[104.691582,15.786768],[104.692387,15.786696],[104.692562,15.787112],[104.692092,15.787184],[104.691982,15.787441],[104.692497,15.787902],[104.692676,15.788699],[104.69219,15.789177],[104.692869,15.789359],[104.693019,15.790447],[104.6927,15.790957],[104.69199,15.790896],[104.691646,15.791433],[104.691246,15.790971],[104.690889,15.79096],[104.690109,15.791749],[104.69038,15.792536],[104.689855,15.792961],[104.690267,15.794223],[104.690344,15.79582],[104.691488,15.796634],[104.691407,15.797373],[104.690842,15.797457],[104.690971,15.798045],[104.692424,15.797437],[104.693599,15.796022],[104.694983,15.795478],[104.696691,15.795221],[104.698042,15.794448],[104.69903,15.796877],[104.699295,15.798141],[104.698229,15.798743],[104.698967,15.800417],[104.699621,15.801196],[104.706562,15.795341],[104.7099,15.791932],[104.711803,15.791438],[104.71292,15.790582],[104.715417,15.790608],[104.717514,15.790054],[104.718179,15.789599],[104.713452,15.790436],[104.712822,15.790338],[104.716549,15.765256],[104.714477,15.76281],[104.713823,15.764559],[104.711375,15.763841],[104.707025,15.766312],[104.705851,15.765825]]]},"bbox":[104.650481,15.73091,104.718179,15.801196]},{"type":"Feature","id":"0adf5a75-26f3-4275-8ab1-ef1b44787f7d","properties":{"id":"0adf5a75-26f3-4275-8ab1-ef1b44787f7d","code":"06370708","provinceCode":"37","nameTh":"องค์การบริหารส่วนตำบล ไร่ขี","nameEn":null,"geometryType":"MUNICIPALITY","sourceUrl":"https://landometer.com/api/v2/citymeter-v3/grocery/info/geom/0adf5a75-26f3-4275-8ab1-ef1b44787f7d/MUNICIPALITY","sourceSha256":"55d68109da3aa8901c5c2fe55556f5e593ad4e524e3ab43f499c82f4aec28ac9","retrievedAt":"2026-10-04T05:43:09.748508+00:00","boundaryVintage":null,"geometryStatus":"native_source_polygon_display_simplified","simplificationToleranceDegrees":0.00015,"simplificationPreservesTopology":true,"invalidSourceRepair":"make_valid; retain polygonal components; discard zero-area collapsed lines","legalBoundaryIndependentlyVerified":false,"areaId":"0adf5a75-26f3-4275-8ab1-ef1b44787f7d"},"geometry":{"type":"Polygon","coordinates":[[[104.80916,15.618978],[104.806557,15.617025],[104.805836,15.613583],[104.804526,15.61138],[104.803131,15.610913],[104.802454,15.609842],[104.802775,15.609348],[104.804339,15.610526],[104.805312,15.610047],[104.805171,15.60918],[104.803691,15.607323],[104.804034,15.606348],[104.803851,15.60519],[104.804518,15.604984],[104.806369,15.605483],[104.806634,15.604594],[104.80755,15.603688],[104.807056,15.603284],[104.806737,15.60193],[104.806108,15.600734],[104.80417,15.601229],[104.803345,15.601005],[104.803072,15.600691],[104.803095,15.599622],[104.80355,15.599188],[104.80423,15.599016],[104.805029,15.599515],[104.805403,15.599309],[104.805387,15.59893],[104.804165,15.59817],[104.800965,15.597563],[104.800741,15.596867],[104.800946,15.596131],[104.801337,15.596045],[104.802476,15.596815],[104.803141,15.596715],[104.80382,15.595713],[104.803864,15.594629],[104.802294,15.593656],[104.800969,15.594243],[104.799746,15.593916],[104.79896,15.594597],[104.797425,15.594391],[104.795172,15.595604],[104.795125,15.596051],[104.795717,15.597131],[104.79549,15.59772],[104.792953,15.599047],[104.79297,15.599585],[104.793574,15.600423],[104.793871,15.601321],[104.793483,15.602175],[104.792416,15.602496],[104.791704,15.601185],[104.79109,15.600792],[104.789433,15.600749],[104.789212,15.601044],[104.790327,15.602332],[104.790588,15.603322],[104.788601,15.603221],[104.786671,15.60456],[104.786636,15.605478],[104.78704,15.606172],[104.787837,15.606774],[104.789357,15.608576],[104.786407,15.60972],[104.786246,15.610109],[104.786863,15.610618],[104.786979,15.611025],[104.78542,15.611737],[104.785154,15.6121],[104.786229,15.61331],[104.786274,15.614358],[104.787533,15.615627],[104.787254,15.616296],[104.787859,15.616975],[104.787543,15.61807],[104.787869,15.618799],[104.787194,15.619492],[104.787762,15.620185],[104.787877,15.621065],[104.786614,15.621266],[104.786412,15.622189],[104.785635,15.622457],[104.784403,15.621624],[104.784784,15.620794],[104.785807,15.619801],[104.785547,15.618901],[104.785113,15.618753],[104.784712,15.618912],[104.784495,15.619943],[104.784129,15.620053],[104.782941,15.61973],[104.78159,15.618595],[104.780508,15.61861],[104.780297,15.619128],[104.781108,15.619806],[104.78119,15.620438],[104.78072,15.620812],[104.779214,15.621098],[104.778612,15.621736],[104.778703,15.622279],[104.779468,15.622816],[104.779635,15.623209],[104.778148,15.624049],[104.777548,15.626293],[104.777571,15.628432],[104.777217,15.628886],[104.775425,15.629554],[104.77281,15.629947],[104.772118,15.630297],[104.770824,15.629948],[104.769274,15.630234],[104.769083,15.630867],[104.769262,15.631408],[104.768441,15.633527],[104.767724,15.633678],[104.766351,15.633159],[104.766126,15.634573],[104.765247,15.634309],[104.764883,15.634602],[104.765706,15.635153],[104.765761,15.635519],[104.763651,15.636342],[104.762494,15.63638],[104.760688,15.635977],[104.760322,15.635125],[104.761013,15.633588],[104.760485,15.632834],[104.759085,15.634726],[104.758214,15.634987],[104.756784,15.634918],[104.756408,15.635181],[104.756294,15.63554],[104.756992,15.63627],[104.757098,15.63699],[104.754836,15.639589],[104.754024,15.639583],[104.753217,15.639881],[104.753147,15.640167],[104.753563,15.640639],[104.753336,15.64109],[104.752708,15.640945],[104.751181,15.641601],[104.750627,15.641078],[104.750217,15.641014],[104.749766,15.641386],[104.750237,15.64237],[104.749919,15.642938],[104.748723,15.642698],[104.748286,15.642095],[104.747344,15.641943],[104.746329,15.641334],[104.745166,15.643074],[104.745217,15.644023],[104.745945,15.645745],[104.744821,15.648583],[104.743888,15.649747],[104.743969,15.651165],[104.743774,15.651756],[104.744078,15.6525],[104.7445,15.652277],[104.747206,15.660147],[104.74469,15.664823],[104.754262,15.671959],[104.756677,15.684956],[104.758358,15.685753],[104.763965,15.684857],[104.763159,15.687183],[104.764815,15.689325],[104.769068,15.690787],[104.770783,15.689272],[104.773519,15.690176],[104.770464,15.697322],[104.771812,15.703198],[104.778086,15.695243],[104.78312,15.706784],[104.788383,15.69964],[104.794028,15.693336],[104.79778,15.688582],[104.803348,15.682441],[104.807454,15.679477],[104.808384,15.678055],[104.80882,15.676847],[104.808489,15.676773],[104.808749,15.676346],[104.808271,15.675615],[104.808952,15.675652],[104.809012,15.674609],[104.80942,15.674452],[104.809576,15.674735],[104.809817,15.674635],[104.809845,15.673885],[104.809336,15.671776],[104.810697,15.670488],[104.810261,15.669963],[104.810146,15.66922],[104.809106,15.669114],[104.809388,15.668578],[104.809285,15.667528],[104.809852,15.667408],[104.810242,15.666921],[104.810954,15.667409],[104.811414,15.667267],[104.811094,15.666566],[104.81161,15.66587],[104.811493,15.665186],[104.812536,15.664892],[104.812642,15.663862],[104.812969,15.663513],[104.812486,15.66344],[104.812473,15.663145],[104.811668,15.662569],[104.811846,15.661883],[104.811424,15.661941],[104.811229,15.661428],[104.811527,15.661063],[104.81174,15.661327],[104.812734,15.661476],[104.812077,15.660626],[104.812667,15.660469],[104.812624,15.659867],[104.812948,15.659564],[104.813287,15.659995],[104.813538,15.659909],[104.813114,15.658936],[104.813153,15.658339],[104.8125,15.658416],[104.812768,15.65695],[104.813017,15.656718],[104.812727,15.656475],[104.812612,15.655646],[104.813035,15.655293],[104.812864,15.65495],[104.813122,15.654474],[104.81354,15.654474],[104.813716,15.653603],[104.813327,15.653495],[104.813262,15.652917],[104.812756,15.652563],[104.81335,15.65228],[104.813402,15.651797],[104.812977,15.651762],[104.812475,15.651322],[104.812386,15.650903],[104.811852,15.650907],[104.811514,15.64997],[104.811664,15.649596],[104.811166,15.64896],[104.811864,15.648631],[104.811328,15.648029],[104.811829,15.647297],[104.811729,15.646824],[104.81008,15.64607],[104.809927,15.645581],[104.808121,15.645588],[104.807379,15.644944],[104.807341,15.644543],[104.808432,15.643669],[104.808604,15.642408],[104.808391,15.639894],[104.806896,15.639097],[104.806232,15.637722],[104.80643,15.637066],[104.807467,15.636422],[104.807038,15.63505],[104.807513,15.633876],[104.807381,15.632786],[104.807681,15.632279],[104.808445,15.631864],[104.808278,15.630592],[104.808887,15.62978],[104.808847,15.628351],[104.80925,15.628138],[104.810603,15.62819],[104.811065,15.627681],[104.811092,15.626856],[104.81044,15.624648],[104.810868,15.624559],[104.811775,15.625692],[104.812302,15.625859],[104.813486,15.624707],[104.813374,15.6244],[104.81185,15.623827],[104.811373,15.623054],[104.809779,15.621937],[104.806782,15.620658],[104.806905,15.619995],[104.807792,15.619354],[104.808041,15.619422],[104.808442,15.6202],[104.808809,15.620211],[104.80916,15.618978]]]},"bbox":[104.743774,15.593656,104.813716,15.706784]}]}
