{"type":"FeatureCollection","metadata":{"provinceCode":"40","source":"CityMETER native source fine polygons","retrievedAt":"2026-10-04T05:47:53.678465+00:00","total":224,"retrieved":224,"displaySimplificationToleranceDegrees":0.00015,"legalBoundaryIndependentlyVerified":false},"features":[{"type":"Feature","id":"fb39c240-cf09-464b-9fdc-790c0506fd2d","properties":{"id":"fb39c240-cf09-464b-9fdc-790c0506fd2d","code":"03400102","provinceCode":"40","nameTh":"เทศบาลนคร ขอนแก่น","nameEn":null,"geometryType":"MUNICIPALITY","sourceUrl":"https://landometer.com/api/v2/citymeter-v3/grocery/info/geom/fb39c240-cf09-464b-9fdc-790c0506fd2d/MUNICIPALITY","sourceSha256":"dd4928bf0a7cce432646c881868393492305d2417a4a1d53760560d18b0b3cf0","retrievedAt":"2026-10-04T05:43:12.064502+00:00","boundaryVintage":null,"geometryStatus":"native_source_polygon_display_simplified","simplificationToleranceDegrees":0.00015,"simplificationPreservesTopology":true,"invalidSourceRepair":"make_valid; retain polygonal components; discard zero-area collapsed lines","legalBoundaryIndependentlyVerified":false,"areaId":"fb39c240-cf09-464b-9fdc-790c0506fd2d"},"geometry":{"type":"Polygon","coordinates":[[[102.845932,16.453495],[102.850886,16.454976],[102.853648,16.462361],[102.857404,16.461477],[102.858554,16.458707],[102.858838,16.456362],[102.87595,16.433948],[102.876325,16.424794],[102.875329,16.420121],[102.84977,16.405623],[102.833895,16.398166],[102.817033,16.398384],[102.816981,16.408586],[102.814764,16.412308],[102.809591,16.442401],[102.810696,16.451409],[102.807101,16.451816],[102.807591,16.455407],[102.802364,16.455972],[102.805342,16.480897],[102.81519,16.479744],[102.835363,16.481887],[102.834335,16.455192],[102.84371,16.457044],[102.845932,16.453495]]]},"bbox":[102.802364,16.398166,102.876325,16.481887]},{"type":"Feature","id":"896e322c-5974-4f54-b53f-ddc7b33775f0","properties":{"id":"896e322c-5974-4f54-b53f-ddc7b33775f0","code":"04400108","provinceCode":"40","nameTh":"เทศบาลเมือง บ้านทุ่ม","nameEn":null,"geometryType":"MUNICIPALITY","sourceUrl":"https://landometer.com/api/v2/citymeter-v3/grocery/info/geom/896e322c-5974-4f54-b53f-ddc7b33775f0/MUNICIPALITY","sourceSha256":"2542c5c520d426d2a997e0e5ad5f965c9a825e62a25d63f2884d505348c5fd5f","retrievedAt":"2026-10-04T05:43:12.087243+00:00","boundaryVintage":null,"geometryStatus":"native_source_polygon_display_simplified","simplificationToleranceDegrees":0.00015,"simplificationPreservesTopology":true,"invalidSourceRepair":"make_valid; retain polygonal components; discard zero-area collapsed lines","legalBoundaryIndependentlyVerified":false,"areaId":"896e322c-5974-4f54-b53f-ddc7b33775f0"},"geometry":{"type":"Polygon","coordinates":[[[102.667477,16.435815],[102.66754,16.436285],[102.667231,16.436698],[102.666525,16.436917],[102.666324,16.437488],[102.665352,16.438145],[102.66458,16.438199],[102.663945,16.439013],[102.664772,16.439651],[102.663907,16.4405],[102.665482,16.449324],[102.663845,16.450295],[102.659647,16.451647],[102.655339,16.451754],[102.654586,16.452319],[102.654568,16.452701],[102.65283,16.453616],[102.652687,16.454889],[102.653236,16.455375],[102.653296,16.455809],[102.650745,16.457309],[102.650051,16.457119],[102.649211,16.457571],[102.64875,16.457408],[102.646263,16.457557],[102.644964,16.458216],[102.644661,16.458634],[102.644801,16.45958],[102.645158,16.460061],[102.64427,16.46036],[102.645435,16.463525],[102.645146,16.464072],[102.645273,16.465132],[102.644766,16.465636],[102.644594,16.466405],[102.645502,16.468768],[102.64408,16.470554],[102.644793,16.472548],[102.645311,16.472705],[102.645544,16.473052],[102.645433,16.474409],[102.645975,16.474846],[102.646441,16.473957],[102.648228,16.474856],[102.648863,16.473648],[102.649369,16.473189],[102.657839,16.477386],[102.683682,16.485273],[102.692788,16.485777],[102.701049,16.493172],[102.712153,16.49656],[102.718606,16.48355],[102.718281,16.482818],[102.727206,16.466212],[102.741702,16.450753],[102.753275,16.45106],[102.752353,16.451014],[102.749826,16.437638],[102.744248,16.42838],[102.746548,16.426405],[102.746756,16.423099],[102.750861,16.420924],[102.750135,16.414153],[102.752831,16.411053],[102.746816,16.411972],[102.72794,16.407867],[102.724752,16.412269],[102.70074,16.423054],[102.69791,16.421908],[102.695368,16.423384],[102.682057,16.41759],[102.68232,16.418361],[102.677275,16.419707],[102.672604,16.422618],[102.671147,16.424245],[102.670179,16.426077],[102.670213,16.426478],[102.668285,16.428397],[102.672915,16.429953],[102.672566,16.430783],[102.671816,16.431683],[102.670116,16.432768],[102.668348,16.434669],[102.667695,16.434575],[102.667697,16.43553],[102.667477,16.435815]]]},"bbox":[102.64408,16.407867,102.75328,16.49656]},{"type":"Feature","id":"1cdf969d-2c1b-44b6-a3ac-668109db3f7d","properties":{"id":"1cdf969d-2c1b-44b6-a3ac-668109db3f7d","code":"04400115","provinceCode":"40","nameTh":"เทศบาลเมือง ศิลา","nameEn":null,"geometryType":"MUNICIPALITY","sourceUrl":"https://landometer.com/api/v2/citymeter-v3/grocery/info/geom/1cdf969d-2c1b-44b6-a3ac-668109db3f7d/MUNICIPALITY","sourceSha256":"c514d1b9f6ddfbd206e83751848bf2d342c8ec2d7a3e733734adbae06a028f78","retrievedAt":"2026-10-04T05:43:12.068673+00:00","boundaryVintage":null,"geometryStatus":"native_source_polygon_display_simplified","simplificationToleranceDegrees":0.00015,"simplificationPreservesTopology":true,"invalidSourceRepair":"make_valid; retain polygonal components; discard zero-area collapsed lines","legalBoundaryIndependentlyVerified":false,"areaId":"1cdf969d-2c1b-44b6-a3ac-668109db3f7d"},"geometry":{"type":"Polygon","coordinates":[[[102.793808,16.483995],[102.797031,16.495289],[102.822729,16.505499],[102.832588,16.510961],[102.833143,16.51525],[102.844335,16.514233],[102.856685,16.515461],[102.898137,16.525742],[102.899177,16.529497],[102.905736,16.528982],[102.906036,16.527254],[102.897977,16.515982],[102.902852,16.516076],[102.903536,16.511859],[102.895349,16.514375],[102.895609,16.507656],[102.90034,16.507306],[102.90155,16.499978],[102.904182,16.50063],[102.905271,16.502704],[102.912367,16.501429],[102.908669,16.499427],[102.90793,16.497899],[102.904975,16.495082],[102.903922,16.494754],[102.903675,16.491981],[102.909544,16.493589],[102.909662,16.493485],[102.909385,16.493405],[102.909737,16.49107],[102.905271,16.491377],[102.901768,16.487859],[102.898836,16.490044],[102.893024,16.486916],[102.898169,16.479721],[102.892421,16.48137],[102.891107,16.483339],[102.888414,16.482608],[102.890307,16.478311],[102.900637,16.477252],[102.903684,16.471461],[102.905135,16.47224],[102.90456,16.475611],[102.90822,16.475739],[102.910428,16.471351],[102.903158,16.468353],[102.903516,16.467898],[102.903395,16.467798],[102.887499,16.462],[102.874821,16.460725],[102.876216,16.456449],[102.875148,16.453607],[102.875794,16.452454],[102.875298,16.453263],[102.867855,16.456953],[102.858554,16.458707],[102.857404,16.461477],[102.853648,16.462361],[102.850886,16.454976],[102.845932,16.453495],[102.84371,16.457044],[102.834335,16.455192],[102.835363,16.481887],[102.81519,16.479744],[102.805342,16.480897],[102.803023,16.461491],[102.79764,16.462524],[102.797652,16.464006],[102.795466,16.46409],[102.793409,16.475009],[102.794028,16.483818],[102.793808,16.483995]]]},"bbox":[102.793409,16.452454,102.912367,16.529497]},{"type":"Feature","id":"90d023dc-6e3a-402b-8911-9f2b7893cdb5","properties":{"id":"90d023dc-6e3a-402b-8911-9f2b7893cdb5","code":"04400501","provinceCode":"40","nameTh":"เทศบาลเมือง ชุมแพ","nameEn":null,"geometryType":"MUNICIPALITY","sourceUrl":"https://landometer.com/api/v2/citymeter-v3/grocery/info/geom/90d023dc-6e3a-402b-8911-9f2b7893cdb5/MUNICIPALITY","sourceSha256":"8a2de1a3c9e129b00b04d98b25367721e9321b698c51579b1a89394625e65c9c","retrievedAt":"2026-10-04T05:43:12.078271+00:00","boundaryVintage":null,"geometryStatus":"native_source_polygon_display_simplified","simplificationToleranceDegrees":0.00015,"simplificationPreservesTopology":true,"invalidSourceRepair":"make_valid; retain polygonal components; discard zero-area collapsed lines","legalBoundaryIndependentlyVerified":false,"areaId":"90d023dc-6e3a-402b-8911-9f2b7893cdb5"},"geometry":{"type":"Polygon","coordinates":[[[102.120869,16.545294],[102.123428,16.544101],[102.125701,16.537134],[102.122452,16.533242],[102.124394,16.528809],[102.122612,16.518905],[102.120463,16.516758],[102.121133,16.512526],[102.123108,16.510609],[102.122074,16.507554],[102.118598,16.504975],[102.117606,16.507288],[102.113833,16.512558],[102.109397,16.513287],[102.110386,16.516595],[102.10669,16.517696],[102.103168,16.521149],[102.100804,16.520525],[102.096332,16.52293],[102.074908,16.52409],[102.074897,16.556178],[102.106185,16.567085],[102.11863,16.563423],[102.11937,16.558862],[102.121697,16.556914],[102.120869,16.545294]]]},"bbox":[102.074897,16.504974,102.125701,16.567085]},{"type":"Feature","id":"424255c1-3898-491e-ab16-620200768ee1","properties":{"id":"424255c1-3898-491e-ab16-620200768ee1","code":"04400903","provinceCode":"40","nameTh":"เทศบาลเมือง กระนวน","nameEn":null,"geometryType":"MUNICIPALITY","sourceUrl":"https://landometer.com/api/v2/citymeter-v3/grocery/info/geom/424255c1-3898-491e-ab16-620200768ee1/MUNICIPALITY","sourceSha256":"616f4371ba9df13994dc156dab1583245b0708e4dadf7377a3769cc1bdbab54c","retrievedAt":"2026-10-04T05:43:12.064393+00:00","boundaryVintage":null,"geometryStatus":"native_source_polygon_display_simplified","simplificationToleranceDegrees":0.00015,"simplificationPreservesTopology":true,"invalidSourceRepair":"make_valid; retain polygonal components; discard zero-area collapsed lines","legalBoundaryIndependentlyVerified":false,"areaId":"424255c1-3898-491e-ab16-620200768ee1"},"geometry":{"type":"Polygon","coordinates":[[[103.088301,16.715449],[103.087825,16.694434],[103.072158,16.694854],[103.072605,16.716082],[103.088301,16.715449]]]},"bbox":[103.072158,16.694434,103.088301,16.716082]},{"type":"Feature","id":"0b99ba37-a97b-4980-bb22-72efd82c207a","properties":{"id":"0b99ba37-a97b-4980-bb22-72efd82c207a","code":"04401001","provinceCode":"40","nameTh":"เทศบาลเมือง บ้านไผ่","nameEn":null,"geometryType":"MUNICIPALITY","sourceUrl":"https://landometer.com/api/v2/citymeter-v3/grocery/info/geom/0b99ba37-a97b-4980-bb22-72efd82c207a/MUNICIPALITY","sourceSha256":"6050877cbb7cf0c9538d67e8f15aaa05eefa8ae041c24b9c2781df6504f81499","retrievedAt":"2026-10-04T05:43:12.068502+00:00","boundaryVintage":null,"geometryStatus":"native_source_polygon_display_simplified","simplificationToleranceDegrees":0.00015,"simplificationPreservesTopology":true,"invalidSourceRepair":"make_valid; retain polygonal components; discard zero-area collapsed lines","legalBoundaryIndependentlyVerified":false,"areaId":"0b99ba37-a97b-4980-bb22-72efd82c207a"},"geometry":{"type":"Polygon","coordinates":[[[102.728162,16.042037],[102.728324,16.04105],[102.726347,16.040735],[102.726707,16.038767],[102.722115,16.038035],[102.722436,16.039099],[102.721386,16.039078],[102.721701,16.040123],[102.72167,16.041002],[102.716875,16.040237],[102.711995,16.026429],[102.70756,16.027831],[102.712347,16.041384],[102.713969,16.055648],[102.706257,16.059443],[102.695805,16.05887],[102.69048,16.06125],[102.692345,16.065258],[102.697152,16.063353],[102.705644,16.064228],[102.709902,16.062861],[102.708838,16.067351],[102.714274,16.073443],[102.712423,16.079094],[102.714771,16.08774],[102.737232,16.078367],[102.753848,16.061985],[102.773987,16.063416],[102.774015,16.059482],[102.754484,16.058025],[102.736688,16.043397],[102.728162,16.042037]]]},"bbox":[102.69048,16.026429,102.774015,16.08774]},{"type":"Feature","id":"0eeb2883-9bd6-4903-83e1-7030ece95469","properties":{"id":"0eeb2883-9bd6-4903-83e1-7030ece95469","code":"04401201","provinceCode":"40","nameTh":"เทศบาลเมือง เมืองพล","nameEn":null,"geometryType":"MUNICIPALITY","sourceUrl":"https://landometer.com/api/v2/citymeter-v3/grocery/info/geom/0eeb2883-9bd6-4903-83e1-7030ece95469/MUNICIPALITY","sourceSha256":"5cb1c6c2beffe425a5892806805b3204c02e768d73ac85955d1dfbe4d9ab491a","retrievedAt":"2026-10-04T05:43:12.067147+00:00","boundaryVintage":null,"geometryStatus":"native_source_polygon_display_simplified","simplificationToleranceDegrees":0.00015,"simplificationPreservesTopology":true,"invalidSourceRepair":"make_valid; retain polygonal components; discard zero-area collapsed lines","legalBoundaryIndependentlyVerified":false,"areaId":"0eeb2883-9bd6-4903-83e1-7030ece95469"},"geometry":{"type":"Polygon","coordinates":[[[102.614387,15.806345],[102.611393,15.804124],[102.607406,15.80406],[102.607385,15.799879],[102.603953,15.79988],[102.601525,15.802291],[102.597392,15.801353],[102.591126,15.804578],[102.595695,15.813889],[102.603368,15.824283],[102.604206,15.823717],[102.605309,15.825208],[102.606542,15.823584],[102.606667,15.822054],[102.607784,15.821299],[102.608279,15.816717],[102.60953,15.815469],[102.610754,15.815287],[102.612211,15.812795],[102.614034,15.810977],[102.615184,15.810328],[102.614387,15.806345]]]},"bbox":[102.591126,15.799879,102.615184,15.825208]},{"type":"Feature","id":"41c19661-e6b3-43ae-b8e2-9cdd1823a91a","properties":{"id":"41c19661-e6b3-43ae-b8e2-9cdd1823a91a","code":"05400103","provinceCode":"40","nameTh":"เทศบาลตำบล บ้านเป็ด","nameEn":null,"geometryType":"MUNICIPALITY","sourceUrl":"https://landometer.com/api/v2/citymeter-v3/grocery/info/geom/41c19661-e6b3-43ae-b8e2-9cdd1823a91a/MUNICIPALITY","sourceSha256":"59d2444cc9f948f2d56f4bb8cc52490b3b434c76f3106716ca759bc3cba9709a","retrievedAt":"2026-10-04T05:43:12.071419+00:00","boundaryVintage":null,"geometryStatus":"native_source_polygon_display_simplified","simplificationToleranceDegrees":0.00015,"simplificationPreservesTopology":true,"invalidSourceRepair":"make_valid; retain polygonal components; discard zero-area collapsed lines","legalBoundaryIndependentlyVerified":false,"areaId":"41c19661-e6b3-43ae-b8e2-9cdd1823a91a"},"geometry":{"type":"MultiPolygon","coordinates":[[[[102.753143,16.410695],[102.754863,16.410185],[102.753561,16.410474],[102.753143,16.410695]]],[[[102.79764,16.462524],[102.803068,16.461483],[102.802364,16.455972],[102.807591,16.455407],[102.807101,16.451816],[102.810696,16.451409],[102.809591,16.442401],[102.814764,16.412308],[102.780314,16.405409],[102.767744,16.406371],[102.753143,16.410695],[102.750135,16.414153],[102.750861,16.420924],[102.746756,16.423099],[102.746548,16.426405],[102.744248,16.42838],[102.749826,16.437638],[102.752353,16.451014],[102.761023,16.451265],[102.765064,16.450985],[102.773151,16.4572],[102.777129,16.464799],[102.797652,16.464006],[102.79764,16.462524]]],[[[102.75327514016196,16.45105946738456],[102.751335,16.451008],[102.753275,16.45106],[102.75327514016196,16.45105946738456]]]]},"bbox":[102.744248,16.405409,102.814764,16.464799]},{"type":"Feature","id":"1f31d16e-4444-4b61-ad22-dd0d2fbfa677","properties":{"id":"1f31d16e-4444-4b61-ad22-dd0d2fbfa677","code":"05400104","provinceCode":"40","nameTh":"เทศบาลตำบล ท่าพระ","nameEn":null,"geometryType":"MUNICIPALITY","sourceUrl":"https://landometer.com/api/v2/citymeter-v3/grocery/info/geom/1f31d16e-4444-4b61-ad22-dd0d2fbfa677/MUNICIPALITY","sourceSha256":"74f196a81af3fed309cd7bb20a90c2005b1ef633ec75e749cf750fe351086840","retrievedAt":"2026-10-04T05:43:12.191001+00:00","boundaryVintage":null,"geometryStatus":"native_source_polygon_display_simplified","simplificationToleranceDegrees":0.00015,"simplificationPreservesTopology":true,"invalidSourceRepair":"make_valid; retain polygonal components; discard zero-area collapsed lines","legalBoundaryIndependentlyVerified":false,"areaId":"1f31d16e-4444-4b61-ad22-dd0d2fbfa677"},"geometry":{"type":"Polygon","coordinates":[[[102.807591,16.355926],[102.807324,16.355236],[102.808338,16.355284],[102.803632,16.318698],[102.795364,16.321916],[102.785763,16.322984],[102.785196,16.320385],[102.782429,16.321026],[102.78333184642767,16.32351320497729],[102.780541,16.327243],[102.779798,16.327643],[102.778861,16.327582],[102.777934,16.328605],[102.778068,16.329543],[102.776481,16.332291],[102.776509,16.333806],[102.772332,16.33433],[102.770817,16.334827],[102.769048,16.337383],[102.791785,16.336818],[102.792349,16.337135],[102.793324,16.340442],[102.792956,16.346022],[102.788956,16.34935],[102.787368,16.354011],[102.791458,16.354324],[102.790904,16.357873],[102.793762,16.358132],[102.800884,16.36341],[102.80161,16.361109],[102.799613,16.359689],[102.799143,16.356888],[102.797663,16.356306],[102.798251,16.354804],[102.807591,16.355926]],[[102.783332,16.323513],[102.78444,16.326566],[102.78333184642767,16.32351320497729],[102.783332,16.323513]],[[102.790514,16.354178],[102.791473,16.354229],[102.79051470283429,16.354178108701067],[102.790514,16.354178]]]},"bbox":[102.769048,16.318698,102.808338,16.36341]},{"type":"Feature","id":"3acda83d-58b3-445f-8dfe-7279829edb70","properties":{"id":"3acda83d-58b3-445f-8dfe-7279829edb70","code":"05400105","provinceCode":"40","nameTh":"เทศบาลตำบล หนองตูม","nameEn":null,"geometryType":"MUNICIPALITY","sourceUrl":"https://landometer.com/api/v2/citymeter-v3/grocery/info/geom/3acda83d-58b3-445f-8dfe-7279829edb70/MUNICIPALITY","sourceSha256":"b21b22bd8060395263764e420f045e303d05bba0c85e61d2499e075e702eb475","retrievedAt":"2026-10-04T05:43:12.196745+00:00","boundaryVintage":null,"geometryStatus":"native_source_polygon_display_simplified","simplificationToleranceDegrees":0.00015,"simplificationPreservesTopology":true,"invalidSourceRepair":"make_valid; retain polygonal components; discard zero-area collapsed lines","legalBoundaryIndependentlyVerified":false,"areaId":"3acda83d-58b3-445f-8dfe-7279829edb70"},"geometry":{"type":"Polygon","coordinates":[[[102.906173,16.544107],[102.907194,16.542387],[102.908101,16.542527],[102.908732,16.542053],[102.90907,16.542422],[102.909983,16.542664],[102.91058,16.542401],[102.911357,16.542457],[102.91167,16.543324],[102.912425,16.543149],[102.915771,16.544447],[102.917508,16.544419],[102.921889,16.54324],[102.925636,16.541198],[102.926886,16.54084],[102.941996,16.53369],[102.94435,16.533406],[102.945099,16.533833],[102.946833,16.53376],[102.959821,16.532426],[102.959055,16.527902],[102.958289,16.527749],[102.957872,16.526055],[102.958205,16.525591],[102.957908,16.524628],[102.958268,16.524347],[102.957649,16.522462],[102.965501,16.509383],[102.969069,16.505659],[102.972541,16.503397],[102.965419,16.496684],[102.958005,16.495489],[102.955256,16.49326],[102.951329,16.49441],[102.947298,16.490128],[102.941193,16.490238],[102.934132,16.494683],[102.927952,16.492625],[102.918458,16.496031],[102.903675,16.491981],[102.903922,16.494754],[102.904975,16.495082],[102.90793,16.497899],[102.908669,16.499427],[102.912367,16.501429],[102.905271,16.502704],[102.904182,16.50063],[102.90155,16.499978],[102.90034,16.507306],[102.895609,16.507656],[102.895349,16.514375],[102.903536,16.511859],[102.902852,16.516076],[102.897977,16.515982],[102.906036,16.527254],[102.905732,16.529002],[102.902021,16.529578],[102.901629,16.529903],[102.901555,16.53051],[102.905058,16.529791],[102.904831,16.530642],[102.903917,16.531856],[102.904343,16.533439],[102.903944,16.53388],[102.904093,16.534675],[102.903676,16.535306],[102.905215,16.536313],[102.905407,16.537736],[102.904647,16.538703],[102.904695,16.539446],[102.905204,16.539654],[102.905322,16.541724],[102.904795,16.54186],[102.904775,16.542427],[102.903999,16.542338],[102.9036,16.543613],[102.901809,16.544001],[102.901651,16.54433],[102.902175,16.545118],[102.903549,16.545634],[102.904604,16.545365],[102.906173,16.544107]]]},"bbox":[102.895349,16.490128,102.972541,16.545646]},{"type":"Feature","id":"8da74e7b-2817-41d7-b7fb-1f1f215a8e58","properties":{"id":"8da74e7b-2817-41d7-b7fb-1f1f215a8e58","code":"05400106","provinceCode":"40","nameTh":"เทศบาลตำบล โนนท่อน","nameEn":null,"geometryType":"MUNICIPALITY","sourceUrl":"https://landometer.com/api/v2/citymeter-v3/grocery/info/geom/8da74e7b-2817-41d7-b7fb-1f1f215a8e58/MUNICIPALITY","sourceSha256":"138edf452165519ed89cfd4d6e5d39f1added66d3fc2d0d9c0e577c993d82ebb","retrievedAt":"2026-10-04T05:43:12.199569+00:00","boundaryVintage":null,"geometryStatus":"native_source_polygon_display_simplified","simplificationToleranceDegrees":0.00015,"simplificationPreservesTopology":true,"invalidSourceRepair":"make_valid; retain polygonal components; discard zero-area collapsed lines","legalBoundaryIndependentlyVerified":false,"areaId":"8da74e7b-2817-41d7-b7fb-1f1f215a8e58"},"geometry":{"type":"Polygon","coordinates":[[[102.873186,16.567966],[102.87413,16.566848],[102.874945,16.566308],[102.879894,16.5648],[102.88108,16.564181],[102.881749,16.56332],[102.881724,16.561021],[102.881394,16.560517],[102.880177,16.560408],[102.877669,16.562579],[102.876478,16.562779],[102.875108,16.561518],[102.87295,16.560224],[102.872032,16.558613],[102.872064,16.557501],[102.872742,16.556305],[102.873348,16.554325],[102.875192,16.553895],[102.877208,16.5546],[102.877999,16.554567],[102.878389,16.554294],[102.878731,16.553611],[102.878482,16.551854],[102.87955,16.550147],[102.88024,16.548306],[102.872573,16.541918],[102.866142,16.540737],[102.859461,16.548623],[102.854758,16.549823],[102.854238,16.552736],[102.836641,16.556959],[102.823267,16.567696],[102.805679,16.57689],[102.80448,16.595871],[102.814725,16.597902],[102.817193,16.601676],[102.804109,16.616585],[102.799347,16.626126],[102.798537,16.625925],[102.798531,16.626573],[102.799489,16.626244],[102.801282,16.626497],[102.801699,16.626085],[102.802236,16.62609],[102.803883,16.626894],[102.8043,16.627468],[102.805897,16.62695],[102.805945,16.626465],[102.80771,16.626446],[102.808628,16.625878],[102.809394,16.625764],[102.810461,16.624984],[102.811372,16.624827],[102.812025,16.624296],[102.812583,16.624243],[102.814249,16.624844],[102.815553,16.624631],[102.816588,16.62555],[102.81659,16.626187],[102.81701,16.626747],[102.818065,16.626673],[102.818503,16.626889],[102.819438,16.627523],[102.81963,16.628293],[102.820198,16.628628],[102.820536,16.628627],[102.820639,16.628208],[102.82104,16.627937],[102.822576,16.627569],[102.822942,16.627162],[102.824047,16.627594],[102.825757,16.628845],[102.827582,16.62862],[102.828265,16.62879],[102.829081,16.629137],[102.829562,16.630055],[102.830597,16.630156],[102.831129,16.630767],[102.831295,16.631803],[102.831797,16.631713],[102.831926,16.631954],[102.833219,16.63236],[102.834487,16.632514],[102.834701,16.633126],[102.835547,16.632466],[102.835107,16.633622],[102.835411,16.633684],[102.836152,16.633218],[102.835892,16.63387],[102.836021,16.634708],[102.837638,16.63474],[102.839725,16.635519],[102.840625,16.635411],[102.842098,16.634515],[102.844156,16.634323],[102.845914,16.63283],[102.84686,16.6307],[102.848787,16.629534],[102.849772,16.629421],[102.851419,16.629976],[102.852444,16.630043],[102.855207,16.628907],[102.855987,16.628039],[102.856964,16.625594],[102.858414,16.623634],[102.858728,16.62257],[102.85851,16.621528],[102.858156,16.621194],[102.85749,16.621113],[102.8561,16.622053],[102.855555,16.622166],[102.854921,16.621913],[102.853981,16.620233],[102.85308,16.616714],[102.852663,16.616098],[102.85207,16.616019],[102.851619,16.616362],[102.851349,16.616872],[102.85117,16.618573],[102.850571,16.619239],[102.849869,16.619411],[102.848938,16.619123],[102.848054,16.618287],[102.846512,16.617474],[102.846051,16.615753],[102.846539,16.613919],[102.84731,16.613173],[102.847901,16.613282],[102.848412,16.614217],[102.849165,16.614588],[102.850009,16.614449],[102.850636,16.614002],[102.850905,16.612966],[102.84999,16.611664],[102.849969,16.610988],[102.851924,16.608796],[102.852538,16.607322],[102.852551,16.606421],[102.852092,16.605374],[102.851199,16.604686],[102.84905,16.604003],[102.848715,16.603417],[102.849105,16.602764],[102.849761,16.602585],[102.851089,16.602717],[102.854973,16.604213],[102.857271,16.603861],[102.858087,16.603099],[102.857626,16.601179],[102.857733,16.600634],[102.859333,16.59914],[102.859959,16.598886],[102.860419,16.599059],[102.860664,16.599601],[102.86063,16.600287],[102.860124,16.60143],[102.860167,16.602486],[102.861555,16.605155],[102.862125,16.605585],[102.862818,16.605534],[102.863542,16.605044],[102.864018,16.604178],[102.863957,16.603129],[102.862756,16.602102],[102.862128,16.601228],[102.861966,16.599919],[102.862517,16.599124],[102.86422,16.598684],[102.864846,16.598249],[102.865798,16.596184],[102.865927,16.594786],[102.865629,16.594315],[102.865066,16.594037],[102.864118,16.59418],[102.862377,16.595146],[102.860889,16.594962],[102.859992,16.594362],[102.859739,16.59345],[102.86168,16.59147],[102.861702,16.589995],[102.860613,16.588862],[102.858466,16.58803],[102.857948,16.586908],[102.858078,16.586199],[102.859125,16.585514],[102.861365,16.585487],[102.863875,16.584487],[102.864951,16.584525],[102.865157,16.585069],[102.865008,16.585788],[102.863822,16.587818],[102.863705,16.588745],[102.863883,16.589327],[102.864527,16.589788],[102.865717,16.589816],[102.866179,16.590043],[102.86772,16.59142],[102.869622,16.594065],[102.871001,16.594868],[102.871935,16.594513],[102.872614,16.593768],[102.871238,16.591865],[102.871006,16.590272],[102.871595,16.589246],[102.877435,16.587541],[102.878474,16.58764],[102.879585,16.588815],[102.880629,16.588877],[102.881558,16.588126],[102.882292,16.586091],[102.883345,16.584567],[102.88327,16.583777],[102.882795,16.583481],[102.880082,16.584084],[102.877513,16.584042],[102.875126,16.583054],[102.873878,16.582034],[102.873567,16.579757],[102.873688,16.578758],[102.874359,16.578291],[102.875972,16.578442],[102.876912,16.577962],[102.877311,16.576942],[102.878951,16.574719],[102.879646,16.573012],[102.881062,16.570715],[102.881606,16.56925],[102.881464,16.568761],[102.881155,16.56868],[102.878744,16.569257],[102.875815,16.568964],[102.873613,16.56909],[102.873085,16.568751],[102.873186,16.567966]]]},"bbox":[102.798531,16.540737,102.883404,16.635523]},{"type":"Feature","id":"473bc48c-98d5-434c-ba6d-72e148be3132","properties":{"id":"473bc48c-98d5-434c-ba6d-72e148be3132","code":"05400107","provinceCode":"40","nameTh":"เทศบาลตำบล สำราญ","nameEn":null,"geometryType":"MUNICIPALITY","sourceUrl":"https://landometer.com/api/v2/citymeter-v3/grocery/info/geom/473bc48c-98d5-434c-ba6d-72e148be3132/MUNICIPALITY","sourceSha256":"03d078cb90c73bf65a8cacff35fbd58cd6307e775cf8951b015197725e352d1b","retrievedAt":"2026-10-04T05:43:12.196570+00:00","boundaryVintage":null,"geometryStatus":"native_source_polygon_display_simplified","simplificationToleranceDegrees":0.00015,"simplificationPreservesTopology":true,"invalidSourceRepair":"make_valid; retain polygonal components; discard zero-area collapsed lines","legalBoundaryIndependentlyVerified":false,"areaId":"473bc48c-98d5-434c-ba6d-72e148be3132"},"geometry":{"type":"Polygon","coordinates":[[[102.806051,16.545343],[102.804788,16.558942],[102.806716,16.565221],[102.797333,16.565616],[102.795864,16.568559],[102.79625,16.570044],[102.801803,16.572331],[102.805221,16.574331],[102.805679,16.57689],[102.823267,16.567696],[102.836641,16.556959],[102.854238,16.552736],[102.854758,16.549823],[102.859461,16.548623],[102.866142,16.540737],[102.872573,16.541918],[102.88024,16.548306],[102.880756,16.547296],[102.881374,16.546798],[102.883637,16.546174],[102.88756,16.544609],[102.887696,16.544128],[102.887312,16.543331],[102.886122,16.543071],[102.885524,16.542341],[102.886411,16.539934],[102.887204,16.539034],[102.889914,16.540451],[102.890962,16.541525],[102.891704,16.541895],[102.894692,16.540691],[102.896798,16.539406],[102.896853,16.538536],[102.896,16.537668],[102.893312,16.536836],[102.889063,16.534537],[102.888731,16.5338],[102.889518,16.53245],[102.89034,16.532233],[102.892143,16.533362],[102.894031,16.533365],[102.894645,16.533111],[102.898614,16.53005],[102.899266,16.529983],[102.900243,16.530368],[102.901555,16.53051],[102.901629,16.529903],[102.902021,16.529578],[102.905736,16.528982],[102.899177,16.529497],[102.898137,16.525742],[102.856685,16.515461],[102.844335,16.514233],[102.833143,16.51525],[102.832588,16.510961],[102.822729,16.505499],[102.797031,16.495289],[102.798077,16.50011],[102.796964,16.509632],[102.801531,16.514411],[102.801608,16.52003],[102.804567,16.523943],[102.806687,16.531908],[102.810103,16.535812],[102.81871,16.536074],[102.825309,16.538603],[102.824157,16.542238],[102.819322,16.544652],[102.819764,16.541534],[102.81649,16.541158],[102.814324,16.544279],[102.811271,16.54296],[102.809852,16.544827],[102.807068,16.54417],[102.806051,16.545343]]]},"bbox":[102.795864,16.495289,102.905736,16.57689]},{"type":"Feature","id":"e94603a5-f302-4dfc-b68d-53d4c751ba31","properties":{"id":"e94603a5-f302-4dfc-b68d-53d4c751ba31","code":"05400109","provinceCode":"40","nameTh":"เทศบาลตำบล เมืองเก่า","nameEn":null,"geometryType":"MUNICIPALITY","sourceUrl":"https://landometer.com/api/v2/citymeter-v3/grocery/info/geom/e94603a5-f302-4dfc-b68d-53d4c751ba31/MUNICIPALITY","sourceSha256":"91dfc79dbc4c0dfdc6fa0b3267b6151a0c89d936150029e1ff6f91db0935f02a","retrievedAt":"2026-10-04T05:43:12.196881+00:00","boundaryVintage":null,"geometryStatus":"native_source_polygon_display_simplified","simplificationToleranceDegrees":0.00015,"simplificationPreservesTopology":true,"invalidSourceRepair":"make_valid; retain polygonal components; discard zero-area collapsed lines","legalBoundaryIndependentlyVerified":false,"areaId":"e94603a5-f302-4dfc-b68d-53d4c751ba31"},"geometry":{"type":"Polygon","coordinates":[[[102.80161,16.361109],[102.800884,16.36341],[102.793762,16.358132],[102.791408,16.358009],[102.791333,16.359791],[102.789655,16.361067],[102.790798,16.363795],[102.785632,16.366951],[102.786347,16.370102],[102.78387,16.368021],[102.780666,16.369057],[102.784203,16.372171],[102.781888,16.374612],[102.782501,16.380958],[102.786545,16.381452],[102.786946,16.383288],[102.777829,16.386581],[102.777758,16.392113],[102.773801,16.395114],[102.765338,16.397685],[102.760537,16.408505],[102.767744,16.406371],[102.780314,16.405409],[102.814764,16.412308],[102.816981,16.408586],[102.817033,16.398384],[102.833895,16.398166],[102.84977,16.405623],[102.853185,16.398465],[102.855506,16.398883],[102.865473,16.388838],[102.869034,16.380463],[102.878688,16.36811],[102.876469,16.367811],[102.867421,16.37238],[102.866502,16.375572],[102.860548,16.378368],[102.85902,16.37598],[102.853284,16.374172],[102.844444,16.373857],[102.842399,16.368997],[102.839901,16.371296],[102.833617,16.369132],[102.829484,16.369561],[102.826625,16.366865],[102.821918,16.36799],[102.821187,16.366668],[102.82309,16.366241],[102.823664,16.363714],[102.829037,16.362942],[102.824206,16.357921],[102.798251,16.354804],[102.797663,16.356306],[102.799143,16.356888],[102.799613,16.359689],[102.80161,16.361109]]]},"bbox":[102.760537,16.354804,102.878688,16.412308]},{"type":"Feature","id":"a7bd6003-8776-45ad-9b81-35f75fa415be","properties":{"id":"a7bd6003-8776-45ad-9b81-35f75fa415be","code":"05400110","provinceCode":"40","nameTh":"เทศบาลตำบล บ้านค้อ","nameEn":null,"geometryType":"MUNICIPALITY","sourceUrl":"https://landometer.com/api/v2/citymeter-v3/grocery/info/geom/a7bd6003-8776-45ad-9b81-35f75fa415be/MUNICIPALITY","sourceSha256":"b20e851beffd9c7e47318a5e99fef647065ac81affde2e9dbd933801db2cc040","retrievedAt":"2026-10-04T05:43:12.197578+00:00","boundaryVintage":null,"geometryStatus":"native_source_polygon_display_simplified","simplificationToleranceDegrees":0.00015,"simplificationPreservesTopology":true,"invalidSourceRepair":"make_valid; retain polygonal components; discard zero-area collapsed lines","legalBoundaryIndependentlyVerified":false,"areaId":"a7bd6003-8776-45ad-9b81-35f75fa415be"},"geometry":{"type":"MultiPolygon","coordinates":[[[[102.806687,16.531908],[102.804567,16.523943],[102.801608,16.52003],[102.801531,16.514411],[102.796964,16.509632],[102.798077,16.50011],[102.797031,16.495289],[102.793808,16.483995],[102.780167,16.494951],[102.77466,16.494104],[102.761868,16.503055],[102.752349,16.516933],[102.736858,16.525442],[102.733043,16.528825],[102.730759,16.533765],[102.728041,16.533867],[102.727033,16.530345],[102.722022,16.534166],[102.723105,16.539986],[102.719392,16.543708],[102.722837,16.547782],[102.715737,16.555082],[102.710248,16.556803],[102.71063,16.55756],[102.713478,16.559976],[102.718919,16.561785],[102.72171,16.566244],[102.720096,16.569498],[102.717021,16.569915],[102.712395,16.576069],[102.700954,16.576282],[102.69681,16.580569],[102.693997,16.580737],[102.683121,16.591509],[102.68991,16.598836],[102.690703,16.602453],[102.689494,16.603919],[102.688977,16.60333],[102.68852,16.604325],[102.687797,16.603502],[102.6871,16.605022],[102.686968,16.606243],[102.6836,16.61265],[102.683379,16.614991],[102.68407,16.618068],[102.690943,16.625098],[102.695758,16.629337],[102.697022,16.631231],[102.697027,16.633401],[102.699949,16.63262],[102.70365,16.632697],[102.711045,16.635081],[102.71857,16.636692],[102.719547,16.63411],[102.723513,16.630703],[102.725945,16.629876],[102.726926,16.630076],[102.728418,16.629971],[102.732386,16.627552],[102.734215,16.626249],[102.734827,16.625537],[102.73506,16.624889],[102.734955,16.624238],[102.732575,16.619857],[102.728893,16.61703],[102.727958,16.616085],[102.727603,16.6152],[102.728099,16.611673],[102.728619,16.610437],[102.730293,16.608994],[102.730955,16.607811],[102.732693,16.606624],[102.733665,16.606458],[102.736079,16.607094],[102.738504,16.608846],[102.739864,16.608748],[102.742541,16.61015],[102.745424,16.608745],[102.750543,16.610651],[102.750914,16.610192],[102.751799,16.610574],[102.752209,16.610278],[102.752836,16.610628],[102.753546,16.609829],[102.753709,16.60898],[102.755108,16.60813],[102.758274,16.607869],[102.759511,16.607602],[102.759895,16.607307],[102.761844,16.61017],[102.764005,16.609716],[102.768222,16.60937],[102.771799,16.612301],[102.7734,16.612251],[102.773482,16.613053],[102.774283,16.614024],[102.775237,16.614126],[102.776217,16.615493],[102.777371,16.615541],[102.777431,16.615961],[102.778467,16.616342],[102.783547,16.617398],[102.784013,16.618169],[102.784427,16.618284],[102.784969,16.618891],[102.785235,16.62077],[102.785878,16.621093],[102.786804,16.621172],[102.788305,16.6209],[102.788364,16.621399],[102.788754,16.621778],[102.788739,16.622361],[102.790179,16.622963],[102.790747,16.623481],[102.791937,16.625396],[102.792946,16.626217],[102.793341,16.627116],[102.794746,16.627565],[102.796117,16.626185],[102.797202,16.625746],[102.797782,16.625932],[102.798493,16.626573],[102.798537,16.625925],[102.799347,16.626126],[102.804109,16.616585],[102.817193,16.601676],[102.814725,16.597902],[102.80448,16.595871],[102.805679,16.57689],[102.805221,16.574331],[102.801803,16.572331],[102.79625,16.570044],[102.795864,16.568559],[102.797333,16.565616],[102.806716,16.565221],[102.804788,16.558942],[102.806051,16.545343],[102.807068,16.54417],[102.809852,16.544827],[102.811271,16.54296],[102.814324,16.544279],[102.81649,16.541158],[102.819764,16.541534],[102.819322,16.544652],[102.824157,16.542238],[102.825309,16.538603],[102.81871,16.536074],[102.810103,16.535812],[102.806687,16.531908]]],[[[102.79853474647888,16.626576746478875],[102.798535,16.626577],[102.798571,16.62658],[102.79853474647888,16.626576746478875]]]]},"bbox":[102.683121,16.483995,102.825309,16.636692]},{"type":"Feature","id":"033583db-82a0-4bd6-89a7-f4ee5e8ac142","properties":{"id":"033583db-82a0-4bd6-89a7-f4ee5e8ac142","code":"05400111","provinceCode":"40","nameTh":"เทศบาลตำบล สาวะถี","nameEn":null,"geometryType":"MUNICIPALITY","sourceUrl":"https://landometer.com/api/v2/citymeter-v3/grocery/info/geom/033583db-82a0-4bd6-89a7-f4ee5e8ac142/MUNICIPALITY","sourceSha256":"8a14604d6cd3d1a118276c02ab177b4604aea93a22ae7279447d651fa2c6777b","retrievedAt":"2026-10-04T05:43:12.200063+00:00","boundaryVintage":null,"geometryStatus":"native_source_polygon_display_simplified","simplificationToleranceDegrees":0.00015,"simplificationPreservesTopology":true,"invalidSourceRepair":"make_valid; retain polygonal components; discard zero-area collapsed lines","legalBoundaryIndependentlyVerified":false,"areaId":"033583db-82a0-4bd6-89a7-f4ee5e8ac142"},"geometry":{"type":"Polygon","coordinates":[[[102.693997,16.580737],[102.69681,16.580569],[102.700954,16.576282],[102.712395,16.576069],[102.717021,16.569915],[102.720096,16.569498],[102.721712,16.566239],[102.718919,16.561785],[102.713478,16.559976],[102.71063,16.55756],[102.710248,16.556803],[102.715737,16.555082],[102.722837,16.547782],[102.719392,16.543708],[102.723105,16.539986],[102.722022,16.534166],[102.727033,16.530345],[102.728041,16.533867],[102.730759,16.533765],[102.733043,16.528825],[102.736858,16.525442],[102.738045,16.524778],[102.737049,16.525229],[102.73301,16.517633],[102.726464,16.51434],[102.7274,16.508922],[102.722284,16.503099],[102.72561,16.493656],[102.721766,16.490691],[102.718606,16.48355],[102.712153,16.49656],[102.701049,16.493172],[102.692788,16.485777],[102.683682,16.485273],[102.657839,16.477386],[102.649369,16.473189],[102.648863,16.473648],[102.648228,16.474856],[102.646441,16.473957],[102.645975,16.474846],[102.645433,16.474409],[102.645313,16.474761],[102.644249,16.474792],[102.643056,16.475326],[102.642875,16.47567],[102.644054,16.477995],[102.640309,16.484872],[102.63982,16.485105],[102.63847,16.485127],[102.639161,16.486278],[102.639237,16.486817],[102.638838,16.48679],[102.63832,16.487663],[102.640617,16.488958],[102.640529,16.489386],[102.638327,16.489804],[102.638601,16.491892],[102.639537,16.494155],[102.64082,16.495668],[102.639495,16.496209],[102.639692,16.496631],[102.639583,16.49711],[102.640414,16.499101],[102.640301,16.499806],[102.640802,16.500512],[102.640368,16.500618],[102.640822,16.502272],[102.642418,16.503912],[102.642416,16.504399],[102.643855,16.50587],[102.644549,16.507275],[102.645488,16.508157],[102.646618,16.508603],[102.647351,16.509409],[102.647292,16.510141],[102.647676,16.510818],[102.648164,16.511197],[102.648626,16.511031],[102.649613,16.511387],[102.649957,16.512001],[102.64847,16.513672],[102.647556,16.513553],[102.64689,16.51418],[102.646305,16.514252],[102.64574,16.513705],[102.644554,16.514085],[102.644268,16.513892],[102.644514,16.513405],[102.644403,16.513172],[102.643402,16.512988],[102.642872,16.513153],[102.642236,16.515779],[102.641541,16.51635],[102.642229,16.517116],[102.642654,16.518349],[102.642453,16.519044],[102.643118,16.519165],[102.643366,16.519603],[102.643221,16.519944],[102.642418,16.520084],[102.642115,16.520415],[102.642495,16.520807],[102.642567,16.521455],[102.641743,16.521472],[102.641572,16.521728],[102.642297,16.522481],[102.642111,16.523582],[102.642431,16.524023],[102.641637,16.523955],[102.641251,16.524397],[102.639896,16.524867],[102.639543,16.526116],[102.638482,16.525383],[102.638264,16.525576],[102.638439,16.525907],[102.63792,16.526304],[102.637487,16.525735],[102.636856,16.525696],[102.636968,16.527301],[102.63626,16.527474],[102.636227,16.528158],[102.63561,16.528012],[102.635518,16.529107],[102.63473,16.529514],[102.634258,16.531181],[102.63375,16.531725],[102.633793,16.532187],[102.634413,16.532651],[102.633245,16.533077],[102.633216,16.534039],[102.632561,16.534748],[102.631786,16.53497],[102.631119,16.534759],[102.630779,16.53495],[102.630313,16.537135],[102.631408,16.539835],[102.632966,16.541853],[102.635447,16.543837],[102.638639,16.547875],[102.639636,16.548623],[102.639796,16.54899],[102.641532,16.549516],[102.646343,16.556291],[102.652626,16.566507],[102.653295,16.56693],[102.65441,16.568415],[102.655284,16.568976],[102.656899,16.571013],[102.657711,16.572793],[102.664375,16.599584],[102.665838,16.59909],[102.667344,16.599247],[102.668114,16.598847],[102.668337,16.599789],[102.669994,16.599734],[102.671021,16.599516],[102.671771,16.598531],[102.67265,16.598347],[102.673048,16.597881],[102.674031,16.597822],[102.675042,16.59822],[102.675575,16.597923],[102.677229,16.597877],[102.677763,16.598255],[102.678204,16.598199],[102.678611,16.598599],[102.682585,16.603676],[102.682739,16.606564],[102.68196,16.608949],[102.679939,16.613253],[102.680272,16.614399],[102.68407,16.618068],[102.683379,16.614991],[102.6836,16.61265],[102.686968,16.606243],[102.6871,16.605022],[102.687797,16.603502],[102.68852,16.604325],[102.688977,16.60333],[102.689494,16.603919],[102.690703,16.602453],[102.68991,16.598836],[102.683121,16.591509],[102.693997,16.580737]]]},"bbox":[102.630313,16.473189,102.738045,16.618068]},{"type":"Feature","id":"eb3e977f-7210-444c-81c8-56aba06f5492","properties":{"id":"eb3e977f-7210-444c-81c8-56aba06f5492","code":"05400112","provinceCode":"40","nameTh":"เทศบาลตำบล พระลับ","nameEn":null,"geometryType":"MUNICIPALITY","sourceUrl":"https://landometer.com/api/v2/citymeter-v3/grocery/info/geom/eb3e977f-7210-444c-81c8-56aba06f5492/MUNICIPALITY","sourceSha256":"2dd0fe85071863288f92e6f61500113113a906c6d4283357b3e6803926ccf1ec","retrievedAt":"2026-10-04T05:43:12.196543+00:00","boundaryVintage":null,"geometryStatus":"native_source_polygon_display_simplified","simplificationToleranceDegrees":0.00015,"simplificationPreservesTopology":true,"invalidSourceRepair":"make_valid; retain polygonal components; discard zero-area collapsed lines","legalBoundaryIndependentlyVerified":false,"areaId":"eb3e977f-7210-444c-81c8-56aba06f5492"},"geometry":{"type":"MultiPolygon","coordinates":[[[[102.877596,16.367883],[102.87754,16.367955],[102.878688,16.36811],[102.877596,16.367883]]],[[[102.88836,16.436546],[102.894983,16.440118],[102.901244,16.438445],[102.901304,16.436322],[102.894649,16.430258],[102.896828,16.420668],[102.900663,16.417045],[102.910288,16.417668],[102.910012,16.414077],[102.915203,16.413324],[102.913865,16.409495],[102.923469,16.401067],[102.921947,16.395776],[102.922256,16.393759],[102.921935,16.395736],[102.922707,16.390975],[102.933959,16.383795],[102.934259,16.382766],[102.936219,16.380055],[102.937859,16.377014],[102.934097,16.376995],[102.930725,16.37742],[102.926466,16.379825],[102.924815,16.380097],[102.924158,16.379777],[102.922979,16.378545],[102.920671,16.377546],[102.920377,16.376472],[102.921049,16.373897],[102.920759,16.373337],[102.920301,16.373338],[102.920295,16.373121],[102.915843,16.37737],[102.911034,16.373539],[102.899742,16.371727],[102.897463,16.374587],[102.899742,16.377],[102.898304,16.379965],[102.898583,16.388842],[102.890114,16.390376],[102.888493,16.389717],[102.889202,16.387689],[102.886387,16.386666],[102.885974,16.384314],[102.882187,16.384022],[102.884642,16.381912],[102.882822,16.379072],[102.890967,16.373285],[102.891676,16.371039],[102.887078,16.371288],[102.883312,16.36902],[102.879992,16.370767],[102.878688,16.36811],[102.869034,16.380463],[102.865473,16.388838],[102.855506,16.398883],[102.853185,16.398465],[102.84977,16.405623],[102.875329,16.420121],[102.876325,16.424794],[102.87595,16.433948],[102.858838,16.456362],[102.858554,16.458707],[102.867855,16.456953],[102.875298,16.453263],[102.876712,16.450961],[102.87391,16.449462],[102.873814,16.446385],[102.8791,16.439956],[102.881537,16.439354],[102.884107,16.441232],[102.88836,16.436546]]]]},"bbox":[102.84977,16.367883,102.937859,16.458707]},{"type":"Feature","id":"446a780a-b17c-4f6a-9bd1-1434e8957450","properties":{"id":"446a780a-b17c-4f6a-9bd1-1434e8957450","code":"05400120","provinceCode":"40","nameTh":"เทศบาลตำบล บึงเนียม","nameEn":null,"geometryType":"MUNICIPALITY","sourceUrl":"https://landometer.com/api/v2/citymeter-v3/grocery/info/geom/446a780a-b17c-4f6a-9bd1-1434e8957450/MUNICIPALITY","sourceSha256":"1f5abadc36f941615eefe4e4f1d128512dd0e10e409dc59fd6b198f1215dcf87","retrievedAt":"2026-10-04T05:43:12.273706+00:00","boundaryVintage":null,"geometryStatus":"native_source_polygon_display_simplified","simplificationToleranceDegrees":0.00015,"simplificationPreservesTopology":true,"invalidSourceRepair":"make_valid; retain polygonal components; discard zero-area collapsed lines","legalBoundaryIndependentlyVerified":false,"areaId":"446a780a-b17c-4f6a-9bd1-1434e8957450"},"geometry":{"type":"MultiPolygon","coordinates":[[[[102.929355,16.454287],[102.934942,16.455688],[102.93945,16.452593],[102.93778,16.449587],[102.933964,16.448577],[102.934851,16.44472],[102.940922,16.445575],[102.94124,16.446749],[102.938457,16.447771],[102.940913,16.451142],[102.945718,16.449232],[102.943089,16.442284],[102.947666,16.439567],[102.949097,16.439499],[102.949743,16.438407],[102.949683,16.437042],[102.94865,16.435234],[102.949361,16.433328],[102.948266,16.432349],[102.947461,16.429365],[102.947942,16.427161],[102.947849,16.424341],[102.948256,16.422255],[102.948699,16.421542],[102.949861,16.42095],[102.951196,16.421437],[102.952082,16.422333],[102.952253,16.424476],[102.952856,16.425484],[102.957311,16.428045],[102.958055,16.428177],[102.958584,16.427962],[102.959218,16.426722],[102.958934,16.425766],[102.957719,16.424236],[102.957285,16.42332],[102.957352,16.422537],[102.958105,16.420996],[102.957355,16.41873],[102.955617,16.416672],[102.953382,16.414965],[102.953443,16.41438],[102.954089,16.413873],[102.956587,16.413638],[102.95654,16.412874],[102.951257,16.408934],[102.949931,16.408775],[102.947384,16.409917],[102.946773,16.409707],[102.946505,16.408848],[102.946555,16.407433],[102.94754,16.405516],[102.947602,16.404813],[102.947349,16.404414],[102.946031,16.403646],[102.94581,16.4032],[102.945988,16.402362],[102.9466,16.402102],[102.947318,16.402265],[102.948774,16.403261],[102.949688,16.40346],[102.95174,16.402631],[102.953941,16.402754],[102.95547,16.402296],[102.95634,16.401714],[102.95699,16.400712],[102.957,16.39987],[102.956545,16.398722],[102.955901,16.39794],[102.955296,16.397638],[102.953802,16.398818],[102.95308,16.39883],[102.952657,16.398497],[102.952179,16.396965],[102.950842,16.395894],[102.950288,16.395132],[102.950832,16.393305],[102.950128,16.390236],[102.949352,16.389229],[102.948471,16.38925],[102.947051,16.390563],[102.945999,16.390814],[102.945214,16.390646],[102.943824,16.389513],[102.943144,16.389548],[102.942498,16.390407],[102.942831,16.391891],[102.942695,16.392573],[102.941494,16.393192],[102.94011,16.392999],[102.939836,16.392541],[102.939578,16.390263],[102.940383,16.388073],[102.939791,16.385777],[102.938952,16.385379],[102.937902,16.386176],[102.937186,16.387049],[102.937096,16.388718],[102.936262,16.389177],[102.935513,16.388475],[102.935586,16.38644],[102.934431,16.38484],[102.934109,16.383516],[102.933959,16.383795],[102.922707,16.390975],[102.921947,16.395776],[102.923469,16.401067],[102.913865,16.409495],[102.915203,16.413324],[102.910012,16.414077],[102.910288,16.417668],[102.900663,16.417045],[102.896828,16.420668],[102.894649,16.430258],[102.901304,16.436322],[102.901244,16.438445],[102.894983,16.440118],[102.88836,16.436546],[102.884107,16.441232],[102.881537,16.439354],[102.8791,16.439956],[102.873814,16.446385],[102.87391,16.449462],[102.876712,16.450961],[102.875148,16.453607],[102.876216,16.456449],[102.874821,16.460725],[102.887499,16.462],[102.903315,16.467879],[102.90351560598023,16.467897674363826],[102.904955,16.466224],[102.907493,16.467027],[102.914093,16.464653],[102.910532,16.457017],[102.911688,16.453989],[102.921076,16.45298],[102.929242,16.449715],[102.929355,16.454287]]],[[[102.90351560598023,16.467897674363826],[102.903158,16.468353],[102.903516,16.467898],[102.90351560598023,16.467897674363826]]]]},"bbox":[102.873814,16.383516,102.959218,16.468353]},{"type":"Feature","id":"2785640a-a2e9-43ea-ad39-0819d08a2ec4","properties":{"id":"2785640a-a2e9-43ea-ad39-0819d08a2ec4","code":"05400201","provinceCode":"40","nameTh":"เทศบาลตำบล บ้านฝาง","nameEn":null,"geometryType":"MUNICIPALITY","sourceUrl":"https://landometer.com/api/v2/citymeter-v3/grocery/info/geom/2785640a-a2e9-43ea-ad39-0819d08a2ec4/MUNICIPALITY","sourceSha256":"6d4f6072d5f076f34e690b407b3863de082746b94467cf66db152dba5dc3511d","retrievedAt":"2026-10-04T05:43:12.273338+00:00","boundaryVintage":null,"geometryStatus":"native_source_polygon_display_simplified","simplificationToleranceDegrees":0.00015,"simplificationPreservesTopology":true,"invalidSourceRepair":"make_valid; retain polygonal components; discard zero-area collapsed lines","legalBoundaryIndependentlyVerified":false,"areaId":"2785640a-a2e9-43ea-ad39-0819d08a2ec4"},"geometry":{"type":"Polygon","coordinates":[[[102.642229,16.445326],[102.642273,16.443035],[102.636472,16.443464],[102.636427,16.450995],[102.627767,16.458298],[102.632845,16.464019],[102.644811,16.458425],[102.646144,16.4576],[102.64875,16.457408],[102.649211,16.457571],[102.650051,16.457119],[102.650745,16.457309],[102.652723,16.456158],[102.651834,16.445689],[102.642229,16.445326]]]},"bbox":[102.627767,16.443035,102.652723,16.464019]},{"type":"Feature","id":"befe5b11-5e99-4f2a-9a0e-d0cdedeefe07","properties":{"id":"befe5b11-5e99-4f2a-9a0e-d0cdedeefe07","code":"05400202","provinceCode":"40","nameTh":"เทศบาลตำบล ป่ามะนาว","nameEn":null,"geometryType":"MUNICIPALITY","sourceUrl":"https://landometer.com/api/v2/citymeter-v3/grocery/info/geom/befe5b11-5e99-4f2a-9a0e-d0cdedeefe07/MUNICIPALITY","sourceSha256":"c88bd8bc9627224a668e9edf89935b080459844ac6a698194681e001f786a747","retrievedAt":"2026-10-04T05:43:12.285448+00:00","boundaryVintage":null,"geometryStatus":"native_source_polygon_display_simplified","simplificationToleranceDegrees":0.00015,"simplificationPreservesTopology":true,"invalidSourceRepair":"make_valid; retain polygonal components; discard zero-area collapsed lines","legalBoundaryIndependentlyVerified":false,"areaId":"befe5b11-5e99-4f2a-9a0e-d0cdedeefe07"},"geometry":{"type":"Polygon","coordinates":[[[102.599525,16.384522],[102.619006,16.383735],[102.625674,16.379055],[102.616649,16.373058],[102.61628,16.367597],[102.621971,16.362168],[102.621329,16.360755],[102.621458,16.359935],[102.62033,16.359734],[102.620192,16.358976],[102.620872,16.358729],[102.620254,16.358068],[102.620515,16.357697],[102.620334,16.357303],[102.618263,16.356359],[102.617528,16.356685],[102.617042,16.356448],[102.616896,16.357037],[102.615803,16.35689],[102.61551,16.356436],[102.613943,16.355739],[102.612419,16.353682],[102.612138,16.3536],[102.612188,16.351667],[102.611887,16.351378],[102.610492,16.351717],[102.605605,16.349197],[102.593988,16.348446],[102.589719,16.347977],[102.587452,16.347388],[102.585127,16.347829],[102.580703,16.348134],[102.576309,16.347094],[102.572992,16.346723],[102.567214,16.34667],[102.564594,16.348155],[102.563871,16.3478],[102.562793,16.348991],[102.561318,16.349706],[102.559207,16.349606],[102.555041,16.349884],[102.553298,16.35123],[102.550373,16.352572],[102.548401,16.354217],[102.544685,16.356316],[102.536599,16.345866],[102.531733,16.346102],[102.531523,16.345536],[102.526912,16.34297],[102.525777,16.345063],[102.523328,16.348217],[102.522687,16.349399],[102.521571,16.352244],[102.52155,16.35387],[102.524742,16.35961],[102.528976,16.363798],[102.532413,16.365408],[102.535353,16.367872],[102.536969,16.368773],[102.54081,16.371934],[102.543542,16.374726],[102.546028,16.378962],[102.548808,16.384694],[102.549405,16.387472],[102.551274,16.392086],[102.561182,16.392628],[102.56887901814079,16.389326421161226],[102.596815,16.385999],[102.599525,16.384522]],[[102.568404,16.389383],[102.56888,16.389326],[102.56887901814079,16.389326421161226],[102.568404,16.389383]]]},"bbox":[102.521416,16.34297,102.625674,16.392628]},{"type":"Feature","id":"824137ee-358f-49ce-95e1-631ca3f14c2f","properties":{"id":"824137ee-358f-49ce-95e1-631ca3f14c2f","code":"05400203","provinceCode":"40","nameTh":"เทศบาลตำบล โนนฆ้อง","nameEn":null,"geometryType":"MUNICIPALITY","sourceUrl":"https://landometer.com/api/v2/citymeter-v3/grocery/info/geom/824137ee-358f-49ce-95e1-631ca3f14c2f/MUNICIPALITY","sourceSha256":"fcbc2586cfb60ace9912ff61a0e89f92923e16aea49d0c62c992bb63e0e086a9","retrievedAt":"2026-10-04T05:43:12.273527+00:00","boundaryVintage":null,"geometryStatus":"native_source_polygon_display_simplified","simplificationToleranceDegrees":0.00015,"simplificationPreservesTopology":true,"invalidSourceRepair":"make_valid; retain polygonal components; discard zero-area collapsed lines","legalBoundaryIndependentlyVerified":false,"areaId":"824137ee-358f-49ce-95e1-631ca3f14c2f"},"geometry":{"type":"MultiPolygon","coordinates":[[[[102.580741,16.457049],[102.5815821381172,16.456935697176313],[102.587382,16.441661],[102.592498,16.447658],[102.595544,16.423268],[102.606037,16.421721],[102.615669,16.415323],[102.615049,16.410819],[102.614757,16.41079],[102.614063,16.403545],[102.61609,16.402995],[102.618702,16.40491],[102.621359,16.402613],[102.621607,16.394839],[102.619251,16.391013],[102.619006,16.383735],[102.599525,16.384522],[102.596815,16.385999],[102.56888,16.389326],[102.561182,16.392628],[102.551274,16.392086],[102.549405,16.387472],[102.550791,16.393199],[102.550829,16.401645],[102.550346,16.404506],[102.55165,16.408856],[102.551769,16.41058],[102.551521,16.416442],[102.55209,16.432634],[102.552652,16.438424],[102.553423,16.44147],[102.558332,16.453444],[102.56127,16.461308],[102.562393,16.462881],[102.572979,16.461041],[102.577909,16.463312],[102.580741,16.457049]]],[[[102.581583,16.456936],[102.5815821381172,16.456935697176313],[102.581227,16.457871],[102.581583,16.456936]]]]},"bbox":[102.549405,16.383735,102.621607,16.463312]},{"type":"Feature","id":"f9f6a624-f8b6-4cfe-98f2-0943e98c240b","properties":{"id":"f9f6a624-f8b6-4cfe-98f2-0943e98c240b","code":"05400204","provinceCode":"40","nameTh":"เทศบาลตำบล โคกงาม","nameEn":null,"geometryType":"MUNICIPALITY","sourceUrl":"https://landometer.com/api/v2/citymeter-v3/grocery/info/geom/f9f6a624-f8b6-4cfe-98f2-0943e98c240b/MUNICIPALITY","sourceSha256":"e44f95ddf4dc039453827872d4aee88f759aa8cb04ba656e5c98a25987ae2544","retrievedAt":"2026-10-04T05:43:12.278657+00:00","boundaryVintage":null,"geometryStatus":"native_source_polygon_display_simplified","simplificationToleranceDegrees":0.00015,"simplificationPreservesTopology":true,"invalidSourceRepair":"make_valid; retain polygonal components; discard zero-area collapsed lines","legalBoundaryIndependentlyVerified":false,"areaId":"f9f6a624-f8b6-4cfe-98f2-0943e98c240b"},"geometry":{"type":"Polygon","coordinates":[[[102.633196,16.534086],[102.633357,16.53296],[102.633999,16.532944],[102.634413,16.532651],[102.633793,16.532187],[102.63375,16.531725],[102.634258,16.531181],[102.63473,16.529514],[102.635518,16.529107],[102.63561,16.528012],[102.636268,16.528136],[102.63626,16.527474],[102.636855,16.527449],[102.637054,16.52713],[102.636856,16.525696],[102.637487,16.525735],[102.63792,16.526304],[102.638439,16.525907],[102.638264,16.525576],[102.638482,16.525383],[102.639543,16.526116],[102.639892,16.524871],[102.609775,16.521177],[102.596854,16.533925],[102.577845,16.538783],[102.578105,16.541988],[102.578035,16.544701],[102.578866,16.551183],[102.578731,16.552715],[102.579349,16.554979],[102.579543,16.557866],[102.580367,16.562167],[102.581096,16.5683],[102.582533,16.571948],[102.583412,16.577414],[102.582584,16.583169],[102.58048,16.586733],[102.579567,16.589186],[102.578918,16.594536],[102.579523,16.59713],[102.579725,16.600298],[102.579373,16.602932],[102.57974,16.609705],[102.579541,16.613264],[102.580175,16.616505],[102.578936,16.619291],[102.576895,16.621121],[102.575802,16.622829],[102.575522,16.624271],[102.575741,16.625833],[102.576335,16.627315],[102.575465,16.631594],[102.575782,16.634443],[102.577448,16.638821],[102.578775,16.641463],[102.580225,16.643107],[102.583624,16.645823],[102.590669,16.648887],[102.593634,16.649596],[102.599969,16.651643],[102.604466,16.653488],[102.611634,16.655293],[102.601896,16.610375],[102.604861,16.609595],[102.606978,16.604885],[102.608999,16.603934],[102.609701,16.599399],[102.612533,16.599619],[102.614491,16.593087],[102.617024,16.590435],[102.616987,16.586943],[102.619666,16.584978],[102.61767,16.580915],[102.619306,16.578735],[102.618422,16.575334],[102.619993,16.572977],[102.618676,16.571252],[102.620501,16.570765],[102.619554,16.568817],[102.621506,16.563057],[102.619648,16.561185],[102.621613,16.556471],[102.620435,16.552083],[102.624124,16.550793],[102.625525,16.547471],[102.628616,16.546762],[102.627298,16.540039],[102.629192,16.535345],[102.630077,16.535332],[102.630565,16.535952],[102.630779,16.53495],[102.631119,16.534759],[102.631786,16.53497],[102.632481,16.534793],[102.633196,16.534086]]]},"bbox":[102.575459,16.521177,102.639892,16.655293]},{"type":"Feature","id":"74071c10-4867-4d09-94e5-4f7e41edaa9e","properties":{"id":"74071c10-4867-4d09-94e5-4f7e41edaa9e","code":"05400205","provinceCode":"40","nameTh":"เทศบาลตำบล แก่นฝาง","nameEn":null,"geometryType":"MUNICIPALITY","sourceUrl":"https://landometer.com/api/v2/citymeter-v3/grocery/info/geom/74071c10-4867-4d09-94e5-4f7e41edaa9e/MUNICIPALITY","sourceSha256":"0447b0bab95ae6ce367c78ae4ec38e6935a92b4577e8d32e96304086a8d0f0ab","retrievedAt":"2026-10-04T05:43:12.286614+00:00","boundaryVintage":null,"geometryStatus":"native_source_polygon_display_simplified","simplificationToleranceDegrees":0.00015,"simplificationPreservesTopology":true,"invalidSourceRepair":"make_valid; retain polygonal components; discard zero-area collapsed lines","legalBoundaryIndependentlyVerified":false,"areaId":"74071c10-4867-4d09-94e5-4f7e41edaa9e"},"geometry":{"type":"Polygon","coordinates":[[[102.648164,16.511197],[102.647446,16.510531],[102.647351,16.509409],[102.646618,16.508603],[102.645488,16.508157],[102.644549,16.507275],[102.643855,16.50587],[102.642416,16.504399],[102.642418,16.503912],[102.640822,16.502272],[102.640368,16.500618],[102.640802,16.500512],[102.640301,16.499806],[102.640416,16.499108],[102.639583,16.49711],[102.639692,16.496631],[102.639495,16.496209],[102.64082,16.495668],[102.639774,16.494521],[102.639163,16.493374],[102.638601,16.491892],[102.638327,16.489804],[102.640613,16.489292],[102.640617,16.488958],[102.63832,16.487663],[102.638838,16.48679],[102.639237,16.486817],[102.639161,16.486278],[102.63847,16.485127],[102.63982,16.485105],[102.640309,16.484872],[102.644054,16.477995],[102.642825,16.475503],[102.644249,16.474792],[102.645313,16.474761],[102.645412,16.474521],[102.645544,16.473052],[102.645311,16.472705],[102.644793,16.472548],[102.64408,16.470554],[102.645502,16.468768],[102.644594,16.466405],[102.644766,16.465636],[102.645273,16.465132],[102.645146,16.464072],[102.645435,16.463525],[102.64427,16.46036],[102.645158,16.460061],[102.644672,16.45914],[102.644811,16.458425],[102.632845,16.464019],[102.627767,16.458298],[102.636427,16.450995],[102.636472,16.443464],[102.642273,16.443035],[102.642229,16.445326],[102.651834,16.445689],[102.652722,16.456154],[102.653319,16.455757],[102.653236,16.455375],[102.652687,16.454889],[102.65283,16.453616],[102.654568,16.452701],[102.654586,16.452319],[102.655339,16.451754],[102.659647,16.451647],[102.663845,16.450295],[102.665482,16.449324],[102.663907,16.4405],[102.664772,16.439651],[102.663945,16.439013],[102.66458,16.438199],[102.665352,16.438145],[102.666324,16.437488],[102.666525,16.436917],[102.667231,16.436698],[102.66754,16.436285],[102.667695,16.434575],[102.668448,16.434593],[102.670116,16.432768],[102.67168,16.431798],[102.672566,16.430783],[102.672929,16.42987],[102.670031,16.429142],[102.668285,16.428397],[102.670213,16.426478],[102.670179,16.426077],[102.671149,16.424243],[102.668289,16.421726],[102.664776,16.423933],[102.660625,16.423173],[102.647421,16.426986],[102.621793,16.415854],[102.621218,16.411435],[102.615049,16.410819],[102.615669,16.415323],[102.606037,16.421721],[102.595544,16.423268],[102.592498,16.447658],[102.587382,16.441661],[102.581227,16.457871],[102.588895,16.460454],[102.591681,16.456316],[102.595863,16.460416],[102.606238,16.457495],[102.604148,16.45359],[102.607574,16.45317],[102.623557,16.463106],[102.619451,16.471485],[102.622735,16.479604],[102.627971,16.476465],[102.628443,16.478185],[102.628445,16.479101],[102.621578,16.491218],[102.616717,16.498152],[102.613422,16.500068],[102.610489,16.505523],[102.610175,16.508921],[102.613221,16.516322],[102.609775,16.521177],[102.639892,16.524871],[102.641251,16.524397],[102.641637,16.523955],[102.642451,16.523976],[102.642111,16.523582],[102.642297,16.522481],[102.641572,16.521728],[102.641743,16.521472],[102.642567,16.521455],[102.642495,16.520807],[102.642115,16.520415],[102.642418,16.520084],[102.643221,16.519944],[102.643366,16.519603],[102.643118,16.519165],[102.642453,16.519044],[102.642654,16.518349],[102.642229,16.517116],[102.641541,16.51635],[102.642236,16.515779],[102.642872,16.513153],[102.643402,16.512988],[102.644403,16.513172],[102.644514,16.513405],[102.644268,16.513892],[102.644554,16.514085],[102.64574,16.513705],[102.646361,16.514261],[102.647119,16.514109],[102.647556,16.513553],[102.648411,16.513706],[102.649808,16.512277],[102.649973,16.511769],[102.649613,16.511387],[102.648626,16.511031],[102.648164,16.511197]]]},"bbox":[102.581227,16.410819,102.672929,16.524871]},{"type":"Feature","id":"e5d97da5-b284-415d-b07f-5890b185acd4","properties":{"id":"e5d97da5-b284-415d-b07f-5890b185acd4","code":"05400208","provinceCode":"40","nameTh":"เทศบาลตำบล หนองบัว","nameEn":null,"geometryType":"MUNICIPALITY","sourceUrl":"https://landometer.com/api/v2/citymeter-v3/grocery/info/geom/e5d97da5-b284-415d-b07f-5890b185acd4/MUNICIPALITY","sourceSha256":"b5f1ea5a6a3157f747fd69962e1b84d33f01fcf92433f87ace6adc5fffc83675","retrievedAt":"2026-10-04T05:43:12.284891+00:00","boundaryVintage":null,"geometryStatus":"native_source_polygon_display_simplified","simplificationToleranceDegrees":0.00015,"simplificationPreservesTopology":true,"invalidSourceRepair":"make_valid; retain polygonal components; discard zero-area collapsed lines","legalBoundaryIndependentlyVerified":false,"areaId":"e5d97da5-b284-415d-b07f-5890b185acd4"},"geometry":{"type":"Polygon","coordinates":[[[102.613422,16.500068],[102.616717,16.498152],[102.621804,16.490885],[102.628445,16.479101],[102.628443,16.478185],[102.627971,16.476465],[102.622735,16.479604],[102.619451,16.471485],[102.623557,16.463106],[102.607574,16.45317],[102.604148,16.45359],[102.606238,16.457495],[102.595863,16.460416],[102.591681,16.456316],[102.588895,16.460454],[102.581227,16.457871],[102.581583,16.456936],[102.580885,16.456931],[102.577909,16.463312],[102.572979,16.461041],[102.562393,16.462881],[102.562896,16.463829],[102.563861,16.467416],[102.564671,16.469156],[102.566294,16.474757],[102.566281,16.475167],[102.565289,16.475283],[102.567487,16.48122],[102.568046,16.483489],[102.568553,16.484438],[102.570793,16.494812],[102.571533,16.495833],[102.573361,16.503661],[102.573591,16.506515],[102.574003,16.507324],[102.57389,16.508572],[102.574282,16.50886],[102.573994,16.509661],[102.574117,16.510639],[102.574464,16.512137],[102.574974,16.512926],[102.575667,16.516924],[102.575284,16.519776],[102.575636,16.527391],[102.577598,16.535886],[102.577845,16.538783],[102.596854,16.533925],[102.609775,16.521177],[102.613221,16.516322],[102.610175,16.508921],[102.610489,16.505523],[102.613422,16.500068]]]},"bbox":[102.562393,16.45317,102.628445,16.538783]},{"type":"Feature","id":"447c7f4e-0644-4882-aab2-e3fb038e2894","properties":{"id":"447c7f4e-0644-4882-aab2-e3fb038e2894","code":"05400301","provinceCode":"40","nameTh":"เทศบาลตำบล บ้านโต้น","nameEn":null,"geometryType":"MUNICIPALITY","sourceUrl":"https://landometer.com/api/v2/citymeter-v3/grocery/info/geom/447c7f4e-0644-4882-aab2-e3fb038e2894/MUNICIPALITY","sourceSha256":"9666a8cdb9660a2ce6e145b6522ee13147a3590f8f22d969c850024351720370","retrievedAt":"2026-10-04T05:43:12.285121+00:00","boundaryVintage":null,"geometryStatus":"native_source_polygon_display_simplified","simplificationToleranceDegrees":0.00015,"simplificationPreservesTopology":true,"invalidSourceRepair":"make_valid; retain polygonal components; discard zero-area collapsed lines","legalBoundaryIndependentlyVerified":false,"areaId":"447c7f4e-0644-4882-aab2-e3fb038e2894"},"geometry":{"type":"Polygon","coordinates":[[[102.734017,16.24512],[102.734258,16.246022],[102.732954,16.247098],[102.729983,16.248183],[102.729199,16.248104],[102.726107,16.263362],[102.728113,16.271982],[102.725837,16.272531],[102.724959,16.270605],[102.722865,16.271424],[102.717445,16.269084],[102.70772,16.276603],[102.707799,16.281961],[102.698164,16.283646],[102.695485,16.285931],[102.693009,16.285482],[102.690682,16.28859],[102.690416,16.28863],[102.690282,16.301328],[102.690734,16.297477],[102.711756,16.299642],[102.722804,16.303955],[102.755071,16.292357],[102.772315,16.29856],[102.771321,16.29653],[102.771991,16.294334],[102.771849,16.293461],[102.771434,16.292451],[102.769993,16.291355],[102.768868,16.289821],[102.767694,16.289604],[102.766985,16.290088],[102.766673,16.290658],[102.766756,16.291261],[102.767651,16.292707],[102.767365,16.295204],[102.767162,16.295575],[102.766744,16.295701],[102.766094,16.295286],[102.761237,16.289271],[102.761195,16.288667],[102.761556,16.28821],[102.764021,16.287093],[102.764424,16.286425],[102.764488,16.285788],[102.764009,16.279666],[102.763506,16.279376],[102.762178,16.279391],[102.761468,16.279118],[102.760782,16.278137],[102.760813,16.277579],[102.76121,16.277012],[102.762627,16.276651],[102.762822,16.275681],[102.762394,16.274068],[102.761592,16.27336],[102.760922,16.272334],[102.760663,16.271263],[102.760905,16.269645],[102.759799,16.267679],[102.758644,16.266802],[102.757618,16.265536],[102.756395,16.262199],[102.754202,16.257544],[102.753198,16.256249],[102.752619,16.255797],[102.750141,16.255553],[102.749039,16.254928],[102.74735,16.252709],[102.745617,16.251608],[102.74356,16.248823],[102.743223,16.248015],[102.743265,16.247381],[102.745768,16.24477],[102.745641,16.243365],[102.745388,16.242874],[102.744382,16.242598],[102.740533,16.244032],[102.739455,16.244179],[102.736824,16.243333],[102.735414,16.243593],[102.734084,16.243471],[102.733237,16.24419],[102.734017,16.24512]]]},"bbox":[102.690282,16.242578,102.772315,16.303955]},{"type":"Feature","id":"8b913f28-70cc-428a-a336-51c65ff08d5c","properties":{"id":"8b913f28-70cc-428a-a336-51c65ff08d5c","code":"05400302","provinceCode":"40","nameTh":"เทศบาลตำบล พระยืน","nameEn":null,"geometryType":"MUNICIPALITY","sourceUrl":"https://landometer.com/api/v2/citymeter-v3/grocery/info/geom/8b913f28-70cc-428a-a336-51c65ff08d5c/MUNICIPALITY","sourceSha256":"de9186972b2ea4032b18f4a2898030d0a619d82e11b7b562f834b906aebcfffc","retrievedAt":"2026-10-04T05:43:12.387323+00:00","boundaryVintage":null,"geometryStatus":"native_source_polygon_display_simplified","simplificationToleranceDegrees":0.00015,"simplificationPreservesTopology":true,"invalidSourceRepair":"make_valid; retain polygonal components; discard zero-area collapsed lines","legalBoundaryIndependentlyVerified":false,"areaId":"8b913f28-70cc-428a-a336-51c65ff08d5c"},"geometry":{"type":"MultiPolygon","coordinates":[[[[102.64749,16.334552],[102.650195,16.340541],[102.655591,16.34335],[102.663285,16.338433],[102.665498,16.335301],[102.65999,16.331593],[102.658735,16.327532],[102.652205,16.320445],[102.649614,16.316358],[102.638505,16.322843],[102.64749,16.334552]]],[[[102.661005,16.332276],[102.66125153666196,16.332007139001412],[102.65999,16.331593],[102.661005,16.332276]]],[[[102.66125153666196,16.332007139001412],[102.663487,16.332741],[102.661252,16.332007],[102.66125153666196,16.332007139001412]]]]},"bbox":[102.638505,16.316358,102.665498,16.34335]},{"type":"Feature","id":"6e0a9a7b-f039-4489-b480-e77d23038a16","properties":{"id":"6e0a9a7b-f039-4489-b480-e77d23038a16","code":"05400303","provinceCode":"40","nameTh":"เทศบาลตำบล พระบุ","nameEn":null,"geometryType":"MUNICIPALITY","sourceUrl":"https://landometer.com/api/v2/citymeter-v3/grocery/info/geom/6e0a9a7b-f039-4489-b480-e77d23038a16/MUNICIPALITY","sourceSha256":"67df210556a433f8db15bcde2e72c57b1b7e84f9e6d4eb912a952c3717f1eb3c","retrievedAt":"2026-10-04T05:43:12.388329+00:00","boundaryVintage":null,"geometryStatus":"native_source_polygon_display_simplified","simplificationToleranceDegrees":0.00015,"simplificationPreservesTopology":true,"invalidSourceRepair":"make_valid; retain polygonal components; discard zero-area collapsed lines","legalBoundaryIndependentlyVerified":false,"areaId":"6e0a9a7b-f039-4489-b480-e77d23038a16"},"geometry":{"type":"Polygon","coordinates":[[[102.678364,16.285455],[102.684838,16.282065],[102.687407,16.28909],[102.690682,16.28859],[102.693009,16.285482],[102.695485,16.285931],[102.698164,16.283646],[102.707799,16.281961],[102.70772,16.276603],[102.717445,16.269084],[102.722865,16.271424],[102.724959,16.270605],[102.725837,16.272531],[102.728113,16.271982],[102.726107,16.263362],[102.729214,16.248099],[102.729095,16.247537],[102.729564,16.246988],[102.731548,16.246687],[102.73221,16.2462],[102.732373,16.245255],[102.731955,16.244275],[102.73123,16.24349],[102.730731,16.243333],[102.726768,16.244409],[102.718155,16.245786],[102.716297,16.245241],[102.714227,16.245405],[102.713569,16.245705],[102.712348,16.247413],[102.71126,16.247541],[102.709445,16.246839],[102.703866,16.241231],[102.70343,16.241241],[102.702277,16.241929],[102.702002,16.243028],[102.701582,16.243581],[102.70043,16.243844],[102.699224,16.244604],[102.698405,16.24446],[102.697417,16.243247],[102.697199,16.240845],[102.696205,16.239335],[102.695606,16.239256],[102.69372,16.239742],[102.694553,16.241035],[102.694721,16.242058],[102.692881,16.245726],[102.692576,16.245734],[102.692358,16.245406],[102.692231,16.244279],[102.692457,16.243316],[102.692276,16.242914],[102.691937,16.24285],[102.691519,16.243185],[102.691439,16.243876],[102.691142,16.244092],[102.688546,16.24388],[102.686798,16.244247],[102.687093,16.244917],[102.68695,16.245226],[102.68635,16.244874],[102.686016,16.245586],[102.685556,16.245125],[102.683838,16.245345],[102.683616,16.245555],[102.683645,16.246004],[102.682364,16.246225],[102.680922,16.246955],[102.680563,16.247426],[102.679845,16.247175],[102.67951,16.247283],[102.67894,16.247902],[102.678944,16.248397],[102.678315,16.24821],[102.677878,16.248356],[102.678279,16.249296],[102.677492,16.249644],[102.677397,16.25008],[102.67763,16.250621],[102.678124,16.250826],[102.678392,16.252112],[102.677646,16.252869],[102.677643,16.253991],[102.676544,16.255071],[102.676452,16.255943],[102.675999,16.256334],[102.675975,16.257571],[102.675578,16.257955],[102.675334,16.259641],[102.674939,16.259905],[102.674793,16.260596],[102.673802,16.261099],[102.672439,16.260705],[102.671667,16.260928],[102.67125,16.261545],[102.671341,16.262172],[102.670179,16.262622],[102.669802,16.262537],[102.669114,16.263246],[102.669089,16.26358],[102.667826,16.264232],[102.666134,16.265537],[102.664904,16.265422],[102.663985,16.266771],[102.668735,16.28121],[102.669921,16.282464],[102.673461,16.281549],[102.675957,16.280331],[102.678364,16.285455]]]},"bbox":[102.663985,16.23925,102.732393,16.28909]},{"type":"Feature","id":"ce2d9f29-33b6-4cee-80d8-c9c6decb4640","properties":{"id":"ce2d9f29-33b6-4cee-80d8-c9c6decb4640","code":"05400305","provinceCode":"40","nameTh":"เทศบาลตำบล พระยืนมิ่งมงคล","nameEn":null,"geometryType":"MUNICIPALITY","sourceUrl":"https://landometer.com/api/v2/citymeter-v3/grocery/info/geom/ce2d9f29-33b6-4cee-80d8-c9c6decb4640/MUNICIPALITY","sourceSha256":"ef156934dbd356cb2c9f8da24b52ff50b94292d9a267bde5677e726a9fbc6b6e","retrievedAt":"2026-10-04T05:43:12.400851+00:00","boundaryVintage":null,"geometryStatus":"native_source_polygon_display_simplified","simplificationToleranceDegrees":0.00015,"simplificationPreservesTopology":true,"invalidSourceRepair":"make_valid; retain polygonal components; discard zero-area collapsed lines","legalBoundaryIndependentlyVerified":false,"areaId":"ce2d9f29-33b6-4cee-80d8-c9c6decb4640"},"geometry":{"type":"Polygon","coordinates":[[[102.694021,16.344273],[102.690427,16.328559],[102.684056,16.331645],[102.66842,16.334361],[102.665405,16.333371],[102.66177,16.332791],[102.665498,16.335301],[102.663285,16.338433],[102.655591,16.34335],[102.650195,16.340541],[102.64749,16.334552],[102.638505,16.322843],[102.646461,16.318198],[102.639031,16.306749],[102.620545,16.299376],[102.616883,16.292677],[102.604506,16.286345],[102.603012,16.286131],[102.602681,16.285354],[102.602341,16.285702],[102.602443,16.286128],[102.601971,16.286412],[102.601719,16.286167],[102.60138,16.286225],[102.601287,16.285699],[102.600868,16.286017],[102.600416,16.285727],[102.597713,16.288576],[102.597282,16.288767],[102.596903,16.288516],[102.596622,16.288615],[102.59645,16.289247],[102.595363,16.289504],[102.595312,16.289978],[102.594705,16.290148],[102.594656,16.290494],[102.594336,16.290607],[102.593948,16.290301],[102.593681,16.290707],[102.593059,16.290951],[102.593396,16.291729],[102.593174,16.291994],[102.5934,16.292545],[102.59299,16.292847],[102.592844,16.293302],[102.592994,16.293818],[102.593341,16.293785],[102.593404,16.294152],[102.592766,16.29485],[102.592216,16.294974],[102.591748,16.295847],[102.590636,16.295152],[102.589487,16.295731],[102.588264,16.298244],[102.588395,16.298695],[102.588172,16.299031],[102.586753,16.299739],[102.586763,16.300448],[102.586255,16.300398],[102.585418,16.300752],[102.585221,16.301074],[102.584792,16.30086],[102.584685,16.301401],[102.584035,16.301267],[102.58404,16.30165],[102.584424,16.301674],[102.584739,16.302026],[102.584047,16.303037],[102.58379,16.302831],[102.583598,16.302953],[102.584054,16.30363],[102.584489,16.303709],[102.584046,16.304142],[102.583836,16.304875],[102.583575,16.304947],[102.583802,16.306316],[102.582926,16.306273],[102.581797,16.306596],[102.5819,16.307125],[102.581377,16.308175],[102.580834,16.308169],[102.580812,16.309132],[102.579952,16.309242],[102.579938,16.309611],[102.579359,16.309806],[102.579413,16.310157],[102.5785,16.310434],[102.578523,16.310772],[102.57786,16.310353],[102.577109,16.310497],[102.576992,16.31083],[102.577379,16.31135],[102.576417,16.311859],[102.575823,16.311411],[102.575887,16.312054],[102.575296,16.312453],[102.574865,16.312212],[102.574512,16.313065],[102.573255,16.313096],[102.572585,16.313972],[102.572162,16.314142],[102.571854,16.314867],[102.571456,16.315069],[102.571405,16.315931],[102.57047,16.315425],[102.569888,16.316141],[102.569073,16.316401],[102.566936,16.316161],[102.566651,16.315845],[102.566446,16.316008],[102.566109,16.315361],[102.565524,16.315125],[102.565606,16.314354],[102.565064,16.313372],[102.563504,16.312901],[102.563231,16.312519],[102.563582,16.312091],[102.562938,16.311661],[102.562634,16.311031],[102.561547,16.311311],[102.560458,16.309894],[102.559666,16.310213],[102.559023,16.309187],[102.557122,16.309005],[102.55589,16.309235],[102.554728,16.308894],[102.552343,16.309183],[102.551887,16.308947],[102.551533,16.308137],[102.549553,16.308137],[102.548867,16.307469],[102.548738,16.306396],[102.548258,16.305448],[102.547499,16.305009],[102.545507,16.304566],[102.539891,16.305711],[102.537984,16.306329],[102.535904,16.307597],[102.53342,16.310602],[102.531937,16.31179],[102.528488,16.311707],[102.526853,16.311886],[102.526477,16.312128],[102.527409,16.313602],[102.528397,16.320488],[102.528944,16.322163],[102.529267,16.322986],[102.531776,16.325921],[102.532203,16.327812],[102.531965,16.329256],[102.53132,16.331025],[102.531377,16.336055],[102.529912,16.337169],[102.530027,16.338026],[102.526912,16.34297],[102.531523,16.345536],[102.531733,16.346102],[102.536599,16.345866],[102.544685,16.356316],[102.548401,16.354217],[102.550373,16.352572],[102.553298,16.35123],[102.555041,16.349884],[102.559207,16.349606],[102.561318,16.349706],[102.562793,16.348991],[102.563871,16.3478],[102.564594,16.348155],[102.567214,16.34667],[102.572992,16.346723],[102.576309,16.347094],[102.580703,16.348134],[102.585127,16.347829],[102.587452,16.347388],[102.589719,16.347977],[102.593988,16.348446],[102.605605,16.349197],[102.610492,16.351717],[102.611962,16.351431],[102.612188,16.351667],[102.612138,16.3536],[102.612419,16.353682],[102.613823,16.355647],[102.61551,16.356436],[102.615803,16.35689],[102.616896,16.357037],[102.617042,16.356448],[102.617528,16.356685],[102.618263,16.356359],[102.619402,16.356789],[102.619833,16.357234],[102.62031,16.357282],[102.620518,16.357656],[102.620254,16.358068],[102.620872,16.358729],[102.620192,16.358976],[102.62033,16.359734],[102.621458,16.359935],[102.621317,16.360699],[102.6215,16.361283],[102.622213,16.361476],[102.62203,16.361883],[102.622294,16.362869],[102.623124,16.362982],[102.623128,16.363405],[102.623768,16.363275],[102.625675,16.363725],[102.626778,16.363123],[102.628294,16.364141],[102.628402,16.363437],[102.629598,16.362758],[102.62969,16.363291],[102.631461,16.363604],[102.631507,16.364138],[102.631289,16.364461],[102.63148,16.364671],[102.631878,16.364521],[102.632497,16.364739],[102.632598,16.364275],[102.63303,16.364162],[102.634215,16.364665],[102.634324,16.365108],[102.634698,16.365275],[102.636089,16.365236],[102.636825,16.364976],[102.638617,16.365122],[102.638603,16.366826],[102.638985,16.367236],[102.640157,16.367386],[102.640444,16.368857],[102.641251,16.369467],[102.641552,16.370272],[102.642327,16.370114],[102.64289,16.370879],[102.644074,16.371113],[102.645492,16.372225],[102.645727,16.372177],[102.64613,16.371417],[102.647071,16.370842],[102.647874,16.372344],[102.648554,16.372232],[102.649101,16.372782],[102.649734,16.372782],[102.650607,16.373368],[102.651354,16.373194],[102.65202,16.373815],[102.652761,16.373478],[102.6532,16.3736],[102.65365,16.373229],[102.654215,16.373659],[102.656042,16.373517],[102.656305,16.373677],[102.656625,16.37333],[102.657381,16.373606],[102.65853,16.373027],[102.658638,16.372448],[102.659028,16.3723],[102.66003,16.372393],[102.660278,16.372774],[102.660854,16.372974],[102.661732,16.372974],[102.662142,16.373689],[102.662927,16.373964],[102.663944,16.373762],[102.665554,16.374451],[102.666148,16.374343],[102.667329,16.375356],[102.66751,16.376021],[102.668045,16.37594],[102.667718,16.376808],[102.667946,16.378138],[102.667814,16.378843],[102.668243,16.380178],[102.668794,16.380579],[102.670518,16.380073],[102.673038,16.38026],[102.673284,16.379988],[102.673963,16.380652],[102.674604,16.38062],[102.675369,16.379418],[102.677075,16.37936],[102.67857,16.378954],[102.67853,16.378213],[102.67928,16.377425],[102.680057,16.37726],[102.681656,16.376347],[102.681665,16.375849],[102.682164,16.376196],[102.682697,16.375785],[102.684718,16.370733],[102.684678,16.370079],[102.688326,16.361518],[102.688775,16.357769],[102.689517,16.357443],[102.689633,16.356393],[102.690138,16.356268],[102.690981,16.355129],[102.690978,16.354693],[102.690383,16.353951],[102.69022,16.352506],[102.691118,16.352315],[102.691883,16.351464],[102.691778,16.351168],[102.692062,16.350646],[102.692588,16.350582],[102.692871,16.350106],[102.693072,16.350416],[102.694593,16.350075],[102.694394,16.34958],[102.695663,16.348739],[102.695412,16.347793],[102.696763,16.346724],[102.695985,16.345273],[102.694021,16.344273]]]},"bbox":[102.526477,16.285352,102.696763,16.380669]},{"type":"Feature","id":"8e8f24d5-9575-4b5f-8661-661e83542470","properties":{"id":"8e8f24d5-9575-4b5f-8661-661e83542470","code":"05400401","provinceCode":"40","nameTh":"เทศบาลตำบล ดอนโมง","nameEn":null,"geometryType":"MUNICIPALITY","sourceUrl":"https://landometer.com/api/v2/citymeter-v3/grocery/info/geom/8e8f24d5-9575-4b5f-8661-661e83542470/MUNICIPALITY","sourceSha256":"5c5af886c1535d72c226b28b483fa2ede62a1b37ab3d55ff45bca24feb0addb4","retrievedAt":"2026-10-04T05:43:12.387251+00:00","boundaryVintage":null,"geometryStatus":"native_source_polygon_display_simplified","simplificationToleranceDegrees":0.00015,"simplificationPreservesTopology":true,"invalidSourceRepair":"make_valid; retain polygonal components; discard zero-area collapsed lines","legalBoundaryIndependentlyVerified":false,"areaId":"8e8f24d5-9575-4b5f-8661-661e83542470"},"geometry":{"type":"Polygon","coordinates":[[[102.533131,16.475734],[102.534153,16.483802],[102.53248,16.486284],[102.534251,16.487268],[102.532708,16.49178],[102.534073,16.492755],[102.530661,16.495236],[102.530012,16.497859],[102.554859,16.496682],[102.551739,16.476551],[102.533131,16.475734]]]},"bbox":[102.530012,16.475734,102.554859,16.497859]},{"type":"Feature","id":"2167f3de-0112-4ee0-83ed-e844aef9173e","properties":{"id":"2167f3de-0112-4ee0-83ed-e844aef9173e","code":"05400402","provinceCode":"40","nameTh":"เทศบาลตำบล หนองแก","nameEn":null,"geometryType":"MUNICIPALITY","sourceUrl":"https://landometer.com/api/v2/citymeter-v3/grocery/info/geom/2167f3de-0112-4ee0-83ed-e844aef9173e/MUNICIPALITY","sourceSha256":"677d11492de6bdcd0b10fcc647ed422bda8b4ea70440e9cc400f8fb7779a43bf","retrievedAt":"2026-10-04T05:43:12.387143+00:00","boundaryVintage":null,"geometryStatus":"native_source_polygon_display_simplified","simplificationToleranceDegrees":0.00015,"simplificationPreservesTopology":true,"invalidSourceRepair":"make_valid; retain polygonal components; discard zero-area collapsed lines","legalBoundaryIndependentlyVerified":false,"areaId":"2167f3de-0112-4ee0-83ed-e844aef9173e"},"geometry":{"type":"Polygon","coordinates":[[[102.304652,16.506853],[102.291632,16.512264],[102.290821,16.517344],[102.289502,16.517886],[102.289754,16.518898],[102.288359,16.521184],[102.287878,16.522543],[102.286644,16.523694],[102.307998,16.514889],[102.304652,16.506853]]]},"bbox":[102.286644,16.506853,102.307998,16.523694]},{"type":"Feature","id":"1c09ab41-abb9-4846-a6e5-22e853cae2fa","properties":{"id":"1c09ab41-abb9-4846-a6e5-22e853cae2fa","code":"05400403","provinceCode":"40","nameTh":"เทศบาลตำบล หนองเรือ","nameEn":null,"geometryType":"MUNICIPALITY","sourceUrl":"https://landometer.com/api/v2/citymeter-v3/grocery/info/geom/1c09ab41-abb9-4846-a6e5-22e853cae2fa/MUNICIPALITY","sourceSha256":"acfc06291655d679a863a9484446f8b39965bcb369b62ac5f6fa45b922916e2d","retrievedAt":"2026-10-04T05:43:12.388021+00:00","boundaryVintage":null,"geometryStatus":"native_source_polygon_display_simplified","simplificationToleranceDegrees":0.00015,"simplificationPreservesTopology":true,"invalidSourceRepair":"make_valid; retain polygonal components; discard zero-area collapsed lines","legalBoundaryIndependentlyVerified":false,"areaId":"1c09ab41-abb9-4846-a6e5-22e853cae2fa"},"geometry":{"type":"Polygon","coordinates":[[[102.44637,16.501875],[102.443832,16.483283],[102.426933,16.485397],[102.429049,16.504135],[102.44637,16.501875]]]},"bbox":[102.426933,16.483283,102.44637,16.504135]},{"type":"Feature","id":"33e2eca2-1949-4e1d-b7b5-d6dbb480c01b","properties":{"id":"33e2eca2-1949-4e1d-b7b5-d6dbb480c01b","code":"05400404","provinceCode":"40","nameTh":"เทศบาลตำบล โนนทอง","nameEn":null,"geometryType":"MUNICIPALITY","sourceUrl":"https://landometer.com/api/v2/citymeter-v3/grocery/info/geom/33e2eca2-1949-4e1d-b7b5-d6dbb480c01b/MUNICIPALITY","sourceSha256":"a5d64f44a2718458e5bf77274fea124a80f0c452f23d3668b991d11f93789fc9","retrievedAt":"2026-10-04T05:43:12.569841+00:00","boundaryVintage":null,"geometryStatus":"native_source_polygon_display_simplified","simplificationToleranceDegrees":0.00015,"simplificationPreservesTopology":true,"invalidSourceRepair":"make_valid; retain polygonal components; discard zero-area collapsed lines","legalBoundaryIndependentlyVerified":false,"areaId":"33e2eca2-1949-4e1d-b7b5-d6dbb480c01b"},"geometry":{"type":"Polygon","coordinates":[[[102.396146,16.518703],[102.390422,16.516372],[102.389029,16.51849],[102.387211,16.518136],[102.379754,16.523541],[102.379337,16.52779],[102.374183,16.528696],[102.373202,16.53133],[102.368738,16.530714],[102.366876,16.533559],[102.362482,16.535594],[102.356378,16.535608],[102.353423,16.544648],[102.349054,16.545771],[102.349732,16.548523],[102.34609,16.553001],[102.349276,16.55402],[102.348673,16.556317],[102.35069,16.557053],[102.348743,16.566004],[102.350652,16.566195],[102.349243,16.571051],[102.350687,16.572685],[102.350052,16.573618],[102.350894,16.574424],[102.353707,16.574638],[102.355662,16.574443],[102.360829,16.575444],[102.362297,16.575284],[102.362899,16.575593],[102.364162,16.575263],[102.365527,16.577438],[102.368666,16.578902],[102.370332,16.578783],[102.371836,16.580148],[102.373612,16.580353],[102.373755,16.580648],[102.374952,16.58113],[102.375822,16.581945],[102.377034,16.582146],[102.378008,16.583284],[102.379209,16.583314],[102.379748,16.583756],[102.383391,16.582325],[102.384302,16.58225],[102.38577,16.581343],[102.387105,16.581572],[102.388569,16.581238],[102.390147,16.582125],[102.39216,16.581315],[102.394021,16.581408],[102.394787,16.581219],[102.395588,16.581474],[102.396333,16.58082],[102.396313,16.579908],[102.396769,16.579762],[102.396652,16.579243],[102.397415,16.578322],[102.398315,16.578593],[102.399794,16.579776],[102.400486,16.580724],[102.401691,16.581344],[102.402972,16.581265],[102.40341,16.58144],[102.404451,16.581145],[102.405247,16.581409],[102.405862,16.582276],[102.406598,16.582541],[102.407882,16.582162],[102.408957,16.582288],[102.409833,16.581601],[102.409368,16.580957],[102.410891,16.579978],[102.411361,16.580128],[102.411485,16.580929],[102.412344,16.582195],[102.412616,16.583388],[102.412441,16.583752],[102.412605,16.584415],[102.412329,16.584537],[102.412277,16.585251],[102.413043,16.585969],[102.413037,16.586435],[102.41326,16.58633],[102.413936,16.587004],[102.414479,16.587889],[102.414442,16.588394],[102.415209,16.58876],[102.415506,16.589166],[102.41565,16.590792],[102.416391,16.592344],[102.416479,16.593509],[102.418195,16.594374],[102.418764,16.595079],[102.4201,16.59759],[102.420947,16.599986],[102.422377,16.602086],[102.424146,16.60539],[102.425752,16.604528],[102.426265,16.603918],[102.428715,16.603298],[102.430601,16.60252],[102.431781,16.60242],[102.433804,16.603379],[102.434916,16.603548],[102.436143,16.602385],[102.436401,16.601753],[102.437624,16.601556],[102.438053,16.60088],[102.439468,16.600871],[102.43965,16.600443],[102.440483,16.600013],[102.441346,16.600284],[102.442447,16.599937],[102.443524,16.600662],[102.445708,16.600672],[102.449825,16.597425],[102.453471,16.59577],[102.454199,16.594623],[102.454848,16.592164],[102.454356,16.590281],[102.45437,16.584722],[102.454977,16.583583],[102.456845,16.577988],[102.458102,16.576548],[102.458588,16.57527],[102.458576,16.574136],[102.458875,16.573461],[102.459721,16.57264],[102.461009,16.572314],[102.46109,16.571549],[102.461508,16.571415],[102.461804,16.57072],[102.462241,16.570519],[102.462658,16.569151],[102.463504,16.56888],[102.463704,16.568082],[102.46446,16.56807],[102.464354,16.566468],[102.464722,16.564343],[102.465313,16.563609],[102.466307,16.563155],[102.466406,16.561966],[102.467519,16.561017],[102.467674,16.560554],[102.467749,16.559969],[102.467347,16.559411],[102.467295,16.5589],[102.467654,16.557082],[102.468317,16.55667],[102.468206,16.555305],[102.468665,16.554742],[102.468925,16.553803],[102.468023,16.553203],[102.467797,16.552141],[102.468013,16.55195],[102.467779,16.551508],[102.468058,16.551299],[102.467877,16.549518],[102.468377,16.548622],[102.468257,16.54738],[102.467958,16.54707],[102.467761,16.546241],[102.468273,16.54563],[102.468249,16.544672],[102.468689,16.544399],[102.469734,16.54441],[102.470735,16.54472],[102.472473,16.544513],[102.473457,16.544225],[102.474325,16.543135],[102.474951,16.543557],[102.476318,16.543616],[102.477148,16.545321],[102.478179,16.545364],[102.480744,16.544839],[102.482029,16.544211],[102.485055,16.54163],[102.486875,16.540749],[102.487567,16.541091],[102.488259,16.540896],[102.488783,16.540281],[102.489234,16.538102],[102.490128,16.537305],[102.48746,16.535084],[102.486128,16.536602],[102.484543,16.53449],[102.481202,16.534521],[102.478464,16.537236],[102.48207,16.53819],[102.480814,16.540684],[102.476499,16.539251],[102.475829,16.535778],[102.474536,16.539153],[102.473484,16.536985],[102.471824,16.53838],[102.469704,16.536117],[102.463856,16.536969],[102.467853,16.531951],[102.467376,16.528598],[102.460538,16.525306],[102.4603,16.527839],[102.462885,16.529501],[102.456904,16.535234],[102.453521,16.53408],[102.453363,16.531721],[102.452242,16.533182],[102.450596,16.531945],[102.448064,16.533381],[102.445786,16.53218],[102.446602,16.529276],[102.444022,16.527489],[102.441589,16.528877],[102.436117,16.527642],[102.434611,16.522311],[102.432896,16.524816],[102.427956,16.522874],[102.427149,16.519752],[102.426741,16.51971],[102.425929,16.521576],[102.422272,16.520746],[102.418588,16.519288],[102.416322,16.516163],[102.410805,16.518324],[102.405052,16.514502],[102.400612,16.515196],[102.396146,16.518703]]]},"bbox":[102.34609,16.514502,102.490128,16.60539]},{"type":"Feature","id":"471354c5-92fc-4cf7-a1db-55ad70f7af2a","properties":{"id":"471354c5-92fc-4cf7-a1db-55ad70f7af2a","code":"05400408","provinceCode":"40","nameTh":"เทศบาลตำบล โนนสะอาด","nameEn":null,"geometryType":"MUNICIPALITY","sourceUrl":"https://landometer.com/api/v2/citymeter-v3/grocery/info/geom/471354c5-92fc-4cf7-a1db-55ad70f7af2a/MUNICIPALITY","sourceSha256":"e148fde3e0217c117c4e39d6835da5200750cd084dc1d8118b331ce8af2296b7","retrievedAt":"2026-10-04T05:43:12.387386+00:00","boundaryVintage":null,"geometryStatus":"native_source_polygon_display_simplified","simplificationToleranceDegrees":0.00015,"simplificationPreservesTopology":true,"invalidSourceRepair":"make_valid; retain polygonal components; discard zero-area collapsed lines","legalBoundaryIndependentlyVerified":false,"areaId":"471354c5-92fc-4cf7-a1db-55ad70f7af2a"},"geometry":{"type":"Polygon","coordinates":[[[102.307998,16.514889],[102.286644,16.523694],[102.284761,16.525922],[102.285143,16.530559],[102.284726,16.534579],[102.285126,16.5368],[102.285303,16.540985],[102.286582,16.545008],[102.288176,16.54896],[102.288635,16.55107],[102.290182,16.554028],[102.295086,16.559646],[102.297123,16.56256],[102.299624,16.565405],[102.300799,16.567332],[102.312689,16.565245],[102.315844,16.564049],[102.315862,16.563652],[102.316669,16.563668],[102.316703,16.56435],[102.320874,16.564133],[102.323551,16.563509],[102.323951,16.564001],[102.324151,16.564865],[102.324441,16.564881],[102.324515,16.566542],[102.327484,16.566645],[102.327302,16.570474],[102.327843,16.57064],[102.330133,16.570118],[102.329398,16.569848],[102.342483,16.5033],[102.339764,16.497304],[102.306375,16.510992],[102.307998,16.514889]]]},"bbox":[102.284726,16.497304,102.342483,16.57064]},{"type":"Feature","id":"89ec3845-553b-45e0-85fb-b303f8c6c166","properties":{"id":"89ec3845-553b-45e0-85fb-b303f8c6c166","code":"05400409","provinceCode":"40","nameTh":"เทศบาลตำบล ยางคำ","nameEn":null,"geometryType":"MUNICIPALITY","sourceUrl":"https://landometer.com/api/v2/citymeter-v3/grocery/info/geom/89ec3845-553b-45e0-85fb-b303f8c6c166/MUNICIPALITY","sourceSha256":"9f0c1cdb3666753ba1061ac8b1f86faea22f1d41996223eaa0c525950fd3300d","retrievedAt":"2026-10-04T05:43:12.612886+00:00","boundaryVintage":null,"geometryStatus":"native_source_polygon_display_simplified","simplificationToleranceDegrees":0.00015,"simplificationPreservesTopology":true,"invalidSourceRepair":"make_valid; retain polygonal components; discard zero-area collapsed lines","legalBoundaryIndependentlyVerified":false,"areaId":"89ec3845-553b-45e0-85fb-b303f8c6c166"},"geometry":{"type":"Polygon","coordinates":[[[102.4898,16.370835],[102.487925,16.373379],[102.484759,16.376543],[102.481397,16.377818],[102.479075,16.380481],[102.478238,16.381853],[102.477534,16.38388],[102.477424,16.385363],[102.477898,16.387971],[102.477749,16.388301],[102.476805,16.388464],[102.472064,16.386901],[102.471059,16.386844],[102.490856,16.415653],[102.489111,16.42409],[102.483572,16.432413],[102.483453,16.436648],[102.485461,16.439833],[102.506961,16.437557],[102.529321,16.425207],[102.53401,16.425513],[102.537407,16.428204],[102.55068,16.427674],[102.550818,16.428629],[102.551403,16.428365],[102.55168,16.427669],[102.551521,16.416442],[102.551807,16.412468],[102.55165,16.408856],[102.550346,16.404506],[102.550829,16.401645],[102.550712,16.392342],[102.550141,16.390711],[102.548808,16.384694],[102.547515,16.381941],[102.543542,16.374726],[102.54081,16.371934],[102.532413,16.365408],[102.528976,16.363798],[102.524742,16.35961],[102.523057,16.356831],[102.522323,16.355045],[102.517585,16.354683],[102.511869,16.355309],[102.508862,16.357839],[102.505344,16.357798],[102.504144,16.357995],[102.499626,16.359385],[102.494692,16.362535],[102.492834,16.364698],[102.4898,16.370835]]]},"bbox":[102.471059,16.354683,102.551807,16.439833]},{"type":"Feature","id":"93905ebb-b2f8-4bc5-939f-b9bd80c65d6a","properties":{"id":"93905ebb-b2f8-4bc5-939f-b9bd80c65d6a","code":"05400410","provinceCode":"40","nameTh":"เทศบาลตำบล กุดกว้าง","nameEn":null,"geometryType":"MUNICIPALITY","sourceUrl":"https://landometer.com/api/v2/citymeter-v3/grocery/info/geom/93905ebb-b2f8-4bc5-939f-b9bd80c65d6a/MUNICIPALITY","sourceSha256":"660a018973845969de8c6c324beee93c126c9053c9267083600f5a509b46785c","retrievedAt":"2026-10-04T05:43:12.640794+00:00","boundaryVintage":null,"geometryStatus":"native_source_polygon_display_simplified","simplificationToleranceDegrees":0.00015,"simplificationPreservesTopology":true,"invalidSourceRepair":"make_valid; retain polygonal components; discard zero-area collapsed lines","legalBoundaryIndependentlyVerified":false,"areaId":"93905ebb-b2f8-4bc5-939f-b9bd80c65d6a"},"geometry":{"type":"Polygon","coordinates":[[[102.355716,16.491099],[102.417045,16.487981],[102.419046,16.488741],[102.419674,16.487172],[102.413,16.486091],[102.413227,16.485719],[102.412908,16.485647],[102.414663,16.483366],[102.418602,16.48499],[102.419462,16.479251],[102.417218,16.475937],[102.4185,16.474226],[102.416906,16.473375],[102.418195,16.471108],[102.417257,16.467258],[102.414053,16.464427],[102.412603,16.46496],[102.411116,16.462285],[102.409325,16.462672],[102.409355,16.4629],[102.409065,16.462728],[102.408379,16.462876],[102.407227,16.454335],[102.406535,16.455325],[102.405395,16.456252],[102.405034,16.457578],[102.405226,16.458005],[102.404571,16.458495],[102.404797,16.459026],[102.405453,16.459093],[102.405316,16.460226],[102.404595,16.459952],[102.403977,16.460552],[102.404388,16.461224],[102.405216,16.461733],[102.405283,16.462156],[102.40353,16.463335],[102.403249,16.463286],[102.402815,16.462655],[102.401811,16.463207],[102.401868,16.46368],[102.402211,16.464006],[102.403584,16.464193],[102.403321,16.465916],[102.402275,16.466067],[102.401842,16.465738],[102.402011,16.465002],[102.400956,16.464751],[102.400648,16.46563],[102.400994,16.467376],[102.400469,16.467631],[102.399814,16.4675],[102.399186,16.466707],[102.398932,16.465554],[102.398509,16.465642],[102.397507,16.466459],[102.396778,16.46646],[102.396279,16.465882],[102.396371,16.465403],[102.397459,16.464392],[102.397542,16.463826],[102.396917,16.463458],[102.395312,16.463197],[102.395338,16.462563],[102.39592,16.462347],[102.398812,16.462236],[102.399587,16.461644],[102.399264,16.461251],[102.39815,16.460919],[102.398133,16.460521],[102.399048,16.45968],[102.398773,16.458918],[102.397202,16.459085],[102.395791,16.45986],[102.394411,16.459438],[102.394217,16.458877],[102.394388,16.458243],[102.395468,16.457791],[102.397003,16.45832],[102.397504,16.45791],[102.397768,16.457067],[102.397315,16.456791],[102.396356,16.456865],[102.395779,16.456034],[102.394932,16.456075],[102.394527,16.455438],[102.394427,16.454732],[102.395099,16.454082],[102.396375,16.453801],[102.396991,16.453335],[102.396779,16.453101],[102.395335,16.453243],[102.394766,16.452924],[102.395158,16.451999],[102.395922,16.451516],[102.396369,16.450542],[102.396857,16.450822],[102.397205,16.45139],[102.39742,16.452768],[102.399406,16.451205],[102.399492,16.450633],[102.398385,16.44985],[102.398017,16.448963],[102.398544,16.448723],[102.399624,16.449503],[102.400035,16.449373],[102.399977,16.448788],[102.398909,16.447973],[102.399114,16.44666],[102.398643,16.446446],[102.397538,16.446814],[102.397367,16.445785],[102.397187,16.445715],[102.396192,16.446786],[102.394602,16.446933],[102.394392,16.445751],[102.393775,16.446022],[102.393051,16.446928],[102.392644,16.446994],[102.392521,16.446703],[102.393073,16.44536],[102.392743,16.445142],[102.391982,16.44539],[102.39156,16.445282],[102.390815,16.443954],[102.390839,16.443005],[102.390615,16.442854],[102.388231,16.443067],[102.388725,16.444062],[102.388511,16.444246],[102.387148,16.443531],[102.386463,16.443597],[102.385848,16.444175],[102.385653,16.444948],[102.384844,16.445221],[102.384611,16.444988],[102.384928,16.444019],[102.384295,16.442325],[102.383869,16.441852],[102.383346,16.442235],[102.383166,16.444352],[102.38348,16.44508],[102.382504,16.445268],[102.381741,16.444178],[102.381973,16.443201],[102.381826,16.442888],[102.381035,16.442683],[102.380695,16.442138],[102.37925,16.441839],[102.379178,16.441429],[102.379786,16.441027],[102.379783,16.440784],[102.377366,16.440062],[102.377315,16.439503],[102.377728,16.438393],[102.377137,16.438161],[102.376509,16.438478],[102.375703,16.438178],[102.375783,16.437722],[102.375518,16.437323],[102.376036,16.43697],[102.376101,16.436289],[102.376589,16.435496],[102.376347,16.434867],[102.376073,16.434758],[102.37479,16.434856],[102.373404,16.435661],[102.372801,16.436325],[102.372492,16.437127],[102.370859,16.437828],[102.37062,16.439059],[102.367355,16.438627],[102.365794,16.437935],[102.365425,16.438182],[102.365472,16.438663],[102.366127,16.439751],[102.365804,16.440795],[102.366617,16.441308],[102.366779,16.441751],[102.365606,16.443685],[102.365991,16.445228],[102.365935,16.446468],[102.366163,16.446598],[102.36651,16.446183],[102.366912,16.446224],[102.367521,16.446764],[102.368177,16.446875],[102.368432,16.447518],[102.368109,16.448159],[102.367475,16.44863],[102.365901,16.449088],[102.364893,16.449114],[102.364151,16.449701],[102.3642,16.450384],[102.365534,16.450497],[102.365846,16.450852],[102.365874,16.451188],[102.365406,16.45144],[102.365378,16.451762],[102.365886,16.45212],[102.365936,16.452454],[102.365126,16.452984],[102.362227,16.452709],[102.362241,16.452156],[102.363094,16.451554],[102.362658,16.450215],[102.361868,16.450109],[102.361714,16.449697],[102.361152,16.44954],[102.359315,16.450175],[102.359076,16.448812],[102.357909,16.447849],[102.357591,16.447952],[102.357529,16.448859],[102.356512,16.450559],[102.355691,16.450352],[102.355489,16.449341],[102.355163,16.449202],[102.354423,16.449848],[102.353843,16.451244],[102.35315,16.451329],[102.3523,16.450602],[102.35187,16.450532],[102.351282,16.451592],[102.350723,16.452014],[102.350058,16.452149],[102.349176,16.451635],[102.348954,16.450728],[102.348575,16.450288],[102.347319,16.450631],[102.346616,16.451492],[102.346043,16.451675],[102.344859,16.450922],[102.345591,16.450127],[102.345505,16.449724],[102.344436,16.449827],[102.343736,16.449104],[102.342473,16.44904],[102.342141,16.448321],[102.343427,16.446948],[102.343361,16.446327],[102.342949,16.446382],[102.341162,16.447605],[102.340876,16.447289],[102.340709,16.445858],[102.339105,16.44586],[102.338234,16.446969],[102.337315,16.446935],[102.335889,16.447895],[102.335428,16.447574],[102.336142,16.445959],[102.335949,16.444787],[102.334923,16.44492],[102.335014,16.446035],[102.334487,16.446616],[102.33381,16.446159],[102.333176,16.444964],[102.332513,16.444874],[102.331958,16.445492],[102.332344,16.446688],[102.33203,16.447247],[102.331572,16.447212],[102.330795,16.446074],[102.329657,16.445489],[102.329301,16.445762],[102.329307,16.446428],[102.328491,16.446194],[102.327349,16.446478],[102.326891,16.447392],[102.325887,16.447441],[102.325171,16.447772],[102.324441,16.447303],[102.325131,16.446419],[102.325137,16.44592],[102.323362,16.445304],[102.32263,16.445491],[102.322388,16.445937],[102.322925,16.446445],[102.323192,16.447375],[102.322843,16.447732],[102.321948,16.447881],[102.32176,16.448109],[102.321402,16.447933],[102.321133,16.447268],[102.321118,16.446792],[102.321421,16.44644],[102.321309,16.446088],[102.319604,16.445731],[102.319122,16.445877],[102.319226,16.446481],[102.31998,16.447284],[102.32001,16.447629],[102.319332,16.448761],[102.318198,16.448648],[102.317925,16.449044],[102.318223,16.449918],[102.319045,16.450449],[102.31958,16.452361],[102.319233,16.452585],[102.318499,16.451885],[102.31819,16.451944],[102.318524,16.452953],[102.318098,16.454363],[102.318256,16.455806],[102.317744,16.455988],[102.316541,16.455697],[102.3149,16.454488],[102.314327,16.453751],[102.313356,16.453457],[102.312318,16.453828],[102.311968,16.454866],[102.31118,16.454834],[102.311068,16.454499],[102.311621,16.453673],[102.311868,16.450593],[102.311311,16.450525],[102.307105,16.451373],[102.306063,16.450649],[102.305895,16.449213],[102.304469,16.448204],[102.302606,16.448584],[102.300962,16.448243],[102.30103,16.448662],[102.300586,16.448968],[102.300267,16.44862],[102.298703,16.448406],[102.298485,16.448557],[102.298069,16.450222],[102.29721,16.451146],[102.297086,16.452287],[102.297734,16.453474],[102.297867,16.454695],[102.299864,16.455154],[102.30032,16.455977],[102.300333,16.456736],[102.300034,16.457021],[102.297918,16.457459],[102.297534,16.457779],[102.298057,16.458549],[102.297843,16.459357],[102.298798,16.459792],[102.297901,16.460331],[102.297937,16.460792],[102.298262,16.460986],[102.29928,16.4608],[102.299964,16.461785],[102.300475,16.462058],[102.299819,16.462758],[102.300089,16.463561],[102.299524,16.464132],[102.299636,16.464512],[102.294579,16.47001],[102.294196,16.470102],[102.293706,16.467585],[102.293182,16.466838],[102.292682,16.466601],[102.291125,16.466625],[102.291328,16.465639],[102.290411,16.465768],[102.2901,16.466212],[102.289327,16.46612],[102.289089,16.465819],[102.288085,16.465937],[102.288056,16.466907],[102.286913,16.469231],[102.286525,16.47144],[102.28562,16.472249],[102.285904,16.472524],[102.285986,16.473188],[102.28529,16.475278],[102.286516,16.477966],[102.2892,16.477692],[102.287668,16.487687],[102.287576,16.491409],[102.288069,16.496749],[102.289672,16.504011],[102.289607,16.504952],[102.290665,16.508206],[102.29165,16.510389],[102.291632,16.512264],[102.304652,16.506853],[102.306375,16.510992],[102.339764,16.497304],[102.355716,16.491099]]]},"bbox":[102.285275,16.434758,102.419674,16.512264]},{"type":"Feature","id":"4b129313-2a4d-447d-bbb6-aad2df7b9a6d","properties":{"id":"4b129313-2a4d-447d-bbb6-aad2df7b9a6d","code":"05400413","provinceCode":"40","nameTh":"เทศบาลตำบล บ้านผือ","nameEn":null,"geometryType":"MUNICIPALITY","sourceUrl":"https://landometer.com/api/v2/citymeter-v3/grocery/info/geom/4b129313-2a4d-447d-bbb6-aad2df7b9a6d/MUNICIPALITY","sourceSha256":"cb176699a7f3c2475f092283c9aa5338a8824fc1b0b6dd248719c3bbef7b9a0a","retrievedAt":"2026-10-04T05:43:12.613211+00:00","boundaryVintage":null,"geometryStatus":"native_source_polygon_display_simplified","simplificationToleranceDegrees":0.00015,"simplificationPreservesTopology":true,"invalidSourceRepair":"make_valid; retain polygonal components; discard zero-area collapsed lines","legalBoundaryIndependentlyVerified":false,"areaId":"4b129313-2a4d-447d-bbb6-aad2df7b9a6d"},"geometry":{"type":"Polygon","coordinates":[[[102.575404,16.524816],[102.575284,16.519776],[102.575667,16.516924],[102.574974,16.512926],[102.574291,16.511621],[102.573994,16.509661],[102.574282,16.50886],[102.57389,16.508572],[102.574003,16.507324],[102.573591,16.506515],[102.573567,16.505853],[102.570289,16.508222],[102.565794,16.508053],[102.563496,16.511183],[102.564074,16.513914],[102.558221,16.513584],[102.556648,16.51587],[102.544257,16.515767],[102.545622,16.522275],[102.541244,16.524374],[102.540542,16.530073],[102.539274,16.530242],[102.540249,16.533819],[102.534932,16.542211],[102.532516,16.551295],[102.531561,16.551129],[102.531588,16.551344],[102.532385,16.551781],[102.53253,16.552429],[102.532353,16.552797],[102.531716,16.55314],[102.529757,16.553449],[102.529194,16.554033],[102.529145,16.554864],[102.529381,16.555956],[102.52985,16.5567],[102.530479,16.557003],[102.53135,16.557057],[102.535018,16.556454],[102.538833,16.556351],[102.539252,16.556559],[102.541129,16.558988],[102.542691,16.559653],[102.545432,16.559685],[102.547841,16.558587],[102.549449,16.558753],[102.550095,16.559167],[102.551298,16.560991],[102.551735,16.56131],[102.552231,16.561501],[102.553287,16.561384],[102.553867,16.561621],[102.55415,16.561975],[102.554341,16.563547],[102.554732,16.564457],[102.557007,16.564926],[102.557758,16.566551],[102.557919,16.568314],[102.554969,16.579399],[102.551594,16.5897],[102.549429,16.593161],[102.547144,16.59626],[102.545611,16.601185],[102.545473,16.602709],[102.545872,16.604421],[102.549606,16.610445],[102.554453,16.616699],[102.556837,16.620632],[102.558183,16.623562],[102.576335,16.627315],[102.575741,16.625833],[102.575522,16.624271],[102.575802,16.622829],[102.576895,16.621121],[102.578936,16.619291],[102.580175,16.616505],[102.579541,16.613264],[102.57974,16.609705],[102.579373,16.602932],[102.579725,16.600298],[102.579523,16.59713],[102.578918,16.594536],[102.579567,16.589186],[102.58048,16.586733],[102.582584,16.583169],[102.583412,16.577414],[102.582533,16.571948],[102.581096,16.5683],[102.580367,16.562167],[102.579543,16.557866],[102.579349,16.554979],[102.578731,16.552715],[102.578866,16.551183],[102.578035,16.544701],[102.578105,16.541988],[102.577598,16.535886],[102.575917,16.529221],[102.575404,16.524816]]]},"bbox":[102.529145,16.505853,102.583412,16.627315]},{"type":"Feature","id":"0d269712-0338-45e4-b193-07eb64c6ae52","properties":{"id":"0d269712-0338-45e4-b193-07eb64c6ae52","code":"05400502","provinceCode":"40","nameTh":"เทศบาลตำบล โคกสูงสัมพันธ์","nameEn":null,"geometryType":"MUNICIPALITY","sourceUrl":"https://landometer.com/api/v2/citymeter-v3/grocery/info/geom/0d269712-0338-45e4-b193-07eb64c6ae52/MUNICIPALITY","sourceSha256":"8dc8c7fb85b5f96bac858429cb918b1e3a3327be08a882b6c8b77e37182625b5","retrievedAt":"2026-10-04T05:43:12.608997+00:00","boundaryVintage":null,"geometryStatus":"native_source_polygon_display_simplified","simplificationToleranceDegrees":0.00015,"simplificationPreservesTopology":true,"invalidSourceRepair":"make_valid; retain polygonal components; discard zero-area collapsed lines","legalBoundaryIndependentlyVerified":false,"areaId":"0d269712-0338-45e4-b193-07eb64c6ae52"},"geometry":{"type":"Polygon","coordinates":[[[102.246336,16.535476],[102.243701,16.530798],[102.239394,16.529214],[102.242107,16.51982],[102.225923,16.512457],[102.211629,16.512021],[102.210561,16.527381],[102.225947,16.52855],[102.227764,16.535631],[102.230956,16.535911],[102.232451,16.538825],[102.237658,16.540664],[102.24895,16.541667],[102.249628,16.539832],[102.246336,16.535476]]]},"bbox":[102.210561,16.512021,102.249628,16.541667]},{"type":"Feature","id":"982599c1-3b2a-42f9-8d1b-a401e7190076","properties":{"id":"982599c1-3b2a-42f9-8d1b-a401e7190076","code":"05400503","provinceCode":"40","nameTh":"เทศบาลตำบล โนนหัน","nameEn":null,"geometryType":"MUNICIPALITY","sourceUrl":"https://landometer.com/api/v2/citymeter-v3/grocery/info/geom/982599c1-3b2a-42f9-8d1b-a401e7190076/MUNICIPALITY","sourceSha256":"9950d195ac344a041b5dde3fbd58dceb57fb6354f17b90e3e5144205717db99b","retrievedAt":"2026-10-04T05:43:12.606917+00:00","boundaryVintage":null,"geometryStatus":"native_source_polygon_display_simplified","simplificationToleranceDegrees":0.00015,"simplificationPreservesTopology":true,"invalidSourceRepair":"make_valid; retain polygonal components; discard zero-area collapsed lines","legalBoundaryIndependentlyVerified":false,"areaId":"982599c1-3b2a-42f9-8d1b-a401e7190076"},"geometry":{"type":"MultiPolygon","coordinates":[[[[101.994056,16.605791438522104],[102.003014,16.608517],[102.016643,16.584548],[101.999687,16.581617],[101.987602,16.603827],[101.994056,16.605791438522104]]],[[[101.994056,16.605792],[101.994056,16.605791438522104],[101.993108,16.605503],[101.994056,16.605792]]]]},"bbox":[101.987602,16.581617,102.016643,16.608517]},{"type":"Feature","id":"d3cf15db-3f9f-4085-9dc9-e8c3c256f1f8","properties":{"id":"d3cf15db-3f9f-4085-9dc9-e8c3c256f1f8","code":"05400504","provinceCode":"40","nameTh":"เทศบาลตำบล หนองเสาเล้า","nameEn":null,"geometryType":"MUNICIPALITY","sourceUrl":"https://landometer.com/api/v2/citymeter-v3/grocery/info/geom/d3cf15db-3f9f-4085-9dc9-e8c3c256f1f8/MUNICIPALITY","sourceSha256":"c3ebbe1263d13138eeaa346b2a0f54c040ef7b78cd2feac3992c7318c6eafa24","retrievedAt":"2026-10-04T05:43:12.613441+00:00","boundaryVintage":null,"geometryStatus":"native_source_polygon_display_simplified","simplificationToleranceDegrees":0.00015,"simplificationPreservesTopology":true,"invalidSourceRepair":"make_valid; retain polygonal components; discard zero-area collapsed lines","legalBoundaryIndependentlyVerified":false,"areaId":"d3cf15db-3f9f-4085-9dc9-e8c3c256f1f8"},"geometry":{"type":"MultiPolygon","coordinates":[[[[102.252091,16.528299],[102.252083,16.528265],[102.252082,16.528266],[102.252091,16.528299]]],[[[102.312493,16.58258],[102.308895,16.578841],[102.307935,16.577077],[102.307556,16.575615],[102.306816,16.574857],[102.305924,16.573346],[102.301922,16.568897],[102.299624,16.565405],[102.297123,16.56256],[102.295086,16.559646],[102.290182,16.554028],[102.288635,16.55107],[102.288176,16.54896],[102.286582,16.545008],[102.285166,16.54015],[102.285334,16.539353],[102.284726,16.534579],[102.285143,16.530559],[102.284761,16.525922],[102.287246,16.52294],[102.287878,16.522543],[102.288359,16.521184],[102.289754,16.518898],[102.289502,16.517886],[102.290291,16.517446],[102.268172,16.526557],[102.252091,16.528299],[102.239394,16.529214],[102.243701,16.530798],[102.246336,16.535476],[102.249628,16.539832],[102.24895,16.541667],[102.248169,16.547109],[102.25071,16.550024],[102.248702,16.554148],[102.252119,16.561413],[102.250353,16.569309],[102.252056,16.572832],[102.250961,16.575187],[102.252455,16.58592],[102.2651,16.611099],[102.270845,16.61333],[102.275599,16.614499],[102.278304,16.615433],[102.282064,16.612174],[102.283324,16.611933],[102.283498,16.610531],[102.283155,16.60956],[102.283265,16.609317],[102.282828,16.608475],[102.284305,16.60747],[102.283838,16.605832],[102.283264,16.604849],[102.282365,16.604364],[102.282697,16.604029],[102.284384,16.603466],[102.28473,16.60205],[102.286295,16.601558],[102.286738,16.600829],[102.287885,16.60031],[102.288339,16.600366],[102.288784,16.60136],[102.289121,16.601361],[102.291314,16.599422],[102.294946,16.599583],[102.298847,16.597789],[102.299772,16.597962],[102.300672,16.597693],[102.300935,16.598131],[102.301381,16.59812],[102.303723,16.596846],[102.304785,16.595331],[102.30675,16.594152],[102.307582,16.594572],[102.308296,16.59449],[102.314686,16.585816],[102.312493,16.58258]]]]},"bbox":[102.239394,16.517446,102.314686,16.615433]},{"type":"Feature","id":"e6fa9491-b4ba-4ce6-9394-7cf9994bb4b6","properties":{"id":"e6fa9491-b4ba-4ce6-9394-7cf9994bb4b6","code":"05400505","provinceCode":"40","nameTh":"เทศบาลตำบล หนองไผ่","nameEn":null,"geometryType":"MUNICIPALITY","sourceUrl":"https://landometer.com/api/v2/citymeter-v3/grocery/info/geom/e6fa9491-b4ba-4ce6-9394-7cf9994bb4b6/MUNICIPALITY","sourceSha256":"867af1c2e6b4bb15bf992db26434c65eed048d7af1e89f3c67d57d4f5b935907","retrievedAt":"2026-10-04T05:43:12.627928+00:00","boundaryVintage":null,"geometryStatus":"native_source_polygon_display_simplified","simplificationToleranceDegrees":0.00015,"simplificationPreservesTopology":true,"invalidSourceRepair":"make_valid; retain polygonal components; discard zero-area collapsed lines","legalBoundaryIndependentlyVerified":false,"areaId":"e6fa9491-b4ba-4ce6-9394-7cf9994bb4b6"},"geometry":{"type":"Polygon","coordinates":[[[102.045646,16.56897],[102.043394,16.604001],[102.047244,16.610276],[102.050335,16.606448],[102.061045,16.599326],[102.074894,16.594763],[102.085579,16.594173],[102.100252,16.606766],[102.112921,16.598629],[102.157597,16.608772],[102.157461,16.60693],[102.157722,16.605556],[102.15882,16.604636],[102.16203,16.603511],[102.163589,16.603221],[102.166589,16.603325],[102.170721,16.604198],[102.172941,16.604147],[102.174577,16.603691],[102.175617,16.602748],[102.177664,16.598664],[102.178583,16.597564],[102.180992,16.595833],[102.182199,16.593438],[102.181754,16.593436],[102.182081,16.592533],[102.163926,16.520343],[102.155261,16.520279],[102.141554,16.52617],[102.123533,16.5343],[102.123254,16.534027],[102.125701,16.537134],[102.123428,16.544101],[102.120869,16.545294],[102.121697,16.556914],[102.11937,16.558862],[102.11863,16.563423],[102.106185,16.567085],[102.074897,16.556178],[102.045646,16.56897]]]},"bbox":[102.043394,16.520279,102.182199,16.610276]},{"type":"Feature","id":"7ee89b09-d1ca-43a9-b458-55c7ad285afe","properties":{"id":"7ee89b09-d1ca-43a9-b458-55c7ad285afe","code":"05400508","provinceCode":"40","nameTh":"เทศบาลตำบล นาเพียง","nameEn":null,"geometryType":"MUNICIPALITY","sourceUrl":"https://landometer.com/api/v2/citymeter-v3/grocery/info/geom/7ee89b09-d1ca-43a9-b458-55c7ad285afe/MUNICIPALITY","sourceSha256":"6e680adaaaeb27342a52d2c30987dbf7f00d78e184038aad771a7c59609999ae","retrievedAt":"2026-10-04T05:43:12.658450+00:00","boundaryVintage":null,"geometryStatus":"native_source_polygon_display_simplified","simplificationToleranceDegrees":0.00015,"simplificationPreservesTopology":true,"invalidSourceRepair":"make_valid; retain polygonal components; discard zero-area collapsed lines","legalBoundaryIndependentlyVerified":false,"areaId":"7ee89b09-d1ca-43a9-b458-55c7ad285afe"},"geometry":{"type":"Polygon","coordinates":[[[102.28753,16.490674],[102.287668,16.487687],[102.2892,16.477692],[102.286516,16.477966],[102.28529,16.475278],[102.285986,16.473188],[102.285904,16.472524],[102.28562,16.472249],[102.286525,16.47144],[102.286913,16.469231],[102.288056,16.466907],[102.288085,16.465937],[102.289089,16.465819],[102.289327,16.46612],[102.2901,16.466212],[102.290411,16.465768],[102.291328,16.465639],[102.291125,16.466625],[102.292682,16.466601],[102.293182,16.466838],[102.293706,16.467585],[102.294196,16.470102],[102.294579,16.47001],[102.299636,16.464512],[102.299524,16.464132],[102.300089,16.463561],[102.299819,16.462758],[102.300475,16.462058],[102.299964,16.461785],[102.29928,16.4608],[102.298262,16.460986],[102.297937,16.460792],[102.297901,16.460331],[102.298798,16.459792],[102.297843,16.459357],[102.298057,16.458549],[102.297534,16.457779],[102.297918,16.457459],[102.300034,16.457021],[102.300333,16.456736],[102.30032,16.455977],[102.299864,16.455154],[102.297867,16.454695],[102.297734,16.453474],[102.29713,16.452504],[102.297095,16.451646],[102.297344,16.450899],[102.298069,16.450222],[102.298585,16.448459],[102.300267,16.44862],[102.300586,16.448968],[102.30103,16.448662],[102.300553,16.447446],[102.300892,16.445349],[102.300736,16.445073],[102.300136,16.445165],[102.29878,16.446311],[102.296227,16.447357],[102.295814,16.44728],[102.295764,16.446948],[102.296329,16.446362],[102.295191,16.44587],[102.292911,16.44648],[102.292741,16.447181],[102.293098,16.448903],[102.29283,16.449095],[102.291353,16.44868],[102.291815,16.449774],[102.290558,16.450034],[102.2909,16.450645],[102.29093,16.451309],[102.290195,16.452115],[102.289509,16.453963],[102.28898,16.454036],[102.289071,16.453395],[102.288745,16.453068],[102.288282,16.453711],[102.288191,16.454508],[102.287672,16.454731],[102.287632,16.453587],[102.286907,16.453338],[102.28601,16.453892],[102.285802,16.454544],[102.285332,16.454911],[102.284071,16.455143],[102.283139,16.454988],[102.283308,16.456103],[102.284257,16.455736],[102.28445,16.455957],[102.283912,16.457473],[102.282892,16.457186],[102.283215,16.457995],[102.283072,16.458203],[102.281504,16.457917],[102.279906,16.458944],[102.279916,16.458323],[102.27927,16.458201],[102.279469,16.457485],[102.279344,16.457074],[102.278592,16.456645],[102.278218,16.456727],[102.277472,16.458844],[102.278476,16.45922],[102.277995,16.460001],[102.279177,16.459818],[102.279378,16.46005],[102.279068,16.460325],[102.277812,16.460523],[102.277222,16.460935],[102.276846,16.460675],[102.276718,16.460036],[102.277096,16.459157],[102.276545,16.458641],[102.276497,16.457911],[102.275552,16.457545],[102.276455,16.456854],[102.276641,16.456247],[102.276379,16.455792],[102.275026,16.456058],[102.27487,16.457183],[102.274023,16.45786],[102.273925,16.456941],[102.273377,16.456049],[102.272307,16.456842],[102.271276,16.456815],[102.271611,16.457631],[102.270839,16.458291],[102.27041,16.457026],[102.270584,16.456233],[102.270328,16.456194],[102.270099,16.456646],[102.269762,16.456726],[102.269482,16.455722],[102.269264,16.455604],[102.268046,16.457507],[102.267706,16.457553],[102.267225,16.456936],[102.266973,16.456946],[102.266523,16.458008],[102.267774,16.458351],[102.26781,16.45889],[102.266928,16.458727],[102.266701,16.459376],[102.265755,16.459431],[102.265557,16.459991],[102.266469,16.460074],[102.266669,16.460361],[102.265657,16.460965],[102.265356,16.461493],[102.264482,16.461928],[102.263472,16.462212],[102.262815,16.461713],[102.261861,16.461839],[102.261558,16.461355],[102.260314,16.461123],[102.259305,16.461537],[102.259615,16.460933],[102.259184,16.459918],[102.257055,16.461208],[102.25621,16.460933],[102.255331,16.461071],[102.255726,16.461801],[102.255488,16.462082],[102.255519,16.462543],[102.256214,16.462403],[102.256732,16.463164],[102.256569,16.463415],[102.255566,16.463506],[102.255355,16.463878],[102.255811,16.464055],[102.256528,16.463694],[102.257,16.464044],[102.256483,16.464543],[102.256617,16.465678],[102.256937,16.466201],[102.256816,16.46685],[102.256133,16.466462],[102.254734,16.467121],[102.253626,16.466388],[102.252671,16.467419],[102.250775,16.468451],[102.25019,16.468443],[102.249165,16.467752],[102.248657,16.468274],[102.247701,16.468085],[102.247253,16.468626],[102.245698,16.468705],[102.245266,16.469132],[102.244045,16.469491],[102.243684,16.469834],[102.243446,16.470436],[102.243866,16.471218],[102.243573,16.471738],[102.244339,16.472841],[102.243909,16.473151],[102.243039,16.473086],[102.242731,16.473678],[102.242013,16.474161],[102.241969,16.47455],[102.242648,16.475903],[102.242509,16.476113],[102.241973,16.47602],[102.241753,16.476316],[102.242016,16.476603],[102.242558,16.476669],[102.242576,16.477333],[102.241972,16.477732],[102.240778,16.477757],[102.240504,16.478932],[102.240886,16.479366],[102.241791,16.479594],[102.242198,16.479943],[102.24199,16.480357],[102.241207,16.480664],[102.252091,16.528299],[102.268172,16.526557],[102.290821,16.517344],[102.291742,16.510831],[102.289607,16.504952],[102.289672,16.504011],[102.288069,16.496749],[102.28753,16.490674]]]},"bbox":[102.240504,16.445047,102.30105,16.528299]},{"type":"Feature","id":"91faf8fe-3c4b-4649-990f-2be5329d9674","properties":{"id":"91faf8fe-3c4b-4649-990f-2be5329d9674","code":"05400513","provinceCode":"40","nameTh":"เทศบาลตำบล โนนสะอาด","nameEn":null,"geometryType":"MUNICIPALITY","sourceUrl":"https://landometer.com/api/v2/citymeter-v3/grocery/info/geom/91faf8fe-3c4b-4649-990f-2be5329d9674/MUNICIPALITY","sourceSha256":"c946d0e3af6619b19c3bca43e9209f513a9a8e972e1ccda80231f6c634298da3","retrievedAt":"2026-10-04T05:43:12.710349+00:00","boundaryVintage":null,"geometryStatus":"native_source_polygon_display_simplified","simplificationToleranceDegrees":0.00015,"simplificationPreservesTopology":true,"invalidSourceRepair":"make_valid; retain polygonal components; discard zero-area collapsed lines","legalBoundaryIndependentlyVerified":false,"areaId":"91faf8fe-3c4b-4649-990f-2be5329d9674"},"geometry":{"type":"MultiPolygon","coordinates":[[[[102.031394,16.542105],[102.03139401007557,16.54210501511335],[102.031426,16.542103],[102.031394,16.542105]]],[[[102.043345,16.569968],[102.039186,16.565094],[102.04832,16.559118],[102.036933,16.540501],[102.031408,16.542126],[102.030707,16.542256],[102.030456,16.542496],[102.03024,16.543716],[102.029589,16.543445],[102.029525,16.54246],[102.02912,16.542283],[102.027195,16.546075],[102.025576,16.545068],[102.026165,16.546038],[102.02615,16.546444],[102.024759,16.547524],[102.024441,16.54828],[102.023855,16.548413],[102.023918,16.55001],[102.023043,16.550607],[102.022887,16.551016],[102.022969,16.551415],[102.02371,16.551971],[102.022772,16.552423],[102.022707,16.553004],[102.022041,16.553704],[102.022258,16.554167],[102.023253,16.554573],[102.024067,16.55625],[102.024743,16.556848],[102.02452,16.557134],[102.023482,16.55691],[102.022985,16.557157],[102.0229,16.557674],[102.023494,16.558373],[102.023297,16.558602],[102.022606,16.558524],[102.022114,16.557761],[102.021259,16.55739],[102.021458,16.556869],[102.022511,16.556573],[102.022487,16.556127],[102.021998,16.55587],[102.020699,16.556349],[102.020722,16.557139],[102.020424,16.55745],[102.01943,16.557111],[102.018798,16.557935],[102.018594,16.558661],[102.018713,16.559008],[102.019491,16.559387],[102.018983,16.559708],[102.017902,16.559647],[102.01731,16.559285],[102.01781,16.558515],[102.017683,16.558237],[102.016176,16.558475],[102.015876,16.557941],[102.014565,16.55716],[102.014164,16.557291],[102.014171,16.557708],[102.015248,16.558231],[102.015203,16.558473],[102.013551,16.558876],[102.011064,16.558215],[102.010975,16.558837],[102.011205,16.559404],[102.010532,16.559936],[102.009807,16.558982],[102.008986,16.558519],[102.007175,16.558804],[102.006202,16.557549],[102.005438,16.558188],[102.005395,16.558571],[102.005712,16.558964],[102.005133,16.559759],[102.003907,16.560044],[102.002513,16.560841],[102.001549,16.560538],[102.001294,16.560702],[102.000865,16.561784],[102.002842,16.561984],[102.003035,16.562244],[102.002697,16.562591],[102.000565,16.563053],[101.999898,16.563485],[101.998845,16.562572],[101.998069,16.562504],[101.997844,16.563686],[101.998016,16.564185],[101.998549,16.564428],[101.998564,16.564681],[101.998054,16.565431],[101.997651,16.565584],[101.997364,16.565395],[101.997583,16.564513],[101.997265,16.563001],[101.995597,16.561915],[101.994219,16.561526],[101.994168,16.562288],[101.995279,16.563302],[101.994939,16.56424],[101.992894,16.565019],[101.992259,16.56552],[101.991474,16.565111],[101.99117,16.564273],[101.990462,16.564149],[101.990157,16.565905],[101.990983,16.566408],[101.991096,16.566712],[101.990506,16.567343],[101.989824,16.567119],[101.989343,16.566601],[101.989273,16.566082],[101.988581,16.565838],[101.988185,16.566112],[101.988094,16.567586],[101.989415,16.568097],[101.990015,16.568977],[101.990901,16.569491],[101.990979,16.569889],[101.98985,16.570803],[101.988845,16.571064],[101.98907,16.571934],[101.98865,16.572736],[101.988749,16.573311],[101.987558,16.573113],[101.986788,16.573292],[101.986459,16.573653],[101.986929,16.574413],[101.988063,16.57406],[101.988576,16.575385],[101.98918,16.575687],[101.989035,16.57597],[101.986802,16.577197],[101.986619,16.577479],[101.986741,16.577815],[101.987468,16.577726],[101.988349,16.578569],[101.988783,16.578652],[101.989902,16.577445],[101.99217,16.57848],[101.992098,16.578885],[101.990903,16.579907],[101.990444,16.580785],[101.989364,16.578936],[101.988569,16.57915],[101.988264,16.57981],[101.988597,16.580663],[101.987977,16.581119],[101.988193,16.581664],[101.987851,16.581948],[101.988194,16.582197],[101.989437,16.582061],[101.9901,16.581832],[101.990822,16.581192],[101.991317,16.581267],[101.991695,16.581922],[101.991832,16.583992],[101.992067,16.584528],[101.991931,16.584856],[101.991715,16.58488],[101.991364,16.584234],[101.990768,16.584081],[101.990427,16.583696],[101.989226,16.584469],[101.988453,16.583889],[101.987623,16.584297],[101.987462,16.584728],[101.987879,16.58528],[101.986947,16.585885],[101.986722,16.585616],[101.986692,16.584848],[101.987634,16.583904],[101.987229,16.583438],[101.985863,16.582768],[101.985125,16.582952],[101.984923,16.583621],[101.984522,16.583796],[101.984239,16.583611],[101.984158,16.583145],[101.983367,16.583102],[101.982934,16.583547],[101.982759,16.584565],[101.982862,16.584851],[101.983666,16.585157],[101.98403,16.585613],[101.983319,16.586158],[101.982435,16.586122],[101.981986,16.585479],[101.982186,16.584999],[101.981821,16.584678],[101.981216,16.584741],[101.980945,16.585631],[101.981713,16.586505],[101.981865,16.587256],[101.981689,16.587457],[101.980051,16.587095],[101.979283,16.587418],[101.978924,16.586708],[101.978509,16.586612],[101.977079,16.587327],[101.977396,16.587697],[101.979115,16.587979],[101.980144,16.588617],[101.980273,16.589053],[101.979423,16.589248],[101.979335,16.5895],[101.980635,16.590453],[101.981029,16.590432],[101.981245,16.589762],[101.981669,16.589592],[101.983289,16.589887],[101.983083,16.590832],[101.982188,16.591469],[101.981533,16.59173],[101.980595,16.591527],[101.97916,16.59198],[101.979766,16.593027],[101.981556,16.594453],[101.982538,16.59453],[101.98313,16.595288],[101.983071,16.596064],[101.981996,16.596865],[101.981942,16.597321],[101.982255,16.597971],[101.981713,16.598794],[101.981343,16.598779],[101.98037,16.59756],[101.979967,16.59754],[101.980106,16.598563],[101.980864,16.599161],[101.980882,16.599504],[101.980565,16.599775],[101.979168,16.599845],[101.978847,16.600052],[101.979938,16.601219],[101.979757,16.602905],[101.979388,16.603148],[101.978041,16.603034],[101.977735,16.603454],[101.978094,16.603856],[101.977944,16.604197],[101.977256,16.604128],[101.976778,16.603557],[101.976153,16.603422],[101.975922,16.602917],[101.97509,16.603749],[101.975146,16.604332],[101.97609,16.605069],[101.976677,16.606133],[101.977061,16.606437],[101.978033,16.606573],[101.978602,16.607322],[101.97833,16.607625],[101.978024,16.60711],[101.977641,16.606966],[101.976798,16.60767],[101.976902,16.608227],[101.976556,16.608818],[101.976943,16.608927],[101.977371,16.609972],[101.97666,16.610246],[101.975969,16.611004],[101.975328,16.612471],[101.974523,16.612459],[101.973651,16.613408],[101.972501,16.613603],[101.972209,16.614005],[101.972014,16.615108],[101.971053,16.613636],[101.970114,16.61295],[101.96974,16.612005],[101.969986,16.611219],[101.969627,16.61111],[101.968956,16.611502],[101.96773,16.613552],[101.967812,16.613991],[101.968557,16.614841],[101.969174,16.614945],[101.969964,16.614419],[101.970414,16.614692],[101.970589,16.615173],[101.97053,16.615674],[101.969911,16.616595],[101.970088,16.617256],[101.969213,16.617532],[101.969005,16.617954],[101.968474,16.617495],[101.96853,16.616872],[101.96806,16.616708],[101.967821,16.617616],[101.967356,16.618291],[101.966579,16.618569],[101.965645,16.618401],[101.964846,16.619171],[101.964318,16.619104],[101.963905,16.617699],[101.96533,16.617309],[101.965347,16.616555],[101.965618,16.616293],[101.965333,16.615656],[101.964326,16.615366],[101.963965,16.614783],[101.963408,16.615082],[101.963241,16.616177],[101.963611,16.617026],[101.963398,16.617493],[101.963031,16.617573],[101.962619,16.617301],[101.962676,16.616638],[101.96181,16.61546],[101.961422,16.615383],[101.960678,16.61599],[101.960785,16.61722],[101.959764,16.618704],[101.959178,16.619065],[101.959256,16.619775],[101.957323,16.619977],[101.957094,16.619644],[101.957973,16.618853],[101.957818,16.618002],[101.956861,16.616616],[101.956197,16.616597],[101.955051,16.617091],[101.954163,16.618491],[101.953339,16.619029],[101.953734,16.619866],[101.954534,16.620198],[101.95476,16.619195],[101.955311,16.618995],[101.955602,16.619275],[101.955328,16.620332],[101.954341,16.620529],[101.954116,16.620828],[101.954326,16.621491],[101.955107,16.622121],[101.955023,16.622453],[101.954677,16.622701],[101.952379,16.622893],[101.952322,16.622382],[101.953087,16.621351],[101.952943,16.620721],[101.952545,16.620408],[101.952075,16.620839],[101.951692,16.621912],[101.950691,16.622458],[101.95055,16.622803],[101.951855,16.623468],[101.953291,16.625087],[101.954561,16.625855],[101.955445,16.626812],[101.956275,16.627081],[101.956383,16.627606],[101.956128,16.627836],[101.956684,16.62842],[101.962309,16.628279],[101.986826,16.624633],[101.993108,16.605503],[101.994056,16.605792],[101.994056,16.605791],[101.987602,16.603827],[101.999687,16.581617],[102.011691,16.583692],[102.043345,16.569968]]]]},"bbox":[101.95055,16.540501,102.04832,16.62842]},{"type":"Feature","id":"1637f38f-d33b-4462-818e-163f421fca5a","properties":{"id":"1637f38f-d33b-4462-818e-163f421fca5a","code":"05400601","provinceCode":"40","nameTh":"เทศบาลตำบล สีชมพู","nameEn":null,"geometryType":"MUNICIPALITY","sourceUrl":"https://landometer.com/api/v2/citymeter-v3/grocery/info/geom/1637f38f-d33b-4462-818e-163f421fca5a/MUNICIPALITY","sourceSha256":"ad46fa5d8e47b0c3c3ab4b82f52c631e8c2596787d501c8f40a788c3ed97a76b","retrievedAt":"2026-10-04T05:43:12.699601+00:00","boundaryVintage":null,"geometryStatus":"native_source_polygon_display_simplified","simplificationToleranceDegrees":0.00015,"simplificationPreservesTopology":true,"invalidSourceRepair":"make_valid; retain polygonal components; discard zero-area collapsed lines","legalBoundaryIndependentlyVerified":false,"areaId":"1637f38f-d33b-4462-818e-163f421fca5a"},"geometry":{"type":"Polygon","coordinates":[[[102.192589,16.796311],[102.190298,16.796268],[102.187191,16.78678],[102.180097,16.787616],[102.184594,16.81124],[102.185144,16.811424],[102.185203,16.811703],[102.190888,16.803975],[102.192005,16.798163],[102.192589,16.796311]]]},"bbox":[102.180097,16.78678,102.192589,16.811703]},{"type":"Feature","id":"a1667e08-aceb-4c99-827c-421efb82b49d","properties":{"id":"a1667e08-aceb-4c99-827c-421efb82b49d","code":"05400602","provinceCode":"40","nameTh":"เทศบาลตำบล วังเพิ่ม","nameEn":null,"geometryType":"MUNICIPALITY","sourceUrl":"https://landometer.com/api/v2/citymeter-v3/grocery/info/geom/a1667e08-aceb-4c99-827c-421efb82b49d/MUNICIPALITY","sourceSha256":"95f33e6cb44ac601e980bd6b84d58f7b87b5dbec93f45071503558a590d77620","retrievedAt":"2026-10-04T05:43:12.699679+00:00","boundaryVintage":null,"geometryStatus":"native_source_polygon_display_simplified","simplificationToleranceDegrees":0.00015,"simplificationPreservesTopology":true,"invalidSourceRepair":"make_valid; retain polygonal components; discard zero-area collapsed lines","legalBoundaryIndependentlyVerified":false,"areaId":"a1667e08-aceb-4c99-827c-421efb82b49d"},"geometry":{"type":"MultiPolygon","coordinates":[[[[102.120597,16.762693],[102.122846,16.773197],[102.122628,16.772177],[102.120597,16.762693]]],[[[102.224983,16.823782],[102.224878,16.819291],[102.225538,16.816152],[102.225056,16.809048],[102.225304,16.804188],[102.226215,16.80041],[102.228111,16.795922],[102.229417,16.790575],[102.22999,16.789301],[102.223414,16.784403],[102.216951,16.782279],[102.211024,16.782688],[102.209968,16.787863],[102.208024,16.789132],[102.193785,16.782999],[102.18032,16.782076],[102.177277,16.775882],[102.172634,16.781053],[102.165626,16.773806],[102.146674,16.771119],[102.135299,16.762069],[102.127638,16.757858],[102.125179,16.758228],[102.120661,16.762763],[102.123199,16.774558],[102.123595,16.787514],[102.126227,16.796644],[102.125041,16.803169],[102.130963,16.809347],[102.136067,16.807683],[102.149716,16.806434],[102.152112,16.807265],[102.152323,16.808719],[102.157826,16.813924],[102.169466,16.815014],[102.174164,16.822411],[102.181292,16.82128],[102.186322,16.822213],[102.187439,16.825266],[102.191305,16.827763],[102.190817,16.829796],[102.193123,16.830805],[102.193633,16.834381],[102.197389,16.83705],[102.196732,16.839407],[102.199661,16.839953],[102.197746,16.841026],[102.200559,16.842971],[102.202113,16.842394],[102.200718,16.845004],[102.20351,16.846441],[102.202162,16.850267],[102.202958,16.851178],[102.204157,16.84943],[102.208231,16.858501],[102.212621,16.856892],[102.215461,16.857743],[102.210841,16.861124],[102.209256,16.861529],[102.211752,16.861435],[102.212352,16.860705],[102.213092,16.860383],[102.213102,16.860005],[102.213602,16.859599],[102.215098,16.860463],[102.215721,16.859982],[102.215344,16.85855],[102.227212,16.853782],[102.23086,16.85339],[102.229531,16.848022],[102.228409,16.845875],[102.227419,16.843201],[102.226826,16.839235],[102.226399,16.831701],[102.224983,16.823782]],[[102.192005,16.798163],[102.190888,16.803975],[102.185203,16.811703],[102.185144,16.811424],[102.184594,16.81124],[102.180097,16.787616],[102.187191,16.78678],[102.190298,16.796268],[102.192589,16.796311],[102.192005,16.798163]]]]},"bbox":[102.120597,16.757858,102.23086,16.861535]},{"type":"Feature","id":"e8310d84-6497-4549-9af4-0c7e2d6fc679","properties":{"id":"e8310d84-6497-4549-9af4-0c7e2d6fc679","code":"05400603","provinceCode":"40","nameTh":"เทศบาลตำบล นาจาน","nameEn":null,"geometryType":"MUNICIPALITY","sourceUrl":"https://landometer.com/api/v2/citymeter-v3/grocery/info/geom/e8310d84-6497-4549-9af4-0c7e2d6fc679/MUNICIPALITY","sourceSha256":"fba3c85640430cc6d12cef0afc0761fbef9f17b02bccd694a2a0836f3173714b","retrievedAt":"2026-10-04T05:43:12.700830+00:00","boundaryVintage":null,"geometryStatus":"native_source_polygon_display_simplified","simplificationToleranceDegrees":0.00015,"simplificationPreservesTopology":true,"invalidSourceRepair":"make_valid; retain polygonal components; discard zero-area collapsed lines","legalBoundaryIndependentlyVerified":false,"areaId":"e8310d84-6497-4549-9af4-0c7e2d6fc679"},"geometry":{"type":"Polygon","coordinates":[[[102.164106,16.636761],[102.16396,16.635455],[102.163348,16.633679],[102.161459,16.630646],[102.159613,16.623282],[102.15929,16.622352],[102.158416,16.621595],[102.157465,16.618161],[102.153575,16.618327],[102.151629,16.617185],[102.150771,16.617291],[102.149468,16.618302],[102.148989,16.618418],[102.145453,16.618401],[102.144368,16.618977],[102.143459,16.619918],[102.142168,16.623015],[102.141505,16.623832],[102.140967,16.623762],[102.141147,16.623335],[102.140095,16.622856],[102.14003,16.623135],[102.139426,16.623452],[102.137676,16.623342],[102.137183,16.622816],[102.136884,16.623091],[102.136082,16.623171],[102.13353,16.624707],[102.132753,16.624937],[102.132524,16.62686],[102.132095,16.62703],[102.132035,16.627648],[102.130431,16.627757],[102.130157,16.627947],[102.12992,16.628775],[102.128875,16.62913],[102.129024,16.629521],[102.128596,16.629962],[102.128254,16.629944],[102.128119,16.630845],[102.127597,16.631565],[102.127432,16.632334],[102.126165,16.632755],[102.125827,16.632515],[102.124166,16.632714],[102.122738,16.633312],[102.122174,16.635029],[102.121472,16.639381],[102.120424,16.64087],[102.120351,16.641975],[102.118817,16.643728],[102.117789,16.643881],[102.116827,16.644644],[102.11561,16.645201],[102.115375,16.645595],[102.115525,16.645891],[102.114128,16.646919],[102.113918,16.64781],[102.114523,16.649285],[102.114377,16.651211],[102.114123,16.651908],[102.112775,16.653108],[102.112188,16.654143],[102.111519,16.654748],[102.110924,16.655033],[102.108317,16.654337],[102.105279,16.654511],[102.10433,16.653767],[102.10351,16.653498],[102.103359,16.652584],[102.102467,16.651822],[102.101735,16.651599],[102.100085,16.65168],[102.099489,16.651148],[102.097649,16.651998],[102.097175,16.653016],[102.0958,16.654415],[102.094714,16.654382],[102.093924,16.654009],[102.093342,16.65438],[102.092801,16.654233],[102.092505,16.653669],[102.09043,16.653382],[102.089413,16.654018],[102.088178,16.653893],[102.087676,16.654612],[102.08677,16.654717],[102.086146,16.654487],[102.085613,16.655026],[102.085261,16.655062],[102.084976,16.656006],[102.083506,16.656229],[102.083086,16.656724],[102.082176,16.656544],[102.08152,16.656837],[102.081158,16.656647],[102.080838,16.657063],[102.080453,16.657085],[102.089591,16.65868],[102.088206,16.663406],[102.090232,16.664819],[102.096018,16.665953],[102.104478,16.664501],[102.104946,16.666443],[102.102357,16.669789],[102.103489,16.671087],[102.115492,16.673519],[102.126905,16.670629],[102.130957,16.678664],[102.136593,16.680276],[102.137121,16.68655],[102.138076,16.686235],[102.148784,16.691663],[102.150654,16.694709],[102.150659,16.693536],[102.15131,16.694039],[102.153662,16.692932],[102.159537,16.695914],[102.161147,16.692682],[102.162667,16.693616],[102.163181,16.692576],[102.163303,16.69403],[102.16825,16.694046],[102.168263,16.695467],[102.173043,16.697388],[102.178567,16.69641],[102.181349,16.697879],[102.180088,16.700355],[102.184182,16.703636],[102.183208,16.705746],[102.184649,16.706284],[102.184504,16.711142],[102.181964,16.713709],[102.182799,16.71461],[102.182672,16.715287],[102.182911,16.715335],[102.183063,16.716003],[102.183635,16.714459],[102.184702,16.718705],[102.188707,16.720844],[102.193011,16.714769],[102.211726,16.709192],[102.211529,16.708243],[102.212212,16.708318],[102.213871,16.709242],[102.212385,16.704422],[102.209927,16.700799],[102.209133,16.69802],[102.206352,16.694031],[102.205634,16.692505],[102.204182,16.683766],[102.201122,16.672037],[102.199917,16.668753],[102.199476,16.666546],[102.199523,16.665126],[102.200209,16.664134],[102.201892,16.663408],[102.202306,16.663008],[102.202609,16.661773],[102.202326,16.660983],[102.198868,16.657482],[102.195958,16.653993],[102.193872,16.652235],[102.192252,16.651224],[102.19023,16.650484],[102.186325,16.648448],[102.184874,16.647422],[102.183631,16.645892],[102.181916,16.644672],[102.180199,16.643877],[102.176613,16.643499],[102.173604,16.641399],[102.17104,16.64056],[102.168738,16.639431],[102.16731,16.639389],[102.165208,16.638851],[102.1646,16.638154],[102.164106,16.636761]]]},"bbox":[102.080453,16.617185,102.213871,16.720844]},{"type":"Feature","id":"b29f24fc-812a-4383-8f86-6c023e811836","properties":{"id":"b29f24fc-812a-4383-8f86-6c023e811836","code":"05400701","provinceCode":"40","nameTh":"เทศบาลตำบล น้ำพอง","nameEn":null,"geometryType":"MUNICIPALITY","sourceUrl":"https://landometer.com/api/v2/citymeter-v3/grocery/info/geom/b29f24fc-812a-4383-8f86-6c023e811836/MUNICIPALITY","sourceSha256":"6dadaf1f9a59c9afd952a84c1d9dda65cfc225b554bd68b9a374d22832292e48","retrievedAt":"2026-10-04T05:43:12.701327+00:00","boundaryVintage":null,"geometryStatus":"native_source_polygon_display_simplified","simplificationToleranceDegrees":0.00015,"simplificationPreservesTopology":true,"invalidSourceRepair":"make_valid; retain polygonal components; discard zero-area collapsed lines","legalBoundaryIndependentlyVerified":false,"areaId":"b29f24fc-812a-4383-8f86-6c023e811836"},"geometry":{"type":"Polygon","coordinates":[[[102.80782,16.727629],[102.806967,16.724923],[102.810014,16.717906],[102.809982,16.714056],[102.801589,16.713413],[102.80083,16.706735],[102.799638,16.706524],[102.7978,16.707414],[102.796042,16.716438],[102.79776869342419,16.727327066637383],[102.795065,16.743796],[102.836464,16.739071],[102.836449,16.737831],[102.83614,16.73761],[102.836109,16.738503],[102.833276,16.736792],[102.823303,16.736782],[102.80782,16.727629]],[[102.798067,16.72551],[102.797769,16.727329],[102.79776869342419,16.727327066637383],[102.798067,16.72551]]]},"bbox":[102.795065,16.706524,102.836464,16.743796]},{"type":"Feature","id":"fd309682-06f1-44ba-a409-7db3ddc71ca2","properties":{"id":"fd309682-06f1-44ba-a409-7db3ddc71ca2","code":"05400702","provinceCode":"40","nameTh":"เทศบาลตำบล วังชัย","nameEn":null,"geometryType":"MUNICIPALITY","sourceUrl":"https://landometer.com/api/v2/citymeter-v3/grocery/info/geom/fd309682-06f1-44ba-a409-7db3ddc71ca2/MUNICIPALITY","sourceSha256":"26bb08e3b4879ae4f54d11626ba37f9de38a855c086232760b515225d637e600","retrievedAt":"2026-10-04T05:43:12.704513+00:00","boundaryVintage":null,"geometryStatus":"native_source_polygon_display_simplified","simplificationToleranceDegrees":0.00015,"simplificationPreservesTopology":true,"invalidSourceRepair":"make_valid; retain polygonal components; discard zero-area collapsed lines","legalBoundaryIndependentlyVerified":false,"areaId":"fd309682-06f1-44ba-a409-7db3ddc71ca2"},"geometry":{"type":"Polygon","coordinates":[[[102.840054,16.708944],[102.84047889887168,16.70996611189536],[102.839737,16.710787],[102.841637,16.715363],[102.842582,16.714958],[102.843756,16.71525],[102.845371,16.719139],[102.846336,16.718992],[102.848154,16.723234],[102.864344,16.715544],[102.876486,16.712745],[102.865773,16.686072],[102.838156,16.699157],[102.841538,16.707301],[102.840054,16.708944]]]},"bbox":[102.838156,16.686072,102.876486,16.723234]},{"type":"Feature","id":"e5b595e8-fb98-4ee7-a1a9-226ae643a4f6","properties":{"id":"e5b595e8-fb98-4ee7-a1a9-226ae643a4f6","code":"05400703","provinceCode":"40","nameTh":"เทศบาลตำบล ม่วงหวาน","nameEn":null,"geometryType":"MUNICIPALITY","sourceUrl":"https://landometer.com/api/v2/citymeter-v3/grocery/info/geom/e5b595e8-fb98-4ee7-a1a9-226ae643a4f6/MUNICIPALITY","sourceSha256":"9ccea9a036d30a3ae060dfa2f416cc2e81b039744bac9ea8877df4ac1c94663f","retrievedAt":"2026-10-04T05:43:12.721764+00:00","boundaryVintage":null,"geometryStatus":"native_source_polygon_display_simplified","simplificationToleranceDegrees":0.00015,"simplificationPreservesTopology":true,"invalidSourceRepair":"make_valid; retain polygonal components; discard zero-area collapsed lines","legalBoundaryIndependentlyVerified":false,"areaId":"e5b595e8-fb98-4ee7-a1a9-226ae643a4f6"},"geometry":{"type":"Polygon","coordinates":[[[102.834738,16.6351],[102.838054,16.634871],[102.836021,16.634708],[102.835892,16.63387],[102.836152,16.633218],[102.835411,16.633684],[102.835107,16.633622],[102.835533,16.632863],[102.835491,16.632438],[102.834701,16.633126],[102.834487,16.632514],[102.833219,16.63236],[102.831926,16.631954],[102.831797,16.631713],[102.831295,16.631803],[102.831129,16.630767],[102.830597,16.630156],[102.829562,16.630055],[102.829081,16.629137],[102.828265,16.62879],[102.827582,16.62862],[102.825757,16.628845],[102.824047,16.627594],[102.822942,16.627162],[102.822576,16.627569],[102.82104,16.627937],[102.820639,16.628208],[102.820536,16.628627],[102.820198,16.628628],[102.81963,16.628293],[102.819438,16.627523],[102.818503,16.626889],[102.818065,16.626673],[102.81701,16.626747],[102.81659,16.626187],[102.816588,16.62555],[102.815553,16.624631],[102.814249,16.624844],[102.812583,16.624243],[102.812025,16.624296],[102.811372,16.624827],[102.810461,16.624984],[102.809394,16.625764],[102.808628,16.625878],[102.80771,16.626446],[102.805945,16.626465],[102.805897,16.62695],[102.8043,16.627468],[102.803926,16.626923],[102.802293,16.626102],[102.801699,16.626085],[102.801282,16.626497],[102.799489,16.626244],[102.798571,16.62658],[102.797202,16.625746],[102.796117,16.626185],[102.794842,16.627498],[102.794427,16.627596],[102.793275,16.627063],[102.792946,16.626217],[102.791937,16.625396],[102.791085,16.623867],[102.790287,16.623044],[102.788739,16.622361],[102.788754,16.621778],[102.788364,16.621399],[102.788305,16.6209],[102.786804,16.621172],[102.785878,16.621093],[102.785235,16.62077],[102.784969,16.618891],[102.784427,16.618284],[102.784013,16.618169],[102.783547,16.617398],[102.778467,16.616342],[102.777431,16.615961],[102.777371,16.615541],[102.776217,16.615493],[102.775237,16.614126],[102.774283,16.614024],[102.773482,16.613053],[102.7734,16.612251],[102.771799,16.612301],[102.768222,16.60937],[102.764005,16.609716],[102.761844,16.61017],[102.759895,16.607307],[102.759511,16.607602],[102.758274,16.607869],[102.755108,16.60813],[102.753709,16.60898],[102.753546,16.609829],[102.752836,16.610628],[102.752209,16.610278],[102.751799,16.610574],[102.750914,16.610192],[102.750543,16.610651],[102.745424,16.608745],[102.742541,16.61015],[102.739864,16.608748],[102.738504,16.608846],[102.736079,16.607094],[102.734797,16.606602],[102.733665,16.606458],[102.732693,16.606624],[102.730955,16.607811],[102.730293,16.608994],[102.728619,16.610437],[102.728099,16.611673],[102.727603,16.6152],[102.727958,16.616085],[102.728893,16.61703],[102.732575,16.619857],[102.734365,16.623016],[102.73506,16.624889],[102.734215,16.626249],[102.729987,16.629175],[102.728418,16.629971],[102.726926,16.630076],[102.725945,16.629876],[102.723513,16.630703],[102.719547,16.63411],[102.71857,16.636692],[102.718694,16.637665],[102.718335,16.639878],[102.718416,16.640945],[102.718738,16.641875],[102.720118,16.643652],[102.720637,16.645338],[102.720446,16.646785],[102.718895,16.65035],[102.717782,16.65256],[102.717155,16.653258],[102.71785,16.658668],[102.718324,16.659303],[102.718473,16.6601],[102.71952,16.661265],[102.719545,16.661979],[102.719955,16.662165],[102.720369,16.662793],[102.720345,16.663203],[102.721023,16.663298],[102.722175,16.662605],[102.72434,16.663396],[102.725846,16.664313],[102.72632,16.665627],[102.730075,16.668181],[102.730853,16.668215],[102.730967,16.66847],[102.731699,16.668318],[102.73249,16.669177],[102.732923,16.672184],[102.732686,16.672864],[102.732838,16.673818],[102.734141,16.67455],[102.734643,16.675904],[102.733822,16.677665],[102.732671,16.678629],[102.73277,16.678937],[102.804375,16.673658],[102.804495,16.681097],[102.814576,16.682905],[102.820916,16.682689],[102.820678,16.682691],[102.821951,16.679076],[102.824398,16.670536],[102.823562,16.653022],[102.823889,16.652316],[102.823871,16.651714],[102.825405,16.649036],[102.828328,16.642713],[102.834738,16.6351]]]},"bbox":[102.717155,16.606458,102.838054,16.682905]},{"type":"Feature","id":"61d615fd-806f-441b-85a4-1f519768feea","properties":{"id":"61d615fd-806f-441b-85a4-1f519768feea","code":"05400704","provinceCode":"40","nameTh":"เทศบาลตำบล กุดน้ำใส","nameEn":null,"geometryType":"MUNICIPALITY","sourceUrl":"https://landometer.com/api/v2/citymeter-v3/grocery/info/geom/61d615fd-806f-441b-85a4-1f519768feea/MUNICIPALITY","sourceSha256":"c0b870e35e713d050a77abe1fb34bb786fe8be8514fb4c33e1de7dd76785cd8d","retrievedAt":"2026-10-04T05:43:12.735247+00:00","boundaryVintage":null,"geometryStatus":"native_source_polygon_display_simplified","simplificationToleranceDegrees":0.00015,"simplificationPreservesTopology":true,"invalidSourceRepair":"make_valid; retain polygonal components; discard zero-area collapsed lines","legalBoundaryIndependentlyVerified":false,"areaId":"61d615fd-806f-441b-85a4-1f519768feea"},"geometry":{"type":"MultiPolygon","coordinates":[[[[102.736884,16.678634],[102.73688430800073,16.678633977291614],[102.736884,16.678629],[102.736884,16.678634]]],[[[102.814576,16.682905],[102.804495,16.681097],[102.804375,16.673658],[102.73688430800073,16.678633977291614],[102.738599,16.692455],[102.741937,16.692002],[102.743119,16.693381],[102.742846,16.693699],[102.741968,16.693833],[102.74186,16.694487],[102.742187,16.694954],[102.741762,16.695345],[102.741749,16.696421],[102.741364,16.696733],[102.74129,16.697478],[102.740791,16.697299],[102.740663,16.697451],[102.741013,16.698124],[102.740243,16.698849],[102.740627,16.699346],[102.740619,16.699687],[102.740347,16.699863],[102.740546,16.700261],[102.740932,16.700138],[102.740499,16.701563],[102.740964,16.701809],[102.740545,16.702077],[102.740659,16.702503],[102.740051,16.70263],[102.73989,16.702912],[102.740212,16.70343],[102.740096,16.70381],[102.7393,16.704201],[102.737996,16.706448],[102.737625,16.70857],[102.737489,16.708939],[102.737092,16.709014],[102.737593,16.711001],[102.738714,16.710711],[102.73936,16.710789],[102.739892,16.711282],[102.741188,16.711295],[102.741042,16.712482],[102.741235,16.712591],[102.741643,16.712296],[102.74202,16.712903],[102.742399,16.71291],[102.741925,16.713391],[102.742187,16.713536],[102.742035,16.713873],[102.742457,16.714202],[102.742084,16.71508],[102.743685,16.71502],[102.743822,16.715464],[102.743428,16.716325],[102.743934,16.716138],[102.744114,16.716846],[102.744673,16.71674],[102.744424,16.71817],[102.744948,16.718099],[102.745696,16.719131],[102.746714,16.71958],[102.746733,16.719969],[102.746374,16.72017],[102.746312,16.720879],[102.746872,16.72261],[102.748217,16.723418],[102.751758,16.726296],[102.751233,16.727357],[102.751943,16.727743],[102.751963,16.728009],[102.750951,16.728427],[102.761053,16.733125],[102.767373,16.73979],[102.770693,16.737621],[102.771644,16.731886],[102.775785,16.718777],[102.775159,16.714751],[102.777768,16.711766],[102.784824,16.711093],[102.783809,16.714586],[102.780478,16.716128],[102.78062,16.719962],[102.784821,16.721789],[102.789942,16.718973],[102.791131,16.721418],[102.789618,16.726191],[102.791514,16.730614],[102.797693,16.727793],[102.796042,16.716438],[102.7978,16.707414],[102.799638,16.706524],[102.80083,16.706735],[102.801589,16.713413],[102.809982,16.714056],[102.810014,16.717906],[102.806967,16.724923],[102.80782,16.727629],[102.823303,16.736782],[102.833276,16.736792],[102.836109,16.738503],[102.836367,16.730983],[102.831591,16.726625],[102.828904,16.719944],[102.836752,16.71155],[102.83714,16.71217],[102.839166,16.709927],[102.839794,16.710724],[102.839035,16.711564],[102.840479,16.709966],[102.840054,16.708944],[102.841538,16.707301],[102.839825,16.703552],[102.827557,16.703774],[102.820281,16.704583],[102.817097,16.699775],[102.824072,16.682898],[102.82391,16.682338],[102.820916,16.682689],[102.814576,16.682905]]]]},"bbox":[102.736884,16.673658,102.841538,16.73979]},{"type":"Feature","id":"f352bbe6-23ca-4348-b4ac-f57c2dcdc3e4","properties":{"id":"f352bbe6-23ca-4348-b4ac-f57c2dcdc3e4","code":"05400705","provinceCode":"40","nameTh":"เทศบาลตำบล ลำน้ำพอง","nameEn":null,"geometryType":"MUNICIPALITY","sourceUrl":"https://landometer.com/api/v2/citymeter-v3/grocery/info/geom/f352bbe6-23ca-4348-b4ac-f57c2dcdc3e4/MUNICIPALITY","sourceSha256":"b3b6b9ae9335107f3947aa2342fafe03088c1c98785bfeb093f5dc3bb1ed80a5","retrievedAt":"2026-10-04T05:43:12.778684+00:00","boundaryVintage":null,"geometryStatus":"native_source_polygon_display_simplified","simplificationToleranceDegrees":0.00015,"simplificationPreservesTopology":true,"invalidSourceRepair":"make_valid; retain polygonal components; discard zero-area collapsed lines","legalBoundaryIndependentlyVerified":false,"areaId":"f352bbe6-23ca-4348-b4ac-f57c2dcdc3e4"},"geometry":{"type":"Polygon","coordinates":[[[102.82997,16.80747],[102.832889,16.806025],[102.832781,16.80563],[102.868578,16.78714],[102.871681,16.785713],[102.872972,16.7857],[102.873719,16.782281],[102.864806,16.775011],[102.865312,16.772236],[102.865555,16.771996],[102.867263,16.771669],[102.868609,16.769966],[102.868512,16.769087],[102.872427,16.765136],[102.873141,16.75984],[102.876651,16.756045],[102.875658,16.753317],[102.874488,16.751816],[102.873235,16.751259],[102.873447,16.750612],[102.872877,16.750592],[102.871824,16.751713],[102.864321,16.749546],[102.863325,16.745299],[102.857624,16.741329],[102.858175,16.737224],[102.854381,16.737557],[102.855186,16.734577],[102.851683,16.729485],[102.854657,16.725919],[102.853032,16.720986],[102.848154,16.723234],[102.846336,16.718992],[102.845371,16.719139],[102.843756,16.71525],[102.842582,16.714958],[102.841637,16.715363],[102.83972,16.710553],[102.839166,16.709927],[102.83714,16.71217],[102.836752,16.71155],[102.828904,16.719944],[102.831591,16.726625],[102.836367,16.730983],[102.83614,16.73761],[102.836449,16.737831],[102.836464,16.739071],[102.795065,16.743796],[102.797693,16.727793],[102.791514,16.730614],[102.789618,16.726191],[102.791131,16.721418],[102.789942,16.718973],[102.784821,16.721789],[102.78062,16.719962],[102.780478,16.716128],[102.783809,16.714586],[102.784824,16.711093],[102.777768,16.711766],[102.775159,16.714751],[102.775785,16.718777],[102.771644,16.731886],[102.770693,16.737621],[102.767373,16.73979],[102.761053,16.733125],[102.750933,16.728396],[102.751108,16.728359],[102.749974,16.728461],[102.748445,16.727491],[102.747329,16.727818],[102.746931,16.729076],[102.747118,16.729613],[102.748212,16.730909],[102.748086,16.731969],[102.747558,16.732433],[102.746501,16.732618],[102.742599,16.734166],[102.750531,16.739795],[102.754847,16.741036],[102.773834,16.754912],[102.776797,16.760169],[102.777748,16.776321],[102.783368,16.780768],[102.787494,16.77924],[102.792588,16.786847],[102.832863,16.782353],[102.832932,16.805481],[102.82997,16.80747]]]},"bbox":[102.742599,16.709927,102.876651,16.807486]},{"type":"Feature","id":"7d3e8d18-9273-4b66-bc0a-0444bab6c689","properties":{"id":"7d3e8d18-9273-4b66-bc0a-0444bab6c689","code":"05400713","provinceCode":"40","nameTh":"เทศบาลตำบล สะอาด","nameEn":null,"geometryType":"MUNICIPALITY","sourceUrl":"https://landometer.com/api/v2/citymeter-v3/grocery/info/geom/7d3e8d18-9273-4b66-bc0a-0444bab6c689/MUNICIPALITY","sourceSha256":"97a3efa6a12f192ac8129427ae0dea2d7f2b2bd4d2eeb0ffa72af8047dbf465b","retrievedAt":"2026-10-04T05:43:12.779858+00:00","boundaryVintage":null,"geometryStatus":"native_source_polygon_display_simplified","simplificationToleranceDegrees":0.00015,"simplificationPreservesTopology":true,"invalidSourceRepair":"make_valid; retain polygonal components; discard zero-area collapsed lines","legalBoundaryIndependentlyVerified":false,"areaId":"7d3e8d18-9273-4b66-bc0a-0444bab6c689"},"geometry":{"type":"MultiPolygon","coordinates":[[[[102.746501,16.732618],[102.74650056481703,16.732618172645626],[102.746773,16.732578],[102.746501,16.732618]]],[[[102.744656,16.733064],[102.742999,16.733795],[102.742771,16.733983],[102.742254,16.73452],[102.741072,16.735818],[102.740071,16.736387],[102.736314,16.73648],[102.735754,16.73612],[102.732247,16.737274],[102.731491,16.737725],[102.730544,16.738714],[102.729033,16.741685],[102.72812,16.742642],[102.726779,16.743416],[102.726409,16.744905],[102.724904,16.745678],[102.724709,16.746603],[102.722529,16.748985],[102.722578,16.750031],[102.722249,16.751691],[102.725122,16.753509],[102.727314,16.75403],[102.729926,16.75425],[102.731622,16.758278],[102.731451,16.759287],[102.731999,16.761256],[102.731193,16.762037],[102.731696,16.762612],[102.731419,16.764231],[102.723796,16.774173],[102.7246,16.776026],[102.724685,16.77673],[102.73568,16.796098],[102.735417,16.797984],[102.732962,16.801308],[102.730523,16.804035],[102.731008,16.804653],[102.731845,16.807985],[102.732618,16.809567],[102.733081,16.813843],[102.731458,16.816436],[102.731851,16.817974],[102.733198,16.819589],[102.736655,16.820454],[102.737102,16.821385],[102.737736,16.821495],[102.738522,16.822615],[102.739021,16.82279],[102.739517,16.823365],[102.74054,16.823884],[102.740967,16.823818],[102.741129,16.824182],[102.741349,16.824177],[102.741647,16.825339],[102.743014,16.825769],[102.743849,16.825512],[102.745609,16.826042],[102.746209,16.826488],[102.747698,16.826818],[102.748095,16.827472],[102.749077,16.828069],[102.74962,16.828775],[102.749465,16.828962],[102.75054,16.831966],[102.750479,16.833197],[102.753037,16.834282],[102.753063,16.835185],[102.754891,16.834407],[102.755809,16.835201],[102.756381,16.835183],[102.757483,16.83424],[102.757194,16.833757],[102.758047,16.833242],[102.758389,16.831233],[102.760786,16.83066],[102.759838,16.829952],[102.759814,16.828627],[102.760206,16.827713],[102.760144,16.827158],[102.761965,16.824326],[102.762271,16.821771],[102.763083,16.820986],[102.765352,16.820575],[102.768079,16.819423],[102.768573,16.820056],[102.769222,16.819996],[102.769871,16.819764],[102.770322,16.819223],[102.770845,16.819362],[102.771288,16.818884],[102.772694,16.818645],[102.773716,16.818971],[102.774371,16.820065],[102.77476,16.819905],[102.776695,16.820038],[102.776963,16.820652],[102.778637,16.820783],[102.77961,16.821287],[102.79734,16.819953],[102.801507,16.818124],[102.805174,16.815265],[102.806581,16.813885],[102.808663,16.81306],[102.810683,16.812699],[102.813207,16.812862],[102.818411,16.815601],[102.818964,16.815191],[102.821355,16.814934],[102.823552,16.813321],[102.82499,16.812956],[102.825352,16.81053],[102.825935,16.810429],[102.826008,16.809892],[102.827335,16.809096],[102.829265,16.807335],[102.82997,16.80747],[102.832932,16.805481],[102.832863,16.782353],[102.792588,16.786847],[102.787494,16.77924],[102.783368,16.780768],[102.777748,16.776321],[102.776797,16.760169],[102.773834,16.754912],[102.754847,16.741036],[102.750531,16.739795],[102.742599,16.734166],[102.74650056481703,16.732618172645626],[102.744656,16.733064]]]]},"bbox":[102.722249,16.732578,102.832932,16.835221]},{"type":"Feature","id":"9988716a-c670-4168-abb5-1d78d30f2cc4","properties":{"id":"9988716a-c670-4168-abb5-1d78d30f2cc4","code":"05400801","provinceCode":"40","nameTh":"เทศบาลตำบล นาคำ","nameEn":null,"geometryType":"MUNICIPALITY","sourceUrl":"https://landometer.com/api/v2/citymeter-v3/grocery/info/geom/9988716a-c670-4168-abb5-1d78d30f2cc4/MUNICIPALITY","sourceSha256":"9e34d408d1c00f56d103f5b5e00c9a6ad1736ff49d066d3c181ad2b6f1708075","retrievedAt":"2026-10-04T05:43:12.787267+00:00","boundaryVintage":null,"geometryStatus":"native_source_polygon_display_simplified","simplificationToleranceDegrees":0.00015,"simplificationPreservesTopology":true,"invalidSourceRepair":"make_valid; retain polygonal components; discard zero-area collapsed lines","legalBoundaryIndependentlyVerified":false,"areaId":"9988716a-c670-4168-abb5-1d78d30f2cc4"},"geometry":{"type":"Polygon","coordinates":[[[102.624753,16.843225],[102.625681,16.845924],[102.627726,16.849902],[102.630635,16.859262],[102.631152,16.859822],[102.634737,16.867715],[102.636173,16.872543],[102.63824,16.876886],[102.639277,16.879956],[102.644137,16.889601],[102.647289,16.894294],[102.648374,16.896485],[102.64957,16.89753],[102.650917,16.900857],[102.652987,16.904555],[102.658619,16.900114],[102.66475,16.898619],[102.675333,16.892441],[102.683772,16.882888],[102.683012,16.87992],[102.687051,16.874983],[102.706339,16.876026],[102.721327,16.878487],[102.727036,16.882128],[102.731839,16.881928],[102.730511,16.879902],[102.732258,16.876522],[102.731761,16.876356],[102.730392,16.874934],[102.731217,16.86448],[102.731839,16.864038],[102.731561,16.86269],[102.731927,16.86103],[102.731707,16.859742],[102.732591,16.85888],[102.732723,16.857733],[102.73317,16.857381],[102.732956,16.856733],[102.733192,16.855969],[102.734023,16.85466],[102.734144,16.853578],[102.734474,16.853227],[102.734923,16.85179],[102.734656,16.848336],[102.735127,16.844455],[102.735022,16.843729],[102.73422,16.841991],[102.733871,16.841792],[102.731696,16.841377],[102.729066,16.842348],[102.727725,16.84005],[102.725013,16.836752],[102.724334,16.835649],[102.724105,16.834611],[102.723631,16.83408],[102.728238,16.823299],[102.72867,16.822072],[102.728552,16.822407],[102.72829,16.821711],[102.727658,16.821437],[102.726731,16.822394],[102.668646,16.821934],[102.643318,16.829891],[102.630865,16.837146],[102.624753,16.843225]]]},"bbox":[102.624745,16.821437,102.735127,16.904555]},{"type":"Feature","id":"027fb016-ebe6-488f-932f-2d586f723f8e","properties":{"id":"027fb016-ebe6-488f-932f-2d586f723f8e","code":"05400802","provinceCode":"40","nameTh":"เทศบาลตำบล เขื่อนอุบลรัตน์","nameEn":null,"geometryType":"MUNICIPALITY","sourceUrl":"https://landometer.com/api/v2/citymeter-v3/grocery/info/geom/027fb016-ebe6-488f-932f-2d586f723f8e/MUNICIPALITY","sourceSha256":"2e559646569bb422fd1c6594f0c92c337f3edf22cb1abbab1ad57aa327c16628","retrievedAt":"2026-10-04T05:43:12.771873+00:00","boundaryVintage":null,"geometryStatus":"native_source_polygon_display_simplified","simplificationToleranceDegrees":0.00015,"simplificationPreservesTopology":true,"invalidSourceRepair":"make_valid; retain polygonal components; discard zero-area collapsed lines","legalBoundaryIndependentlyVerified":false,"areaId":"027fb016-ebe6-488f-932f-2d586f723f8e"},"geometry":{"type":"Polygon","coordinates":[[[102.622648,16.751105],[102.61723,16.762437],[102.616311,16.767417],[102.619399,16.772339],[102.617787,16.777924],[102.618991,16.776301],[102.630503,16.773983],[102.634913,16.771448],[102.649277,16.751539],[102.64792,16.747524],[102.629085,16.741193],[102.628813,16.745548],[102.622648,16.751105]]]},"bbox":[102.616311,16.741193,102.649277,16.777924]},{"type":"Feature","id":"f92c3e24-f44e-4c87-b393-66fedef2f5b0","properties":{"id":"f92c3e24-f44e-4c87-b393-66fedef2f5b0","code":"05400803","provinceCode":"40","nameTh":"เทศบาลตำบล โคกสูง","nameEn":null,"geometryType":"MUNICIPALITY","sourceUrl":"https://landometer.com/api/v2/citymeter-v3/grocery/info/geom/f92c3e24-f44e-4c87-b393-66fedef2f5b0/MUNICIPALITY","sourceSha256":"26bf39916ed231c8edebd687a5c275158a3844514d5756ec49e1d5af599285ef","retrievedAt":"2026-10-04T05:43:12.788114+00:00","boundaryVintage":null,"geometryStatus":"native_source_polygon_display_simplified","simplificationToleranceDegrees":0.00015,"simplificationPreservesTopology":true,"invalidSourceRepair":"make_valid; retain polygonal components; discard zero-area collapsed lines","legalBoundaryIndependentlyVerified":false,"areaId":"f92c3e24-f44e-4c87-b393-66fedef2f5b0"},"geometry":{"type":"Polygon","coordinates":[[[102.735754,16.73612],[102.736314,16.73648],[102.740071,16.736387],[102.741072,16.735818],[102.743358,16.733591],[102.745209,16.732888],[102.74776,16.732301],[102.74817,16.731831],[102.748281,16.731132],[102.747118,16.729613],[102.746926,16.728864],[102.747164,16.728023],[102.747729,16.727564],[102.748664,16.72757],[102.750153,16.728488],[102.751108,16.728359],[102.751989,16.727926],[102.751233,16.727357],[102.751781,16.726512],[102.751588,16.726078],[102.746872,16.72261],[102.746312,16.720879],[102.746374,16.72017],[102.746733,16.719969],[102.746714,16.71958],[102.745696,16.719131],[102.744948,16.718099],[102.744424,16.71817],[102.744673,16.71674],[102.744114,16.716846],[102.743934,16.716138],[102.743428,16.716325],[102.743822,16.715464],[102.743685,16.71502],[102.742084,16.71508],[102.742457,16.714202],[102.742035,16.713873],[102.742187,16.713536],[102.741925,16.713391],[102.742399,16.71291],[102.74202,16.712903],[102.741643,16.712296],[102.741235,16.712591],[102.741042,16.712482],[102.741188,16.711295],[102.739892,16.711282],[102.73936,16.710789],[102.738714,16.710711],[102.737593,16.711001],[102.737092,16.709014],[102.737489,16.708939],[102.737625,16.70857],[102.737996,16.706448],[102.7393,16.704201],[102.740096,16.70381],[102.740212,16.70343],[102.73989,16.702912],[102.740051,16.70263],[102.740659,16.702503],[102.740545,16.702077],[102.740964,16.701809],[102.740499,16.701563],[102.740932,16.700138],[102.740546,16.700261],[102.740347,16.699863],[102.740619,16.699687],[102.740627,16.699346],[102.740243,16.698849],[102.741013,16.698124],[102.740663,16.697451],[102.740791,16.697299],[102.74129,16.697478],[102.741364,16.696733],[102.741749,16.696421],[102.741762,16.695345],[102.742187,16.694954],[102.74186,16.694487],[102.741968,16.693833],[102.742846,16.693699],[102.743119,16.693381],[102.741937,16.692002],[102.738599,16.692455],[102.736884,16.678629],[102.73277,16.678937],[102.732666,16.678665],[102.733822,16.677665],[102.734643,16.675904],[102.734141,16.67455],[102.732838,16.673818],[102.732686,16.672864],[102.732923,16.672184],[102.73249,16.669177],[102.731699,16.668318],[102.730967,16.66847],[102.730853,16.668215],[102.730075,16.668181],[102.72632,16.665627],[102.725846,16.664313],[102.72434,16.663396],[102.722175,16.662605],[102.721023,16.663298],[102.720345,16.663203],[102.720369,16.662793],[102.719955,16.662165],[102.719545,16.661979],[102.71952,16.661265],[102.718473,16.6601],[102.718324,16.659303],[102.71785,16.658668],[102.717155,16.653258],[102.717782,16.65256],[102.718895,16.65035],[102.720446,16.646785],[102.720637,16.645338],[102.720118,16.643652],[102.718738,16.641875],[102.718416,16.640945],[102.718335,16.639878],[102.718694,16.637665],[102.71857,16.636692],[102.711045,16.635081],[102.70365,16.632697],[102.699949,16.63262],[102.697027,16.633401],[102.695439,16.636578],[102.69441,16.638071],[102.687482,16.652448],[102.685509,16.652905],[102.674189,16.653983],[102.674284,16.65479],[102.673753,16.655103],[102.672769,16.656586],[102.671063,16.65768],[102.670702,16.658342],[102.669944,16.658686],[102.669705,16.658577],[102.669593,16.658084],[102.668458,16.658423],[102.667836,16.658278],[102.667457,16.658578],[102.665618,16.658956],[102.665069,16.658449],[102.664633,16.658474],[102.65773,16.664914],[102.649406,16.66877],[102.65322,16.677338],[102.655587,16.67746],[102.652134,16.682565],[102.653842,16.684237],[102.652521,16.68602],[102.653086,16.690353],[102.650764,16.689916],[102.650427,16.691637],[102.652555,16.697786],[102.652429,16.699554],[102.652756,16.700698],[102.652511,16.704331],[102.654106,16.703939],[102.656088,16.706993],[102.660798,16.706519],[102.665779,16.709311],[102.669323,16.707557],[102.669991,16.702805],[102.671969,16.70158],[102.676691,16.702214],[102.679099,16.70531],[102.682777,16.703718],[102.689258,16.705489],[102.688793,16.708427],[102.691678,16.710518],[102.693554,16.716883],[102.697121,16.716185],[102.698582,16.720738],[102.701427,16.722766],[102.700928,16.725115],[102.703462,16.726149],[102.701881,16.726648],[102.702308,16.729058],[102.703541,16.728499],[102.705338,16.731549],[102.707731,16.731882],[102.711063,16.736682],[102.720829,16.732114],[102.724961,16.7287],[102.729416,16.728599],[102.731039,16.726173],[102.736888,16.726135],[102.739999,16.728598],[102.734393,16.729261],[102.73364,16.731252],[102.736068,16.733631],[102.735675,16.736115],[102.734421,16.736635],[102.735754,16.73612]]]},"bbox":[102.649406,16.63262,102.751989,16.736682]},{"type":"Feature","id":"71d0a7dd-aad6-4f1b-af54-85c8ae8a5511","properties":{"id":"71d0a7dd-aad6-4f1b-af54-85c8ae8a5511","code":"05400901","provinceCode":"40","nameTh":"เทศบาลตำบล น้ำอ้อม","nameEn":null,"geometryType":"MUNICIPALITY","sourceUrl":"https://landometer.com/api/v2/citymeter-v3/grocery/info/geom/71d0a7dd-aad6-4f1b-af54-85c8ae8a5511/MUNICIPALITY","sourceSha256":"cd79af59d7c7be849fea639a3aa8ee0f62df5e614c2d2497b6eef72ae4ea11ce","retrievedAt":"2026-10-04T05:43:12.804671+00:00","boundaryVintage":null,"geometryStatus":"native_source_polygon_display_simplified","simplificationToleranceDegrees":0.00015,"simplificationPreservesTopology":true,"invalidSourceRepair":"make_valid; retain polygonal components; discard zero-area collapsed lines","legalBoundaryIndependentlyVerified":false,"areaId":"71d0a7dd-aad6-4f1b-af54-85c8ae8a5511"},"geometry":{"type":"Polygon","coordinates":[[[103.155993,16.679518],[103.156141,16.678136],[103.156866,16.677376],[103.158042,16.677272],[103.158378,16.676802],[103.159163,16.676768],[103.15916,16.674884],[103.159595,16.674619],[103.159605,16.674104],[103.159257,16.672958],[103.158497,16.671962],[103.158337,16.671164],[103.158764,16.670354],[103.1582,16.670123],[103.157427,16.668791],[103.156611,16.668688],[103.156181,16.668315],[103.155723,16.668459],[103.15471,16.667571],[103.154633,16.666606],[103.153222,16.664591],[103.152995,16.663432],[103.151309,16.661674],[103.151475,16.661117],[103.150757,16.659226],[103.150614,16.657387],[103.151399,16.656249],[103.151939,16.65607],[103.152973,16.654473],[103.151587,16.652306],[103.152174,16.650927],[103.151893,16.649859],[103.152721,16.648408],[103.152603,16.647681],[103.151902,16.64731],[103.151827,16.648283],[103.138853,16.646528],[103.132242,16.652931],[103.123653,16.652371],[103.114849,16.656149],[103.110251,16.655684],[103.105093,16.658291],[103.096155,16.667349],[103.092506,16.678666],[103.103308,16.689056],[103.104348,16.689287],[103.105595,16.68999],[103.110929,16.690749],[103.114804,16.69161],[103.125801,16.690263],[103.131555,16.692247],[103.140157,16.691426],[103.145507,16.685896],[103.153634,16.684063],[103.155993,16.679518]]]},"bbox":[103.092506,16.646528,103.159631,16.692247]},{"type":"Feature","id":"10ffb2df-fcd6-4024-b9f6-5616d0db9556","properties":{"id":"10ffb2df-fcd6-4024-b9f6-5616d0db9556","code":"05400902","provinceCode":"40","nameTh":"เทศบาลตำบล ห้วยยาง","nameEn":null,"geometryType":"MUNICIPALITY","sourceUrl":"https://landometer.com/api/v2/citymeter-v3/grocery/info/geom/10ffb2df-fcd6-4024-b9f6-5616d0db9556/MUNICIPALITY","sourceSha256":"f9eeb80323c160d0ff62f7dfdc31300f8208150c435e1e708b340b50d934b305","retrievedAt":"2026-10-04T05:43:12.859534+00:00","boundaryVintage":null,"geometryStatus":"native_source_polygon_display_simplified","simplificationToleranceDegrees":0.00015,"simplificationPreservesTopology":true,"invalidSourceRepair":"make_valid; retain polygonal components; discard zero-area collapsed lines","legalBoundaryIndependentlyVerified":false,"areaId":"10ffb2df-fcd6-4024-b9f6-5616d0db9556"},"geometry":{"type":"Polygon","coordinates":[[[103.100848,16.912403],[103.101531,16.911631],[103.102218,16.911627],[103.102325,16.912132],[103.103595,16.911235],[103.105343,16.911009],[103.105828,16.910403],[103.10537,16.910121],[103.105731,16.909119],[103.106126,16.908975],[103.106658,16.909549],[103.107288,16.90911],[103.107541,16.908151],[103.108034,16.908168],[103.108514,16.907803],[103.108563,16.906438],[103.109495,16.90656],[103.109635,16.906046],[103.110161,16.905713],[103.11,16.906259],[103.110806,16.90586],[103.11131,16.906547],[103.111687,16.906112],[103.112409,16.906481],[103.113757,16.906245],[103.114858,16.906573],[103.115039,16.905271],[103.116317,16.905207],[103.11665,16.904382],[103.118041,16.904131],[103.118192,16.903427],[103.118907,16.903214],[103.11916,16.90236],[103.119901,16.901771],[103.120367,16.901636],[103.121075,16.901835],[103.121056,16.901197],[103.121916,16.900602],[103.12214,16.899681],[103.123267,16.899071],[103.122598,16.896249],[103.123026,16.895826],[103.123584,16.89614],[103.123497,16.895576],[103.122946,16.895414],[103.122884,16.895167],[103.123305,16.89435],[103.12406,16.893985],[103.123709,16.89323],[103.124186,16.892047],[103.123482,16.891646],[103.123037,16.891968],[103.122548,16.89166],[103.121999,16.891874],[103.120532,16.891066],[103.120477,16.890649],[103.12113,16.889937],[103.120484,16.889451],[103.119963,16.888417],[103.119829,16.886865],[103.12026,16.884433],[103.121271,16.884197],[103.121635,16.883624],[103.122147,16.883716],[103.122034,16.882965],[103.122582,16.882833],[103.122373,16.882513],[103.121238,16.882044],[103.121234,16.881036],[103.121837,16.881151],[103.121724,16.880666],[103.122332,16.880152],[103.122002,16.879479],[103.120689,16.878877],[103.119995,16.879401],[103.120399,16.879945],[103.119922,16.880163],[103.119464,16.879936],[103.119069,16.879187],[103.119073,16.878562],[103.119903,16.877177],[103.119275,16.875886],[103.11872,16.87554],[103.119074,16.874844],[103.119647,16.875041],[103.119932,16.874822],[103.120002,16.872511],[103.120453,16.871773],[103.119983,16.871395],[103.119716,16.870609],[103.118128,16.869536],[103.118272,16.868585],[103.116838,16.868325],[103.11613,16.868742],[103.115988,16.867766],[103.115507,16.867075],[103.114498,16.867283],[103.113803,16.866264],[103.113002,16.866127],[103.112827,16.865087],[103.112514,16.864607],[103.112781,16.863568],[103.112634,16.862631],[103.112906,16.861956],[103.111613,16.861068],[103.112025,16.860305],[103.112229,16.85838],[103.113178,16.858027],[103.11396,16.856509],[103.115001,16.856271],[103.114171,16.853918],[103.11446,16.853071],[103.11368,16.852672],[103.112775,16.852904],[103.113301,16.851567],[103.111769,16.851565],[103.111432,16.850913],[103.110754,16.851344],[103.11026,16.852269],[103.108813,16.851784],[103.10872,16.851356],[103.1092,16.851606],[103.109433,16.851309],[103.109223,16.850494],[103.108165,16.850003],[103.106562,16.849861],[103.106135,16.849504],[103.105936,16.848593],[103.10543,16.847884],[103.105905,16.847144],[103.106394,16.847307],[103.106526,16.84685],[103.106982,16.847058],[103.107145,16.846879],[103.10712,16.846547],[103.106444,16.846011],[103.106851,16.845332],[103.106908,16.843835],[103.106072,16.843345],[103.105795,16.844232],[103.105306,16.844614],[103.104818,16.844574],[103.104876,16.843118],[103.10395,16.842899],[103.103277,16.842105],[103.103033,16.841127],[103.102349,16.841372],[103.10181,16.839619],[103.102148,16.838989],[103.102715,16.838698],[103.10408,16.838818],[103.103216,16.837315],[103.103042,16.836243],[103.104308,16.835129],[103.104612,16.835411],[103.105618,16.835229],[103.105442,16.834023],[103.106338,16.833851],[103.106813,16.834069],[103.107327,16.833259],[103.107268,16.832917],[103.106644,16.832885],[103.106485,16.832667],[103.106352,16.831761],[103.106915,16.831688],[103.106937,16.831376],[103.106125,16.831095],[103.105746,16.830123],[103.104504,16.829743],[103.104244,16.829445],[103.104343,16.828871],[103.105176,16.828893],[103.105968,16.827178],[103.105902,16.826863],[103.105276,16.82635],[103.105269,16.826032],[103.105577,16.826007],[103.105981,16.826407],[103.107253,16.826584],[103.107404,16.825574],[103.107869,16.825103],[103.107931,16.824533],[103.10976,16.824541],[103.109826,16.823647],[103.110831,16.823344],[103.1108,16.822376],[103.112702,16.819725],[103.113148,16.819235],[103.114226,16.819183],[103.114346,16.818823],[103.113809,16.818544],[103.113806,16.81823],[103.114103,16.818157],[103.115511,16.818847],[103.116605,16.818812],[103.117018,16.819208],[103.117755,16.819256],[103.118224,16.818859],[103.118438,16.819699],[103.118839,16.81993],[103.119278,16.819752],[103.118858,16.819257],[103.119231,16.818677],[103.120127,16.819556],[103.120439,16.819381],[103.120732,16.81852],[103.121328,16.818803],[103.122402,16.818186],[103.123353,16.818048],[103.123934,16.818311],[103.124733,16.819262],[103.124198,16.819786],[103.124659,16.820454],[103.125237,16.820359],[103.124857,16.819565],[103.125233,16.819423],[103.125658,16.819718],[103.125793,16.820666],[103.126512,16.821091],[103.126836,16.820647],[103.118035,16.812286],[103.108684,16.807799],[103.105699,16.804126],[103.108973,16.812559],[103.107771,16.818616],[103.107025,16.819062],[103.10619,16.82222],[103.101756,16.82295],[103.091664,16.827813],[103.080357,16.828585],[103.08028,16.824791],[103.075351,16.821709],[103.06686,16.821535],[103.064642,16.823703],[103.067807,16.829942],[103.067456,16.83565],[103.059674,16.840172],[103.058302,16.844186],[103.063914,16.856133],[103.063794,16.859826],[103.060069,16.862013],[103.058069,16.858124],[103.054014,16.857883],[103.052875,16.860338],[103.049848,16.859901],[103.046209,16.863021],[103.040707,16.86399],[103.036209,16.881218],[103.036349,16.884304],[103.037625,16.885643],[103.041573,16.887301],[103.042681,16.888244],[103.043558,16.888438],[103.04644,16.888007],[103.046979,16.887754],[103.047839,16.886701],[103.05009,16.88597],[103.052527,16.885641],[103.052761,16.885757],[103.05348,16.887577],[103.054598,16.888887],[103.056782,16.88893],[103.057491,16.88839],[103.057712,16.888469],[103.059807,16.889849],[103.060508,16.890973],[103.062001,16.891417],[103.063283,16.893573],[103.063564,16.89504],[103.065789,16.896348],[103.066609,16.89737],[103.067921,16.898307],[103.068295,16.899045],[103.068863,16.899533],[103.071958,16.900706],[103.072041,16.901689],[103.072962,16.901546],[103.073678,16.902198],[103.074211,16.90194],[103.075114,16.900607],[103.076977,16.900123],[103.0777,16.899688],[103.078953,16.897967],[103.079462,16.897997],[103.080561,16.898646],[103.08369,16.89914],[103.083985,16.899512],[103.084475,16.901934],[103.085918,16.903509],[103.086707,16.905147],[103.088174,16.906539],[103.089096,16.906422],[103.090113,16.908022],[103.092163,16.910305],[103.092872,16.910221],[103.094337,16.910622],[103.096392,16.910304],[103.098116,16.912622],[103.098688,16.912424],[103.099616,16.913093],[103.100078,16.912635],[103.100953,16.91294],[103.101071,16.912722],[103.100848,16.912403]]]},"bbox":[103.036209,16.804126,103.126836,16.913094]},{"type":"Feature","id":"6a16467d-cc28-4749-8477-e3ff4b098f62","properties":{"id":"6a16467d-cc28-4749-8477-e3ff4b098f62","code":"05400904","provinceCode":"40","nameTh":"เทศบาลตำบล หนองโน","nameEn":null,"geometryType":"MUNICIPALITY","sourceUrl":"https://landometer.com/api/v2/citymeter-v3/grocery/info/geom/6a16467d-cc28-4749-8477-e3ff4b098f62/MUNICIPALITY","sourceSha256":"509539ff2de8f98ade2ec22bbca516603cfc28d66b93f2e10a743418f459ff0d","retrievedAt":"2026-10-04T05:43:12.818112+00:00","boundaryVintage":null,"geometryStatus":"native_source_polygon_display_simplified","simplificationToleranceDegrees":0.00015,"simplificationPreservesTopology":true,"invalidSourceRepair":"make_valid; retain polygonal components; discard zero-area collapsed lines","legalBoundaryIndependentlyVerified":false,"areaId":"6a16467d-cc28-4749-8477-e3ff4b098f62"},"geometry":{"type":"Polygon","coordinates":[[[103.042857,16.74458],[103.050958,16.741733],[103.058798,16.744557],[103.074946,16.744259],[103.075453,16.745076],[103.072239,16.737792],[103.068354,16.731664],[103.061555,16.718673],[103.05983,16.703877],[103.062259,16.700266],[103.062033,16.697542],[103.042759,16.692307],[103.027626,16.690082],[103.003957,16.694927],[102.997647,16.700695],[102.99265,16.699248],[102.987699,16.700347],[102.98789,16.706043],[103.00461,16.721762],[103.004985,16.723097],[103.005213,16.725926],[103.005994,16.726807],[103.006438,16.728061],[103.005536,16.732984],[103.001834,16.744575],[103.002495,16.751292],[103.000884,16.751084],[102.999855,16.750491],[103.003921,16.753543],[103.00748,16.755546],[103.019468,16.752928],[103.021796,16.750445],[103.039445,16.750792],[103.042857,16.74458]]]},"bbox":[102.987699,16.690082,103.075453,16.755546]},{"type":"Feature","id":"458f7d35-2ae0-43e9-84ab-cc88ef71c6ee","properties":{"id":"458f7d35-2ae0-43e9-84ab-cc88ef71c6ee","code":"05401002","provinceCode":"40","nameTh":"เทศบาลตำบล ในเมือง","nameEn":null,"geometryType":"MUNICIPALITY","sourceUrl":"https://landometer.com/api/v2/citymeter-v3/grocery/info/geom/458f7d35-2ae0-43e9-84ab-cc88ef71c6ee/MUNICIPALITY","sourceSha256":"98ef37e34c796669d3b91fffc860b7d2f2c7e7bd92e210f9b68a10ce98c979d7","retrievedAt":"2026-10-04T05:43:12.846091+00:00","boundaryVintage":null,"geometryStatus":"native_source_polygon_display_simplified","simplificationToleranceDegrees":0.00015,"simplificationPreservesTopology":true,"invalidSourceRepair":"make_valid; retain polygonal components; discard zero-area collapsed lines","legalBoundaryIndependentlyVerified":false,"areaId":"458f7d35-2ae0-43e9-84ab-cc88ef71c6ee"},"geometry":{"type":"Polygon","coordinates":[[[102.731625,16.080707],[102.750756,16.145348],[102.754187,16.145045],[102.755495,16.144556],[102.757857,16.142832],[102.76028,16.142231],[102.763911,16.141593],[102.768393,16.141577],[102.771047,16.142322],[102.773869,16.143484],[102.778027,16.146619],[102.781661,16.150111],[102.785297,16.152025],[102.786924,16.152422],[102.788233,16.152455],[102.793289,16.151784],[102.795255,16.151856],[102.795539,16.150616],[102.795021,16.136945],[102.787498,16.118998],[102.789548,16.113424],[102.788461,16.102577],[102.789928,16.085573],[102.792642,16.075176],[102.797198,16.066978],[102.79299,16.063234],[102.786071,16.06373],[102.781642,16.060196],[102.776992,16.062476],[102.776471,16.059842],[102.776269,16.059814],[102.776432,16.060778],[102.774008,16.060474],[102.773987,16.063416],[102.753848,16.061985],[102.737232,16.078367],[102.731625,16.080707]]]},"bbox":[102.731625,16.059814,102.797198,16.152467]},{"type":"Feature","id":"fd43a8d0-ed41-4d64-9689-daadf3f2dab3","properties":{"id":"fd43a8d0-ed41-4d64-9689-daadf3f2dab3","code":"05401101","provinceCode":"40","nameTh":"เทศบาลตำบล เปือยน้อย","nameEn":null,"geometryType":"MUNICIPALITY","sourceUrl":"https://landometer.com/api/v2/citymeter-v3/grocery/info/geom/fd43a8d0-ed41-4d64-9689-daadf3f2dab3/MUNICIPALITY","sourceSha256":"8d0db5f9c0c29a47104b7f38543e05a32b31ba73f10c1c95dc5bd6abf06bdce7","retrievedAt":"2026-10-04T05:43:12.868723+00:00","boundaryVintage":null,"geometryStatus":"native_source_polygon_display_simplified","simplificationToleranceDegrees":0.00015,"simplificationPreservesTopology":true,"invalidSourceRepair":"make_valid; retain polygonal components; discard zero-area collapsed lines","legalBoundaryIndependentlyVerified":false,"areaId":"fd43a8d0-ed41-4d64-9689-daadf3f2dab3"},"geometry":{"type":"MultiPolygon","coordinates":[[[[102.906114,15.899385],[102.906668,15.898293],[102.905823,15.897443],[102.905857,15.896907],[102.906786,15.896345],[102.907458,15.896359],[102.908321,15.895238],[102.908458,15.894454],[102.910325,15.893042],[102.910174,15.892256],[102.912314,15.891329],[102.912966,15.890807],[102.913498,15.889777],[102.913949,15.889396],[102.913543,15.888159],[102.914075,15.887826],[102.914917,15.886703],[102.915191,15.885855],[102.915738,15.885467],[102.91581,15.884903],[102.915419,15.884468],[102.915436,15.88404],[102.915954,15.883937],[102.916071,15.883616],[102.915482,15.882137],[102.915705,15.8814],[102.918604,15.881442],[102.91932,15.881048],[102.923006,15.881104],[102.92343,15.880375],[102.924642,15.880531],[102.925267,15.880233],[102.925083,15.879914],[102.923969,15.879648],[102.923806,15.879073],[102.923912,15.877692],[102.924443,15.876813],[102.924803,15.875312],[102.925284,15.875037],[102.9253,15.874802],[102.924969,15.874387],[102.924787,15.873527],[102.9239,15.87295],[102.923385,15.871374],[102.922608,15.870999],[102.922587,15.869346],[102.9227,15.868345],[102.923095,15.868136],[102.92358,15.86708],[102.92358,15.866403],[102.92328,15.866144],[102.923542,15.865062],[102.923999,15.864408],[102.923607,15.863903],[102.92353,15.863318],[102.924524,15.862704],[102.924551,15.862314],[102.925065,15.86157],[102.925417,15.861486],[102.925615,15.860895],[102.925469,15.860448],[102.925046,15.860225],[102.925318,15.859769],[102.92469,15.859008],[102.924999,15.858549],[102.924668,15.85808],[102.924709,15.856934],[102.923862,15.856598],[102.923358,15.85701],[102.923132,15.856952],[102.922911,15.856278],[102.92189,15.855468],[102.921642,15.853151],[102.923255,15.850881],[102.922541,15.850257],[102.923039,15.849084],[102.922901,15.848654],[102.921934,15.848367],[102.921189,15.847839],[102.921413,15.848021],[102.907525,15.850409],[102.901434,15.848553],[102.892763,15.855998],[102.887323,15.856686],[102.88548,15.86127],[102.906422,15.877173],[102.90592,15.88283],[102.895106,15.897704],[102.894562,15.899835],[102.898216,15.901321],[102.902877,15.9024],[102.9028160416074,15.903064596728301],[102.903537,15.902179],[102.904291,15.902273],[102.904456,15.901847],[102.905244,15.901248],[102.905819,15.901443],[102.905919,15.900258],[102.906552,15.899894],[102.906114,15.899385]]],[[[102.902816,15.903065],[102.9028160416074,15.903064596728301],[102.902807,15.903074],[102.902816,15.903065]]]]},"bbox":[102.88548,15.847839,102.92562,15.903074]},{"type":"Feature","id":"813229ce-f9d7-4aba-a303-3815347c6abd","properties":{"id":"813229ce-f9d7-4aba-a303-3815347c6abd","code":"05401102","provinceCode":"40","nameTh":"เทศบาลตำบล สระแก้ว","nameEn":null,"geometryType":"MUNICIPALITY","sourceUrl":"https://landometer.com/api/v2/citymeter-v3/grocery/info/geom/813229ce-f9d7-4aba-a303-3815347c6abd/MUNICIPALITY","sourceSha256":"8b46ecd6f7ae14f8d52de03fb03252337e9c85203b8596dbdb621d1db00bf886","retrievedAt":"2026-10-04T05:43:12.869134+00:00","boundaryVintage":null,"geometryStatus":"native_source_polygon_display_simplified","simplificationToleranceDegrees":0.00015,"simplificationPreservesTopology":true,"invalidSourceRepair":"make_valid; retain polygonal components; discard zero-area collapsed lines","legalBoundaryIndependentlyVerified":false,"areaId":"813229ce-f9d7-4aba-a303-3815347c6abd"},"geometry":{"type":"Polygon","coordinates":[[[102.923116,15.831865],[102.922609,15.831027],[102.922527,15.829521],[102.922017,15.829072],[102.92105,15.827425],[102.920086,15.827072],[102.919452,15.826236],[102.919454,15.825992],[102.919973,15.825832],[102.919734,15.82503],[102.920007,15.824362],[102.919419,15.824036],[102.919328,15.823731],[102.919657,15.823226],[102.920601,15.822772],[102.921954,15.822655],[102.922193,15.822307],[102.921991,15.821544],[102.922842,15.82183],[102.923821,15.821451],[102.923921,15.820488],[102.924874,15.820733],[102.925888,15.820151],[102.926947,15.819093],[102.926873,15.818396],[102.92706,15.818123],[102.927403,15.818202],[102.927459,15.817881],[102.925866,15.817447],[102.925946,15.817092],[102.926881,15.816933],[102.925986,15.816118],[102.926206,15.815454],[102.925598,15.815522],[102.925204,15.815269],[102.923566,15.813161],[102.921213,15.812725],[102.920566,15.812951],[102.919332,15.812795],[102.919145,15.812993],[102.918633,15.812174],[102.91767,15.811963],[102.917506,15.811339],[102.916807,15.81102],[102.916729,15.810645],[102.91551,15.810613],[102.91506,15.810128],[102.913523,15.809321],[102.913077,15.808445],[102.911101,15.807849],[102.910102,15.807996],[102.909161,15.807648],[102.907896,15.807583],[102.907553,15.807937],[102.907794,15.809251],[102.907718,15.813656],[102.907925,15.814594],[102.905039,15.821496],[102.90446,15.824775],[102.904327,15.826616],[102.904495,15.827751],[102.904301,15.827775],[102.904298,15.82867],[102.903908,15.828684],[102.903638,15.829935],[102.902878,15.830273],[102.903009,15.831059],[102.902546,15.8312],[102.901932,15.83402],[102.902353,15.835374],[102.902107,15.835457],[102.902192,15.835744],[102.901885,15.83583],[102.901803,15.836392],[102.899664,15.837709],[102.899397,15.839228],[102.898474,15.839326],[102.898568,15.839862],[102.898386,15.840021],[102.897261,15.839824],[102.89662,15.840107],[102.89657,15.840407],[102.895193,15.840634],[102.894069,15.841469],[102.894029,15.842123],[102.892553,15.842594],[102.892097,15.842587],[102.890956,15.84185],[102.889246,15.84128],[102.888897,15.842652],[102.888255,15.843618],[102.887913,15.844694],[102.88609,15.844968],[102.885759,15.846829],[102.886065,15.846988],[102.885833,15.847632],[102.887379,15.8489],[102.86239,15.858255],[102.860836,15.859124],[102.876353,15.886814],[102.880364,15.886337],[102.869052,15.898106],[102.866501,15.903903],[102.870766,15.902596],[102.873458,15.903502],[102.876151,15.907574],[102.884388,15.898487],[102.888597,15.896952],[102.894547,15.899758],[102.895106,15.897704],[102.90592,15.88283],[102.906422,15.877173],[102.88548,15.86127],[102.887323,15.856686],[102.892763,15.855998],[102.901434,15.848553],[102.907525,15.850409],[102.921413,15.848021],[102.920808,15.847524],[102.92063,15.846983],[102.920031,15.846986],[102.919352,15.84508],[102.919633,15.844378],[102.919411,15.843991],[102.92056,15.84234],[102.920452,15.841683],[102.919978,15.841436],[102.919672,15.840912],[102.92017,15.840596],[102.919998,15.839576],[102.92114,15.838411],[102.92302,15.838493],[102.922964,15.837833],[102.922179,15.8372],[102.922941,15.835905],[102.922774,15.835469],[102.921971,15.835115],[102.922239,15.833871],[102.921801,15.833543],[102.920993,15.833872],[102.920615,15.833363],[102.920791,15.83258],[102.922429,15.832696],[102.923116,15.831865]]]},"bbox":[102.860836,15.807559,102.927486,15.907574]},{"type":"Feature","id":"d111e69c-3533-4172-ad5c-66eaa0247bd2","properties":{"id":"d111e69c-3533-4172-ad5c-66eaa0247bd2","code":"05401301","provinceCode":"40","nameTh":"เทศบาลตำบล แวงใหญ่","nameEn":null,"geometryType":"MUNICIPALITY","sourceUrl":"https://landometer.com/api/v2/citymeter-v3/grocery/info/geom/d111e69c-3533-4172-ad5c-66eaa0247bd2/MUNICIPALITY","sourceSha256":"7fa229345c22e3b409d58b2bfc59d3486b477998c4625c1956e15688cdfc17a1","retrievedAt":"2026-10-04T05:43:12.869573+00:00","boundaryVintage":null,"geometryStatus":"native_source_polygon_display_simplified","simplificationToleranceDegrees":0.00015,"simplificationPreservesTopology":true,"invalidSourceRepair":"make_valid; retain polygonal components; discard zero-area collapsed lines","legalBoundaryIndependentlyVerified":false,"areaId":"d111e69c-3533-4172-ad5c-66eaa0247bd2"},"geometry":{"type":"Polygon","coordinates":[[[102.509087,15.977586],[102.509184,15.976509],[102.510071,15.976428],[102.51046,15.976083],[102.510947,15.975221],[102.510912,15.974528],[102.512309,15.973572],[102.513921,15.974403],[102.514164,15.974035],[102.514727,15.973874],[102.515111,15.974061],[102.515219,15.97379],[102.515792,15.973613],[102.516266,15.973919],[102.516539,15.973467],[102.517798,15.973584],[102.519407,15.975066],[102.520056,15.975187],[102.520729,15.975701],[102.521084,15.975486],[102.521272,15.975944],[102.521726,15.975493],[102.521993,15.974743],[102.523159,15.974559],[102.525186,15.975133],[102.526168,15.974998],[102.527008,15.974582],[102.528784,15.975125],[102.529384,15.973768],[102.529275,15.973133],[102.530109,15.972423],[102.530423,15.971785],[102.530191,15.971177],[102.530439,15.971012],[102.530459,15.970623],[102.531063,15.970249],[102.530802,15.969879],[102.531562,15.969402],[102.531708,15.968599],[102.532332,15.968557],[102.532575,15.968231],[102.532905,15.966362],[102.534983,15.967268],[102.537135,15.966601],[102.537615,15.966789],[102.538022,15.967317],[102.538384,15.966655],[102.539582,15.966863],[102.53998,15.966517],[102.540668,15.966394],[102.540726,15.965835],[102.54134,15.96562],[102.541956,15.965828],[102.542486,15.966365],[102.543315,15.966227],[102.544397,15.966735],[102.546605,15.969074],[102.54641,15.969666],[102.546855,15.970193],[102.548126,15.969868],[102.553739,15.967551],[102.558382,15.963838],[102.560991,15.962688],[102.560499,15.96249],[102.560695,15.96151],[102.560379,15.960978],[102.55999,15.960981],[102.559697,15.961368],[102.559261,15.961121],[102.559228,15.960374],[102.557647,15.960616],[102.558081,15.960183],[102.557776,15.959652],[102.55818,15.959207],[102.557234,15.958299],[102.557209,15.957743],[102.557752,15.956632],[102.556287,15.955144],[102.556167,15.954651],[102.555285,15.954406],[102.554506,15.953784],[102.553804,15.952421],[102.554947,15.950773],[102.555286,15.949748],[102.556587,15.949174],[102.557021,15.948412],[102.5589,15.947608],[102.559741,15.945411],[102.560558,15.945001],[102.560842,15.944283],[102.561419,15.943949],[102.56179,15.943286],[102.56328,15.943697],[102.563749,15.942836],[102.565061,15.943285],[102.566968,15.941455],[102.566964,15.940528],[102.568299,15.939655],[102.569033,15.93418],[102.570808,15.932911],[102.571817,15.932786],[102.572154,15.932398],[102.572185,15.930309],[102.572864,15.92928],[102.572481,15.927818],[102.572683,15.926817],[102.573127,15.925783],[102.573906,15.925425],[102.573984,15.92488],[102.574314,15.924607],[102.57521,15.925463],[102.576033,15.925706],[102.578134,15.924419],[102.579487,15.923971],[102.580205,15.924239],[102.581247,15.92381],[102.583635,15.922121],[102.582681,15.92131],[102.581633,15.919755],[102.581396,15.918916],[102.581461,15.916392],[102.582411,15.910911],[102.581496,15.909429],[102.579606,15.908118],[102.577268,15.907485],[102.575001,15.904111],[102.574573,15.90575],[102.570965,15.908334],[102.569831,15.908279],[102.568757,15.907529],[102.567063,15.907492],[102.567073,15.905458],[102.565753,15.904478],[102.563919,15.901994],[102.563571,15.900923],[102.564496,15.900067],[102.563862,15.899278],[102.562532,15.895956],[102.557148,15.89738],[102.557595,15.897262],[102.557968,15.897451],[102.563113,15.900476],[102.56320095843752,15.90172740867908],[102.56235,15.903098],[102.563488,15.905839],[102.559953,15.913102],[102.557409,15.912639],[102.557038,15.916393],[102.541615,15.920864],[102.540943,15.922046],[102.544669,15.92707],[102.537491,15.933923],[102.541337,15.938174],[102.540177,15.940519],[102.535973,15.939576],[102.531334,15.944059],[102.520553,15.947112],[102.516766,15.953548],[102.512038,15.953307],[102.502051,15.956529],[102.501786,15.958497],[102.500415,15.957371],[102.496561,15.96101],[102.487909,15.964104],[102.487275,15.967473],[102.489243,15.968397],[102.491687,15.969946],[102.493203,15.972843],[102.494091,15.974045],[102.495013,15.97464],[102.495047,15.974936],[102.496764,15.976347],[102.497339,15.97735],[102.499638,15.978053],[102.499917,15.979171],[102.501518,15.979137],[102.502455,15.978619],[102.5026,15.97805],[102.504135,15.97834],[102.505412,15.977637],[102.5069,15.978134],[102.507723,15.977814],[102.508323,15.977941],[102.509087,15.977586]],[[102.563421,15.901373],[102.563201,15.901728],[102.56320095843752,15.90172740867908],[102.563421,15.901373]]]},"bbox":[102.487275,15.895956,102.583635,15.979269]},{"type":"Feature","id":"d6b78e20-0582-4ed8-94b7-15c8c4041a45","properties":{"id":"d6b78e20-0582-4ed8-94b7-15c8c4041a45","code":"05401401","provinceCode":"40","nameTh":"เทศบาลตำบล แวงน้อย","nameEn":null,"geometryType":"MUNICIPALITY","sourceUrl":"https://landometer.com/api/v2/citymeter-v3/grocery/info/geom/d6b78e20-0582-4ed8-94b7-15c8c4041a45/MUNICIPALITY","sourceSha256":"9403112797eca4d9851db64b18fad387fadbafe8249e40c9ef145016a7aa44de","retrievedAt":"2026-10-04T05:43:12.868229+00:00","boundaryVintage":null,"geometryStatus":"native_source_polygon_display_simplified","simplificationToleranceDegrees":0.00015,"simplificationPreservesTopology":true,"invalidSourceRepair":"make_valid; retain polygonal components; discard zero-area collapsed lines","legalBoundaryIndependentlyVerified":false,"areaId":"d6b78e20-0582-4ed8-94b7-15c8c4041a45"},"geometry":{"type":"Polygon","coordinates":[[[102.436346,15.801367],[102.43353,15.792788],[102.40747,15.802998],[102.408932,15.811664],[102.436346,15.801367]]]},"bbox":[102.40747,15.792788,102.436346,15.811664]},{"type":"Feature","id":"0555e468-d346-43dc-afac-d6312cc5d223","properties":{"id":"0555e468-d346-43dc-afac-d6312cc5d223","code":"05401402","provinceCode":"40","nameTh":"เทศบาลตำบล ก้านเหลือง","nameEn":null,"geometryType":"MUNICIPALITY","sourceUrl":"https://landometer.com/api/v2/citymeter-v3/grocery/info/geom/0555e468-d346-43dc-afac-d6312cc5d223/MUNICIPALITY","sourceSha256":"a24d9796c048918e5e90ba63c85c58e204f9b04055dec8b5dfa1d9c3610e003f","retrievedAt":"2026-10-04T05:43:12.878809+00:00","boundaryVintage":null,"geometryStatus":"native_source_polygon_display_simplified","simplificationToleranceDegrees":0.00015,"simplificationPreservesTopology":true,"invalidSourceRepair":"make_valid; retain polygonal components; discard zero-area collapsed lines","legalBoundaryIndependentlyVerified":false,"areaId":"0555e468-d346-43dc-afac-d6312cc5d223"},"geometry":{"type":"Polygon","coordinates":[[[102.504792,15.88027],[102.506226,15.880434],[102.506671,15.880154],[102.507213,15.880326],[102.507332,15.880659],[102.508597,15.881106],[102.508831,15.880548],[102.509668,15.880475],[102.509998,15.881055],[102.511086,15.881107],[102.511464,15.881368],[102.511943,15.881172],[102.512413,15.88133],[102.513114,15.880842],[102.51447,15.88167],[102.515605,15.881641],[102.516451,15.881118],[102.515625,15.870532],[102.513004,15.864236],[102.511445,15.858441],[102.510163,15.854827],[102.507545,15.849544],[102.502455,15.842821],[102.499063,15.838754],[102.510469,15.835013],[102.509684,15.832939],[102.508291,15.82568],[102.508303,15.824437],[102.509335,15.822319],[102.508877,15.821362],[102.500994,15.821596],[102.501048,15.821381],[102.500377,15.820599],[102.50094,15.818321],[102.501801,15.816344],[102.504405,15.815927],[102.504692,15.814186],[102.505724,15.811243],[102.505391,15.809312],[102.507063,15.807492],[102.507903,15.806969],[102.508008,15.803825],[102.507422,15.801349],[102.506922,15.801156],[102.501158,15.806639],[102.486405,15.799292],[102.462161,15.79874],[102.458905,15.804696],[102.453389,15.805785],[102.452001,15.808948],[102.445148,15.81367],[102.440662,15.825184],[102.437392,15.828381],[102.437612,15.834136],[102.428184,15.84023],[102.425958,15.844527],[102.422552,15.845126],[102.423817,15.852727],[102.421976,15.857705],[102.435128,15.867376],[102.440211,15.877173],[102.439676,15.878224],[102.439851,15.87984],[102.440819,15.880857],[102.442788,15.880089],[102.444193,15.882116],[102.444746,15.88187],[102.446915,15.882231],[102.44867,15.882136],[102.452421,15.88123],[102.454221,15.880397],[102.456262,15.87843],[102.457576,15.877963],[102.460549,15.878309],[102.463074,15.879761],[102.464986,15.879955],[102.466781,15.879738],[102.46921,15.880475],[102.469655,15.879644],[102.473102,15.879326],[102.473116,15.878949],[102.473844,15.878324],[102.47731,15.877709],[102.479658,15.876518],[102.481533,15.875101],[102.483341,15.875437],[102.484597,15.875968],[102.485192,15.877201],[102.487059,15.879028],[102.48844,15.879262],[102.489791,15.883044],[102.492488,15.883359],[102.494458,15.88455],[102.497759,15.884036],[102.497817,15.882561],[102.498708,15.881807],[102.500862,15.881903],[102.501154,15.881406],[102.501808,15.881325],[102.502125,15.881594],[102.502827,15.880752],[102.504792,15.88027]]]},"bbox":[102.421976,15.79874,102.516451,15.884578]},{"type":"Feature","id":"908c1f05-cb31-450b-8a82-d8e1a3af153c","properties":{"id":"908c1f05-cb31-450b-8a82-d8e1a3af153c","code":"05401501","provinceCode":"40","nameTh":"เทศบาลตำบล หนองสองห้อง","nameEn":null,"geometryType":"MUNICIPALITY","sourceUrl":"https://landometer.com/api/v2/citymeter-v3/grocery/info/geom/908c1f05-cb31-450b-8a82-d8e1a3af153c/MUNICIPALITY","sourceSha256":"a1a4b460f6bb1918ec9947735c521b08dbc0dbe32bde3ad49c615bc1188842de","retrievedAt":"2026-10-04T05:43:12.902924+00:00","boundaryVintage":null,"geometryStatus":"native_source_polygon_display_simplified","simplificationToleranceDegrees":0.00015,"simplificationPreservesTopology":true,"invalidSourceRepair":"make_valid; retain polygonal components; discard zero-area collapsed lines","legalBoundaryIndependentlyVerified":false,"areaId":"908c1f05-cb31-450b-8a82-d8e1a3af153c"},"geometry":{"type":"Polygon","coordinates":[[[102.783529,15.723819],[102.783587,15.72966],[102.786071,15.736818],[102.790795,15.742237],[102.80212,15.741135],[102.798614,15.730458],[102.800388,15.724423],[102.783529,15.723819]]]},"bbox":[102.783529,15.723819,102.80212,15.742237]},{"type":"Feature","id":"b1fc0288-9571-49b1-89fa-b4426bf62e20","properties":{"id":"b1fc0288-9571-49b1-89fa-b4426bf62e20","code":"05401601","provinceCode":"40","nameTh":"เทศบาลตำบล ภูเวียง","nameEn":null,"geometryType":"MUNICIPALITY","sourceUrl":"https://landometer.com/api/v2/citymeter-v3/grocery/info/geom/b1fc0288-9571-49b1-89fa-b4426bf62e20/MUNICIPALITY","sourceSha256":"8813735d1d67135aa949d26587829ce71e5dcbd43e3354068a1e1ff360736178","retrievedAt":"2026-10-04T05:43:13.064640+00:00","boundaryVintage":null,"geometryStatus":"native_source_polygon_display_simplified","simplificationToleranceDegrees":0.00015,"simplificationPreservesTopology":true,"invalidSourceRepair":"make_valid; retain polygonal components; discard zero-area collapsed lines","legalBoundaryIndependentlyVerified":false,"areaId":"b1fc0288-9571-49b1-89fa-b4426bf62e20"},"geometry":{"type":"Polygon","coordinates":[[[102.38457,16.652773],[102.381795,16.648759],[102.382573,16.648133],[102.38034,16.645204],[102.379577,16.645551],[102.37929,16.645136],[102.367833,16.653816],[102.374079,16.660402],[102.38457,16.652773]]]},"bbox":[102.367833,16.645136,102.38457,16.660402]},{"type":"Feature","id":"fbf618c5-506a-437c-ba98-3e5106abcbc4","properties":{"id":"fbf618c5-506a-437c-ba98-3e5106abcbc4","code":"05401701","provinceCode":"40","nameTh":"เทศบาลตำบล มัญจาคีรี","nameEn":null,"geometryType":"MUNICIPALITY","sourceUrl":"https://landometer.com/api/v2/citymeter-v3/grocery/info/geom/fbf618c5-506a-437c-ba98-3e5106abcbc4/MUNICIPALITY","sourceSha256":"4e319ed1155fbaf1ba4a10cfa0e7cc2e5ac45130de36c48153208faf4125a6e3","retrievedAt":"2026-10-04T05:43:13.064043+00:00","boundaryVintage":null,"geometryStatus":"native_source_polygon_display_simplified","simplificationToleranceDegrees":0.00015,"simplificationPreservesTopology":true,"invalidSourceRepair":"make_valid; retain polygonal components; discard zero-area collapsed lines","legalBoundaryIndependentlyVerified":false,"areaId":"fbf618c5-506a-437c-ba98-3e5106abcbc4"},"geometry":{"type":"MultiPolygon","coordinates":[[[[102.543997,16.12963],[102.542632,16.133996],[102.543713,16.130539],[102.543997,16.12963]]],[[[102.545126,16.126013],[102.541533,16.120033],[102.535716,16.123896],[102.534839,16.123657],[102.529558,16.127409],[102.52858,16.128635],[102.52281,16.137782],[102.528574,16.14465],[102.528216,16.144774],[102.538015,16.143854],[102.538103,16.13707],[102.542632,16.133996],[102.545126,16.126013]],[[102.529414,16.144571],[102.529533,16.144561],[102.52953302655081,16.144561077661095],[102.529414,16.144571]]]]},"bbox":[102.52281,16.120033,102.545126,16.144774]},{"type":"Feature","id":"080edd3a-63e3-4ba2-9aa4-95a971f04479","properties":{"id":"080edd3a-63e3-4ba2-9aa4-95a971f04479","code":"05401702","provinceCode":"40","nameTh":"เทศบาลตำบล นาข่า","nameEn":null,"geometryType":"MUNICIPALITY","sourceUrl":"https://landometer.com/api/v2/citymeter-v3/grocery/info/geom/080edd3a-63e3-4ba2-9aa4-95a971f04479/MUNICIPALITY","sourceSha256":"23fad1251ff71fcfeb3171f1e013e911edd14d8fe14617e052193023114cdd79","retrievedAt":"2026-10-04T05:43:13.064552+00:00","boundaryVintage":null,"geometryStatus":"native_source_polygon_display_simplified","simplificationToleranceDegrees":0.00015,"simplificationPreservesTopology":true,"invalidSourceRepair":"make_valid; retain polygonal components; discard zero-area collapsed lines","legalBoundaryIndependentlyVerified":false,"areaId":"080edd3a-63e3-4ba2-9aa4-95a971f04479"},"geometry":{"type":"Polygon","coordinates":[[[102.461251,16.196245],[102.467139,16.200919],[102.470953,16.201476],[102.477003,16.199495],[102.481316,16.199914],[102.48154,16.201661],[102.477567,16.205957],[102.475767,16.221326],[102.471974,16.223528],[102.471505,16.228206],[102.469377,16.22887],[102.467101,16.234764],[102.462653,16.236989],[102.452065,16.235859],[102.448633,16.243396],[102.448447,16.249098],[102.435508,16.264916],[102.435279,16.267981],[102.462255,16.267754],[102.479103,16.25568],[102.487017,16.247909],[102.497226,16.245825],[102.50383,16.240518],[102.504041,16.235538],[102.501389,16.230708],[102.508466,16.206214],[102.516063,16.198634],[102.518268,16.190868],[102.525735,16.189269],[102.529941,16.181288],[102.529365,16.181297],[102.532462,16.179176],[102.531104,16.174274],[102.526821,16.169029],[102.523196,16.165958],[102.521757,16.162828],[102.520932,16.161818],[102.51603,16.159415],[102.511923,16.154775],[102.510463,16.147753],[102.507024,16.147908],[102.504014,16.150787],[102.498565,16.151287],[102.493069,16.145242],[102.484395,16.14255],[102.481053,16.139045],[102.477367,16.137991],[102.476128,16.130181],[102.473779,16.126332],[102.474132,16.117558],[102.468637,16.11323],[102.465764,16.115074],[102.466039,16.116602],[102.463993,16.118833],[102.463052,16.119349],[102.462239,16.121419],[102.460817,16.122715],[102.457066,16.127055],[102.45328,16.126753],[102.451415,16.12703],[102.45217,16.135308],[102.450339,16.140501],[102.448161,16.151278],[102.447201,16.151989],[102.447655,16.15329],[102.447426,16.153797],[102.447154,16.153597],[102.447136,16.153926],[102.452499,16.15435],[102.454111,16.151083],[102.457277,16.15189],[102.458324,16.153831],[102.461858,16.153571],[102.461251,16.196245]]]},"bbox":[102.435279,16.11323,102.532462,16.267981]},{"type":"Feature","id":"0dcdb09d-fe87-4bf2-ba1d-78443bb05e57","properties":{"id":"0dcdb09d-fe87-4bf2-ba1d-78443bb05e57","code":"05401801","provinceCode":"40","nameTh":"เทศบาลตำบล ชนบท","nameEn":null,"geometryType":"MUNICIPALITY","sourceUrl":"https://landometer.com/api/v2/citymeter-v3/grocery/info/geom/0dcdb09d-fe87-4bf2-ba1d-78443bb05e57/MUNICIPALITY","sourceSha256":"fdcbde3d2e1b09fbea4262ea9a1d749085f277a10420d41c455777bee6d58e79","retrievedAt":"2026-10-04T05:43:13.063717+00:00","boundaryVintage":null,"geometryStatus":"native_source_polygon_display_simplified","simplificationToleranceDegrees":0.00015,"simplificationPreservesTopology":true,"invalidSourceRepair":"make_valid; retain polygonal components; discard zero-area collapsed lines","legalBoundaryIndependentlyVerified":false,"areaId":"0dcdb09d-fe87-4bf2-ba1d-78443bb05e57"},"geometry":{"type":"Polygon","coordinates":[[[102.615135,16.095466],[102.623843,16.106045],[102.626347,16.104793],[102.626478,16.099897],[102.628111,16.096108],[102.628308,16.096217],[102.628735,16.095357],[102.634489,16.081132],[102.622148,16.082879],[102.611147,16.091822],[102.615135,16.095466]]]},"bbox":[102.611147,16.081132,102.634489,16.106045]},{"type":"Feature","id":"ed3c9175-db1f-4696-aee8-a928f5ebf861","properties":{"id":"ed3c9175-db1f-4696-aee8-a928f5ebf861","code":"05401802","provinceCode":"40","nameTh":"เทศบาลตำบล ชลบถวิบูลย์","nameEn":null,"geometryType":"MUNICIPALITY","sourceUrl":"https://landometer.com/api/v2/citymeter-v3/grocery/info/geom/ed3c9175-db1f-4696-aee8-a928f5ebf861/MUNICIPALITY","sourceSha256":"bc98bdbb9fcd88504c9fbc15543a9f3be8cb7b8b233707147dee319c9b48f97e","retrievedAt":"2026-10-04T05:43:13.066865+00:00","boundaryVintage":null,"geometryStatus":"native_source_polygon_display_simplified","simplificationToleranceDegrees":0.00015,"simplificationPreservesTopology":true,"invalidSourceRepair":"make_valid; retain polygonal components; discard zero-area collapsed lines","legalBoundaryIndependentlyVerified":false,"areaId":"ed3c9175-db1f-4696-aee8-a928f5ebf861"},"geometry":{"type":"Polygon","coordinates":[[[102.649987,16.078907],[102.649903,16.077992],[102.6495,16.078078],[102.649575,16.076528],[102.651328,16.075937],[102.652309,16.076062],[102.652845,16.075342],[102.65347,16.075059],[102.652761,16.073886],[102.652314,16.074054],[102.652088,16.073601],[102.651649,16.07233],[102.651612,16.071105],[102.650285,16.07039],[102.649885,16.069704],[102.649729,16.069236],[102.650258,16.068077],[102.649569,16.066387],[102.649796,16.065772],[102.648003,16.064407],[102.646985,16.06405],[102.645598,16.064061],[102.64484,16.06327],[102.644933,16.061587],[102.645308,16.060667],[102.645031,16.060467],[102.645499,16.059005],[102.644316,16.057959],[102.642955,16.057199],[102.643652,16.054398],[102.643534,16.054157],[102.643214,16.053818],[102.641662,16.053821],[102.642694,16.051357],[102.642658,16.050609],[102.641148,16.050557],[102.639337,16.049233],[102.63903,16.048793],[102.640065,16.048169],[102.640034,16.047772],[102.639747,16.047123],[102.638721,16.047556],[102.638129,16.045343],[102.635885,16.044853],[102.635825,16.044099],[102.634795,16.043519],[102.632843,16.043325],[102.633392,16.041932],[102.634309,16.041345],[102.632154,16.037967],[102.624706,16.044082],[102.617827,16.045511],[102.611888,16.050636],[102.613426,16.052084],[102.611767,16.053638],[102.612135,16.057764],[102.591583,16.061424],[102.588809,16.060837],[102.589152,16.060999],[102.58761,16.061016],[102.596697,16.072769],[102.602152,16.074757],[102.605152,16.079152],[102.602498,16.088618],[102.585125,16.095444],[102.582924,16.091612],[102.582277,16.089816],[102.581318,16.090696],[102.580375,16.09098],[102.579879,16.091521],[102.579687,16.093392],[102.579955,16.094185],[102.57942,16.094586],[102.578675,16.094302],[102.576728,16.092352],[102.574238,16.091025],[102.573247,16.091009],[102.572552,16.091771],[102.57234,16.093979],[102.571906,16.095129],[102.569928,16.097121],[102.569585,16.097879],[102.569524,16.099058],[102.570383,16.102756],[102.572044,16.107167],[102.573055,16.108147],[102.575267,16.108123],[102.57735,16.10856],[102.578492,16.109001],[102.579498,16.109852],[102.581765,16.110719],[102.582429,16.11],[102.583722,16.106859],[102.584125,16.106768],[102.584601,16.107003],[102.585741,16.108667],[102.585731,16.10898],[102.584486,16.110383],[102.583475,16.111083],[102.57739,16.112057],[102.575917,16.112794],[102.575848,16.113253],[102.57629,16.114009],[102.577844,16.114965],[102.578292,16.117202],[102.579393,16.118602],[102.580281,16.118667],[102.580679,16.118308],[102.580702,16.11622],[102.581316,16.114947],[102.582102,16.114791],[102.583159,16.115863],[102.584225,16.11852],[102.582971,16.119136],[102.581086,16.11922],[102.580113,16.120817],[102.587683,16.118337],[102.615135,16.095466],[102.611147,16.091822],[102.622148,16.082879],[102.634489,16.081132],[102.628735,16.095357],[102.638958,16.094781],[102.642802,16.092158],[102.650483,16.090292],[102.650662,16.091278],[102.651324,16.090833],[102.651464,16.090109],[102.651763,16.091748],[102.652306,16.091023],[102.652447,16.090293],[102.652261,16.088945],[102.652925,16.089048],[102.653375,16.089552],[102.653635,16.090862],[102.654218,16.090553],[102.654415,16.089561],[102.654769,16.091509],[102.655411,16.089173],[102.655109,16.085646],[102.652296,16.080404],[102.649418,16.080773],[102.649521,16.079004],[102.649987,16.078907]]]},"bbox":[102.569513,16.037967,102.655411,16.120817]},{"type":"Feature","id":"e333c23b-6626-4d02-86d5-ba893d102004","properties":{"id":"e333c23b-6626-4d02-86d5-ba893d102004","code":"05401901","provinceCode":"40","nameTh":"เทศบาลตำบล เขาสวนกวาง","nameEn":null,"geometryType":"MUNICIPALITY","sourceUrl":"https://landometer.com/api/v2/citymeter-v3/grocery/info/geom/e333c23b-6626-4d02-86d5-ba893d102004/MUNICIPALITY","sourceSha256":"d9f00469bc5e103af9481ed8e640fb9b880dc7943b3bcebc98b1b3355e40431f","retrievedAt":"2026-10-04T05:43:13.065610+00:00","boundaryVintage":null,"geometryStatus":"native_source_polygon_display_simplified","simplificationToleranceDegrees":0.00015,"simplificationPreservesTopology":true,"invalidSourceRepair":"make_valid; retain polygonal components; discard zero-area collapsed lines","legalBoundaryIndependentlyVerified":false,"areaId":"e333c23b-6626-4d02-86d5-ba893d102004"},"geometry":{"type":"MultiPolygon","coordinates":[[[[102.885382,16.870808],[102.886013,16.869923],[102.886493,16.870142],[102.887055,16.869493],[102.886575,16.867534],[102.88727,16.866968],[102.887709,16.86742],[102.888521,16.867367],[102.887993,16.866731],[102.888316,16.866327],[102.888117,16.86543],[102.888508,16.865098],[102.888625,16.864537],[102.89,16.864922],[102.890515,16.864564],[102.891254,16.863328],[102.892641,16.863048],[102.89318,16.862566],[102.891443,16.856685],[102.889371,16.856745],[102.88907150433347,16.85575301435328],[102.888036,16.855783],[102.880094,16.829505],[102.870711,16.827725],[102.862558,16.828902],[102.844047,16.83235],[102.84022,16.835538],[102.866571,16.872887],[102.870814,16.87025],[102.885382,16.870808]]],[[[102.888772,16.854761],[102.88907150433347,16.85575301435328],[102.889072,16.855753],[102.888772,16.854761]]]]},"bbox":[102.84022,16.827725,102.893181,16.872887]},{"type":"Feature","id":"2bc81407-e4cc-4bc6-8734-2d1ac0c6338f","properties":{"id":"2bc81407-e4cc-4bc6-8734-2d1ac0c6338f","code":"05401902","provinceCode":"40","nameTh":"เทศบาลตำบล โนนสมบูรณ์","nameEn":null,"geometryType":"MUNICIPALITY","sourceUrl":"https://landometer.com/api/v2/citymeter-v3/grocery/info/geom/2bc81407-e4cc-4bc6-8734-2d1ac0c6338f/MUNICIPALITY","sourceSha256":"4a3d8f659db68af9097ed572602517b8c1c6f7c6063b294f563c4d633543c00b","retrievedAt":"2026-10-04T05:43:13.142953+00:00","boundaryVintage":null,"geometryStatus":"native_source_polygon_display_simplified","simplificationToleranceDegrees":0.00015,"simplificationPreservesTopology":true,"invalidSourceRepair":"make_valid; retain polygonal components; discard zero-area collapsed lines","legalBoundaryIndependentlyVerified":false,"areaId":"2bc81407-e4cc-4bc6-8734-2d1ac0c6338f"},"geometry":{"type":"Polygon","coordinates":[[[102.71771,17.055641],[102.717956,17.053817],[102.720061,17.052654],[102.720547,17.052006],[102.720983,17.051919],[102.721186,17.051358],[102.723367,17.049466],[102.726539,17.049153],[102.7275,17.049275],[102.728399,17.04874],[102.729137,17.04891],[102.729515,17.04862],[102.73083,17.048418],[102.731356,17.047791],[102.732809,17.046906],[102.734912,17.046775],[102.735895,17.0472],[102.737731,17.04714],[102.737941,17.04692],[102.737931,17.045874],[102.738186,17.045535],[102.73879,17.045233],[102.740444,17.045413],[102.740622,17.044312],[102.741826,17.044172],[102.741763,17.04312],[102.742894,17.042641],[102.743176,17.043066],[102.743517,17.042964],[102.744021,17.041853],[102.744708,17.04139],[102.746663,17.041983],[102.746855,17.04182],[102.746758,17.041216],[102.747929,17.04086],[102.748833,17.040958],[102.749559,17.041545],[102.75057,17.041808],[102.751232,17.040125],[102.752337,17.039762],[102.753812,17.038857],[102.754107,17.038118],[102.755771,17.037079],[102.75693,17.035318],[102.758398,17.035369],[102.758575,17.034669],[102.759502,17.034113],[102.759559,17.033665],[102.759889,17.033372],[102.759663,17.033133],[102.759863,17.032513],[102.759746,17.032084],[102.760424,17.030574],[102.761569,17.03028],[102.76161,17.029726],[102.761238,17.029193],[102.76161,17.028089],[102.763131,17.026945],[102.7634,17.026248],[102.764676,17.026206],[102.764395,17.025515],[102.765167,17.025348],[102.765733,17.02575],[102.766025,17.024893],[102.766502,17.025067],[102.767175,17.024428],[102.767969,17.025333],[102.768889,17.024779],[102.769341,17.025182],[102.76956,17.02439],[102.769993,17.024354],[102.769837,17.023913],[102.771034,17.023926],[102.771276,17.023425],[102.771514,17.023924],[102.772102,17.023441],[102.772596,17.023803],[102.772972,17.023551],[102.773454,17.023708],[102.773798,17.023159],[102.774481,17.023427],[102.77429,17.022848],[102.774495,17.022638],[102.774913,17.023],[102.775355,17.022742],[102.775625,17.023073],[102.77651,17.022916],[102.776695,17.022502],[102.776319,17.022363],[102.776232,17.022058],[102.777132,17.022059],[102.777718,17.021275],[102.777729,17.019418],[102.778293,17.018963],[102.779093,17.019462],[102.778932,17.018346],[102.780003,17.018359],[102.780016,17.018003],[102.77958,17.017943],[102.77952,17.017708],[102.779892,17.017611],[102.780452,17.016916],[102.78101,17.017225],[102.781092,17.016491],[102.783228,17.016551],[102.783552,17.015741],[102.78436,17.01648],[102.784492,17.016195],[102.785494,17.01614],[102.785837,17.015719],[102.786463,17.015532],[102.786771,17.015936],[102.787182,17.015914],[102.787405,17.014989],[102.788382,17.014197],[102.788293,17.013776],[102.788854,17.01373],[102.788725,17.013054],[102.789034,17.012495],[102.789538,17.012441],[102.789959,17.01275],[102.790049,17.011764],[102.790622,17.011953],[102.790911,17.011797],[102.790666,17.011368],[102.791065,17.011178],[102.790915,17.010785],[102.791664,17.010365],[102.792581,17.010252],[102.79268,17.009745],[102.792153,17.009614],[102.792688,17.009136],[102.792621,17.008636],[102.793682,17.008025],[102.793911,17.00807],[102.794036,17.008642],[102.794141,17.00831],[102.794966,17.008162],[102.794905,17.007348],[102.795316,17.00627],[102.794748,17.00585],[102.794296,17.004533],[102.794442,17.003604],[102.794849,17.003371],[102.794732,17.002919],[102.795432,17.002892],[102.795194,17.002403],[102.795589,17.002233],[102.795725,17.001872],[102.795397,17.001731],[102.795451,17.00144],[102.795955,17.001386],[102.795959,17.000953],[102.796398,17.000772],[102.795727,16.999112],[102.796011,16.998838],[102.79729,16.998922],[102.797949,16.998537],[102.797459,16.997191],[102.797926,16.996972],[102.798144,16.996439],[102.797857,16.996206],[102.797965,16.995679],[102.797659,16.995403],[102.798304,16.994634],[102.798699,16.9947],[102.798296,16.994297],[102.797758,16.994473],[102.797704,16.993992],[102.798076,16.993718],[102.798097,16.993306],[102.79903,16.992758],[102.799467,16.991578],[102.800223,16.991513],[102.80037,16.99117],[102.801201,16.990723],[102.801011,16.990257],[102.801181,16.989743],[102.800861,16.989487],[102.801216,16.989331],[102.801593,16.98861],[102.80111,16.987982],[102.801159,16.987726],[102.803798,16.987035],[102.804797,16.987192],[102.804813,16.9867],[102.805215,16.986783],[102.80628,16.98628],[102.807587,16.985114],[102.808302,16.985031],[102.809767,16.984184],[102.810126,16.983279],[102.810961,16.983297],[102.811971,16.982637],[102.811957,16.98182],[102.812297,16.981041],[102.814472,16.980514],[102.815395,16.980827],[102.816401,16.980639],[102.817247,16.979626],[102.817254,16.978735],[102.816715,16.978016],[102.817015,16.976033],[102.819002,16.973976],[102.820326,16.973981],[102.821073,16.97307],[102.821638,16.972957],[102.822013,16.973227],[102.822714,16.972931],[102.822857,16.972177],[102.822458,16.971998],[102.822744,16.971747],[102.821936,16.971078],[102.821556,16.971108],[102.820572,16.97002],[102.819701,16.970137],[102.819048,16.969922],[102.819039,16.968802],[102.818887,16.968582],[102.818625,16.968711],[102.818491,16.968288],[102.817891,16.968482],[102.817175,16.967816],[102.816248,16.967792],[102.816101,16.96687],[102.815635,16.966725],[102.815197,16.966078],[102.814894,16.964843],[102.813071,16.964792],[102.813207,16.963974],[102.812207,16.964127],[102.81164,16.963759],[102.811696,16.963253],[102.810357,16.963352],[102.810242,16.96318],[102.810469,16.962938],[102.810293,16.962869],[102.809708,16.963086],[102.80948,16.961902],[102.809196,16.961661],[102.80954,16.961141],[102.808586,16.960741],[102.808268,16.961126],[102.80737,16.960482],[102.806996,16.960579],[102.806857,16.959909],[102.806149,16.959887],[102.8062,16.959669],[102.806665,16.959562],[102.806428,16.95894],[102.805657,16.95905],[102.805516,16.958531],[102.804909,16.958437],[102.804481,16.957651],[102.804583,16.957081],[102.804313,16.956613],[102.797885,16.959571],[102.794918,16.963939],[102.778714,16.962883],[102.746304,16.97804],[102.738659,16.976458],[102.728011,16.970101],[102.713959,16.968968],[102.707807,16.970867],[102.700002,16.976111],[102.698297,16.980372],[102.695343,16.982136],[102.688286,16.980178],[102.676239,16.98183],[102.669706,16.993462],[102.669333,16.99375],[102.669245,16.994249],[102.669518,16.995252],[102.670644,16.995801],[102.671613,16.997896],[102.674724,17.000166],[102.676577,17.002998],[102.680979,17.013538],[102.681954,17.017186],[102.6819,17.018316],[102.680844,17.019843],[102.67917,17.024991],[102.679352,17.026065],[102.681912,17.027508],[102.681936,17.02797],[102.681303,17.028851],[102.67771,17.031976],[102.677588,17.032369],[102.678217,17.036118],[102.679527,17.03694],[102.679719,17.03782],[102.67912,17.039205],[102.678696,17.043195],[102.679344,17.0448],[102.679353,17.04766],[102.679725,17.048782],[102.679344,17.050056],[102.679348,17.051254],[102.679695,17.051599],[102.680706,17.051549],[102.682753,17.052626],[102.684817,17.055503],[102.686506,17.05991],[102.690753,17.064749],[102.691527,17.065142],[102.695151,17.065203],[102.69594,17.066333],[102.696374,17.068049],[102.698004,17.070809],[102.698437,17.072039],[102.698185,17.074593],[102.698375,17.077343],[102.698862,17.079738],[102.69986,17.082735],[102.70013,17.086963],[102.702255,17.08788],[102.704284,17.088194],[102.707225,17.087127],[102.709705,17.087009],[102.709655,17.086551],[102.710246,17.08636],[102.710084,17.083212],[102.709246,17.082354],[102.708976,17.080368],[102.710322,17.07823],[102.710978,17.078033],[102.712808,17.076736],[102.713159,17.076043],[102.713285,17.07494],[102.714304,17.074118],[102.714936,17.073108],[102.715418,17.070593],[102.715174,17.069865],[102.715448,17.069493],[102.715476,17.068291],[102.716483,17.066017],[102.717259,17.065595],[102.716859,17.06303],[102.717207,17.0621],[102.715815,17.05979],[102.715648,17.058314],[102.716739,17.05645],[102.71771,17.055641]]]},"bbox":[102.669245,16.956613,102.822864,17.088204]},{"type":"Feature","id":"e1e002cf-d339-4f1d-9e80-b1f1ebfa60de","properties":{"id":"e1e002cf-d339-4f1d-9e80-b1f1ebfa60de","code":"05402001","provinceCode":"40","nameTh":"เทศบาลตำบล ภูผาม่าน","nameEn":null,"geometryType":"MUNICIPALITY","sourceUrl":"https://landometer.com/api/v2/citymeter-v3/grocery/info/geom/e1e002cf-d339-4f1d-9e80-b1f1ebfa60de/MUNICIPALITY","sourceSha256":"74a6f971d7a00ad5b639eb55fcc37a8c51bf786f30bb8b5d012bbb982199fc40","retrievedAt":"2026-10-04T05:43:13.122399+00:00","boundaryVintage":null,"geometryStatus":"native_source_polygon_display_simplified","simplificationToleranceDegrees":0.00015,"simplificationPreservesTopology":true,"invalidSourceRepair":"make_valid; retain polygonal components; discard zero-area collapsed lines","legalBoundaryIndependentlyVerified":false,"areaId":"e1e002cf-d339-4f1d-9e80-b1f1ebfa60de"},"geometry":{"type":"Polygon","coordinates":[[[101.903098,16.636688],[101.902741,16.637797],[101.901995,16.638533],[101.900112,16.638568],[101.899581,16.638379],[101.899369,16.636717],[101.898873,16.636646],[101.898187,16.638308],[101.898811,16.638635],[101.899245,16.639351],[101.899013,16.63963],[101.896816,16.639005],[101.895557,16.640195],[101.894534,16.64039],[101.89362,16.639228],[101.89325,16.639188],[101.892442,16.640247],[101.891692,16.642536],[101.891831,16.642288],[101.901041,16.651074],[101.916466,16.641216],[101.91777,16.643348],[101.922439,16.643025],[101.925782,16.645868],[101.927363,16.643819],[101.926912,16.641237],[101.928989,16.641644],[101.933861,16.638862],[101.935269,16.635959],[101.937627,16.635528],[101.938169,16.636199],[101.938321,16.636198],[101.938136,16.635664],[101.938739,16.633762],[101.93637,16.632029],[101.935602,16.631898],[101.934732,16.632296],[101.934628,16.632821],[101.934989,16.633162],[101.935744,16.63315],[101.935746,16.63355],[101.934737,16.633447],[101.934424,16.634036],[101.934033,16.634124],[101.933627,16.633111],[101.932808,16.632011],[101.931648,16.631211],[101.930878,16.631024],[101.93041,16.631358],[101.929852,16.632594],[101.929828,16.632855],[101.930381,16.6335],[101.929945,16.633983],[101.927654,16.634391],[101.925666,16.634041],[101.923941,16.632544],[101.922823,16.632391],[101.922694,16.631224],[101.921731,16.631226],[101.921196,16.630831],[101.92044,16.631467],[101.919743,16.631194],[101.919616,16.629643],[101.920524,16.627904],[101.920473,16.627535],[101.919802,16.627245],[101.918811,16.627516],[101.918378,16.627918],[101.918217,16.62888],[101.918602,16.629798],[101.918499,16.630167],[101.917271,16.630903],[101.914794,16.631738],[101.914087,16.633741],[101.9134,16.634149],[101.912592,16.63415],[101.911486,16.633648],[101.909904,16.633631],[101.909266,16.633212],[101.909283,16.632223],[101.90969,16.631251],[101.911032,16.630887],[101.911323,16.630597],[101.911254,16.630016],[101.910091,16.628622],[101.908545,16.628477],[101.908387,16.630249],[101.907542,16.630865],[101.906932,16.630997],[101.906325,16.630754],[101.905562,16.629472],[101.905637,16.629148],[101.906281,16.62869],[101.90629,16.62841],[101.905379,16.628034],[101.904251,16.629268],[101.904194,16.629714],[101.904538,16.630344],[101.905144,16.630649],[101.905102,16.6311],[101.904572,16.631655],[101.90464,16.632312],[101.905295,16.633769],[101.90592,16.634274],[101.905944,16.634545],[101.904139,16.636445],[101.903902,16.636154],[101.904112,16.634479],[101.903967,16.634196],[101.903512,16.634285],[101.902482,16.635082],[101.901332,16.635209],[101.901605,16.636323],[101.902066,16.636602],[101.902793,16.636379],[101.903098,16.636688]]]},"bbox":[101.891692,16.627245,101.938739,16.651074]},{"type":"Feature","id":"f4392437-137c-4ee7-afea-90ceeb0edbb4","properties":{"id":"f4392437-137c-4ee7-afea-90ceeb0edbb4","code":"05402002","provinceCode":"40","nameTh":"เทศบาลตำบล โนนคอม","nameEn":null,"geometryType":"MUNICIPALITY","sourceUrl":"https://landometer.com/api/v2/citymeter-v3/grocery/info/geom/f4392437-137c-4ee7-afea-90ceeb0edbb4/MUNICIPALITY","sourceSha256":"646ea17e83f964dea546c3428ffae63ac11f9f65b3a52f98bc3ac15e6fa7c54e","retrievedAt":"2026-10-04T05:43:13.136852+00:00","boundaryVintage":null,"geometryStatus":"native_source_polygon_display_simplified","simplificationToleranceDegrees":0.00015,"simplificationPreservesTopology":true,"invalidSourceRepair":"make_valid; retain polygonal components; discard zero-area collapsed lines","legalBoundaryIndependentlyVerified":false,"areaId":"f4392437-137c-4ee7-afea-90ceeb0edbb4"},"geometry":{"type":"Polygon","coordinates":[[[101.916466,16.641216],[101.915339,16.641936],[101.915413,16.642096],[101.913391,16.643786],[101.912545,16.64897],[101.914357,16.656801],[101.91203,16.661948],[101.942029,16.664631],[101.941506,16.667053],[101.945103,16.667232],[101.947518,16.669898],[101.952593,16.669814],[101.952478,16.668816],[101.953198,16.669018],[101.95356,16.669564],[101.954708,16.673999],[101.954582,16.674754],[101.954836,16.674742],[101.954363,16.671853],[101.954993,16.671701],[101.954282,16.670707],[101.953655,16.667745],[101.953927,16.660357],[101.953618,16.659611],[101.952994,16.659775],[101.95387,16.656213],[101.955032,16.653288],[101.955672,16.647065],[101.957861,16.645144],[101.95819,16.644499],[101.958264,16.643242],[101.957772,16.643217],[101.95773,16.641949],[101.958379,16.638319],[101.957586,16.637498],[101.956975,16.637794],[101.955291,16.637076],[101.955274,16.636422],[101.954306,16.635619],[101.954852,16.63545],[101.955038,16.634751],[101.954774,16.634298],[101.954124,16.633945],[101.953886,16.633228],[101.954161,16.632728],[101.955356,16.632304],[101.955313,16.630406],[101.95491,16.630266],[101.954533,16.630671],[101.953968,16.630834],[101.952329,16.630881],[101.951104,16.632955],[101.95055,16.633262],[101.949421,16.633321],[101.948243,16.634732],[101.947394,16.634511],[101.946418,16.633264],[101.945475,16.633255],[101.94471,16.635067],[101.944131,16.63583],[101.94366,16.636072],[101.942871,16.636132],[101.940807,16.635003],[101.938545,16.636212],[101.938169,16.636199],[101.937627,16.635528],[101.935269,16.635959],[101.933861,16.638862],[101.928989,16.641644],[101.926912,16.641237],[101.927363,16.643819],[101.925782,16.645868],[101.922439,16.643025],[101.91777,16.643348],[101.916466,16.641216]]]},"bbox":[101.91203,16.630266,101.958379,16.674754]},{"type":"Feature","id":"14d347e3-6770-4cbc-8fbf-2e9549ab495f","properties":{"id":"14d347e3-6770-4cbc-8fbf-2e9549ab495f","code":"05402101","provinceCode":"40","nameTh":"เทศบาลตำบล ซำสูง","nameEn":null,"geometryType":"MUNICIPALITY","sourceUrl":"https://landometer.com/api/v2/citymeter-v3/grocery/info/geom/14d347e3-6770-4cbc-8fbf-2e9549ab495f/MUNICIPALITY","sourceSha256":"bb15447aa23a19aa938946c7b07a24b90a74d2914313a8506111c0b66b6d9233","retrievedAt":"2026-10-04T05:43:13.156876+00:00","boundaryVintage":null,"geometryStatus":"native_source_polygon_display_simplified","simplificationToleranceDegrees":0.00015,"simplificationPreservesTopology":true,"invalidSourceRepair":"make_valid; retain polygonal components; discard zero-area collapsed lines","legalBoundaryIndependentlyVerified":false,"areaId":"14d347e3-6770-4cbc-8fbf-2e9549ab495f"},"geometry":{"type":"MultiPolygon","coordinates":[[[[103.05873996427532,16.499624083325244],[103.05874,16.499624],[103.058736,16.499621],[103.05873996427532,16.499624083325244]]],[[[103.025096,16.626839],[103.026786,16.626964],[103.027953,16.626553],[103.029265,16.626486],[103.032455,16.625734],[103.037237,16.625504],[103.039736,16.625141],[103.041914,16.625411],[103.043855,16.626221],[103.045299,16.626212],[103.047161,16.62564],[103.049371,16.625618],[103.052095,16.625008],[103.052812,16.62446],[103.063161,16.623458],[103.06503,16.616758],[103.055445,16.592423],[103.068791,16.572398],[103.068282,16.565953],[103.070952,16.559766],[103.093854,16.534687],[103.091781,16.532903],[103.090745,16.532716],[103.090864,16.531997],[103.090581,16.530716],[103.089912,16.530208],[103.089844,16.529763],[103.088651,16.529442],[103.08807,16.528608],[103.087173,16.528274],[103.08747,16.527531],[103.087607,16.5257],[103.088143,16.525436],[103.088207,16.52481],[103.087561,16.523635],[103.087608,16.522055],[103.08707,16.521926],[103.085954,16.521044],[103.086261,16.519817],[103.086184,16.518671],[103.087129,16.518268],[103.087329,16.517923],[103.087098,16.517653],[103.085667,16.517624],[103.085906,16.517099],[103.086382,16.517312],[103.086589,16.517161],[103.086402,16.516341],[103.085478,16.51594],[103.084516,16.514914],[103.083676,16.514807],[103.083065,16.513876],[103.08243,16.513651],[103.082384,16.512887],[103.081545,16.512091],[103.0809,16.510892],[103.0802,16.511555],[103.079891,16.511089],[103.078996,16.51056],[103.077758,16.511518],[103.077303,16.511613],[103.077151,16.511057],[103.076394,16.511578],[103.075866,16.511499],[103.075875,16.510367],[103.075485,16.509635],[103.07526,16.509674],[103.075109,16.510179],[103.074574,16.510157],[103.074201,16.510459],[103.074091,16.509938],[103.074499,16.509728],[103.074048,16.509237],[103.074514,16.50917],[103.074627,16.509593],[103.075009,16.509506],[103.074772,16.508975],[103.075,16.508408],[103.074713,16.507937],[103.074189,16.50807],[103.074352,16.507567],[103.073889,16.507214],[103.072975,16.507135],[103.073092,16.506617],[103.071695,16.505559],[103.071834,16.505077],[103.070616,16.504475],[103.070325,16.503623],[103.069287,16.503767],[103.068503,16.502992],[103.067727,16.503103],[103.06744,16.503398],[103.067152,16.503104],[103.067009,16.502338],[103.066489,16.502178],[103.065836,16.502892],[103.065397,16.503122],[103.065011,16.50296],[103.064842,16.503423],[103.06457,16.503464],[103.064376,16.503174],[103.06449,16.502669],[103.063835,16.502605],[103.063884,16.501707],[103.063392,16.500833],[103.06349,16.500409],[103.06262,16.499386],[103.062314,16.499429],[103.06204,16.499893],[103.061663,16.499614],[103.060235,16.499416],[103.060153,16.499013],[103.059435,16.499221],[103.059477,16.499626],[103.05873996427532,16.499624083325244],[103.057636,16.502199],[103.057442,16.503689],[103.055036,16.506545],[103.043879,16.512427],[103.040616,16.515335],[103.038319,16.518468],[103.03537,16.520001],[103.040778,16.525777],[103.043488,16.533685],[103.044147,16.546549],[103.046395,16.550855],[103.043952,16.554591],[103.03969,16.55607],[103.046172,16.567112],[103.05076,16.58066],[103.046398,16.586707],[103.044609,16.593274],[103.039606,16.594762],[103.035129,16.593767],[103.031139,16.595615],[103.028865,16.595968],[103.022883,16.585272],[103.005172,16.560984],[102.996981,16.556079],[102.997098,16.555625],[102.99597,16.559919],[102.995252,16.562885],[102.997351,16.565271],[102.998365,16.565001],[102.998998,16.565599],[103.001246,16.566531],[103.004441,16.571231],[103.005019,16.573166],[103.006096,16.582763],[103.006629,16.591328],[103.004455,16.605458],[102.999918,16.619221],[102.994969,16.622918],[102.992798,16.626725],[102.989871,16.634755],[102.99033,16.634608],[102.990919,16.633992],[102.99995,16.629981],[103.003727,16.629516],[103.004524,16.629021],[103.007183,16.628374],[103.007958,16.628589],[103.008924,16.628227],[103.025096,16.626839]]]]},"bbox":[102.989871,16.499013,103.093854,16.634755]},{"type":"Feature","id":"f33c1a39-1c07-4526-bbc6-d98962e9bee8","properties":{"id":"f33c1a39-1c07-4526-bbc6-d98962e9bee8","code":"05402201","provinceCode":"40","nameTh":"เทศบาลตำบล บ้านโคก","nameEn":null,"geometryType":"MUNICIPALITY","sourceUrl":"https://landometer.com/api/v2/citymeter-v3/grocery/info/geom/f33c1a39-1c07-4526-bbc6-d98962e9bee8/MUNICIPALITY","sourceSha256":"8ad410edbf6d4ebf54fd1c39882c4b787d5d5c964da5629ba6e202a7888f556f","retrievedAt":"2026-10-04T05:43:13.139235+00:00","boundaryVintage":null,"geometryStatus":"native_source_polygon_display_simplified","simplificationToleranceDegrees":0.00015,"simplificationPreservesTopology":true,"invalidSourceRepair":"make_valid; retain polygonal components; discard zero-area collapsed lines","legalBoundaryIndependentlyVerified":false,"areaId":"f33c1a39-1c07-4526-bbc6-d98962e9bee8"},"geometry":{"type":"MultiPolygon","coordinates":[[[[102.403343,16.064931],[102.398087,16.070451],[102.393114,16.071221],[102.392784,16.091051],[102.421481,16.092242],[102.427013,16.094327],[102.425836,16.067194],[102.403343,16.064931]]],[[[102.416039,16.066208],[102.425836,16.067194],[102.417146,16.065807],[102.416039,16.066208]]],[[[102.401093,16.067294],[102.401006,16.067343],[102.398087,16.070451],[102.401093,16.067294]]]]},"bbox":[102.392784,16.064931,102.427013,16.094327]},{"type":"Feature","id":"7cde11c9-5574-4946-8da1-13feb9f9c108","properties":{"id":"7cde11c9-5574-4946-8da1-13feb9f9c108","code":"05402202","provinceCode":"40","nameTh":"เทศบาลตำบล โพธิ์ไชย","nameEn":null,"geometryType":"MUNICIPALITY","sourceUrl":"https://landometer.com/api/v2/citymeter-v3/grocery/info/geom/7cde11c9-5574-4946-8da1-13feb9f9c108/MUNICIPALITY","sourceSha256":"879bdd1b1802257c6728534d75f55c76513754d924acb3644d55317eb34735a7","retrievedAt":"2026-10-04T05:43:13.156884+00:00","boundaryVintage":null,"geometryStatus":"native_source_polygon_display_simplified","simplificationToleranceDegrees":0.00015,"simplificationPreservesTopology":true,"invalidSourceRepair":"make_valid; retain polygonal components; discard zero-area collapsed lines","legalBoundaryIndependentlyVerified":false,"areaId":"7cde11c9-5574-4946-8da1-13feb9f9c108"},"geometry":{"type":"Polygon","coordinates":[[[102.441029,16.0561],[102.441913,16.055228],[102.446951,16.054049],[102.448902,16.055141],[102.447461,16.054163],[102.446914,16.054],[102.44626,16.053964],[102.445879,16.053831],[102.445842,16.053146],[102.446845,16.052569],[102.448185,16.053012],[102.449085,16.053004],[102.450056,16.052348],[102.451366,16.050009],[102.452779,16.046367],[102.453319,16.045834],[102.45432,16.042424],[102.454443,16.040005],[102.455236,16.037017],[102.455134,16.034473],[102.454774,16.033788],[102.453759,16.033526],[102.451913,16.034645],[102.451369,16.034677],[102.450683,16.034121],[102.450538,16.033634],[102.451004,16.032968],[102.453211,16.032971],[102.453681,16.032558],[102.453913,16.03111],[102.453515,16.028788],[102.452969,16.028074],[102.450918,16.027664],[102.449377,16.027627],[102.447265,16.02528],[102.445493,16.025085],[102.444695,16.02553],[102.4444,16.027063],[102.44409,16.027517],[102.443551,16.027738],[102.442355,16.027311],[102.441868,16.027482],[102.442013,16.028014],[102.442763,16.028813],[102.442659,16.029209],[102.43997,16.030204],[102.439597,16.029685],[102.440087,16.027883],[102.439936,16.027312],[102.439028,16.027294],[102.438159,16.028342],[102.436713,16.02816],[102.435936,16.027604],[102.434501,16.025186],[102.433336,16.024791],[102.433449,16.022445],[102.434362,16.020837],[102.434045,16.020408],[102.432429,16.019746],[102.431884,16.01872],[102.432001,16.01797],[102.432866,16.016427],[102.432752,16.014946],[102.433305,16.014794],[102.433913,16.015958],[102.434341,16.016189],[102.435829,16.015971],[102.437794,16.016445],[102.438458,16.016006],[102.438615,16.015481],[102.438041,16.014483],[102.434848,16.012915],[102.434669,16.01233],[102.435221,16.010853],[102.434193,16.009676],[102.4333,16.00957],[102.431878,16.011195],[102.431491,16.011055],[102.430181,16.009618],[102.43012,16.009032],[102.430426,16.008626],[102.431451,16.00901],[102.43191,16.008839],[102.432381,16.007049],[102.433389,16.005703],[102.4346,16.005444],[102.434598,16.004687],[102.433022,16.003097],[102.431475,16.000071],[102.431081,15.998699],[102.429583,15.996894],[102.428655,15.996707],[102.428003,15.997175],[102.427344,15.99822],[102.427199,15.999337],[102.426975,15.999574],[102.426364,15.999527],[102.425227,15.998657],[102.424923,15.998147],[102.424992,15.997545],[102.425379,15.997043],[102.426316,15.996584],[102.426938,15.994948],[102.425842,15.993077],[102.423764,15.991238],[102.423032,15.991371],[102.421601,15.993411],[102.421384,15.995176],[102.421991,15.997425],[102.421717,15.99812],[102.421143,15.998028],[102.420285,15.997078],[102.419033,15.994515],[102.417641,15.993613],[102.417729,15.992856],[102.418874,15.991619],[102.418944,15.99089],[102.418743,15.990682],[102.41757,15.990641],[102.416238,15.990958],[102.415762,15.991659],[102.415694,15.993298],[102.414358,15.995091],[102.413492,15.995512],[102.412603,15.99534],[102.412589,15.994647],[102.413243,15.993247],[102.414501,15.992466],[102.414743,15.991579],[102.414504,15.99012],[102.414173,15.989774],[102.413578,15.989745],[102.413169,15.990019],[102.412495,15.991671],[102.411735,15.99136],[102.410678,15.99039],[102.410512,15.988985],[102.411992,15.98856],[102.412198,15.988117],[102.411887,15.987777],[102.409321,15.98658],[102.409026,15.986298],[102.408995,15.985843],[102.409712,15.985164],[102.412439,15.985454],[102.412906,15.98489],[102.412536,15.984207],[102.410954,15.982693],[102.410195,15.982636],[102.408946,15.983227],[102.408504,15.983667],[102.408168,15.984792],[102.40767,15.98491],[102.406306,15.983087],[102.405377,15.982395],[102.404736,15.98115],[102.404062,15.980988],[102.402216,15.983829],[102.401659,15.98392],[102.400623,15.983273],[102.398383,15.983461],[102.397889,15.984554],[102.396729,15.98569],[102.396349,15.987453],[102.395801,15.98752],[102.394413,15.986659],[102.39202,15.986961],[102.391753,15.986653],[102.391797,15.985703],[102.391415,15.984532],[102.392299,15.982862],[102.392297,15.979913],[102.39191,15.979205],[102.390528,15.978272],[102.390054,15.978298],[102.389805,15.978775],[102.389969,15.980124],[102.391374,15.981193],[102.391402,15.981559],[102.389681,15.981868],[102.387577,15.983107],[102.387005,15.98514],[102.385204,15.985893],[102.385306,15.98732],[102.383856,15.987913],[102.384523,15.988486],[102.384376,15.989252],[102.382959,15.990054],[102.383164,15.990527],[102.384082,15.991067],[102.385518,15.991324],[102.385593,15.991793],[102.386752,15.993346],[102.386492,15.993665],[102.385177,15.993533],[102.384092,15.993095],[102.383901,15.992419],[102.383373,15.992387],[102.38344,15.995228],[102.384273,15.995885],[102.385426,15.995806],[102.384539,15.997224],[102.383624,15.996891],[102.383133,15.996054],[102.382542,15.996318],[102.382098,15.996028],[102.381802,15.994903],[102.382745,15.993944],[102.382528,15.993742],[102.381355,15.993792],[102.38025,15.995065],[102.379785,15.995304],[102.379219,15.995133],[102.378992,15.994545],[102.377975,15.994311],[102.37687,15.995234],[102.378593,15.995918],[102.378783,15.996383],[102.377215,15.996736],[102.375538,15.997792],[102.374924,15.99915],[102.375133,15.999852],[102.374812,15.999976],[102.374106,15.999803],[102.373768,15.998768],[102.374012,15.997344],[102.374726,15.996975],[102.375106,15.996295],[102.374766,15.996068],[102.373283,15.99595],[102.372334,15.997563],[102.372654,15.998351],[102.3726,15.998857],[102.371815,15.998792],[102.371038,15.997993],[102.370468,15.998599],[102.370911,15.999076],[102.370786,15.999423],[102.370505,15.999536],[102.36984,15.999292],[102.369342,15.99962],[102.369464,16.000036],[102.371284,16.001218],[102.371157,16.001702],[102.371661,16.002178],[102.371732,16.002645],[102.371247,16.003292],[102.369638,16.003357],[102.370114,16.00427],[102.369415,16.005012],[102.368601,16.005412],[102.368929,16.00608],[102.368539,16.00683],[102.368046,16.006951],[102.367606,16.006522],[102.367386,16.005613],[102.367513,16.004801],[102.366861,16.004015],[102.36753,16.003736],[102.36766,16.00343],[102.367176,16.001926],[102.366744,16.001868],[102.366455,16.002653],[102.365614,16.002385],[102.364824,16.002632],[102.364462,16.001402],[102.363946,16.001285],[102.363582,16.001528],[102.363442,16.002145],[102.361278,16.00236],[102.36131,16.002748],[102.361103,16.002898],[102.359973,16.002417],[102.359299,16.002556],[102.35912,16.003312],[102.358419,16.003786],[102.35874,16.004189],[102.359603,16.004113],[102.35978,16.004761],[102.359539,16.005264],[102.358879,16.005134],[102.358649,16.005567],[102.358285,16.005624],[102.358005,16.005038],[102.35754,16.004716],[102.356946,16.004788],[102.356505,16.005153],[102.355945,16.004923],[102.355093,16.005144],[102.35532,16.005505],[102.35664,16.005846],[102.356597,16.006901],[102.355662,16.007431],[102.354188,16.007679],[102.35408,16.008047],[102.354574,16.008524],[102.355553,16.008421],[102.355786,16.009177],[102.353974,16.009299],[102.353128,16.009979],[102.352454,16.009928],[102.351752,16.009427],[102.351444,16.009611],[102.35165,16.010752],[102.351433,16.01233],[102.352242,16.013036],[102.352076,16.014747],[102.352918,16.015153],[102.35324,16.015921],[102.352789,16.016429],[102.352926,16.017549],[102.352425,16.01799],[102.352732,16.018896],[102.352748,16.02007],[102.351798,16.021537],[102.35199,16.022375],[102.350727,16.022665],[102.349987,16.022188],[102.349545,16.023116],[102.352384,16.024907],[102.35218,16.026164],[102.351581,16.026642],[102.351418,16.026437],[102.351656,16.025829],[102.350944,16.025755],[102.34944,16.026721],[102.349382,16.027211],[102.350287,16.028036],[102.350324,16.02836],[102.349355,16.028602],[102.348459,16.0281],[102.348089,16.028159],[102.347783,16.028705],[102.348735,16.029482],[102.348349,16.029896],[102.34665,16.030031],[102.346013,16.030686],[102.345594,16.030586],[102.345312,16.029805],[102.344655,16.030211],[102.344038,16.031588],[102.343944,16.032865],[102.343607,16.033539],[102.34368,16.033961],[102.344332,16.034482],[102.344372,16.035331],[102.367241,16.056408],[102.390916,16.071825],[102.403263,16.064939],[102.416039,16.066208],[102.417146,16.065807],[102.415107,16.065482],[102.441029,16.0561]]]},"bbox":[102.343607,15.978233,102.45527,16.071825]},{"type":"Feature","id":"d14fb128-b40c-47bc-9707-1cab1a727603","properties":{"id":"d14fb128-b40c-47bc-9707-1cab1a727603","code":"05402203","provinceCode":"40","nameTh":"เทศบาลตำบล นาแพง","nameEn":null,"geometryType":"MUNICIPALITY","sourceUrl":"https://landometer.com/api/v2/citymeter-v3/grocery/info/geom/d14fb128-b40c-47bc-9707-1cab1a727603/MUNICIPALITY","sourceSha256":"2e554fcf3956a37f9cea10267ffe058c339c1ebafcc3373e04df57872e03810f","retrievedAt":"2026-10-04T05:43:13.153319+00:00","boundaryVintage":null,"geometryStatus":"native_source_polygon_display_simplified","simplificationToleranceDegrees":0.00015,"simplificationPreservesTopology":true,"invalidSourceRepair":"make_valid; retain polygonal components; discard zero-area collapsed lines","legalBoundaryIndependentlyVerified":false,"areaId":"d14fb128-b40c-47bc-9707-1cab1a727603"},"geometry":{"type":"Polygon","coordinates":[[[102.463896,16.11267],[102.464094,16.109517],[102.463936,16.107403],[102.464866,16.103527],[102.46452,16.101191],[102.468082,16.10019],[102.47074,16.098424],[102.472726,16.098014],[102.474671,16.098266],[102.477561,16.097477],[102.47803,16.096761],[102.478528,16.096701],[102.478711,16.096271],[102.479124,16.096295],[102.47965,16.095463],[102.479569,16.095222],[102.479995,16.095131],[102.480002,16.094818],[102.480375,16.094636],[102.479965,16.093573],[102.480894,16.093424],[102.480855,16.092525],[102.48125,16.092326],[102.480905,16.091664],[102.481421,16.091466],[102.481436,16.090876],[102.481969,16.091089],[102.481658,16.090615],[102.482265,16.089918],[102.482073,16.089636],[102.483166,16.089456],[102.483089,16.089205],[102.482643,16.089143],[102.482963,16.088727],[102.483208,16.08902],[102.483651,16.08852],[102.484056,16.08866],[102.484268,16.088317],[102.484567,16.088608],[102.48467,16.088398],[102.485494,16.088215],[102.485623,16.088544],[102.485866,16.088556],[102.485972,16.08783],[102.486167,16.088272],[102.486434,16.088111],[102.486278,16.087432],[102.486778,16.087313],[102.48675,16.086059],[102.487,16.086084],[102.487022,16.085737],[102.487449,16.085489],[102.487149,16.084842],[102.487439,16.08461],[102.487115,16.084317],[102.487534,16.084201],[102.488025,16.084393],[102.48858,16.08401],[102.48834,16.083216],[102.488769,16.082408],[102.489315,16.082137],[102.49008,16.082238],[102.490852,16.081785],[102.490769,16.080735],[102.491323,16.079909],[102.492891,16.079243],[102.492515,16.07857],[102.492288,16.076273],[102.49138,16.072061],[102.490115,16.070229],[102.489368,16.068309],[102.489816,16.064319],[102.489531,16.063552],[102.488369,16.062991],[102.487312,16.062885],[102.486132,16.063085],[102.48463,16.063729],[102.483307,16.063654],[102.481763,16.063187],[102.480922,16.062301],[102.481009,16.060353],[102.482166,16.054635],[102.481752,16.052339],[102.480389,16.050645],[102.47974,16.050647],[102.478875,16.051159],[102.476238,16.053979],[102.47327,16.055384],[102.46951,16.056703],[102.467436,16.05866],[102.464457,16.060048],[102.463753,16.059948],[102.461893,16.059055],[102.459665,16.058558],[102.456522,16.057192],[102.45606,16.057208],[102.454951,16.057938],[102.453895,16.058026],[102.452839,16.056319],[102.452065,16.056121],[102.45136,16.056515],[102.450294,16.05649],[102.448902,16.055141],[102.446951,16.054049],[102.441913,16.055228],[102.435885,16.063538],[102.435616,16.066303],[102.431358,16.067654],[102.427601,16.097818],[102.416053,16.106532],[102.413498,16.107207],[102.412381,16.10805],[102.412451,16.108854],[102.412104,16.109534],[102.412086,16.110271],[102.412771,16.111477],[102.413169,16.112919],[102.4133,16.114963],[102.413818,16.115519],[102.415017,16.115825],[102.415212,16.116306],[102.415081,16.116873],[102.415404,16.117871],[102.415369,16.118957],[102.414941,16.119771],[102.414479,16.120017],[102.415101,16.121142],[102.415999,16.12149],[102.417132,16.123656],[102.416719,16.127234],[102.417828,16.127449],[102.418351,16.12855],[102.420406,16.130834],[102.420183,16.132215],[102.420359,16.132699],[102.419484,16.133714],[102.419259,16.134578],[102.417918,16.135576],[102.416465,16.135784],[102.415761,16.137426],[102.414536,16.138283],[102.413851,16.139527],[102.414115,16.140284],[102.413825,16.140746],[102.413836,16.141873],[102.41346,16.142792],[102.414323,16.143828],[102.414855,16.144975],[102.414806,16.146087],[102.414456,16.14636],[102.414573,16.147137],[102.415429,16.148277],[102.415401,16.148948],[102.414757,16.150408],[102.41524,16.153219],[102.424114,16.153584],[102.42693,16.15304],[102.428531,16.152278],[102.429084,16.152697],[102.42963,16.15264],[102.430045,16.152519],[102.43063,16.151688],[102.431987,16.151459],[102.433716,16.151568],[102.434121,16.152111],[102.435115,16.152457],[102.435882,16.15245],[102.437301,16.152017],[102.437835,16.151308],[102.438166,16.151222],[102.440278,16.152175],[102.441344,16.151896],[102.44163,16.151466],[102.443086,16.151603],[102.444735,16.152363],[102.445132,16.152331],[102.445961,16.153306],[102.446447,16.153272],[102.447426,16.153797],[102.447655,16.15329],[102.447201,16.151989],[102.448161,16.151278],[102.450339,16.140501],[102.45217,16.135308],[102.451415,16.12703],[102.45328,16.126753],[102.457066,16.127055],[102.460817,16.122715],[102.462239,16.121419],[102.463052,16.119349],[102.463993,16.118833],[102.46604,16.1166],[102.465855,16.115203],[102.464424,16.114023],[102.463896,16.11267]]]},"bbox":[102.412052,16.050627,102.492891,16.153797]},{"type":"Feature","id":"36d02550-c06c-4f90-890c-4e121c87242a","properties":{"id":"36d02550-c06c-4f90-890c-4e121c87242a","code":"05402204","provinceCode":"40","nameTh":"เทศบาลตำบล ภูผาแดง","nameEn":null,"geometryType":"MUNICIPALITY","sourceUrl":"https://landometer.com/api/v2/citymeter-v3/grocery/info/geom/36d02550-c06c-4f90-890c-4e121c87242a/MUNICIPALITY","sourceSha256":"a10e5dacd08f7b55f0be235c428c444f14c9e8930460798bf4511d4b05f86a01","retrievedAt":"2026-10-04T05:43:13.152526+00:00","boundaryVintage":null,"geometryStatus":"native_source_polygon_display_simplified","simplificationToleranceDegrees":0.00015,"simplificationPreservesTopology":true,"invalidSourceRepair":"make_valid; retain polygonal components; discard zero-area collapsed lines","legalBoundaryIndependentlyVerified":false,"areaId":"36d02550-c06c-4f90-890c-4e121c87242a"},"geometry":{"type":"Polygon","coordinates":[[[102.387964,16.142534],[102.389801,16.142106],[102.389734,16.14182],[102.39002,16.141554],[102.389904,16.141049],[102.390467,16.140906],[102.390952,16.139909],[102.391508,16.139891],[102.391709,16.139326],[102.392466,16.139446],[102.392318,16.138955],[102.392719,16.138576],[102.392971,16.138728],[102.393267,16.138339],[102.393291,16.137895],[102.394432,16.136064],[102.395927,16.135604],[102.397066,16.135631],[102.396998,16.134847],[102.397645,16.134378],[102.398238,16.134381],[102.398518,16.133966],[102.399429,16.134132],[102.400096,16.132373],[102.400698,16.132841],[102.400992,16.131724],[102.401472,16.131556],[102.400788,16.129624],[102.400769,16.127661],[102.399789,16.127078],[102.400973,16.126364],[102.400565,16.125975],[102.400614,16.12555],[102.400122,16.125166],[102.40089,16.124917],[102.400738,16.124167],[102.401424,16.123013],[102.402784,16.123235],[102.40384,16.120833],[102.403744,16.119154],[102.405805,16.115307],[102.407598,16.114385],[102.407823,16.112303],[102.406681,16.111766],[102.407428,16.107568],[102.408469,16.107316],[102.410404,16.107359],[102.411293,16.107807],[102.412948,16.107229],[102.412381,16.10805],[102.413498,16.107207],[102.416053,16.106532],[102.427601,16.097818],[102.431358,16.067654],[102.435616,16.066303],[102.435885,16.063538],[102.441491,16.05581],[102.415107,16.065482],[102.425836,16.067194],[102.427013,16.094327],[102.421481,16.092242],[102.392784,16.091051],[102.393114,16.071221],[102.398087,16.070451],[102.403263,16.064939],[102.374448,16.081073],[102.372651,16.085002],[102.35996,16.093674],[102.332255,16.114221],[102.318883,16.12019],[102.319569,16.120979],[102.319176,16.121115],[102.324231,16.126108],[102.325536,16.127691],[102.330436,16.134988],[102.334301,16.139523],[102.339177,16.146271],[102.341301,16.151471],[102.341634,16.153205],[102.343624,16.15744],[102.345054,16.159388],[102.345322,16.160564],[102.351761,16.159635],[102.362257,16.157376],[102.364833,16.157167],[102.366002,16.157274],[102.367979,16.158],[102.372954,16.156605],[102.374843,16.159097],[102.3769,16.158324],[102.377513,16.157815],[102.37763,16.157378],[102.378587,16.15719],[102.379154,16.156505],[102.380467,16.156285],[102.38117,16.15554],[102.381332,16.155209],[102.381145,16.154841],[102.381418,16.154579],[102.381262,16.15298],[102.381683,16.152547],[102.38178,16.151002],[102.382163,16.150728],[102.38273,16.150758],[102.383759,16.149929],[102.383952,16.149412],[102.384599,16.149219],[102.385224,16.14671],[102.386304,16.146004],[102.386025,16.145142],[102.386232,16.145],[102.386144,16.144723],[102.387245,16.144243],[102.38736,16.143688],[102.387977,16.143349],[102.387791,16.142922],[102.387964,16.142534]]]},"bbox":[102.318883,16.05581,102.441491,16.160564]},{"type":"Feature","id":"f09babf2-e099-4756-8aaa-42c3baaedbbb","properties":{"id":"f09babf2-e099-4756-8aaa-42c3baaedbbb","code":"05402301","provinceCode":"40","nameTh":"เทศบาลตำบล หนองนาคำ","nameEn":null,"geometryType":"MUNICIPALITY","sourceUrl":"https://landometer.com/api/v2/citymeter-v3/grocery/info/geom/f09babf2-e099-4756-8aaa-42c3baaedbbb/MUNICIPALITY","sourceSha256":"0b681876be5423707e13921bd1c9bfca56224ffbd8b36ca0d9b1b30b93a06324","retrievedAt":"2026-10-04T05:43:13.206079+00:00","boundaryVintage":null,"geometryStatus":"native_source_polygon_display_simplified","simplificationToleranceDegrees":0.00015,"simplificationPreservesTopology":true,"invalidSourceRepair":"make_valid; retain polygonal components; discard zero-area collapsed lines","legalBoundaryIndependentlyVerified":false,"areaId":"f09babf2-e099-4756-8aaa-42c3baaedbbb"},"geometry":{"type":"MultiPolygon","coordinates":[[[[102.33956305163386,16.75891919553937],[102.339571,16.758918],[102.339563,16.758919],[102.33956305163386,16.75891919553937]]],[[[102.355045,16.823579],[102.355161,16.822984],[102.356828,16.822866],[102.358289,16.822158],[102.360365,16.818227],[102.361498,16.816802],[102.362271,16.816858],[102.364714,16.817844],[102.365682,16.817832],[102.366157,16.817566],[102.366793,16.816475],[102.367956,16.815267],[102.370332,16.813639],[102.371887,16.813247],[102.373305,16.813537],[102.374333,16.813081],[102.37485,16.811481],[102.375243,16.810996],[102.374439,16.80645],[102.368372,16.796466],[102.360315,16.777856],[102.357963,16.769535],[102.347504,16.767469],[102.340536,16.75905],[102.339671,16.759328],[102.33956305163386,16.75891919553937],[102.337246,16.758814],[102.33425,16.7603],[102.332041,16.7611],[102.325176,16.763331],[102.323049,16.763761],[102.319146,16.765269],[102.315688,16.767117],[102.31294,16.76774],[102.310475,16.767895],[102.307677,16.768833],[102.306531,16.769365],[102.304182,16.771428],[102.303288,16.771913],[102.301393,16.77238],[102.299458,16.773422],[102.292583,16.777807],[102.290784,16.779227],[102.288431,16.779908],[102.287613,16.780389],[102.285292,16.782512],[102.282766,16.784164],[102.292906,16.778061],[102.301806,16.786966],[102.304778,16.795157],[102.307735,16.796461],[102.310417,16.80069],[102.31601,16.800202],[102.32168,16.803172],[102.32213,16.809401],[102.32675,16.817343],[102.338324,16.824346],[102.33929,16.823695],[102.341387,16.823413],[102.341973,16.819741],[102.343165,16.818137],[102.345751,16.81767],[102.346514,16.8178],[102.347059,16.818487],[102.349999,16.824225],[102.349851,16.825017],[102.348908,16.826412],[102.349582,16.827694],[102.349217,16.830232],[102.349971,16.830954],[102.350855,16.830737],[102.35216,16.829986],[102.354239,16.827246],[102.354814,16.826009],[102.35596,16.825386],[102.356031,16.824947],[102.355045,16.823579]]]]},"bbox":[102.282766,16.758796,102.375243,16.830965]},{"type":"Feature","id":"44ec6341-4279-4e76-9604-e7ccadd6c0e5","properties":{"id":"44ec6341-4279-4e76-9604-e7ccadd6c0e5","code":"05402303","provinceCode":"40","nameTh":"เทศบาลตำบล ขนวน","nameEn":null,"geometryType":"MUNICIPALITY","sourceUrl":"https://landometer.com/api/v2/citymeter-v3/grocery/info/geom/44ec6341-4279-4e76-9604-e7ccadd6c0e5/MUNICIPALITY","sourceSha256":"72c93c81627860a6b64dbe9d07e75920cda4070ca96d2cc14908386f964952da","retrievedAt":"2026-10-04T05:43:13.231948+00:00","boundaryVintage":null,"geometryStatus":"native_source_polygon_display_simplified","simplificationToleranceDegrees":0.00015,"simplificationPreservesTopology":true,"invalidSourceRepair":"make_valid; retain polygonal components; discard zero-area collapsed lines","legalBoundaryIndependentlyVerified":false,"areaId":"44ec6341-4279-4e76-9604-e7ccadd6c0e5"},"geometry":{"type":"Polygon","coordinates":[[[102.379434,16.814386],[102.376548,16.814626],[102.375836,16.815444],[102.375516,16.816549],[102.377174,16.817796],[102.377901,16.817964],[102.381568,16.816516],[102.385489,16.816497],[102.38838,16.813065],[102.390014,16.811945],[102.391436,16.810591],[102.392041,16.810393],[102.392397,16.810686],[102.392499,16.811952],[102.393889,16.813108],[102.393809,16.81535],[102.394106,16.815996],[102.395033,16.816035],[102.397312,16.815231],[102.398995,16.815317],[102.399585,16.815819],[102.399573,16.817215],[102.400093,16.817694],[102.400787,16.817858],[102.401583,16.817671],[102.402512,16.816711],[102.404397,16.816282],[102.404974,16.815833],[102.405163,16.815244],[102.404228,16.810812],[102.404409,16.80683],[102.40534,16.803992],[102.404991,16.802279],[102.406576,16.801791],[102.40778,16.803664],[102.408491,16.804203],[102.410407,16.803622],[102.412042,16.804247],[102.414322,16.80425],[102.415155,16.805131],[102.415605,16.805078],[102.41619,16.804392],[102.416304,16.803644],[102.41476,16.795198],[102.414992,16.794523],[102.415925,16.793916],[102.41727,16.793812],[102.419189,16.794786],[102.419896,16.794921],[102.422004,16.793245],[102.422555,16.793258],[102.42341,16.793917],[102.423987,16.793803],[102.424437,16.793026],[102.424561,16.791626],[102.424922,16.791302],[102.426931,16.791004],[102.428393,16.791337],[102.428722,16.790866],[102.428764,16.78911],[102.431111,16.788112],[102.432705,16.785497],[102.433579,16.783377],[102.429197,16.78272],[102.428098,16.782153],[102.427128,16.781076],[102.425598,16.775926],[102.42522,16.773646],[102.425182,16.770409],[102.424545,16.768594],[102.423513,16.767187],[102.422616,16.761903],[102.423265,16.761639],[102.42313,16.761182],[102.423515,16.760258],[102.423247,16.760172],[102.423198,16.759795],[102.42346,16.759484],[102.423302,16.758447],[102.423541,16.757825],[102.423315,16.757509],[102.422597,16.757262],[102.422589,16.756567],[102.421994,16.75591],[102.423154,16.755462],[102.422534,16.754427],[102.422706,16.753513],[102.422139,16.753059],[102.4227,16.752705],[102.422834,16.751888],[102.422063,16.75129],[102.422321,16.750888],[102.422787,16.750938],[102.422979,16.749273],[102.42269,16.747719],[102.423041,16.747324],[102.423011,16.746188],[102.422081,16.746352],[102.421862,16.745837],[102.42129,16.745834],[102.420699,16.745485],[102.420515,16.744959],[102.419954,16.744656],[102.419575,16.744725],[102.418431,16.743671],[102.417654,16.744187],[102.416754,16.743931],[102.416036,16.74455],[102.415592,16.7446],[102.415014,16.744292],[102.414679,16.74535],[102.414008,16.744903],[102.414105,16.744395],[102.412938,16.743988],[102.411338,16.744086],[102.410436,16.744709],[102.409864,16.744799],[102.409485,16.744709],[102.409077,16.743965],[102.407733,16.743864],[102.406628,16.743448],[102.406099,16.740085],[102.40533,16.738764],[102.40424,16.738403],[102.403605,16.737815],[102.403017,16.736696],[102.401652,16.735973],[102.398215,16.735979],[102.394867,16.735288],[102.390065,16.735596],[102.387817,16.735401],[102.383688,16.734356],[102.381978,16.734415],[102.379988,16.734876],[102.368702,16.734441],[102.360676,16.733485],[102.359443,16.739154],[102.358636,16.741075],[102.356525,16.744642],[102.353752,16.747717],[102.351949,16.749142],[102.345497,16.756247],[102.343305,16.757613],[102.339563,16.758919],[102.339671,16.759328],[102.340536,16.75905],[102.347504,16.767469],[102.357963,16.769535],[102.360315,16.777856],[102.368372,16.796466],[102.374439,16.80645],[102.375243,16.810996],[102.376314,16.810755],[102.378281,16.81111],[102.379015,16.811472],[102.379695,16.812703],[102.37967,16.813997],[102.379434,16.814386]]]},"bbox":[102.339563,16.733485,102.433579,16.817964]},{"type":"Feature","id":"0275e4cb-3937-4832-9d9b-54d9322b2798","properties":{"id":"0275e4cb-3937-4832-9d9b-54d9322b2798","code":"05402401","provinceCode":"40","nameTh":"เทศบาลตำบล บ้านแฮด","nameEn":null,"geometryType":"MUNICIPALITY","sourceUrl":"https://landometer.com/api/v2/citymeter-v3/grocery/info/geom/0275e4cb-3937-4832-9d9b-54d9322b2798/MUNICIPALITY","sourceSha256":"921ed1b50f7b6baef2bfdc2ba56391b52f523537a7cd6322d30edb2c78e7d78f","retrievedAt":"2026-10-04T05:43:13.225695+00:00","boundaryVintage":null,"geometryStatus":"native_source_polygon_display_simplified","simplificationToleranceDegrees":0.00015,"simplificationPreservesTopology":true,"invalidSourceRepair":"make_valid; retain polygonal components; discard zero-area collapsed lines","legalBoundaryIndependentlyVerified":false,"areaId":"0275e4cb-3937-4832-9d9b-54d9322b2798"},"geometry":{"type":"Polygon","coordinates":[[[102.767567,16.195308],[102.763698,16.182248],[102.760751,16.18377],[102.757869,16.181114],[102.750667,16.181747],[102.748585,16.190821],[102.746281,16.194683],[102.744629,16.194476],[102.749684,16.224602],[102.76295,16.225934],[102.764696,16.224874],[102.762839,16.219658],[102.764989,16.198002],[102.767567,16.195308]]]},"bbox":[102.744629,16.181114,102.767567,16.225934]},{"type":"Feature","id":"6a77ba22-bfac-4315-a187-632e22c8687f","properties":{"id":"6a77ba22-bfac-4315-a187-632e22c8687f","code":"05402402","provinceCode":"40","nameTh":"เทศบาลตำบล โคกสำราญ","nameEn":null,"geometryType":"MUNICIPALITY","sourceUrl":"https://landometer.com/api/v2/citymeter-v3/grocery/info/geom/6a77ba22-bfac-4315-a187-632e22c8687f/MUNICIPALITY","sourceSha256":"587c96a4f2e321b0057345ccc8bdfae7f1b3ebed5a6271b6437637532cb750d5","retrievedAt":"2026-10-04T05:43:13.229164+00:00","boundaryVintage":null,"geometryStatus":"native_source_polygon_display_simplified","simplificationToleranceDegrees":0.00015,"simplificationPreservesTopology":true,"invalidSourceRepair":"make_valid; retain polygonal components; discard zero-area collapsed lines","legalBoundaryIndependentlyVerified":false,"areaId":"6a77ba22-bfac-4315-a187-632e22c8687f"},"geometry":{"type":"Polygon","coordinates":[[[102.725174,16.238867],[102.72722,16.236374],[102.724755,16.217885],[102.725485,16.211448],[102.727502,16.208663],[102.726725,16.194707],[102.73008,16.194736],[102.730098,16.187711],[102.735728,16.184875],[102.74063,16.184993],[102.740526,16.180986],[102.741872,16.180081],[102.740521,16.17443],[102.754836,16.16905],[102.754193,16.164936],[102.756542,16.164915],[102.748304,16.137078],[102.747166,16.13677],[102.74277,16.136299],[102.742793,16.137643],[102.739411,16.138887],[102.739185,16.139059],[102.739264,16.139723],[102.737916,16.140252],[102.737704,16.140511],[102.737825,16.141081],[102.737062,16.14149],[102.735923,16.141227],[102.735051,16.141419],[102.734058,16.141308],[102.731951,16.140594],[102.731052,16.140804],[102.730587,16.141313],[102.728874,16.141793],[102.723735,16.14221],[102.71446,16.14214],[102.709392,16.144678],[102.708647,16.145742],[102.708584,16.14631],[102.707822,16.147211],[102.706644,16.1473],[102.704569,16.148469],[102.703415,16.148485],[102.702073,16.149115],[102.70156,16.14906],[102.700444,16.148024],[102.698256,16.147885],[102.695953,16.148818],[102.693356,16.150856],[102.691706,16.151565],[102.687675,16.150548],[102.690941,16.153357],[102.691035,16.155399],[102.690051,16.159169],[102.688376,16.162806],[102.689503,16.164756],[102.69082,16.164845],[102.690983,16.165394],[102.690517,16.170736],[102.683129,16.179737],[102.683091,16.180588],[102.684583,16.183135],[102.684663,16.184429],[102.684091,16.185734],[102.682814,16.186926],[102.681991,16.187047],[102.681732,16.187565],[102.680899,16.188184],[102.679415,16.188491],[102.676746,16.192835],[102.676008,16.193042],[102.674612,16.192395],[102.674325,16.192663],[102.673527,16.194841],[102.67308,16.195052],[102.671815,16.194959],[102.671425,16.195458],[102.671464,16.196293],[102.672515,16.19919],[102.672332,16.200512],[102.672987,16.201296],[102.673783,16.201163],[102.674647,16.200257],[102.675898,16.199425],[102.676057,16.198151],[102.676547,16.197658],[102.677674,16.197637],[102.678973,16.198075],[102.680463,16.197985],[102.680891,16.198334],[102.68084,16.199033],[102.678454,16.201837],[102.677903,16.201916],[102.676597,16.2012],[102.674411,16.202409],[102.674051,16.20341],[102.674362,16.205305],[102.672944,16.2062],[102.672062,16.207881],[102.671547,16.207886],[102.670881,16.206935],[102.669991,16.206641],[102.666486,16.208132],[102.66486,16.208107],[102.663454,16.210009],[102.662635,16.211693],[102.662671,16.21239],[102.664269,16.215184],[102.66517,16.216012],[102.666579,16.216787],[102.667359,16.217786],[102.667994,16.217795],[102.668594,16.216199],[102.669645,16.215755],[102.670102,16.215992],[102.671336,16.217713],[102.672348,16.218528],[102.672335,16.219004],[102.670969,16.222182],[102.671044,16.223528],[102.66897,16.224859],[102.666273,16.2281],[102.666167,16.228637],[102.667184,16.229223],[102.669228,16.229045],[102.672841,16.229468],[102.673401,16.230037],[102.673794,16.231778],[102.674429,16.232623],[102.67494,16.232879],[102.676756,16.232062],[102.676703,16.231484],[102.67537,16.23026],[102.675899,16.229819],[102.676667,16.230001],[102.678181,16.232363],[102.678547,16.233522],[102.678428,16.233801],[102.676468,16.23456],[102.675841,16.235391],[102.676091,16.235929],[102.676746,16.235985],[102.678375,16.235473],[102.680351,16.233964],[102.680778,16.232874],[102.680452,16.23126],[102.681689,16.23094],[102.682393,16.22892],[102.682497,16.22585],[102.683024,16.225323],[102.683958,16.224919],[102.685674,16.222933],[102.686229,16.223264],[102.686366,16.225422],[102.686892,16.227036],[102.687516,16.228351],[102.68823,16.229123],[102.689729,16.229128],[102.692172,16.227797],[102.693719,16.228181],[102.693748,16.22861],[102.69288,16.230572],[102.690764,16.233254],[102.689351,16.235581],[102.688281,16.238983],[102.686772,16.24014],[102.686516,16.240627],[102.68613,16.242302],[102.686448,16.244239],[102.688546,16.24388],[102.691142,16.244092],[102.691439,16.243876],[102.691614,16.243044],[102.692126,16.242846],[102.692463,16.243388],[102.692231,16.244279],[102.692326,16.245299],[102.692576,16.245734],[102.692881,16.245726],[102.694721,16.242058],[102.694553,16.241035],[102.69372,16.239742],[102.69592,16.23925],[102.696205,16.239335],[102.697199,16.240845],[102.697417,16.243247],[102.698405,16.24446],[102.699224,16.244604],[102.70043,16.243844],[102.701582,16.243581],[102.702002,16.243028],[102.702277,16.241929],[102.70343,16.241241],[102.703866,16.241231],[102.709445,16.246839],[102.711217,16.247534],[102.711989,16.247561],[102.712516,16.247278],[102.713484,16.245802],[102.714036,16.245443],[102.716297,16.245241],[102.718155,16.245786],[102.726768,16.244409],[102.729302,16.243693],[102.72876,16.241089],[102.72713,16.241566],[102.725174,16.238867]]]},"bbox":[102.662606,16.136299,102.756542,16.247588]},{"type":"Feature","id":"ccc8a59e-d7e1-450a-89c7-b3b7ab5c827f","properties":{"id":"ccc8a59e-d7e1-450a-89c7-b3b7ab5c827f","code":"05402403","provinceCode":"40","nameTh":"เทศบาลตำบล วังสวรรค์","nameEn":null,"geometryType":"MUNICIPALITY","sourceUrl":"https://landometer.com/api/v2/citymeter-v3/grocery/info/geom/ccc8a59e-d7e1-450a-89c7-b3b7ab5c827f/MUNICIPALITY","sourceSha256":"2e82406bb3dc94cf36d392ef60eb39dfcc4440bce0eff7ce2df74e256d2cd58b","retrievedAt":"2026-10-04T05:43:13.227182+00:00","boundaryVintage":null,"geometryStatus":"native_source_polygon_display_simplified","simplificationToleranceDegrees":0.00015,"simplificationPreservesTopology":true,"invalidSourceRepair":"make_valid; retain polygonal components; discard zero-area collapsed lines","legalBoundaryIndependentlyVerified":false,"areaId":"ccc8a59e-d7e1-450a-89c7-b3b7ab5c827f"},"geometry":{"type":"Polygon","coordinates":[[[102.736144,16.233836],[102.737841,16.230605],[102.748884,16.232382],[102.753815,16.227966],[102.762497,16.232401],[102.762492,16.234951],[102.769631,16.239563],[102.778437,16.239229],[102.797265,16.232953],[102.820569,16.231807],[102.831629,16.234433],[102.834046,16.234583],[102.834149,16.230466],[102.83371,16.228787],[102.834464,16.226626],[102.838006,16.223403],[102.841711,16.22256],[102.84188,16.221633],[102.843174,16.221239],[102.843934,16.220036],[102.845741,16.219574],[102.845704,16.218694],[102.845949,16.217913],[102.846152,16.217937],[102.84582,16.216383],[102.844809,16.214152],[102.84368,16.21287],[102.843308,16.211332],[102.843645,16.209494],[102.844581,16.208009],[102.799776,16.200499],[102.794882,16.1918],[102.78713,16.185426],[102.768684,16.182435],[102.765206,16.182843],[102.763716,16.18231],[102.767567,16.195308],[102.764989,16.198002],[102.762839,16.219658],[102.764696,16.224874],[102.76295,16.225934],[102.749684,16.224602],[102.744629,16.194476],[102.746281,16.194683],[102.748585,16.190821],[102.750667,16.181747],[102.757869,16.181114],[102.760751,16.18377],[102.763635,16.182281],[102.761645,16.181568],[102.756248,16.163918],[102.756542,16.164915],[102.754193,16.164936],[102.754836,16.16905],[102.740521,16.17443],[102.741872,16.180081],[102.740526,16.180986],[102.74063,16.184993],[102.735728,16.184875],[102.730098,16.187711],[102.73008,16.194736],[102.726725,16.194707],[102.727502,16.208663],[102.725485,16.211448],[102.724755,16.217885],[102.72722,16.236374],[102.725174,16.238867],[102.72713,16.241566],[102.72876,16.241089],[102.728849,16.241517],[102.729069,16.24135],[102.728317,16.23996],[102.728934,16.238068],[102.733481,16.237],[102.733664,16.234827],[102.736144,16.233836]]]},"bbox":[102.724755,16.163917,102.846152,16.241566]},{"type":"Feature","id":"d4001eb4-1f09-4ef5-a04e-f3368ea3bf3c","properties":{"id":"d4001eb4-1f09-4ef5-a04e-f3368ea3bf3c","code":"05402501","provinceCode":"40","nameTh":"เทศบาลตำบล โนนศิลา","nameEn":null,"geometryType":"MUNICIPALITY","sourceUrl":"https://landometer.com/api/v2/citymeter-v3/grocery/info/geom/d4001eb4-1f09-4ef5-a04e-f3368ea3bf3c/MUNICIPALITY","sourceSha256":"aa956c81434c68db442463695029d5dff28184a86b6f1228dd2727aba08df204","retrievedAt":"2026-10-04T05:43:13.229054+00:00","boundaryVintage":null,"geometryStatus":"native_source_polygon_display_simplified","simplificationToleranceDegrees":0.00015,"simplificationPreservesTopology":true,"invalidSourceRepair":"make_valid; retain polygonal components; discard zero-area collapsed lines","legalBoundaryIndependentlyVerified":false,"areaId":"d4001eb4-1f09-4ef5-a04e-f3368ea3bf3c"},"geometry":{"type":"Polygon","coordinates":[[[102.699479,15.971783],[102.701226,15.970389],[102.700631,15.968472],[102.707317,15.95277],[102.689962,15.939991],[102.678878,15.943938],[102.670815,15.954491],[102.673692,15.969815],[102.683102,15.980965],[102.699485,15.976122],[102.699479,15.971783]]]},"bbox":[102.670815,15.939991,102.707317,15.980965]},{"type":"Feature","id":"e11316e2-6a1f-4291-a032-9ea453128590","properties":{"id":"e11316e2-6a1f-4291-a032-9ea453128590","code":"05402901","provinceCode":"40","nameTh":"เทศบาลตำบล ในเมือง","nameEn":null,"geometryType":"MUNICIPALITY","sourceUrl":"https://landometer.com/api/v2/citymeter-v3/grocery/info/geom/e11316e2-6a1f-4291-a032-9ea453128590/MUNICIPALITY","sourceSha256":"7cba8a95919f5defe8bebc9ee68d5865637b91939b663d052496fe05d25a8729","retrievedAt":"2026-10-04T05:43:13.231089+00:00","boundaryVintage":null,"geometryStatus":"native_source_polygon_display_simplified","simplificationToleranceDegrees":0.00015,"simplificationPreservesTopology":true,"invalidSourceRepair":"make_valid; retain polygonal components; discard zero-area collapsed lines","legalBoundaryIndependentlyVerified":false,"areaId":"e11316e2-6a1f-4291-a032-9ea453128590"},"geometry":{"type":"MultiPolygon","coordinates":[[[[102.318187,16.685815],[102.31818650488022,16.685815247559894],[102.322012,16.686238],[102.318187,16.685815]]],[[[102.307059,16.726048],[102.309009,16.726094],[102.315875,16.723754],[102.317955,16.715122],[102.314824,16.710371],[102.319119,16.706],[102.30922,16.70522],[102.310727,16.702179],[102.308591,16.697138],[102.314271,16.695128],[102.314375,16.692525],[102.31522,16.693274],[102.319216,16.687727],[102.318532,16.686698],[102.321038,16.686274],[102.317397,16.685728],[102.317351,16.68423],[102.308725,16.679473],[102.302971,16.671593],[102.299871,16.669859],[102.301182,16.667928],[102.299599,16.662887],[102.297063,16.663402],[102.293774,16.660641],[102.291194,16.660679],[102.290887,16.658866],[102.290337,16.66048],[102.288305,16.659687],[102.284169,16.661915],[102.281984,16.660834],[102.281117,16.658115],[102.273061,16.660958],[102.269944,16.655864],[102.264091,16.656607],[102.261696,16.654062],[102.257663,16.649018],[102.256626,16.642696],[102.241991,16.642198],[102.236799,16.637513],[102.234435,16.639246],[102.232349,16.637757],[102.225031,16.641519],[102.212534,16.650395],[102.202392,16.661123],[102.202609,16.661773],[102.202306,16.663008],[102.201892,16.663408],[102.200728,16.663786],[102.199821,16.664559],[102.199523,16.665126],[102.199476,16.666546],[102.199917,16.668753],[102.201122,16.672037],[102.204182,16.683766],[102.205634,16.692505],[102.206352,16.694031],[102.209133,16.69802],[102.209927,16.700799],[102.212385,16.704422],[102.214717,16.711536],[102.217192,16.715954],[102.21747,16.719476],[102.221686,16.731044],[102.224626,16.735016],[102.227558,16.739855],[102.228743,16.741257],[102.23124,16.743399],[102.234434,16.747344],[102.234655,16.748313],[102.234506,16.756294],[102.235873,16.764517],[102.235633,16.767851],[102.235822,16.769998],[102.235706,16.772182],[102.235251,16.773183],[102.2338,16.774699],[102.233255,16.776046],[102.233592,16.77769],[102.233384,16.778802],[102.233139,16.779242],[102.231728,16.780166],[102.230962,16.781606],[102.23104,16.786939],[102.230619,16.788487],[102.229417,16.790575],[102.228111,16.795922],[102.226215,16.80041],[102.225304,16.804188],[102.225126,16.806488],[102.225056,16.809048],[102.225538,16.816152],[102.224878,16.819291],[102.224863,16.822271],[102.226399,16.831701],[102.226826,16.839235],[102.227419,16.843201],[102.228409,16.845875],[102.229531,16.848022],[102.23086,16.85339],[102.23278,16.853773],[102.234255,16.854508],[102.237788,16.854509],[102.241023,16.85307],[102.247779,16.848755],[102.254189,16.842172],[102.261473,16.838272],[102.266038,16.835064],[102.271414,16.827351],[102.272411,16.823849],[102.27353,16.81501],[102.273681,16.810685],[102.273068,16.80625],[102.273162,16.802823],[102.273845,16.799229],[102.275016,16.796529],[102.277207,16.792953],[102.278751,16.788463],[102.281095,16.786297],[102.282818,16.784082],[102.285292,16.782512],[102.287613,16.780389],[102.288431,16.779908],[102.290784,16.779227],[102.292583,16.777807],[102.299458,16.773422],[102.301393,16.77238],[102.303288,16.771913],[102.304182,16.771428],[102.306531,16.769365],[102.307677,16.768833],[102.310475,16.767895],[102.313564,16.767643],[102.316316,16.766761],[102.31683,16.755236],[102.314184,16.731936],[102.307261,16.730934],[102.306523,16.727344],[102.307059,16.726048]]]]},"bbox":[102.199476,16.637513,102.322012,16.854509]},{"type":"Feature","id":"1b022dbf-4661-400a-8cfc-c13fae098374","properties":{"id":"1b022dbf-4661-400a-8cfc-c13fae098374","code":"06400113","provinceCode":"40","nameTh":"องค์การบริหารส่วนตำบล โคกสี","nameEn":null,"geometryType":"MUNICIPALITY","sourceUrl":"https://landometer.com/api/v2/citymeter-v3/grocery/info/geom/1b022dbf-4661-400a-8cfc-c13fae098374/MUNICIPALITY","sourceSha256":"750e628e44f1fbaa79ade77d923d4f6ba6d78ec9adf8f06d7b74528be845a6b0","retrievedAt":"2026-10-04T05:43:13.239262+00:00","boundaryVintage":null,"geometryStatus":"native_source_polygon_display_simplified","simplificationToleranceDegrees":0.00015,"simplificationPreservesTopology":true,"invalidSourceRepair":"make_valid; retain polygonal components; discard zero-area collapsed lines","legalBoundaryIndependentlyVerified":false,"areaId":"1b022dbf-4661-400a-8cfc-c13fae098374"},"geometry":{"type":"Polygon","coordinates":[[[103.015559,16.481017],[103.017781,16.479503],[103.02077,16.476484],[103.02022,16.475903],[103.020466,16.474876],[103.019445,16.474181],[103.018814,16.474123],[103.019243,16.473661],[103.019133,16.473434],[103.017995,16.473132],[103.01743,16.473596],[103.016067,16.473602],[103.015906,16.473336],[103.016165,16.472552],[103.015284,16.472813],[103.014252,16.472272],[103.013868,16.471282],[103.013362,16.47083],[103.012917,16.471427],[103.012465,16.471245],[103.011955,16.471377],[103.011627,16.471037],[103.010911,16.471383],[103.010451,16.470884],[103.01007,16.469918],[103.008335,16.469455],[103.007968,16.468066],[103.007394,16.468333],[103.006901,16.468236],[103.00664,16.46697],[103.005877,16.467187],[103.00577,16.467686],[103.005035,16.468463],[103.003581,16.468849],[103.002809,16.468265],[103.001605,16.468045],[103.001582,16.467571],[103.000952,16.467364],[103.00061,16.465706],[102.999788,16.465662],[102.999517,16.465178],[102.998185,16.466129],[102.997253,16.465265],[102.996696,16.465609],[102.995358,16.465638],[102.994527,16.466248],[102.991877,16.465875],[102.990314,16.464629],[102.990736,16.463977],[102.990643,16.463659],[102.989624,16.462794],[102.986177,16.463477],[102.984717,16.462988],[102.982737,16.463395],[102.982332,16.463054],[102.982077,16.46155],[102.981406,16.460674],[102.978789,16.458895],[102.976949,16.456929],[102.97602,16.45642],[102.974916,16.456349],[102.970106,16.45755],[102.967877,16.457449],[102.966968,16.457127],[102.965271,16.455896],[102.963811,16.454354],[102.963459,16.453582],[102.963457,16.451132],[102.962332,16.4498],[102.961191,16.448993],[102.959937,16.448728],[102.958829,16.44882],[102.957651,16.449513],[102.956283,16.451338],[102.954971,16.451258],[102.954786,16.451764],[102.954362,16.451802],[102.95326,16.451213],[102.953151,16.45054],[102.952491,16.449327],[102.952009,16.448935],[102.951729,16.448157],[102.9521,16.447852],[102.952637,16.448296],[102.95309,16.448055],[102.953471,16.448308],[102.953778,16.447779],[102.954659,16.447569],[102.955035,16.447174],[102.95513,16.44644],[102.954131,16.445248],[102.954759,16.444551],[102.955168,16.443511],[102.954908,16.442203],[102.953838,16.441648],[102.952636,16.441765],[102.952195,16.442643],[102.951594,16.442956],[102.952074,16.443521],[102.95176,16.44405],[102.951106,16.443841],[102.951012,16.444745],[102.950327,16.44518],[102.9497,16.444676],[102.949588,16.445257],[102.949374,16.445332],[102.948935,16.444914],[102.948586,16.443634],[102.947368,16.441611],[102.947654,16.439706],[102.943089,16.442284],[102.945718,16.449232],[102.940913,16.451142],[102.938457,16.447771],[102.94124,16.446749],[102.940922,16.445575],[102.934851,16.44472],[102.933964,16.448577],[102.93778,16.449587],[102.93945,16.452593],[102.934942,16.455688],[102.929355,16.454287],[102.929242,16.449715],[102.921076,16.45298],[102.911688,16.453989],[102.910532,16.457017],[102.914093,16.464653],[102.907493,16.467027],[102.904955,16.466224],[102.903158,16.468353],[102.910428,16.471351],[102.90822,16.475739],[102.908405,16.475746],[102.90456,16.475611],[102.905135,16.47224],[102.903684,16.471461],[102.900637,16.477252],[102.890307,16.478311],[102.888414,16.482608],[102.891107,16.483339],[102.892421,16.48137],[102.898169,16.479721],[102.893024,16.486916],[102.898836,16.490044],[102.901768,16.487859],[102.905271,16.491377],[102.909737,16.49107],[102.909385,16.493405],[102.909662,16.493485],[102.909544,16.493589],[102.918458,16.496031],[102.927952,16.492625],[102.934132,16.494683],[102.941193,16.490238],[102.947298,16.490128],[102.951329,16.49441],[102.955256,16.49326],[102.958005,16.495489],[102.965419,16.496684],[102.972541,16.503397],[102.9742,16.502316],[102.976029,16.502748],[102.977277,16.502468],[102.977684,16.502952],[102.978567,16.50339],[102.979034,16.504639],[102.979461,16.504312],[102.979973,16.504447],[102.981366,16.504093],[102.981555,16.503689],[102.981321,16.502339],[102.983453,16.501306],[102.985654,16.50058],[102.988855,16.498102],[103.009368,16.489048],[103.015559,16.481017]]]},"bbox":[102.888414,16.439706,103.02077,16.504639]},{"type":"Feature","id":"62c00741-d6da-43b5-a505-0bb934abba3a","properties":{"id":"62c00741-d6da-43b5-a505-0bb934abba3a","code":"06400114","provinceCode":"40","nameTh":"องค์การบริหารส่วนตำบล ท่าพระ","nameEn":null,"geometryType":"MUNICIPALITY","sourceUrl":"https://landometer.com/api/v2/citymeter-v3/grocery/info/geom/62c00741-d6da-43b5-a505-0bb934abba3a/MUNICIPALITY","sourceSha256":"da799a65a48dac475f122b8f4b9dd49a56c8c3c51212485e054eca112b3e9e07","retrievedAt":"2026-10-04T05:43:13.285676+00:00","boundaryVintage":null,"geometryStatus":"native_source_polygon_display_simplified","simplificationToleranceDegrees":0.00015,"simplificationPreservesTopology":true,"invalidSourceRepair":"make_valid; retain polygonal components; discard zero-area collapsed lines","legalBoundaryIndependentlyVerified":false,"areaId":"62c00741-d6da-43b5-a505-0bb934abba3a"},"geometry":{"type":"Polygon","coordinates":[[[102.848835,16.336485],[102.847447,16.330623],[102.844611,16.326919],[102.837779,16.324769],[102.83507,16.314885],[102.826156,16.302364],[102.826837,16.300335],[102.830431,16.30511],[102.833222,16.303935],[102.830188,16.291553],[102.836356,16.284898],[102.834988,16.280636],[102.842645,16.273711],[102.845648,16.272896],[102.84529,16.271336],[102.845804,16.269793],[102.84592,16.267356],[102.845342,16.266241],[102.844837,16.264061],[102.846173,16.261648],[102.848192,16.259766],[102.850571,16.256574],[102.849727,16.256545],[102.848254,16.255547],[102.847215,16.248281],[102.845909,16.247031],[102.844814,16.245344],[102.844742,16.243054],[102.84541,16.238111],[102.844544,16.233399],[102.844718,16.232704],[102.848181,16.230925],[102.850104,16.228033],[102.850819,16.226667],[102.851459,16.222546],[102.850843,16.22105],[102.850178,16.220678],[102.847017,16.219945],[102.846459,16.219071],[102.846152,16.217937],[102.845949,16.217913],[102.845682,16.219649],[102.843934,16.220036],[102.843174,16.221239],[102.84188,16.221633],[102.841711,16.22256],[102.838006,16.223403],[102.834464,16.226626],[102.83371,16.228787],[102.834149,16.230466],[102.834113,16.2342],[102.832101,16.242026],[102.832239,16.244552],[102.833747,16.247774],[102.833447,16.250889],[102.830093,16.258757],[102.827499,16.261957],[102.825554,16.263679],[102.823119,16.265379],[102.815135,16.269254],[102.813615,16.269649],[102.812116,16.271301],[102.811044,16.271733],[102.80898,16.272026],[102.807152,16.272772],[102.806607,16.273241],[102.806029,16.2747],[102.804612,16.275504],[102.803523,16.276571],[102.802942,16.276582],[102.80102,16.277493],[102.799339,16.27773],[102.798292,16.277526],[102.79766,16.277777],[102.797319,16.278522],[102.797682,16.279618],[102.79768,16.282049],[102.796399,16.284051],[102.794184,16.284279],[102.792905,16.28551],[102.792328,16.285465],[102.791601,16.286044],[102.788975,16.286381],[102.787328,16.285727],[102.78686,16.284153],[102.785623,16.284063],[102.785498,16.28342],[102.784926,16.283002],[102.784142,16.283065],[102.78328,16.28277],[102.782717,16.283061],[102.782763,16.283724],[102.782171,16.283919],[102.780839,16.283717],[102.779443,16.285284],[102.776169,16.285066],[102.775386,16.285432],[102.77474,16.28779],[102.773687,16.288211],[102.774006,16.289034],[102.773765,16.289265],[102.77403,16.289413],[102.774616,16.289193],[102.775247,16.290115],[102.775993,16.290372],[102.775987,16.290665],[102.776355,16.290781],[102.775856,16.291464],[102.775697,16.292471],[102.776963,16.292583],[102.777437,16.29286],[102.777717,16.293415],[102.778008,16.298374],[102.779161,16.304568],[102.779171,16.307075],[102.777565,16.313791],[102.777392,16.319835],[102.776822,16.320234],[102.776138,16.320351],[102.77305,16.32049],[102.772146,16.32107],[102.771843,16.322222],[102.77213,16.323029],[102.772803,16.323781],[102.775968,16.324068],[102.778316,16.325035],[102.779108,16.326392],[102.779824,16.326639],[102.779608,16.327174],[102.779009,16.327533],[102.779798,16.327643],[102.780541,16.327243],[102.783332,16.323513],[102.782429,16.321026],[102.785196,16.320385],[102.785763,16.322984],[102.795364,16.321916],[102.803632,16.318698],[102.808338,16.355284],[102.807324,16.355236],[102.807591,16.355926],[102.824206,16.357921],[102.829037,16.362942],[102.823664,16.363714],[102.82309,16.366241],[102.821187,16.366668],[102.821918,16.36799],[102.826625,16.366865],[102.829484,16.369561],[102.833617,16.369132],[102.839901,16.371296],[102.842399,16.368997],[102.844444,16.373857],[102.847117,16.373952],[102.851873,16.363171],[102.850591,16.35762],[102.853674,16.351024],[102.848968,16.350987],[102.845541,16.345381],[102.848835,16.336485]]]},"bbox":[102.771843,16.217913,102.853674,16.373952]},{"type":"Feature","id":"29c01b9c-216c-4a1f-82af-ef43a9f60d32","properties":{"id":"29c01b9c-216c-4a1f-82af-ef43a9f60d32","code":"06400116","provinceCode":"40","nameTh":"องค์การบริหารส่วนตำบล ดอนหัน","nameEn":null,"geometryType":"MUNICIPALITY","sourceUrl":"https://landometer.com/api/v2/citymeter-v3/grocery/info/geom/29c01b9c-216c-4a1f-82af-ef43a9f60d32/MUNICIPALITY","sourceSha256":"f052c8bd5422e4e48169acc928b67299692abd9b7bf0a394d45bbcc8e7fc6778","retrievedAt":"2026-10-04T05:43:13.311855+00:00","boundaryVintage":null,"geometryStatus":"native_source_polygon_display_simplified","simplificationToleranceDegrees":0.00015,"simplificationPreservesTopology":true,"invalidSourceRepair":"make_valid; retain polygonal components; discard zero-area collapsed lines","legalBoundaryIndependentlyVerified":false,"areaId":"29c01b9c-216c-4a1f-82af-ef43a9f60d32"},"geometry":{"type":"Polygon","coordinates":[[[102.876469,16.367811],[102.878688,16.36811],[102.879992,16.370767],[102.883312,16.36902],[102.887078,16.371288],[102.891676,16.371039],[102.890967,16.373285],[102.882822,16.379072],[102.884642,16.381912],[102.882187,16.384022],[102.885974,16.384314],[102.886387,16.386666],[102.889202,16.387689],[102.888493,16.389717],[102.890114,16.390376],[102.898583,16.388842],[102.898304,16.379965],[102.899742,16.377],[102.897463,16.374587],[102.899742,16.371727],[102.911034,16.373539],[102.915843,16.37737],[102.920295,16.373121],[102.920301,16.373338],[102.920693,16.373286],[102.920398,16.373096],[102.919908,16.373073],[102.919199,16.373384],[102.919242,16.372634],[102.921828,16.372069],[102.92307,16.371537],[102.923628,16.370921],[102.924289,16.369089],[102.925021,16.36858],[102.926048,16.368533],[102.926965,16.369095],[102.927609,16.368814],[102.927877,16.368142],[102.927354,16.366719],[102.926171,16.366105],[102.924546,16.365847],[102.923038,16.366698],[102.922497,16.366736],[102.921385,16.365531],[102.918756,16.365023],[102.918153,16.365473],[102.91802,16.367418],[102.918063,16.36803],[102.918715,16.368598],[102.918815,16.369124],[102.918364,16.369513],[102.917625,16.36944],[102.916528,16.368404],[102.914209,16.363615],[102.914612,16.362176],[102.914407,16.361571],[102.911071,16.361438],[102.908043,16.361703],[102.906511,16.360896],[102.905022,16.357834],[102.905022,16.357365],[102.907473,16.354086],[102.908143,16.352702],[102.909051,16.351749],[102.909064,16.350165],[102.908395,16.349352],[102.907143,16.348939],[102.90354,16.349268],[102.899819,16.348825],[102.89853,16.348949],[102.897989,16.345848],[102.897829,16.343023],[102.898505,16.339779],[102.899961,16.339003],[102.896535,16.334009],[102.895627,16.329803],[102.895986,16.327975],[102.895301,16.325734],[102.895381,16.324706],[102.895831,16.324704],[102.895856,16.324439],[102.895249,16.322779],[102.894729,16.322592],[102.895029,16.321578],[102.895038,16.320456],[102.895354,16.320237],[102.895342,16.319378],[102.894788,16.318169],[102.894499,16.315814],[102.894147,16.315307],[102.893293,16.31514],[102.892204,16.315338],[102.891265,16.313762],[102.890636,16.313224],[102.889289,16.313054],[102.888643,16.31265],[102.888218,16.311251],[102.887053,16.310345],[102.886276,16.30989],[102.885503,16.309862],[102.885067,16.309551],[102.88487,16.308948],[102.883665,16.309003],[102.882607,16.308631],[102.881498,16.306577],[102.880011,16.306629],[102.877271,16.305422],[102.876675,16.303839],[102.87606,16.303744],[102.874859,16.303048],[102.875086,16.302261],[102.874047,16.301674],[102.869382,16.300557],[102.867446,16.299361],[102.866459,16.297899],[102.866601,16.296399],[102.866207,16.295365],[102.866355,16.295299],[102.865019,16.293031],[102.86448,16.291224],[102.863086,16.290336],[102.86094,16.287767],[102.855285,16.284871],[102.851296,16.281189],[102.849032,16.277991],[102.848168,16.276225],[102.848096,16.274361],[102.847903,16.274066],[102.846052,16.273308],[102.845648,16.272896],[102.842645,16.273711],[102.834988,16.280636],[102.836356,16.284898],[102.830188,16.291553],[102.833222,16.303935],[102.830431,16.30511],[102.826837,16.300335],[102.826156,16.302364],[102.83507,16.314885],[102.837779,16.324769],[102.844611,16.326919],[102.847447,16.330623],[102.848835,16.336485],[102.845541,16.345381],[102.848968,16.350987],[102.853674,16.351024],[102.850591,16.35762],[102.851873,16.363171],[102.847117,16.373952],[102.853284,16.374172],[102.85902,16.37598],[102.860548,16.378368],[102.866502,16.375572],[102.867421,16.37238],[102.876469,16.367811]]]},"bbox":[102.826156,16.272896,102.927877,16.390376]},{"type":"Feature","id":"f02c8c6d-c330-45aa-9f05-2dccbe5c0279","properties":{"id":"f02c8c6d-c330-45aa-9f05-2dccbe5c0279","code":"06400117","provinceCode":"40","nameTh":"องค์การบริหารส่วนตำบล ดอนช้าง","nameEn":null,"geometryType":"MUNICIPALITY","sourceUrl":"https://landometer.com/api/v2/citymeter-v3/grocery/info/geom/f02c8c6d-c330-45aa-9f05-2dccbe5c0279/MUNICIPALITY","sourceSha256":"f5940564a7e23f4daae2befeb311b6e69d0a09cec8dc681f58b3230fb9d6ee0d","retrievedAt":"2026-10-04T05:43:13.300515+00:00","boundaryVintage":null,"geometryStatus":"native_source_polygon_display_simplified","simplificationToleranceDegrees":0.00015,"simplificationPreservesTopology":true,"invalidSourceRepair":"make_valid; retain polygonal components; discard zero-area collapsed lines","legalBoundaryIndependentlyVerified":false,"areaId":"f02c8c6d-c330-45aa-9f05-2dccbe5c0279"},"geometry":{"type":"Polygon","coordinates":[[[102.752682,16.391756],[102.755748,16.390984],[102.756525,16.398847],[102.759557,16.398864],[102.755675,16.401248],[102.755521,16.403929],[102.753706,16.405141],[102.755796,16.409978],[102.760533,16.408514],[102.765338,16.397685],[102.773801,16.395114],[102.777758,16.392113],[102.777829,16.386581],[102.786946,16.383288],[102.786545,16.381452],[102.782501,16.380958],[102.781888,16.374612],[102.784203,16.372171],[102.780666,16.369057],[102.78387,16.368021],[102.786347,16.370102],[102.785632,16.366951],[102.790798,16.363795],[102.789655,16.361067],[102.791333,16.359791],[102.791412,16.357919],[102.790904,16.357873],[102.791458,16.354324],[102.787368,16.354011],[102.788956,16.34935],[102.792956,16.346022],[102.793324,16.340442],[102.792349,16.337135],[102.791785,16.336818],[102.769048,16.337383],[102.768205,16.3386],[102.76382,16.339676],[102.761328,16.339326],[102.757757,16.33938],[102.755664,16.33861],[102.753156,16.338191],[102.749487,16.337046],[102.742571,16.336623],[102.742389,16.336281],[102.740936,16.33671],[102.739652,16.336485],[102.73962,16.336136],[102.738601,16.336207],[102.738256,16.334237],[102.737288,16.334199],[102.734536,16.336123],[102.733993,16.335441],[102.732198,16.336544],[102.731416,16.335651],[102.729588,16.33599],[102.733031,16.342637],[102.726677,16.346736],[102.722166,16.352796],[102.719624,16.363573],[102.722899,16.364049],[102.725712,16.370081],[102.73222,16.374576],[102.74401,16.374687],[102.744949,16.377329],[102.747619,16.37833],[102.749977,16.388557],[102.752682,16.391756]]]},"bbox":[102.719624,16.334199,102.793324,16.409978]},{"type":"Feature","id":"ebb9dbc2-06b2-45d1-9249-e5d2a3246da0","properties":{"id":"ebb9dbc2-06b2-45d1-9249-e5d2a3246da0","code":"06400118","provinceCode":"40","nameTh":"องค์การบริหารส่วนตำบล แดงใหญ่","nameEn":null,"geometryType":"MUNICIPALITY","sourceUrl":"https://landometer.com/api/v2/citymeter-v3/grocery/info/geom/ebb9dbc2-06b2-45d1-9249-e5d2a3246da0/MUNICIPALITY","sourceSha256":"4c3072fb30e66f39f65b880cba4ea5f77de5ef572760a97e169bf1ba78542856","retrievedAt":"2026-10-04T05:43:13.318815+00:00","boundaryVintage":null,"geometryStatus":"native_source_polygon_display_simplified","simplificationToleranceDegrees":0.00015,"simplificationPreservesTopology":true,"invalidSourceRepair":"make_valid; retain polygonal components; discard zero-area collapsed lines","legalBoundaryIndependentlyVerified":false,"areaId":"ebb9dbc2-06b2-45d1-9249-e5d2a3246da0"},"geometry":{"type":"Polygon","coordinates":[[[102.718281,16.482818],[102.721766,16.490691],[102.72561,16.493656],[102.722284,16.503099],[102.7274,16.508922],[102.726464,16.51434],[102.73301,16.517633],[102.737049,16.525229],[102.752349,16.516933],[102.761868,16.503055],[102.77466,16.494104],[102.780167,16.494951],[102.794028,16.483818],[102.793409,16.475009],[102.795466,16.46409],[102.777129,16.464799],[102.773151,16.4572],[102.765064,16.450985],[102.761023,16.451265],[102.741702,16.450753],[102.727206,16.466212],[102.718281,16.482818]]]},"bbox":[102.718281,16.450753,102.795466,16.525229]},{"type":"Feature","id":"f0e0562b-9495-4d77-ba47-cbe00dffcf42","properties":{"id":"f0e0562b-9495-4d77-ba47-cbe00dffcf42","code":"06400119","provinceCode":"40","nameTh":"องค์การบริหารส่วนตำบล บ้านหว้า","nameEn":null,"geometryType":"MUNICIPALITY","sourceUrl":"https://landometer.com/api/v2/citymeter-v3/grocery/info/geom/f0e0562b-9495-4d77-ba47-cbe00dffcf42/MUNICIPALITY","sourceSha256":"57a85ba3e2a8009d377a7a0ec408e4c5b67a80055af2385aec6f504f28b4bdb1","retrievedAt":"2026-10-04T05:43:13.317296+00:00","boundaryVintage":null,"geometryStatus":"native_source_polygon_display_simplified","simplificationToleranceDegrees":0.00015,"simplificationPreservesTopology":true,"invalidSourceRepair":"make_valid; retain polygonal components; discard zero-area collapsed lines","legalBoundaryIndependentlyVerified":false,"areaId":"f0e0562b-9495-4d77-ba47-cbe00dffcf42"},"geometry":{"type":"Polygon","coordinates":[[[102.67851,16.378295],[102.67857,16.378954],[102.677075,16.37936],[102.675446,16.379384],[102.675113,16.379664],[102.674886,16.380434],[102.674343,16.380641],[102.675175,16.381207],[102.676162,16.381328],[102.677125,16.381835],[102.679401,16.38223],[102.679787,16.382738],[102.679665,16.383238],[102.679896,16.383883],[102.6804,16.384259],[102.683425,16.392995],[102.683297,16.393425],[102.685293,16.394765],[102.687376,16.395672],[102.691383,16.394205],[102.691571,16.394852],[102.690979,16.394921],[102.690265,16.39582],[102.688999,16.396222],[102.688657,16.396807],[102.687163,16.397224],[102.686686,16.397143],[102.68578,16.398899],[102.68556,16.399972],[102.684714,16.399749],[102.684211,16.400112],[102.68423,16.400721],[102.683895,16.401],[102.684227,16.40146],[102.683665,16.402443],[102.683488,16.403789],[102.682848,16.404158],[102.68327,16.404656],[102.683025,16.406901],[102.683317,16.408179],[102.682286,16.408608],[102.682081,16.409914],[102.681349,16.410369],[102.681432,16.411663],[102.680957,16.411951],[102.681237,16.412217],[102.680995,16.413114],[102.681197,16.413354],[102.680737,16.413729],[102.682057,16.41759],[102.695368,16.423384],[102.69791,16.421908],[102.70074,16.423054],[102.724752,16.412269],[102.72794,16.407867],[102.746816,16.411972],[102.752831,16.411053],[102.753561,16.410474],[102.75577,16.409917],[102.753706,16.405141],[102.755521,16.403929],[102.755675,16.401248],[102.759557,16.398864],[102.756525,16.398847],[102.755748,16.390984],[102.752682,16.391756],[102.749977,16.388557],[102.747619,16.37833],[102.744949,16.377329],[102.74401,16.374687],[102.73222,16.374576],[102.725712,16.370081],[102.722899,16.364049],[102.719624,16.363573],[102.722166,16.352796],[102.726677,16.346736],[102.733031,16.342637],[102.729588,16.33599],[102.693903,16.344301],[102.695985,16.345273],[102.696763,16.346724],[102.695412,16.347793],[102.695663,16.348739],[102.694394,16.34958],[102.694593,16.350075],[102.693072,16.350416],[102.692871,16.350106],[102.692588,16.350582],[102.692062,16.350646],[102.691778,16.351168],[102.691883,16.351464],[102.691118,16.352315],[102.690249,16.352454],[102.690217,16.353352],[102.690508,16.354325],[102.690978,16.354693],[102.690981,16.355129],[102.690138,16.356268],[102.689633,16.356393],[102.689517,16.357443],[102.688775,16.357769],[102.688326,16.361518],[102.684678,16.370079],[102.684718,16.370733],[102.682697,16.375785],[102.682164,16.376196],[102.681618,16.375872],[102.681656,16.376347],[102.680057,16.37726],[102.679341,16.377382],[102.67851,16.378295]]]},"bbox":[102.674343,16.33599,102.759557,16.423384]},{"type":"Feature","id":"5bd08ab5-0698-43c3-baa3-667148bc42ee","properties":{"id":"5bd08ab5-0698-43c3-baa3-667148bc42ee","code":"06400206","provinceCode":"40","nameTh":"องค์การบริหารส่วนตำบล บ้านเหล่า","nameEn":null,"geometryType":"MUNICIPALITY","sourceUrl":"https://landometer.com/api/v2/citymeter-v3/grocery/info/geom/5bd08ab5-0698-43c3-baa3-667148bc42ee/MUNICIPALITY","sourceSha256":"ac2eb2331fdc40bf2ebc1bb14389ae98768da8510b54e88745cc88e807d5791d","retrievedAt":"2026-10-04T05:43:13.325064+00:00","boundaryVintage":null,"geometryStatus":"native_source_polygon_display_simplified","simplificationToleranceDegrees":0.00015,"simplificationPreservesTopology":true,"invalidSourceRepair":"make_valid; retain polygonal components; discard zero-area collapsed lines","legalBoundaryIndependentlyVerified":false,"areaId":"5bd08ab5-0698-43c3-baa3-667148bc42ee"},"geometry":{"type":"Polygon","coordinates":[[[102.680737,16.413729],[102.681197,16.413354],[102.680995,16.413114],[102.681237,16.412217],[102.680957,16.411951],[102.681432,16.411663],[102.681349,16.410369],[102.682081,16.409914],[102.682286,16.408608],[102.683317,16.408179],[102.683025,16.406901],[102.68327,16.404656],[102.682848,16.404158],[102.683488,16.403789],[102.683665,16.402443],[102.684227,16.40146],[102.683895,16.401],[102.68423,16.400721],[102.684233,16.400062],[102.684714,16.399749],[102.68556,16.399972],[102.68578,16.398899],[102.686686,16.397143],[102.687163,16.397224],[102.688657,16.396807],[102.688999,16.396222],[102.690265,16.39582],[102.690979,16.394921],[102.691571,16.394852],[102.691383,16.394205],[102.687376,16.395672],[102.685293,16.394765],[102.683297,16.393425],[102.683425,16.392995],[102.6804,16.384259],[102.679896,16.383883],[102.679657,16.383191],[102.679787,16.382738],[102.679401,16.38223],[102.677125,16.381835],[102.676162,16.381328],[102.675175,16.381207],[102.674343,16.380641],[102.673944,16.380641],[102.673297,16.379989],[102.673111,16.380257],[102.670697,16.380057],[102.668605,16.380505],[102.668229,16.380147],[102.667788,16.378668],[102.667946,16.378138],[102.667718,16.376808],[102.668028,16.375916],[102.66751,16.376021],[102.667329,16.375356],[102.666148,16.374343],[102.665554,16.374451],[102.663944,16.373762],[102.662927,16.373964],[102.662142,16.373689],[102.661732,16.372974],[102.660377,16.37282],[102.66003,16.372393],[102.658819,16.37233],[102.65853,16.373027],[102.657381,16.373606],[102.656625,16.37333],[102.656305,16.373677],[102.656042,16.373517],[102.654215,16.373659],[102.65365,16.373229],[102.653219,16.373593],[102.652761,16.373478],[102.65207,16.37382],[102.651862,16.373513],[102.651537,16.373559],[102.651354,16.373194],[102.650607,16.373368],[102.649734,16.372782],[102.649101,16.372782],[102.648554,16.372232],[102.647874,16.372344],[102.647128,16.370851],[102.646603,16.37101],[102.645492,16.372225],[102.644074,16.371113],[102.64289,16.370879],[102.642327,16.370114],[102.641552,16.370272],[102.641251,16.369467],[102.640444,16.368857],[102.640157,16.367386],[102.638985,16.367236],[102.638603,16.366826],[102.638617,16.365122],[102.636825,16.364976],[102.636089,16.365236],[102.634698,16.365275],[102.634324,16.365108],[102.634215,16.364665],[102.63303,16.364162],[102.632598,16.364275],[102.632487,16.364742],[102.631878,16.364521],[102.63148,16.364671],[102.631289,16.364461],[102.631507,16.364138],[102.631461,16.363604],[102.62969,16.363291],[102.629598,16.362758],[102.628402,16.363437],[102.628294,16.364141],[102.626778,16.363123],[102.625675,16.363725],[102.623768,16.363275],[102.623166,16.363417],[102.623124,16.362982],[102.622294,16.362869],[102.62203,16.361883],[102.622218,16.361484],[102.62168,16.361314],[102.622045,16.362098],[102.61628,16.367597],[102.616649,16.373058],[102.625674,16.379055],[102.619006,16.383731],[102.619251,16.391013],[102.621607,16.394839],[102.621359,16.402613],[102.618702,16.40491],[102.61609,16.402995],[102.614063,16.403545],[102.614757,16.41079],[102.621218,16.411435],[102.621793,16.415854],[102.647421,16.426986],[102.660625,16.423173],[102.664776,16.423933],[102.668289,16.421726],[102.671149,16.424243],[102.672604,16.422618],[102.677275,16.419707],[102.68232,16.418361],[102.680737,16.413729]]]},"bbox":[102.614063,16.361314,102.691571,16.426986]},{"type":"Feature","id":"fabe981c-138f-4fc2-9de3-d534d2ec11c9","properties":{"id":"fabe981c-138f-4fc2-9de3-d534d2ec11c9","code":"06400207","provinceCode":"40","nameTh":"องค์การบริหารส่วนตำบล ป่าหวายนั่ง","nameEn":null,"geometryType":"MUNICIPALITY","sourceUrl":"https://landometer.com/api/v2/citymeter-v3/grocery/info/geom/fabe981c-138f-4fc2-9de3-d534d2ec11c9/MUNICIPALITY","sourceSha256":"26f988b5b95a96f6345fe2d3c4b6f7cb62e3cd81117c3da1c5fa5742a1e46e0a","retrievedAt":"2026-10-04T05:43:13.311015+00:00","boundaryVintage":null,"geometryStatus":"native_source_polygon_display_simplified","simplificationToleranceDegrees":0.00015,"simplificationPreservesTopology":true,"invalidSourceRepair":"make_valid; retain polygonal components; discard zero-area collapsed lines","legalBoundaryIndependentlyVerified":false,"areaId":"fabe981c-138f-4fc2-9de3-d534d2ec11c9"},"geometry":{"type":"Polygon","coordinates":[[[102.662535,16.657243],[102.663392,16.657531],[102.664203,16.65829],[102.665069,16.658449],[102.665618,16.658956],[102.667457,16.658578],[102.667836,16.658278],[102.668458,16.658423],[102.66938,16.658096],[102.669664,16.658099],[102.669705,16.658577],[102.670032,16.658677],[102.670734,16.658315],[102.671063,16.65768],[102.67278,16.656574],[102.673753,16.655103],[102.674291,16.654778],[102.674189,16.653983],[102.685509,16.652905],[102.687482,16.652448],[102.69441,16.638071],[102.695439,16.636578],[102.697027,16.633401],[102.697022,16.631231],[102.695559,16.629127],[102.690943,16.625098],[102.686785,16.62069],[102.680272,16.614399],[102.679939,16.613253],[102.68196,16.608949],[102.682739,16.606564],[102.682585,16.603676],[102.678218,16.598207],[102.677763,16.598255],[102.677118,16.597876],[102.675575,16.597923],[102.675042,16.59822],[102.674853,16.597992],[102.673495,16.59781],[102.67301,16.597898],[102.67255,16.598393],[102.671806,16.598507],[102.671321,16.599308],[102.670663,16.599634],[102.66835,16.599795],[102.668114,16.598847],[102.667344,16.599247],[102.665838,16.59909],[102.664375,16.599584],[102.657711,16.572793],[102.656899,16.571013],[102.655284,16.568976],[102.65441,16.568415],[102.653295,16.56693],[102.652626,16.566507],[102.646343,16.556291],[102.641532,16.549516],[102.639796,16.54899],[102.639636,16.548623],[102.638639,16.547875],[102.635447,16.543837],[102.633804,16.542626],[102.632113,16.540827],[102.631408,16.539835],[102.630313,16.537135],[102.630565,16.535952],[102.630077,16.535332],[102.629192,16.535345],[102.627298,16.540039],[102.628616,16.546762],[102.625525,16.547471],[102.624124,16.550793],[102.620435,16.552083],[102.621613,16.556471],[102.619648,16.561185],[102.621506,16.563057],[102.619554,16.568817],[102.620501,16.570765],[102.618676,16.571252],[102.619993,16.572977],[102.618422,16.575334],[102.619306,16.578735],[102.61767,16.580915],[102.619666,16.584978],[102.616987,16.586943],[102.617024,16.590435],[102.614491,16.593087],[102.612533,16.599619],[102.609701,16.599399],[102.608999,16.603934],[102.606978,16.604885],[102.604861,16.609595],[102.601896,16.610375],[102.611634,16.655293],[102.610528,16.654906],[102.610569,16.655098],[102.611772,16.655495],[102.61517,16.657606],[102.618419,16.659034],[102.620255,16.660111],[102.622099,16.660526],[102.624308,16.66052],[102.629836,16.6591],[102.63358,16.659379],[102.63553,16.659149],[102.637936,16.657121],[102.639477,16.656514],[102.642,16.656481],[102.64399,16.657511],[102.646012,16.658058],[102.648023,16.658285],[102.649602,16.659161],[102.651197,16.659065],[102.652878,16.658001],[102.654593,16.657643],[102.655661,16.658255],[102.656088,16.658228],[102.656931,16.658979],[102.657846,16.659039],[102.658796,16.657564],[102.659508,16.657593],[102.660675,16.658335],[102.661662,16.658075],[102.662535,16.657243]]]},"bbox":[102.601896,16.535332,102.697027,16.660526]},{"type":"Feature","id":"3ca1ec99-e25d-4fd7-8478-a9c7630fbd34","properties":{"id":"3ca1ec99-e25d-4fd7-8478-a9c7630fbd34","code":"06400304","provinceCode":"40","nameTh":"องค์การบริหารส่วนตำบล ขามป้อม","nameEn":null,"geometryType":"MUNICIPALITY","sourceUrl":"https://landometer.com/api/v2/citymeter-v3/grocery/info/geom/3ca1ec99-e25d-4fd7-8478-a9c7630fbd34/MUNICIPALITY","sourceSha256":"456a82e2b8dd639e95695a52ddf34ccd8c9d16d1da174643eef93eb764879d63","retrievedAt":"2026-10-04T05:43:13.318797+00:00","boundaryVintage":null,"geometryStatus":"native_source_polygon_display_simplified","simplificationToleranceDegrees":0.00015,"simplificationPreservesTopology":true,"invalidSourceRepair":"make_valid; retain polygonal components; discard zero-area collapsed lines","legalBoundaryIndependentlyVerified":false,"areaId":"3ca1ec99-e25d-4fd7-8478-a9c7630fbd34"},"geometry":{"type":"Polygon","coordinates":[[[102.668735,16.28121],[102.663985,16.266771],[102.663927,16.267731],[102.663602,16.268001],[102.66249,16.267629],[102.661868,16.267692],[102.6613,16.267253],[102.660603,16.267701],[102.659585,16.267303],[102.658504,16.268404],[102.656726,16.268083],[102.655872,16.268235],[102.65415,16.269427],[102.653322,16.271912],[102.65254,16.272397],[102.651931,16.273394],[102.651495,16.273088],[102.650254,16.273333],[102.650579,16.274422],[102.649662,16.275443],[102.648181,16.275362],[102.64765,16.274554],[102.646579,16.274868],[102.646041,16.274764],[102.645064,16.276151],[102.644765,16.27624],[102.644425,16.276081],[102.644091,16.275463],[102.643325,16.275805],[102.642292,16.27582],[102.642289,16.275079],[102.641418,16.274868],[102.640907,16.274991],[102.640526,16.275896],[102.639321,16.27752],[102.63879,16.277418],[102.638035,16.277874],[102.637602,16.277361],[102.636664,16.277775],[102.636198,16.277442],[102.635295,16.277972],[102.635398,16.278773],[102.635212,16.278989],[102.633812,16.279323],[102.633511,16.279798],[102.632896,16.28003],[102.632143,16.279957],[102.632234,16.27907],[102.631609,16.279407],[102.631338,16.278963],[102.630938,16.279057],[102.630147,16.278602],[102.629155,16.278485],[102.628383,16.279238],[102.627153,16.279861],[102.62747,16.280481],[102.627124,16.280789],[102.626707,16.281899],[102.625796,16.281773],[102.624863,16.282436],[102.623298,16.282275],[102.622719,16.282865],[102.622147,16.282758],[102.621621,16.283295],[102.621007,16.283212],[102.620661,16.283891],[102.619711,16.284312],[102.618177,16.285616],[102.617878,16.28649],[102.617129,16.285762],[102.617276,16.285283],[102.616808,16.285313],[102.616306,16.28498],[102.616196,16.28541],[102.615816,16.285646],[102.615334,16.285355],[102.615566,16.284806],[102.614351,16.284644],[102.613769,16.284286],[102.613344,16.284874],[102.611809,16.285387],[102.61033,16.285512],[102.610301,16.285994],[102.610039,16.286184],[102.608698,16.28559],[102.608615,16.286184],[102.60815,16.286563],[102.607845,16.287295],[102.607233,16.286764],[102.607244,16.286364],[102.60643,16.286614],[102.604942,16.285737],[102.604506,16.286345],[102.616883,16.292677],[102.620545,16.299376],[102.639031,16.306749],[102.646461,16.318198],[102.649614,16.316358],[102.652205,16.320445],[102.658735,16.327532],[102.65999,16.331593],[102.66125153666196,16.332007139001412],[102.661005,16.332276],[102.66177,16.332791],[102.665405,16.333371],[102.66842,16.334361],[102.684056,16.331645],[102.689932,16.328731],[102.684672,16.313663],[102.686208,16.30706],[102.685155,16.3034],[102.690249,16.304477],[102.690416,16.28863],[102.687407,16.28909],[102.684838,16.282065],[102.678364,16.285455],[102.675957,16.280331],[102.673461,16.281549],[102.669921,16.282464],[102.668735,16.28121]],[[102.661252,16.332007],[102.663487,16.332741],[102.66125153666196,16.332007139001412],[102.661252,16.332007]]]},"bbox":[102.604506,16.266771,102.690416,16.334361]},{"type":"Feature","id":"f2e059c6-2b15-49bb-a0e4-88a8b03f63d4","properties":{"id":"f2e059c6-2b15-49bb-a0e4-88a8b03f63d4","code":"06400306","provinceCode":"40","nameTh":"องค์การบริหารส่วนตำบล หนองแวง","nameEn":null,"geometryType":"MUNICIPALITY","sourceUrl":"https://landometer.com/api/v2/citymeter-v3/grocery/info/geom/f2e059c6-2b15-49bb-a0e4-88a8b03f63d4/MUNICIPALITY","sourceSha256":"c0b5366493089fe8da3bbde1255a4f5e1867872b6376746147928629671eb2d3","retrievedAt":"2026-10-04T05:43:13.364112+00:00","boundaryVintage":null,"geometryStatus":"native_source_polygon_display_simplified","simplificationToleranceDegrees":0.00015,"simplificationPreservesTopology":true,"invalidSourceRepair":"make_valid; retain polygonal components; discard zero-area collapsed lines","legalBoundaryIndependentlyVerified":false,"areaId":"f2e059c6-2b15-49bb-a0e4-88a8b03f63d4"},"geometry":{"type":"Polygon","coordinates":[[[102.694025,16.344272],[102.731416,16.335651],[102.732198,16.336544],[102.733993,16.335441],[102.734536,16.336123],[102.737288,16.334199],[102.738256,16.334237],[102.738601,16.336207],[102.73962,16.336136],[102.739652,16.336485],[102.740936,16.33671],[102.742389,16.336281],[102.742571,16.336623],[102.749487,16.337046],[102.753156,16.338191],[102.755664,16.33861],[102.757757,16.33938],[102.761328,16.339326],[102.76382,16.339676],[102.768205,16.3386],[102.770817,16.334827],[102.772332,16.33433],[102.776451,16.333873],[102.776481,16.332291],[102.778068,16.329543],[102.777934,16.328605],[102.778532,16.327812],[102.779608,16.327174],[102.779824,16.326639],[102.779108,16.326392],[102.778316,16.325035],[102.777038,16.324369],[102.77562,16.324004],[102.772673,16.323723],[102.77213,16.323029],[102.771845,16.321989],[102.772146,16.32107],[102.77305,16.32049],[102.776526,16.320292],[102.777159,16.32008],[102.777425,16.319703],[102.777565,16.313791],[102.779038,16.307791],[102.779188,16.30561],[102.778008,16.298374],[102.77792,16.294328],[102.777437,16.29286],[102.77658,16.292488],[102.775697,16.292471],[102.773682,16.292996],[102.77301,16.293465],[102.772842,16.294945],[102.773788,16.297703],[102.773477,16.298429],[102.772919,16.298774],[102.755071,16.292357],[102.722804,16.303955],[102.711756,16.299642],[102.690734,16.297477],[102.690282,16.301328],[102.690249,16.304477],[102.685155,16.3034],[102.686208,16.30706],[102.684672,16.313663],[102.689932,16.328731],[102.689504,16.329006],[102.690427,16.328559],[102.694025,16.344272]]]},"bbox":[102.684672,16.292357,102.779824,16.344272]},{"type":"Feature","id":"beaa8490-5619-4a31-a617-8b97c298792a","properties":{"id":"beaa8490-5619-4a31-a617-8b97c298792a","code":"06400405","provinceCode":"40","nameTh":"องค์การบริหารส่วนตำบล บ้านเม็ง","nameEn":null,"geometryType":"MUNICIPALITY","sourceUrl":"https://landometer.com/api/v2/citymeter-v3/grocery/info/geom/beaa8490-5619-4a31-a617-8b97c298792a/MUNICIPALITY","sourceSha256":"8872c8306abb7b89ed81f940f7e18e03acf1269458ff35006fcd1567f0f545bb","retrievedAt":"2026-10-04T05:43:13.405184+00:00","boundaryVintage":null,"geometryStatus":"native_source_polygon_display_simplified","simplificationToleranceDegrees":0.00015,"simplificationPreservesTopology":true,"invalidSourceRepair":"make_valid; retain polygonal components; discard zero-area collapsed lines","legalBoundaryIndependentlyVerified":false,"areaId":"beaa8490-5619-4a31-a617-8b97c298792a"},"geometry":{"type":"Polygon","coordinates":[[[102.485461,16.439833],[102.483453,16.436648],[102.483572,16.432413],[102.489111,16.42409],[102.490856,16.415653],[102.471059,16.386844],[102.469763,16.38677],[102.467119,16.38826],[102.462882,16.391339],[102.458868,16.394688],[102.453609,16.396535],[102.449307,16.397156],[102.448108,16.397959],[102.445561,16.402651],[102.445093,16.404735],[102.443647,16.406796],[102.443349,16.407732],[102.44266,16.407751],[102.442725,16.408162],[102.441949,16.408511],[102.441305,16.408388],[102.440266,16.409],[102.438804,16.408679],[102.438095,16.408772],[102.436645,16.409211],[102.436736,16.409415],[102.436428,16.409505],[102.435022,16.409122],[102.43439,16.409802],[102.434207,16.410701],[102.433733,16.410742],[102.432973,16.411412],[102.432415,16.410961],[102.431733,16.411322],[102.431118,16.411789],[102.430485,16.413047],[102.428908,16.413533],[102.427829,16.413093],[102.427229,16.413699],[102.425358,16.414682],[102.425601,16.415132],[102.425199,16.416037],[102.423952,16.416407],[102.423018,16.417427],[102.42237,16.418285],[102.42209,16.419614],[102.42127,16.419791],[102.420969,16.420175],[102.420136,16.42018],[102.419873,16.419977],[102.419357,16.420452],[102.418889,16.420312],[102.418334,16.420594],[102.417863,16.420384],[102.416825,16.42192],[102.416257,16.422014],[102.415734,16.422485],[102.415424,16.423087],[102.415961,16.424512],[102.415605,16.424769],[102.415183,16.425838],[102.415432,16.426788],[102.414747,16.427028],[102.414169,16.428055],[102.412574,16.428635],[102.41196,16.430009],[102.411985,16.430347],[102.412361,16.430504],[102.412242,16.431104],[102.411571,16.43195],[102.41057,16.432354],[102.410199,16.432941],[102.410178,16.433585],[102.409406,16.433685],[102.408684,16.434146],[102.408688,16.435015],[102.407708,16.435143],[102.407932,16.435569],[102.407911,16.437854],[102.407718,16.438267],[102.407287,16.438428],[102.406659,16.439467],[102.406574,16.440042],[102.405768,16.439391],[102.405454,16.439492],[102.405561,16.439903],[102.406455,16.440518],[102.4058,16.441552],[102.40592,16.441875],[102.406681,16.442023],[102.406103,16.442645],[102.406275,16.443813],[102.406569,16.444021],[102.406907,16.443707],[102.407577,16.443788],[102.40754,16.44453],[102.409005,16.445069],[102.409148,16.445706],[102.409853,16.446433],[102.409751,16.447421],[102.409277,16.447809],[102.407899,16.450272],[102.407652,16.451265],[102.408324,16.45299],[102.407227,16.454335],[102.408334,16.462801],[102.409355,16.4629],[102.409325,16.462672],[102.411116,16.462285],[102.412603,16.46496],[102.414053,16.464427],[102.417257,16.467258],[102.418195,16.471108],[102.416906,16.473375],[102.4185,16.474226],[102.417218,16.475937],[102.419462,16.479251],[102.419203,16.481467],[102.419363,16.480527],[102.487857,16.473595],[102.515265,16.472158],[102.506961,16.437557],[102.485461,16.439833]]]},"bbox":[102.405454,16.38677,102.515265,16.481467]},{"type":"Feature","id":"b7c7310f-c41a-45cb-969a-cb50e93dbf45","properties":{"id":"b7c7310f-c41a-45cb-969a-cb50e93dbf45","code":"06400406","provinceCode":"40","nameTh":"องค์การบริหารส่วนตำบล หนองเรือ","nameEn":null,"geometryType":"MUNICIPALITY","sourceUrl":"https://landometer.com/api/v2/citymeter-v3/grocery/info/geom/b7c7310f-c41a-45cb-969a-cb50e93dbf45/MUNICIPALITY","sourceSha256":"90e13920faceb31bf64c5f4819291a645a4e484269a1f4458d203b4a8a1f1523","retrievedAt":"2026-10-04T05:43:13.402849+00:00","boundaryVintage":null,"geometryStatus":"native_source_polygon_display_simplified","simplificationToleranceDegrees":0.00015,"simplificationPreservesTopology":true,"invalidSourceRepair":"make_valid; retain polygonal components; discard zero-area collapsed lines","legalBoundaryIndependentlyVerified":false,"areaId":"b7c7310f-c41a-45cb-969a-cb50e93dbf45"},"geometry":{"type":"Polygon","coordinates":[[[102.423209,16.518267],[102.421078,16.520273],[102.425929,16.521576],[102.426741,16.51971],[102.427149,16.519752],[102.427956,16.522874],[102.432896,16.524816],[102.434611,16.522311],[102.436117,16.527642],[102.441589,16.528877],[102.444022,16.527489],[102.446602,16.529276],[102.445786,16.53218],[102.448064,16.533381],[102.450596,16.531945],[102.452242,16.533182],[102.453363,16.531721],[102.453521,16.53408],[102.456904,16.535234],[102.462885,16.529501],[102.4603,16.527839],[102.460538,16.525306],[102.467376,16.528598],[102.467853,16.531951],[102.463856,16.536969],[102.469704,16.536117],[102.471824,16.53838],[102.473484,16.536985],[102.474536,16.539153],[102.475829,16.535778],[102.476499,16.539251],[102.480814,16.540684],[102.48207,16.53819],[102.478464,16.537236],[102.481202,16.534521],[102.484543,16.53449],[102.486128,16.536602],[102.48746,16.535084],[102.490128,16.537305],[102.490824,16.537041],[102.506624,16.484407],[102.50752,16.484427],[102.506625,16.484407],[102.51383,16.47831],[102.515265,16.472158],[102.487857,16.473595],[102.419363,16.480527],[102.418602,16.48499],[102.414663,16.483366],[102.412908,16.485647],[102.413227,16.485719],[102.413,16.486091],[102.419674,16.487172],[102.418544,16.490402],[102.420882,16.490308],[102.420253,16.491624],[102.417947,16.491601],[102.419608,16.493576],[102.422008,16.492644],[102.422978,16.494887],[102.420409,16.494657],[102.419911,16.497046],[102.414687,16.497883],[102.412436,16.500648],[102.415388,16.501482],[102.414186,16.503345],[102.415341,16.505103],[102.417111,16.5038],[102.417052,16.506574],[102.419609,16.505812],[102.41991,16.508768],[102.422797,16.508086],[102.424976,16.509698],[102.424788,16.510939],[102.421764,16.511007],[102.422516,16.513967],[102.420714,16.514714],[102.421559,16.517704],[102.423209,16.518267]],[[102.443832,16.483283],[102.44637,16.501875],[102.429049,16.504135],[102.426933,16.485397],[102.443832,16.483283]]]},"bbox":[102.412436,16.472158,102.515318,16.540684]},{"type":"Feature","id":"4129c6d9-616d-486e-8d5b-1c840b4aec9b","properties":{"id":"4129c6d9-616d-486e-8d5b-1c840b4aec9b","code":"06400407","provinceCode":"40","nameTh":"องค์การบริหารส่วนตำบล โนนทัน","nameEn":null,"geometryType":"MUNICIPALITY","sourceUrl":"https://landometer.com/api/v2/citymeter-v3/grocery/info/geom/4129c6d9-616d-486e-8d5b-1c840b4aec9b/MUNICIPALITY","sourceSha256":"acc79137be37f78f7cf94b7513bfb3cefea60e3df9a949bc30947d11217c58bc","retrievedAt":"2026-10-04T05:43:13.388255+00:00","boundaryVintage":null,"geometryStatus":"native_source_polygon_display_simplified","simplificationToleranceDegrees":0.00015,"simplificationPreservesTopology":true,"invalidSourceRepair":"make_valid; retain polygonal components; discard zero-area collapsed lines","legalBoundaryIndependentlyVerified":false,"areaId":"4129c6d9-616d-486e-8d5b-1c840b4aec9b"},"geometry":{"type":"Polygon","coordinates":[[[102.424976,16.509698],[102.422797,16.508086],[102.41991,16.508768],[102.419609,16.505812],[102.417052,16.506574],[102.417111,16.5038],[102.415341,16.505103],[102.414186,16.503345],[102.415388,16.501482],[102.412436,16.500648],[102.414687,16.497883],[102.419911,16.497046],[102.420409,16.494657],[102.422978,16.494887],[102.422008,16.492644],[102.419608,16.493576],[102.41832,16.492161],[102.417947,16.491601],[102.420253,16.491624],[102.420882,16.490308],[102.418544,16.490402],[102.419053,16.488744],[102.417045,16.487981],[102.356028,16.490978],[102.339764,16.497304],[102.342483,16.5033],[102.329398,16.569848],[102.330133,16.570118],[102.332794,16.569329],[102.334471,16.570041],[102.337596,16.570284],[102.337617,16.570592],[102.338158,16.571089],[102.340258,16.572511],[102.349712,16.573255],[102.350052,16.573618],[102.350687,16.572685],[102.349243,16.571051],[102.350652,16.566195],[102.348743,16.566004],[102.35069,16.557053],[102.348673,16.556317],[102.349276,16.55402],[102.34609,16.553001],[102.349732,16.548523],[102.349054,16.545771],[102.353423,16.544648],[102.356378,16.535608],[102.362482,16.535594],[102.366876,16.533559],[102.368738,16.530714],[102.373202,16.53133],[102.374183,16.528696],[102.379337,16.52779],[102.379754,16.523541],[102.387211,16.518136],[102.389029,16.51849],[102.390422,16.516372],[102.396146,16.518703],[102.400612,16.515196],[102.405052,16.514502],[102.410805,16.518324],[102.416322,16.516163],[102.418588,16.519288],[102.421078,16.520273],[102.423209,16.518267],[102.421559,16.517704],[102.420714,16.514714],[102.422516,16.513967],[102.421764,16.511007],[102.424788,16.510939],[102.424976,16.509698]]]},"bbox":[102.329398,16.487981,102.424976,16.573618]},{"type":"Feature","id":"1aee9a29-a36d-4aa2-ac5f-b713894872f3","properties":{"id":"1aee9a29-a36d-4aa2-ac5f-b713894872f3","code":"06400411","provinceCode":"40","nameTh":"องค์การบริหารส่วนตำบล จระเข้","nameEn":null,"geometryType":"MUNICIPALITY","sourceUrl":"https://landometer.com/api/v2/citymeter-v3/grocery/info/geom/1aee9a29-a36d-4aa2-ac5f-b713894872f3/MUNICIPALITY","sourceSha256":"d9e747532592882ff0a9e3d6e7f3a8ab3c9b38ab599a96a5117ef3c4d813cc64","retrievedAt":"2026-10-04T05:43:13.391319+00:00","boundaryVintage":null,"geometryStatus":"native_source_polygon_display_simplified","simplificationToleranceDegrees":0.00015,"simplificationPreservesTopology":true,"invalidSourceRepair":"make_valid; retain polygonal components; discard zero-area collapsed lines","legalBoundaryIndependentlyVerified":false,"areaId":"1aee9a29-a36d-4aa2-ac5f-b713894872f3"},"geometry":{"type":"MultiPolygon","coordinates":[[[[102.51383,16.47831],[102.506625,16.484407],[102.53316,16.485002],[102.532684,16.485981],[102.534153,16.483802],[102.533131,16.475734],[102.551739,16.476551],[102.55334,16.485379],[102.568249,16.484224],[102.566563,16.478526],[102.565289,16.475283],[102.566281,16.475167],[102.566294,16.474757],[102.564671,16.469156],[102.563206,16.465417],[102.562896,16.463829],[102.562216,16.462422],[102.56127,16.461308],[102.55293,16.439887],[102.552277,16.435637],[102.551639,16.419554],[102.55168,16.427669],[102.551403,16.428365],[102.550818,16.428629],[102.55068,16.427674],[102.537407,16.428204],[102.53401,16.425513],[102.529321,16.425207],[102.506961,16.437557],[102.515318,16.472378],[102.51383,16.47831]]],[[[102.551739,16.476551],[102.552976,16.484533],[102.553168,16.484432],[102.551739,16.476551]]]]},"bbox":[102.506625,16.419554,102.568249,16.485981]},{"type":"Feature","id":"d8b3c8ad-1b2a-49aa-84e6-4ada5391ea86","properties":{"id":"d8b3c8ad-1b2a-49aa-84e6-4ada5391ea86","code":"06400412","provinceCode":"40","nameTh":"องค์การบริหารส่วนตำบล บ้านกง","nameEn":null,"geometryType":"MUNICIPALITY","sourceUrl":"https://landometer.com/api/v2/citymeter-v3/grocery/info/geom/d8b3c8ad-1b2a-49aa-84e6-4ada5391ea86/MUNICIPALITY","sourceSha256":"0ac10218db98e53a81f0f238def385305f9eb1be29c2d7414c4f2e4dd38ed3b4","retrievedAt":"2026-10-04T05:43:13.405878+00:00","boundaryVintage":null,"geometryStatus":"native_source_polygon_display_simplified","simplificationToleranceDegrees":0.00015,"simplificationPreservesTopology":true,"invalidSourceRepair":"make_valid; retain polygonal components; discard zero-area collapsed lines","legalBoundaryIndependentlyVerified":false,"areaId":"d8b3c8ad-1b2a-49aa-84e6-4ada5391ea86"},"geometry":{"type":"MultiPolygon","coordinates":[[[[102.573567,16.505853],[102.57356677547727,16.50585316226184],[102.573568,16.505866],[102.573567,16.505853]]],[[[102.532708,16.49178],[102.534251,16.487268],[102.53248,16.486284],[102.53316,16.485002],[102.506624,16.484407],[102.490824,16.537041],[102.49129,16.537103],[102.491982,16.537669],[102.493628,16.539873],[102.494461,16.543366],[102.494912,16.544018],[102.496999,16.544191],[102.49772,16.544698],[102.499475,16.545347],[102.500531,16.545193],[102.501746,16.544543],[102.507997,16.538948],[102.509075,16.538592],[102.509744,16.538729],[102.510783,16.53985],[102.512024,16.540234],[102.513998,16.53968],[102.515434,16.539808],[102.517452,16.539352],[102.518294,16.53938],[102.519914,16.540064],[102.520576,16.540792],[102.520219,16.545215],[102.520671,16.547288],[102.521556,16.549553],[102.521319,16.552462],[102.521508,16.553118],[102.522088,16.553783],[102.523247,16.554572],[102.523955,16.554636],[102.524207,16.554417],[102.524356,16.553256],[102.523908,16.55229],[102.523904,16.551145],[102.524046,16.550537],[102.524685,16.549954],[102.526748,16.550496],[102.527545,16.551096],[102.528842,16.551573],[102.531588,16.551344],[102.531561,16.551129],[102.532516,16.551295],[102.534932,16.542211],[102.540249,16.533819],[102.539274,16.530242],[102.540542,16.530073],[102.541244,16.524374],[102.545622,16.522275],[102.544257,16.515767],[102.556648,16.51587],[102.558221,16.513584],[102.564074,16.513914],[102.563496,16.511183],[102.565794,16.508053],[102.570289,16.508222],[102.57356677547727,16.50585316226184],[102.573361,16.503661],[102.571533,16.495833],[102.570793,16.494812],[102.56875,16.485157],[102.567136,16.480399],[102.568249,16.484224],[102.55334,16.485379],[102.553168,16.484432],[102.552976,16.484533],[102.554859,16.496682],[102.530012,16.497859],[102.530661,16.495236],[102.534073,16.492755],[102.532708,16.49178]]]]},"bbox":[102.490824,16.480399,102.573591,16.554636]},{"type":"Feature","id":"6d0b06e4-646f-4f93-ba81-27e22be2aa74","properties":{"id":"6d0b06e4-646f-4f93-ba81-27e22be2aa74","code":"06400506","provinceCode":"40","nameTh":"องค์การบริหารส่วนตำบล ขัวเรียง","nameEn":null,"geometryType":"MUNICIPALITY","sourceUrl":"https://landometer.com/api/v2/citymeter-v3/grocery/info/geom/6d0b06e4-646f-4f93-ba81-27e22be2aa74/MUNICIPALITY","sourceSha256":"e1c38a29345eeb0c7010df35707d72cf471229203e32a2feb1815108153e5163","retrievedAt":"2026-10-04T05:43:13.400830+00:00","boundaryVintage":null,"geometryStatus":"native_source_polygon_display_simplified","simplificationToleranceDegrees":0.00015,"simplificationPreservesTopology":true,"invalidSourceRepair":"make_valid; retain polygonal components; discard zero-area collapsed lines","legalBoundaryIndependentlyVerified":false,"areaId":"6d0b06e4-646f-4f93-ba81-27e22be2aa74"},"geometry":{"type":"Polygon","coordinates":[[[102.163926,16.520343],[102.182081,16.592533],[102.181754,16.593436],[102.182199,16.593438],[102.182889,16.591877],[102.184309,16.590462],[102.187175,16.589801],[102.189897,16.588704],[102.191467,16.58847],[102.192585,16.588682],[102.206993,16.597455],[102.208382,16.598535],[102.210195,16.601138],[102.210826,16.601187],[102.211134,16.600952],[102.212708,16.598322],[102.213265,16.597969],[102.22154,16.599231],[102.226198,16.600679],[102.230513,16.602782],[102.232359,16.603064],[102.235347,16.60309],[102.241732,16.605192],[102.245232,16.605893],[102.249731,16.607181],[102.257328,16.60859],[102.260718,16.609476],[102.2651,16.611099],[102.252455,16.58592],[102.250961,16.575187],[102.252056,16.572832],[102.250353,16.569309],[102.252119,16.561413],[102.248702,16.554148],[102.25071,16.550024],[102.248169,16.547109],[102.24895,16.541667],[102.237658,16.540664],[102.232451,16.538825],[102.230956,16.535911],[102.227764,16.535631],[102.225947,16.52855],[102.210561,16.527381],[102.210936,16.521988],[102.163926,16.520343]]]},"bbox":[102.163926,16.520343,102.2651,16.611099]},{"type":"Feature","id":"06c73f50-afc9-43b5-ba39-2ee338bdbf95","properties":{"id":"06c73f50-afc9-43b5-ba39-2ee338bdbf95","code":"06400507","provinceCode":"40","nameTh":"องค์การบริหารส่วนตำบล ชุมแพ","nameEn":null,"geometryType":"MUNICIPALITY","sourceUrl":"https://landometer.com/api/v2/citymeter-v3/grocery/info/geom/06c73f50-afc9-43b5-ba39-2ee338bdbf95/MUNICIPALITY","sourceSha256":"2aced80ffca58deb68c3851647a1985d7362c0e0fd5eb7e6aa256d1a50e08bc0","retrievedAt":"2026-10-04T05:43:13.406271+00:00","boundaryVintage":null,"geometryStatus":"native_source_polygon_display_simplified","simplificationToleranceDegrees":0.00015,"simplificationPreservesTopology":true,"invalidSourceRepair":"make_valid; retain polygonal components; discard zero-area collapsed lines","legalBoundaryIndependentlyVerified":false,"areaId":"06c73f50-afc9-43b5-ba39-2ee338bdbf95"},"geometry":{"type":"Polygon","coordinates":[[[102.118598,16.504975],[102.124336,16.498624],[102.124783,16.495017],[102.122131,16.494291],[102.121303,16.494726],[102.118887,16.49515],[102.117905,16.495688],[102.116978,16.495855],[102.116226,16.496743],[102.115116,16.496461],[102.114475,16.497094],[102.113943,16.496727],[102.1137,16.495709],[102.112428,16.495435],[102.111573,16.494595],[102.111209,16.495463],[102.110498,16.495896],[102.109,16.496385],[102.107225,16.496309],[102.106354,16.497609],[102.105715,16.497929],[102.10436,16.497215],[102.103427,16.495861],[102.102155,16.496277],[102.100851,16.496215],[102.100644,16.495922],[102.100586,16.494668],[102.100102,16.494212],[102.099519,16.494155],[102.098642,16.494621],[102.096736,16.497182],[102.094211,16.498628],[102.093788,16.498405],[102.093462,16.497453],[102.093525,16.496087],[102.093161,16.495851],[102.092219,16.496013],[102.091193,16.493894],[102.090561,16.493574],[102.090073,16.493716],[102.089515,16.494404],[102.087127,16.494854],[102.086281,16.494302],[102.085655,16.492773],[102.085132,16.492227],[102.083943,16.492466],[102.082583,16.492277],[102.082259,16.49265],[102.082634,16.493587],[102.082196,16.493773],[102.081201,16.493326],[102.080677,16.49452],[102.080649,16.495775],[102.07971,16.495891],[102.079169,16.496616],[102.078799,16.496738],[102.077732,16.49526],[102.076466,16.495107],[102.075808,16.494682],[102.07561,16.494124],[102.076303,16.493378],[102.075806,16.492771],[102.075169,16.492679],[102.074487,16.493038],[102.072979,16.495128],[102.072411,16.495494],[102.071247,16.495352],[102.070283,16.494218],[102.068475,16.493563],[102.067744,16.493641],[102.067376,16.494311],[102.067517,16.495184],[102.068458,16.49545],[102.071598,16.497886],[102.071367,16.498503],[102.070766,16.49865],[102.069327,16.497954],[102.068819,16.498575],[102.068749,16.499148],[102.06984,16.499082],[102.071075,16.500697],[102.071083,16.50142],[102.071376,16.501817],[102.073994,16.501393],[102.073913,16.50211],[102.07339,16.502378],[102.072689,16.503244],[102.071322,16.503261],[102.069763,16.501429],[102.068594,16.501371],[102.068416,16.501712],[102.068546,16.50208],[102.069669,16.502366],[102.069523,16.503683],[102.068533,16.503222],[102.068055,16.503562],[102.067726,16.504267],[102.066307,16.504026],[102.065097,16.505765],[102.063889,16.504872],[102.063523,16.504926],[102.063364,16.505262],[102.063796,16.506095],[102.063372,16.506585],[102.062999,16.506476],[102.063045,16.505614],[102.061969,16.505274],[102.062491,16.504505],[102.062429,16.503925],[102.061018,16.503152],[102.060498,16.503177],[102.060305,16.50419],[102.060868,16.505272],[102.059966,16.505883],[102.059873,16.50771],[102.059248,16.507557],[102.058296,16.50641],[102.058052,16.505221],[102.056554,16.506218],[102.056175,16.506162],[102.056037,16.505382],[102.056469,16.504593],[102.056167,16.504285],[102.055527,16.504774],[102.054755,16.504816],[102.054339,16.505975],[102.052798,16.506045],[102.052453,16.506264],[102.05309,16.508318],[102.052967,16.508551],[102.051884,16.508575],[102.050783,16.507478],[102.049556,16.507254],[102.049444,16.50657],[102.049148,16.506385],[102.048011,16.507613],[102.047946,16.508747],[102.046691,16.508154],[102.045761,16.508591],[102.046229,16.509624],[102.046131,16.509972],[102.045574,16.509863],[102.04455,16.510225],[102.044113,16.509984],[102.044833,16.508522],[102.044545,16.508053],[102.04235,16.508606],[102.042303,16.509597],[102.042004,16.509986],[102.039599,16.51048],[102.039064,16.511699],[102.037871,16.512388],[102.037704,16.514449],[102.036312,16.514551],[102.036567,16.515665],[102.036442,16.516183],[102.034069,16.518041],[102.033972,16.519155],[102.033446,16.519919],[102.031509,16.521065],[102.031457,16.521385],[102.031962,16.522047],[102.031638,16.522742],[102.031816,16.52367],[102.030183,16.524523],[102.029909,16.5253],[102.03011,16.526883],[102.031421,16.528378],[102.031873,16.529401],[102.032171,16.529527],[102.032174,16.530236],[102.032688,16.530279],[102.033938,16.531796],[102.033642,16.532803],[102.032771,16.532501],[102.032476,16.532738],[102.032731,16.534217],[102.032421,16.540714],[102.031937,16.54176],[102.031394,16.542105],[102.036933,16.540501],[102.04832,16.559118],[102.039186,16.565094],[102.043345,16.569968],[102.074897,16.556178],[102.074908,16.52409],[102.096332,16.52293],[102.100804,16.520525],[102.103168,16.521149],[102.10669,16.517696],[102.110386,16.516595],[102.109397,16.513287],[102.113833,16.512558],[102.117606,16.507288],[102.118598,16.504975]]]},"bbox":[102.029909,16.492168,102.124783,16.569968]},{"type":"Feature","id":"89fc3abc-5b7a-406c-8586-f7117446f01f","properties":{"id":"89fc3abc-5b7a-406c-8586-f7117446f01f","code":"06400509","provinceCode":"40","nameTh":"องค์การบริหารส่วนตำบล นาหนองทุ่ม","nameEn":null,"geometryType":"MUNICIPALITY","sourceUrl":"https://landometer.com/api/v2/citymeter-v3/grocery/info/geom/89fc3abc-5b7a-406c-8586-f7117446f01f/MUNICIPALITY","sourceSha256":"a8f20140ac185543a7f4dd3ce520b1c3d45300698b6a98b5407c5fe885302618","retrievedAt":"2026-10-04T05:43:13.607859+00:00","boundaryVintage":null,"geometryStatus":"native_source_polygon_display_simplified","simplificationToleranceDegrees":0.00015,"simplificationPreservesTopology":true,"invalidSourceRepair":"make_valid; retain polygonal components; discard zero-area collapsed lines","legalBoundaryIndependentlyVerified":false,"areaId":"89fc3abc-5b7a-406c-8586-f7117446f01f"},"geometry":{"type":"Polygon","coordinates":[[[102.017045,16.86432],[102.017741,16.86462],[102.018094,16.865148],[102.018786,16.867023],[102.018745,16.868119],[102.019309,16.86873],[102.020918,16.867438],[102.02276,16.866716],[102.023978,16.864246],[102.025776,16.862279],[102.027971,16.86163],[102.028028,16.861341],[102.0277,16.861007],[102.026531,16.857794],[102.025779,16.857625],[102.025862,16.842745],[102.033709,16.842782],[102.034031,16.840778],[102.032226,16.835036],[102.032076,16.829959],[102.032833,16.825568],[102.032339,16.823584],[102.027428,16.817815],[102.02591,16.815626],[102.021449,16.802654],[102.014639,16.790347],[102.014512,16.77235],[102.015462,16.764025],[102.01867,16.754107],[102.017681,16.752756],[102.016922,16.752441],[102.016787,16.751538],[102.016011,16.750522],[102.017012,16.749117],[102.016493,16.748284],[102.017194,16.746799],[102.016983,16.74628],[102.017075,16.745577],[102.0167,16.744998],[102.016569,16.744031],[102.014517,16.744607],[102.014305,16.745423],[102.014017,16.745678],[102.013283,16.745233],[102.012799,16.745232],[102.012551,16.745715],[102.011958,16.746113],[102.011299,16.745727],[102.01008,16.745534],[102.008557,16.745996],[102.008021,16.745762],[102.008084,16.745255],[102.007531,16.745117],[102.007579,16.74448],[102.009117,16.74248],[102.008912,16.741704],[102.009811,16.741095],[102.009562,16.740627],[102.010003,16.740482],[102.010188,16.73994],[102.011578,16.739291],[102.011412,16.738425],[102.011782,16.737384],[102.01137,16.737083],[102.011628,16.736717],[102.011256,16.73615],[102.010516,16.736059],[102.010351,16.735636],[102.01095,16.734435],[102.011934,16.733929],[102.012039,16.733629],[102.011834,16.733475],[102.011644,16.733689],[102.010888,16.733223],[102.011019,16.732744],[102.0105,16.732066],[102.010917,16.731663],[102.01051,16.731209],[102.010596,16.730754],[102.01002,16.730666],[102.01015,16.729628],[102.009673,16.729502],[102.009471,16.729095],[102.010829,16.727919],[102.010487,16.727526],[102.009797,16.727414],[102.010063,16.726884],[102.009705,16.72674],[102.009592,16.726284],[102.008884,16.72626],[102.008464,16.725781],[102.008441,16.724692],[102.007634,16.724024],[102.007981,16.723722],[102.007695,16.722828],[102.008306,16.722085],[102.007414,16.721975],[102.007501,16.721724],[102.007986,16.721573],[102.007108,16.721132],[102.007189,16.720662],[102.006297,16.720312],[102.005823,16.720418],[102.00559,16.719762],[102.005274,16.719694],[102.005524,16.718816],[102.004735,16.718844],[102.004496,16.718272],[102.003948,16.718241],[102.004014,16.717912],[102.00446,16.717878],[102.004679,16.718107],[102.004784,16.717829],[102.004507,16.717531],[102.003925,16.717591],[102.003735,16.716608],[102.002848,16.716084],[102.003387,16.715926],[102.004109,16.71636],[102.003979,16.715884],[102.004383,16.71562],[102.004307,16.714797],[102.005304,16.713917],[102.008528,16.709639],[102.009795,16.7074],[102.010799,16.706692],[102.012776,16.704319],[102.013603,16.703804],[102.010387,16.702001],[102.00793,16.697461],[101.996579,16.688525],[101.996848,16.681324],[101.9942,16.67295],[101.988088,16.670238],[101.980576,16.660679],[101.95344,16.658777],[101.953237,16.659688],[101.953618,16.659611],[101.953927,16.660357],[101.953655,16.667745],[101.954282,16.670707],[101.954993,16.671701],[101.954363,16.671853],[101.954836,16.674742],[101.953521,16.674764],[101.954966,16.676504],[101.955475,16.677512],[101.955411,16.678036],[101.954375,16.679168],[101.954877,16.681355],[101.954158,16.681847],[101.953852,16.682521],[101.954621,16.683192],[101.955116,16.68414],[101.954642,16.68774],[101.953301,16.687742],[101.952627,16.68803],[101.951882,16.689065],[101.951918,16.689847],[101.950815,16.690612],[101.950891,16.691007],[101.951659,16.690669],[101.952609,16.690911],[101.952547,16.691182],[101.952109,16.69118],[101.95146,16.691764],[101.951453,16.692083],[101.951821,16.692368],[101.951624,16.693404],[101.951037,16.693962],[101.950519,16.694083],[101.950141,16.695287],[101.949326,16.695827],[101.948717,16.69716],[101.948387,16.698695],[101.947439,16.699258],[101.947297,16.700029],[101.946659,16.700454],[101.946187,16.701606],[101.945332,16.702639],[101.94479,16.704681],[101.944399,16.705285],[101.944261,16.706648],[101.94385,16.707535],[101.943985,16.707937],[101.943,16.708907],[101.942737,16.709503],[101.94285,16.710018],[101.942264,16.710607],[101.942353,16.711319],[101.941224,16.711931],[101.94131,16.712555],[101.94285,16.713161],[101.943693,16.71262],[101.943987,16.713174],[101.943818,16.713783],[101.942399,16.713783],[101.942484,16.714282],[101.941726,16.714799],[101.940632,16.714703],[101.940272,16.71573],[101.940506,16.716241],[101.939333,16.717268],[101.939481,16.718388],[101.938843,16.718437],[101.937984,16.717849],[101.937925,16.71847],[101.937338,16.718663],[101.936936,16.718345],[101.937063,16.717758],[101.936449,16.717834],[101.93666,16.718536],[101.936131,16.719908],[101.936361,16.720445],[101.936256,16.720919],[101.937318,16.722578],[101.937204,16.724392],[101.937662,16.724972],[101.937406,16.725307],[101.937049,16.727405],[101.936304,16.727594],[101.936655,16.729468],[101.936071,16.730843],[101.937036,16.731752],[101.936001,16.732542],[101.936021,16.733059],[101.935553,16.73336],[101.935276,16.734281],[101.935728,16.734618],[101.936339,16.735875],[101.937123,16.736194],[101.937041,16.73671],[101.936529,16.736933],[101.936452,16.737827],[101.937068,16.738391],[101.936601,16.738663],[101.935643,16.738523],[101.935704,16.739054],[101.935188,16.739288],[101.934958,16.739999],[101.934224,16.740879],[101.934482,16.741979],[101.934362,16.742362],[101.933955,16.742876],[101.933321,16.743032],[101.932762,16.74362],[101.932066,16.743723],[101.932199,16.744459],[101.93196,16.744932],[101.932207,16.745437],[101.932605,16.745637],[101.932728,16.746566],[101.933244,16.747147],[101.932764,16.747772],[101.933143,16.748267],[101.932911,16.748409],[101.933332,16.749081],[101.932658,16.750523],[101.932857,16.752635],[101.932444,16.753486],[101.93321,16.754426],[101.934257,16.754406],[101.934646,16.755457],[101.934424,16.75839],[101.934962,16.760822],[101.938106,16.764769],[101.938958,16.766661],[101.939398,16.769189],[101.94103,16.774916],[101.942016,16.779475],[101.944869,16.789634],[101.941443,16.816858],[101.941696,16.817453],[101.943036,16.818295],[101.943723,16.819466],[101.943837,16.822179],[101.94414,16.823317],[101.943885,16.823662],[101.944678,16.8238],[101.944752,16.82481],[101.945045,16.825114],[101.944264,16.826005],[101.944084,16.826692],[101.943397,16.826997],[101.943092,16.827427],[101.943519,16.828394],[101.943394,16.829071],[101.943577,16.829873],[101.942324,16.832341],[101.942118,16.833572],[101.94051,16.8357],[101.945538,16.839005],[101.949548,16.839884],[101.951323,16.840523],[101.948776,16.84171],[101.944708,16.845804],[101.944342,16.84796],[101.943968,16.848662],[101.944132,16.849469],[101.943633,16.852421],[101.944016,16.852594],[101.945319,16.852035],[101.946825,16.849556],[101.95092,16.84921],[101.95239,16.848428],[101.954099,16.849458],[101.954457,16.849461],[101.954749,16.849004],[101.954703,16.847571],[101.956407,16.846983],[101.956855,16.847124],[101.957912,16.848133],[101.959565,16.850928],[101.960653,16.85111],[101.96159,16.852198],[101.962341,16.852355],[101.962675,16.851924],[101.963013,16.849945],[101.962789,16.848912],[101.962203,16.847849],[101.962337,16.847368],[101.963534,16.846877],[101.965734,16.847251],[101.965915,16.846788],[101.96527,16.84541],[101.965413,16.844991],[101.965796,16.844858],[101.967035,16.845307],[101.969224,16.847096],[101.970108,16.84596],[101.969014,16.843312],[101.969111,16.842662],[101.969743,16.841884],[101.972853,16.841467],[101.973855,16.840379],[101.974498,16.84042],[101.975398,16.841362],[101.976155,16.84359],[101.978085,16.845158],[101.97868,16.8452],[101.979134,16.845062],[101.979554,16.844127],[101.978444,16.842336],[101.977981,16.840896],[101.978047,16.840458],[101.978603,16.839993],[101.979537,16.839865],[101.98008,16.840072],[101.981008,16.842942],[101.98154,16.843625],[101.982162,16.843973],[101.983492,16.843471],[101.985191,16.843257],[101.986824,16.843781],[101.987381,16.843679],[101.987503,16.843283],[101.986055,16.841435],[101.986391,16.840638],[101.988937,16.840872],[101.990216,16.841313],[101.990579,16.841107],[101.990998,16.839858],[101.992369,16.840144],[101.993782,16.839962],[101.995606,16.840888],[101.995877,16.841351],[101.995047,16.843317],[101.995348,16.845188],[101.996668,16.845303],[101.997094,16.843899],[101.997747,16.843582],[101.998396,16.843822],[101.999169,16.844667],[101.998335,16.847818],[101.997973,16.848248],[101.996358,16.848877],[101.99598,16.84927],[101.995935,16.849749],[101.996392,16.850395],[101.997475,16.851245],[101.998093,16.851244],[101.998581,16.850758],[101.998707,16.848854],[101.999402,16.848594],[102.00012,16.848724],[102.001813,16.849973],[102.003606,16.85298],[102.005495,16.854208],[102.006116,16.85523],[102.005901,16.855906],[102.004469,16.856361],[102.003425,16.855264],[102.002611,16.855205],[102.001812,16.856156],[102.001628,16.856767],[102.002728,16.858825],[102.002686,16.859112],[102.002047,16.859399],[101.99983,16.85867],[101.999239,16.859237],[101.999687,16.860555],[102.001915,16.861779],[102.004933,16.86228],[102.005466,16.862991],[102.004892,16.863344],[102.004747,16.864067],[102.005924,16.86473],[102.009335,16.869754],[102.010299,16.870492],[102.011371,16.870673],[102.011936,16.870389],[102.012176,16.869805],[102.011895,16.86867],[102.01202,16.868371],[102.014061,16.866486],[102.015406,16.864604],[102.015988,16.864282],[102.017045,16.86432]]]},"bbox":[101.93196,16.658777,102.034031,16.870673]},{"type":"Feature","id":"37f5e948-a664-4cb8-bf0c-0ae1854bd06c","properties":{"id":"37f5e948-a664-4cb8-bf0c-0ae1854bd06c","code":"06400510","provinceCode":"40","nameTh":"องค์การบริหารส่วนตำบล โนนหัน","nameEn":null,"geometryType":"MUNICIPALITY","sourceUrl":"https://landometer.com/api/v2/citymeter-v3/grocery/info/geom/37f5e948-a664-4cb8-bf0c-0ae1854bd06c/MUNICIPALITY","sourceSha256":"3411ea322928cc62c3c152e031cb4206297ce8c998dfec463dfff0b0fb1825ae","retrievedAt":"2026-10-04T05:43:13.590893+00:00","boundaryVintage":null,"geometryStatus":"native_source_polygon_display_simplified","simplificationToleranceDegrees":0.00015,"simplificationPreservesTopology":true,"invalidSourceRepair":"make_valid; retain polygonal components; discard zero-area collapsed lines","legalBoundaryIndependentlyVerified":false,"areaId":"37f5e948-a664-4cb8-bf0c-0ae1854bd06c"},"geometry":{"type":"MultiPolygon","coordinates":[[[[102.042502,16.621462],[102.050057,16.606975],[102.047244,16.610276],[102.043394,16.604001],[102.045646,16.56897],[102.011691,16.583692],[102.016643,16.584548],[102.003014,16.608517],[101.993108,16.605503],[101.986088,16.627092],[102.001864,16.629039],[102.011471,16.632049],[102.013631,16.627554],[102.013458,16.622657],[102.025156,16.623308],[102.042502,16.621462]]],[[[102.046518,16.568585],[102.044596,16.569425],[102.045646,16.56897],[102.046518,16.568585]]]]},"bbox":[101.986088,16.568585,102.050057,16.632049]},{"type":"Feature","id":"11cde6d4-ffa5-4885-a77b-2e2f47ec8b8f","properties":{"id":"11cde6d4-ffa5-4885-a77b-2e2f47ec8b8f","code":"06400511","provinceCode":"40","nameTh":"องค์การบริหารส่วนตำบล วังหินลาด","nameEn":null,"geometryType":"MUNICIPALITY","sourceUrl":"https://landometer.com/api/v2/citymeter-v3/grocery/info/geom/11cde6d4-ffa5-4885-a77b-2e2f47ec8b8f/MUNICIPALITY","sourceSha256":"863b2f29562822468168fd8681103ec062e37cfaf6aea5cdd1608dbd5316127a","retrievedAt":"2026-10-04T05:43:13.593524+00:00","boundaryVintage":null,"geometryStatus":"native_source_polygon_display_simplified","simplificationToleranceDegrees":0.00015,"simplificationPreservesTopology":true,"invalidSourceRepair":"make_valid; retain polygonal components; discard zero-area collapsed lines","legalBoundaryIndependentlyVerified":false,"areaId":"11cde6d4-ffa5-4885-a77b-2e2f47ec8b8f"},"geometry":{"type":"Polygon","coordinates":[[[102.081087,16.656673],[102.081628,16.656825],[102.082176,16.656544],[102.082931,16.656781],[102.083506,16.656229],[102.084976,16.656006],[102.085261,16.655062],[102.085613,16.655026],[102.086146,16.654487],[102.08677,16.654717],[102.087676,16.654612],[102.088178,16.653893],[102.089413,16.654018],[102.09043,16.653382],[102.092505,16.653669],[102.092801,16.654233],[102.093342,16.65438],[102.093924,16.654009],[102.094714,16.654382],[102.0958,16.654415],[102.097175,16.653016],[102.097649,16.651998],[102.099489,16.651148],[102.100085,16.65168],[102.101735,16.651599],[102.102467,16.651822],[102.103359,16.652584],[102.10351,16.653498],[102.10433,16.653767],[102.105279,16.654511],[102.108317,16.654337],[102.110924,16.655033],[102.111519,16.654748],[102.112188,16.654143],[102.112775,16.653108],[102.114123,16.651908],[102.114377,16.651211],[102.114523,16.649285],[102.113918,16.64781],[102.114128,16.646919],[102.115525,16.645891],[102.115375,16.645595],[102.11561,16.645201],[102.116827,16.644644],[102.117789,16.643881],[102.118817,16.643728],[102.120351,16.641975],[102.120424,16.64087],[102.121472,16.639381],[102.122174,16.635029],[102.122738,16.633312],[102.124166,16.632714],[102.125827,16.632515],[102.126165,16.632755],[102.127432,16.632334],[102.127597,16.631565],[102.128119,16.630845],[102.128254,16.629944],[102.128596,16.629962],[102.129024,16.629521],[102.128875,16.62913],[102.12992,16.628775],[102.130157,16.627947],[102.130431,16.627757],[102.132035,16.627648],[102.132095,16.62703],[102.132524,16.62686],[102.132753,16.624937],[102.13353,16.624707],[102.136082,16.623171],[102.136884,16.623091],[102.137183,16.622816],[102.137676,16.623342],[102.139426,16.623452],[102.14003,16.623135],[102.140095,16.622856],[102.141147,16.623335],[102.140967,16.623762],[102.141505,16.623832],[102.142168,16.623015],[102.143459,16.619918],[102.145068,16.618495],[102.146485,16.618316],[102.148989,16.618418],[102.149468,16.618302],[102.150771,16.617291],[102.151629,16.617185],[102.153575,16.618327],[102.157465,16.618161],[102.157472,16.61586],[102.158462,16.612873],[102.157597,16.608772],[102.112921,16.598629],[102.100252,16.606766],[102.085579,16.594173],[102.074894,16.594763],[102.061045,16.599326],[102.050335,16.606448],[102.042502,16.621462],[102.051945,16.63421],[102.058169,16.638879],[102.059156,16.657931],[102.055098,16.666434],[102.055668,16.66973],[102.05822,16.667804],[102.061504,16.666515],[102.061894,16.666168],[102.061912,16.665563],[102.063384,16.664609],[102.063472,16.663712],[102.064092,16.662989],[102.068274,16.660588],[102.070367,16.659705],[102.071227,16.658873],[102.072936,16.658012],[102.07371,16.658213],[102.07539,16.658024],[102.077733,16.658256],[102.079283,16.657984],[102.07966,16.657534],[102.080838,16.657063],[102.081087,16.656673]]]},"bbox":[102.042502,16.594173,102.158462,16.66973]},{"type":"Feature","id":"c4abe9b0-38cd-440e-8441-ba48058f5ad2","properties":{"id":"c4abe9b0-38cd-440e-8441-ba48058f5ad2","code":"06400512","provinceCode":"40","nameTh":"องค์การบริหารส่วนตำบล ไชยสอ","nameEn":null,"geometryType":"MUNICIPALITY","sourceUrl":"https://landometer.com/api/v2/citymeter-v3/grocery/info/geom/c4abe9b0-38cd-440e-8441-ba48058f5ad2/MUNICIPALITY","sourceSha256":"55f6f2095817283e45d0b910d87b43fe65390f87bb5591ee4e6a97f765f70c3e","retrievedAt":"2026-10-04T05:43:13.592789+00:00","boundaryVintage":null,"geometryStatus":"native_source_polygon_display_simplified","simplificationToleranceDegrees":0.00015,"simplificationPreservesTopology":true,"invalidSourceRepair":"make_valid; retain polygonal components; discard zero-area collapsed lines","legalBoundaryIndependentlyVerified":false,"areaId":"c4abe9b0-38cd-440e-8441-ba48058f5ad2"},"geometry":{"type":"MultiPolygon","coordinates":[[[[102.160035,16.500684],[102.15908,16.500228],[102.159257,16.499125],[102.158996,16.498728],[102.157354,16.498317],[102.157097,16.498982],[102.157614,16.500421],[102.15754,16.501661],[102.158777,16.503141],[102.157999,16.503248],[102.157139,16.502487],[102.156411,16.502369],[102.155813,16.502499],[102.155431,16.503145],[102.154811,16.502493],[102.153451,16.5025],[102.153335,16.502101],[102.153757,16.501425],[102.153692,16.501138],[102.153068,16.501136],[102.151973,16.501766],[102.151291,16.501039],[102.149997,16.500908],[102.150144,16.49952],[102.149709,16.498823],[102.148386,16.498739],[102.147958,16.499495],[102.147886,16.500306],[102.146422,16.500554],[102.146044,16.500489],[102.14594,16.500207],[102.146674,16.499612],[102.146659,16.49908],[102.146136,16.498786],[102.144851,16.498838],[102.144645,16.499129],[102.144357,16.501556],[102.143478,16.501815],[102.142464,16.50317],[102.141423,16.503139],[102.14049,16.50289],[102.140293,16.502627],[102.140377,16.502307],[102.141054,16.502325],[102.141361,16.501951],[102.140738,16.501035],[102.140491,16.499984],[102.139915,16.499678],[102.138918,16.50018],[102.138464,16.500028],[102.138368,16.499623],[102.138772,16.499309],[102.138831,16.498914],[102.137698,16.497832],[102.137229,16.497763],[102.136798,16.498118],[102.136897,16.498402],[102.13775,16.49894],[102.137685,16.499272],[102.134994,16.499186],[102.134931,16.498698],[102.135514,16.498195],[102.135526,16.497731],[102.135253,16.497478],[102.13436,16.497525],[102.133915,16.497176],[102.134236,16.496024],[102.134024,16.495764],[102.133471,16.495824],[102.133355,16.496685],[102.13307,16.497026],[102.132182,16.497198],[102.131934,16.496277],[102.131504,16.495937],[102.1306,16.495883],[102.129369,16.496305],[102.128571,16.496141],[102.126944,16.496321],[102.125579,16.495906],[102.124783,16.495017],[102.124336,16.498624],[102.118484,16.50489],[102.122074,16.507554],[102.123125,16.510593],[102.121133,16.512526],[102.120461,16.516731],[102.122612,16.518905],[102.12439387923679,16.528808328822212],[102.122452,16.533242],[102.123533,16.5343],[102.141554,16.52617],[102.155261,16.520279],[102.163926,16.520343],[102.17109264247146,16.520593407340083],[102.170982,16.52041],[102.172165,16.520433],[102.160035,16.500684]],[[102.124486,16.528598],[102.124394,16.528809],[102.12439387923679,16.528808328822212],[102.124486,16.528598]]],[[[102.171093,16.520594],[102.173113,16.520664],[102.17109264247146,16.520593407340083],[102.171093,16.520594]]],[[[102.164162,16.52128],[102.163926,16.520343],[102.164161,16.52128],[102.164162,16.52128]]]]},"bbox":[102.118484,16.495017,102.173113,16.5343]},{"type":"Feature","id":"e1e95e94-fa50-475a-89a6-0cbb0121abdc","properties":{"id":"e1e95e94-fa50-475a-89a6-0cbb0121abdc","code":"06400514","provinceCode":"40","nameTh":"องค์การบริหารส่วนตำบล โนนอุดม","nameEn":null,"geometryType":"MUNICIPALITY","sourceUrl":"https://landometer.com/api/v2/citymeter-v3/grocery/info/geom/e1e95e94-fa50-475a-89a6-0cbb0121abdc/MUNICIPALITY","sourceSha256":"f0f4b0dc81d8601e4d4476d640a76ddef7e9e17376c14e7eecdb2358703b222a","retrievedAt":"2026-10-04T05:43:13.597694+00:00","boundaryVintage":null,"geometryStatus":"native_source_polygon_display_simplified","simplificationToleranceDegrees":0.00015,"simplificationPreservesTopology":true,"invalidSourceRepair":"make_valid; retain polygonal components; discard zero-area collapsed lines","legalBoundaryIndependentlyVerified":false,"areaId":"e1e95e94-fa50-475a-89a6-0cbb0121abdc"},"geometry":{"type":"Polygon","coordinates":[[[102.239138,16.482869],[102.238097,16.483186],[102.237512,16.484273],[102.23703,16.484372],[102.234608,16.486454],[102.233473,16.485936],[102.233157,16.485454],[102.233153,16.4848],[102.231993,16.484962],[102.231684,16.48404],[102.229732,16.48442],[102.228165,16.484137],[102.2279,16.484938],[102.228589,16.48585],[102.228726,16.486692],[102.226422,16.487767],[102.225707,16.487726],[102.224538,16.488219],[102.224381,16.488542],[102.224912,16.488976],[102.224382,16.489736],[102.223003,16.48993],[102.22236,16.489718],[102.221251,16.491347],[102.220555,16.491907],[102.219747,16.492113],[102.218711,16.493571],[102.218107,16.493906],[102.217147,16.493609],[102.21691,16.4938],[102.21681,16.496255],[102.218076,16.497387],[102.2178,16.498034],[102.216599,16.498046],[102.216028,16.498895],[102.215542,16.499169],[102.215205,16.499142],[102.214539,16.498564],[102.21246,16.498965],[102.212726,16.499462],[102.214242,16.500055],[102.214552,16.500966],[102.214289,16.501329],[102.213434,16.501702],[102.212769,16.50168],[102.212923,16.500976],[102.211975,16.500828],[102.211785,16.500365],[102.209363,16.499268],[102.209354,16.498215],[102.208998,16.497894],[102.207948,16.498648],[102.207168,16.498208],[102.206709,16.49822],[102.205846,16.499003],[102.205682,16.50004],[102.204353,16.500017],[102.204093,16.500195],[102.204076,16.500678],[102.204704,16.501661],[102.205773,16.502163],[102.206018,16.50269],[102.205899,16.503173],[102.205466,16.503315],[102.204288,16.502577],[102.203987,16.502641],[102.203919,16.50287],[102.204404,16.502962],[102.204534,16.503295],[102.204433,16.504003],[102.203784,16.504408],[102.20234,16.504508],[102.201765,16.504236],[102.201207,16.504283],[102.20061,16.503173],[102.198359,16.504412],[102.197715,16.503132],[102.197707,16.502565],[102.198057,16.502015],[102.197763,16.501613],[102.197422,16.50155],[102.19667,16.502123],[102.196123,16.50207],[102.196162,16.500987],[102.196062,16.50048],[102.195806,16.500386],[102.194913,16.500988],[102.194539,16.501539],[102.193724,16.501613],[102.193604,16.501205],[102.194037,16.500683],[102.194411,16.499433],[102.194261,16.498935],[102.193999,16.498781],[102.192987,16.499147],[102.192353,16.498669],[102.191903,16.499015],[102.190826,16.500735],[102.189905,16.500654],[102.189287,16.501287],[102.189367,16.501609],[102.189853,16.501851],[102.190494,16.501322],[102.190823,16.501534],[102.19106,16.502314],[102.190797,16.503251],[102.190166,16.502636],[102.189529,16.50265],[102.188254,16.503165],[102.187551,16.503179],[102.187119,16.503648],[102.185742,16.504034],[102.185499,16.504654],[102.185265,16.50459],[102.1848,16.503652],[102.184292,16.503636],[102.183198,16.504536],[102.183389,16.504911],[102.184235,16.505189],[102.184239,16.505508],[102.18338,16.506143],[102.182389,16.506301],[102.182349,16.505288],[102.18074,16.50552],[102.180135,16.504984],[102.180661,16.503946],[102.180538,16.501909],[102.180928,16.501586],[102.181914,16.501738],[102.181943,16.501017],[102.181483,16.50078],[102.180452,16.500997],[102.178951,16.500764],[102.179047,16.499579],[102.17762,16.499742],[102.178165,16.498218],[102.177354,16.497553],[102.177226,16.496206],[102.176225,16.496058],[102.176056,16.495803],[102.176159,16.49548],[102.17691,16.49502],[102.176691,16.494593],[102.17502,16.494299],[102.173851,16.495498],[102.173753,16.496111],[102.173357,16.496318],[102.173069,16.496187],[102.172598,16.495489],[102.172591,16.49509],[102.173137,16.494432],[102.174112,16.494314],[102.174322,16.49373],[102.17402,16.493523],[102.173285,16.493887],[102.172738,16.492571],[102.172897,16.491886],[102.172676,16.491671],[102.171838,16.492315],[102.171658,16.493464],[102.17098,16.494994],[102.170066,16.495477],[102.17066,16.496435],[102.170534,16.49739],[102.16982,16.497099],[102.169691,16.496097],[102.169387,16.495799],[102.168273,16.496586],[102.167158,16.496604],[102.167181,16.496871],[102.1681,16.497705],[102.167993,16.498103],[102.167387,16.498458],[102.166717,16.498476],[102.166167,16.497042],[102.165453,16.496581],[102.164939,16.496872],[102.165513,16.497616],[102.165429,16.497917],[102.164678,16.498047],[102.163692,16.497527],[102.163377,16.497647],[102.163451,16.498134],[102.16436,16.499297],[102.164834,16.499575],[102.165718,16.499601],[102.165966,16.499925],[102.165908,16.500412],[102.16515,16.501002],[102.16498,16.501745],[102.164648,16.50174],[102.162719,16.500535],[102.162317,16.500792],[102.16266,16.501672],[102.162484,16.501851],[102.161783,16.501426],[102.160796,16.501403],[102.160457,16.501103],[102.172165,16.520433],[102.170982,16.52041],[102.171093,16.520594],[102.210936,16.521988],[102.211629,16.512021],[102.225923,16.512457],[102.242107,16.51982],[102.239394,16.529214],[102.252091,16.528299],[102.241207,16.480664],[102.240336,16.481553],[102.239401,16.481798],[102.239138,16.482869]]]},"bbox":[102.160457,16.480664,102.252091,16.529214]},{"type":"Feature","id":"29aabece-cc26-4fdd-a0d0-1eef8cc15ce2","properties":{"id":"29aabece-cc26-4fdd-a0d0-1eef8cc15ce2","code":"06400515","provinceCode":"40","nameTh":"องค์การบริหารส่วนตำบล หนองเขียด","nameEn":null,"geometryType":"MUNICIPALITY","sourceUrl":"https://landometer.com/api/v2/citymeter-v3/grocery/info/geom/29aabece-cc26-4fdd-a0d0-1eef8cc15ce2/MUNICIPALITY","sourceSha256":"5f12cb444d39c32d7521d6a53201ded7107f0062cd52ffef64c1810ee5bb7b29","retrievedAt":"2026-10-04T05:43:13.729429+00:00","boundaryVintage":null,"geometryStatus":"native_source_polygon_display_simplified","simplificationToleranceDegrees":0.00015,"simplificationPreservesTopology":true,"invalidSourceRepair":"make_valid; retain polygonal components; discard zero-area collapsed lines","legalBoundaryIndependentlyVerified":false,"areaId":"29aabece-cc26-4fdd-a0d0-1eef8cc15ce2"},"geometry":{"type":"Polygon","coordinates":[[[102.049021,16.694596],[102.050198,16.693005],[102.049737,16.692859],[102.050042,16.691576],[102.050336,16.691355],[102.051439,16.691528],[102.05256,16.691152],[102.05349,16.688803],[102.054818,16.687775],[102.054764,16.686722],[102.054299,16.685871],[102.053521,16.685251],[102.053274,16.684272],[102.052706,16.683763],[102.051081,16.681243],[102.051322,16.680826],[102.051521,16.679132],[102.05188,16.678631],[102.051589,16.678379],[102.051577,16.677643],[102.051283,16.677544],[102.051496,16.67714],[102.051053,16.675798],[102.050912,16.674364],[102.052939,16.67326],[102.053275,16.67261],[102.054644,16.671634],[102.054694,16.670761],[102.055803,16.669648],[102.055668,16.66973],[102.055098,16.666434],[102.059156,16.657931],[102.058169,16.638879],[102.051945,16.63421],[102.042502,16.621462],[102.025156,16.623308],[102.013458,16.622657],[102.013631,16.627554],[102.011471,16.632049],[102.001864,16.629039],[101.986088,16.627092],[101.993108,16.605503],[101.986826,16.624633],[101.962309,16.628279],[101.956684,16.62842],[101.956128,16.627836],[101.95581,16.628623],[101.954575,16.629417],[101.954454,16.630007],[101.955356,16.630489],[101.9552,16.631197],[101.955368,16.632203],[101.955153,16.632515],[101.953968,16.632887],[101.953967,16.633728],[101.955038,16.634751],[101.954852,16.63545],[101.954306,16.635619],[101.955274,16.636422],[101.955291,16.637076],[101.956975,16.637794],[101.957586,16.637498],[101.958379,16.638319],[101.95773,16.641949],[101.957772,16.643217],[101.958231,16.643104],[101.958281,16.643392],[101.95819,16.644499],[101.957861,16.645144],[101.955672,16.647065],[101.955032,16.653288],[101.95387,16.656213],[101.952994,16.659775],[101.953237,16.659688],[101.95344,16.658777],[101.980576,16.660679],[101.988088,16.670238],[101.9942,16.67295],[101.996848,16.681324],[101.996579,16.688525],[102.00793,16.697461],[102.010387,16.702001],[102.013603,16.703804],[102.017116,16.702052],[102.017998,16.702078],[102.019422,16.701697],[102.020278,16.701181],[102.021032,16.701192],[102.023957,16.702291],[102.025547,16.702485],[102.026453,16.702354],[102.027248,16.701837],[102.028428,16.701597],[102.029595,16.7009],[102.030202,16.700164],[102.031337,16.700067],[102.031412,16.698849],[102.032711,16.698489],[102.032704,16.698326],[102.033764,16.698206],[102.033716,16.698016],[102.035294,16.69742],[102.035119,16.695435],[102.038943,16.694754],[102.039978,16.693496],[102.043643,16.696758],[102.044444,16.696165],[102.045354,16.696083],[102.047664,16.695141],[102.048438,16.695043],[102.049021,16.694596]]]},"bbox":[101.952994,16.605503,102.059156,16.703804]},{"type":"Feature","id":"638395d8-c193-47c4-b523-3023883818b7","properties":{"id":"638395d8-c193-47c4-b523-3023883818b7","code":"06400604","provinceCode":"40","nameTh":"องค์การบริหารส่วนตำบล ดงลาน","nameEn":null,"geometryType":"MUNICIPALITY","sourceUrl":"https://landometer.com/api/v2/citymeter-v3/grocery/info/geom/638395d8-c193-47c4-b523-3023883818b7/MUNICIPALITY","sourceSha256":"82a5cec1e6c5dde59059b8077ed10cd2a61c519789644fbc8627080169ca785c","retrievedAt":"2026-10-04T05:43:13.592034+00:00","boundaryVintage":null,"geometryStatus":"native_source_polygon_display_simplified","simplificationToleranceDegrees":0.00015,"simplificationPreservesTopology":true,"invalidSourceRepair":"make_valid; retain polygonal components; discard zero-area collapsed lines","legalBoundaryIndependentlyVerified":false,"areaId":"638395d8-c193-47c4-b523-3023883818b7"},"geometry":{"type":"Polygon","coordinates":[[[102.059245,16.820597],[102.0892,16.82052],[102.101974,16.818318],[102.106705,16.814193],[102.110106,16.806008],[102.131035,16.809422],[102.125041,16.803169],[102.126227,16.796644],[102.123595,16.787514],[102.123199,16.774558],[102.122688,16.772182],[102.122846,16.773197],[102.092601,16.770862],[102.087744,16.77387],[102.086293,16.783455],[102.081933,16.787536],[102.071567,16.792902],[102.071,16.796792],[102.059301,16.798905],[102.051177,16.79675],[102.028776,16.797029],[102.02588,16.801356],[102.021322,16.802425],[102.022679,16.805836],[102.02591,16.815626],[102.027428,16.817815],[102.032339,16.823584],[102.032833,16.825568],[102.032076,16.829959],[102.032226,16.835036],[102.034031,16.840778],[102.033709,16.842782],[102.025862,16.842745],[102.025779,16.857625],[102.026531,16.857794],[102.0277,16.861007],[102.028028,16.861341],[102.027887,16.861693],[102.028724,16.86279],[102.030375,16.863694],[102.031867,16.863616],[102.033218,16.862583],[102.033286,16.861724],[102.033684,16.861299],[102.035979,16.859993],[102.037536,16.859847],[102.03917,16.85845],[102.039767,16.858348],[102.041984,16.85925],[102.044843,16.86091],[102.044971,16.863031],[102.044568,16.863655],[102.043384,16.86453],[102.043075,16.865274],[102.044319,16.86788],[102.045456,16.868201],[102.047886,16.86719],[102.048476,16.867461],[102.048849,16.868023],[102.050151,16.868973],[102.0511,16.869398],[102.052036,16.869447],[102.053424,16.869129],[102.056039,16.867731],[102.057584,16.869722],[102.05924,16.870571],[102.055656,16.86654],[102.053281,16.860039],[102.058765,16.851175],[102.056103,16.829137],[102.059245,16.820597]]]},"bbox":[102.021322,16.770862,102.131035,16.870571]},{"type":"Feature","id":"1dd6ee43-a20e-4870-ae2c-8906be771539","properties":{"id":"1dd6ee43-a20e-4870-ae2c-8906be771539","code":"06400605","provinceCode":"40","nameTh":"องค์การบริหารส่วนตำบล บริบูรณ์","nameEn":null,"geometryType":"MUNICIPALITY","sourceUrl":"https://landometer.com/api/v2/citymeter-v3/grocery/info/geom/1dd6ee43-a20e-4870-ae2c-8906be771539/MUNICIPALITY","sourceSha256":"989e1e4fc7960d06b06f4c199c886624070a2887310940cde702f5f12f17ac9a","retrievedAt":"2026-10-04T05:43:13.755759+00:00","boundaryVintage":null,"geometryStatus":"native_source_polygon_display_simplified","simplificationToleranceDegrees":0.00015,"simplificationPreservesTopology":true,"invalidSourceRepair":"make_valid; retain polygonal components; discard zero-area collapsed lines","legalBoundaryIndependentlyVerified":false,"areaId":"1dd6ee43-a20e-4870-ae2c-8906be771539"},"geometry":{"type":"Polygon","coordinates":[[[102.13082,16.882426],[102.1321,16.882343],[102.133654,16.879527],[102.134609,16.878631],[102.135643,16.878462],[102.137864,16.878977],[102.137858,16.875531],[102.134395,16.870728],[102.134668,16.868103],[102.128365,16.858117],[102.120479,16.849898],[102.119643,16.836606],[102.11531,16.821079],[102.112124,16.81875],[102.115878,16.816007],[102.108836,16.809826],[102.110106,16.806008],[102.106705,16.814193],[102.101974,16.818318],[102.0892,16.82052],[102.059245,16.820597],[102.056103,16.829137],[102.058765,16.851175],[102.053281,16.860039],[102.055656,16.86654],[102.059731,16.870976],[102.058278,16.872706],[102.057153,16.873602],[102.056679,16.873508],[102.05518,16.875252],[102.055093,16.875773],[102.055814,16.876726],[102.057014,16.877032],[102.057806,16.876799],[102.058636,16.877233],[102.063169,16.881451],[102.063383,16.882694],[102.062386,16.885538],[102.063119,16.887244],[102.064242,16.88726],[102.066544,16.886705],[102.067331,16.887627],[102.067292,16.888281],[102.067857,16.889148],[102.068518,16.889519],[102.069008,16.889463],[102.069417,16.889221],[102.069497,16.88719],[102.069772,16.886191],[102.070371,16.885423],[102.070875,16.88517],[102.071911,16.885595],[102.073948,16.885371],[102.075599,16.886021],[102.078573,16.887856],[102.080577,16.889472],[102.081352,16.889723],[102.083763,16.888494],[102.084225,16.887253],[102.084781,16.886776],[102.08516,16.885783],[102.085814,16.88539],[102.087427,16.884854],[102.091103,16.884552],[102.09461,16.883074],[102.096997,16.882627],[102.098978,16.883256],[102.099155,16.883762],[102.098365,16.885246],[102.097569,16.885368],[102.097343,16.885618],[102.097646,16.887002],[102.096909,16.888318],[102.096359,16.890323],[102.096443,16.890969],[102.097332,16.891919],[102.098841,16.892082],[102.099598,16.892408],[102.100189,16.894884],[102.099982,16.895831],[102.100258,16.896238],[102.100906,16.896512],[102.102519,16.896617],[102.103554,16.897196],[102.104681,16.897411],[102.106538,16.895781],[102.109548,16.895264],[102.110814,16.894409],[102.110759,16.892923],[102.111186,16.892747],[102.111948,16.891649],[102.112767,16.891872],[102.113196,16.891638],[102.113278,16.889803],[102.113004,16.888492],[102.113665,16.887235],[102.114717,16.887223],[102.115262,16.887916],[102.116575,16.887929],[102.118472,16.888808],[102.11884,16.88878],[102.121753,16.884588],[102.122655,16.88381],[102.124388,16.880569],[102.125926,16.88111],[102.127194,16.882605],[102.128812,16.883324],[102.129566,16.883275],[102.13082,16.882426]]]},"bbox":[102.053281,16.806008,102.137864,16.897411]},{"type":"Feature","id":"09e012e1-a189-4fb5-aab8-0335260e5f9e","properties":{"id":"09e012e1-a189-4fb5-aab8-0335260e5f9e","code":"06400606","provinceCode":"40","nameTh":"องค์การบริหารส่วนตำบล สีชมพู","nameEn":null,"geometryType":"MUNICIPALITY","sourceUrl":"https://landometer.com/api/v2/citymeter-v3/grocery/info/geom/09e012e1-a189-4fb5-aab8-0335260e5f9e/MUNICIPALITY","sourceSha256":"af846256c89cf97a8cada220c50013dc735b4c8061caf90110c170456abf4e99","retrievedAt":"2026-10-04T05:43:13.677725+00:00","boundaryVintage":null,"geometryStatus":"native_source_polygon_display_simplified","simplificationToleranceDegrees":0.00015,"simplificationPreservesTopology":true,"invalidSourceRepair":"make_valid; retain polygonal components; discard zero-area collapsed lines","legalBoundaryIndependentlyVerified":false,"areaId":"09e012e1-a189-4fb5-aab8-0335260e5f9e"},"geometry":{"type":"Polygon","coordinates":[[[102.194628,16.858806],[102.196348,16.85987],[102.199569,16.860043],[102.200804,16.861854],[102.201632,16.862248],[102.204376,16.862736],[102.204885,16.862571],[102.205784,16.861563],[102.206429,16.861286],[102.208442,16.860972],[102.208975,16.861487],[102.209063,16.861516],[102.209189,16.861527],[102.209314,16.861531],[102.210841,16.861124],[102.215461,16.857743],[102.212621,16.856892],[102.208231,16.858501],[102.204157,16.84943],[102.202958,16.851178],[102.202162,16.850267],[102.20351,16.846441],[102.200718,16.845004],[102.202113,16.842394],[102.200559,16.842971],[102.197746,16.841026],[102.199661,16.839953],[102.196732,16.839407],[102.197389,16.83705],[102.193633,16.834381],[102.193123,16.830805],[102.190817,16.829796],[102.191305,16.827763],[102.187439,16.825266],[102.186322,16.822213],[102.181292,16.82128],[102.174164,16.822411],[102.169466,16.815014],[102.157826,16.813924],[102.152323,16.808719],[102.152112,16.807265],[102.149716,16.806434],[102.136067,16.807683],[102.131035,16.809422],[102.110106,16.806008],[102.108836,16.809826],[102.115878,16.816007],[102.112124,16.81875],[102.11531,16.821079],[102.119643,16.836606],[102.120479,16.849898],[102.128365,16.858117],[102.134668,16.868103],[102.134395,16.870728],[102.137858,16.875531],[102.137721,16.878917],[102.139623,16.879734],[102.14014,16.880185],[102.140799,16.880216],[102.141201,16.879082],[102.140908,16.877905],[102.141071,16.877537],[102.142372,16.876747],[102.144297,16.876297],[102.144988,16.876986],[102.14409,16.880045],[102.144697,16.880692],[102.146409,16.880902],[102.147819,16.880577],[102.14981,16.881241],[102.152,16.880539],[102.153575,16.88157],[102.156254,16.881247],[102.156876,16.88077],[102.157274,16.879727],[102.158378,16.875221],[102.158297,16.874546],[102.157384,16.873023],[102.157487,16.87253],[102.158046,16.871843],[102.159067,16.87206],[102.159907,16.871452],[102.161839,16.871004],[102.163224,16.87127],[102.163883,16.87117],[102.165688,16.87003],[102.16812,16.870615],[102.168859,16.869868],[102.16886,16.869301],[102.168536,16.868234],[102.16763,16.867418],[102.167566,16.866805],[102.169202,16.866362],[102.171943,16.864896],[102.173015,16.865471],[102.174269,16.865552],[102.17588,16.86686],[102.176413,16.867588],[102.176832,16.869079],[102.178218,16.870327],[102.178769,16.871617],[102.179373,16.872065],[102.179995,16.87215],[102.181129,16.871273],[102.182602,16.868524],[102.183195,16.868038],[102.184408,16.867594],[102.184862,16.867124],[102.185534,16.865771],[102.185801,16.863483],[102.185205,16.861714],[102.186044,16.860753],[102.186797,16.85885],[102.187975,16.857623],[102.18866,16.85763],[102.190084,16.858947],[102.191073,16.859294],[102.192788,16.859361],[102.194628,16.858806]]]},"bbox":[102.108836,16.806008,102.215461,16.881573]},{"type":"Feature","id":"274d7644-c8c9-4b5e-b371-1435d47362f4","properties":{"id":"274d7644-c8c9-4b5e-b371-1435d47362f4","code":"06400607","provinceCode":"40","nameTh":"องค์การบริหารส่วนตำบล ซำยาง","nameEn":null,"geometryType":"MUNICIPALITY","sourceUrl":"https://landometer.com/api/v2/citymeter-v3/grocery/info/geom/274d7644-c8c9-4b5e-b371-1435d47362f4/MUNICIPALITY","sourceSha256":"7545c02d4c934f7469326bb657360f42293e5f0b7ebd71d9443df8292902b538","retrievedAt":"2026-10-04T05:43:13.677006+00:00","boundaryVintage":null,"geometryStatus":"native_source_polygon_display_simplified","simplificationToleranceDegrees":0.00015,"simplificationPreservesTopology":true,"invalidSourceRepair":"make_valid; retain polygonal components; discard zero-area collapsed lines","legalBoundaryIndependentlyVerified":false,"areaId":"274d7644-c8c9-4b5e-b371-1435d47362f4"},"geometry":{"type":"MultiPolygon","coordinates":[[[[102.117687,16.69666],[102.130163,16.695264],[102.137942,16.686388],[102.137121,16.68655],[102.136593,16.680276],[102.130957,16.678664],[102.126905,16.670629],[102.115492,16.673519],[102.103489,16.671087],[102.102357,16.669789],[102.104946,16.666443],[102.104478,16.664501],[102.096018,16.665953],[102.090232,16.664819],[102.088206,16.663406],[102.089591,16.65868],[102.080453,16.657085],[102.079283,16.657984],[102.077733,16.658256],[102.07539,16.658024],[102.07371,16.658213],[102.072936,16.658012],[102.071227,16.658873],[102.069653,16.660115],[102.068274,16.660588],[102.064092,16.662989],[102.063472,16.663712],[102.063384,16.664609],[102.061912,16.665563],[102.061713,16.666337],[102.057685,16.668131],[102.055049,16.670229],[102.054679,16.67082],[102.054722,16.671545],[102.053275,16.67261],[102.052939,16.67326],[102.05095,16.674277],[102.051053,16.675798],[102.051496,16.67714],[102.051283,16.677544],[102.051577,16.677643],[102.051589,16.678379],[102.05188,16.678631],[102.051521,16.679132],[102.051322,16.680826],[102.051081,16.681243],[102.052706,16.683763],[102.053274,16.684272],[102.053521,16.685251],[102.054299,16.685871],[102.054764,16.686722],[102.054818,16.687775],[102.05349,16.688803],[102.05256,16.691152],[102.051439,16.691528],[102.050336,16.691355],[102.050042,16.691576],[102.049737,16.692859],[102.050198,16.693005],[102.048703,16.694885],[102.045354,16.696083],[102.044444,16.696165],[102.044131,16.696372],[102.043643,16.696758],[102.044078,16.69646],[102.075584,16.699235],[102.082544,16.70665],[102.08032,16.710405],[102.084915,16.713004],[102.085763,16.715073],[102.089893,16.714849],[102.090057,16.713035],[102.095484,16.703766],[102.099241,16.700868],[102.111457,16.69463],[102.117687,16.69666]]],[[[102.089893,16.714849],[102.087626,16.714972],[102.089232,16.714885],[102.089893,16.714849]]]]},"bbox":[102.043643,16.657085,102.137942,16.715073]},{"type":"Feature","id":"4d3bdd01-1b1c-4e5d-9431-d4d79df08068","properties":{"id":"4d3bdd01-1b1c-4e5d-9431-d4d79df08068","code":"06400608","provinceCode":"40","nameTh":"องค์การบริหารส่วนตำบล บ้านใหม่","nameEn":null,"geometryType":"MUNICIPALITY","sourceUrl":"https://landometer.com/api/v2/citymeter-v3/grocery/info/geom/4d3bdd01-1b1c-4e5d-9431-d4d79df08068/MUNICIPALITY","sourceSha256":"44871e671c30fe9f576d9389244c3d54028d93097f843360aab45095358271c5","retrievedAt":"2026-10-04T05:43:13.677873+00:00","boundaryVintage":null,"geometryStatus":"native_source_polygon_display_simplified","simplificationToleranceDegrees":0.00015,"simplificationPreservesTopology":true,"invalidSourceRepair":"make_valid; retain polygonal components; discard zero-area collapsed lines","legalBoundaryIndependentlyVerified":false,"areaId":"4d3bdd01-1b1c-4e5d-9431-d4d79df08068"},"geometry":{"type":"Polygon","coordinates":[[[102.071,16.796792],[102.071567,16.792902],[102.081933,16.787536],[102.086293,16.783455],[102.087744,16.77387],[102.092601,16.770862],[102.122846,16.773197],[102.120522,16.762342],[102.115916,16.75758],[102.115432,16.750627],[102.113294,16.746753],[102.120752,16.741921],[102.121054,16.737184],[102.113554,16.738201],[102.118892,16.733184],[102.118045,16.730847],[102.11512,16.727898],[102.10852,16.725695],[102.101926,16.726652],[102.100477,16.728677],[102.092364,16.726186],[102.093071,16.728785],[102.089844,16.728555],[102.092173,16.718196],[102.089829,16.715564],[102.089851,16.715324],[102.089232,16.714885],[102.086094,16.715055],[102.086232,16.715166],[102.081425,16.719973],[102.077626,16.719503],[102.070238,16.722526],[102.064125,16.728349],[102.064323,16.733292],[102.044405,16.743989],[102.018457,16.754765],[102.01867,16.754107],[102.018256,16.755385],[102.015462,16.764025],[102.014512,16.77235],[102.014639,16.790347],[102.021322,16.802425],[102.02588,16.801356],[102.028776,16.797029],[102.051177,16.79675],[102.059301,16.798905],[102.071,16.796792]]]},"bbox":[102.014512,16.714885,102.122846,16.802425]},{"type":"Feature","id":"c92e5eb8-51f5-4ce1-8596-2e9657afa72b","properties":{"id":"c92e5eb8-51f5-4ce1-8596-2e9657afa72b","code":"06400609","provinceCode":"40","nameTh":"องค์การบริหารส่วนตำบล ภูห่าน","nameEn":null,"geometryType":"MUNICIPALITY","sourceUrl":"https://landometer.com/api/v2/citymeter-v3/grocery/info/geom/c92e5eb8-51f5-4ce1-8596-2e9657afa72b/MUNICIPALITY","sourceSha256":"a6f1d9d5ff039704562446e5151ce9af6a4c240373bf6cfd3899a38ce79b4ad8","retrievedAt":"2026-10-04T05:43:13.686945+00:00","boundaryVintage":null,"geometryStatus":"native_source_polygon_display_simplified","simplificationToleranceDegrees":0.00015,"simplificationPreservesTopology":true,"invalidSourceRepair":"make_valid; retain polygonal components; discard zero-area collapsed lines","legalBoundaryIndependentlyVerified":false,"areaId":"c92e5eb8-51f5-4ce1-8596-2e9657afa72b"},"geometry":{"type":"MultiPolygon","coordinates":[[[[102.033716,16.698016],[102.033764,16.698206],[102.032704,16.698326],[102.032711,16.698489],[102.031412,16.698849],[102.031337,16.700067],[102.030202,16.700164],[102.029595,16.7009],[102.028428,16.701597],[102.027248,16.701837],[102.026453,16.702354],[102.025547,16.702485],[102.023957,16.702291],[102.021032,16.701192],[102.020278,16.701181],[102.019422,16.701697],[102.017998,16.702078],[102.017116,16.702052],[102.013066,16.704057],[102.010799,16.706692],[102.009795,16.7074],[102.008528,16.709639],[102.005304,16.713917],[102.004406,16.714661],[102.004353,16.71571],[102.003979,16.715884],[102.004109,16.71636],[102.003387,16.715926],[102.002846,16.71599],[102.003735,16.716608],[102.003925,16.717591],[102.004507,16.717531],[102.004784,16.717829],[102.004679,16.718107],[102.00446,16.717878],[102.004014,16.717912],[102.003948,16.718241],[102.004496,16.718272],[102.004735,16.718844],[102.005524,16.718816],[102.005274,16.719694],[102.00559,16.719762],[102.005823,16.720418],[102.006297,16.720312],[102.007189,16.720662],[102.007108,16.721132],[102.007986,16.721573],[102.007501,16.721724],[102.007414,16.721975],[102.008306,16.722085],[102.007695,16.722828],[102.007981,16.723722],[102.007634,16.724024],[102.008441,16.724692],[102.008464,16.725781],[102.008884,16.72626],[102.009592,16.726284],[102.009705,16.72674],[102.010063,16.726884],[102.009797,16.727414],[102.010487,16.727526],[102.010829,16.727919],[102.009471,16.729095],[102.009673,16.729502],[102.01015,16.729628],[102.01002,16.730666],[102.010596,16.730754],[102.01051,16.731209],[102.010917,16.731663],[102.0105,16.732066],[102.011019,16.732744],[102.010888,16.733223],[102.011644,16.733689],[102.011834,16.733475],[102.012039,16.733629],[102.011934,16.733929],[102.01095,16.734435],[102.010351,16.735636],[102.010516,16.736059],[102.011256,16.73615],[102.011628,16.736717],[102.01137,16.737083],[102.011782,16.737384],[102.011412,16.738425],[102.011578,16.739291],[102.010188,16.73994],[102.010003,16.740482],[102.009562,16.740627],[102.009811,16.741095],[102.008912,16.741704],[102.009117,16.74248],[102.007579,16.74448],[102.007531,16.745117],[102.008084,16.745255],[102.008021,16.745762],[102.008557,16.745996],[102.01008,16.745534],[102.011299,16.745727],[102.011958,16.746113],[102.012551,16.745715],[102.012799,16.745232],[102.013283,16.745233],[102.014017,16.745678],[102.014305,16.745423],[102.014517,16.744607],[102.016677,16.744059],[102.016684,16.744925],[102.017075,16.745577],[102.016983,16.74628],[102.017198,16.746748],[102.016493,16.748284],[102.017012,16.749117],[102.016011,16.750522],[102.016787,16.751538],[102.016922,16.752441],[102.017681,16.752756],[102.01867,16.754107],[102.01845725276522,16.754764895028597],[102.044405,16.743989],[102.064323,16.733292],[102.064125,16.728349],[102.070238,16.722526],[102.077626,16.719503],[102.081425,16.719973],[102.086232,16.715166],[102.085763,16.715073],[102.084915,16.713004],[102.08032,16.710405],[102.082544,16.70665],[102.075584,16.699235],[102.044078,16.69646],[102.043643,16.696758],[102.039978,16.693496],[102.038943,16.694754],[102.035119,16.695435],[102.035294,16.69742],[102.033716,16.698016]]],[[[102.01826802931718,16.755350045598817],[102.01845725276522,16.754764895028597],[102.018457,16.754765],[102.01826802931718,16.755350045598817]]],[[[102.01826802931718,16.755350045598817],[102.018237,16.755446],[102.018259,16.755378],[102.01826802931718,16.755350045598817]]]]},"bbox":[102.002839,16.693496,102.086232,16.755446]},{"type":"Feature","id":"27bdf8b1-23cb-4dc8-8a79-7f0e61d0378e","properties":{"id":"27bdf8b1-23cb-4dc8-8a79-7f0e61d0378e","code":"06400610","provinceCode":"40","nameTh":"องค์การบริหารส่วนตำบล ศรีสุข","nameEn":null,"geometryType":"MUNICIPALITY","sourceUrl":"https://landometer.com/api/v2/citymeter-v3/grocery/info/geom/27bdf8b1-23cb-4dc8-8a79-7f0e61d0378e/MUNICIPALITY","sourceSha256":"6ba081dde62a0fcab460fbbf614979d5da997179b7a40f40212cc227d9edf7ad","retrievedAt":"2026-10-04T05:43:13.670656+00:00","boundaryVintage":null,"geometryStatus":"native_source_polygon_display_simplified","simplificationToleranceDegrees":0.00015,"simplificationPreservesTopology":true,"invalidSourceRepair":"make_valid; retain polygonal components; discard zero-area collapsed lines","legalBoundaryIndependentlyVerified":false,"areaId":"27bdf8b1-23cb-4dc8-8a79-7f0e61d0378e"},"geometry":{"type":"Polygon","coordinates":[[[102.234506,16.756294],[102.234655,16.748313],[102.234434,16.747344],[102.23124,16.743399],[102.228222,16.740713],[102.224626,16.735016],[102.221686,16.731044],[102.21747,16.719476],[102.217192,16.715954],[102.214717,16.711536],[102.213759,16.708865],[102.213871,16.709242],[102.212212,16.708318],[102.211529,16.708243],[102.211726,16.709192],[102.193011,16.714769],[102.188707,16.720844],[102.184702,16.718705],[102.183635,16.714459],[102.183063,16.716003],[102.182911,16.715335],[102.182672,16.715287],[102.182799,16.71461],[102.181902,16.719372],[102.176965,16.715457],[102.170033,16.713956],[102.162681,16.717769],[102.152187,16.728183],[102.142977,16.727389],[102.140311,16.732204],[102.138537,16.731952],[102.134766,16.734358],[102.13596,16.729275],[102.128153,16.724671],[102.122937,16.724237],[102.118072,16.730874],[102.118892,16.733184],[102.113554,16.738201],[102.121054,16.737184],[102.120752,16.741921],[102.113294,16.746753],[102.115432,16.750627],[102.115916,16.75758],[102.120522,16.762342],[102.120661,16.762763],[102.125179,16.758228],[102.127638,16.757858],[102.135299,16.762069],[102.146674,16.771119],[102.165626,16.773806],[102.172634,16.781053],[102.177277,16.775882],[102.18032,16.782076],[102.193785,16.782999],[102.208024,16.789132],[102.209968,16.787863],[102.211024,16.782688],[102.216951,16.782279],[102.223414,16.784403],[102.22999,16.789301],[102.230619,16.788487],[102.23104,16.786939],[102.230962,16.781606],[102.231728,16.780166],[102.233139,16.779242],[102.233384,16.778802],[102.233592,16.77769],[102.233255,16.776046],[102.2338,16.774699],[102.235251,16.773183],[102.235706,16.772182],[102.235822,16.769998],[102.235633,16.767851],[102.235873,16.764517],[102.234506,16.756294]]]},"bbox":[102.113294,16.708243,102.235873,16.789301]},{"type":"Feature","id":"f0a1e26e-9e9b-4321-bd1c-718850acc125","properties":{"id":"f0a1e26e-9e9b-4321-bd1c-718850acc125","code":"06400611","provinceCode":"40","nameTh":"องค์การบริหารส่วนตำบล หนองแดง","nameEn":null,"geometryType":"MUNICIPALITY","sourceUrl":"https://landometer.com/api/v2/citymeter-v3/grocery/info/geom/f0a1e26e-9e9b-4321-bd1c-718850acc125/MUNICIPALITY","sourceSha256":"e664a895193da88f8b07b4d61acb8df5e438f287b18493fa832cee6e2b38096e","retrievedAt":"2026-10-04T05:43:13.696703+00:00","boundaryVintage":null,"geometryStatus":"native_source_polygon_display_simplified","simplificationToleranceDegrees":0.00015,"simplificationPreservesTopology":true,"invalidSourceRepair":"make_valid; retain polygonal components; discard zero-area collapsed lines","legalBoundaryIndependentlyVerified":false,"areaId":"f0a1e26e-9e9b-4321-bd1c-718850acc125"},"geometry":{"type":"MultiPolygon","coordinates":[[[[102.162681,16.717769],[102.170033,16.713956],[102.176965,16.715457],[102.181902,16.719372],[102.182799,16.71461],[102.181555,16.713268],[102.181964,16.713709],[102.184504,16.711142],[102.184649,16.706284],[102.183208,16.705746],[102.184182,16.703636],[102.180088,16.700355],[102.181349,16.697879],[102.178567,16.69641],[102.173043,16.697388],[102.168263,16.695467],[102.16825,16.694046],[102.163303,16.69403],[102.163181,16.692576],[102.162667,16.693616],[102.161147,16.692682],[102.159537,16.695914],[102.153662,16.692932],[102.15131,16.694039],[102.150659,16.693536],[102.150654,16.694709],[102.148784,16.691663],[102.138076,16.686235],[102.130163,16.695264],[102.117687,16.69666],[102.111457,16.69463],[102.099241,16.700868],[102.095484,16.703766],[102.090057,16.713035],[102.089893,16.714849],[102.08923204022885,16.714885028530638],[102.089851,16.715324],[102.089829,16.715564],[102.092173,16.718196],[102.089844,16.728555],[102.093071,16.728785],[102.092364,16.726186],[102.100477,16.728677],[102.101926,16.726652],[102.10852,16.725695],[102.11512,16.727898],[102.118045,16.730847],[102.118371,16.731747],[102.118072,16.730874],[102.122937,16.724237],[102.128153,16.724671],[102.13596,16.729275],[102.134766,16.734358],[102.138537,16.731952],[102.140311,16.732204],[102.142977,16.727389],[102.152187,16.728183],[102.162681,16.717769]]],[[[102.088884,16.714904],[102.08923204022885,16.714885028530638],[102.089232,16.714885],[102.088884,16.714904]]]]},"bbox":[102.088884,16.686235,102.184649,16.734358]},{"type":"Feature","id":"d7bbce01-3c4d-4403-a3e8-bddf87ef64da","properties":{"id":"d7bbce01-3c4d-4403-a3e8-bddf87ef64da","code":"06400706","provinceCode":"40","nameTh":"องค์การบริหารส่วนตำบล วังชัย","nameEn":null,"geometryType":"MUNICIPALITY","sourceUrl":"https://landometer.com/api/v2/citymeter-v3/grocery/info/geom/d7bbce01-3c4d-4403-a3e8-bddf87ef64da/MUNICIPALITY","sourceSha256":"b5e6b9bd3fc13888f9a328afd896bbbd90aa948e1f58f3c093890f4902f2a594","retrievedAt":"2026-10-04T05:43:13.744451+00:00","boundaryVintage":null,"geometryStatus":"native_source_polygon_display_simplified","simplificationToleranceDegrees":0.00015,"simplificationPreservesTopology":true,"invalidSourceRepair":"make_valid; retain polygonal components; discard zero-area collapsed lines","legalBoundaryIndependentlyVerified":false,"areaId":"d7bbce01-3c4d-4403-a3e8-bddf87ef64da"},"geometry":{"type":"MultiPolygon","coordinates":[[[[102.835493,16.657647],[102.830791,16.654242],[102.823562,16.653022],[102.824398,16.670536],[102.821951,16.679076],[102.820678,16.682691],[102.82391,16.682338],[102.824072,16.682898],[102.817097,16.699775],[102.820281,16.704583],[102.827557,16.703774],[102.839825,16.703552],[102.840157,16.704382],[102.840294,16.704307],[102.838156,16.699157],[102.852742,16.692246],[102.835493,16.657647]]],[[[102.854657,16.725919],[102.851683,16.729485],[102.855186,16.734577],[102.854381,16.737557],[102.858175,16.737224],[102.857624,16.741329],[102.863325,16.745299],[102.864321,16.749546],[102.871824,16.751713],[102.875166,16.748156],[102.876581,16.741038],[102.864344,16.715544],[102.852101,16.721359],[102.853032,16.720986],[102.854657,16.725919]]]]},"bbox":[102.817097,16.653022,102.876581,16.751713]},{"type":"Feature","id":"e1a82aef-960a-44a2-8795-d053e66c52de","properties":{"id":"e1a82aef-960a-44a2-8795-d053e66c52de","code":"06400707","provinceCode":"40","nameTh":"องค์การบริหารส่วนตำบล ทรายมูล","nameEn":null,"geometryType":"MUNICIPALITY","sourceUrl":"https://landometer.com/api/v2/citymeter-v3/grocery/info/geom/e1a82aef-960a-44a2-8795-d053e66c52de/MUNICIPALITY","sourceSha256":"056f1fb76f4e60116cbf6d013996b89fc8ae90ac841b2bdef5918e19a50445d1","retrievedAt":"2026-10-04T05:43:13.752308+00:00","boundaryVintage":null,"geometryStatus":"native_source_polygon_display_simplified","simplificationToleranceDegrees":0.00015,"simplificationPreservesTopology":true,"invalidSourceRepair":"make_valid; retain polygonal components; discard zero-area collapsed lines","legalBoundaryIndependentlyVerified":false,"areaId":"e1a82aef-960a-44a2-8795-d053e66c52de"},"geometry":{"type":"Polygon","coordinates":[[[102.89166,16.701678],[102.883002,16.708618],[102.911323,16.703347],[102.917684,16.70811],[102.91691,16.70753],[102.920688,16.709651],[102.937781,16.708633],[102.947427,16.669013],[102.946306,16.66939],[102.946375,16.669105],[102.945041,16.669249],[102.942242,16.670756],[102.939585,16.671648],[102.922304,16.667012],[102.916375,16.661533],[102.91523,16.653912],[102.91529,16.645961],[102.936546,16.626506],[102.934381,16.623394],[102.90585,16.617023],[102.890125,16.611716],[102.888096,16.613547],[102.890366,16.621503],[102.886652,16.625761],[102.883204,16.636884],[102.889064,16.649131],[102.881197,16.659824],[102.880048,16.667639],[102.876273,16.670594],[102.876925,16.670818],[102.878053,16.670519],[102.892044,16.677054],[102.889587,16.681306],[102.891873,16.68359],[102.883652,16.692717],[102.891308,16.699341],[102.89166,16.701678]]]},"bbox":[102.876273,16.611716,102.947427,16.709651]},{"type":"Feature","id":"966caded-33ab-4c0c-8667-13021af5f507","properties":{"id":"966caded-33ab-4c0c-8667-13021af5f507","code":"06400708","provinceCode":"40","nameTh":"องค์การบริหารส่วนตำบล ท่ากระเสริม","nameEn":null,"geometryType":"MUNICIPALITY","sourceUrl":"https://landometer.com/api/v2/citymeter-v3/grocery/info/geom/966caded-33ab-4c0c-8667-13021af5f507/MUNICIPALITY","sourceSha256":"9d92b1be6efd62568de2f32598ebfaf50b4869ee0ae1e59c984f114ff15a6fc3","retrievedAt":"2026-10-04T05:43:13.770834+00:00","boundaryVintage":null,"geometryStatus":"native_source_polygon_display_simplified","simplificationToleranceDegrees":0.00015,"simplificationPreservesTopology":true,"invalidSourceRepair":"make_valid; retain polygonal components; discard zero-area collapsed lines","legalBoundaryIndependentlyVerified":false,"areaId":"966caded-33ab-4c0c-8667-13021af5f507"},"geometry":{"type":"MultiPolygon","coordinates":[[[[102.866518,16.645796],[102.868034,16.649634],[102.865848,16.651765],[102.86334,16.650471],[102.859364,16.655128],[102.85065,16.655957],[102.851085,16.65976],[102.85593,16.66189],[102.856939,16.668353],[102.860248,16.671636],[102.864405,16.674132],[102.876925,16.670818],[102.876273,16.670594],[102.880048,16.667639],[102.881197,16.659824],[102.889064,16.649131],[102.883204,16.636884],[102.886652,16.625761],[102.890366,16.621503],[102.888096,16.613547],[102.890125,16.611716],[102.893481,16.612849],[102.893498,16.612362],[102.894645,16.611801],[102.896393,16.611758],[102.900794,16.608795],[102.901127,16.598106],[102.905282,16.596481],[102.903848,16.59393],[102.905203,16.593818],[102.906302,16.585511],[102.905061,16.581895],[102.911855,16.581845],[102.914592,16.575948],[102.909546,16.572149],[102.910104,16.565814],[102.906505,16.566401],[102.906068,16.564425],[102.909837,16.563553],[102.908828,16.560765],[102.912177,16.555765],[102.911018,16.548665],[102.902175,16.545118],[102.901651,16.54433],[102.901809,16.544001],[102.9036,16.543613],[102.903999,16.542338],[102.904775,16.542427],[102.904795,16.54186],[102.905322,16.541724],[102.905204,16.539654],[102.904641,16.53931],[102.904698,16.538541],[102.905407,16.537736],[102.905248,16.536406],[102.903676,16.535306],[102.904093,16.534675],[102.903944,16.53388],[102.904343,16.533439],[102.903917,16.531856],[102.904831,16.530642],[102.905058,16.529791],[102.901236,16.530527],[102.898815,16.529978],[102.894031,16.533365],[102.892143,16.533362],[102.89034,16.532233],[102.889518,16.53245],[102.888731,16.5338],[102.889063,16.534537],[102.893312,16.536836],[102.896,16.537668],[102.896853,16.538536],[102.896798,16.539406],[102.894692,16.540691],[102.891704,16.541895],[102.890962,16.541525],[102.889914,16.540451],[102.887204,16.539034],[102.886411,16.539934],[102.885524,16.542341],[102.886122,16.543071],[102.887312,16.543331],[102.887696,16.544128],[102.887486,16.544692],[102.885244,16.545377],[102.883637,16.546174],[102.881703,16.546645],[102.880924,16.547104],[102.87955,16.550147],[102.878482,16.551854],[102.878731,16.553611],[102.878212,16.554467],[102.877208,16.5546],[102.875192,16.553895],[102.873554,16.554209],[102.873124,16.554687],[102.872742,16.556305],[102.872064,16.557501],[102.872107,16.558977],[102.87295,16.560224],[102.875108,16.561518],[102.876279,16.562689],[102.877398,16.56274],[102.880368,16.560324],[102.881394,16.560517],[102.881724,16.561021],[102.881833,16.563002],[102.88108,16.564181],[102.879387,16.564992],[102.874945,16.566308],[102.873787,16.5672],[102.873186,16.567966],[102.873075,16.568499],[102.873298,16.568997],[102.874014,16.569119],[102.875815,16.568964],[102.878744,16.569257],[102.880734,16.568718],[102.881515,16.568845],[102.881555,16.569542],[102.881062,16.570715],[102.879646,16.573012],[102.878771,16.575034],[102.877311,16.576942],[102.87702,16.577829],[102.875972,16.578442],[102.874036,16.578422],[102.873617,16.578904],[102.873567,16.579757],[102.873751,16.581711],[102.874183,16.582444],[102.877189,16.583937],[102.879071,16.584165],[102.881009,16.583909],[102.882263,16.583486],[102.883129,16.583621],[102.883345,16.584567],[102.882292,16.586091],[102.881558,16.588126],[102.880855,16.588784],[102.88012,16.588954],[102.879394,16.588697],[102.878474,16.58764],[102.877435,16.587541],[102.871757,16.589134],[102.871138,16.58976],[102.871047,16.590908],[102.871384,16.592258],[102.872614,16.593768],[102.871935,16.594513],[102.870864,16.594865],[102.869622,16.594065],[102.86772,16.59142],[102.866179,16.590043],[102.865717,16.589816],[102.864527,16.589788],[102.863883,16.589327],[102.863705,16.588745],[102.863822,16.587818],[102.865008,16.585788],[102.865157,16.585069],[102.864951,16.584525],[102.863875,16.584487],[102.861365,16.585487],[102.858838,16.585623],[102.857947,16.586494],[102.858303,16.587773],[102.858814,16.588316],[102.86021,16.588657],[102.861104,16.589216],[102.861607,16.589752],[102.861778,16.590447],[102.861738,16.5913],[102.861433,16.591839],[102.859798,16.593301],[102.859732,16.593803],[102.859992,16.594362],[102.860889,16.594962],[102.862377,16.595146],[102.864118,16.59418],[102.865066,16.594037],[102.865629,16.594315],[102.865927,16.594786],[102.865798,16.596184],[102.864846,16.598249],[102.86422,16.598684],[102.862517,16.599124],[102.861966,16.599919],[102.861968,16.600749],[102.862275,16.601492],[102.864025,16.60324],[102.864071,16.603997],[102.86376,16.604708],[102.863241,16.605319],[102.862448,16.605644],[102.861937,16.605481],[102.861325,16.604844],[102.860167,16.602486],[102.860124,16.60143],[102.86063,16.600287],[102.860664,16.599601],[102.860419,16.599059],[102.860298,16.598969],[102.86013,16.598907],[102.859959,16.598886],[102.859333,16.59914],[102.857733,16.600634],[102.857626,16.601179],[102.858087,16.603099],[102.857271,16.603861],[102.855732,16.604208],[102.854327,16.6041],[102.852408,16.603117],[102.850235,16.602596],[102.849105,16.602764],[102.848723,16.603281],[102.84905,16.604003],[102.851199,16.604686],[102.851954,16.605226],[102.852514,16.606281],[102.852578,16.607139],[102.851924,16.608796],[102.849969,16.610988],[102.84999,16.611664],[102.850905,16.612966],[102.850744,16.61386],[102.850191,16.614369],[102.849165,16.614588],[102.848975,16.61454],[102.848655,16.614408],[102.848412,16.614217],[102.84781,16.613221],[102.84731,16.613173],[102.846948,16.613407],[102.84613,16.615039],[102.846063,16.616247],[102.846371,16.617283],[102.846916,16.61782],[102.848054,16.618287],[102.848938,16.619123],[102.850062,16.619411],[102.850804,16.619082],[102.851316,16.618302],[102.851349,16.616872],[102.851619,16.616362],[102.85207,16.616019],[102.852663,16.616098],[102.85308,16.616714],[102.853736,16.619599],[102.854712,16.621715],[102.855775,16.622153],[102.85729,16.621148],[102.857953,16.621118],[102.858601,16.62172],[102.858682,16.622895],[102.858244,16.623927],[102.85677,16.625947],[102.855987,16.628039],[102.854988,16.62907],[102.852444,16.630043],[102.84908,16.629421],[102.84686,16.6307],[102.845741,16.633056],[102.844035,16.63437],[102.844377,16.636323],[102.842408,16.638114],[102.842541,16.63848],[102.845622,16.639751],[102.850258,16.63596],[102.851645,16.638464],[102.850156,16.640248],[102.848157,16.645871],[102.8535,16.649318],[102.853051,16.652568],[102.8594,16.649794],[102.857584,16.648075],[102.858697,16.645389],[102.863415,16.64702],[102.866518,16.645796]],[[102.876897,16.577976],[102.876773,16.57809],[102.876813,16.578053],[102.876897,16.577976]],[[102.860069,16.5989],[102.86006,16.598899],[102.86006722580635,16.598899774193537],[102.860069,16.5989]]],[[[102.849095,16.61457],[102.84909016129026,16.61456903225805],[102.849094,16.61457],[102.849095,16.61457]]]]},"bbox":[102.842408,16.529791,102.914592,16.674132]},{"type":"Feature","id":"4fdb40f3-46b6-4959-aa7d-afd8951d86f5","properties":{"id":"4fdb40f3-46b6-4959-aa7d-afd8951d86f5","code":"06400709","provinceCode":"40","nameTh":"องค์การบริหารส่วนตำบล บัวเงิน","nameEn":null,"geometryType":"MUNICIPALITY","sourceUrl":"https://landometer.com/api/v2/citymeter-v3/grocery/info/geom/4fdb40f3-46b6-4959-aa7d-afd8951d86f5/MUNICIPALITY","sourceSha256":"a45f7b17bd0809d6b7015faf5c00c9ca9c1a1a73e76d6df1ac56860b27768b3c","retrievedAt":"2026-10-04T05:43:13.770036+00:00","boundaryVintage":null,"geometryStatus":"native_source_polygon_display_simplified","simplificationToleranceDegrees":0.00015,"simplificationPreservesTopology":true,"invalidSourceRepair":"make_valid; retain polygonal components; discard zero-area collapsed lines","legalBoundaryIndependentlyVerified":false,"areaId":"4fdb40f3-46b6-4959-aa7d-afd8951d86f5"},"geometry":{"type":"Polygon","coordinates":[[[102.936723,16.73977],[102.930617,16.745076],[102.929496,16.750133],[102.933877,16.750833],[102.94176,16.74726],[102.943732,16.748529],[102.954064,16.748425],[102.957419,16.752521],[102.954459,16.765983],[102.956546,16.76844],[102.954728,16.769225],[102.950884,16.776662],[102.95238,16.779178],[102.951284,16.781052],[102.955191,16.783506],[102.954999,16.786886],[102.953057,16.787707],[102.954914,16.792457],[102.951222,16.797854],[102.952671,16.800674],[102.949838,16.80531],[102.950143,16.806068],[102.949599,16.805776],[102.949703,16.806093],[102.949393,16.807079],[102.949096,16.807216],[102.949068,16.807715],[102.948505,16.807657],[102.947922,16.808279],[102.947624,16.809191],[102.946774,16.809626],[102.947185,16.809795],[102.946955,16.810536],[102.946274,16.810791],[102.945976,16.81162],[102.945446,16.811831],[102.945653,16.812861],[102.945556,16.814148],[102.944953,16.814294],[102.944516,16.815275],[102.943439,16.815549],[102.943731,16.815881],[102.943604,16.816788],[102.943082,16.816905],[102.943229,16.817616],[102.942803,16.817964],[102.942808,16.818334],[102.942466,16.818313],[102.9425,16.818643],[102.941698,16.81868],[102.941519,16.819622],[102.941793,16.819878],[102.941221,16.820288],[102.941161,16.821453],[102.940631,16.821926],[102.940006,16.821581],[102.940066,16.82211],[102.939861,16.822397],[102.939485,16.822461],[102.939188,16.822219],[102.938787,16.822391],[102.938311,16.82301],[102.937912,16.823087],[102.938086,16.823446],[102.937815,16.823831],[102.936776,16.823189],[102.936832,16.823614],[102.936268,16.823305],[102.93565,16.823597],[102.935739,16.82452],[102.935011,16.824987],[102.934771,16.825933],[102.935138,16.826673],[102.935066,16.827269],[102.934211,16.828317],[102.933238,16.828511],[102.932358,16.829193],[102.930768,16.831756],[102.928991,16.837905],[102.931563,16.837056],[102.934472,16.837072],[102.936034,16.836639],[102.936784,16.836947],[102.938161,16.836616],[102.939839,16.836871],[102.941587,16.83628],[102.944864,16.83865],[102.946922,16.839529],[102.950348,16.841805],[102.952947,16.841309],[102.953486,16.840452],[102.954619,16.840448],[102.955581,16.841212],[102.956685,16.841273],[102.95776,16.842232],[102.95923,16.842542],[102.959707,16.844291],[102.96094,16.84429],[102.962294,16.844643],[102.963358,16.846552],[102.965469,16.846133],[102.967087,16.846499],[102.968092,16.847359],[102.97368,16.850049],[102.97452,16.85001],[102.978504,16.853676],[102.979433,16.855363],[102.980649,16.855769],[102.981557,16.85655],[102.983915,16.857091],[102.98524,16.856738],[102.987603,16.856908],[102.995648,16.859683],[102.996217,16.860089],[102.996561,16.861014],[102.99775,16.861744],[103.001227,16.862984],[103.001724,16.864859],[103.001929,16.864929],[103.002044,16.864167],[103.003957,16.862157],[103.005312,16.859084],[103.005377,16.85829],[103.005072,16.856945],[103.005232,16.856016],[103.004945,16.855173],[103.00532,16.855057],[103.005255,16.854776],[103.005527,16.85453],[103.005316,16.853883],[103.005635,16.853132],[103.005577,16.852681],[103.006174,16.852185],[103.006137,16.851601],[103.006433,16.851528],[103.005851,16.850976],[103.00585,16.850391],[103.006992,16.849018],[103.007307,16.849209],[103.007896,16.849066],[103.011233,16.847273],[103.013194,16.845232],[103.014722,16.844792],[103.015628,16.84379],[103.016603,16.843373],[103.016715,16.84262],[103.017836,16.842152],[103.017809,16.841455],[103.016989,16.841488],[103.016724,16.840757],[103.016354,16.840642],[103.016101,16.840112],[103.015148,16.839777],[103.015221,16.838745],[103.014746,16.838462],[103.014824,16.837555],[103.015522,16.836995],[103.015545,16.836796],[103.015177,16.836622],[103.015217,16.836026],[103.014978,16.835692],[103.015324,16.834576],[103.015731,16.83422],[103.015695,16.833549],[103.016063,16.833328],[103.015665,16.832087],[103.015953,16.831431],[103.014687,16.830971],[103.014611,16.830354],[103.014143,16.830497],[103.013653,16.831032],[103.012902,16.830434],[103.012486,16.830624],[103.012324,16.82996],[103.011784,16.829648],[103.010945,16.829759],[103.011047,16.830438],[103.010418,16.830351],[103.010132,16.830132],[103.010266,16.829663],[103.009491,16.829635],[103.008465,16.828621],[103.007547,16.828198],[103.007799,16.827663],[103.007244,16.827445],[103.006829,16.826563],[103.006477,16.826332],[103.006034,16.826444],[103.006167,16.826155],[103.005716,16.825625],[103.00618,16.823898],[103.008431,16.818982],[103.012242,16.808649],[103.017053,16.799892],[103.017211,16.798719],[103.017646,16.797842],[103.016614,16.795953],[103.014637,16.789712],[103.013796,16.788168],[103.014492,16.786167],[103.013955,16.782036],[103.014376,16.780345],[103.013217,16.780029],[103.013,16.779565],[103.012325,16.779049],[103.011565,16.779139],[103.01113,16.778351],[103.010583,16.778226],[103.010309,16.777804],[103.009715,16.777574],[103.009699,16.777124],[103.00916,16.776576],[103.006598,16.775317],[103.004138,16.77274],[103.00168,16.771612],[103.001165,16.770593],[102.999741,16.770277],[102.999477,16.769902],[102.999376,16.768912],[103.00001,16.768214],[102.999926,16.767948],[102.996993,16.766137],[102.996862,16.765511],[102.996013,16.764502],[102.995537,16.76307],[102.993699,16.761752],[102.993396,16.760875],[102.993748,16.760618],[102.99375,16.760335],[102.993394,16.759916],[102.993025,16.758118],[102.992524,16.757183],[102.992674,16.75638],[102.991912,16.755782],[102.991049,16.753965],[102.990622,16.754134],[102.990169,16.753765],[102.990279,16.753461],[102.989857,16.753395],[102.990229,16.753114],[102.989956,16.752885],[102.990233,16.75253],[102.990105,16.752295],[102.98971,16.752311],[102.989742,16.751096],[102.988594,16.749976],[102.988164,16.750066],[102.987965,16.749382],[102.987612,16.749331],[102.987895,16.748819],[102.987714,16.748491],[102.988237,16.748184],[102.988969,16.747033],[102.988837,16.745893],[102.988395,16.74515],[102.988505,16.74488],[102.988268,16.74477],[102.988601,16.743834],[102.988094,16.743157],[102.988831,16.743165],[102.989232,16.743561],[102.990351,16.743165],[102.992145,16.743462],[102.992379,16.743814],[102.992748,16.743711],[102.992593,16.744117],[102.992871,16.744341],[102.993425,16.743898],[102.993625,16.744099],[102.99414,16.743921],[102.994473,16.745012],[102.99552,16.744639],[102.995854,16.745189],[102.996123,16.74511],[102.996378,16.745461],[102.996845,16.745568],[102.997177,16.747223],[102.997598,16.747239],[102.998344,16.746575],[102.998813,16.747359],[102.998802,16.747967],[102.999559,16.747844],[102.999922,16.748439],[102.999497,16.749058],[102.999527,16.750349],[103.00061,16.750758],[103.000884,16.751084],[103.002495,16.751292],[103.001834,16.744575],[103.005536,16.732984],[103.006438,16.728061],[103.005994,16.726807],[103.005213,16.725926],[103.004985,16.723097],[103.00461,16.721762],[102.98789,16.706043],[102.987409,16.691732],[102.987905,16.667136],[102.987759,16.664646],[102.954188,16.668304],[102.954531,16.707805],[102.970725,16.706857],[102.967867,16.710024],[102.963342,16.710734],[102.942224,16.712175],[102.941958,16.718998],[102.950568,16.727991],[102.9509,16.734172],[102.936723,16.73977]]]},"bbox":[102.928991,16.664646,103.017853,16.864929]},{"type":"Feature","id":"22b0a294-bb3c-484c-bc9e-a3e217430491","properties":{"id":"22b0a294-bb3c-484c-bc9e-a3e217430491","code":"06400710","provinceCode":"40","nameTh":"องค์การบริหารส่วนตำบล บัวใหญ่","nameEn":null,"geometryType":"MUNICIPALITY","sourceUrl":"https://landometer.com/api/v2/citymeter-v3/grocery/info/geom/22b0a294-bb3c-484c-bc9e-a3e217430491/MUNICIPALITY","sourceSha256":"a064609c82612d7b361137f6f162c04e43b2b846cd84ff961a637e644d3d1c4a","retrievedAt":"2026-10-04T05:43:13.764199+00:00","boundaryVintage":null,"geometryStatus":"native_source_polygon_display_simplified","simplificationToleranceDegrees":0.00015,"simplificationPreservesTopology":true,"invalidSourceRepair":"make_valid; retain polygonal components; discard zero-area collapsed lines","legalBoundaryIndependentlyVerified":false,"areaId":"22b0a294-bb3c-484c-bc9e-a3e217430491"},"geometry":{"type":"Polygon","coordinates":[[[102.916375,16.661533],[102.922304,16.667012],[102.939585,16.671648],[102.942242,16.670756],[102.945041,16.669249],[102.946375,16.669105],[102.946306,16.66939],[102.947427,16.669013],[102.987759,16.664646],[102.987809,16.659881],[102.987468,16.657431],[102.986101,16.652847],[102.985782,16.649915],[102.985005,16.647224],[102.985418,16.643127],[102.986742,16.639227],[102.987584,16.637726],[102.989871,16.634755],[102.992798,16.626725],[102.994969,16.622918],[102.999918,16.619221],[103.004455,16.605458],[103.005021,16.6014],[103.004427,16.600962],[103.003983,16.60221],[103.003353,16.602454],[103.003019,16.602343],[103.003233,16.601379],[102.989558,16.590655],[102.965448,16.593081],[102.952441,16.596081],[102.905903,16.588523],[102.905203,16.593818],[102.903848,16.59393],[102.905282,16.596481],[102.901127,16.598106],[102.900794,16.608795],[102.896393,16.611758],[102.894645,16.611801],[102.893498,16.612362],[102.893481,16.612849],[102.90585,16.617023],[102.934381,16.623394],[102.936546,16.626506],[102.91529,16.645961],[102.91523,16.653912],[102.916375,16.661533]]]},"bbox":[102.893481,16.588523,103.005052,16.671648]},{"type":"Feature","id":"497aff7a-b81d-4a37-b04a-39449dbc9ac6","properties":{"id":"497aff7a-b81d-4a37-b04a-39449dbc9ac6","code":"06400711","provinceCode":"40","nameTh":"องค์การบริหารส่วนตำบล บ้านขาม","nameEn":null,"geometryType":"MUNICIPALITY","sourceUrl":"https://landometer.com/api/v2/citymeter-v3/grocery/info/geom/497aff7a-b81d-4a37-b04a-39449dbc9ac6/MUNICIPALITY","sourceSha256":"be2e77a0e59b5e3b6ccd37752c05104aca6cac2a6e77232a026a3f521c6de678","retrievedAt":"2026-10-04T05:43:13.775714+00:00","boundaryVintage":null,"geometryStatus":"native_source_polygon_display_simplified","simplificationToleranceDegrees":0.00015,"simplificationPreservesTopology":true,"invalidSourceRepair":"make_valid; retain polygonal components; discard zero-area collapsed lines","legalBoundaryIndependentlyVerified":false,"areaId":"497aff7a-b81d-4a37-b04a-39449dbc9ac6"},"geometry":{"type":"Polygon","coordinates":[[[102.909546,16.572149],[102.914592,16.575948],[102.911855,16.581845],[102.905061,16.581895],[102.906302,16.585511],[102.905903,16.588523],[102.952441,16.596081],[102.965448,16.593081],[102.989558,16.590655],[103.003233,16.601379],[103.003019,16.602343],[103.003353,16.602454],[103.003983,16.60221],[103.0044273280185,16.600961995030023],[103.005052,16.601576],[103.006629,16.591328],[103.006096,16.582763],[103.005019,16.573166],[103.0043,16.570968],[103.001278,16.566561],[102.998998,16.565599],[102.998365,16.565001],[102.997351,16.565271],[102.995252,16.562885],[102.997098,16.555625],[102.99583,16.555992],[102.994336,16.555695],[102.993475,16.555855],[102.992191,16.554868],[102.99188,16.554298],[102.959821,16.532426],[102.946833,16.53376],[102.945099,16.533833],[102.94435,16.533406],[102.941996,16.53369],[102.926886,16.54084],[102.925636,16.541198],[102.921889,16.54324],[102.917508,16.544419],[102.915771,16.544447],[102.912425,16.543149],[102.91167,16.543324],[102.911357,16.542457],[102.91058,16.542401],[102.909983,16.542664],[102.909106,16.542439],[102.908681,16.542052],[102.908101,16.542527],[102.907194,16.542387],[102.906173,16.544107],[102.904604,16.545365],[102.903641,16.545611],[102.911018,16.548665],[102.912177,16.555765],[102.908828,16.560765],[102.909837,16.563553],[102.906068,16.564425],[102.906505,16.566401],[102.910104,16.565814],[102.909546,16.572149]]]},"bbox":[102.903641,16.532426,103.006629,16.602454]},{"type":"Feature","id":"55e6a71e-717b-444c-a9f1-bfa24431f081","properties":{"id":"55e6a71e-717b-444c-a9f1-bfa24431f081","code":"06400712","provinceCode":"40","nameTh":"องค์การบริหารส่วนตำบล พังทุย","nameEn":null,"geometryType":"MUNICIPALITY","sourceUrl":"https://landometer.com/api/v2/citymeter-v3/grocery/info/geom/55e6a71e-717b-444c-a9f1-bfa24431f081/MUNICIPALITY","sourceSha256":"fe27fd97000261d72f6f74ae59e3bf2c6372c745151a356f5985bbc69450cf29","retrievedAt":"2026-10-04T05:43:13.806157+00:00","boundaryVintage":null,"geometryStatus":"native_source_polygon_display_simplified","simplificationToleranceDegrees":0.00015,"simplificationPreservesTopology":true,"invalidSourceRepair":"make_valid; retain polygonal components; discard zero-area collapsed lines","legalBoundaryIndependentlyVerified":false,"areaId":"55e6a71e-717b-444c-a9f1-bfa24431f081"},"geometry":{"type":"MultiPolygon","coordinates":[[[[102.91691,16.70753],[102.917684,16.70811],[102.920245,16.720455],[102.914596,16.721221],[102.915422,16.725956],[102.909646,16.730326],[102.90782,16.744981],[102.905149,16.748922],[102.89604,16.756161],[102.892748,16.756223],[102.891526,16.758443],[102.890142,16.756842],[102.886817,16.758161],[102.884394,16.756543],[102.883231,16.766105],[102.87148,16.770347],[102.868992,16.773424],[102.868609,16.769966],[102.867263,16.771669],[102.865555,16.771996],[102.865312,16.772236],[102.864806,16.775011],[102.873719,16.782281],[102.872884,16.785682],[102.877773,16.786557],[102.880867,16.787368],[102.882534,16.787055],[102.894351,16.787059],[102.894649,16.787985],[102.895538,16.78806],[102.898719,16.789344],[102.901229,16.791066],[102.903098,16.791249],[102.906396,16.792388],[102.910309,16.79146],[102.911239,16.790507],[102.912551,16.790092],[102.91442,16.790097],[102.916443,16.789787],[102.922049,16.791956],[102.922953,16.791185],[102.924493,16.791245],[102.924878,16.791819],[102.925514,16.792023],[102.925781,16.792759],[102.925754,16.793733],[102.926588,16.794678],[102.928932,16.795883],[102.92932,16.797687],[102.930681,16.798152],[102.930925,16.797994],[102.931913,16.798528],[102.932181,16.799013],[102.943299,16.803427],[102.947771,16.803453],[102.948,16.803922],[102.950141,16.804631],[102.949864,16.804712],[102.949838,16.80531],[102.952671,16.800674],[102.951222,16.797854],[102.954914,16.792457],[102.953057,16.787707],[102.954999,16.786886],[102.955191,16.783506],[102.951284,16.781052],[102.95238,16.779178],[102.950884,16.776662],[102.954728,16.769225],[102.956546,16.76844],[102.954459,16.765983],[102.957419,16.752521],[102.954064,16.748425],[102.943732,16.748529],[102.94176,16.74726],[102.933877,16.750833],[102.929496,16.750133],[102.930327,16.746278],[102.930579,16.745109],[102.936723,16.73977],[102.9509,16.734172],[102.950568,16.727991],[102.941958,16.718998],[102.942224,16.712175],[102.963342,16.710734],[102.967867,16.710024],[102.970725,16.706857],[102.954531,16.707805],[102.954188,16.668304],[102.947427,16.669013],[102.937781,16.708633],[102.920688,16.709651],[102.91691,16.70753]]],[[[102.930579,16.745109],[102.93032703924112,16.746277837352338],[102.930617,16.745076],[102.930579,16.745109]]]]},"bbox":[102.864806,16.668304,102.970725,16.80531]},{"type":"Feature","id":"52dd38ee-05f9-470e-baa1-8f374b4770b5","properties":{"id":"52dd38ee-05f9-470e-baa1-8f374b4770b5","code":"06400714","provinceCode":"40","nameTh":"องค์การบริหารส่วนตำบล หนองกุง","nameEn":null,"geometryType":"MUNICIPALITY","sourceUrl":"https://landometer.com/api/v2/citymeter-v3/grocery/info/geom/52dd38ee-05f9-470e-baa1-8f374b4770b5/MUNICIPALITY","sourceSha256":"9bcc4d28849f420bf673d9f36e26d9b38e3cba72f66fc3e122a987bfc42c5c67","retrievedAt":"2026-10-04T05:43:13.828496+00:00","boundaryVintage":null,"geometryStatus":"native_source_polygon_display_simplified","simplificationToleranceDegrees":0.00015,"simplificationPreservesTopology":true,"invalidSourceRepair":"make_valid; retain polygonal components; discard zero-area collapsed lines","legalBoundaryIndependentlyVerified":false,"areaId":"52dd38ee-05f9-470e-baa1-8f374b4770b5"},"geometry":{"type":"Polygon","coordinates":[[[102.842541,16.63848],[102.842408,16.638114],[102.844377,16.636323],[102.844035,16.63437],[102.842098,16.634515],[102.840814,16.635319],[102.840049,16.635523],[102.839173,16.635416],[102.837916,16.634828],[102.834738,16.6351],[102.828328,16.642713],[102.825405,16.649036],[102.823871,16.651714],[102.823889,16.652316],[102.823562,16.653022],[102.830791,16.654242],[102.835493,16.657647],[102.852742,16.692246],[102.865773,16.686072],[102.876486,16.712745],[102.864344,16.715544],[102.876581,16.741038],[102.875166,16.748156],[102.872877,16.750592],[102.873447,16.750612],[102.873235,16.751259],[102.874488,16.751816],[102.875658,16.753317],[102.876651,16.756045],[102.873141,16.75984],[102.872427,16.765136],[102.868512,16.769087],[102.868992,16.773424],[102.87148,16.770347],[102.883231,16.766105],[102.884394,16.756543],[102.886817,16.758161],[102.890142,16.756842],[102.891526,16.758443],[102.892748,16.756223],[102.89604,16.756161],[102.905149,16.748922],[102.90782,16.744981],[102.909646,16.730326],[102.915422,16.725956],[102.914596,16.721221],[102.920245,16.720455],[102.917684,16.70811],[102.911323,16.703347],[102.883002,16.708618],[102.89166,16.701678],[102.891308,16.699341],[102.883652,16.692717],[102.891873,16.68359],[102.889587,16.681306],[102.892044,16.677054],[102.878053,16.670519],[102.864405,16.674132],[102.860248,16.671636],[102.856939,16.668353],[102.85593,16.66189],[102.851085,16.65976],[102.85065,16.655957],[102.859364,16.655128],[102.86334,16.650471],[102.865848,16.651765],[102.868034,16.649634],[102.866518,16.645796],[102.863415,16.64702],[102.858697,16.645389],[102.857584,16.648075],[102.8594,16.649794],[102.853051,16.652568],[102.8535,16.649318],[102.848157,16.645871],[102.850156,16.640248],[102.851645,16.638464],[102.850258,16.63596],[102.845622,16.639751],[102.842541,16.63848]]]},"bbox":[102.823562,16.63437,102.920245,16.773424]},{"type":"Feature","id":"a55eaa25-8a2c-461d-8d15-1c231c95cc80","properties":{"id":"a55eaa25-8a2c-461d-8d15-1c231c95cc80","code":"06400804","provinceCode":"40","nameTh":"องค์การบริหารส่วนตำบล เขื่อนอุบลรัตน์","nameEn":null,"geometryType":"MUNICIPALITY","sourceUrl":"https://landometer.com/api/v2/citymeter-v3/grocery/info/geom/a55eaa25-8a2c-461d-8d15-1c231c95cc80/MUNICIPALITY","sourceSha256":"264ed016d17e7c7948a71cdb096ff39182263d27646d80ae0244ceeceb10f649","retrievedAt":"2026-10-04T05:43:13.828743+00:00","boundaryVintage":null,"geometryStatus":"native_source_polygon_display_simplified","simplificationToleranceDegrees":0.00015,"simplificationPreservesTopology":true,"invalidSourceRepair":"make_valid; retain polygonal components; discard zero-area collapsed lines","legalBoundaryIndependentlyVerified":false,"areaId":"a55eaa25-8a2c-461d-8d15-1c231c95cc80"},"geometry":{"type":"MultiPolygon","coordinates":[[[[102.648359,16.771134],[102.650557,16.766107],[102.656961,16.763968],[102.661941,16.764107],[102.660011,16.756728],[102.655749,16.753717],[102.656014,16.749847],[102.650446,16.745563],[102.655807,16.732612],[102.650975,16.727114],[102.651724,16.702294],[102.652045,16.704445],[102.652511,16.704331],[102.652756,16.700698],[102.652429,16.699554],[102.652555,16.697786],[102.650427,16.691637],[102.650764,16.689916],[102.653086,16.690353],[102.652521,16.68602],[102.653842,16.684237],[102.652134,16.682565],[102.655587,16.67746],[102.65322,16.677338],[102.649406,16.66877],[102.65773,16.664914],[102.664633,16.658474],[102.66266,16.65719],[102.661662,16.658075],[102.660675,16.658335],[102.659508,16.657593],[102.658796,16.657564],[102.657846,16.659039],[102.656931,16.658979],[102.656088,16.658228],[102.655661,16.658255],[102.654593,16.657643],[102.652878,16.658001],[102.651197,16.659065],[102.649602,16.659161],[102.648023,16.658285],[102.646012,16.658058],[102.64399,16.657511],[102.642,16.656481],[102.639477,16.656514],[102.637936,16.657121],[102.63553,16.659149],[102.63358,16.659379],[102.629836,16.6591],[102.624308,16.66052],[102.620857,16.660354],[102.61517,16.657606],[102.611772,16.655495],[102.607502,16.654138],[102.604466,16.653488],[102.599969,16.651643],[102.593634,16.649596],[102.590669,16.648887],[102.583624,16.645823],[102.580225,16.643107],[102.579137,16.641903],[102.577448,16.638821],[102.575597,16.633771],[102.575465,16.631594],[102.576335,16.627315],[102.558183,16.623562],[102.561608,16.63785],[102.562525,16.642613],[102.566217,16.654079],[102.569934,16.661009],[102.574852,16.666113],[102.583118,16.673216],[102.589569,16.679413],[102.594822,16.685266],[102.601149,16.693693],[102.605313,16.701564],[102.607137,16.706748],[102.608713,16.713529],[102.608987,16.721607],[102.608894,16.740448],[102.6082,16.753571],[102.606693,16.76183],[102.606156,16.771996],[102.60802,16.772154],[102.610569,16.773565],[102.61486406934404,16.77920383635691],[102.615492,16.777722],[102.615384,16.777407],[102.618268,16.774987],[102.618641,16.774141],[102.618846,16.774253],[102.619399,16.772339],[102.616311,16.767417],[102.61723,16.762437],[102.622648,16.751105],[102.628813,16.745548],[102.629085,16.741193],[102.64792,16.747524],[102.649277,16.751539],[102.634913,16.771448],[102.63415,16.772041],[102.635208,16.771478],[102.644779,16.772447],[102.648359,16.771134]]],[[[102.615173,16.779613],[102.61486406934404,16.77920383635691],[102.614864,16.779204],[102.615173,16.779613]]]]},"bbox":[102.558183,16.623562,102.664633,16.779613]},{"type":"Feature","id":"f95a3142-ced5-4ede-8df6-1ffb9b4f8341","properties":{"id":"f95a3142-ced5-4ede-8df6-1ffb9b4f8341","code":"06400805","provinceCode":"40","nameTh":"องค์การบริหารส่วนตำบล ทุ่งโป่ง","nameEn":null,"geometryType":"MUNICIPALITY","sourceUrl":"https://landometer.com/api/v2/citymeter-v3/grocery/info/geom/f95a3142-ced5-4ede-8df6-1ffb9b4f8341/MUNICIPALITY","sourceSha256":"450f700e84dda330081501fd4d9fc10abc0e755fb5989e81f63d4a45381e220c","retrievedAt":"2026-10-04T05:43:13.828304+00:00","boundaryVintage":null,"geometryStatus":"native_source_polygon_display_simplified","simplificationToleranceDegrees":0.00015,"simplificationPreservesTopology":true,"invalidSourceRepair":"make_valid; retain polygonal components; discard zero-area collapsed lines","legalBoundaryIndependentlyVerified":false,"areaId":"f95a3142-ced5-4ede-8df6-1ffb9b4f8341"},"geometry":{"type":"Polygon","coordinates":[[[102.705338,16.731549],[102.703541,16.728499],[102.702308,16.729058],[102.70188107056387,16.7266483982645],[102.703462,16.726149],[102.700928,16.725115],[102.701427,16.722766],[102.698582,16.720738],[102.697121,16.716185],[102.693554,16.716883],[102.691678,16.710518],[102.688793,16.708427],[102.689258,16.705489],[102.682777,16.703718],[102.679099,16.70531],[102.676691,16.702214],[102.671969,16.70158],[102.669991,16.702805],[102.669323,16.707557],[102.665779,16.709311],[102.660798,16.706519],[102.656088,16.706993],[102.654106,16.703939],[102.652045,16.704445],[102.651724,16.702294],[102.650975,16.727114],[102.655807,16.732612],[102.650446,16.745563],[102.656014,16.749847],[102.655749,16.753717],[102.660011,16.756728],[102.661941,16.764107],[102.667715,16.763289],[102.678264,16.755304],[102.683313,16.755108],[102.686826,16.751864],[102.691414,16.751618],[102.701479,16.755189],[102.700545,16.754124],[102.698353,16.748886],[102.704003,16.746263],[102.707436,16.747756],[102.709086,16.746691],[102.70124700139584,16.741948983215785],[102.701288,16.741456],[102.711189,16.736864],[102.707731,16.731882],[102.705338,16.731549]],[[102.701876,16.72665],[102.701881,16.726648],[102.70188107056387,16.7266483982645],[102.701876,16.72665]],[[102.676883,16.756296],[102.67818,16.755307],[102.67688895764968,16.75629172050074],[102.676883,16.756296]],[[102.701247,16.741949],[102.700804,16.741681],[102.70124700139584,16.741948983215785],[102.701247,16.741949]]]},"bbox":[102.650446,16.70158,102.711189,16.764107]},{"type":"Feature","id":"38f44a14-f50c-44a9-9822-64aeb6201f45","properties":{"id":"38f44a14-f50c-44a9-9822-64aeb6201f45","code":"06400806","provinceCode":"40","nameTh":"องค์การบริหารส่วนตำบล บ้านดง","nameEn":null,"geometryType":"MUNICIPALITY","sourceUrl":"https://landometer.com/api/v2/citymeter-v3/grocery/info/geom/38f44a14-f50c-44a9-9822-64aeb6201f45/MUNICIPALITY","sourceSha256":"882c35fa5b1d4bd1815ed1a30863ee06d745fd24966aa8200384ee12ed80e28a","retrievedAt":"2026-10-04T05:43:13.846778+00:00","boundaryVintage":null,"geometryStatus":"native_source_polygon_display_simplified","simplificationToleranceDegrees":0.00015,"simplificationPreservesTopology":true,"invalidSourceRepair":"make_valid; retain polygonal components; discard zero-area collapsed lines","legalBoundaryIndependentlyVerified":false,"areaId":"38f44a14-f50c-44a9-9822-64aeb6201f45"},"geometry":{"type":"MultiPolygon","coordinates":[[[[102.61486406934404,16.77920383635691],[102.610707,16.773698],[102.614864,16.779204],[102.61486406934404,16.77920383635691]]],[[[102.612169,16.787083],[102.612764,16.794624],[102.614243,16.802027],[102.614712,16.810447],[102.615875,16.814801],[102.616677,16.819719],[102.618267,16.824532],[102.618718,16.827545],[102.621945,16.836504],[102.624745,16.843205],[102.630865,16.837146],[102.643318,16.829891],[102.668646,16.821934],[102.726731,16.822394],[102.727658,16.821437],[102.72829,16.821711],[102.728552,16.822407],[102.729149,16.821514],[102.730428,16.820569],[102.732434,16.818466],[102.731851,16.817974],[102.731458,16.816436],[102.733081,16.813843],[102.732618,16.809567],[102.731845,16.807985],[102.731008,16.804653],[102.730523,16.804035],[102.732962,16.801308],[102.735417,16.797984],[102.73568,16.796098],[102.724685,16.77673],[102.7246,16.776026],[102.723796,16.774173],[102.731419,16.764231],[102.731696,16.762612],[102.731193,16.762037],[102.731999,16.761256],[102.731451,16.759287],[102.731632,16.758383],[102.731497,16.757681],[102.729926,16.75425],[102.727314,16.75403],[102.725122,16.753509],[102.722249,16.751691],[102.722578,16.750031],[102.722529,16.748985],[102.724709,16.746603],[102.724904,16.745678],[102.726409,16.744905],[102.726779,16.743416],[102.72812,16.742642],[102.729033,16.741685],[102.730544,16.738714],[102.731491,16.737725],[102.732247,16.737274],[102.733839,16.736871],[102.735754,16.73612],[102.735593,16.736182],[102.736068,16.733631],[102.73364,16.731252],[102.734393,16.729261],[102.739999,16.728598],[102.736888,16.726135],[102.731039,16.726173],[102.729416,16.728599],[102.724961,16.7287],[102.720829,16.732114],[102.701288,16.741456],[102.701247,16.741949],[102.709086,16.746691],[102.707436,16.747756],[102.704003,16.746263],[102.698353,16.748886],[102.700545,16.754124],[102.701479,16.755189],[102.691414,16.751618],[102.686826,16.751864],[102.683313,16.755108],[102.678264,16.755304],[102.667715,16.763289],[102.661941,16.764107],[102.656961,16.763968],[102.650557,16.766107],[102.648359,16.771134],[102.644779,16.772447],[102.635208,16.771478],[102.63415,16.772041],[102.634913,16.771448],[102.630503,16.773983],[102.618991,16.776301],[102.617787,16.777924],[102.618846,16.774253],[102.618641,16.774141],[102.618268,16.774987],[102.615384,16.777407],[102.615492,16.777722],[102.61486406934404,16.77920383635691],[102.615173,16.779613],[102.61328,16.783262],[102.612169,16.787083]]]]},"bbox":[102.610707,16.726135,102.739999,16.843205]},{"type":"Feature","id":"084d051a-a15e-4f9c-b025-5dd096f291b1","properties":{"id":"084d051a-a15e-4f9c-b025-5dd096f291b1","code":"06400807","provinceCode":"40","nameTh":"องค์การบริหารส่วนตำบล ศรีสุขสำราญ","nameEn":null,"geometryType":"MUNICIPALITY","sourceUrl":"https://landometer.com/api/v2/citymeter-v3/grocery/info/geom/084d051a-a15e-4f9c-b025-5dd096f291b1/MUNICIPALITY","sourceSha256":"1ad19046c0bb89a8a88e9727d7d1a968ee1cad2a21982e385c1e254e95bdfc3d","retrievedAt":"2026-10-04T05:43:13.854894+00:00","boundaryVintage":null,"geometryStatus":"native_source_polygon_display_simplified","simplificationToleranceDegrees":0.00015,"simplificationPreservesTopology":true,"invalidSourceRepair":"make_valid; retain polygonal components; discard zero-area collapsed lines","legalBoundaryIndependentlyVerified":false,"areaId":"084d051a-a15e-4f9c-b025-5dd096f291b1"},"geometry":{"type":"Polygon","coordinates":[[[102.715199,16.958939],[102.717333,16.958846],[102.718264,16.958537],[102.719337,16.958823],[102.720062,16.958605],[102.721036,16.958857],[102.722891,16.957483],[102.723266,16.957533],[102.723527,16.956913],[102.723984,16.956935],[102.723822,16.956363],[102.724357,16.955439],[102.724867,16.955507],[102.726639,16.954665],[102.727512,16.955068],[102.727642,16.954485],[102.728015,16.954402],[102.72827,16.953547],[102.72758,16.953398],[102.727632,16.952964],[102.727342,16.952883],[102.727201,16.952516],[102.727794,16.951414],[102.727825,16.950899],[102.727595,16.950584],[102.727981,16.950429],[102.728257,16.949925],[102.727936,16.949389],[102.727525,16.949486],[102.72696,16.948322],[102.727649,16.947829],[102.727192,16.94719],[102.727881,16.94749],[102.728154,16.946765],[102.727471,16.946459],[102.727303,16.945986],[102.726765,16.94592],[102.727292,16.945255],[102.727181,16.944996],[102.726701,16.944956],[102.726837,16.944288],[102.727135,16.944213],[102.727369,16.944554],[102.727703,16.944582],[102.727908,16.944306],[102.727694,16.943946],[102.728308,16.94391],[102.728554,16.943176],[102.729503,16.943269],[102.730195,16.942872],[102.730409,16.942454],[102.730149,16.941882],[102.730786,16.941157],[102.732767,16.94101],[102.73248,16.940023],[102.733068,16.939949],[102.734069,16.939006],[102.734017,16.938636],[102.734866,16.938563],[102.735092,16.938091],[102.735426,16.938156],[102.736024,16.937579],[102.735531,16.936912],[102.734903,16.93699],[102.735198,16.936038],[102.735623,16.935989],[102.736041,16.93653],[102.736744,16.936424],[102.737103,16.936727],[102.737672,16.936457],[102.737656,16.937481],[102.738289,16.937062],[102.738674,16.937165],[102.738888,16.93668],[102.738726,16.936358],[102.739585,16.936376],[102.739333,16.936082],[102.739687,16.935961],[102.739257,16.935092],[102.739801,16.935169],[102.739867,16.934929],[102.738471,16.934585],[102.739049,16.933684],[102.738269,16.933602],[102.738088,16.933332],[102.73736,16.933156],[102.737233,16.93237],[102.737695,16.932714],[102.738311,16.932477],[102.737531,16.9319],[102.737121,16.931192],[102.736218,16.931241],[102.735801,16.930774],[102.735234,16.930756],[102.735257,16.930487],[102.735832,16.930355],[102.735389,16.929837],[102.735969,16.929796],[102.736031,16.929208],[102.735758,16.929058],[102.735203,16.929261],[102.735146,16.92854],[102.734759,16.929054],[102.733997,16.928476],[102.73393,16.928014],[102.741638,16.905494],[102.741454,16.905495],[102.741496,16.904325],[102.740108,16.904505],[102.739128,16.904199],[102.74028,16.901162],[102.738143,16.900299],[102.738101,16.899756],[102.738793,16.899204],[102.738684,16.899047],[102.740508,16.89884],[102.740267,16.897749],[102.740775,16.897151],[102.739603,16.895746],[102.74097,16.894636],[102.739285,16.893769],[102.739275,16.892624],[102.738419,16.892251],[102.738211,16.891651],[102.737702,16.891387],[102.73825,16.889829],[102.737998,16.889382],[102.736815,16.888458],[102.735078,16.887792],[102.735692,16.88621],[102.73507,16.886089],[102.734785,16.886423],[102.733429,16.885813],[102.731828,16.885722],[102.732439,16.882844],[102.731839,16.881928],[102.727036,16.882128],[102.721327,16.878487],[102.706339,16.876026],[102.687051,16.874983],[102.683012,16.87992],[102.683772,16.882888],[102.675333,16.892441],[102.66475,16.898619],[102.658619,16.900114],[102.652987,16.904555],[102.653919,16.907271],[102.655839,16.909749],[102.660781,16.91941],[102.662533,16.92181],[102.665358,16.926562],[102.670458,16.938424],[102.673136,16.947367],[102.674338,16.949881],[102.676819,16.953971],[102.677946,16.960401],[102.678962,16.962994],[102.67899,16.966093],[102.680024,16.963442],[102.682049,16.960176],[102.683174,16.959099],[102.684368,16.958441],[102.685117,16.958314],[102.68556,16.958493],[102.686816,16.959829],[102.68754,16.96007],[102.691337,16.960113],[102.692885,16.959926],[102.695468,16.958981],[102.696869,16.959072],[102.697881,16.959751],[102.698418,16.959739],[102.701192,16.959029],[102.702778,16.959128],[102.703567,16.958633],[102.704943,16.958554],[102.706108,16.958068],[102.707011,16.958588],[102.708557,16.958063],[102.709623,16.958797],[102.710785,16.958406],[102.712982,16.959335],[102.714357,16.959429],[102.714923,16.959339],[102.715199,16.958939]]]},"bbox":[102.652987,16.874983,102.741638,16.966093]},{"type":"Feature","id":"c5610a11-8595-433f-b162-3691b8a8dc22","properties":{"id":"c5610a11-8595-433f-b162-3691b8a8dc22","code":"06400905","provinceCode":"40","nameTh":"องค์การบริหารส่วนตำบล หนองโก","nameEn":null,"geometryType":"MUNICIPALITY","sourceUrl":"https://landometer.com/api/v2/citymeter-v3/grocery/info/geom/c5610a11-8595-433f-b162-3691b8a8dc22/MUNICIPALITY","sourceSha256":"71c7d57ed858059d3d7a473d6b333482824669f1aa2f179229704cb500f39a13","retrievedAt":"2026-10-04T05:43:13.857734+00:00","boundaryVintage":null,"geometryStatus":"native_source_polygon_display_simplified","simplificationToleranceDegrees":0.00015,"simplificationPreservesTopology":true,"invalidSourceRepair":"make_valid; retain polygonal components; discard zero-area collapsed lines","legalBoundaryIndependentlyVerified":false,"areaId":"c5610a11-8595-433f-b162-3691b8a8dc22"},"geometry":{"type":"MultiPolygon","coordinates":[[[[103.061557,16.697413],[103.06155688180061,16.697412665507944],[103.060439,16.697109],[103.061557,16.697413]]],[[[103.153007,16.76202],[103.152535,16.761037],[103.152133,16.761505],[103.152341,16.76194],[103.151769,16.761828],[103.151965,16.762397],[103.151489,16.76267],[103.15099,16.762436],[103.151166,16.761796],[103.150658,16.761379],[103.150951,16.760903],[103.150424,16.760599],[103.150298,16.759479],[103.15062,16.758609],[103.150272,16.758565],[103.150243,16.757693],[103.149913,16.757007],[103.147563,16.755815],[103.147786,16.755418],[103.147613,16.755051],[103.146231,16.754781],[103.14611,16.754035],[103.145804,16.753745],[103.146457,16.753156],[103.146451,16.752696],[103.146123,16.752428],[103.146927,16.751606],[103.146545,16.751354],[103.146836,16.750637],[103.148062,16.748887],[103.147849,16.748313],[103.148047,16.747692],[103.146939,16.745737],[103.14759,16.744507],[103.148169,16.744528],[103.148633,16.744234],[103.149263,16.743249],[103.150186,16.743347],[103.150273,16.7425],[103.150952,16.741079],[103.152182,16.74064],[103.153677,16.739566],[103.154502,16.738308],[103.154984,16.738332],[103.155499,16.737882],[103.155702,16.738003],[103.155563,16.738462],[103.155963,16.738388],[103.156043,16.737216],[103.156427,16.737212],[103.1566,16.736905],[103.156854,16.737058],[103.157506,16.736543],[103.157353,16.736201],[103.157523,16.734993],[103.158525,16.734056],[103.15891,16.732728],[103.158821,16.732425],[103.158347,16.732175],[103.1583,16.731675],[103.157824,16.731355],[103.157935,16.730734],[103.15772,16.729995],[103.158194,16.728724],[103.157838,16.728357],[103.157344,16.728286],[103.156684,16.72593],[103.156482,16.724709],[103.156709,16.722341],[103.156389,16.721675],[103.155312,16.720938],[103.154855,16.719437],[103.153939,16.718566],[103.153736,16.71785],[103.153234,16.717913],[103.153069,16.717461],[103.152545,16.717891],[103.151661,16.717745],[103.150946,16.717289],[103.150401,16.717488],[103.149503,16.717342],[103.148807,16.71594],[103.148158,16.715387],[103.148249,16.714407],[103.148756,16.713862],[103.148597,16.71334],[103.148948,16.711876],[103.148669,16.7108],[103.148942,16.710542],[103.148873,16.709077],[103.14917,16.708488],[103.148823,16.708364],[103.148298,16.707243],[103.146925,16.705559],[103.146867,16.705217],[103.147094,16.705076],[103.146799,16.704785],[103.146871,16.704358],[103.146485,16.703323],[103.145869,16.702772],[103.14543,16.702978],[103.145126,16.702406],[103.145206,16.702097],[103.144842,16.701862],[103.145385,16.701152],[103.145385,16.70057],[103.145725,16.700333],[103.145857,16.69963],[103.145501,16.698791],[103.146061,16.698067],[103.146082,16.697611],[103.146875,16.697135],[103.147849,16.695909],[103.148087,16.694493],[103.148524,16.694309],[103.148946,16.693131],[103.148402,16.692415],[103.148679,16.691965],[103.148429,16.691794],[103.148406,16.691039],[103.14912,16.688538],[103.14982,16.688632],[103.150565,16.687086],[103.154462,16.685495],[103.154499,16.684451],[103.155979,16.6819],[103.155794,16.680663],[103.156163,16.680578],[103.156269,16.68029],[103.155931,16.679831],[103.153634,16.684063],[103.145507,16.685896],[103.140157,16.691426],[103.131555,16.692247],[103.125801,16.690263],[103.114804,16.69161],[103.110929,16.690749],[103.105595,16.68999],[103.104348,16.689287],[103.103308,16.689056],[103.092506,16.678666],[103.069112,16.682248],[103.067609,16.690381],[103.061363,16.696864],[103.06155688180061,16.697412665507944],[103.062033,16.697542],[103.062259,16.700266],[103.05983,16.703877],[103.061555,16.718673],[103.068354,16.731664],[103.072239,16.737792],[103.075396,16.745098],[103.081375,16.756238],[103.093339,16.761512],[103.098051,16.770764],[103.098556,16.777455],[103.097284,16.778432],[103.105611,16.779947],[103.125611,16.776434],[103.134102,16.772465],[103.14292,16.77114],[103.146119,16.769528],[103.153007,16.76202]],[[103.145365,16.686043],[103.141201,16.690347],[103.14202398969117,16.6894962970006],[103.145365,16.686043]],[[103.072158,16.694854],[103.087825,16.694434],[103.088301,16.715449],[103.072605,16.716082],[103.072158,16.694854]]]]},"bbox":[103.05983,16.678666,103.15891,16.779947]},{"type":"Feature","id":"fc7295e6-1e7c-4252-a137-41d5ad402065","properties":{"id":"fc7295e6-1e7c-4252-a137-41d5ad402065","code":"06400906","provinceCode":"40","nameTh":"องค์การบริหารส่วนตำบล ดูนสาด","nameEn":null,"geometryType":"MUNICIPALITY","sourceUrl":"https://landometer.com/api/v2/citymeter-v3/grocery/info/geom/fc7295e6-1e7c-4252-a137-41d5ad402065/MUNICIPALITY","sourceSha256":"81f4404183fdde2f1b85622317738420ec7fb1acc19ef1b9f4781985860ef6e3","retrievedAt":"2026-10-04T05:43:13.880772+00:00","boundaryVintage":null,"geometryStatus":"native_source_polygon_display_simplified","simplificationToleranceDegrees":0.00015,"simplificationPreservesTopology":true,"invalidSourceRepair":"make_valid; retain polygonal components; discard zero-area collapsed lines","legalBoundaryIndependentlyVerified":false,"areaId":"fc7295e6-1e7c-4252-a137-41d5ad402065"},"geometry":{"type":"Polygon","coordinates":[[[103.170573,16.849516],[103.170359,16.848541],[103.170683,16.848056],[103.170663,16.847529],[103.17112,16.846494],[103.171621,16.846023],[103.171571,16.845778],[103.171828,16.845711],[103.171769,16.845342],[103.172998,16.845489],[103.174053,16.844945],[103.174848,16.84485],[103.174901,16.844367],[103.175554,16.844236],[103.175277,16.843886],[103.17557,16.843803],[103.175582,16.843189],[103.175938,16.842716],[103.176463,16.842406],[103.177168,16.842499],[103.177427,16.84224],[103.177817,16.842456],[103.178407,16.841854],[103.178311,16.840441],[103.179061,16.839822],[103.1792,16.839399],[103.179735,16.83954],[103.179539,16.838768],[103.179964,16.8384],[103.179833,16.837138],[103.179405,16.837023],[103.179081,16.835162],[103.178795,16.83493],[103.179235,16.83473],[103.17855,16.83432],[103.177754,16.832721],[103.178199,16.832524],[103.177937,16.830864],[103.178344,16.830846],[103.17851,16.830561],[103.178224,16.829784],[103.178892,16.829505],[103.178856,16.826865],[103.179593,16.826394],[103.180781,16.826367],[103.181603,16.825952],[103.182067,16.824458],[103.182508,16.824165],[103.182732,16.823401],[103.183328,16.823342],[103.183252,16.822534],[103.184455,16.821202],[103.184296,16.820768],[103.184459,16.820133],[103.184064,16.820216],[103.183728,16.819811],[103.183871,16.818873],[103.183427,16.818069],[103.182869,16.817678],[103.183525,16.816974],[103.183159,16.816301],[103.18346,16.815878],[103.183062,16.815767],[103.182894,16.815406],[103.183456,16.815045],[103.183397,16.814146],[103.182619,16.813679],[103.182256,16.812917],[103.182257,16.812204],[103.182552,16.811807],[103.182352,16.811226],[103.18307,16.810667],[103.182957,16.81017],[103.18326,16.809714],[103.183244,16.80911],[103.182341,16.807424],[103.182918,16.807442],[103.183182,16.807165],[103.182942,16.806252],[103.183086,16.805714],[103.18165,16.805358],[103.181607,16.804774],[103.181198,16.804552],[103.181318,16.804036],[103.180589,16.804451],[103.180424,16.804302],[103.180627,16.8038],[103.179645,16.803894],[103.179797,16.803582],[103.179546,16.802867],[103.179826,16.802491],[103.179051,16.802088],[103.179554,16.801387],[103.179255,16.801206],[103.179417,16.800581],[103.180189,16.800558],[103.180289,16.799975],[103.180102,16.799615],[103.181908,16.798403],[103.182334,16.797683],[103.182074,16.797089],[103.182294,16.796761],[103.181581,16.796291],[103.181474,16.795713],[103.18063,16.795383],[103.179747,16.794286],[103.18067,16.792776],[103.180319,16.792652],[103.180394,16.791904],[103.179911,16.791744],[103.179723,16.791386],[103.180482,16.791166],[103.180757,16.790637],[103.180523,16.790291],[103.181075,16.790282],[103.18068,16.789879],[103.181111,16.789337],[103.180853,16.788962],[103.180456,16.789099],[103.180409,16.788695],[103.180749,16.788309],[103.180282,16.788256],[103.180305,16.787681],[103.179364,16.786866],[103.179633,16.786335],[103.179245,16.785932],[103.178882,16.78592],[103.178636,16.785294],[103.177629,16.785498],[103.176419,16.785252],[103.176038,16.784783],[103.175484,16.784792],[103.175558,16.78386],[103.175368,16.783539],[103.174643,16.783532],[103.174834,16.78259],[103.174435,16.782507],[103.174081,16.781204],[103.173753,16.7807],[103.17325,16.780451],[103.17346,16.779313],[103.173209,16.779048],[103.17282,16.779325],[103.172568,16.779229],[103.173051,16.778819],[103.173365,16.777806],[103.172894,16.776949],[103.172777,16.775912],[103.172162,16.775716],[103.172403,16.77537],[103.172373,16.77472],[103.171461,16.774098],[103.171486,16.772998],[103.171114,16.771906],[103.171422,16.771537],[103.171202,16.770314],[103.170546,16.770111],[103.170332,16.769624],[103.169081,16.769182],[103.168947,16.768336],[103.168515,16.768173],[103.16843,16.767414],[103.16803,16.767466],[103.167846,16.767765],[103.167583,16.767653],[103.167227,16.76804],[103.166743,16.767861],[103.165241,16.766106],[103.165352,16.765676],[103.164791,16.766002],[103.164539,16.765642],[103.163704,16.765582],[103.163519,16.764509],[103.163041,16.764633],[103.162871,16.764215],[103.162215,16.763732],[103.162075,16.763245],[103.16139,16.763034],[103.160999,16.762613],[103.160287,16.763057],[103.159903,16.762657],[103.159309,16.762767],[103.157787,16.762499],[103.157366,16.7621],[103.156972,16.762378],[103.156296,16.762167],[103.155683,16.762323],[103.15479,16.761967],[103.154706,16.761576],[103.154331,16.761694],[103.153418,16.761251],[103.153331,16.761663],[103.153063,16.760357],[103.152781,16.760747],[103.152353,16.760725],[103.153007,16.76202],[103.146119,16.769528],[103.14292,16.77114],[103.134102,16.772465],[103.125611,16.776434],[103.105611,16.779947],[103.097284,16.778432],[103.096865,16.778754],[103.102611,16.795207],[103.102424,16.795128],[103.106136,16.80628],[103.105699,16.804126],[103.108684,16.807799],[103.118035,16.812286],[103.126836,16.820647],[103.127304,16.820597],[103.127421,16.821914],[103.128717,16.822432],[103.128747,16.822925],[103.128228,16.823289],[103.128485,16.823495],[103.128901,16.823175],[103.129219,16.823379],[103.128725,16.823843],[103.128824,16.824303],[103.12987,16.82457],[103.131139,16.825447],[103.131429,16.826411],[103.132068,16.827037],[103.133169,16.827279],[103.133703,16.826827],[103.134177,16.82764],[103.134415,16.829259],[103.135037,16.830073],[103.135514,16.830067],[103.136639,16.829349],[103.137329,16.830319],[103.137626,16.832374],[103.137473,16.833087],[103.138196,16.83388],[103.138323,16.834663],[103.139123,16.835399],[103.139086,16.837657],[103.139717,16.837618],[103.14023,16.837922],[103.139838,16.841374],[103.14042,16.842134],[103.140924,16.843527],[103.141679,16.847152],[103.141804,16.84907],[103.141105,16.855925],[103.137449,16.860432],[103.135626,16.864663],[103.133898,16.870176],[103.133795,16.871895],[103.134052,16.872231],[103.134589,16.872319],[103.138097,16.869952],[103.14113,16.868941],[103.142525,16.868182],[103.147807,16.866857],[103.156524,16.866292],[103.158358,16.866452],[103.161091,16.867099],[103.161787,16.866899],[103.163688,16.865512],[103.1654,16.865407],[103.169229,16.863935],[103.170856,16.863853],[103.173215,16.864149],[103.174297,16.863921],[103.175072,16.863453],[103.17517,16.86289],[103.174608,16.861207],[103.169936,16.853033],[103.170009,16.850272],[103.170161,16.849755],[103.170573,16.849516]]]},"bbox":[103.096865,16.760357,103.184469,16.872319]},{"type":"Feature","id":"463dc077-0893-4bc1-902f-738ccf545391","properties":{"id":"463dc077-0893-4bc1-902f-738ccf545391","code":"06400907","provinceCode":"40","nameTh":"องค์การบริหารส่วนตำบล บ้านฝาง","nameEn":null,"geometryType":"MUNICIPALITY","sourceUrl":"https://landometer.com/api/v2/citymeter-v3/grocery/info/geom/463dc077-0893-4bc1-902f-738ccf545391/MUNICIPALITY","sourceSha256":"eb025bac28718eec6da43c4517c3867e5956e1d78c7a596b55c57035b441125d","retrievedAt":"2026-10-04T05:43:13.883707+00:00","boundaryVintage":null,"geometryStatus":"native_source_polygon_display_simplified","simplificationToleranceDegrees":0.00015,"simplificationPreservesTopology":true,"invalidSourceRepair":"make_valid; retain polygonal components; discard zero-area collapsed lines","legalBoundaryIndependentlyVerified":false,"areaId":"463dc077-0893-4bc1-902f-738ccf545391"},"geometry":{"type":"Polygon","coordinates":[[[102.999575,16.75039],[102.999497,16.749058],[102.999922,16.748439],[102.999559,16.747844],[102.998802,16.747967],[102.998813,16.747359],[102.998344,16.746575],[102.997598,16.747239],[102.997177,16.747223],[102.996845,16.745568],[102.996378,16.745461],[102.996123,16.74511],[102.995854,16.745189],[102.99552,16.744639],[102.994473,16.745012],[102.994377,16.744273],[102.994055,16.743892],[102.993625,16.744099],[102.993425,16.743898],[102.992907,16.744347],[102.992593,16.744117],[102.992783,16.743736],[102.992379,16.743814],[102.992145,16.743462],[102.990294,16.743161],[102.989232,16.743561],[102.988862,16.743177],[102.988123,16.743105],[102.988291,16.743643],[102.988601,16.743834],[102.988268,16.74477],[102.988505,16.74488],[102.988395,16.74515],[102.988837,16.745893],[102.988969,16.747033],[102.988237,16.748184],[102.987714,16.748491],[102.987895,16.748819],[102.987612,16.749331],[102.987965,16.749382],[102.988164,16.750066],[102.988594,16.749976],[102.989742,16.751096],[102.98971,16.752311],[102.990105,16.752295],[102.990233,16.75253],[102.989956,16.752885],[102.990229,16.753114],[102.989857,16.753395],[102.990279,16.753461],[102.990169,16.753765],[102.990622,16.754134],[102.991049,16.753965],[102.991912,16.755782],[102.992674,16.75638],[102.992524,16.757183],[102.993025,16.758118],[102.993394,16.759916],[102.99375,16.760335],[102.993748,16.760618],[102.993396,16.760875],[102.993699,16.761752],[102.995537,16.76307],[102.996013,16.764502],[102.996862,16.765511],[102.996993,16.766137],[102.999926,16.767948],[103.00001,16.768213],[102.999409,16.768796],[102.999358,16.769145],[102.999506,16.76998],[102.999813,16.770346],[103.001165,16.770593],[103.00168,16.771612],[103.004138,16.77274],[103.006598,16.775317],[103.00916,16.776576],[103.009699,16.777124],[103.009715,16.777574],[103.010309,16.777804],[103.010583,16.778226],[103.01113,16.778351],[103.011565,16.779139],[103.012325,16.779049],[103.013,16.779565],[103.013217,16.780029],[103.014376,16.780345],[103.013955,16.782036],[103.014492,16.786167],[103.013796,16.788168],[103.014637,16.789712],[103.016197,16.794509],[103.036185,16.79838],[103.08472,16.789435],[103.090308,16.789974],[103.102611,16.795207],[103.096865,16.778754],[103.098556,16.777455],[103.098051,16.770764],[103.093339,16.761512],[103.081375,16.756238],[103.074946,16.744259],[103.058798,16.744557],[103.050958,16.741733],[103.042857,16.74458],[103.039445,16.750792],[103.021796,16.750445],[103.019468,16.752928],[103.00748,16.755546],[103.003921,16.753543],[102.999575,16.75039]]]},"bbox":[102.987606,16.741733,103.102611,16.79838]},{"type":"Feature","id":"a77a4a44-dfc0-4e94-9e98-942d1837c389","properties":{"id":"a77a4a44-dfc0-4e94-9e98-942d1837c389","code":"06400908","provinceCode":"40","nameTh":"องค์การบริหารส่วนตำบล หนองกุงใหญ่","nameEn":null,"geometryType":"MUNICIPALITY","sourceUrl":"https://landometer.com/api/v2/citymeter-v3/grocery/info/geom/a77a4a44-dfc0-4e94-9e98-942d1837c389/MUNICIPALITY","sourceSha256":"f638bd3d2b084f97e2bf678cffa00c9cacabb1429701171490d6798d3cc0bcd1","retrievedAt":"2026-10-04T05:43:13.902836+00:00","boundaryVintage":null,"geometryStatus":"native_source_polygon_display_simplified","simplificationToleranceDegrees":0.00015,"simplificationPreservesTopology":true,"invalidSourceRepair":"make_valid; retain polygonal components; discard zero-area collapsed lines","legalBoundaryIndependentlyVerified":false,"areaId":"a77a4a44-dfc0-4e94-9e98-942d1837c389"},"geometry":{"type":"Polygon","coordinates":[[[103.114849,16.656149],[103.123653,16.652371],[103.132242,16.652931],[103.138853,16.646528],[103.151827,16.648283],[103.151902,16.64731],[103.152603,16.647681],[103.152741,16.648167],[103.153565,16.646641],[103.153103,16.644751],[103.152399,16.643604],[103.152211,16.642593],[103.151989,16.642463],[103.15177,16.642896],[103.151224,16.642845],[103.150659,16.642269],[103.150282,16.642947],[103.149936,16.642465],[103.150221,16.641351],[103.150833,16.640571],[103.150421,16.640023],[103.150168,16.63909],[103.150436,16.638622],[103.150965,16.638526],[103.151034,16.638103],[103.150682,16.637691],[103.150591,16.637125],[103.150505,16.635551],[103.15074,16.635011],[103.150748,16.633837],[103.150469,16.632971],[103.15133,16.632311],[103.150786,16.631361],[103.151097,16.630819],[103.150858,16.62983],[103.151182,16.628587],[103.150487,16.626501],[103.149446,16.626934],[103.149406,16.628349],[103.148612,16.628436],[103.148351,16.629058],[103.147623,16.6288],[103.147166,16.629049],[103.147204,16.629418],[103.146854,16.629701],[103.147191,16.630639],[103.146992,16.631388],[103.145215,16.633252],[103.144963,16.633442],[103.14383,16.633402],[103.143423,16.633991],[103.143037,16.633716],[103.141947,16.634402],[103.141062,16.634333],[103.140751,16.633981],[103.140112,16.633861],[103.139708,16.634203],[103.135812,16.634324],[103.134885,16.633734],[103.132767,16.633467],[103.117742,16.630154],[103.112545,16.628533],[103.077564,16.621606],[103.067882,16.622364],[103.061353,16.623774],[103.052812,16.62446],[103.052095,16.625008],[103.049371,16.625618],[103.047161,16.62564],[103.045299,16.626212],[103.043855,16.626221],[103.041914,16.625411],[103.039643,16.625144],[103.037237,16.625504],[103.032455,16.625734],[103.029265,16.626486],[103.027953,16.626553],[103.026786,16.626964],[103.025617,16.626999],[103.025231,16.626794],[103.016015,16.627623],[103.024555,16.626894],[103.035416,16.629411],[103.046384,16.650344],[103.05362,16.661248],[103.064477,16.672617],[103.069112,16.682248],[103.092506,16.678666],[103.096155,16.667349],[103.104032,16.659165],[103.105093,16.658291],[103.110251,16.655684],[103.114849,16.656149]]]},"bbox":[103.016015,16.621606,103.153565,16.682248]},{"type":"Feature","id":"f1f67394-98ac-4a14-b7bf-cc2410798657","properties":{"id":"f1f67394-98ac-4a14-b7bf-cc2410798657","code":"06400909","provinceCode":"40","nameTh":"องค์การบริหารส่วนตำบล ห้วยโจด","nameEn":null,"geometryType":"MUNICIPALITY","sourceUrl":"https://landometer.com/api/v2/citymeter-v3/grocery/info/geom/f1f67394-98ac-4a14-b7bf-cc2410798657/MUNICIPALITY","sourceSha256":"3073d747c1fb2cec9b62c4d625b4ec14de0292951ef4d762c1c22abe7c7802f3","retrievedAt":"2026-10-04T05:43:13.911362+00:00","boundaryVintage":null,"geometryStatus":"native_source_polygon_display_simplified","simplificationToleranceDegrees":0.00015,"simplificationPreservesTopology":true,"invalidSourceRepair":"make_valid; retain polygonal components; discard zero-area collapsed lines","legalBoundaryIndependentlyVerified":false,"areaId":"f1f67394-98ac-4a14-b7bf-cc2410798657"},"geometry":{"type":"Polygon","coordinates":[[[103.069112,16.682248],[103.064477,16.672617],[103.05362,16.661248],[103.046384,16.650344],[103.035416,16.629411],[103.024555,16.626894],[103.008924,16.628227],[103.007958,16.628589],[103.007183,16.628374],[103.004524,16.629021],[103.003727,16.629516],[102.99995,16.629981],[102.990919,16.633992],[102.99033,16.634608],[102.989871,16.634755],[102.987584,16.637726],[102.986742,16.639227],[102.985418,16.643127],[102.985005,16.647224],[102.985782,16.649915],[102.986101,16.652847],[102.987468,16.657431],[102.987809,16.659881],[102.987905,16.667136],[102.987409,16.691732],[102.987699,16.700347],[102.99265,16.699248],[102.997647,16.700695],[103.003957,16.694927],[103.027626,16.690082],[103.042759,16.692307],[103.061557,16.697413],[103.061363,16.696864],[103.067609,16.690381],[103.069112,16.682248]]]},"bbox":[102.985005,16.626894,103.069112,16.700695]},{"type":"Feature","id":"f9631928-ce7a-48f2-988c-4376d769d868","properties":{"id":"f9631928-ce7a-48f2-988c-4376d769d868","code":"06400910","provinceCode":"40","nameTh":"องค์การบริหารส่วนตำบล หัวนาคำ","nameEn":null,"geometryType":"MUNICIPALITY","sourceUrl":"https://landometer.com/api/v2/citymeter-v3/grocery/info/geom/f9631928-ce7a-48f2-988c-4376d769d868/MUNICIPALITY","sourceSha256":"37bf8bd32f6cf616d64c99bc9cf5719ae111b214b58057e6b30c852dbeff1d08","retrievedAt":"2026-10-04T05:43:13.905823+00:00","boundaryVintage":null,"geometryStatus":"native_source_polygon_display_simplified","simplificationToleranceDegrees":0.00015,"simplificationPreservesTopology":true,"invalidSourceRepair":"make_valid; retain polygonal components; discard zero-area collapsed lines","legalBoundaryIndependentlyVerified":false,"areaId":"f9631928-ce7a-48f2-988c-4376d769d868"},"geometry":{"type":"Polygon","coordinates":[[[103.049848,16.859901],[103.052875,16.860338],[103.054014,16.857883],[103.058069,16.858124],[103.060069,16.862013],[103.063794,16.859826],[103.063914,16.856133],[103.058302,16.844186],[103.059674,16.840172],[103.067456,16.83565],[103.067807,16.829942],[103.064642,16.823703],[103.06686,16.821535],[103.075351,16.821709],[103.08028,16.824791],[103.080357,16.828585],[103.091664,16.827813],[103.101756,16.82295],[103.10619,16.82222],[103.107025,16.819062],[103.107771,16.818616],[103.108973,16.812559],[103.105699,16.804127],[103.106136,16.80628],[103.102424,16.795128],[103.090308,16.789974],[103.08472,16.789435],[103.036185,16.79838],[103.016197,16.794509],[103.016614,16.795953],[103.017629,16.797711],[103.017053,16.799892],[103.012242,16.808649],[103.008431,16.818982],[103.00618,16.823898],[103.005716,16.825625],[103.006167,16.826155],[103.006034,16.826444],[103.006477,16.826332],[103.006829,16.826563],[103.007244,16.827445],[103.007799,16.827663],[103.007547,16.828198],[103.008465,16.828621],[103.009491,16.829635],[103.010266,16.829663],[103.010132,16.830132],[103.010418,16.830351],[103.011047,16.830438],[103.010945,16.829759],[103.011784,16.829648],[103.012324,16.82996],[103.012486,16.830624],[103.012902,16.830434],[103.013653,16.831032],[103.014143,16.830497],[103.014611,16.830354],[103.014687,16.830971],[103.015953,16.831431],[103.015665,16.832087],[103.016063,16.833328],[103.015695,16.833549],[103.015731,16.83422],[103.015324,16.834576],[103.014978,16.835692],[103.015217,16.836026],[103.015177,16.836622],[103.015545,16.836796],[103.015522,16.836995],[103.014824,16.837555],[103.014746,16.838462],[103.015221,16.838745],[103.015148,16.839777],[103.016101,16.840112],[103.016354,16.840642],[103.016724,16.840757],[103.016989,16.841488],[103.017809,16.841455],[103.017836,16.842152],[103.016715,16.84262],[103.016603,16.843373],[103.015628,16.84379],[103.014722,16.844792],[103.013194,16.845232],[103.011233,16.847273],[103.007896,16.849066],[103.007307,16.849209],[103.006992,16.849018],[103.00585,16.850391],[103.005851,16.850976],[103.006433,16.851528],[103.006137,16.851601],[103.006174,16.852185],[103.005577,16.852681],[103.005635,16.853132],[103.005316,16.853883],[103.005527,16.85453],[103.005255,16.854776],[103.00532,16.855057],[103.004945,16.855173],[103.005232,16.856016],[103.005072,16.856945],[103.005377,16.85829],[103.005312,16.859084],[103.003957,16.862157],[103.002044,16.864167],[103.001929,16.864929],[103.002584,16.864518],[103.006796,16.864453],[103.007272,16.864616],[103.008003,16.865471],[103.008808,16.867204],[103.009452,16.870172],[103.011345,16.869802],[103.01232,16.870079],[103.013756,16.869877],[103.016363,16.870024],[103.017695,16.870908],[103.018762,16.871191],[103.021903,16.872745],[103.02615,16.87242],[103.026311,16.874384],[103.026949,16.875853],[103.027824,16.876949],[103.028198,16.878221],[103.02948,16.8789],[103.030162,16.878907],[103.031207,16.879337],[103.03213,16.880812],[103.032901,16.881092],[103.033335,16.881663],[103.034994,16.882708],[103.036349,16.884304],[103.036209,16.881218],[103.040707,16.86399],[103.046209,16.863021],[103.049848,16.859901]]]},"bbox":[103.001928,16.789435,103.108973,16.884304]},{"type":"Feature","id":"8fc161cf-c913-4e9b-9b23-f6a0beedbbf3","properties":{"id":"8fc161cf-c913-4e9b-9b23-f6a0beedbbf3","code":"06401003","provinceCode":"40","nameTh":"องค์การบริหารส่วนตำบล หัวหนอง","nameEn":null,"geometryType":"MUNICIPALITY","sourceUrl":"https://landometer.com/api/v2/citymeter-v3/grocery/info/geom/8fc161cf-c913-4e9b-9b23-f6a0beedbbf3/MUNICIPALITY","sourceSha256":"9a6432068792918faf68181dfa60a16c6166a182250c6133c592d4ba3b4b1d39","retrievedAt":"2026-10-04T05:43:13.916871+00:00","boundaryVintage":null,"geometryStatus":"native_source_polygon_display_simplified","simplificationToleranceDegrees":0.00015,"simplificationPreservesTopology":true,"invalidSourceRepair":"make_valid; retain polygonal components; discard zero-area collapsed lines","legalBoundaryIndependentlyVerified":false,"areaId":"8fc161cf-c913-4e9b-9b23-f6a0beedbbf3"},"geometry":{"type":"MultiPolygon","coordinates":[[[[102.712463,16.016232],[102.71246309007743,16.01623228535424],[102.712502,16.016235],[102.712463,16.016232]]],[[[102.712347,16.041384],[102.70756,16.027831],[102.711995,16.026429],[102.716875,16.040237],[102.72167,16.041002],[102.721701,16.040123],[102.721386,16.039078],[102.722436,16.039099],[102.722115,16.038035],[102.72431,16.038385],[102.723342,16.036224],[102.723059,16.034245],[102.722469,16.032292],[102.721267,16.031773],[102.720668,16.029793],[102.718704,16.030205],[102.71805,16.028041],[102.716631,16.026805],[102.716038,16.02484],[102.714804,16.023648],[102.71246309007743,16.01623228535424],[102.711973,16.015168],[102.71123,16.014693],[102.710983,16.015253],[102.710216,16.015268],[102.710042,16.014757],[102.708954,16.014662],[102.708933,16.015287],[102.707096,16.015214],[102.706438,16.015584],[102.706702,16.016433],[102.704193,16.017134],[102.701394,16.016789],[102.693404,16.023938],[102.691715,16.024663],[102.68942,16.023902],[102.688825,16.02386],[102.68794,16.024203],[102.688229,16.025109],[102.687862,16.025839],[102.68677,16.026798],[102.686489,16.028187],[102.68363,16.029122],[102.683617,16.029374],[102.682103,16.029644],[102.681627,16.030031],[102.679795,16.030174],[102.679785,16.032799],[102.681276,16.035174],[102.680807,16.037595],[102.680201,16.038002],[102.680202,16.039269],[102.681966,16.0486],[102.67993,16.058518],[102.676087,16.061258],[102.675175,16.064698],[102.677676,16.085727],[102.685125,16.092715],[102.699943,16.101949],[102.708271,16.092609],[102.710502,16.084869],[102.71316,16.08181],[102.712423,16.079094],[102.714274,16.073443],[102.708838,16.067351],[102.709902,16.062861],[102.705644,16.064228],[102.697152,16.063353],[102.692345,16.065258],[102.69048,16.06125],[102.695805,16.05887],[102.706257,16.059443],[102.713969,16.055648],[102.712347,16.041384]]]]},"bbox":[102.675175,16.014662,102.72431,16.101949]},{"type":"Feature","id":"0723634e-26a4-4f1b-8b58-2ea40ab2667a","properties":{"id":"0723634e-26a4-4f1b-8b58-2ea40ab2667a","code":"06401004","provinceCode":"40","nameTh":"องค์การบริหารส่วนตำบล บ้านไผ่","nameEn":null,"geometryType":"MUNICIPALITY","sourceUrl":"https://landometer.com/api/v2/citymeter-v3/grocery/info/geom/0723634e-26a4-4f1b-8b58-2ea40ab2667a/MUNICIPALITY","sourceSha256":"8049f3a09491714bbfe564ae58fb01c8772b947df5b1176b120efdce5ba12e3f","retrievedAt":"2026-10-04T05:43:13.942028+00:00","boundaryVintage":null,"geometryStatus":"native_source_polygon_display_simplified","simplificationToleranceDegrees":0.00015,"simplificationPreservesTopology":true,"invalidSourceRepair":"make_valid; retain polygonal components; discard zero-area collapsed lines","legalBoundaryIndependentlyVerified":false,"areaId":"0723634e-26a4-4f1b-8b58-2ea40ab2667a"},"geometry":{"type":"Polygon","coordinates":[[[102.71316,16.08181],[102.710502,16.084869],[102.708271,16.092609],[102.699943,16.101949],[102.699057,16.102575],[102.699333,16.102747],[102.698775,16.103381],[102.674259,16.120117],[102.676048,16.133372],[102.685527,16.147713],[102.685899,16.147568],[102.687675,16.150548],[102.691706,16.151565],[102.693356,16.150856],[102.695953,16.148818],[102.698256,16.147885],[102.700444,16.148024],[102.70156,16.14906],[102.702073,16.149115],[102.703415,16.148485],[102.704569,16.148469],[102.706644,16.1473],[102.707822,16.147211],[102.708584,16.14631],[102.708647,16.145742],[102.709392,16.144678],[102.71446,16.14214],[102.723735,16.14221],[102.728874,16.141793],[102.730587,16.141313],[102.731052,16.140804],[102.731951,16.140594],[102.734058,16.141308],[102.735051,16.141419],[102.735923,16.141227],[102.737062,16.14149],[102.737825,16.141081],[102.737704,16.140511],[102.737916,16.140252],[102.739264,16.139723],[102.739185,16.139059],[102.739411,16.138887],[102.742793,16.137643],[102.74277,16.136299],[102.748304,16.137078],[102.749174,16.139989],[102.733156,16.143025],[102.749196,16.139985],[102.731625,16.080707],[102.714771,16.08774],[102.71316,16.08181]]]},"bbox":[102.674259,16.080707,102.749196,16.151565]},{"type":"Feature","id":"ffd58076-d41c-419f-8e17-79b7645743bf","properties":{"id":"ffd58076-d41c-419f-8e17-79b7645743bf","code":"06401005","provinceCode":"40","nameTh":"องค์การบริหารส่วนตำบล บ้านลาน","nameEn":null,"geometryType":"MUNICIPALITY","sourceUrl":"https://landometer.com/api/v2/citymeter-v3/grocery/info/geom/ffd58076-d41c-419f-8e17-79b7645743bf/MUNICIPALITY","sourceSha256":"5d2baa20ee4b47923531e16220f5efc45a1aa1cdb7ab75900e7fbc6566c1c507","retrievedAt":"2026-10-04T05:43:13.940798+00:00","boundaryVintage":null,"geometryStatus":"native_source_polygon_display_simplified","simplificationToleranceDegrees":0.00015,"simplificationPreservesTopology":true,"invalidSourceRepair":"make_valid; retain polygonal components; discard zero-area collapsed lines","legalBoundaryIndependentlyVerified":false,"areaId":"ffd58076-d41c-419f-8e17-79b7645743bf"},"geometry":{"type":"Polygon","coordinates":[[[102.854266,16.005611],[102.860496,16.001908],[102.867276,16.005834],[102.877251,15.997984],[102.892508,15.996355],[102.892969,15.995556],[102.893205,15.995638],[102.893505,15.996432],[102.893111,16.001515],[102.891052,16.004647],[102.893539,16.004381],[102.894583,16.003574],[102.895013,16.00273],[102.897348,16.002163],[102.897802,16.000981],[102.898842,15.99952],[102.900758,15.994761],[102.901607,15.994105],[102.902949,15.993657],[102.903286,15.990602],[102.906868,15.986868],[102.908885,15.986121],[102.909381,15.984907],[102.908957,15.984029],[102.908429,15.984146],[102.908246,15.983919],[102.907407,15.983913],[102.906999,15.98291],[102.907078,15.982556],[102.906401,15.982167],[102.906031,15.981637],[102.905439,15.981459],[102.904879,15.980577],[102.904027,15.980551],[102.904034,15.979982],[102.903258,15.979387],[102.903348,15.97923],[102.903605,15.979403],[102.903764,15.978977],[102.903065,15.978031],[102.903865,15.977252],[102.903411,15.976064],[102.903727,15.975374],[102.903038,15.973642],[102.902053,15.973591],[102.901835,15.972912],[102.902103,15.971832],[102.901613,15.970031],[102.900259,15.969847],[102.899926,15.970673],[102.898897,15.971065],[102.898383,15.971977],[102.898601,15.972884],[102.897994,15.973129],[102.895548,15.975849],[102.893675,15.976274],[102.891968,15.977481],[102.890906,15.977593],[102.889359,15.978392],[102.888545,15.976054],[102.887826,15.975522],[102.887177,15.974461],[102.884161,15.975703],[102.884021,15.975218],[102.883273,15.975494],[102.882464,15.973823],[102.881271,15.97395],[102.880718,15.973055],[102.877204,15.974294],[102.87708,15.973024],[102.875796,15.971153],[102.8756,15.970524],[102.871306,15.970149],[102.870793,15.971339],[102.866519,15.971253],[102.8651,15.968644],[102.865398,15.967181],[102.865276,15.966385],[102.864901,15.966376],[102.863894,15.964588],[102.863514,15.962321],[102.862477,15.962166],[102.860527,15.960054],[102.860047,15.960332],[102.857239,15.958854],[102.855568,15.956299],[102.853542,15.954485],[102.852976,15.950199],[102.846333,15.954819],[102.846425,15.947879],[102.84344,15.947531],[102.842364,15.946587],[102.831141,15.955321],[102.821202,15.960907],[102.81851,15.962566],[102.820898,15.961121],[102.801171,15.986537],[102.793514,15.993634],[102.781535,16.001056],[102.779878,16.013651],[102.783477,16.021882],[102.78171,16.029631],[102.781967,16.030526],[102.781148,16.030427],[102.789454,16.031496],[102.808412,16.029938],[102.826369,16.023658],[102.829985,16.021233],[102.831759,16.017451],[102.837865,16.015534],[102.848974,16.008291],[102.854422,16.007198],[102.854266,16.005611]]]},"bbox":[102.779878,15.946587,102.909381,16.031496]},{"type":"Feature","id":"4af83b8f-9846-4bc8-967c-39d062cf8eda","properties":{"id":"4af83b8f-9846-4bc8-967c-39d062cf8eda","code":"06401006","provinceCode":"40","nameTh":"องค์การบริหารส่วนตำบล หินตั้ง","nameEn":null,"geometryType":"MUNICIPALITY","sourceUrl":"https://landometer.com/api/v2/citymeter-v3/grocery/info/geom/4af83b8f-9846-4bc8-967c-39d062cf8eda/MUNICIPALITY","sourceSha256":"ebbf25286e1866bd704a24a3d1495fdbffe5a97f82be2ad2f7b9b9ebfca18365","retrievedAt":"2026-10-04T05:43:14.116174+00:00","boundaryVintage":null,"geometryStatus":"native_source_polygon_display_simplified","simplificationToleranceDegrees":0.00015,"simplificationPreservesTopology":true,"invalidSourceRepair":"make_valid; retain polygonal components; discard zero-area collapsed lines","legalBoundaryIndependentlyVerified":false,"areaId":"4af83b8f-9846-4bc8-967c-39d062cf8eda"},"geometry":{"type":"Polygon","coordinates":[[[102.86137,16.059089],[102.861125,16.055649],[102.863281,16.05263],[102.862089,16.051143],[102.862373,16.048193],[102.861299,16.047622],[102.861037,16.046966],[102.857965,16.046332],[102.857604,16.04447],[102.85722,16.044466],[102.857142,16.042915],[102.860071,16.041963],[102.859041,16.038957],[102.861398,16.038283],[102.861366,16.037795],[102.861911,16.037653],[102.865532,16.037472],[102.866569,16.038429],[102.86658,16.039041],[102.8675,16.039362],[102.870277,16.036571],[102.870472,16.038276],[102.871912,16.038585],[102.873574,16.038342],[102.873618,16.038659],[102.874298,16.038619],[102.874266,16.038155],[102.876193,16.037974],[102.876084,16.036553],[102.877371,16.036307],[102.87825,16.033038],[102.878556,16.03327],[102.884235,16.033076],[102.885831,16.030644],[102.887691,16.029755],[102.891353,16.029399],[102.890978,16.027098],[102.891541,16.026714],[102.891566,16.025772],[102.893866,16.025385],[102.895064,16.022678],[102.894814,16.021208],[102.89318,16.020495],[102.891583,16.019083],[102.891336,16.018194],[102.889931,16.018242],[102.886729,16.018972],[102.885732,16.017337],[102.884149,16.016785],[102.884412,16.015661],[102.884398,16.013735],[102.886076,16.012755],[102.885414,16.011113],[102.88627,16.010559],[102.887121,16.010365],[102.887871,16.00836],[102.8883,16.007976],[102.889045,16.00653],[102.889079,16.005428],[102.889649,16.004582],[102.890764,16.004916],[102.892928,16.002019],[102.893505,15.996432],[102.893205,15.995638],[102.892969,15.995556],[102.892508,15.996355],[102.877251,15.997984],[102.867276,16.005834],[102.860496,16.001908],[102.854266,16.005611],[102.854422,16.007198],[102.848974,16.008291],[102.837865,16.015534],[102.831759,16.017451],[102.829985,16.021233],[102.826369,16.023658],[102.808412,16.029938],[102.789454,16.031496],[102.765742,16.028559],[102.765479,16.027666],[102.765998,16.030758],[102.771006,16.036377],[102.773336,16.042461],[102.776992,16.062476],[102.781642,16.060196],[102.786071,16.06373],[102.79299,16.063234],[102.797287,16.067032],[102.807096,16.06928],[102.831761,16.069377],[102.848328,16.071869],[102.848425,16.072407],[102.848627,16.072404],[102.849828,16.070394],[102.850177,16.067752],[102.851389,16.065432],[102.854258,16.064891],[102.85448,16.065099],[102.855985,16.064448],[102.86137,16.059089]]]},"bbox":[102.765479,15.995556,102.895064,16.072409]},{"type":"Feature","id":"594436dc-6144-46f4-ae7c-e544e5b8c8b5","properties":{"id":"594436dc-6144-46f4-ae7c-e544e5b8c8b5","code":"06401007","provinceCode":"40","nameTh":"องค์การบริหารส่วนตำบล แคนเหนือ","nameEn":null,"geometryType":"MUNICIPALITY","sourceUrl":"https://landometer.com/api/v2/citymeter-v3/grocery/info/geom/594436dc-6144-46f4-ae7c-e544e5b8c8b5/MUNICIPALITY","sourceSha256":"4a1796bf3767bb02219e334b915036db7f87c64a1b0a503e292b4d2787db9f11","retrievedAt":"2026-10-04T05:43:13.963688+00:00","boundaryVintage":null,"geometryStatus":"native_source_polygon_display_simplified","simplificationToleranceDegrees":0.00015,"simplificationPreservesTopology":true,"invalidSourceRepair":"make_valid; retain polygonal components; discard zero-area collapsed lines","legalBoundaryIndependentlyVerified":false,"areaId":"594436dc-6144-46f4-ae7c-e544e5b8c8b5"},"geometry":{"type":"MultiPolygon","coordinates":[[[[102.73510404537747,15.981642061592543],[102.735104,15.981642],[102.735096,15.981652],[102.73510404537747,15.981642061592543]]],[[[102.766934,15.958851],[102.76772,15.955263],[102.767588,15.955379],[102.7675,15.955462],[102.766956,15.956023],[102.766551,15.956368],[102.765164,15.957137],[102.75965,15.956626],[102.755781,15.957624],[102.755606,15.958038],[102.754166,15.958989],[102.754123,15.9597],[102.750113,15.96476],[102.74947,15.969359],[102.74848,15.970259],[102.747665,15.972465],[102.745586,15.973506],[102.745265,15.97489],[102.74343,15.974807],[102.741569,15.97503],[102.74116,15.974098],[102.739381,15.97648],[102.737109,15.977534],[102.736651,15.979202],[102.734609,15.980169],[102.735379,15.981284],[102.73510404537747,15.981642061592543],[102.743894,15.993573],[102.747879,16.005671],[102.751792,16.011398],[102.749972,16.014916],[102.751512,16.0188],[102.749245,16.029762],[102.754837,16.025305],[102.764837,16.023842],[102.765742,16.028559],[102.781967,16.030526],[102.78171,16.029631],[102.783477,16.021882],[102.779878,16.013651],[102.781535,16.001056],[102.793514,15.993634],[102.801171,15.986537],[102.820898,15.961121],[102.809573,15.968076],[102.797846,15.97231],[102.796356,15.9743],[102.796642,15.966707],[102.792356,15.962773],[102.774265,15.959855],[102.769762,15.962166],[102.766934,15.958851]]],[[[102.781202,16.030474],[102.782907,16.030685],[102.78120176470877,16.030473795209485],[102.781202,16.030474]]]]},"bbox":[102.734609,15.955198,102.820898,16.030685]},{"type":"Feature","id":"a3ca0e28-efa2-4eb9-bf57-2ff417692851","properties":{"id":"a3ca0e28-efa2-4eb9-bf57-2ff417692851","code":"06401008","provinceCode":"40","nameTh":"องค์การบริหารส่วนตำบล ป่าปอ","nameEn":null,"geometryType":"MUNICIPALITY","sourceUrl":"https://landometer.com/api/v2/citymeter-v3/grocery/info/geom/a3ca0e28-efa2-4eb9-bf57-2ff417692851/MUNICIPALITY","sourceSha256":"6d2c2ff12543f63ecdf32b849e1ec66cfb9a1ac12433df1f4ac6cac89511494c","retrievedAt":"2026-10-04T05:43:14.120505+00:00","boundaryVintage":null,"geometryStatus":"native_source_polygon_display_simplified","simplificationToleranceDegrees":0.00015,"simplificationPreservesTopology":true,"invalidSourceRepair":"make_valid; retain polygonal components; discard zero-area collapsed lines","legalBoundaryIndependentlyVerified":false,"areaId":"a3ca0e28-efa2-4eb9-bf57-2ff417692851"},"geometry":{"type":"Polygon","coordinates":[[[102.838506,15.940928],[102.839076,15.939225],[102.838533,15.935377],[102.833025,15.924796],[102.831922,15.923856],[102.830132,15.92313],[102.829003,15.92312],[102.826982,15.921988],[102.823873,15.919403],[102.822998,15.918126],[102.820078,15.917699],[102.817523,15.91793],[102.815142,15.917802],[102.81261,15.918249],[102.812366,15.91772],[102.81007,15.918133],[102.809696,15.916657],[102.808293,15.913291],[102.805444,15.912784],[102.804595,15.910702],[102.803937,15.910342],[102.803269,15.909413],[102.802769,15.909439],[102.802301,15.907642],[102.801811,15.906757],[102.801677,15.905418],[102.801302,15.90491],[102.799588,15.900134],[102.79755,15.900079],[102.796644,15.8998],[102.796327,15.899313],[102.79515,15.899335],[102.793878,15.897475],[102.794192,15.896517],[102.793457,15.89511],[102.793763,15.89496],[102.794124,15.894159],[102.792987,15.891814],[102.792988,15.891229],[102.792375,15.890658],[102.79202,15.889903],[102.791545,15.889722],[102.791575,15.889344],[102.791032,15.888364],[102.789723,15.887492],[102.789296,15.88628],[102.787391,15.885898],[102.786934,15.884132],[102.783285,15.882037],[102.782837,15.881009],[102.782109,15.880203],[102.781804,15.878971],[102.781411,15.878905],[102.781542,15.877687],[102.781345,15.877098],[102.781003,15.877035],[102.779872,15.877773],[102.776358,15.877158],[102.772403,15.877662],[102.77206,15.876146],[102.772022,15.874489],[102.770587,15.875469],[102.770226,15.876227],[102.769687,15.87627],[102.769626,15.877048],[102.769286,15.877675],[102.768754,15.877574],[102.768162,15.878401],[102.767198,15.878744],[102.767329,15.879337],[102.766734,15.880278],[102.766026,15.880372],[102.765626,15.881193],[102.764131,15.882043],[102.764076,15.882834],[102.764343,15.883274],[102.76415,15.88414],[102.763759,15.884643],[102.764195,15.884721],[102.764568,15.885241],[102.76457,15.885809],[102.765425,15.887468],[102.765248,15.887927],[102.765964,15.887833],[102.766783,15.889056],[102.766349,15.88962],[102.7667,15.890024],[102.766406,15.89024],[102.766468,15.890509],[102.766727,15.890544],[102.766837,15.89089],[102.766337,15.892776],[102.764796,15.894122],[102.763538,15.894847],[102.763651,15.895361],[102.763345,15.895504],[102.761223,15.895643],[102.760745,15.895201],[102.759413,15.895068],[102.758783,15.894757],[102.75702,15.89528],[102.75826,15.897797],[102.755304,15.900596],[102.755081,15.903724],[102.759073,15.909413],[102.758546,15.910036],[102.758819,15.911105],[102.757092,15.913246],[102.756943,15.914184],[102.757351,15.91576],[102.758355,15.915984],[102.758522,15.915685],[102.759173,15.916436],[102.758411,15.917086],[102.758218,15.917925],[102.758158,15.921565],[102.758382,15.922141],[102.759408,15.922043],[102.760011,15.922406],[102.759813,15.924622],[102.760066,15.924646],[102.760134,15.925548],[102.760795,15.927094],[102.760201,15.928514],[102.758975,15.930084],[102.759347,15.930315],[102.759069,15.930498],[102.759375,15.931595],[102.758956,15.931742],[102.759427,15.933496],[102.758429,15.933753],[102.75868,15.934562],[102.759375,15.934378],[102.759528,15.934717],[102.759079,15.934783],[102.759219,15.935299],[102.759856,15.935189],[102.759954,15.93574],[102.760356,15.935673],[102.760518,15.936344],[102.761176,15.936026],[102.761931,15.936989],[102.76188,15.937204],[102.762553,15.937793],[102.763594,15.939726],[102.763756,15.939641],[102.765141,15.941591],[102.764749,15.942151],[102.765349,15.942571],[102.76604,15.942674],[102.766027,15.942951],[102.767105,15.943481],[102.767567,15.945564],[102.768207,15.945423],[102.769144,15.948094],[102.768263,15.948528],[102.768658,15.949305],[102.768478,15.9505],[102.767613,15.951405],[102.767818,15.953585],[102.76802,15.953567],[102.768398,15.954916],[102.767736,15.95525],[102.766934,15.958851],[102.769762,15.962166],[102.774265,15.959855],[102.792356,15.962773],[102.796642,15.966707],[102.796356,15.9743],[102.797846,15.97231],[102.809573,15.968076],[102.821202,15.960907],[102.831141,15.955321],[102.842364,15.946587],[102.842541,15.946841],[102.838506,15.940928]]]},"bbox":[102.755081,15.874489,102.842541,15.9743]},{"type":"Feature","id":"781a2d50-ecd4-4485-aea6-8154f1ed2c62","properties":{"id":"781a2d50-ecd4-4485-aea6-8154f1ed2c62","code":"06401009","provinceCode":"40","nameTh":"องค์การบริหารส่วนตำบล ภูเหล็ก","nameEn":null,"geometryType":"MUNICIPALITY","sourceUrl":"https://landometer.com/api/v2/citymeter-v3/grocery/info/geom/781a2d50-ecd4-4485-aea6-8154f1ed2c62/MUNICIPALITY","sourceSha256":"6739b9fba91f2ff9d858848b18ccb611d5205b7fb17d4cbb89ff14fd00f4c9f7","retrievedAt":"2026-10-04T05:43:14.114831+00:00","boundaryVintage":null,"geometryStatus":"native_source_polygon_display_simplified","simplificationToleranceDegrees":0.00015,"simplificationPreservesTopology":true,"invalidSourceRepair":"make_valid; retain polygonal components; discard zero-area collapsed lines","legalBoundaryIndependentlyVerified":false,"areaId":"781a2d50-ecd4-4485-aea6-8154f1ed2c62"},"geometry":{"type":"Polygon","coordinates":[[[102.850239,16.13597],[102.850084,16.13439],[102.850595,16.134379],[102.851597,16.134884],[102.852505,16.133134],[102.853369,16.132295],[102.854532,16.127904],[102.85502,16.127696],[102.854474,16.126044],[102.855779,16.12626],[102.858543,16.12742],[102.861395,16.125887],[102.863744,16.125341],[102.867633,16.125376],[102.867617,16.122806],[102.868843,16.118659],[102.867594,16.116756],[102.865235,16.116327],[102.864157,16.114],[102.863937,16.113118],[102.864574,16.112611],[102.864831,16.111349],[102.864112,16.109563],[102.862841,16.107599],[102.863177,16.107202],[102.862708,16.105563],[102.860443,16.100771],[102.861055,16.099869],[102.860996,16.099432],[102.860588,16.098987],[102.85985,16.096622],[102.859926,16.095852],[102.86083,16.094656],[102.859197,16.091928],[102.855612,16.09222],[102.85487,16.087271],[102.856044,16.082023],[102.854956,16.080056],[102.853894,16.079076],[102.851893,16.07879],[102.850729,16.077224],[102.85025,16.075968],[102.847863,16.075337],[102.848075,16.072323],[102.848425,16.072407],[102.848328,16.071869],[102.831761,16.069377],[102.807096,16.06928],[102.797287,16.067032],[102.796497,16.066334],[102.797198,16.066978],[102.792642,16.075176],[102.789928,16.085573],[102.788461,16.102577],[102.789548,16.113424],[102.787498,16.118998],[102.795021,16.136945],[102.795539,16.150616],[102.795163,16.151764],[102.795602,16.152649],[102.795562,16.153211],[102.795763,16.153319],[102.796137,16.153022],[102.797401,16.152784],[102.799986,16.153393],[102.800361,16.153733],[102.801204,16.153548],[102.802,16.153788],[102.803751,16.153766],[102.804565,16.153395],[102.805234,16.15269],[102.80891,16.152527],[102.809248,16.153022],[102.809983,16.153174],[102.811521,16.152461],[102.812806,16.152568],[102.814141,16.153199],[102.816494,16.155094],[102.819391,16.156183],[102.82006,16.156661],[102.821637,16.158979],[102.826218,16.160335],[102.826434,16.159898],[102.828266,16.160619],[102.829987,16.160964],[102.830891,16.16155],[102.831434,16.161569],[102.832551,16.16092],[102.831751,16.155641],[102.831247,16.154045],[102.831346,16.153352],[102.832503,16.152492],[102.835309,16.152048],[102.836937,16.152625],[102.838571,16.152771],[102.843858,16.150881],[102.843344,16.149087],[102.843146,16.146253],[102.843282,16.145266],[102.844027,16.144449],[102.845503,16.141263],[102.847238,16.140114],[102.847262,16.139377],[102.848761,16.138513],[102.849825,16.137166],[102.850239,16.13597]]]},"bbox":[102.787498,16.066334,102.868843,16.161569]},{"type":"Feature","id":"44adeed0-4986-46bb-96de-61894ad16d5f","properties":{"id":"44adeed0-4986-46bb-96de-61894ad16d5f","code":"06401010","provinceCode":"40","nameTh":"องค์การบริหารส่วนตำบล เมืองเพีย","nameEn":null,"geometryType":"MUNICIPALITY","sourceUrl":"https://landometer.com/api/v2/citymeter-v3/grocery/info/geom/44adeed0-4986-46bb-96de-61894ad16d5f/MUNICIPALITY","sourceSha256":"ad34fb25150030795a0342dab1f145bb978cc5f14010e31a76957a0efe85ba33","retrievedAt":"2026-10-04T05:43:14.119067+00:00","boundaryVintage":null,"geometryStatus":"native_source_polygon_display_simplified","simplificationToleranceDegrees":0.00015,"simplificationPreservesTopology":true,"invalidSourceRepair":"make_valid; retain polygonal components; discard zero-area collapsed lines","legalBoundaryIndependentlyVerified":false,"areaId":"44adeed0-4986-46bb-96de-61894ad16d5f"},"geometry":{"type":"MultiPolygon","coordinates":[[[[102.680202,16.039269],[102.68020227628031,16.03926909209344],[102.680213,16.039224],[102.680202,16.039269]]],[[[102.687272,16.174884],[102.687836,16.173863],[102.690517,16.170736],[102.690722,16.169845],[102.690696,16.167904],[102.69104,16.16636],[102.69082,16.164845],[102.689503,16.164756],[102.688376,16.162806],[102.690051,16.159169],[102.691035,16.155399],[102.690941,16.153357],[102.687675,16.150548],[102.6889,16.150915],[102.687731,16.150564],[102.685899,16.147568],[102.685527,16.147713],[102.676048,16.133372],[102.674259,16.120117],[102.698775,16.103381],[102.699333,16.102747],[102.699057,16.102575],[102.699943,16.101949],[102.685125,16.092715],[102.677676,16.085727],[102.675175,16.064698],[102.676087,16.061258],[102.67993,16.058518],[102.681966,16.0486],[102.680241,16.039282],[102.679886,16.040599],[102.679122,16.04007],[102.677979,16.039756],[102.676418,16.040157],[102.67512,16.039797],[102.674456,16.039947],[102.672941,16.039778],[102.671305,16.040153],[102.670128,16.040075],[102.669601,16.040909],[102.668187,16.041861],[102.667162,16.0412],[102.666419,16.041125],[102.664673,16.041572],[102.661685,16.041718],[102.661622,16.042102],[102.660486,16.042218],[102.659073,16.043068],[102.657918,16.042995],[102.656773,16.042583],[102.65549,16.042666],[102.655128,16.042937],[102.654745,16.043968],[102.654358,16.044196],[102.654303,16.044838],[102.655029,16.046112],[102.654978,16.046635],[102.654465,16.047374],[102.655234,16.050929],[102.655265,16.053071],[102.656087,16.054014],[102.653433,16.05547],[102.652088,16.056753],[102.652224,16.057254],[102.648601,16.059906],[102.648185,16.06056],[102.646455,16.061376],[102.645043,16.061333],[102.644781,16.062957],[102.645308,16.063935],[102.646985,16.06405],[102.648003,16.064407],[102.649647,16.065551],[102.649796,16.065772],[102.649569,16.066387],[102.650258,16.068077],[102.649729,16.069236],[102.649885,16.069704],[102.650285,16.07039],[102.651612,16.071105],[102.651649,16.07233],[102.652088,16.073601],[102.652314,16.074054],[102.652761,16.073886],[102.65347,16.075059],[102.652845,16.075342],[102.652309,16.076062],[102.651328,16.075937],[102.649575,16.076528],[102.6495,16.078078],[102.649903,16.077992],[102.650005,16.07843],[102.649987,16.078907],[102.649521,16.079004],[102.649418,16.080773],[102.652296,16.080404],[102.655028,16.08544],[102.6553,16.086677],[102.655327,16.089856],[102.654109,16.093539],[102.652695,16.099598],[102.652741,16.100988],[102.65355,16.104582],[102.653557,16.10705],[102.653891,16.109931],[102.648488,16.107624],[102.64833,16.108381],[102.648603,16.109724],[102.647456,16.109888],[102.646512,16.115613],[102.645836,16.114973],[102.645356,16.114996],[102.64507,16.115124],[102.644629,16.116069],[102.64374,16.115881],[102.640811,16.11616],[102.639506,16.117058],[102.640487,16.122535],[102.639391,16.12476],[102.640651,16.125864],[102.640711,16.126204],[102.640489,16.127904],[102.638434,16.130059],[102.638425,16.130394],[102.639098,16.131768],[102.640849,16.132246],[102.642616,16.133278],[102.640312,16.13471],[102.640045,16.135919],[102.638813,16.136656],[102.639327,16.13698],[102.639389,16.139084],[102.639848,16.139853],[102.641771,16.13985],[102.642864,16.14024],[102.643607,16.142038],[102.643758,16.143671],[102.644496,16.144369],[102.646397,16.1451],[102.646833,16.145958],[102.646891,16.146352],[102.646553,16.146748],[102.644577,16.147273],[102.643885,16.14783],[102.643662,16.148333],[102.643852,16.151148],[102.644388,16.152299],[102.645066,16.152687],[102.645965,16.151855],[102.646572,16.151804],[102.646979,16.152086],[102.647388,16.153397],[102.647285,16.153828],[102.645191,16.155937],[102.644917,16.156896],[102.64502,16.157692],[102.645662,16.157666],[102.647031,16.156473],[102.647923,16.156056],[102.650871,16.156953],[102.65116,16.157378],[102.651063,16.157816],[102.649328,16.158445],[102.648236,16.15934],[102.648045,16.159843],[102.649384,16.160798],[102.651931,16.160889],[102.653367,16.161331],[102.655049,16.164209],[102.655549,16.165868],[102.656236,16.165793],[102.657097,16.165112],[102.657338,16.164764],[102.657469,16.163299],[102.658618,16.162756],[102.660446,16.163373],[102.662226,16.165406],[102.662386,16.166004],[102.662028,16.166376],[102.659815,16.166614],[102.657674,16.167718],[102.655963,16.170595],[102.655997,16.172347],[102.656596,16.173748],[102.657256,16.174437],[102.658935,16.174878],[102.659693,16.175716],[102.659563,16.176355],[102.658458,16.176836],[102.65852,16.177408],[102.659521,16.17781],[102.661661,16.177638],[102.664609,16.174658],[102.66602,16.173963],[102.666652,16.174591],[102.667509,16.174786],[102.667877,16.175166],[102.667527,16.176467],[102.666718,16.177608],[102.666902,16.17824],[102.66756,16.178889],[102.668166,16.178939],[102.66927,16.178185],[102.670852,16.178688],[102.672733,16.178296],[102.673047,16.178461],[102.673498,16.179853],[102.672329,16.181505],[102.671185,16.1814],[102.670123,16.180381],[102.669384,16.18003],[102.668614,16.180247],[102.66812,16.180932],[102.66867,16.183448],[102.669765,16.184678],[102.669116,16.186361],[102.66934,16.186951],[102.672432,16.186576],[102.672779,16.186259],[102.673087,16.18497],[102.673879,16.184588],[102.675715,16.184779],[102.676517,16.185207],[102.675926,16.186798],[102.67496,16.188459],[102.675253,16.189029],[102.675988,16.188954],[102.677169,16.18833],[102.678182,16.186386],[102.679489,16.185467],[102.680702,16.185487],[102.68182,16.18639],[102.681991,16.187047],[102.682814,16.186926],[102.684091,16.185734],[102.684663,16.184429],[102.684583,16.183135],[102.683091,16.180588],[102.683129,16.179737],[102.687272,16.174884]]]]},"bbox":[102.638401,16.039224,102.699943,16.189042]},{"type":"Feature","id":"e255042b-9397-4f6c-85ee-0faed7a52c09","properties":{"id":"e255042b-9397-4f6c-85ee-0faed7a52c09","code":"06401011","provinceCode":"40","nameTh":"องค์การบริหารส่วนตำบล หนองน้ำใส","nameEn":null,"geometryType":"MUNICIPALITY","sourceUrl":"https://landometer.com/api/v2/citymeter-v3/grocery/info/geom/e255042b-9397-4f6c-85ee-0faed7a52c09/MUNICIPALITY","sourceSha256":"ac7cc77ec7a91af78f973f1aaf23f0b128cbb979c0b7cfe54493f0b60ae26bc2","retrievedAt":"2026-10-04T05:43:14.114129+00:00","boundaryVintage":null,"geometryStatus":"native_source_polygon_display_simplified","simplificationToleranceDegrees":0.00015,"simplificationPreservesTopology":true,"invalidSourceRepair":"make_valid; retain polygonal components; discard zero-area collapsed lines","legalBoundaryIndependentlyVerified":false,"areaId":"e255042b-9397-4f6c-85ee-0faed7a52c09"},"geometry":{"type":"MultiPolygon","coordinates":[[[[102.712459,16.016232],[102.71246309007743,16.01623228535424],[102.712463,16.016232],[102.712459,16.016232]]],[[[102.735087,15.981694],[102.735182,15.982342],[102.732283,15.983642],[102.732716,15.985444],[102.732418,15.987001],[102.7309,15.987566],[102.731166,15.991564],[102.729935,15.99326],[102.728094,15.994371],[102.727736,15.994876],[102.728261,15.995776],[102.728252,15.996966],[102.727632,15.998518],[102.728024,15.999729],[102.72709,16.000272],[102.725995,15.999014],[102.722835,15.998625],[102.721668,15.997993],[102.719371,15.999303],[102.718793,15.998665],[102.718084,15.999458],[102.71654,16.000323],[102.711214,16.011741],[102.714804,16.023648],[102.716038,16.02484],[102.716631,16.026805],[102.71805,16.028041],[102.718704,16.030205],[102.720668,16.029793],[102.721267,16.031773],[102.722469,16.032292],[102.723059,16.034245],[102.723342,16.036224],[102.72431,16.038385],[102.726748,16.038793],[102.726347,16.040735],[102.728324,16.04105],[102.728162,16.042037],[102.736688,16.043397],[102.754484,16.058025],[102.774015,16.059482],[102.774008,16.060474],[102.776432,16.060778],[102.776269,16.059814],[102.776471,16.059842],[102.773336,16.042461],[102.771006,16.036377],[102.765998,16.030758],[102.764837,16.023842],[102.754837,16.025305],[102.749245,16.029762],[102.751512,16.0188],[102.749972,16.014916],[102.751792,16.011398],[102.747879,16.005671],[102.743894,15.993573],[102.735087,15.981694]]]]},"bbox":[102.711214,15.981642,102.776471,16.060778]},{"type":"Feature","id":"d0b1f815-9c15-4b13-8052-e8562cd23f34","properties":{"id":"d0b1f815-9c15-4b13-8052-e8562cd23f34","code":"06401103","provinceCode":"40","nameTh":"องค์การบริหารส่วนตำบล ขามป้อม","nameEn":null,"geometryType":"MUNICIPALITY","sourceUrl":"https://landometer.com/api/v2/citymeter-v3/grocery/info/geom/d0b1f815-9c15-4b13-8052-e8562cd23f34/MUNICIPALITY","sourceSha256":"aa52088cd3fb65bb0ba6b334461d2121662f797609d2038e5ee55401e78a55d6","retrievedAt":"2026-10-04T05:43:14.276050+00:00","boundaryVintage":null,"geometryStatus":"native_source_polygon_display_simplified","simplificationToleranceDegrees":0.00015,"simplificationPreservesTopology":true,"invalidSourceRepair":"make_valid; retain polygonal components; discard zero-area collapsed lines","legalBoundaryIndependentlyVerified":false,"areaId":"d0b1f815-9c15-4b13-8052-e8562cd23f34"},"geometry":{"type":"Polygon","coordinates":[[[102.896557,15.946333],[102.896312,15.945567],[102.895969,15.94561],[102.895432,15.945166],[102.894979,15.945346],[102.895176,15.944621],[102.8944,15.944873],[102.893861,15.944554],[102.893447,15.943406],[102.892373,15.941767],[102.891986,15.941503],[102.890934,15.941428],[102.889877,15.940608],[102.890328,15.94002],[102.890827,15.939879],[102.890179,15.939479],[102.890468,15.938966],[102.890147,15.93868],[102.890066,15.937557],[102.890372,15.936709],[102.890706,15.936883],[102.891223,15.936709],[102.890919,15.936292],[102.891235,15.935242],[102.890493,15.934365],[102.890586,15.933753],[102.889768,15.933024],[102.890527,15.93267],[102.891075,15.932961],[102.89148,15.932758],[102.89167,15.932253],[102.891129,15.931793],[102.890988,15.931347],[102.891785,15.931092],[102.891734,15.93062],[102.892398,15.930644],[102.891935,15.930135],[102.892765,15.929619],[102.892685,15.928604],[102.893474,15.927828],[102.893308,15.927392],[102.893955,15.927484],[102.893949,15.926829],[102.895126,15.926573],[102.896514,15.926964],[102.897168,15.926241],[102.897107,15.926063],[102.896805,15.926257],[102.896664,15.926104],[102.897253,15.925724],[102.897425,15.925273],[102.896336,15.924601],[102.89612,15.924165],[102.896197,15.922534],[102.896944,15.922469],[102.896434,15.922156],[102.896689,15.921722],[102.896744,15.920664],[102.896141,15.919453],[102.896394,15.919057],[102.896975,15.918867],[102.896806,15.918076],[102.899183,15.916786],[102.899526,15.91608],[102.90009,15.915653],[102.9002,15.914955],[102.899595,15.914592],[102.899275,15.914039],[102.8996,15.912704],[102.899975,15.912218],[102.899594,15.911926],[102.901425,15.910485],[102.901757,15.910707],[102.902021,15.910502],[102.902333,15.908874],[102.90172,15.908814],[102.901897,15.907355],[102.901603,15.906691],[102.901805,15.906237],[102.901596,15.905524],[102.902304,15.905482],[102.902839,15.9049],[102.903362,15.905009],[102.903391,15.903948],[102.903053,15.903805],[102.902973,15.90335],[102.902627,15.903262],[102.902877,15.9024],[102.898216,15.901321],[102.894562,15.899835],[102.894603,15.899675],[102.888597,15.896952],[102.884388,15.898487],[102.876151,15.907574],[102.873458,15.903502],[102.870766,15.902596],[102.866554,15.903781],[102.861252,15.909569],[102.849958,15.916099],[102.845066,15.918581],[102.837347,15.925056],[102.836555,15.924775],[102.836385,15.925328],[102.839324,15.935744],[102.836525,15.925825],[102.835424,15.925434],[102.83570278585069,15.926593923981631],[102.834548,15.926184],[102.835478,15.929479],[102.834964,15.928503],[102.838533,15.935377],[102.839076,15.939225],[102.838531,15.941072],[102.842688,15.947009],[102.843733,15.947613],[102.846425,15.947879],[102.846333,15.954819],[102.852976,15.950199],[102.853542,15.954485],[102.855568,15.956299],[102.857239,15.958854],[102.860047,15.960332],[102.860527,15.960054],[102.862477,15.962166],[102.863514,15.962321],[102.863894,15.964588],[102.864901,15.966376],[102.865276,15.966385],[102.865398,15.967181],[102.8651,15.968644],[102.866556,15.971265],[102.870793,15.971339],[102.871306,15.970149],[102.8756,15.970524],[102.875796,15.971153],[102.87708,15.973024],[102.877204,15.974294],[102.880718,15.973055],[102.881271,15.97395],[102.882464,15.973823],[102.883273,15.975494],[102.884021,15.975218],[102.884161,15.975703],[102.887177,15.974461],[102.887826,15.975522],[102.888545,15.976054],[102.889359,15.978392],[102.890906,15.977593],[102.891968,15.977481],[102.893675,15.976274],[102.895255,15.975987],[102.895899,15.975607],[102.897994,15.973129],[102.898619,15.972857],[102.898366,15.972498],[102.898383,15.971977],[102.898897,15.971065],[102.899926,15.970673],[102.900232,15.970308],[102.900227,15.96986],[102.901344,15.970036],[102.901338,15.969554],[102.901598,15.969235],[102.902346,15.968604],[102.90305,15.96837],[102.902509,15.967684],[102.90271,15.967269],[102.902366,15.966805],[102.902427,15.965951],[102.902173,15.965146],[102.900698,15.963518],[102.900485,15.96235],[102.89911,15.961973],[102.898728,15.961512],[102.897706,15.961585],[102.897877,15.961088],[102.897347,15.960908],[102.89709,15.959469],[102.895747,15.958399],[102.895088,15.958523],[102.894772,15.957637],[102.895369,15.955143],[102.895905,15.954459],[102.895678,15.954013],[102.896445,15.953084],[102.896559,15.952452],[102.896983,15.952174],[102.897146,15.951365],[102.897677,15.951209],[102.8979,15.950711],[102.897805,15.950488],[102.897287,15.950387],[102.89745,15.949957],[102.896622,15.947644],[102.896811,15.946969],[102.896385,15.946713],[102.896557,15.946333]],[[102.835703,15.926594],[102.837717,15.933731],[102.83570278585069,15.926593923981631],[102.835703,15.926594]]]},"bbox":[102.834548,15.896952,102.903401,15.978392]},{"type":"Feature","id":"a04e03fd-20a6-4c2e-ac7d-2a94559c4330","properties":{"id":"a04e03fd-20a6-4c2e-ac7d-2a94559c4330","code":"06401104","provinceCode":"40","nameTh":"องค์การบริหารส่วนตำบล วังม่วง","nameEn":null,"geometryType":"MUNICIPALITY","sourceUrl":"https://landometer.com/api/v2/citymeter-v3/grocery/info/geom/a04e03fd-20a6-4c2e-ac7d-2a94559c4330/MUNICIPALITY","sourceSha256":"e5ad2462bdd99a58022b23c6a7e76be291790f4e3b89a350ac1ecc490a10b221","retrievedAt":"2026-10-04T05:43:14.165769+00:00","boundaryVintage":null,"geometryStatus":"native_source_polygon_display_simplified","simplificationToleranceDegrees":0.00015,"simplificationPreservesTopology":true,"invalidSourceRepair":"make_valid; retain polygonal components; discard zero-area collapsed lines","legalBoundaryIndependentlyVerified":false,"areaId":"a04e03fd-20a6-4c2e-ac7d-2a94559c4330"},"geometry":{"type":"Polygon","coordinates":[[[102.860316,15.859027],[102.857978,15.858629],[102.853927,15.859039],[102.852144,15.859508],[102.851171,15.851555],[102.849525,15.851813],[102.848383,15.851554],[102.84791,15.852131],[102.846071,15.853102],[102.844127,15.853253],[102.843524,15.853923],[102.843002,15.853988],[102.827876,15.852011],[102.827066,15.851722],[102.826651,15.851199],[102.826384,15.850403],[102.826426,15.849367],[102.825656,15.849348],[102.825288,15.84902],[102.823547,15.849624],[102.821822,15.848424],[102.820067,15.849859],[102.818271,15.850223],[102.816408,15.849516],[102.816914,15.847232],[102.816221,15.846292],[102.814962,15.846301],[102.808103,15.848726],[102.80611,15.849727],[102.803241,15.850679],[102.802189,15.850733],[102.799477,15.85381],[102.798007,15.856697],[102.791654,15.860096],[102.791751,15.860756],[102.790641,15.861232],[102.790233,15.861742],[102.788563,15.862349],[102.787714,15.863186],[102.786784,15.863304],[102.785799,15.863767],[102.7857,15.864079],[102.784908,15.864577],[102.785016,15.864828],[102.784786,15.865239],[102.785115,15.866043],[102.783151,15.869026],[102.781251,15.869894],[102.780827,15.869018],[102.780428,15.869473],[102.779101,15.869879],[102.778629,15.8703],[102.778874,15.870924],[102.778693,15.871597],[102.779887,15.872336],[102.781327,15.873697],[102.781708,15.873558],[102.782057,15.874574],[102.780715,15.875654],[102.781104,15.875859],[102.780945,15.876593],[102.781542,15.877687],[102.781411,15.878905],[102.781804,15.878971],[102.782109,15.880203],[102.782837,15.881009],[102.783285,15.882037],[102.786934,15.884132],[102.787343,15.885851],[102.789256,15.886247],[102.789723,15.887492],[102.791032,15.888364],[102.791575,15.889344],[102.791545,15.889722],[102.79202,15.889903],[102.792375,15.890658],[102.792988,15.891229],[102.792987,15.891814],[102.79412,15.894141],[102.793763,15.89496],[102.793457,15.89511],[102.794192,15.896517],[102.793927,15.897589],[102.79521,15.899389],[102.796327,15.899313],[102.796644,15.8998],[102.79755,15.900079],[102.799539,15.900067],[102.801302,15.90491],[102.801677,15.905418],[102.801811,15.906757],[102.802301,15.907642],[102.802769,15.909439],[102.803269,15.909413],[102.803937,15.910342],[102.804595,15.910702],[102.805444,15.912784],[102.808293,15.913291],[102.809696,15.916657],[102.81007,15.918133],[102.812366,15.91772],[102.81261,15.918249],[102.815142,15.917802],[102.817523,15.91793],[102.820078,15.917699],[102.822998,15.918126],[102.824059,15.919583],[102.827068,15.922045],[102.829003,15.92312],[102.830132,15.92313],[102.831826,15.923814],[102.832699,15.92448],[102.835551,15.929618],[102.834548,15.926184],[102.835703,15.926594],[102.835424,15.925434],[102.836525,15.925825],[102.836385,15.925328],[102.836555,15.924775],[102.837347,15.925056],[102.845066,15.918581],[102.849958,15.916099],[102.861252,15.909569],[102.866554,15.903781],[102.869052,15.898106],[102.880364,15.886337],[102.876353,15.886814],[102.860836,15.859124],[102.86239,15.858255],[102.860316,15.859027]]]},"bbox":[102.778629,15.846234,102.880364,15.929618]},{"type":"Feature","id":"dc669d60-d5d3-4b6e-bd18-f75f908c9e61","properties":{"id":"dc669d60-d5d3-4b6e-bd18-f75f908c9e61","code":"06401202","provinceCode":"40","nameTh":"องค์การบริหารส่วนตำบล เก่างิ้ว","nameEn":null,"geometryType":"MUNICIPALITY","sourceUrl":"https://landometer.com/api/v2/citymeter-v3/grocery/info/geom/dc669d60-d5d3-4b6e-bd18-f75f908c9e61/MUNICIPALITY","sourceSha256":"57960273797742ae5a798db96bc5d7651e19e26121f9734464e55a0702c3cb7b","retrievedAt":"2026-10-04T05:43:14.186592+00:00","boundaryVintage":null,"geometryStatus":"native_source_polygon_display_simplified","simplificationToleranceDegrees":0.00015,"simplificationPreservesTopology":true,"invalidSourceRepair":"make_valid; retain polygonal components; discard zero-area collapsed lines","legalBoundaryIndependentlyVerified":false,"areaId":"dc669d60-d5d3-4b6e-bd18-f75f908c9e61"},"geometry":{"type":"Polygon","coordinates":[[[102.631671,15.862524],[102.631056,15.861692],[102.63122,15.861627],[102.60539,15.826756],[102.605929,15.826046],[102.604206,15.823717],[102.603368,15.824283],[102.597092,15.815781],[102.574514,15.831138],[102.570275,15.835383],[102.565393,15.845268],[102.574654,15.854364],[102.583881,15.855858],[102.582358,15.859842],[102.57688,15.865223],[102.579189,15.88515],[102.595349,15.874513],[102.599046,15.871304],[102.60842,15.864767],[102.610101,15.864268],[102.620965,15.866371],[102.631671,15.862524]]]},"bbox":[102.565393,15.815781,102.631671,15.88515]},{"type":"Feature","id":"fbc26c89-daf4-4ce0-a0c0-ccca79514193","properties":{"id":"fbc26c89-daf4-4ce0-a0c0-ccca79514193","code":"06401203","provinceCode":"40","nameTh":"องค์การบริหารส่วนตำบล เพ็กใหญ่","nameEn":null,"geometryType":"MUNICIPALITY","sourceUrl":"https://landometer.com/api/v2/citymeter-v3/grocery/info/geom/fbc26c89-daf4-4ce0-a0c0-ccca79514193/MUNICIPALITY","sourceSha256":"682a5a8419a40e73a14805576753ce3c6cf8f3a691c577460da9a5725f896700","retrievedAt":"2026-10-04T05:43:14.195038+00:00","boundaryVintage":null,"geometryStatus":"native_source_polygon_display_simplified","simplificationToleranceDegrees":0.00015,"simplificationPreservesTopology":true,"invalidSourceRepair":"make_valid; retain polygonal components; discard zero-area collapsed lines","legalBoundaryIndependentlyVerified":false,"areaId":"fbc26c89-daf4-4ce0-a0c0-ccca79514193"},"geometry":{"type":"Polygon","coordinates":[[[102.560952,15.856089],[102.557581,15.850585],[102.565393,15.845268],[102.570275,15.835383],[102.574514,15.831138],[102.597093,15.815783],[102.595695,15.813889],[102.59443,15.811311],[102.594741,15.8122],[102.586618,15.817113],[102.567097,15.810503],[102.5578,15.814879],[102.555402,15.812789],[102.55093,15.812881],[102.526478,15.819269],[102.508938,15.821486],[102.50931,15.822496],[102.508303,15.824437],[102.508291,15.82568],[102.509684,15.832939],[102.510469,15.835013],[102.499063,15.838754],[102.502455,15.842821],[102.507545,15.849544],[102.510427,15.855557],[102.511445,15.858441],[102.513004,15.864236],[102.51517,15.86909],[102.515754,15.871162],[102.516926,15.888674],[102.52705,15.885727],[102.532188,15.877769],[102.543831,15.865051],[102.549438,15.861826],[102.556712,15.861446],[102.560323,15.859547],[102.560952,15.856089]]]},"bbox":[102.499063,15.810503,102.597093,15.888674]},{"type":"Feature","id":"a1a04246-7a1f-435b-8e39-502cac14e929","properties":{"id":"a1a04246-7a1f-435b-8e39-502cac14e929","code":"06401204","provinceCode":"40","nameTh":"องค์การบริหารส่วนตำบล โสกนกเต็น","nameEn":null,"geometryType":"MUNICIPALITY","sourceUrl":"https://landometer.com/api/v2/citymeter-v3/grocery/info/geom/a1a04246-7a1f-435b-8e39-502cac14e929/MUNICIPALITY","sourceSha256":"02380332168090b4eeb76cc56da3a9a17dfb768797f2864c61997f680cc5329a","retrievedAt":"2026-10-04T05:43:14.195906+00:00","boundaryVintage":null,"geometryStatus":"native_source_polygon_display_simplified","simplificationToleranceDegrees":0.00015,"simplificationPreservesTopology":true,"invalidSourceRepair":"make_valid; retain polygonal components; discard zero-area collapsed lines","legalBoundaryIndependentlyVerified":false,"areaId":"a1a04246-7a1f-435b-8e39-502cac14e929"},"geometry":{"type":"MultiPolygon","coordinates":[[[[102.611478,15.814907],[102.61282928300139,15.814052094333796],[102.612829,15.814052],[102.611478,15.814907]]],[[[102.708953,15.866645],[102.707907,15.864274],[102.707249,15.86378],[102.707149,15.861495],[102.706742,15.860732],[102.706984,15.860331],[102.705567,15.85833],[102.70616,15.858056],[102.705684,15.856678],[102.70478,15.856007],[102.704508,15.855359],[102.703685,15.854951],[102.702921,15.854078],[102.702013,15.854334],[102.701141,15.854056],[102.700957,15.854296],[102.700483,15.854139],[102.700555,15.854402],[102.700301,15.854519],[102.699763,15.85443],[102.699337,15.853608],[102.699901,15.853135],[102.700016,15.852152],[102.700353,15.852169],[102.700764,15.851758],[102.700057,15.851512],[102.700027,15.850853],[102.700263,15.850424],[102.699629,15.849801],[102.699561,15.849142],[102.698347,15.849497],[102.697535,15.848803],[102.696025,15.848315],[102.695743,15.847467],[102.694799,15.847434],[102.694932,15.846765],[102.695818,15.845475],[102.695318,15.845032],[102.694323,15.842845],[102.694143,15.841684],[102.694458,15.841203],[102.694319,15.840159],[102.695567,15.838162],[102.695156,15.837585],[102.69437,15.83796],[102.694024,15.837093],[102.694684,15.836726],[102.69467,15.83571],[102.695265,15.833596],[102.69691,15.833436],[102.69737,15.832896],[102.698402,15.832966],[102.699028,15.832694],[102.69954,15.831838],[102.699459,15.83121],[102.700277,15.830653],[102.699676,15.830257],[102.699738,15.829776],[102.700064,15.829507],[102.701048,15.829342],[102.70244,15.829713],[102.702431,15.828664],[102.703317,15.827876],[102.70259,15.827584],[102.702498,15.82732],[102.703621,15.8257],[102.703766,15.824899],[102.704474,15.824517],[102.704463,15.823532],[102.705012,15.823045],[102.705171,15.82371],[102.705374,15.823763],[102.705765,15.823296],[102.70649,15.823069],[102.706088,15.822615],[102.706114,15.821684],[102.706372,15.821513],[102.706202,15.821028],[102.707984,15.820799],[102.707848,15.81995],[102.708326,15.81896],[102.70854,15.818616],[102.709143,15.818433],[102.709212,15.816775],[102.708126,15.815866],[102.708607,15.81523],[102.708796,15.81403],[102.705852,15.814118],[102.705147,15.814339],[102.703247,15.813622],[102.699877,15.81434],[102.697681,15.809123],[102.697003,15.808865],[102.695945,15.808977],[102.695823,15.808506],[102.695588,15.808531],[102.69566,15.808092],[102.695233,15.807456],[102.694707,15.80542],[102.694245,15.804776],[102.693442,15.804584],[102.692893,15.803555],[102.692097,15.803264],[102.69168,15.803352],[102.691098,15.801637],[102.691651,15.80031],[102.691125,15.799782],[102.690924,15.798521],[102.690242,15.797749],[102.689815,15.796687],[102.688716,15.796097],[102.687684,15.794535],[102.687143,15.793335],[102.68749,15.792705],[102.686868,15.791242],[102.686919,15.791395],[102.664665,15.803943],[102.646324,15.808098],[102.633619,15.807865],[102.618183,15.810665],[102.612322,15.814408],[102.62227,15.818092],[102.629599,15.822991],[102.643578,15.823055],[102.643346,15.827895],[102.645431,15.834126],[102.650557,15.838591],[102.650824,15.841429],[102.654449,15.84023],[102.657518,15.836316],[102.657004,15.830876],[102.663533,15.830781],[102.66517,15.836231],[102.669623,15.838575],[102.674593,15.84576],[102.67716,15.852849],[102.683918,15.860464],[102.683004,15.863549],[102.685221,15.884538],[102.688473,15.893909],[102.694844,15.902538],[102.69524,15.902343],[102.696282,15.903546],[102.696158,15.902653],[102.69563,15.90159],[102.69738,15.900744],[102.697438,15.900113],[102.696786,15.897617],[102.697118,15.894018],[102.697588,15.893122],[102.698955,15.891587],[102.698031,15.888675],[102.698206,15.887469],[102.699815,15.887363],[102.701517,15.886391],[102.702055,15.884499],[102.701474,15.883556],[102.701321,15.881814],[102.702635,15.8824],[102.702804,15.880378],[102.702425,15.879168],[102.703059,15.878439],[102.703024,15.877094],[102.703231,15.876458],[102.704397,15.875216],[102.704771,15.873953],[102.705292,15.873642],[102.7059,15.87245],[102.706489,15.872667],[102.70655,15.872318],[102.70686,15.872199],[102.706804,15.871648],[102.707251,15.871176],[102.706918,15.870644],[102.706831,15.869498],[102.706361,15.869376],[102.706389,15.868989],[102.706722,15.868323],[102.707352,15.86854],[102.708203,15.86788],[102.708953,15.866645]]]]},"bbox":[102.611478,15.79124,102.709284,15.903546]},{"type":"Feature","id":"900ca7dd-6fac-4fb2-8d2c-fe56c41b1ce2","properties":{"id":"900ca7dd-6fac-4fb2-8d2c-fe56c41b1ce2","code":"06401205","provinceCode":"40","nameTh":"องค์การบริหารส่วนตำบล หนองแวงนางเบ้า","nameEn":null,"geometryType":"MUNICIPALITY","sourceUrl":"https://landometer.com/api/v2/citymeter-v3/grocery/info/geom/900ca7dd-6fac-4fb2-8d2c-fe56c41b1ce2/MUNICIPALITY","sourceSha256":"937f90ff529f55320d959cae8ae3edd05e3be3d059368bf49b894a656aa34f7c","retrievedAt":"2026-10-04T05:43:14.201176+00:00","boundaryVintage":null,"geometryStatus":"native_source_polygon_display_simplified","simplificationToleranceDegrees":0.00015,"simplificationPreservesTopology":true,"invalidSourceRepair":"make_valid; retain polygonal components; discard zero-area collapsed lines","legalBoundaryIndependentlyVerified":false,"areaId":"900ca7dd-6fac-4fb2-8d2c-fe56c41b1ce2"},"geometry":{"type":"Polygon","coordinates":[[[102.620965,15.866371],[102.610101,15.864268],[102.60842,15.864767],[102.599046,15.871304],[102.595349,15.874513],[102.579189,15.88515],[102.569117,15.893914],[102.562532,15.895956],[102.563862,15.899278],[102.564496,15.900067],[102.563571,15.900923],[102.563919,15.901994],[102.565753,15.904478],[102.567073,15.905458],[102.567009,15.907465],[102.568757,15.907529],[102.569831,15.908279],[102.570965,15.908334],[102.574573,15.90575],[102.575001,15.904111],[102.577268,15.907485],[102.579869,15.90826],[102.581496,15.909429],[102.582398,15.910856],[102.581484,15.916214],[102.581365,15.91872],[102.581988,15.920311],[102.58274,15.921389],[102.583635,15.922121],[102.581247,15.92381],[102.580205,15.924239],[102.579487,15.923971],[102.578134,15.924419],[102.576033,15.925706],[102.57521,15.925463],[102.574314,15.924607],[102.573984,15.92488],[102.573906,15.925425],[102.573127,15.925783],[102.572683,15.926817],[102.572481,15.927818],[102.572829,15.928961],[102.572795,15.929656],[102.572185,15.930309],[102.572154,15.932398],[102.571478,15.932962],[102.572173,15.933207],[102.574878,15.932018],[102.577688,15.931682],[102.578177,15.93205],[102.58392,15.932764],[102.585768,15.934343],[102.587782,15.93435],[102.591966,15.935498],[102.592788,15.93223],[102.59344,15.930612],[102.593246,15.928619],[102.593666,15.927623],[102.593119,15.925464],[102.593098,15.924062],[102.593256,15.923425],[102.594212,15.922466],[102.594756,15.920878],[102.596194,15.919464],[102.598111,15.919128],[102.599925,15.917904],[102.601207,15.917405],[102.602228,15.916446],[102.602445,15.915164],[102.603961,15.915252],[102.605799,15.913575],[102.610183,15.911123],[102.61458,15.910397],[102.616474,15.910484],[102.616808,15.910807],[102.622732,15.909091],[102.623015,15.910751],[102.628,15.91246],[102.633254,15.911395],[102.634424,15.910749],[102.635269,15.909965],[102.635736,15.908719],[102.636038,15.908661],[102.639624,15.908938],[102.650261,15.90844],[102.653104,15.907968],[102.661576,15.90259],[102.63122,15.861627],[102.631056,15.861692],[102.631671,15.862524],[102.620965,15.866371]]]},"bbox":[102.562532,15.861627,102.661576,15.935498]},{"type":"Feature","id":"68d10e13-27be-4446-9470-f43b1a8fd260","properties":{"id":"68d10e13-27be-4446-9470-f43b1a8fd260","code":"06401206","provinceCode":"40","nameTh":"องค์การบริหารส่วนตำบล โจดหนองแก","nameEn":null,"geometryType":"MUNICIPALITY","sourceUrl":"https://landometer.com/api/v2/citymeter-v3/grocery/info/geom/68d10e13-27be-4446-9470-f43b1a8fd260/MUNICIPALITY","sourceSha256":"31baaae18dd7de662f38b60333fd20ad753bdf2098ce1e10a3cdcfeeee667575","retrievedAt":"2026-10-04T05:43:14.198448+00:00","boundaryVintage":null,"geometryStatus":"native_source_polygon_display_simplified","simplificationToleranceDegrees":0.00015,"simplificationPreservesTopology":true,"invalidSourceRepair":"make_valid; retain polygonal components; discard zero-area collapsed lines","legalBoundaryIndependentlyVerified":false,"areaId":"68d10e13-27be-4446-9470-f43b1a8fd260"},"geometry":{"type":"Polygon","coordinates":[[[102.683004,15.863549],[102.683918,15.860464],[102.67716,15.852849],[102.674593,15.84576],[102.669623,15.838575],[102.66517,15.836231],[102.663533,15.830781],[102.657004,15.830876],[102.657518,15.836316],[102.654449,15.84023],[102.650824,15.841429],[102.650557,15.838591],[102.645431,15.834126],[102.643346,15.827895],[102.643578,15.823055],[102.629599,15.822991],[102.62227,15.818092],[102.612322,15.814408],[102.612829,15.814052],[102.608254,15.816947],[102.607784,15.821299],[102.606667,15.822054],[102.606542,15.823584],[102.605309,15.825208],[102.605929,15.826046],[102.60539,15.826756],[102.661576,15.90259],[102.661844,15.902413],[102.662115,15.90272],[102.662416,15.90215],[102.664325,15.902448],[102.664526,15.901127],[102.664876,15.901371],[102.664895,15.90109],[102.665862,15.900849],[102.665966,15.902563],[102.667331,15.902061],[102.669718,15.900614],[102.670133,15.902214],[102.670682,15.902299],[102.671386,15.901662],[102.671822,15.902188],[102.672259,15.901848],[102.67269,15.902399],[102.675142,15.901478],[102.675318,15.90228],[102.678173,15.901001],[102.678532,15.901549],[102.679737,15.900796],[102.679774,15.900954],[102.680936,15.900407],[102.681766,15.901799],[102.683626,15.900658],[102.684746,15.902129],[102.685803,15.900743],[102.686484,15.901539],[102.687244,15.900671],[102.687452,15.900994],[102.690017,15.900925],[102.692055,15.90186],[102.693113,15.901604],[102.693474,15.902732],[102.694504,15.902103],[102.694844,15.902538],[102.688473,15.893909],[102.685221,15.884538],[102.683004,15.863549]]]},"bbox":[102.605309,15.814052,102.694844,15.902732]},{"type":"Feature","id":"6e18c1d2-920e-48c7-bfc3-73a8aa799ba0","properties":{"id":"6e18c1d2-920e-48c7-bfc3-73a8aa799ba0","code":"06401207","provinceCode":"40","nameTh":"องค์การบริหารส่วนตำบล หนองแวงโสกพระ","nameEn":null,"geometryType":"MUNICIPALITY","sourceUrl":"https://landometer.com/api/v2/citymeter-v3/grocery/info/geom/6e18c1d2-920e-48c7-bfc3-73a8aa799ba0/MUNICIPALITY","sourceSha256":"f35b33743fd2f8ee8bae854e8382d0075dc564a4c5df45ef2aa941d3134494a7","retrievedAt":"2026-10-04T05:43:14.231713+00:00","boundaryVintage":null,"geometryStatus":"native_source_polygon_display_simplified","simplificationToleranceDegrees":0.00015,"simplificationPreservesTopology":true,"invalidSourceRepair":"make_valid; retain polygonal components; discard zero-area collapsed lines","legalBoundaryIndependentlyVerified":false,"areaId":"6e18c1d2-920e-48c7-bfc3-73a8aa799ba0"},"geometry":{"type":"Polygon","coordinates":[[[102.597708,15.714074],[102.598164,15.712969],[102.597894,15.712474],[102.596883,15.712308],[102.595459,15.712812],[102.594978,15.712634],[102.593839,15.711307],[102.592304,15.71069],[102.589662,15.710484],[102.588598,15.709792],[102.58706,15.709958],[102.585706,15.708901],[102.585709,15.708474],[102.585056,15.708155],[102.58348,15.70775],[102.582404,15.707106],[102.581312,15.707471],[102.581068,15.706545],[102.579626,15.706817],[102.579979,15.707265],[102.579504,15.708161],[102.578939,15.708308],[102.578256,15.70894],[102.577346,15.709035],[102.577055,15.709535],[102.576416,15.709729],[102.573884,15.70954],[102.573606,15.709403],[102.573362,15.708726],[102.573486,15.708156],[102.572346,15.707855],[102.572112,15.708723],[102.571705,15.708876],[102.570009,15.708627],[102.569088,15.707972],[102.569169,15.707723],[102.568506,15.707467],[102.565292,15.70809],[102.565125,15.707474],[102.564408,15.707527],[102.562544,15.706407],[102.560419,15.70609],[102.558324,15.705092],[102.557812,15.703971],[102.557459,15.703871],[102.557458,15.704193],[102.556741,15.704309],[102.556574,15.703662],[102.555854,15.703515],[102.556024,15.704073],[102.555559,15.704355],[102.546589,15.706306],[102.545587,15.706733],[102.545226,15.707241],[102.544453,15.707677],[102.542575,15.708155],[102.541462,15.709068],[102.539707,15.708707],[102.536627,15.708626],[102.532589,15.711552],[102.538825,15.71515],[102.556451,15.718156],[102.562883,15.72169],[102.56618,15.721414],[102.569739,15.724623],[102.576308,15.727124],[102.578581,15.726486],[102.58229,15.731824],[102.584038,15.731571],[102.585103,15.737833],[102.588437,15.740399],[102.591893,15.740611],[102.597388,15.750422],[102.612649,15.754821],[102.616845,15.760542],[102.620992,15.762129],[102.624434,15.771516],[102.628438,15.775755],[102.631072,15.776111],[102.631695,15.778983],[102.631854,15.77889],[102.632168,15.779865],[102.637318,15.776855],[102.640349,15.777621],[102.642685,15.775404],[102.645525,15.776849],[102.647518,15.775771],[102.650353,15.771906],[102.650502,15.768923],[102.653572,15.770015],[102.658409,15.762674],[102.662042,15.762496],[102.660962,15.761089],[102.662513,15.75993],[102.661099,15.758232],[102.662505,15.757072],[102.66461,15.757156],[102.665876,15.759084],[102.669821,15.757398],[102.671273,15.761615],[102.674613,15.761572],[102.674559,15.761073],[102.675677,15.759447],[102.674639,15.755722],[102.676449,15.755031],[102.676266,15.753873],[102.6767,15.750587],[102.676483,15.749953],[102.675277,15.748894],[102.675394,15.746772],[102.675023,15.745954],[102.673932,15.744793],[102.673876,15.744145],[102.67431,15.743833],[102.674384,15.742442],[102.675493,15.742041],[102.676364,15.742126],[102.676833,15.741023],[102.677294,15.741033],[102.677585,15.740737],[102.676862,15.739837],[102.677276,15.73931],[102.677192,15.738636],[102.67794,15.737973],[102.678088,15.737425],[102.678592,15.73734],[102.678679,15.737023],[102.678258,15.736311],[102.678372,15.735849],[102.677777,15.736029],[102.677546,15.735696],[102.678836,15.734577],[102.67875,15.73429],[102.679443,15.733843],[102.679227,15.733203],[102.679637,15.732666],[102.678923,15.731874],[102.679452,15.731219],[102.678879,15.731133],[102.678718,15.730681],[102.679674,15.73078],[102.680082,15.730513],[102.679807,15.729879],[102.679434,15.729749],[102.679825,15.728859],[102.678871,15.728334],[102.679057,15.727673],[102.678807,15.727039],[102.678236,15.726772],[102.678016,15.726127],[102.677098,15.726175],[102.676791,15.725344],[102.676295,15.72483],[102.675345,15.724887],[102.674835,15.723623],[102.673858,15.723098],[102.673709,15.722708],[102.672694,15.722718],[102.67302,15.720815],[102.672606,15.720771],[102.672567,15.720351],[102.672068,15.720023],[102.672607,15.718682],[102.671847,15.7181],[102.671823,15.717635],[102.671026,15.717555],[102.670832,15.717882],[102.670526,15.717877],[102.669638,15.717096],[102.66921,15.716215],[102.668601,15.716112],[102.668238,15.716382],[102.667873,15.71606],[102.668111,15.715651],[102.667415,15.715661],[102.666625,15.715343],[102.6657,15.715784],[102.665146,15.71555],[102.664456,15.715821],[102.663037,15.715877],[102.662428,15.716372],[102.662189,15.716162],[102.660948,15.716775],[102.660524,15.716484],[102.660305,15.716851],[102.659298,15.716598],[102.658796,15.717159],[102.658364,15.717071],[102.658038,15.717372],[102.657363,15.71699],[102.657227,15.717395],[102.656738,15.717216],[102.656459,15.717569],[102.656151,15.717197],[102.655221,15.717163],[102.654895,15.716652],[102.653485,15.716015],[102.652964,15.715542],[102.652579,15.715691],[102.652202,15.715513],[102.6517,15.714554],[102.650613,15.714709],[102.650069,15.714505],[102.648075,15.71554],[102.647716,15.714882],[102.646641,15.715135],[102.646078,15.714952],[102.645515,15.715297],[102.645093,15.715121],[102.643285,15.715774],[102.643194,15.716219],[102.642678,15.715843],[102.642051,15.716028],[102.641682,15.716477],[102.641281,15.715895],[102.639831,15.715816],[102.640091,15.715468],[102.639705,15.71526],[102.639143,15.71555],[102.639144,15.715062],[102.638624,15.714841],[102.636823,15.715612],[102.636761,15.715891],[102.637081,15.716182],[102.636873,15.716466],[102.636337,15.716452],[102.636514,15.71683],[102.636107,15.717256],[102.635873,15.718143],[102.635391,15.717779],[102.634504,15.718261],[102.634104,15.71816],[102.632982,15.718819],[102.631366,15.718663],[102.630685,15.719313],[102.630176,15.720412],[102.628522,15.720356],[102.626854,15.721878],[102.62375,15.721349],[102.622783,15.720945],[102.62289,15.721821],[102.622464,15.723376],[102.622051,15.723352],[102.621831,15.723667],[102.621145,15.723449],[102.620412,15.724201],[102.620014,15.723963],[102.61959,15.724294],[102.618759,15.7243],[102.618363,15.72458],[102.618473,15.725034],[102.618262,15.725415],[102.617172,15.725358],[102.61702,15.725832],[102.615881,15.725978],[102.615815,15.726436],[102.613448,15.727631],[102.612884,15.727453],[102.610711,15.727991],[102.609855,15.727834],[102.609572,15.727343],[102.609281,15.72793],[102.608899,15.727631],[102.609188,15.727398],[102.60905,15.727087],[102.608459,15.72684],[102.6077,15.72709],[102.606858,15.726795],[102.606961,15.725968],[102.605977,15.725831],[102.605486,15.724913],[102.604085,15.72499],[102.604011,15.724505],[102.603387,15.723956],[102.603333,15.723518],[102.60208,15.723038],[102.602249,15.722319],[102.601919,15.721794],[102.602031,15.721249],[102.601715,15.721228],[102.601657,15.720366],[102.600415,15.719913],[102.600389,15.719038],[102.599882,15.718521],[102.598692,15.715811],[102.597654,15.714863],[102.597708,15.714074]]]},"bbox":[102.532589,15.703515,102.680082,15.779865]},{"type":"Feature","id":"91fd8c52-eb1a-4aed-aecd-57ed005a862c","properties":{"id":"91fd8c52-eb1a-4aed-aecd-57ed005a862c","code":"06401208","provinceCode":"40","nameTh":"องค์การบริหารส่วนตำบล โคกสง่า","nameEn":null,"geometryType":"MUNICIPALITY","sourceUrl":"https://landometer.com/api/v2/citymeter-v3/grocery/info/geom/91fd8c52-eb1a-4aed-aecd-57ed005a862c/MUNICIPALITY","sourceSha256":"d74fdf1611df50cb0e60b5027e041e3b8ac944be2c352de65f9f517ac2a3479e","retrievedAt":"2026-10-04T05:43:14.243418+00:00","boundaryVintage":null,"geometryStatus":"native_source_polygon_display_simplified","simplificationToleranceDegrees":0.00015,"simplificationPreservesTopology":true,"invalidSourceRepair":"make_valid; retain polygonal components; discard zero-area collapsed lines","legalBoundaryIndependentlyVerified":false,"areaId":"91fd8c52-eb1a-4aed-aecd-57ed005a862c"},"geometry":{"type":"Polygon","coordinates":[[[102.497232,15.786692],[102.499774,15.785544],[102.503784,15.784812],[102.522946,15.769146],[102.522021,15.768669],[102.522162,15.768554],[102.523333,15.76889],[102.520284,15.768014],[102.516426,15.761198],[102.517944,15.749762],[102.513215,15.747816],[102.510004,15.741949],[102.513781,15.731819],[102.51321,15.727952],[102.512548,15.728309],[102.511555,15.728195],[102.507761,15.726822],[102.507407,15.727315],[102.502096,15.725072],[102.499502,15.72491],[102.499515,15.724564],[102.493261,15.724593],[102.486438,15.720498],[102.481496,15.718193],[102.479216,15.717568],[102.474137,15.716783],[102.46899,15.716534],[102.46719,15.716479],[102.460204,15.717324],[102.453251,15.716651],[102.453247,15.718786],[102.454881,15.719316],[102.456133,15.722121],[102.457209,15.722874],[102.457801,15.738344],[102.456453,15.740891],[102.455549,15.743786],[102.455408,15.746036],[102.454816,15.749266],[102.455626,15.751389],[102.454906,15.753422],[102.455478,15.755227],[102.456362,15.756166],[102.457378,15.758253],[102.457375,15.760137],[102.45843,15.761476],[102.458433,15.762192],[102.459145,15.762726],[102.459229,15.764264],[102.459161,15.76455],[102.458688,15.76467],[102.458374,15.765142],[102.457026,15.765759],[102.457325,15.766437],[102.456132,15.76755],[102.457041,15.768861],[102.457386,15.770554],[102.457107,15.771018],[102.457748,15.771229],[102.457782,15.771494],[102.459326,15.771905],[102.462098,15.772105],[102.463469,15.772604],[102.462733,15.775406],[102.462652,15.778386],[102.46146,15.781166],[102.461358,15.781907],[102.462624,15.781947],[102.465545,15.782713],[102.468762,15.783002],[102.471536,15.783835],[102.473918,15.784786],[102.477326,15.787439],[102.480053,15.78798],[102.484785,15.787695],[102.487439,15.788012],[102.491251,15.787226],[102.492723,15.787532],[102.497232,15.786692]]]},"bbox":[102.4532,15.716479,102.523333,15.788038]},{"type":"Feature","id":"1dcb8713-a8fd-4d2e-b058-634ebd1238f4","properties":{"id":"1dcb8713-a8fd-4d2e-b058-634ebd1238f4","code":"06401209","provinceCode":"40","nameTh":"องค์การบริหารส่วนตำบล โนนข่า","nameEn":null,"geometryType":"MUNICIPALITY","sourceUrl":"https://landometer.com/api/v2/citymeter-v3/grocery/info/geom/1dcb8713-a8fd-4d2e-b058-634ebd1238f4/MUNICIPALITY","sourceSha256":"e198cf8dce92463de5c618de86f5ca6930108819382ccaed22fc3fcf8eebc9b6","retrievedAt":"2026-10-04T05:43:14.254372+00:00","boundaryVintage":null,"geometryStatus":"native_source_polygon_display_simplified","simplificationToleranceDegrees":0.00015,"simplificationPreservesTopology":true,"invalidSourceRepair":"make_valid; retain polygonal components; discard zero-area collapsed lines","legalBoundaryIndependentlyVerified":false,"areaId":"1dcb8713-a8fd-4d2e-b058-634ebd1238f4"},"geometry":{"type":"Polygon","coordinates":[[[102.60494,15.794218],[102.603484,15.790255],[102.607004,15.787259],[102.609477,15.787739],[102.611375,15.784591],[102.614373,15.784062],[102.614847,15.781995],[102.621966,15.778077],[102.624984,15.780963],[102.62597,15.782962],[102.627618,15.782701],[102.632168,15.779865],[102.631854,15.77889],[102.631695,15.778983],[102.631072,15.776111],[102.628438,15.775755],[102.624434,15.771516],[102.620992,15.762129],[102.616845,15.760542],[102.612649,15.754821],[102.597388,15.750422],[102.591893,15.740611],[102.588437,15.740399],[102.585103,15.737833],[102.584038,15.731571],[102.58229,15.731824],[102.578581,15.726486],[102.576308,15.727124],[102.569739,15.724623],[102.56618,15.721414],[102.562883,15.72169],[102.556451,15.718156],[102.538825,15.71515],[102.532589,15.711552],[102.534656,15.714358],[102.538274,15.715579],[102.549378,15.721192],[102.554169,15.733956],[102.564333,15.739878],[102.56717,15.743891],[102.575696,15.749505],[102.576778,15.751097],[102.579684,15.756183],[102.574877,15.761861],[102.573742,15.768366],[102.591126,15.804578],[102.597392,15.801353],[102.601525,15.802291],[102.603804,15.800028],[102.60494,15.794218]]]},"bbox":[102.532589,15.711552,102.632168,15.804578]},{"type":"Feature","id":"51649b41-2115-4c3e-83c7-6735b8f948db","properties":{"id":"51649b41-2115-4c3e-83c7-6735b8f948db","code":"06401210","provinceCode":"40","nameTh":"องค์การบริหารส่วนตำบล เมืองพล","nameEn":null,"geometryType":"MUNICIPALITY","sourceUrl":"https://landometer.com/api/v2/citymeter-v3/grocery/info/geom/51649b41-2115-4c3e-83c7-6735b8f948db/MUNICIPALITY","sourceSha256":"2d63b733c1bbfcfbbd3c5b9fe9edcab7519b0a913bdcb9dfc91eb99c56e03757","retrievedAt":"2026-10-04T05:43:14.278702+00:00","boundaryVintage":null,"geometryStatus":"native_source_polygon_display_simplified","simplificationToleranceDegrees":0.00015,"simplificationPreservesTopology":true,"invalidSourceRepair":"make_valid; retain polygonal components; discard zero-area collapsed lines","legalBoundaryIndependentlyVerified":false,"areaId":"51649b41-2115-4c3e-83c7-6735b8f948db"},"geometry":{"type":"Polygon","coordinates":[[[102.686919,15.791395],[102.685805,15.789988],[102.686084,15.789253],[102.685622,15.787338],[102.686311,15.786595],[102.686634,15.784695],[102.686956,15.784633],[102.687114,15.783882],[102.687941,15.782922],[102.687871,15.781788],[102.688782,15.779859],[102.687075,15.779842],[102.686768,15.778642],[102.684382,15.777609],[102.68478,15.776041],[102.683989,15.774806],[102.681568,15.774048],[102.680943,15.77274],[102.680441,15.772698],[102.680265,15.772448],[102.680197,15.769389],[102.6804,15.769186],[102.680052,15.767802],[102.679613,15.767309],[102.679621,15.763471],[102.67481,15.761911],[102.674613,15.761572],[102.671273,15.761615],[102.669821,15.757398],[102.665876,15.759084],[102.66461,15.757156],[102.662505,15.757072],[102.661099,15.758232],[102.662513,15.75993],[102.660962,15.761089],[102.662042,15.762496],[102.658409,15.762674],[102.653572,15.770015],[102.650502,15.768923],[102.650353,15.771906],[102.647518,15.775771],[102.645525,15.776849],[102.642685,15.775404],[102.640349,15.777621],[102.637318,15.776855],[102.627618,15.782701],[102.62597,15.782962],[102.624984,15.780963],[102.621966,15.778077],[102.614847,15.781995],[102.614373,15.784062],[102.611375,15.784591],[102.609477,15.787739],[102.607004,15.787259],[102.603484,15.790255],[102.60494,15.794218],[102.603804,15.800028],[102.607385,15.799879],[102.607406,15.80406],[102.611393,15.804124],[102.614387,15.806345],[102.615184,15.810328],[102.614034,15.810977],[102.612211,15.812795],[102.610754,15.815287],[102.60953,15.815469],[102.608254,15.816947],[102.618183,15.810665],[102.633619,15.807865],[102.646324,15.808098],[102.664665,15.803943],[102.686919,15.791395]]]},"bbox":[102.603484,15.757072,102.688782,15.816947]},{"type":"Feature","id":"03869648-80e0-4827-b860-28ae2a7346e3","properties":{"id":"03869648-80e0-4827-b860-28ae2a7346e3","code":"06401211","provinceCode":"40","nameTh":"องค์การบริหารส่วนตำบล ลอมคอม","nameEn":null,"geometryType":"MUNICIPALITY","sourceUrl":"https://landometer.com/api/v2/citymeter-v3/grocery/info/geom/03869648-80e0-4827-b860-28ae2a7346e3/MUNICIPALITY","sourceSha256":"e1bb01888c527ed33281a6b309356822f347c8bf2b2bc78563b7d65b23ce4a3a","retrievedAt":"2026-10-04T05:43:14.272310+00:00","boundaryVintage":null,"geometryStatus":"native_source_polygon_display_simplified","simplificationToleranceDegrees":0.00015,"simplificationPreservesTopology":true,"invalidSourceRepair":"make_valid; retain polygonal components; discard zero-area collapsed lines","legalBoundaryIndependentlyVerified":false,"areaId":"03869648-80e0-4827-b860-28ae2a7346e3"},"geometry":{"type":"Polygon","coordinates":[[[102.567097,15.810503],[102.586618,15.817113],[102.594741,15.8122],[102.586249,15.794418],[102.581067,15.7922],[102.571132,15.793294],[102.569975,15.790147],[102.562304,15.785534],[102.561883,15.783005],[102.540395,15.78101],[102.535807,15.775771],[102.532313,15.774748],[102.531596,15.771557],[102.524112,15.768255],[102.523333,15.76889],[102.522162,15.768554],[102.522021,15.768669],[102.522946,15.769146],[102.503784,15.784812],[102.505172,15.785255],[102.506474,15.786547],[102.505891,15.786759],[102.505426,15.787262],[102.504991,15.789578],[102.504477,15.790702],[102.50392,15.790962],[102.504539,15.790902],[102.504928,15.79193],[102.506784,15.792201],[102.506351,15.795528],[102.504589,15.795894],[102.504528,15.796442],[102.50505,15.798999],[102.506637,15.800971],[102.507422,15.801349],[102.507989,15.803676],[102.508048,15.805135],[102.507903,15.806969],[102.507063,15.807492],[102.505391,15.809312],[102.505724,15.811243],[102.504692,15.814186],[102.504405,15.815927],[102.501801,15.816344],[102.501107,15.817928],[102.500377,15.820599],[102.501048,15.821381],[102.500994,15.821596],[102.508942,15.821495],[102.526478,15.819269],[102.55093,15.812881],[102.555402,15.812789],[102.5578,15.814879],[102.567097,15.810503]]]},"bbox":[102.500377,15.768255,102.594741,15.821596]},{"type":"Feature","id":"bf9c6ef3-d512-4b2b-9147-25c445e971e4","properties":{"id":"bf9c6ef3-d512-4b2b-9147-25c445e971e4","code":"06401212","provinceCode":"40","nameTh":"องค์การบริหารส่วนตำบล หนองมะเขือ","nameEn":null,"geometryType":"MUNICIPALITY","sourceUrl":"https://landometer.com/api/v2/citymeter-v3/grocery/info/geom/bf9c6ef3-d512-4b2b-9147-25c445e971e4/MUNICIPALITY","sourceSha256":"13988e660c639ad0a79dc9392d2b9789bd61478158bdbd92142572734d67d46f","retrievedAt":"2026-10-04T05:43:14.278166+00:00","boundaryVintage":null,"geometryStatus":"native_source_polygon_display_simplified","simplificationToleranceDegrees":0.00015,"simplificationPreservesTopology":true,"invalidSourceRepair":"make_valid; retain polygonal components; discard zero-area collapsed lines","legalBoundaryIndependentlyVerified":false,"areaId":"bf9c6ef3-d512-4b2b-9147-25c445e971e4"},"geometry":{"type":"Polygon","coordinates":[[[102.579684,15.756183],[102.575696,15.749505],[102.56717,15.743891],[102.564333,15.739878],[102.554169,15.733956],[102.549378,15.721192],[102.538274,15.715579],[102.534656,15.714358],[102.532589,15.711552],[102.536627,15.708626],[102.539707,15.708707],[102.536984,15.708291],[102.535583,15.708546],[102.533452,15.710379],[102.531893,15.710636],[102.530712,15.711362],[102.531481,15.711883],[102.531295,15.712103],[102.530736,15.711944],[102.530814,15.712238],[102.530142,15.712505],[102.529894,15.713588],[102.528059,15.713837],[102.512973,15.727912],[102.51321,15.727952],[102.513781,15.731819],[102.510004,15.741949],[102.513215,15.747816],[102.517944,15.749762],[102.516426,15.761198],[102.520284,15.768014],[102.523333,15.76889],[102.524112,15.768255],[102.531596,15.771557],[102.532313,15.774748],[102.535807,15.775771],[102.540395,15.78101],[102.561883,15.783005],[102.562304,15.785534],[102.569975,15.790147],[102.571132,15.793294],[102.581067,15.7922],[102.586249,15.794418],[102.573742,15.768366],[102.574877,15.761861],[102.579684,15.756183]]]},"bbox":[102.510004,15.708291,102.586249,15.794418]},{"type":"Feature","id":"43047b64-45b5-453c-83ca-539c90ec4f79","properties":{"id":"43047b64-45b5-453c-83ca-539c90ec4f79","code":"06401213","provinceCode":"40","nameTh":"องค์การบริหารส่วนตำบล หัวทุ่ง","nameEn":null,"geometryType":"MUNICIPALITY","sourceUrl":"https://landometer.com/api/v2/citymeter-v3/grocery/info/geom/43047b64-45b5-453c-83ca-539c90ec4f79/MUNICIPALITY","sourceSha256":"17960962ca7abb6a4835ec0b0ee067216b86bef4abd12cbf7a9ca8527097b164","retrievedAt":"2026-10-04T05:43:14.270754+00:00","boundaryVintage":null,"geometryStatus":"native_source_polygon_display_simplified","simplificationToleranceDegrees":0.00015,"simplificationPreservesTopology":true,"invalidSourceRepair":"make_valid; retain polygonal components; discard zero-area collapsed lines","legalBoundaryIndependentlyVerified":false,"areaId":"43047b64-45b5-453c-83ca-539c90ec4f79"},"geometry":{"type":"Polygon","coordinates":[[[102.582358,15.859842],[102.583881,15.855858],[102.574654,15.854364],[102.565393,15.845268],[102.557581,15.850585],[102.560952,15.856089],[102.560323,15.859547],[102.556712,15.861446],[102.549438,15.861826],[102.543831,15.865051],[102.532188,15.877769],[102.52705,15.885727],[102.532866,15.885599],[102.535533,15.884719],[102.542064,15.886716],[102.551023,15.894143],[102.553013,15.894835],[102.557148,15.89738],[102.562546,15.895999],[102.569117,15.893914],[102.579189,15.88515],[102.57688,15.865223],[102.582358,15.859842]]]},"bbox":[102.52705,15.845268,102.583881,15.89738]},{"type":"Feature","id":"fb13b4db-c386-4519-a6ad-fd53529fea33","properties":{"id":"fb13b4db-c386-4519-a6ad-fd53529fea33","code":"06401302","provinceCode":"40","nameTh":"องค์การบริหารส่วนตำบล คอนฉิม","nameEn":null,"geometryType":"MUNICIPALITY","sourceUrl":"https://landometer.com/api/v2/citymeter-v3/grocery/info/geom/fb13b4db-c386-4519-a6ad-fd53529fea33/MUNICIPALITY","sourceSha256":"e3368ad7df16bf83df35a7d63d490d6b9e5341c868011c1d83439bc4e2e727a0","retrievedAt":"2026-10-04T05:43:14.304850+00:00","boundaryVintage":null,"geometryStatus":"native_source_polygon_display_simplified","simplificationToleranceDegrees":0.00015,"simplificationPreservesTopology":true,"invalidSourceRepair":"make_valid; retain polygonal components; discard zero-area collapsed lines","legalBoundaryIndependentlyVerified":false,"areaId":"fb13b4db-c386-4519-a6ad-fd53529fea33"},"geometry":{"type":"Polygon","coordinates":[[[102.512038,15.953307],[102.516766,15.953548],[102.520553,15.947112],[102.531334,15.944059],[102.535973,15.939576],[102.540177,15.940519],[102.541337,15.938174],[102.537491,15.933923],[102.544669,15.92707],[102.540943,15.922046],[102.541615,15.920864],[102.557038,15.916393],[102.557409,15.912639],[102.559953,15.913102],[102.563488,15.905839],[102.56235,15.903098],[102.563201,15.901728],[102.563113,15.900476],[102.557968,15.897451],[102.557595,15.897262],[102.557148,15.89738],[102.553013,15.894835],[102.551118,15.894176],[102.531964,15.914666],[102.517231,15.92209],[102.504424,15.922664],[102.496006,15.920853],[102.48967,15.925458],[102.458546,15.93147],[102.472885,15.960787],[102.47839,15.962431],[102.482111,15.962476],[102.482639,15.963759],[102.483751,15.964547],[102.484647,15.966464],[102.485586,15.967287],[102.487275,15.967473],[102.487909,15.964104],[102.496561,15.96101],[102.500415,15.957371],[102.501786,15.958497],[102.502051,15.956529],[102.512038,15.953307]]]},"bbox":[102.458546,15.894176,102.563488,15.967474]},{"type":"Feature","id":"9defe373-0534-4f75-8811-1f934f0f2ff6","properties":{"id":"9defe373-0534-4f75-8811-1f934f0f2ff6","code":"06401303","provinceCode":"40","nameTh":"องค์การบริหารส่วนตำบล โนนทอง","nameEn":null,"geometryType":"MUNICIPALITY","sourceUrl":"https://landometer.com/api/v2/citymeter-v3/grocery/info/geom/9defe373-0534-4f75-8811-1f934f0f2ff6/MUNICIPALITY","sourceSha256":"0cecd2bdb3b78a21b2776b5b259f9baa61711619ac78bdca909f079bc877176d","retrievedAt":"2026-10-04T05:43:14.335187+00:00","boundaryVintage":null,"geometryStatus":"native_source_polygon_display_simplified","simplificationToleranceDegrees":0.00015,"simplificationPreservesTopology":true,"invalidSourceRepair":"make_valid; retain polygonal components; discard zero-area collapsed lines","legalBoundaryIndependentlyVerified":false,"areaId":"9defe373-0534-4f75-8811-1f934f0f2ff6"},"geometry":{"type":"MultiPolygon","coordinates":[[[[102.444566,15.8828],[102.442663,15.880048],[102.440819,15.880857],[102.440411,15.880211],[102.439919,15.879939],[102.439676,15.878224],[102.440227,15.877427],[102.433996,15.876539],[102.426853,15.872454],[102.426184,15.87258],[102.424913,15.87191],[102.421496,15.87222],[102.419945,15.872043],[102.417736,15.872647],[102.415811,15.872551],[102.413458,15.873266],[102.41272,15.873927],[102.411929,15.874158],[102.41179,15.872915],[102.409475,15.872854],[102.408441,15.872557],[102.406959,15.872835],[102.406356,15.873971],[102.402474,15.874278],[102.40205,15.874863],[102.401167,15.875336],[102.400383,15.875442],[102.400104,15.875874],[102.399365,15.875809],[102.39811,15.876196],[102.397274,15.876083],[102.397082,15.876772],[102.396045,15.877211],[102.395567,15.877098],[102.395385,15.87755],[102.394838,15.87791],[102.394161,15.878108],[102.39315,15.878013],[102.39164,15.878865],[102.390491,15.879159],[102.389957,15.880541],[102.389591,15.880828],[102.389652,15.882665],[102.388961,15.883182],[102.387938,15.883397],[102.387655,15.884042],[102.38687,15.883624],[102.385929,15.883655],[102.385289,15.883101],[102.385029,15.883434],[102.383727,15.883396],[102.382842,15.883874],[102.38171,15.883993],[102.380285,15.885039],[102.380104,15.885589],[102.379608,15.885576],[102.379552,15.885995],[102.379007,15.886116],[102.378987,15.886626],[102.37861,15.88703],[102.37737,15.886925],[102.375783,15.886358],[102.375551,15.887419],[102.373863,15.887603],[102.373244,15.888804],[102.369408,15.888453],[102.367014,15.888812],[102.366527,15.888263],[102.365939,15.888182],[102.365062,15.888293],[102.364992,15.888792],[102.36477,15.888889],[102.363671,15.888795],[102.362694,15.889236],[102.362403,15.88906],[102.361582,15.889217],[102.35998,15.890176],[102.359765,15.891413],[102.35923,15.892126],[102.358471,15.892184],[102.357749,15.89173],[102.356763,15.892175],[102.355857,15.89227],[102.354821,15.893047],[102.352351,15.893961],[102.352256,15.895233],[102.352913,15.897744],[102.353257,15.897643],[102.353206,15.898158],[102.353433,15.898815],[102.353736,15.899017],[102.353885,15.899925],[102.354496,15.899925],[102.354743,15.900725],[102.353362,15.900847],[102.353394,15.901344],[102.352629,15.902716],[102.35253,15.903399],[102.352981,15.905621],[102.352983,15.907994],[102.353485,15.90874],[102.354993,15.908299],[102.355975,15.908759],[102.35568,15.909916],[102.355949,15.911396],[102.358306,15.913765],[102.359012,15.914892],[102.359465,15.917511],[102.35937,15.918149],[102.35887,15.918911],[102.358927,15.919294],[102.35922,15.919511],[102.360802,15.91953],[102.361457,15.920378],[102.361205,15.921508],[102.36086,15.921995],[102.359154,15.922081],[102.358449,15.922698],[102.358717,15.923284],[102.360184,15.923613],[102.360736,15.924296],[102.360143,15.924895],[102.358449,15.925265],[102.358184,15.926121],[102.358266,15.926754],[102.358557,15.92706],[102.35929,15.927148],[102.360255,15.926409],[102.360771,15.926384],[102.362232,15.928643],[102.362033,15.928976],[102.360821,15.928936],[102.358015,15.930355],[102.357173,15.93055],[102.356662,15.930316],[102.356752,15.928726],[102.356481,15.928331],[102.35603,15.928199],[102.354953,15.929668],[102.355063,15.930868],[102.356571,15.932138],[102.358107,15.932725],[102.360071,15.932656],[102.361932,15.933362],[102.362291,15.933183],[102.362039,15.932392],[102.362165,15.93202],[102.363641,15.932429],[102.364497,15.933679],[102.364602,15.934211],[102.364376,15.934467],[102.362751,15.934696],[102.362399,15.935502],[102.362491,15.9362],[102.363608,15.937326],[102.3648,15.937756],[102.365675,15.938464],[102.365923,15.939154],[102.365306,15.939922],[102.365296,15.940394],[102.366348,15.941406],[102.36739242233133,15.943187871906185],[102.395529,15.934654],[102.430632,15.912353],[102.449898,15.90669],[102.448568,15.905339],[102.444566,15.8828]]],[[[102.367449,15.943322],[102.36739242233133,15.943187871906185],[102.367392,15.943188],[102.367449,15.943322]]]]},"bbox":[102.352242,15.871887,102.449898,15.943322]},{"type":"Feature","id":"440fc682-4bec-478d-91f9-4a0ef1a05908","properties":{"id":"440fc682-4bec-478d-91f9-4a0ef1a05908","code":"06401304","provinceCode":"40","nameTh":"องค์การบริหารส่วนตำบล ใหม่นาเพียง","nameEn":null,"geometryType":"MUNICIPALITY","sourceUrl":"https://landometer.com/api/v2/citymeter-v3/grocery/info/geom/440fc682-4bec-478d-91f9-4a0ef1a05908/MUNICIPALITY","sourceSha256":"0b723a6902e9cef09a1aec74a6fcefaa31d4c4503bfe23d6fbaaefa58963395f","retrievedAt":"2026-10-04T05:43:14.338479+00:00","boundaryVintage":null,"geometryStatus":"native_source_polygon_display_simplified","simplificationToleranceDegrees":0.00015,"simplificationPreservesTopology":true,"invalidSourceRepair":"make_valid; retain polygonal components; discard zero-area collapsed lines","legalBoundaryIndependentlyVerified":false,"areaId":"440fc682-4bec-478d-91f9-4a0ef1a05908"},"geometry":{"type":"Polygon","coordinates":[[[102.551118,15.894176],[102.542064,15.886716],[102.535533,15.884719],[102.532866,15.885599],[102.526067,15.885877],[102.516926,15.888674],[102.516451,15.881118],[102.515605,15.881641],[102.51447,15.88167],[102.513114,15.880842],[102.512413,15.88133],[102.511943,15.881172],[102.511464,15.881368],[102.511086,15.881107],[102.509998,15.881055],[102.509668,15.880475],[102.508831,15.880548],[102.508597,15.881106],[102.507332,15.880659],[102.507213,15.880326],[102.506671,15.880154],[102.506186,15.88044],[102.504673,15.880285],[102.502778,15.880774],[102.502048,15.881639],[102.501808,15.881325],[102.501105,15.881429],[102.500862,15.881903],[102.498708,15.881807],[102.497817,15.882561],[102.497759,15.884036],[102.494458,15.88455],[102.492488,15.883359],[102.489791,15.883044],[102.48844,15.879262],[102.487059,15.879028],[102.485192,15.877201],[102.484597,15.875968],[102.483341,15.875437],[102.481533,15.875101],[102.479658,15.876518],[102.47731,15.877709],[102.473844,15.878324],[102.473116,15.878949],[102.473102,15.879326],[102.469655,15.879644],[102.46921,15.880475],[102.466781,15.879738],[102.464986,15.879955],[102.463074,15.879761],[102.460549,15.878309],[102.457576,15.877963],[102.456119,15.878526],[102.454018,15.880507],[102.452421,15.88123],[102.449553,15.882003],[102.446966,15.882234],[102.444673,15.881871],[102.444193,15.882116],[102.443526,15.881114],[102.444566,15.8828],[102.448568,15.905339],[102.450454,15.907256],[102.449715,15.912343],[102.455353,15.923416],[102.454156,15.932952],[102.458748,15.931882],[102.458546,15.93147],[102.48967,15.925458],[102.496006,15.920853],[102.504424,15.922664],[102.517231,15.92209],[102.531964,15.914666],[102.551118,15.894176]]]},"bbox":[102.443526,15.875101,102.551118,15.932952]},{"type":"Feature","id":"dd0b92f9-92b5-4568-9bdc-60698e92c769","properties":{"id":"dd0b92f9-92b5-4568-9bdc-60698e92c769","code":"06401305","provinceCode":"40","nameTh":"องค์การบริหารส่วนตำบล โนนสะอาด","nameEn":null,"geometryType":"MUNICIPALITY","sourceUrl":"https://landometer.com/api/v2/citymeter-v3/grocery/info/geom/dd0b92f9-92b5-4568-9bdc-60698e92c769/MUNICIPALITY","sourceSha256":"d4e3cbda9f25be37948943620bf3b80b24e8854bc620eeebcbdd8108d22a5012","retrievedAt":"2026-10-04T05:43:14.370384+00:00","boundaryVintage":null,"geometryStatus":"native_source_polygon_display_simplified","simplificationToleranceDegrees":0.00015,"simplificationPreservesTopology":true,"invalidSourceRepair":"make_valid; retain polygonal components; discard zero-area collapsed lines","legalBoundaryIndependentlyVerified":false,"areaId":"dd0b92f9-92b5-4568-9bdc-60698e92c769"},"geometry":{"type":"MultiPolygon","coordinates":[[[[102.435499,15.984623],[102.436384,15.9835],[102.437134,15.983367],[102.437087,15.983031],[102.43667,15.982895],[102.437113,15.982514],[102.437337,15.981895],[102.437153,15.981611],[102.437432,15.981306],[102.437286,15.980918],[102.438103,15.980896],[102.438761,15.980187],[102.439493,15.979968],[102.439806,15.979216],[102.440344,15.979268],[102.440748,15.978357],[102.441223,15.978604],[102.441248,15.978165],[102.442627,15.977296],[102.442604,15.97695],[102.443151,15.976236],[102.443837,15.976745],[102.444517,15.975782],[102.446582,15.975839],[102.446855,15.976474],[102.448938,15.975982],[102.44911,15.975499],[102.449393,15.975488],[102.449519,15.975052],[102.450422,15.974225],[102.45059,15.974642],[102.450233,15.974945],[102.450773,15.975028],[102.451193,15.974805],[102.451136,15.975175],[102.451624,15.975062],[102.452052,15.975568],[102.452674,15.975255],[102.452885,15.975464],[102.453277,15.975253],[102.453534,15.975485],[102.454765,15.974296],[102.455905,15.971863],[102.456514,15.971916],[102.457094,15.971528],[102.458064,15.971779],[102.458746,15.971258],[102.458826,15.970496],[102.459473,15.970475],[102.460501,15.970022],[102.461619,15.970254],[102.461821,15.970831],[102.463479,15.970359],[102.474643,15.962393],[102.47466,15.962386],[102.47839,15.962431],[102.472885,15.960787],[102.458748,15.931882],[102.454156,15.932952],[102.455353,15.923416],[102.449715,15.912343],[102.450454,15.907256],[102.449898,15.90669],[102.430632,15.912353],[102.395529,15.934654],[102.367392,15.943188],[102.367488,15.943819],[102.367283,15.94405],[102.366479,15.943771],[102.365746,15.943897],[102.365671,15.944841],[102.367619,15.946162],[102.368451,15.947267],[102.36873,15.948166],[102.369149,15.948532],[102.370041,15.947923],[102.370176,15.947351],[102.369967,15.946328],[102.370497,15.945862],[102.372103,15.946083],[102.373766,15.945381],[102.374531,15.945988],[102.374716,15.946461],[102.374087,15.94782],[102.371219,15.948525],[102.370678,15.949151],[102.370888,15.949445],[102.372493,15.949672],[102.373965,15.95069],[102.37442,15.952029],[102.374192,15.95443],[102.373674,15.954525],[102.371838,15.953164],[102.371044,15.952941],[102.369522,15.952997],[102.368959,15.953419],[102.369617,15.954388],[102.370123,15.956242],[102.371013,15.956568],[102.371441,15.957097],[102.371669,15.957649],[102.37151,15.958046],[102.370766,15.958548],[102.37015,15.958433],[102.367979,15.955214],[102.367469,15.954923],[102.366995,15.955229],[102.366956,15.955935],[102.367463,15.957363],[102.367424,15.958137],[102.367266,15.959103],[102.366428,15.96039],[102.366202,15.961672],[102.36659,15.962861],[102.368103,15.963764],[102.36832,15.964456],[102.367724,15.965167],[102.366064,15.964917],[102.365516,15.965132],[102.365468,15.965431],[102.366033,15.965741],[102.367047,15.965802],[102.369492,15.965325],[102.36986,15.965595],[102.370172,15.966509],[102.371142,15.966789],[102.37236,15.967835],[102.372525,15.968536],[102.371962,15.969641],[102.372731,15.970471],[102.372646,15.972406],[102.371841,15.973719],[102.37165,15.974847],[102.371885,15.975257],[102.372326,15.975394],[102.373201,15.975153],[102.374225,15.975383],[102.376056,15.976331],[102.377559,15.976673],[102.378745,15.977621],[102.380056,15.977745],[102.380272,15.978035],[102.380459,15.979669],[102.381026,15.980397],[102.382453,15.980155],[102.383018,15.978849],[102.383404,15.978656],[102.383794,15.978887],[102.384307,15.97993],[102.385875,15.98072],[102.38585,15.981346],[102.384308,15.981618],[102.383499,15.98242],[102.383402,15.983233],[102.384011,15.984406],[102.383627,15.985259],[102.38377,15.985666],[102.384887,15.985683],[102.385204,15.985893],[102.386679,15.985406],[102.387199,15.984817],[102.387389,15.98345],[102.387678,15.983011],[102.389681,15.981868],[102.391372,15.981604],[102.391374,15.981193],[102.390254,15.980487],[102.389893,15.979902],[102.389835,15.978595],[102.390284,15.978233],[102.39191,15.979205],[102.392297,15.979913],[102.392299,15.982862],[102.391415,15.984532],[102.391797,15.985703],[102.391753,15.986653],[102.39202,15.986961],[102.394413,15.986659],[102.395801,15.98752],[102.396349,15.987453],[102.396729,15.98569],[102.397889,15.984554],[102.398383,15.983461],[102.400623,15.983273],[102.401659,15.98392],[102.402216,15.983829],[102.404062,15.980988],[102.404736,15.98115],[102.405377,15.982395],[102.406306,15.983087],[102.40767,15.98491],[102.408168,15.984792],[102.408504,15.983667],[102.408946,15.983227],[102.409964,15.982699],[102.410825,15.982634],[102.412536,15.984207],[102.412906,15.98489],[102.412439,15.985454],[102.409712,15.985164],[102.408995,15.985843],[102.409026,15.986298],[102.409321,15.98658],[102.411887,15.987777],[102.412198,15.988117],[102.411992,15.98856],[102.410512,15.988985],[102.410678,15.99039],[102.411735,15.99136],[102.412495,15.991671],[102.413169,15.990019],[102.413578,15.989745],[102.414173,15.989774],[102.414504,15.99012],[102.414743,15.991579],[102.414501,15.992466],[102.413243,15.993247],[102.412589,15.994647],[102.412575,15.995301],[102.413492,15.995512],[102.414358,15.995091],[102.415694,15.993298],[102.415762,15.991659],[102.416238,15.990958],[102.41757,15.990641],[102.418743,15.990682],[102.418944,15.99089],[102.418874,15.991619],[102.417729,15.992856],[102.417641,15.993613],[102.419033,15.994515],[102.420083,15.996784],[102.420994,15.997919],[102.421509,15.998144],[102.421638,15.998138],[102.421717,15.99812],[102.421846,15.998062],[102.421998,15.997727],[102.421384,15.995176],[102.421509,15.993757],[102.423032,15.991371],[102.423557,15.991197],[102.424184,15.991504],[102.425842,15.993077],[102.426898,15.99484],[102.427577,15.994071],[102.42723,15.993767],[102.427342,15.993045],[102.427544,15.992953],[102.427775,15.993233],[102.428373,15.992623],[102.427705,15.991894],[102.427857,15.991419],[102.428603,15.991017],[102.429053,15.991762],[102.429354,15.991835],[102.429257,15.990505],[102.429446,15.99042],[102.429633,15.990834],[102.429822,15.990474],[102.430311,15.99053],[102.430002,15.990137],[102.431128,15.989469],[102.431549,15.989467],[102.431978,15.988298],[102.432758,15.988079],[102.433752,15.987031],[102.433969,15.987255],[102.433683,15.987974],[102.434769,15.987552],[102.434578,15.986964],[102.435606,15.986661],[102.435577,15.985451],[102.435947,15.984887],[102.435499,15.984623]],[[102.374589,15.946069],[102.374607,15.946094],[102.374605,15.946092],[102.374589,15.946069]],[[102.421681,15.998128],[102.421689,15.998126],[102.42168399999996,15.998127333333343],[102.421681,15.998128]]],[[[102.47749608247668,15.962420278350546],[102.476389,15.962407],[102.477804,15.962424],[102.47749608247668,15.962420278350546]]]]},"bbox":[102.365455,15.90669,102.47839,15.998144]},{"type":"Feature","id":"7dd8f238-4644-4a04-8267-b8c10fa66b32","properties":{"id":"7dd8f238-4644-4a04-8267-b8c10fa66b32","code":"06401403","provinceCode":"40","nameTh":"องค์การบริหารส่วนตำบล ท่านางแนว","nameEn":null,"geometryType":"MUNICIPALITY","sourceUrl":"https://landometer.com/api/v2/citymeter-v3/grocery/info/geom/7dd8f238-4644-4a04-8267-b8c10fa66b32/MUNICIPALITY","sourceSha256":"88a17a78d00e4152b953157fd3125b91e124135404394d03c1b52411e66fe361","retrievedAt":"2026-10-04T05:43:14.355578+00:00","boundaryVintage":null,"geometryStatus":"native_source_polygon_display_simplified","simplificationToleranceDegrees":0.00015,"simplificationPreservesTopology":true,"invalidSourceRepair":"make_valid; retain polygonal components; discard zero-area collapsed lines","legalBoundaryIndependentlyVerified":false,"areaId":"7dd8f238-4644-4a04-8267-b8c10fa66b32"},"geometry":{"type":"Polygon","coordinates":[[[102.355739,15.892367],[102.357784,15.891723],[102.358471,15.892184],[102.35915,15.892163],[102.359765,15.891413],[102.359958,15.890214],[102.360215,15.889995],[102.361582,15.889217],[102.362403,15.88906],[102.362694,15.889236],[102.363671,15.888795],[102.364852,15.888864],[102.365221,15.888256],[102.366362,15.888198],[102.367093,15.888818],[102.369408,15.888453],[102.373281,15.888796],[102.373863,15.887603],[102.375551,15.887419],[102.375783,15.886358],[102.377328,15.886915],[102.378311,15.886859],[102.378593,15.887039],[102.378987,15.886626],[102.378963,15.886161],[102.379552,15.885995],[102.379608,15.885576],[102.380104,15.885589],[102.380591,15.884757],[102.381046,15.884649],[102.38171,15.883993],[102.382842,15.883874],[102.383675,15.883409],[102.385009,15.883438],[102.385303,15.883102],[102.385929,15.883655],[102.38687,15.883624],[102.387655,15.884042],[102.387938,15.883397],[102.388961,15.883182],[102.389652,15.882665],[102.389591,15.880828],[102.389957,15.880541],[102.390491,15.879159],[102.39164,15.878865],[102.39315,15.878013],[102.394161,15.878108],[102.394838,15.87791],[102.395385,15.87755],[102.395567,15.877098],[102.396045,15.877211],[102.397082,15.876772],[102.397274,15.876083],[102.39811,15.876196],[102.399365,15.875809],[102.400104,15.875874],[102.400383,15.875442],[102.401167,15.875336],[102.40205,15.874863],[102.402474,15.874278],[102.406356,15.873971],[102.406924,15.87286],[102.40806,15.872617],[102.41179,15.872915],[102.411929,15.874158],[102.41272,15.873927],[102.413458,15.873266],[102.415811,15.872551],[102.417736,15.872647],[102.419945,15.872043],[102.421496,15.87222],[102.424913,15.87191],[102.426184,15.87258],[102.426853,15.872454],[102.433996,15.876539],[102.440227,15.877427],[102.440211,15.877173],[102.435128,15.867376],[102.421976,15.857705],[102.423817,15.852727],[102.422552,15.845126],[102.412239,15.846941],[102.412079,15.847743],[102.398468,15.84789],[102.389769,15.846298],[102.382834,15.849368],[102.373098,15.848852],[102.370514,15.850614],[102.353331,15.847327],[102.349713,15.849233],[102.330311,15.848615],[102.318223,15.845673],[102.31824,15.845247],[102.317012,15.845383],[102.315676,15.8466],[102.31559,15.847098],[102.316091,15.847666],[102.317092,15.847938],[102.318134,15.849289],[102.318493,15.849376],[102.318837,15.849053],[102.319193,15.848269],[102.319178,15.847375],[102.319448,15.847057],[102.319974,15.846978],[102.320426,15.847204],[102.320833,15.848129],[102.320485,15.849146],[102.31875,15.850052],[102.317495,15.850368],[102.317176,15.851318],[102.317341,15.85181],[102.318929,15.852612],[102.319243,15.853059],[102.319256,15.853598],[102.318276,15.85452],[102.318455,15.85524],[102.320602,15.855952],[102.322085,15.856819],[102.322017,15.857216],[102.319728,15.85935],[102.319755,15.859797],[102.320882,15.860383],[102.321177,15.861083],[102.320269,15.864483],[102.320431,15.865624],[102.321893,15.866751],[102.323035,15.866511],[102.324146,15.866645],[102.325357,15.866247],[102.325765,15.866378],[102.326121,15.867071],[102.325657,15.867874],[102.325253,15.869571],[102.32534,15.870114],[102.325635,15.870382],[102.327607,15.870307],[102.329727,15.871357],[102.33117,15.87173],[102.335412,15.871355],[102.336087,15.871707],[102.336759,15.872619],[102.338233,15.873835],[102.33839,15.874472],[102.337297,15.874847],[102.336702,15.876041],[102.336814,15.877193],[102.338096,15.88004],[102.338726,15.880679],[102.339447,15.880923],[102.342106,15.88095],[102.343383,15.881886],[102.34284,15.883405],[102.34248,15.885633],[102.341797,15.886529],[102.340643,15.886666],[102.34064,15.887311],[102.342127,15.888015],[102.343386,15.887549],[102.343977,15.887581],[102.345842,15.888832],[102.34712,15.891186],[102.347433,15.892914],[102.349205,15.89557],[102.349284,15.896131],[102.348885,15.897017],[102.34895,15.898156],[102.349389,15.899503],[102.35008,15.900427],[102.350683,15.900453],[102.351874,15.899865],[102.352867,15.900202],[102.353362,15.900847],[102.354739,15.900752],[102.354496,15.899925],[102.353885,15.899925],[102.353736,15.899017],[102.353433,15.898815],[102.353206,15.898158],[102.353257,15.897643],[102.352913,15.897744],[102.352256,15.895233],[102.352343,15.893975],[102.354821,15.893047],[102.355739,15.892367]]]},"bbox":[102.315578,15.845126,102.440227,15.900847]},{"type":"Feature","id":"f349c243-af94-4081-8e88-f10fba24f42c","properties":{"id":"f349c243-af94-4081-8e88-f10fba24f42c","code":"06401404","provinceCode":"40","nameTh":"องค์การบริหารส่วนตำบล แวงน้อย","nameEn":null,"geometryType":"MUNICIPALITY","sourceUrl":"https://landometer.com/api/v2/citymeter-v3/grocery/info/geom/f349c243-af94-4081-8e88-f10fba24f42c/MUNICIPALITY","sourceSha256":"14cb22567505e16c9d18e0142d19c69a5ba07565a229802594e5ca7e185ac75a","retrievedAt":"2026-10-04T05:43:14.351508+00:00","boundaryVintage":null,"geometryStatus":"native_source_polygon_display_simplified","simplificationToleranceDegrees":0.00015,"simplificationPreservesTopology":true,"invalidSourceRepair":"make_valid; retain polygonal components; discard zero-area collapsed lines","legalBoundaryIndependentlyVerified":false,"areaId":"f349c243-af94-4081-8e88-f10fba24f42c"},"geometry":{"type":"MultiPolygon","coordinates":[[[[102.39778814777901,15.767949616005094],[102.397788,15.767949],[102.397071,15.767453],[102.39778814777901,15.767949616005094]]],[[[102.465473,15.782702],[102.461565,15.781882],[102.460196,15.790619],[102.445884,15.78852],[102.440665,15.786954],[102.438503,15.783866],[102.433783,15.782163],[102.425798,15.780736],[102.423537,15.782247],[102.420932,15.780193],[102.412557,15.781731],[102.409011,15.780835],[102.408997,15.778019],[102.405191,15.773076],[102.39778814777901,15.767949616005094],[102.39767,15.768851],[102.3968,15.768363],[102.395228,15.770173],[102.393143,15.771333],[102.393089,15.771579],[102.39402163585257,15.771837898912985],[102.399534,15.792669],[102.398999,15.798642],[102.3962,15.801024],[102.39615,15.805321],[102.404403,15.808279],[102.413429,15.821444],[102.412175,15.823382],[102.41271,15.833521],[102.410262,15.837249],[102.408091,15.836725],[102.406013,15.840211],[102.403741,15.841055],[102.403301,15.844536],[102.404924,15.847013],[102.403826,15.847162],[102.404088,15.847561],[102.404577,15.847824],[102.412079,15.847743],[102.412239,15.846941],[102.425958,15.844527],[102.428184,15.84023],[102.437612,15.834136],[102.437392,15.828381],[102.440662,15.825184],[102.445148,15.81367],[102.452001,15.808948],[102.453389,15.805785],[102.458905,15.804696],[102.462161,15.79874],[102.486405,15.799292],[102.501158,15.806639],[102.506922,15.801156],[102.50505,15.798999],[102.504536,15.796521],[102.504589,15.795894],[102.506351,15.795528],[102.506811,15.792942],[102.506716,15.792125],[102.504928,15.79193],[102.504539,15.790902],[102.503923,15.790984],[102.504477,15.790702],[102.504991,15.789578],[102.505426,15.787262],[102.505891,15.786759],[102.506474,15.786547],[102.504887,15.785113],[102.503179,15.7848],[102.499196,15.785702],[102.498502,15.786319],[102.497232,15.786692],[102.493539,15.787437],[102.492573,15.787523],[102.491251,15.787226],[102.487439,15.788012],[102.484785,15.787695],[102.480434,15.788014],[102.477326,15.787439],[102.473918,15.784786],[102.471536,15.783835],[102.468762,15.783002],[102.465473,15.782702]],[[102.393978,15.771673],[102.394022,15.771838],[102.39402163585257,15.771837898912985],[102.393978,15.771673]],[[102.40747,15.802998],[102.43353,15.792788],[102.436346,15.801367],[102.408932,15.811664],[102.40747,15.802998]]]]},"bbox":[102.393089,15.767453,102.506922,15.847824]},{"type":"Feature","id":"3822afbf-3bd1-4e01-bc94-498128d731cd","properties":{"id":"3822afbf-3bd1-4e01-bc94-498128d731cd","code":"06401405","provinceCode":"40","nameTh":"องค์การบริหารส่วนตำบล ละหานนา","nameEn":null,"geometryType":"MUNICIPALITY","sourceUrl":"https://landometer.com/api/v2/citymeter-v3/grocery/info/geom/3822afbf-3bd1-4e01-bc94-498128d731cd/MUNICIPALITY","sourceSha256":"67aefee277814f435a54822613e84764b3b21506e6323a885d7c12e7e2a085ee","retrievedAt":"2026-10-04T05:43:14.354765+00:00","boundaryVintage":null,"geometryStatus":"native_source_polygon_display_simplified","simplificationToleranceDegrees":0.00015,"simplificationPreservesTopology":true,"invalidSourceRepair":"make_valid; retain polygonal components; discard zero-area collapsed lines","legalBoundaryIndependentlyVerified":false,"areaId":"3822afbf-3bd1-4e01-bc94-498128d731cd"},"geometry":{"type":"Polygon","coordinates":[[[102.40543,15.847815],[102.404577,15.847824],[102.403826,15.847162],[102.404924,15.847013],[102.403301,15.844536],[102.403741,15.841055],[102.406013,15.840211],[102.408091,15.836725],[102.410262,15.837249],[102.41271,15.833521],[102.412175,15.823382],[102.413429,15.821444],[102.404403,15.808279],[102.39615,15.805321],[102.3962,15.801024],[102.398999,15.798642],[102.399534,15.792669],[102.394022,15.771838],[102.39283,15.771507],[102.392065,15.771933],[102.387608,15.770056],[102.381681,15.771094],[102.375904,15.769893],[102.370397,15.762921],[102.36605,15.76039],[102.362655,15.763357],[102.362681,15.763658],[102.364051,15.763962],[102.36382,15.76499],[102.36343,15.765242],[102.363592,15.766103],[102.362899,15.766477],[102.363219,15.767262],[102.363104,15.767537],[102.36237,15.767716],[102.361954,15.768231],[102.361101,15.767793],[102.360744,15.768574],[102.359974,15.768235],[102.358949,15.768601],[102.358177,15.768052],[102.357438,15.768405],[102.357012,15.768094],[102.356709,15.769063],[102.356898,15.769414],[102.356476,15.769665],[102.356411,15.77098],[102.355913,15.771595],[102.355389,15.771642],[102.354918,15.772169],[102.353982,15.77155],[102.35328,15.772033],[102.353214,15.772954],[102.351707,15.773363],[102.349913,15.77481],[102.350255,15.776187],[102.349998,15.776979],[102.347652,15.777845],[102.343515,15.782863],[102.330266,15.795876],[102.330093,15.796378],[102.330221,15.797045],[102.329366,15.796719],[102.32908,15.796824],[102.329188,15.79705],[102.328885,15.797271],[102.329368,15.797471],[102.329394,15.797859],[102.328736,15.798456],[102.328614,15.798935],[102.327757,15.798654],[102.327284,15.798867],[102.327136,15.799284],[102.327562,15.803415],[102.32798,15.804428],[102.326021,15.807243],[102.325904,15.808132],[102.326291,15.809234],[102.32671,15.809556],[102.327289,15.809539],[102.327598,15.809045],[102.328199,15.808724],[102.328625,15.80875],[102.328926,15.809098],[102.328602,15.81106],[102.327933,15.812674],[102.326672,15.814216],[102.325675,15.815068],[102.32487,15.815362],[102.324415,15.816042],[102.324515,15.817765],[102.324953,15.818428],[102.325457,15.818294],[102.326252,15.817233],[102.326807,15.817079],[102.327023,15.81726],[102.326334,15.817989],[102.326416,15.818581],[102.325858,15.819948],[102.326131,15.821311],[102.324965,15.823262],[102.323361,15.825095],[102.322729,15.827089],[102.322137,15.826927],[102.321315,15.825219],[102.319992,15.825433],[102.31941,15.826009],[102.31973,15.826684],[102.321951,15.828302],[102.323139,15.828761],[102.324165,15.828617],[102.324458,15.828793],[102.324491,15.831039],[102.323856,15.832838],[102.324044,15.834315],[102.322439,15.836395],[102.321924,15.837422],[102.32176,15.840101],[102.321985,15.841422],[102.321784,15.842416],[102.321123,15.842641],[102.320266,15.841723],[102.319189,15.841662],[102.318969,15.842003],[102.3189,15.843344],[102.319104,15.844745],[102.318513,15.845207],[102.317769,15.8452],[102.318097,15.845233],[102.318223,15.845673],[102.330311,15.848615],[102.349713,15.849233],[102.353331,15.847327],[102.370514,15.850614],[102.373098,15.848852],[102.382834,15.849368],[102.389769,15.846298],[102.398468,15.84789],[102.40543,15.847815]]]},"bbox":[102.317769,15.76039,102.413429,15.850614]},{"type":"Feature","id":"dee200dc-8d33-425d-b331-37273f133c88","properties":{"id":"dee200dc-8d33-425d-b331-37273f133c88","code":"06401406","provinceCode":"40","nameTh":"องค์การบริหารส่วนตำบล ทางขวาง","nameEn":null,"geometryType":"MUNICIPALITY","sourceUrl":"https://landometer.com/api/v2/citymeter-v3/grocery/info/geom/dee200dc-8d33-425d-b331-37273f133c88/MUNICIPALITY","sourceSha256":"b2397e9089c3b8c10682d989bedf13ff93ae5ae98f1d954487224bb8278a47e1","retrievedAt":"2026-10-04T05:43:14.360701+00:00","boundaryVintage":null,"geometryStatus":"native_source_polygon_display_simplified","simplificationToleranceDegrees":0.00015,"simplificationPreservesTopology":true,"invalidSourceRepair":"make_valid; retain polygonal components; discard zero-area collapsed lines","legalBoundaryIndependentlyVerified":false,"areaId":"dee200dc-8d33-425d-b331-37273f133c88"},"geometry":{"type":"MultiPolygon","coordinates":[[[[102.430623,15.703952],[102.43062842128326,15.703962842566511],[102.430629,15.703963],[102.430623,15.703952]]],[[[102.461358,15.781907],[102.462652,15.778386],[102.462733,15.775406],[102.463469,15.772604],[102.462098,15.772105],[102.459116,15.771875],[102.457782,15.771494],[102.457748,15.771229],[102.457107,15.771018],[102.457386,15.770554],[102.457041,15.768861],[102.456132,15.767525],[102.457325,15.766437],[102.457026,15.765759],[102.459161,15.76455],[102.459187,15.76291],[102.458433,15.762192],[102.45843,15.761476],[102.457465,15.760358],[102.457378,15.758253],[102.456362,15.756166],[102.455478,15.755227],[102.454908,15.753451],[102.455626,15.751389],[102.454816,15.749266],[102.455408,15.746036],[102.455549,15.743786],[102.456453,15.740891],[102.457801,15.738344],[102.457209,15.722874],[102.456133,15.722121],[102.454881,15.719316],[102.453247,15.718786],[102.453251,15.716651],[102.451002,15.716547],[102.449122,15.715982],[102.444204,15.711335],[102.441064,15.705235],[102.439217,15.70499],[102.43739,15.704263],[102.43186,15.704834],[102.43062842128326,15.703962842566511],[102.42878,15.70346],[102.429634,15.708087],[102.434358,15.715238],[102.432129,15.721858],[102.43272,15.732243],[102.430207,15.733876],[102.423159,15.73363],[102.420454,15.738466],[102.41472,15.738651],[102.408889,15.744313],[102.40456,15.74596],[102.400065,15.755396],[102.402298,15.761735],[102.400653,15.763983],[102.394998,15.765207],[102.3968,15.768363],[102.39767,15.768851],[102.397788,15.767949],[102.405191,15.773076],[102.408997,15.778019],[102.409011,15.780835],[102.412557,15.781731],[102.420932,15.780193],[102.423537,15.782247],[102.425798,15.780736],[102.433783,15.782163],[102.438503,15.783866],[102.440665,15.786954],[102.445884,15.78852],[102.460196,15.790619],[102.461565,15.781882],[102.461358,15.781907]]]]},"bbox":[102.394998,15.70346,102.463469,15.790619]},{"type":"Feature","id":"3555c9ac-76b8-44b1-b02b-81a800574d13","properties":{"id":"3555c9ac-76b8-44b1-b02b-81a800574d13","code":"06401407","provinceCode":"40","nameTh":"องค์การบริหารส่วนตำบล ท่าวัด","nameEn":null,"geometryType":"MUNICIPALITY","sourceUrl":"https://landometer.com/api/v2/citymeter-v3/grocery/info/geom/3555c9ac-76b8-44b1-b02b-81a800574d13/MUNICIPALITY","sourceSha256":"8655443af954bebd58f59322bb24b00a1f7f1ff74eb3fdc621806aeacf64c932","retrievedAt":"2026-10-04T05:43:14.387966+00:00","boundaryVintage":null,"geometryStatus":"native_source_polygon_display_simplified","simplificationToleranceDegrees":0.00015,"simplificationPreservesTopology":true,"invalidSourceRepair":"make_valid; retain polygonal components; discard zero-area collapsed lines","legalBoundaryIndependentlyVerified":false,"areaId":"3555c9ac-76b8-44b1-b02b-81a800574d13"},"geometry":{"type":"MultiPolygon","coordinates":[[[[102.408889,15.744313],[102.41472,15.738651],[102.420454,15.738466],[102.423159,15.73363],[102.430207,15.733876],[102.43272,15.732243],[102.432129,15.721858],[102.434358,15.715238],[102.429634,15.708087],[102.42878,15.70346],[102.430629,15.703963],[102.430548,15.703603],[102.429507,15.702502],[102.427323,15.701592],[102.426844,15.700647],[102.42624,15.700243],[102.42543,15.699168],[102.425355,15.697958],[102.42473,15.696956],[102.423214,15.695437],[102.422275,15.695093],[102.421218,15.694922],[102.417041,15.695652],[102.413208,15.69655],[102.410127,15.697665],[102.409003,15.697766],[102.40859,15.69846],[102.407549,15.698788],[102.406863,15.69875],[102.40669,15.69975],[102.406233,15.700113],[102.405647,15.700207],[102.405351,15.70052],[102.404452,15.700261],[102.403609,15.701257],[102.403295,15.70238],[102.403259,15.703831],[102.401865,15.705103],[102.401844,15.706129],[102.401406,15.706847],[102.401632,15.707433],[102.400939,15.708659],[102.400848,15.710189],[102.399997,15.710567],[102.399947,15.710941],[102.399533,15.711064],[102.399162,15.710482],[102.398563,15.710393],[102.397488,15.712677],[102.39683,15.712677],[102.396342,15.713008],[102.396272,15.713433],[102.393362,15.716688],[102.393259,15.717515],[102.392876,15.717872],[102.39144,15.717788],[102.39073,15.718271],[102.389981,15.720906],[102.388866,15.721381],[102.388779,15.722203],[102.388123,15.722238],[102.387397,15.72337],[102.386853,15.724691],[102.387015,15.725523],[102.386811,15.725808],[102.385721,15.725634],[102.3842,15.726478],[102.382055,15.726747],[102.381672,15.727671],[102.380753,15.728621],[102.380836,15.729249],[102.3794,15.729874],[102.378768,15.729921],[102.37837,15.730404],[102.378554,15.73124],[102.37838,15.731535],[102.375809,15.731954],[102.374728,15.732872],[102.374552,15.733909],[102.372892,15.734019],[102.371796,15.73377],[102.370431,15.731561],[102.369132,15.731511],[102.368603,15.731181],[102.367934,15.731598],[102.365767,15.731682],[102.365494,15.731411],[102.365397,15.730671],[102.364228,15.729555],[102.363273,15.72921],[102.362218,15.73014],[102.361446,15.729816],[102.360698,15.730637],[102.360152,15.732445],[102.358511,15.733828],[102.358121,15.734919],[102.358034,15.736668],[102.35729,15.737861],[102.357022,15.739538],[102.357264,15.741329],[102.358277,15.743465],[102.358296,15.745278],[102.358806,15.745731],[102.35837,15.747032],[102.359161,15.747618],[102.359546,15.748416],[102.360308,15.74891],[102.360802,15.750971],[102.360442,15.751334],[102.361607,15.752467],[102.361499,15.753213],[102.360948,15.753914],[102.361037,15.755043],[102.36158,15.755467],[102.35973,15.759478],[102.360229,15.759707],[102.360676,15.759391],[102.361793,15.759484],[102.362585,15.759706],[102.363464,15.760413],[102.363718,15.760919],[102.363391,15.761017],[102.363299,15.76257],[102.362885,15.762834],[102.362655363467,15.763356682354464],[102.36605,15.76039],[102.370397,15.762921],[102.375904,15.769893],[102.381681,15.771094],[102.387608,15.770056],[102.392065,15.771933],[102.39283,15.771507],[102.393089,15.771579],[102.393143,15.771333],[102.395228,15.770173],[102.393897,15.770913],[102.395229,15.770172],[102.396886,15.768264],[102.394998,15.765207],[102.400653,15.763983],[102.402298,15.761735],[102.400065,15.755396],[102.40456,15.74596],[102.408889,15.744313]]],[[[102.362655363467,15.763356682354464],[102.362655,15.763357],[102.362648,15.76338],[102.362655363467,15.763356682354464]]]]},"bbox":[102.356982,15.694914,102.434358,15.771933]},{"type":"Feature","id":"d58c70a0-9c66-4dc3-a0e1-3ff549a57d56","properties":{"id":"d58c70a0-9c66-4dc3-a0e1-3ff549a57d56","code":"06401502","provinceCode":"40","nameTh":"องค์การบริหารส่วนตำบล ดอนดู่","nameEn":null,"geometryType":"MUNICIPALITY","sourceUrl":"https://landometer.com/api/v2/citymeter-v3/grocery/info/geom/d58c70a0-9c66-4dc3-a0e1-3ff549a57d56/MUNICIPALITY","sourceSha256":"f3a29c2fc262574dfca0cf3868e0301d31be40353021d8175bc7c543be07bd3a","retrievedAt":"2026-10-04T05:43:14.420789+00:00","boundaryVintage":null,"geometryStatus":"native_source_polygon_display_simplified","simplificationToleranceDegrees":0.00015,"simplificationPreservesTopology":true,"invalidSourceRepair":"make_valid; retain polygonal components; discard zero-area collapsed lines","legalBoundaryIndependentlyVerified":false,"areaId":"d58c70a0-9c66-4dc3-a0e1-3ff549a57d56"},"geometry":{"type":"Polygon","coordinates":[[[102.929545,15.801251],[102.928469,15.799892],[102.928852,15.799304],[102.929025,15.79806],[102.929448,15.797789],[102.93041,15.796349],[102.930463,15.795826],[102.927421,15.795138],[102.925175,15.795291],[102.917178,15.791835],[102.916094,15.791103],[102.915333,15.789579],[102.91394,15.789744],[102.906986,15.787149],[102.905888,15.787147],[102.905904,15.784137],[102.905377,15.783845],[102.903856,15.783848],[102.900833,15.785428],[102.89894,15.785766],[102.897369,15.785731],[102.896767,15.784384],[102.896273,15.78414],[102.895751,15.782968],[102.893782,15.782444],[102.893209,15.781859],[102.891782,15.78154],[102.891911,15.780234],[102.891571,15.77784],[102.889822,15.777749],[102.889106,15.778018],[102.885506,15.77805],[102.885585,15.777229],[102.885274,15.776806],[102.884355,15.776508],[102.883226,15.775443],[102.884573,15.773834],[102.883819,15.772829],[102.883444,15.771718],[102.882843,15.771861],[102.880188,15.771303],[102.878394,15.7717],[102.877399,15.771617],[102.877852,15.770194],[102.877583,15.768238],[102.877699,15.767582],[102.877663,15.767241],[102.877598,15.767095],[102.854311,15.766983],[102.844207,15.773789],[102.831272,15.779276],[102.831162,15.778675],[102.831825,15.784708],[102.826557,15.78525],[102.835742,15.802484],[102.833207,15.818391],[102.839162,15.819876],[102.842645,15.822941],[102.842892,15.823413],[102.844384,15.842875],[102.851061,15.851118],[102.848753,15.851211],[102.847407,15.851588],[102.847869,15.852155],[102.848383,15.851554],[102.849525,15.851813],[102.851171,15.851555],[102.852144,15.859508],[102.853927,15.859039],[102.857978,15.858629],[102.860325,15.859028],[102.887379,15.8489],[102.885833,15.847632],[102.886065,15.846988],[102.885759,15.846829],[102.88609,15.844968],[102.887913,15.844694],[102.888255,15.843618],[102.888897,15.842652],[102.889246,15.84128],[102.890956,15.84185],[102.892139,15.8426],[102.894029,15.842123],[102.894069,15.841469],[102.895193,15.840634],[102.89657,15.840407],[102.89662,15.840107],[102.897261,15.839824],[102.897974,15.840063],[102.898508,15.839957],[102.898474,15.839326],[102.89942,15.839188],[102.899664,15.837709],[102.901803,15.836392],[102.901885,15.83583],[102.902192,15.835744],[102.902107,15.835457],[102.902353,15.835374],[102.901932,15.83402],[102.902546,15.8312],[102.903009,15.831059],[102.902878,15.830273],[102.903638,15.829935],[102.9037,15.829021],[102.903887,15.829031],[102.903908,15.828684],[102.904298,15.82867],[102.904301,15.827775],[102.904495,15.827751],[102.904327,15.826616],[102.90446,15.824775],[102.905039,15.821496],[102.907925,15.814594],[102.907718,15.813656],[102.907794,15.809251],[102.907553,15.807937],[102.90777,15.80768],[102.909161,15.807648],[102.910179,15.808001],[102.910963,15.807828],[102.91315,15.808477],[102.913523,15.809321],[102.91506,15.810128],[102.91551,15.810613],[102.916729,15.810645],[102.916807,15.81102],[102.917506,15.811339],[102.91767,15.811963],[102.918633,15.812174],[102.919145,15.812993],[102.919332,15.812795],[102.920566,15.812951],[102.921213,15.812725],[102.923666,15.813204],[102.92447,15.814535],[102.925204,15.815269],[102.925598,15.815522],[102.926206,15.815454],[102.925986,15.816118],[102.926881,15.816933],[102.926997,15.816034],[102.92731,15.815902],[102.927789,15.816186],[102.927936,15.815657],[102.929152,15.815576],[102.929939,15.815973],[102.93039,15.815918],[102.931128,15.815615],[102.931082,15.814139],[102.931605,15.813562],[102.930508,15.813206],[102.930198,15.81149],[102.930438,15.810715],[102.931256,15.810391],[102.931418,15.809454],[102.930873,15.808344],[102.931684,15.807716],[102.9313,15.806618],[102.931633,15.805734],[102.930828,15.804316],[102.931334,15.803984],[102.931754,15.804037],[102.931844,15.803146],[102.932132,15.802862],[102.931902,15.80216],[102.932366,15.801868],[102.932486,15.80123],[102.932079,15.800568],[102.931519,15.801025],[102.930771,15.800513],[102.930425,15.800993],[102.929545,15.801251]]]},"bbox":[102.826557,15.766983,102.932486,15.859508]},{"type":"Feature","id":"2898113f-6e7b-4a0e-8df8-0ed337bf47f9","properties":{"id":"2898113f-6e7b-4a0e-8df8-0ed337bf47f9","code":"06401503","provinceCode":"40","nameTh":"องค์การบริหารส่วนตำบล หนองไผ่ล้อม","nameEn":null,"geometryType":"MUNICIPALITY","sourceUrl":"https://landometer.com/api/v2/citymeter-v3/grocery/info/geom/2898113f-6e7b-4a0e-8df8-0ed337bf47f9/MUNICIPALITY","sourceSha256":"df9d37438c3a73d2e39a941695fa153bcdb802b58e64c692c5c7490acd8ac687","retrievedAt":"2026-10-04T05:43:14.428807+00:00","boundaryVintage":null,"geometryStatus":"native_source_polygon_display_simplified","simplificationToleranceDegrees":0.00015,"simplificationPreservesTopology":true,"invalidSourceRepair":"make_valid; retain polygonal components; discard zero-area collapsed lines","legalBoundaryIndependentlyVerified":false,"areaId":"2898113f-6e7b-4a0e-8df8-0ed337bf47f9"},"geometry":{"type":"Polygon","coordinates":[[[102.880096,15.759191],[102.881076,15.755881],[102.880921,15.754439],[102.880835,15.75407],[102.879346,15.754143],[102.878842,15.751976],[102.879416,15.750106],[102.880126,15.749384],[102.88004,15.747436],[102.880875,15.746659],[102.880495,15.7459],[102.879057,15.745446],[102.877817,15.744434],[102.876116,15.742328],[102.87562,15.741108],[102.873909,15.738613],[102.873785,15.737637],[102.874807,15.735894],[102.871982,15.735462],[102.86771,15.738977],[102.859982,15.738976],[102.853126,15.734739],[102.848453,15.725204],[102.84282,15.722268],[102.839825,15.725083],[102.840224,15.731295],[102.829816,15.731009],[102.828603,15.734955],[102.825197,15.738498],[102.817638,15.736313],[102.812142,15.73652],[102.807093,15.739358],[102.801611,15.739184],[102.801319,15.738334],[102.80212,15.741135],[102.799705,15.741411],[102.802296,15.751798],[102.802883,15.751606],[102.806932,15.759635],[102.815212,15.762945],[102.825318,15.769997],[102.830969,15.776922],[102.831272,15.779276],[102.844207,15.773789],[102.854311,15.766983],[102.877609,15.76712],[102.877259,15.764259],[102.878507,15.762242],[102.87973,15.759494],[102.880096,15.759191]]]},"bbox":[102.799705,15.722268,102.8811,15.779276]},{"type":"Feature","id":"d8e36e61-431c-4852-bb24-951f6c9a5145","properties":{"id":"d8e36e61-431c-4852-bb24-951f6c9a5145","code":"06401504","provinceCode":"40","nameTh":"องค์การบริหารส่วนตำบล หนองเม็ก","nameEn":null,"geometryType":"MUNICIPALITY","sourceUrl":"https://landometer.com/api/v2/citymeter-v3/grocery/info/geom/d8e36e61-431c-4852-bb24-951f6c9a5145/MUNICIPALITY","sourceSha256":"177c44313fc8556622abe4c62c5a7ba34a489e8ac206a98d8093335de6be1837","retrievedAt":"2026-10-04T05:43:14.441704+00:00","boundaryVintage":null,"geometryStatus":"native_source_polygon_display_simplified","simplificationToleranceDegrees":0.00015,"simplificationPreservesTopology":true,"invalidSourceRepair":"make_valid; retain polygonal components; discard zero-area collapsed lines","legalBoundaryIndependentlyVerified":false,"areaId":"d8e36e61-431c-4852-bb24-951f6c9a5145"},"geometry":{"type":"MultiPolygon","coordinates":[[[[102.686944,15.79138],[102.68694449307968,15.791379712677132],[102.686892,15.791269],[102.686944,15.79138]]],[[[102.739787,15.818923],[102.747467,15.806241],[102.754103,15.802785],[102.760899,15.795567],[102.760613,15.791157],[102.757846,15.78949],[102.758703,15.787471],[102.75603,15.783192],[102.75871,15.775009],[102.758522,15.765846],[102.754802,15.753169],[102.754606,15.742276],[102.74621,15.745059],[102.747396,15.749932],[102.746413,15.753956],[102.728006,15.75584],[102.719522,15.763901],[102.711794,15.768369],[102.708274,15.768512],[102.708478,15.773119],[102.710524,15.773331],[102.71104,15.777339],[102.68694449307968,15.791379712677132],[102.68751,15.792848],[102.687157,15.793413],[102.687684,15.794535],[102.688716,15.796097],[102.689815,15.796687],[102.690242,15.797749],[102.690924,15.798521],[102.691125,15.799782],[102.691651,15.80031],[102.691098,15.801637],[102.69168,15.803352],[102.692097,15.803264],[102.692893,15.803555],[102.693442,15.804584],[102.694245,15.804776],[102.694707,15.80542],[102.695233,15.807456],[102.69566,15.808092],[102.695588,15.808531],[102.695823,15.808506],[102.695945,15.808977],[102.697003,15.808865],[102.697681,15.809123],[102.699877,15.81434],[102.703247,15.813622],[102.705147,15.814339],[102.705852,15.814118],[102.708796,15.81403],[102.708607,15.81523],[102.708126,15.815866],[102.709252,15.816908],[102.709143,15.818433],[102.708507,15.818643],[102.707848,15.81995],[102.708025,15.820755],[102.706202,15.821028],[102.706372,15.821513],[102.706114,15.821684],[102.706088,15.822615],[102.70649,15.823069],[102.705765,15.823296],[102.705374,15.823763],[102.705171,15.82371],[102.705012,15.823045],[102.70445,15.823555],[102.704474,15.824517],[102.703766,15.824899],[102.703621,15.8257],[102.702498,15.82732],[102.70259,15.827584],[102.703317,15.827876],[102.702431,15.828664],[102.70244,15.829713],[102.701048,15.829342],[102.700064,15.829507],[102.699738,15.829776],[102.699676,15.830257],[102.700277,15.830653],[102.699459,15.83121],[102.69954,15.831838],[102.699035,15.832688],[102.698402,15.832966],[102.697412,15.832882],[102.696928,15.833431],[102.695195,15.833683],[102.695201,15.834318],[102.694886,15.834674],[102.69467,15.83571],[102.694684,15.836726],[102.694024,15.837093],[102.69437,15.83796],[102.695156,15.837585],[102.695567,15.838162],[102.694302,15.840223],[102.694458,15.841203],[102.694157,15.841853],[102.694356,15.841742],[102.69463732418485,15.842730818331196],[102.695642,15.842502],[102.695635,15.842748],[102.700467,15.842826],[102.703243,15.834929],[102.708832,15.830609],[102.709756,15.826372],[102.712433,15.826065],[102.713433,15.813787],[102.717312,15.813588],[102.720068,15.815758],[102.729117,15.811809],[102.731457,15.813611],[102.733731,15.819605],[102.739787,15.818923]]],[[[102.69463732418485,15.842730818331196],[102.694637,15.842731],[102.694649,15.842924],[102.69463732418485,15.842730818331196]]]]},"bbox":[102.686892,15.742276,102.760899,15.842924]},{"type":"Feature","id":"93d56ca7-b894-4044-924f-7289e32f5ac5","properties":{"id":"93d56ca7-b894-4044-924f-7289e32f5ac5","code":"06401505","provinceCode":"40","nameTh":"องค์การบริหารส่วนตำบล หนองสองห้อง","nameEn":null,"geometryType":"MUNICIPALITY","sourceUrl":"https://landometer.com/api/v2/citymeter-v3/grocery/info/geom/93d56ca7-b894-4044-924f-7289e32f5ac5/MUNICIPALITY","sourceSha256":"d82c58b301f47949422efd7c147fc86c1fa341d192640bf862a5e7d943cbf0b0","retrievedAt":"2026-10-04T05:43:14.441274+00:00","boundaryVintage":null,"geometryStatus":"native_source_polygon_display_simplified","simplificationToleranceDegrees":0.00015,"simplificationPreservesTopology":true,"invalidSourceRepair":"make_valid; retain polygonal components; discard zero-area collapsed lines","legalBoundaryIndependentlyVerified":false,"areaId":"93d56ca7-b894-4044-924f-7289e32f5ac5"},"geometry":{"type":"MultiPolygon","coordinates":[[[[102.747338,15.670273],[102.74739394404807,15.67025875498776],[102.747394,15.670258],[102.747338,15.670273]]],[[[102.798614,15.730458],[102.801611,15.739184],[102.807093,15.739358],[102.812142,15.73652],[102.813728,15.73646],[102.811139,15.726824],[102.808202,15.724024],[102.803691,15.721126],[102.794426,15.721845],[102.789519,15.694792],[102.798665,15.698723],[102.802238,15.695497],[102.793883,15.689934],[102.782515,15.674404],[102.775662,15.671727],[102.772711,15.652207],[102.773467,15.651175],[102.773474,15.650807],[102.772155,15.651],[102.772056,15.651421],[102.772659,15.651871],[102.772259,15.652355],[102.77247,15.653147],[102.771671,15.653106],[102.771648,15.653824],[102.770856,15.654299],[102.770448,15.654003],[102.77086,15.652356],[102.770648,15.652018],[102.770235,15.652202],[102.769786,15.653304],[102.768644,15.652626],[102.767948,15.65351],[102.766638,15.65337],[102.765869,15.653769],[102.764881,15.653037],[102.764162,15.653505],[102.763137,15.653039],[102.762375,15.653233],[102.761419,15.652943],[102.76123,15.653298],[102.761465,15.654122],[102.760505,15.653976],[102.760137,15.654161],[102.760159,15.655642],[102.759653,15.655583],[102.759272,15.65521],[102.758979,15.655756],[102.758039,15.655907],[102.757534,15.656335],[102.756308,15.656745],[102.756631,15.657816],[102.756171,15.658384],[102.755429,15.658352],[102.754966,15.658067],[102.753991,15.658569],[102.753868,15.659808],[102.754141,15.660449],[102.752955,15.660769],[102.752876,15.661749],[102.752418,15.661766],[102.751064,15.660975],[102.750462,15.662181],[102.749464,15.661656],[102.747873,15.662167],[102.747862,15.662614],[102.748832,15.662732],[102.749644,15.6639],[102.749462,15.664474],[102.748574,15.664797],[102.748915,15.6656],[102.747601,15.666187],[102.747348,15.666985],[102.746661,15.667682],[102.747007,15.668236],[102.747011,15.669398],[102.747694,15.669688],[102.747787,15.669967],[102.74739394404807,15.67025875498776],[102.747317,15.671297],[102.747386,15.672406],[102.748075,15.673571],[102.747906,15.680663],[102.746524,15.683239],[102.743364,15.683265],[102.743627,15.684787],[102.740662,15.685749],[102.738653,15.688934],[102.739836,15.693323],[102.73763,15.69504],[102.740975,15.701233],[102.737384,15.710929],[102.748055,15.727051],[102.752935,15.728577],[102.754774,15.730741],[102.756702,15.737536],[102.754606,15.742276],[102.754892,15.753123],[102.78002,15.740273],[102.782569,15.744331],[102.782116,15.746283],[102.785924,15.75069],[102.788548,15.748289],[102.793879,15.74976],[102.795581,15.753988],[102.802296,15.751798],[102.799705,15.741411],[102.800701,15.741273],[102.790795,15.742237],[102.786071,15.736818],[102.783587,15.72966],[102.783529,15.723819],[102.800388,15.724423],[102.798614,15.730458]]]]},"bbox":[102.737384,15.650732,102.813728,15.753988]},{"type":"Feature","id":"3386ab53-7099-46dc-94bb-8136214a09a6","properties":{"id":"3386ab53-7099-46dc-94bb-8136214a09a6","code":"06401506","provinceCode":"40","nameTh":"องค์การบริหารส่วนตำบล คึมชาด","nameEn":null,"geometryType":"MUNICIPALITY","sourceUrl":"https://landometer.com/api/v2/citymeter-v3/grocery/info/geom/3386ab53-7099-46dc-94bb-8136214a09a6/MUNICIPALITY","sourceSha256":"b71bf18ffeccb4342b593263cea08d9f525cfcb95af7d4bd196416ebe14555e8","retrievedAt":"2026-10-04T05:43:14.438412+00:00","boundaryVintage":null,"geometryStatus":"native_source_polygon_display_simplified","simplificationToleranceDegrees":0.00015,"simplificationPreservesTopology":true,"invalidSourceRepair":"make_valid; retain polygonal components; discard zero-area collapsed lines","legalBoundaryIndependentlyVerified":false,"areaId":"3386ab53-7099-46dc-94bb-8136214a09a6"},"geometry":{"type":"MultiPolygon","coordinates":[[[[102.843524,15.853923],[102.844127,15.853253],[102.845861,15.853166],[102.847869,15.852155],[102.847407,15.851588],[102.848753,15.851211],[102.851061,15.851118],[102.844384,15.842875],[102.842892,15.823413],[102.842645,15.822941],[102.839162,15.819876],[102.833207,15.818391],[102.835742,15.802484],[102.826557,15.78525],[102.807895,15.787169],[102.805389,15.785504],[102.798094,15.785205],[102.795978,15.788411],[102.776486,15.793149],[102.766683,15.788616],[102.758703,15.787471],[102.757846,15.78949],[102.760613,15.791157],[102.760899,15.795567],[102.754103,15.802785],[102.753446,15.803135],[102.753872,15.812218],[102.754235,15.812705],[102.764728,15.81454],[102.764821,15.819304],[102.760519,15.81927],[102.760384,15.824205],[102.78028,15.825873],[102.782417,15.835187],[102.789511,15.852283],[102.789728,15.852681],[102.791862,15.853836],[102.793347,15.858637],[102.794175,15.857931],[102.79430000484153,15.858788915498277],[102.798007,15.856697],[102.799477,15.85381],[102.802189,15.850733],[102.803241,15.850679],[102.80611,15.849727],[102.808103,15.848726],[102.815155,15.84628],[102.816221,15.846292],[102.816914,15.847232],[102.816408,15.849516],[102.818271,15.850223],[102.820067,15.849859],[102.821822,15.848424],[102.823547,15.849624],[102.825288,15.84902],[102.825656,15.849348],[102.826393,15.849343],[102.826384,15.850403],[102.826651,15.851199],[102.827066,15.851722],[102.827625,15.851949],[102.842456,15.853975],[102.843524,15.853923]]],[[[102.7943,15.85879],[102.79430000484153,15.858788915498277],[102.793001,15.859522],[102.7943,15.85879]]]]},"bbox":[102.753446,15.785205,102.851061,15.859522]},{"type":"Feature","id":"cbbaa350-f37d-467c-892c-511841bb63e9","properties":{"id":"cbbaa350-f37d-467c-892c-511841bb63e9","code":"06401507","provinceCode":"40","nameTh":"องค์การบริหารส่วนตำบล ดงเค็ง","nameEn":null,"geometryType":"MUNICIPALITY","sourceUrl":"https://landometer.com/api/v2/citymeter-v3/grocery/info/geom/cbbaa350-f37d-467c-892c-511841bb63e9/MUNICIPALITY","sourceSha256":"069ef963a76ed85b73561bdd2e83dbcd7e988fa3fc99873f6aa973a618a70640","retrievedAt":"2026-10-04T05:43:14.438954+00:00","boundaryVintage":null,"geometryStatus":"native_source_polygon_display_simplified","simplificationToleranceDegrees":0.00015,"simplificationPreservesTopology":true,"invalidSourceRepair":"make_valid; retain polygonal components; discard zero-area collapsed lines","legalBoundaryIndependentlyVerified":false,"areaId":"cbbaa350-f37d-467c-892c-511841bb63e9"},"geometry":{"type":"MultiPolygon","coordinates":[[[[102.848882,15.636733],[102.842915,15.637066],[102.835093,15.636523],[102.81856,15.633807],[102.806045,15.632746],[102.804268,15.632787],[102.804198,15.633752],[102.801272,15.634313],[102.801343,15.634555],[102.79588,15.636655],[102.793002,15.637283],[102.792046,15.637256],[102.791965,15.636683],[102.791484,15.636674],[102.790885,15.637024],[102.78999,15.636798],[102.787001,15.636829],[102.787348,15.635359],[102.785865,15.632729],[102.782201,15.632713],[102.776603,15.633585],[102.775815,15.634116],[102.775654,15.634943],[102.77652,15.63505],[102.777231,15.635793],[102.777291,15.636556],[102.777638,15.637174],[102.778285,15.636727],[102.779732,15.636584],[102.779877,15.638353],[102.78047,15.638771],[102.780576,15.639133],[102.780425,15.640289],[102.7794,15.642249],[102.778897,15.642428],[102.778167,15.642301],[102.777346,15.641457],[102.777099,15.642305],[102.776334,15.643091],[102.777142,15.644192],[102.77768,15.644134],[102.777703,15.643386],[102.778,15.643281],[102.778947,15.644508],[102.779614,15.6443],[102.779928,15.644546],[102.779786,15.645496],[102.778921,15.645846],[102.778307,15.646787],[102.778459,15.647116],[102.779245,15.647547],[102.779278,15.647895],[102.778233,15.647977],[102.778487,15.648955],[102.778284,15.649162],[102.777371,15.648871],[102.776907,15.649269],[102.776031,15.649194],[102.776389,15.649874],[102.775345,15.650926],[102.774852,15.65088],[102.774656,15.64981],[102.774121,15.649829],[102.773854,15.650468],[102.77437,15.651407],[102.773708,15.651582],[102.773467,15.651175],[102.772711,15.652207],[102.775662,15.671727],[102.782515,15.674404],[102.793883,15.689934],[102.802388,15.695597],[102.798665,15.698723],[102.789519,15.694792],[102.794426,15.721845],[102.803691,15.721126],[102.818277,15.699399],[102.826804,15.685934],[102.830666,15.683176],[102.833222,15.677123],[102.841856,15.666924],[102.845147,15.653554],[102.849794,15.648616],[102.850442,15.640218],[102.848882,15.636733]]],[[[102.801073,15.696701],[102.802388,15.695597],[102.8022379273493,15.695497075082788],[102.801073,15.696701]]]]},"bbox":[102.772711,15.632625,102.850442,15.721845]},{"type":"Feature","id":"ecccb882-ec11-4482-8044-3a78ec72c2ad","properties":{"id":"ecccb882-ec11-4482-8044-3a78ec72c2ad","code":"06401508","provinceCode":"40","nameTh":"องค์การบริหารส่วนตำบล ดอนดั่ง","nameEn":null,"geometryType":"MUNICIPALITY","sourceUrl":"https://landometer.com/api/v2/citymeter-v3/grocery/info/geom/ecccb882-ec11-4482-8044-3a78ec72c2ad/MUNICIPALITY","sourceSha256":"7a69e5e6aaed4750ab99298684ca60eebc8984eb913a309e46b773e24b4ed956","retrievedAt":"2026-10-04T05:43:14.455092+00:00","boundaryVintage":null,"geometryStatus":"native_source_polygon_display_simplified","simplificationToleranceDegrees":0.00015,"simplificationPreservesTopology":true,"invalidSourceRepair":"make_valid; retain polygonal components; discard zero-area collapsed lines","legalBoundaryIndependentlyVerified":false,"areaId":"ecccb882-ec11-4482-8044-3a78ec72c2ad"},"geometry":{"type":"MultiPolygon","coordinates":[[[[102.807895,15.787169],[102.831825,15.784708],[102.830969,15.776922],[102.825318,15.769997],[102.815212,15.762945],[102.806932,15.759635],[102.802883,15.751606],[102.795581,15.753988],[102.793879,15.74976],[102.788548,15.748289],[102.785924,15.75069],[102.782116,15.746283],[102.782569,15.744331],[102.78002,15.740273],[102.754802,15.753169],[102.758522,15.765846],[102.75871,15.775009],[102.75603,15.783192],[102.758703,15.787471],[102.766683,15.788616],[102.776486,15.793149],[102.795978,15.788411],[102.798094,15.785205],[102.805389,15.785504],[102.807895,15.787169]]],[[[102.758325,15.788307],[102.758308,15.788296],[102.758343,15.788319],[102.758343,15.788319],[102.758325,15.788307]]]]},"bbox":[102.754802,15.740273,102.831825,15.793149]},{"type":"Feature","id":"7e077c85-b2cd-4360-9f91-51ebe7dcab34","properties":{"id":"7e077c85-b2cd-4360-9f91-51ebe7dcab34","code":"06401509","provinceCode":"40","nameTh":"องค์การบริหารส่วนตำบล ตะกั่วป่า","nameEn":null,"geometryType":"MUNICIPALITY","sourceUrl":"https://landometer.com/api/v2/citymeter-v3/grocery/info/geom/7e077c85-b2cd-4360-9f91-51ebe7dcab34/MUNICIPALITY","sourceSha256":"566a6a2db69e1c1abc9a5d4fd75e557ab9e7fb81228720c7fc38694660e9be38","retrievedAt":"2026-10-04T05:43:14.476076+00:00","boundaryVintage":null,"geometryStatus":"native_source_polygon_display_simplified","simplificationToleranceDegrees":0.00015,"simplificationPreservesTopology":true,"invalidSourceRepair":"make_valid; retain polygonal components; discard zero-area collapsed lines","legalBoundaryIndependentlyVerified":false,"areaId":"7e077c85-b2cd-4360-9f91-51ebe7dcab34"},"geometry":{"type":"Polygon","coordinates":[[[102.874901,15.735994],[102.874674,15.734924],[102.876067,15.733469],[102.875801,15.732393],[102.87606,15.729597],[102.87673,15.728002],[102.873793,15.726666],[102.876471,15.726506],[102.87659,15.721694],[102.874605,15.719281],[102.875234,15.717982],[102.876899,15.71707],[102.876926,15.712413],[102.876698,15.712437],[102.875933,15.710624],[102.875549,15.708862],[102.875473,15.706533],[102.876385,15.706311],[102.875993,15.704875],[102.874574,15.702574],[102.873966,15.701871],[102.873638,15.702048],[102.872837,15.701497],[102.872399,15.700021],[102.86934,15.695804],[102.869266,15.694607],[102.87051,15.691889],[102.870839,15.689965],[102.870725,15.688751],[102.869148,15.688818],[102.868884,15.686455],[102.869788,15.682876],[102.873484,15.681503],[102.873388,15.68127],[102.873798,15.681098],[102.873459,15.67777],[102.875289,15.677772],[102.874968,15.675355],[102.879714,15.674541],[102.881744,15.673262],[102.883534,15.672487],[102.883184,15.671126],[102.883717,15.667797],[102.883264,15.667452],[102.882582,15.665949],[102.882497,15.664558],[102.881122,15.664795],[102.880739,15.665245],[102.87935,15.66568],[102.876757,15.666073],[102.873771,15.663019],[102.872158,15.663054],[102.871436,15.660486],[102.870369,15.658569],[102.868497,15.658685],[102.867891,15.65767],[102.867699,15.657134],[102.867592,15.652859],[102.867051,15.652888],[102.866396,15.652288],[102.863512,15.651136],[102.861819,15.648752],[102.855287,15.636127],[102.848735,15.636744],[102.850442,15.640218],[102.849794,15.648616],[102.845147,15.653554],[102.841856,15.666924],[102.833222,15.677123],[102.830666,15.683176],[102.826804,15.685934],[102.818277,15.699399],[102.803691,15.721126],[102.808202,15.724024],[102.811139,15.726824],[102.813728,15.73646],[102.817638,15.736313],[102.825197,15.738498],[102.828603,15.734955],[102.829816,15.731009],[102.840224,15.731295],[102.839825,15.725083],[102.84282,15.722268],[102.848453,15.725204],[102.853126,15.734739],[102.859982,15.738976],[102.86771,15.738977],[102.871982,15.735462],[102.874901,15.735994]]]},"bbox":[102.803691,15.636127,102.883717,15.738977]},{"type":"Feature","id":"71b44cea-4807-4e41-8b69-4ee021c8475e","properties":{"id":"71b44cea-4807-4e41-8b69-4ee021c8475e","code":"06401510","provinceCode":"40","nameTh":"องค์การบริหารส่วนตำบล โนนธาตุ","nameEn":null,"geometryType":"MUNICIPALITY","sourceUrl":"https://landometer.com/api/v2/citymeter-v3/grocery/info/geom/71b44cea-4807-4e41-8b69-4ee021c8475e/MUNICIPALITY","sourceSha256":"bb980a273ad138a4f1562f3c4ef2ca9e60b35cf9f7b181ea8787c1ce6a4c50a7","retrievedAt":"2026-10-04T05:43:14.646312+00:00","boundaryVintage":null,"geometryStatus":"native_source_polygon_display_simplified","simplificationToleranceDegrees":0.00015,"simplificationPreservesTopology":true,"invalidSourceRepair":"make_valid; retain polygonal components; discard zero-area collapsed lines","legalBoundaryIndependentlyVerified":false,"areaId":"71b44cea-4807-4e41-8b69-4ee021c8475e"},"geometry":{"type":"Polygon","coordinates":[[[102.744907,15.669096],[102.744429,15.669548],[102.743897,15.669621],[102.742041,15.668792],[102.741416,15.668223],[102.741205,15.668545],[102.741287,15.669109],[102.740246,15.669664],[102.740051,15.669412],[102.740645,15.668778],[102.740549,15.668467],[102.738999,15.667742],[102.736254,15.668402],[102.735948,15.667367],[102.733984,15.666161],[102.733744,15.666649],[102.733857,15.667455],[102.733502,15.667905],[102.731438,15.667081],[102.730841,15.667858],[102.730513,15.66795],[102.729715,15.666514],[102.728939,15.665734],[102.728391,15.665585],[102.727949,15.666383],[102.728428,15.66707],[102.727193,15.668144],[102.727162,15.666061],[102.726835,15.665481],[102.726581,15.665534],[102.726702,15.666103],[102.726439,15.666589],[102.724526,15.666732],[102.723888,15.666294],[102.723651,15.66676],[102.722847,15.666762],[102.721302,15.666304],[102.72078,15.66703],[102.719913,15.666923],[102.719389,15.665744],[102.71837,15.666732],[102.717569,15.666304],[102.717323,15.6659],[102.716601,15.666018],[102.716048,15.667737],[102.717049,15.669152],[102.716649,15.669282],[102.715416,15.668588],[102.71516,15.669665],[102.714628,15.670143],[102.714974,15.671195],[102.714166,15.672344],[102.714836,15.673154],[102.714965,15.674582],[102.71425,15.675225],[102.714183,15.676552],[102.713285,15.677299],[102.712409,15.679571],[102.712799,15.680414],[102.712478,15.68151],[102.711997,15.681596],[102.710535,15.681205],[102.710348,15.681772],[102.709705,15.681541],[102.709266,15.681805],[102.709172,15.682048],[102.70952,15.682534],[102.709415,15.683052],[102.708833,15.683509],[102.708668,15.684391],[102.708184,15.684975],[102.708458,15.68606],[102.707773,15.686418],[102.707006,15.686211],[102.706324,15.686393],[102.705067,15.687264],[102.705453,15.687818],[102.70489,15.688457],[102.704743,15.689689],[102.703939,15.689574],[102.703912,15.688847],[102.703552,15.688186],[102.70321,15.688505],[102.702865,15.688414],[102.702587,15.689892],[102.701708,15.689665],[102.701484,15.688895],[102.70049,15.689058],[102.700469,15.690887],[102.699872,15.691833],[102.700546,15.692496],[102.700641,15.693034],[102.699104,15.694149],[102.698005,15.695255],[102.69759,15.696006],[102.695979,15.696519],[102.695491,15.696993],[102.694173,15.697508],[102.693541,15.699046],[102.69373,15.700026],[102.693189,15.700582],[102.692863,15.700711],[102.691834,15.700486],[102.691533,15.701471],[102.690476,15.701778],[102.689583,15.702554],[102.689386,15.704641],[102.689968,15.704605],[102.690143,15.704937],[102.688877,15.705605],[102.688876,15.705996],[102.689309,15.70656],[102.689269,15.707532],[102.689766,15.707717],[102.690345,15.707365],[102.690875,15.707373],[102.691432,15.706865],[102.691563,15.706388],[102.69212,15.706333],[102.692066,15.70703],[102.693012,15.707538],[102.692392,15.707868],[102.692453,15.708711],[102.69156,15.709226],[102.691078,15.710758],[102.690225,15.711575],[102.690325,15.713543],[102.691143,15.713659],[102.691845,15.71311],[102.692341,15.713031],[102.692229,15.713965],[102.692704,15.714097],[102.693533,15.713818],[102.694366,15.714208],[102.69454,15.71527],[102.695007,15.715769],[102.694892,15.716006],[102.694232,15.715953],[102.694463,15.716528],[102.693951,15.716986],[102.69346,15.716783],[102.693305,15.717243],[102.692605,15.717647],[102.692639,15.717929],[102.693378,15.718069],[102.693442,15.718774],[102.694173,15.718588],[102.694072,15.719839],[102.69327,15.720108],[102.6931,15.719598],[102.692844,15.719549],[102.69256,15.720346],[102.691631,15.721041],[102.691919,15.721663],[102.691896,15.723425],[102.691308,15.724099],[102.695916,15.733068],[102.698465,15.732276],[102.701447,15.739817],[102.719328,15.740172],[102.723827,15.736709],[102.727459,15.731943],[102.727273,15.729963],[102.730036,15.728478],[102.731106,15.72983],[102.754774,15.730741],[102.752935,15.728577],[102.748055,15.727051],[102.737384,15.710929],[102.740975,15.701233],[102.73763,15.69504],[102.739836,15.693323],[102.738653,15.688934],[102.740662,15.685749],[102.743627,15.684787],[102.743364,15.683265],[102.746524,15.683239],[102.747906,15.680663],[102.748075,15.673571],[102.747386,15.672406],[102.747394,15.670258],[102.746467,15.670331],[102.746142,15.670008],[102.745921,15.669098],[102.744907,15.669096]]]},"bbox":[102.688835,15.66547,102.754774,15.740172]},{"type":"Feature","id":"3f5c9bd9-e9b3-4bf1-bb5c-6b1666c57fba","properties":{"id":"3f5c9bd9-e9b3-4bf1-bb5c-6b1666c57fba","code":"06401511","provinceCode":"40","nameTh":"องค์การบริหารส่วนตำบล วังหิน","nameEn":null,"geometryType":"MUNICIPALITY","sourceUrl":"https://landometer.com/api/v2/citymeter-v3/grocery/info/geom/3f5c9bd9-e9b3-4bf1-bb5c-6b1666c57fba/MUNICIPALITY","sourceSha256":"cdd6c29ec5286a03eda37c60ab1a3724322ca59e9effd974f30a321e3ba12b23","retrievedAt":"2026-10-04T05:43:14.645351+00:00","boundaryVintage":null,"geometryStatus":"native_source_polygon_display_simplified","simplificationToleranceDegrees":0.00015,"simplificationPreservesTopology":true,"invalidSourceRepair":"make_valid; retain polygonal components; discard zero-area collapsed lines","legalBoundaryIndependentlyVerified":false,"areaId":"3f5c9bd9-e9b3-4bf1-bb5c-6b1666c57fba"},"geometry":{"type":"MultiPolygon","coordinates":[[[[102.7882023488786,15.862579565681745],[102.788202,15.86258],[102.788216,15.862572],[102.7882023488786,15.862579565681745]]],[[[102.765864,15.88779],[102.765248,15.887927],[102.765425,15.887468],[102.76457,15.885809],[102.764568,15.885241],[102.764195,15.884721],[102.763759,15.884643],[102.76415,15.88414],[102.764343,15.883274],[102.764076,15.882834],[102.764105,15.882082],[102.765626,15.881193],[102.766026,15.880372],[102.766734,15.880278],[102.767329,15.879337],[102.767198,15.878744],[102.768162,15.878401],[102.768754,15.877574],[102.769286,15.877675],[102.769626,15.877048],[102.769687,15.87627],[102.770226,15.876227],[102.771,15.875116],[102.772022,15.874489],[102.77206,15.876146],[102.772403,15.877662],[102.776358,15.877158],[102.779872,15.877773],[102.781124,15.877007],[102.780936,15.876554],[102.781117,15.875902],[102.780716,15.875626],[102.782057,15.874574],[102.781719,15.873586],[102.781327,15.873697],[102.779887,15.872336],[102.778705,15.871616],[102.778874,15.870924],[102.778629,15.8703],[102.779101,15.869879],[102.780428,15.869473],[102.780827,15.869018],[102.781251,15.869894],[102.783151,15.869026],[102.785115,15.866043],[102.784786,15.865239],[102.785016,15.864828],[102.784908,15.864577],[102.786355,15.863481],[102.787815,15.863133],[102.788021,15.862732],[102.7883,15.862458],[102.783464,15.856129],[102.773245,15.852571],[102.750441,15.857405],[102.736294,15.849568],[102.731944,15.840024],[102.720195,15.836445],[102.711279,15.844814],[102.700652,15.851597],[102.700758,15.851806],[102.700431,15.852124],[102.700016,15.852152],[102.699901,15.853135],[102.699321,15.853661],[102.699763,15.85443],[102.700301,15.854519],[102.700555,15.854402],[102.700483,15.854139],[102.700957,15.854296],[102.701141,15.854056],[102.702013,15.854334],[102.702921,15.854078],[102.703685,15.854951],[102.704508,15.855359],[102.70478,15.856007],[102.705684,15.856678],[102.70616,15.858056],[102.705567,15.85833],[102.706984,15.860331],[102.706742,15.860732],[102.707149,15.861495],[102.707249,15.86378],[102.707907,15.864274],[102.708953,15.866645],[102.708203,15.86788],[102.707549,15.868456],[102.70667,15.86838],[102.706361,15.869376],[102.706831,15.869498],[102.706918,15.870644],[102.707251,15.871176],[102.706804,15.871648],[102.70686,15.872199],[102.70655,15.872318],[102.706489,15.872667],[102.7059,15.87245],[102.705292,15.873642],[102.704771,15.873953],[102.704397,15.875216],[102.703231,15.876458],[102.703024,15.877094],[102.703059,15.878439],[102.702425,15.879168],[102.702804,15.880378],[102.702635,15.8824],[102.701321,15.881814],[102.701274,15.882032],[102.701474,15.883556],[102.702055,15.884499],[102.701517,15.886391],[102.699815,15.887363],[102.698206,15.887469],[102.698031,15.888675],[102.698955,15.891587],[102.697588,15.893122],[102.697118,15.894018],[102.696786,15.897617],[102.697438,15.900113],[102.69738,15.900744],[102.69563,15.90159],[102.696158,15.902653],[102.696282,15.903546],[102.69762,15.903017],[102.698309,15.903673],[102.699799,15.903032],[102.700734,15.904713],[102.701931,15.904358],[102.703058,15.904682],[102.704386,15.903908],[102.705188,15.904073],[102.705791,15.904663],[102.706562,15.904808],[102.707332,15.902882],[102.708008,15.902392],[102.709319,15.902274],[102.70988,15.903322],[102.711687,15.902579],[102.713124,15.902541],[102.713625,15.902644],[102.713878,15.903026],[102.715814,15.903009],[102.717372,15.901686],[102.720076,15.902379],[102.721491,15.901113],[102.72148,15.900466],[102.721706,15.900433],[102.724682,15.90081],[102.726706,15.902809],[102.728157,15.902822],[102.728615,15.903397],[102.731163,15.902122],[102.734693,15.901446],[102.735501,15.901835],[102.736281,15.900888],[102.737991,15.901769],[102.739639,15.901874],[102.740441,15.901427],[102.745762,15.902771],[102.746752,15.902717],[102.748715,15.901075],[102.750402,15.898768],[102.751513,15.898452],[102.751806,15.897395],[102.752513,15.89745],[102.753063,15.896598],[102.754013,15.896703],[102.754414,15.896233],[102.755083,15.896313],[102.755478,15.895666],[102.756349,15.895646],[102.758661,15.894763],[102.760745,15.895201],[102.761223,15.895643],[102.762641,15.895656],[102.76364,15.895387],[102.763503,15.894887],[102.766199,15.892963],[102.766778,15.891643],[102.766794,15.890687],[102.766404,15.890256],[102.7667,15.890024],[102.766349,15.88962],[102.766783,15.889056],[102.765864,15.88779]]]]},"bbox":[102.69563,15.836445,102.7883,15.904808]},{"type":"Feature","id":"bafceaea-9f01-42c8-ab7b-e0d60f9e5c5d","properties":{"id":"bafceaea-9f01-42c8-ab7b-e0d60f9e5c5d","code":"06401512","provinceCode":"40","nameTh":"องค์การบริหารส่วนตำบล สำโรง","nameEn":null,"geometryType":"MUNICIPALITY","sourceUrl":"https://landometer.com/api/v2/citymeter-v3/grocery/info/geom/bafceaea-9f01-42c8-ab7b-e0d60f9e5c5d/MUNICIPALITY","sourceSha256":"a9c884e6af1f1092ba0b818d2ac4b12dfddee1a15bf8ccbee20e504e5032e5c9","retrievedAt":"2026-10-04T05:43:14.639505+00:00","boundaryVintage":null,"geometryStatus":"native_source_polygon_display_simplified","simplificationToleranceDegrees":0.00015,"simplificationPreservesTopology":true,"invalidSourceRepair":"make_valid; retain polygonal components; discard zero-area collapsed lines","legalBoundaryIndependentlyVerified":false,"areaId":"bafceaea-9f01-42c8-ab7b-e0d60f9e5c5d"},"geometry":{"type":"MultiPolygon","coordinates":[[[[102.694771,15.84735],[102.695052,15.847546],[102.695743,15.847467],[102.696025,15.848315],[102.697535,15.848803],[102.698347,15.849497],[102.699561,15.849142],[102.699629,15.849801],[102.700263,15.850424],[102.700025,15.851441],[102.700652,15.851597],[102.711279,15.844814],[102.720195,15.836445],[102.731944,15.840024],[102.736294,15.849568],[102.750441,15.857405],[102.773245,15.852571],[102.783464,15.856129],[102.7883,15.862458],[102.7882023488786,15.862579565681745],[102.790233,15.861742],[102.790844,15.861113],[102.791437,15.861022],[102.791751,15.860756],[102.791654,15.860096],[102.7943,15.85879],[102.794175,15.857931],[102.793347,15.858637],[102.791862,15.853836],[102.789728,15.852681],[102.789511,15.852283],[102.782417,15.835187],[102.78028,15.825873],[102.760384,15.824205],[102.760519,15.81927],[102.764821,15.819304],[102.764728,15.81454],[102.754235,15.812705],[102.753872,15.812218],[102.753461,15.803119],[102.747467,15.806241],[102.739787,15.818923],[102.733731,15.819605],[102.731457,15.813611],[102.729117,15.811809],[102.720068,15.815758],[102.717312,15.813588],[102.713433,15.813787],[102.712433,15.826065],[102.709756,15.826372],[102.708832,15.830609],[102.703243,15.834929],[102.700467,15.842826],[102.695635,15.842748],[102.695642,15.842502],[102.694637,15.842731],[102.694356,15.841742],[102.694157,15.841853],[102.694323,15.842845],[102.695318,15.845032],[102.695818,15.845475],[102.694771,15.84735]]],[[[102.788202,15.86258],[102.7882023488786,15.862579565681745],[102.788133,15.862618],[102.788202,15.86258]]]]},"bbox":[102.694157,15.803119,102.794302,15.862618]},{"type":"Feature","id":"3d6d6cf3-8a9a-4dd9-a390-a28523b69268","properties":{"id":"3d6d6cf3-8a9a-4dd9-a390-a28523b69268","code":"06401513","provinceCode":"40","nameTh":"องค์การบริหารส่วนตำบล หันโจด","nameEn":null,"geometryType":"MUNICIPALITY","sourceUrl":"https://landometer.com/api/v2/citymeter-v3/grocery/info/geom/3d6d6cf3-8a9a-4dd9-a390-a28523b69268/MUNICIPALITY","sourceSha256":"5193a399fb3fb5e57e827c9dd21c219dc342f0dcf116ccb215995098bc8c15af","retrievedAt":"2026-10-04T05:43:14.644163+00:00","boundaryVintage":null,"geometryStatus":"native_source_polygon_display_simplified","simplificationToleranceDegrees":0.00015,"simplificationPreservesTopology":true,"invalidSourceRepair":"make_valid; retain polygonal components; discard zero-area collapsed lines","legalBoundaryIndependentlyVerified":false,"areaId":"3d6d6cf3-8a9a-4dd9-a390-a28523b69268"},"geometry":{"type":"MultiPolygon","coordinates":[[[[102.676489,15.742019],[102.676128,15.742178],[102.675493,15.742041],[102.674384,15.742442],[102.67431,15.743833],[102.673876,15.744145],[102.673932,15.744793],[102.675023,15.745954],[102.675394,15.746772],[102.675277,15.748894],[102.676483,15.749953],[102.6767,15.750587],[102.676266,15.753873],[102.676449,15.755031],[102.674639,15.755722],[102.675677,15.759447],[102.674559,15.761073],[102.674585,15.761752],[102.679621,15.763471],[102.679613,15.767309],[102.680052,15.767802],[102.6804,15.769186],[102.680197,15.769389],[102.680265,15.772448],[102.680441,15.772698],[102.680943,15.77274],[102.681568,15.774048],[102.683989,15.774806],[102.68478,15.776041],[102.684382,15.777609],[102.686768,15.778642],[102.687075,15.779842],[102.688782,15.779859],[102.687871,15.781788],[102.687941,15.782922],[102.687114,15.783882],[102.686956,15.784633],[102.686634,15.784695],[102.686311,15.786595],[102.685622,15.787338],[102.686084,15.789253],[102.685805,15.789988],[102.68694449307968,15.791379712677132],[102.71104,15.777339],[102.710524,15.773331],[102.708478,15.773119],[102.708274,15.768512],[102.711794,15.768369],[102.719522,15.763901],[102.728006,15.75584],[102.746413,15.753956],[102.747396,15.749932],[102.74621,15.745059],[102.754606,15.742276],[102.756702,15.737536],[102.754774,15.730741],[102.731106,15.72983],[102.730036,15.728478],[102.727273,15.729963],[102.727459,15.731943],[102.72382601908821,15.736709755033901],[102.719328,15.740172],[102.701447,15.739817],[102.698465,15.732276],[102.695916,15.733068],[102.691308,15.724099],[102.690412,15.724118],[102.689954,15.723289],[102.689562,15.724079],[102.689195,15.724272],[102.688656,15.724093],[102.68834,15.724511],[102.687631,15.724346],[102.686898,15.725303],[102.686401,15.724822],[102.685964,15.725007],[102.685247,15.724843],[102.684607,15.725372],[102.683864,15.725053],[102.684012,15.726444],[102.682805,15.726452],[102.682984,15.727218],[102.682391,15.728513],[102.681587,15.72851],[102.681866,15.727418],[102.681487,15.727196],[102.681161,15.727569],[102.680834,15.727572],[102.680491,15.726639],[102.680154,15.726728],[102.679963,15.727529],[102.679057,15.727673],[102.678871,15.728334],[102.679825,15.728859],[102.679434,15.729749],[102.679846,15.729927],[102.680074,15.73058],[102.679512,15.73079],[102.67873,15.730632],[102.678832,15.731096],[102.679452,15.731219],[102.678923,15.731874],[102.679637,15.732666],[102.679227,15.733203],[102.679447,15.733823],[102.677567,15.735624],[102.677777,15.736029],[102.678372,15.735849],[102.678258,15.736311],[102.678662,15.737152],[102.678088,15.737425],[102.67794,15.737973],[102.677218,15.738548],[102.677276,15.73931],[102.676862,15.739837],[102.677585,15.740737],[102.677294,15.741033],[102.676833,15.741023],[102.676489,15.742019]],[[102.723827,15.736709],[102.723162,15.737581],[102.72382601908821,15.736709755033901],[102.723827,15.736709]]],[[[102.686947,15.791385],[102.68694449307968,15.791379712677132],[102.686944,15.79138],[102.686947,15.791385]]]]},"bbox":[102.673869,15.723289,102.756702,15.791385]},{"type":"Feature","id":"a71444fd-5114-47b2-86ac-97e50e44fb2d","properties":{"id":"a71444fd-5114-47b2-86ac-97e50e44fb2d","code":"06401602","provinceCode":"40","nameTh":"องค์การบริหารส่วนตำบล ภูเวียง","nameEn":null,"geometryType":"MUNICIPALITY","sourceUrl":"https://landometer.com/api/v2/citymeter-v3/grocery/info/geom/a71444fd-5114-47b2-86ac-97e50e44fb2d/MUNICIPALITY","sourceSha256":"d3ff6cf90c48892a20f234fc57bdb4be6ba8bcb2c7b85288dbc6ce34483f7666","retrievedAt":"2026-10-04T05:43:14.638761+00:00","boundaryVintage":null,"geometryStatus":"native_source_polygon_display_simplified","simplificationToleranceDegrees":0.00015,"simplificationPreservesTopology":true,"invalidSourceRepair":"make_valid; retain polygonal components; discard zero-area collapsed lines","legalBoundaryIndependentlyVerified":false,"areaId":"a71444fd-5114-47b2-86ac-97e50e44fb2d"},"geometry":{"type":"MultiPolygon","coordinates":[[[[102.376266,16.659198],[102.37605978108786,16.659609557675264],[102.37820005612603,16.658397534509398],[102.376266,16.659198]]],[[[102.383729,16.651549],[102.38457,16.652773],[102.374079,16.660402],[102.367833,16.653816],[102.362075,16.661556],[102.361708,16.66543],[102.358339,16.668129],[102.352239,16.680741],[102.354967,16.684757],[102.357406,16.689616],[102.35984,16.69518],[102.361145,16.699513],[102.376134,16.698681],[102.381339,16.70068],[102.40116,16.698973],[102.398205,16.697576],[102.397853,16.693423],[102.391515,16.694525],[102.388709,16.690995],[102.386846,16.692026],[102.384782,16.690735],[102.385911,16.688575],[102.384271,16.688481],[102.383477,16.683988],[102.380838,16.683618],[102.381768,16.682002],[102.38062,16.681528],[102.378515,16.683171],[102.379122,16.681882],[102.377257,16.680637],[102.378837,16.678697],[102.380187,16.669486],[102.374064,16.664],[102.374559,16.662605],[102.373923,16.663874],[102.376059,16.65961],[102.376266,16.659198],[102.389091,16.65389],[102.385881,16.651189],[102.383729,16.651549]]]]},"bbox":[102.352239,16.651189,102.40116,16.70068]},{"type":"Feature","id":"78476d3b-f360-4d72-9519-9df4e7260550","properties":{"id":"78476d3b-f360-4d72-9519-9df4e7260550","code":"06401603","provinceCode":"40","nameTh":"องค์การบริหารส่วนตำบล กุดขอนแก่น","nameEn":null,"geometryType":"MUNICIPALITY","sourceUrl":"https://landometer.com/api/v2/citymeter-v3/grocery/info/geom/78476d3b-f360-4d72-9519-9df4e7260550/MUNICIPALITY","sourceSha256":"979397889da2cf2e62e997c7b70544de1eedbfde91f85318564a292b9a57d2b8","retrievedAt":"2026-10-04T05:43:14.640321+00:00","boundaryVintage":null,"geometryStatus":"native_source_polygon_display_simplified","simplificationToleranceDegrees":0.00015,"simplificationPreservesTopology":true,"invalidSourceRepair":"make_valid; retain polygonal components; discard zero-area collapsed lines","legalBoundaryIndependentlyVerified":false,"areaId":"78476d3b-f360-4d72-9519-9df4e7260550"},"geometry":{"type":"Polygon","coordinates":[[[102.545321,16.604069],[102.546252,16.605052],[102.545872,16.604421],[102.545473,16.602709],[102.546107,16.599253],[102.547144,16.59626],[102.549429,16.593161],[102.551594,16.5897],[102.554969,16.579399],[102.557919,16.568314],[102.557758,16.566551],[102.557007,16.564926],[102.554732,16.564457],[102.554341,16.563547],[102.55415,16.561975],[102.553867,16.561621],[102.553287,16.561384],[102.552231,16.561501],[102.551735,16.56131],[102.551298,16.560991],[102.550095,16.559167],[102.548895,16.558562],[102.547283,16.558728],[102.545432,16.559685],[102.54361,16.559774],[102.541699,16.559345],[102.541129,16.558988],[102.539252,16.556559],[102.538833,16.556351],[102.535018,16.556454],[102.53135,16.557057],[102.530479,16.557003],[102.52985,16.5567],[102.529381,16.555956],[102.529194,16.554033],[102.529757,16.553449],[102.531716,16.55314],[102.532353,16.552797],[102.53253,16.552429],[102.532385,16.551781],[102.531624,16.551348],[102.528842,16.551573],[102.527545,16.551096],[102.526748,16.550496],[102.524685,16.549954],[102.524046,16.550537],[102.523904,16.551145],[102.523908,16.55229],[102.524356,16.553256],[102.524207,16.554417],[102.523572,16.554631],[102.522828,16.554327],[102.521508,16.553118],[102.521319,16.552462],[102.521556,16.549553],[102.520671,16.547288],[102.52017,16.544531],[102.520576,16.540792],[102.519914,16.540064],[102.518294,16.53938],[102.517452,16.539352],[102.515434,16.539808],[102.513998,16.53968],[102.512024,16.540234],[102.510783,16.53985],[102.509439,16.538596],[102.508518,16.538714],[102.507165,16.539622],[102.501746,16.544543],[102.500531,16.545193],[102.499475,16.545347],[102.49772,16.544698],[102.496999,16.544191],[102.495178,16.544169],[102.494685,16.543831],[102.493628,16.539873],[102.491645,16.537329],[102.490773,16.537042],[102.489897,16.537443],[102.489234,16.538102],[102.488783,16.540281],[102.488259,16.540896],[102.487567,16.541091],[102.486875,16.540749],[102.485055,16.54163],[102.482029,16.544211],[102.480744,16.544839],[102.478179,16.545364],[102.477148,16.545321],[102.476318,16.543616],[102.474951,16.543557],[102.474325,16.543135],[102.473457,16.544225],[102.472473,16.544513],[102.470735,16.54472],[102.469734,16.54441],[102.468689,16.544399],[102.468249,16.544672],[102.468273,16.54563],[102.467761,16.546241],[102.467958,16.54707],[102.468257,16.54738],[102.468377,16.548622],[102.467877,16.549518],[102.468058,16.551299],[102.467779,16.551508],[102.468013,16.55195],[102.467797,16.552141],[102.468023,16.553203],[102.468925,16.553803],[102.468665,16.554742],[102.468206,16.555305],[102.468317,16.55667],[102.467654,16.557082],[102.467295,16.5589],[102.467762,16.560042],[102.467554,16.56096],[102.466406,16.561966],[102.466307,16.563155],[102.465313,16.563609],[102.464722,16.564343],[102.464354,16.566468],[102.46446,16.56807],[102.463704,16.568082],[102.463504,16.56888],[102.462658,16.569151],[102.462241,16.570519],[102.461804,16.57072],[102.461508,16.571415],[102.46109,16.571549],[102.461009,16.572314],[102.459721,16.57264],[102.458875,16.573461],[102.458576,16.574136],[102.458431,16.575793],[102.458101,16.57655],[102.457009,16.577621],[102.454977,16.583583],[102.45437,16.584722],[102.454356,16.590281],[102.454848,16.592164],[102.454199,16.594623],[102.453471,16.59577],[102.450435,16.597075],[102.44988,16.598867],[102.466429,16.621156],[102.51025,16.608004],[102.516648,16.611729],[102.531574,16.611066],[102.541115,16.608018],[102.545321,16.604069]]]},"bbox":[102.44988,16.537034,102.557931,16.621156]},{"type":"Feature","id":"77ac9597-76fe-4f01-bd82-c89edbc71f0c","properties":{"id":"77ac9597-76fe-4f01-bd82-c89edbc71f0c","code":"06401604","provinceCode":"40","nameTh":"องค์การบริหารส่วนตำบล นาชุมแสง","nameEn":null,"geometryType":"MUNICIPALITY","sourceUrl":"https://landometer.com/api/v2/citymeter-v3/grocery/info/geom/77ac9597-76fe-4f01-bd82-c89edbc71f0c/MUNICIPALITY","sourceSha256":"6114a8e378e27c0d9768d32303f944f7adb516461f9c393e1878a40dc4c87efc","retrievedAt":"2026-10-04T05:43:14.640883+00:00","boundaryVintage":null,"geometryStatus":"native_source_polygon_display_simplified","simplificationToleranceDegrees":0.00015,"simplificationPreservesTopology":true,"invalidSourceRepair":"make_valid; retain polygonal components; discard zero-area collapsed lines","legalBoundaryIndependentlyVerified":false,"areaId":"77ac9597-76fe-4f01-bd82-c89edbc71f0c"},"geometry":{"type":"MultiPolygon","coordinates":[[[[102.282365,16.604364],[102.283264,16.604849],[102.283838,16.605832],[102.284305,16.60747],[102.282828,16.608475],[102.283265,16.609317],[102.283155,16.60956],[102.283498,16.610531],[102.283324,16.611933],[102.282064,16.612174],[102.278304,16.615433],[102.282802,16.617622],[102.286406,16.619749],[102.293155,16.625112],[102.300221,16.629981],[102.304056,16.632155],[102.310391,16.636276],[102.314493,16.639727],[102.3246496623989,16.644191101780592],[102.323826,16.643638],[102.360238,16.619527],[102.385261,16.594835],[102.385273,16.588487],[102.390672,16.58206],[102.390147,16.582125],[102.388569,16.581238],[102.387105,16.581572],[102.38577,16.581343],[102.384302,16.58225],[102.383391,16.582325],[102.379748,16.583756],[102.379209,16.583314],[102.378008,16.583284],[102.377034,16.582146],[102.375822,16.581945],[102.374952,16.58113],[102.373755,16.580648],[102.373612,16.580353],[102.371836,16.580148],[102.370332,16.578783],[102.368666,16.578902],[102.365527,16.577438],[102.364162,16.575263],[102.362899,16.575593],[102.362297,16.575284],[102.360829,16.575444],[102.355662,16.574443],[102.353707,16.574638],[102.350894,16.574424],[102.349712,16.573255],[102.340258,16.572511],[102.338158,16.571089],[102.337617,16.570592],[102.337596,16.570284],[102.334471,16.570041],[102.332794,16.569329],[102.32908,16.570426],[102.327596,16.570614],[102.327302,16.570474],[102.327484,16.566645],[102.324515,16.566542],[102.324441,16.564881],[102.324151,16.564865],[102.323951,16.564001],[102.323551,16.563509],[102.320874,16.564133],[102.316703,16.56435],[102.316669,16.563668],[102.315862,16.563652],[102.315844,16.564049],[102.312689,16.565245],[102.3008,16.567332],[102.301922,16.568897],[102.305924,16.573346],[102.306816,16.574857],[102.307556,16.575615],[102.307935,16.577077],[102.308728,16.57861],[102.312339,16.582324],[102.314686,16.585816],[102.308296,16.59449],[102.307582,16.594572],[102.30675,16.594152],[102.304785,16.595331],[102.303723,16.596846],[102.301243,16.598161],[102.300935,16.598131],[102.300672,16.597693],[102.299772,16.597962],[102.298847,16.597789],[102.294946,16.599583],[102.291264,16.599435],[102.290558,16.599899],[102.289677,16.601009],[102.288959,16.601414],[102.288339,16.600366],[102.287597,16.600404],[102.286666,16.600891],[102.286295,16.601558],[102.28473,16.60205],[102.284384,16.603466],[102.282697,16.604029],[102.282365,16.604364]]],[[[102.325536,16.644596],[102.3246496623989,16.644191101780592],[102.324651,16.644192],[102.325536,16.644596]]]]},"bbox":[102.278304,16.563509,102.390672,16.644596]},{"type":"Feature","id":"d990c8bf-0aba-485e-ba63-e2a28b957cb2","properties":{"id":"d990c8bf-0aba-485e-ba63-e2a28b957cb2","code":"06401605","provinceCode":"40","nameTh":"องค์การบริหารส่วนตำบล นาหว้า","nameEn":null,"geometryType":"MUNICIPALITY","sourceUrl":"https://landometer.com/api/v2/citymeter-v3/grocery/info/geom/d990c8bf-0aba-485e-ba63-e2a28b957cb2/MUNICIPALITY","sourceSha256":"fc022a4b1ef031a33085e95970f87813613c08ed574f00918adb77e994072c77","retrievedAt":"2026-10-04T05:43:14.696088+00:00","boundaryVintage":null,"geometryStatus":"native_source_polygon_display_simplified","simplificationToleranceDegrees":0.00015,"simplificationPreservesTopology":true,"invalidSourceRepair":"make_valid; retain polygonal components; discard zero-area collapsed lines","legalBoundaryIndependentlyVerified":false,"areaId":"d990c8bf-0aba-485e-ba63-e2a28b957cb2"},"geometry":{"type":"MultiPolygon","coordinates":[[[[102.567391,16.656195],[102.56816301103011,16.65765644754186],[102.568165,16.657659],[102.567391,16.656195]]],[[[102.564596,16.778802],[102.580188,16.776708],[102.596783,16.773252],[102.606156,16.771996],[102.606693,16.76183],[102.6082,16.753571],[102.608894,16.740448],[102.608987,16.721607],[102.608713,16.713529],[102.607137,16.706748],[102.605313,16.701564],[102.601149,16.693693],[102.594822,16.685266],[102.591766,16.681722],[102.583118,16.673216],[102.574852,16.666113],[102.569934,16.661009],[102.56816301103011,16.65765644754186],[102.566919,16.65606],[102.566287,16.655687],[102.565642,16.65583],[102.566282,16.657416],[102.565909,16.658018],[102.565299,16.657235],[102.493276,16.655578],[102.487627,16.674647],[102.457493,16.685],[102.461991,16.692288],[102.485488,16.709405],[102.485374,16.713902],[102.488912,16.719795],[102.495903,16.721953],[102.500362,16.719974],[102.511828,16.732381],[102.516938,16.733351],[102.519099,16.732026],[102.524132,16.734021],[102.530053,16.74084],[102.531349,16.747153],[102.5502856832992,16.781191430734616],[102.564596,16.778802]]],[[[102.5502856832992,16.781191430734616],[102.550276,16.781193],[102.550286,16.781192],[102.5502856832992,16.781191430734616]]]]},"bbox":[102.457493,16.655578,102.608999,16.781193]},{"type":"Feature","id":"031611c0-5654-4eda-8fe5-b45ee5e5bf8c","properties":{"id":"031611c0-5654-4eda-8fe5-b45ee5e5bf8c","code":"06401606","provinceCode":"40","nameTh":"องค์การบริหารส่วนตำบล บ้านเรือ","nameEn":null,"geometryType":"MUNICIPALITY","sourceUrl":"https://landometer.com/api/v2/citymeter-v3/grocery/info/geom/031611c0-5654-4eda-8fe5-b45ee5e5bf8c/MUNICIPALITY","sourceSha256":"0a7082cae6f3b2eaf10d125d3d85ad770e4f6266e70889288b3da8237c79f3b4","retrievedAt":"2026-10-04T05:43:14.716261+00:00","boundaryVintage":null,"geometryStatus":"native_source_polygon_display_simplified","simplificationToleranceDegrees":0.00015,"simplificationPreservesTopology":true,"invalidSourceRepair":"make_valid; retain polygonal components; discard zero-area collapsed lines","legalBoundaryIndependentlyVerified":false,"areaId":"031611c0-5654-4eda-8fe5-b45ee5e5bf8c"},"geometry":{"type":"Polygon","coordinates":[[[102.407392,16.710551],[102.408054,16.708678],[102.412317,16.708465],[102.421372,16.711271],[102.424087,16.70977],[102.426588,16.711153],[102.426485,16.708902],[102.427801,16.708463],[102.429762,16.710858],[102.431637,16.707788],[102.429232,16.703484],[102.426061,16.703054],[102.423202,16.698842],[102.422159,16.699332],[102.421552,16.694655],[102.418317,16.693855],[102.416588,16.689309],[102.414343,16.688454],[102.413928,16.682784],[102.412002,16.68193],[102.409499,16.674935],[102.403123,16.671416],[102.40147,16.66456],[102.395944,16.66163],[102.390966,16.653641],[102.38884,16.653994],[102.378201,16.658397],[102.376059,16.65961],[102.374064,16.664],[102.380187,16.669486],[102.378837,16.678697],[102.377257,16.680637],[102.379122,16.681882],[102.378515,16.683171],[102.38062,16.681528],[102.381768,16.682002],[102.380838,16.683618],[102.383477,16.683988],[102.384271,16.688481],[102.385911,16.688575],[102.384782,16.690735],[102.386846,16.692026],[102.388709,16.690995],[102.391515,16.694525],[102.397853,16.693423],[102.398205,16.697576],[102.40116,16.698973],[102.381339,16.70068],[102.376134,16.698681],[102.361145,16.699513],[102.363192,16.708698],[102.363681,16.715328],[102.363132,16.724627],[102.360676,16.733485],[102.368702,16.734441],[102.380246,16.734861],[102.379515,16.734549],[102.379236,16.733838],[102.380237,16.733857],[102.380066,16.728603],[102.383328,16.718656],[102.387702,16.712052],[102.394156,16.708521],[102.403876,16.707567],[102.407392,16.710551]]]},"bbox":[102.360676,16.653641,102.431637,16.734876]},{"type":"Feature","id":"d37538f1-15d2-4512-b97e-30e84bad780e","properties":{"id":"d37538f1-15d2-4512-b97e-30e84bad780e","code":"06401607","provinceCode":"40","nameTh":"องค์การบริหารส่วนตำบล สงเปือย","nameEn":null,"geometryType":"MUNICIPALITY","sourceUrl":"https://landometer.com/api/v2/citymeter-v3/grocery/info/geom/d37538f1-15d2-4512-b97e-30e84bad780e/MUNICIPALITY","sourceSha256":"47894fc8506e28659f121ee28ac5640277f8474f9c646764017b68704bb10b77","retrievedAt":"2026-10-04T05:43:14.712316+00:00","boundaryVintage":null,"geometryStatus":"native_source_polygon_display_simplified","simplificationToleranceDegrees":0.00015,"simplificationPreservesTopology":true,"invalidSourceRepair":"make_valid; retain polygonal components; discard zero-area collapsed lines","legalBoundaryIndependentlyVerified":false,"areaId":"d37538f1-15d2-4512-b97e-30e84bad780e"},"geometry":{"type":"MultiPolygon","coordinates":[[[[102.396749,16.579099],[102.396769,16.579762],[102.396313,16.579908],[102.396333,16.58082],[102.395588,16.581474],[102.394787,16.581219],[102.394021,16.581408],[102.39216,16.581315],[102.390275,16.581988],[102.390672,16.58206],[102.385273,16.588487],[102.385261,16.594835],[102.360238,16.619527],[102.323826,16.643638],[102.328452,16.64614],[102.332571,16.649146],[102.33843,16.654116],[102.343333,16.658766],[102.344724,16.660122],[102.347276,16.663371],[102.348188,16.664931],[102.349138,16.667517],[102.350028,16.668802],[102.351023,16.671952],[102.351745,16.678347],[102.351889,16.680752],[102.35165,16.681241],[102.352401,16.681646],[102.35404885954628,16.683536238625596],[102.352239,16.680741],[102.358339,16.668129],[102.361708,16.66543],[102.362075,16.661556],[102.367833,16.653816],[102.37929,16.645136],[102.379577,16.645551],[102.38034,16.645204],[102.380355,16.644099],[102.385036,16.64197],[102.415847,16.598236],[102.417085,16.595099],[102.415974,16.59281],[102.416362,16.592724],[102.416391,16.592344],[102.41565,16.590792],[102.415542,16.589237],[102.415209,16.58876],[102.414442,16.588394],[102.414479,16.587889],[102.413936,16.587004],[102.41326,16.58633],[102.413037,16.586435],[102.413043,16.585969],[102.412277,16.585251],[102.412329,16.584537],[102.412605,16.584415],[102.412441,16.583752],[102.412616,16.583388],[102.412344,16.582195],[102.411291,16.580426],[102.411386,16.580144],[102.410891,16.579978],[102.409368,16.580957],[102.409833,16.581601],[102.408957,16.582288],[102.407882,16.582162],[102.406598,16.582541],[102.405862,16.582276],[102.405302,16.581457],[102.40478,16.581232],[102.402038,16.581391],[102.400776,16.580913],[102.399934,16.580204],[102.399794,16.579776],[102.397663,16.57832],[102.397415,16.578322],[102.396749,16.579099]]],[[[102.323579,16.643702],[102.32465043433284,16.644191620145932],[102.3246496623989,16.644191101780592],[102.323579,16.643702]]],[[[102.324651,16.644192],[102.32490426596338,16.64430761519684],[102.32465043433284,16.644191620145932],[102.324651,16.644192]]],[[[102.367833,16.653816],[102.368443,16.654459],[102.367914,16.653902],[102.369201,16.655258],[102.367833,16.653816]]],[[[102.354967,16.684757],[102.35404885954628,16.683536238625596],[102.35405,16.683538],[102.354967,16.684757]]]]},"bbox":[102.323579,16.57832,102.417085,16.684757]},{"type":"Feature","id":"513a045b-de82-444a-8c9c-744591a41fd4","properties":{"id":"513a045b-de82-444a-8c9c-744591a41fd4","code":"06401608","provinceCode":"40","nameTh":"องค์การบริหารส่วนตำบล หนองกุงเซิน","nameEn":null,"geometryType":"MUNICIPALITY","sourceUrl":"https://landometer.com/api/v2/citymeter-v3/grocery/info/geom/513a045b-de82-444a-8c9c-744591a41fd4/MUNICIPALITY","sourceSha256":"1ad074b402f6ffaaa1d5f7700e62397ef843d059d85666202d2d05e58f2b25b0","retrievedAt":"2026-10-04T05:43:14.719422+00:00","boundaryVintage":null,"geometryStatus":"native_source_polygon_display_simplified","simplificationToleranceDegrees":0.00015,"simplificationPreservesTopology":true,"invalidSourceRepair":"make_valid; retain polygonal components; discard zero-area collapsed lines","legalBoundaryIndependentlyVerified":false,"areaId":"513a045b-de82-444a-8c9c-744591a41fd4"},"geometry":{"type":"MultiPolygon","coordinates":[[[[102.558567,16.62519],[102.558627,16.625444],[102.558522,16.624998],[102.558567,16.62519]]],[[[102.545321,16.604069],[102.541115,16.608018],[102.531574,16.611066],[102.516648,16.611729],[102.51025,16.608004],[102.466429,16.621156],[102.477228,16.642545],[102.480911,16.655293],[102.565299,16.657235],[102.565909,16.658018],[102.566282,16.657416],[102.565642,16.65583],[102.566287,16.655687],[102.566919,16.65606],[102.56816301400895,16.65765645318092],[102.566217,16.654079],[102.562525,16.642613],[102.561608,16.63785],[102.560216,16.632171],[102.558567,16.62519],[102.558183,16.623562],[102.556837,16.620632],[102.554453,16.616699],[102.549606,16.610445],[102.546252,16.605052],[102.545321,16.604069]]],[[[102.56816301400895,16.65765645318092],[102.569934,16.661009],[102.568165,16.657659],[102.56816301400895,16.65765645318092]]]]},"bbox":[102.466429,16.604069,102.569934,16.661009]},{"type":"Feature","id":"0adeb26c-e5fd-4431-9b6b-3b9a7c8c4f95","properties":{"id":"0adeb26c-e5fd-4431-9b6b-3b9a7c8c4f95","code":"06401609","provinceCode":"40","nameTh":"องค์การบริหารส่วนตำบล ดินดำ","nameEn":null,"geometryType":"MUNICIPALITY","sourceUrl":"https://landometer.com/api/v2/citymeter-v3/grocery/info/geom/0adeb26c-e5fd-4431-9b6b-3b9a7c8c4f95/MUNICIPALITY","sourceSha256":"3e4c1d340fc94c0afcb0b7cefad7089f45f7d8c9fe17f2a790387f6d95d4a69e","retrievedAt":"2026-10-04T05:43:14.729828+00:00","boundaryVintage":null,"geometryStatus":"native_source_polygon_display_simplified","simplificationToleranceDegrees":0.00015,"simplificationPreservesTopology":true,"invalidSourceRepair":"make_valid; retain polygonal components; discard zero-area collapsed lines","legalBoundaryIndependentlyVerified":false,"areaId":"0adeb26c-e5fd-4431-9b6b-3b9a7c8c4f95"},"geometry":{"type":"MultiPolygon","coordinates":[[[[102.43335,16.713347],[102.4305483631382,16.712826067521412],[102.430851,16.71087],[102.430111,16.710286],[102.429762,16.710858],[102.427801,16.708463],[102.426485,16.708902],[102.426588,16.711153],[102.424087,16.70977],[102.421372,16.711271],[102.412317,16.708465],[102.408054,16.708678],[102.407392,16.710551],[102.403876,16.707567],[102.394156,16.708521],[102.387702,16.712052],[102.383328,16.718656],[102.380066,16.728603],[102.380237,16.733857],[102.379238,16.73389],[102.379515,16.734549],[102.380162,16.734854],[102.381978,16.734415],[102.383688,16.734356],[102.387817,16.735401],[102.390065,16.735596],[102.394867,16.735288],[102.398215,16.735979],[102.401652,16.735973],[102.403017,16.736696],[102.403605,16.737815],[102.40424,16.738403],[102.40533,16.738764],[102.406099,16.740085],[102.406628,16.743448],[102.407733,16.743864],[102.409077,16.743965],[102.409485,16.744709],[102.409864,16.744799],[102.410436,16.744709],[102.411338,16.744086],[102.412938,16.743988],[102.414105,16.744395],[102.414008,16.744903],[102.414679,16.74535],[102.415014,16.744292],[102.415592,16.7446],[102.416036,16.74455],[102.416754,16.743931],[102.417654,16.744187],[102.418431,16.743671],[102.419575,16.744725],[102.419954,16.744656],[102.420515,16.744959],[102.420699,16.745485],[102.42129,16.745834],[102.421862,16.745837],[102.422081,16.746352],[102.423086,16.746243],[102.423032,16.747362],[102.422692,16.747677],[102.422979,16.749273],[102.422787,16.750938],[102.422321,16.750888],[102.422063,16.75129],[102.422834,16.751888],[102.4227,16.752705],[102.422139,16.753059],[102.422706,16.753513],[102.422534,16.754427],[102.423154,16.755462],[102.421994,16.75591],[102.422589,16.756567],[102.422597,16.757262],[102.423371,16.757544],[102.423567,16.758002],[102.423302,16.758447],[102.42346,16.759484],[102.423203,16.759735],[102.423227,16.760099],[102.423515,16.760258],[102.42313,16.761182],[102.423265,16.761639],[102.422616,16.761903],[102.423513,16.767187],[102.424545,16.768594],[102.425182,16.770409],[102.42522,16.773646],[102.425598,16.775926],[102.427128,16.781076],[102.428098,16.782153],[102.429197,16.78272],[102.434493,16.783519],[102.43618,16.784556],[102.437266,16.785727],[102.438575,16.787835],[102.438596,16.788653],[102.437597,16.791884],[102.437518,16.792845],[102.437789,16.793709],[102.438776,16.794901],[102.439679,16.794985],[102.441362,16.794584],[102.442883,16.793773],[102.443537,16.792879],[102.445058,16.789726],[102.445457,16.789335],[102.446482,16.789071],[102.447535,16.789016],[102.449308,16.789591],[102.450004,16.790148],[102.45249129999472,16.793565798014914],[102.453547,16.792855],[102.44782,16.751494],[102.448733,16.749747],[102.447001,16.746203],[102.443424,16.743736],[102.443207,16.741173],[102.442445,16.740351],[102.445794,16.738958],[102.440985,16.725238],[102.438699,16.72443],[102.437427,16.725785],[102.435886,16.723069],[102.433336,16.722801],[102.434467,16.71949],[102.433127,16.718166],[102.43335,16.713347]],[[102.430482,16.713255],[102.430548,16.712826],[102.4305483631382,16.712826067521412],[102.430482,16.713255]]],[[[102.45328,16.795266],[102.45249129999472,16.793565798014914],[102.452491,16.793566],[102.45328,16.795266]]]]},"bbox":[102.379236,16.707567,102.453547,16.795266]},{"type":"Feature","id":"bf037c3b-a900-46ab-8e48-e4d9e7697bb6","properties":{"id":"bf037c3b-a900-46ab-8e48-e4d9e7697bb6","code":"06401610","provinceCode":"40","nameTh":"องค์การบริหารส่วนตำบล ทุ่งชมพู","nameEn":null,"geometryType":"MUNICIPALITY","sourceUrl":"https://landometer.com/api/v2/citymeter-v3/grocery/info/geom/bf037c3b-a900-46ab-8e48-e4d9e7697bb6/MUNICIPALITY","sourceSha256":"5c75e69374df5aa03c22bd9e984ce5746b83dd0dfd1c8ef87d836ffc33969f1b","retrievedAt":"2026-10-04T05:43:14.728837+00:00","boundaryVintage":null,"geometryStatus":"native_source_polygon_display_simplified","simplificationToleranceDegrees":0.00015,"simplificationPreservesTopology":true,"invalidSourceRepair":"make_valid; retain polygonal components; discard zero-area collapsed lines","legalBoundaryIndependentlyVerified":false,"areaId":"bf037c3b-a900-46ab-8e48-e4d9e7697bb6"},"geometry":{"type":"Polygon","coordinates":[[[102.543095,16.782861],[102.550286,16.781192],[102.531349,16.747153],[102.530053,16.74084],[102.524132,16.734021],[102.519099,16.732026],[102.516938,16.733351],[102.511828,16.732381],[102.500362,16.719974],[102.495903,16.721953],[102.488912,16.719795],[102.485374,16.713902],[102.485488,16.709405],[102.461991,16.692288],[102.457493,16.685],[102.444321,16.691837],[102.489276,16.751758],[102.493961,16.760203],[102.493637,16.76316],[102.492094,16.76217],[102.482986,16.764237],[102.482379,16.771679],[102.473282,16.773648],[102.463996,16.78247],[102.468562,16.793052],[102.469855,16.801101],[102.471986,16.800071],[102.474745,16.799536],[102.478478,16.799866],[102.489441,16.803311],[102.492963,16.803968],[102.496471,16.803875],[102.502789,16.801947],[102.507808,16.799284],[102.514176,16.795358],[102.536235,16.785301],[102.543095,16.782861]]]},"bbox":[102.444321,16.685,102.550286,16.804033]},{"type":"Feature","id":"aa0fcfee-7abb-43b3-89d0-2d772edb519c","properties":{"id":"aa0fcfee-7abb-43b3-89d0-2d772edb519c","code":"06401611","provinceCode":"40","nameTh":"องค์การบริหารส่วนตำบล หนองกุงธนสาร","nameEn":null,"geometryType":"MUNICIPALITY","sourceUrl":"https://landometer.com/api/v2/citymeter-v3/grocery/info/geom/aa0fcfee-7abb-43b3-89d0-2d772edb519c/MUNICIPALITY","sourceSha256":"a3d31da1ca712c320140de48d20a4ee2a18bfcccdbaef9a8fa61542012fba458","retrievedAt":"2026-10-04T05:43:14.724232+00:00","boundaryVintage":null,"geometryStatus":"native_source_polygon_display_simplified","simplificationToleranceDegrees":0.00015,"simplificationPreservesTopology":true,"invalidSourceRepair":"make_valid; retain polygonal components; discard zero-area collapsed lines","legalBoundaryIndependentlyVerified":false,"areaId":"aa0fcfee-7abb-43b3-89d0-2d772edb519c"},"geometry":{"type":"Polygon","coordinates":[[[102.395944,16.66163],[102.40147,16.66456],[102.403123,16.671416],[102.409499,16.674935],[102.412002,16.68193],[102.413928,16.682784],[102.414343,16.688454],[102.416588,16.689309],[102.418317,16.693855],[102.421552,16.694655],[102.422159,16.699332],[102.423202,16.698842],[102.426061,16.703054],[102.429232,16.703484],[102.429338,16.703674],[102.429163,16.703104],[102.43278,16.698961],[102.437698,16.697929],[102.444321,16.691837],[102.457493,16.685],[102.487627,16.674647],[102.493276,16.655578],[102.480911,16.655293],[102.477228,16.642545],[102.466429,16.621156],[102.44988,16.598867],[102.450512,16.59705],[102.446432,16.599935],[102.445708,16.600672],[102.443524,16.600662],[102.442447,16.599937],[102.441346,16.600284],[102.440483,16.600013],[102.43965,16.600443],[102.439468,16.600871],[102.438053,16.60088],[102.437624,16.601556],[102.436401,16.601753],[102.436143,16.602385],[102.434916,16.603548],[102.433804,16.603379],[102.431781,16.60242],[102.430601,16.60252],[102.428715,16.603298],[102.426265,16.603918],[102.425752,16.604528],[102.424146,16.60539],[102.422377,16.602086],[102.420947,16.599986],[102.4201,16.59759],[102.418764,16.595079],[102.418195,16.594374],[102.416479,16.593509],[102.416374,16.592575],[102.415974,16.59281],[102.417085,16.595099],[102.415847,16.598236],[102.385036,16.64197],[102.380355,16.644099],[102.380222,16.644436],[102.380376,16.645436],[102.382573,16.648133],[102.381795,16.648759],[102.383729,16.651549],[102.385881,16.651189],[102.389091,16.65389],[102.38884,16.653994],[102.390966,16.653641],[102.395944,16.66163]]]},"bbox":[102.380222,16.592575,102.493276,16.703674]},{"type":"Feature","id":"d1a45d03-dd43-4c02-be85-3ea82fe0e5b8","properties":{"id":"d1a45d03-dd43-4c02-be85-3ea82fe0e5b8","code":"06401612","provinceCode":"40","nameTh":"องค์การบริหารส่วนตำบล หว้าทอง","nameEn":null,"geometryType":"MUNICIPALITY","sourceUrl":"https://landometer.com/api/v2/citymeter-v3/grocery/info/geom/d1a45d03-dd43-4c02-be85-3ea82fe0e5b8/MUNICIPALITY","sourceSha256":"32023bdc098b226bc4c18b7e6cdcf98820f138ff3c0d8cc5567e43b2ba7051c4","retrievedAt":"2026-10-04T05:43:14.728649+00:00","boundaryVintage":null,"geometryStatus":"native_source_polygon_display_simplified","simplificationToleranceDegrees":0.00015,"simplificationPreservesTopology":true,"invalidSourceRepair":"make_valid; retain polygonal components; discard zero-area collapsed lines","legalBoundaryIndependentlyVerified":false,"areaId":"d1a45d03-dd43-4c02-be85-3ea82fe0e5b8"},"geometry":{"type":"MultiPolygon","coordinates":[[[[102.453547,16.792855],[102.45249129999472,16.793565798014914],[102.45328,16.795266],[102.453883,16.798129],[102.454442,16.803924],[102.455087,16.806863],[102.455864,16.807626],[102.457522,16.808435],[102.459365,16.808542],[102.460478,16.80824],[102.462663,16.806577],[102.464753,16.804521],[102.469855,16.801101],[102.468562,16.793052],[102.463996,16.78247],[102.473282,16.773648],[102.482379,16.771679],[102.482986,16.764237],[102.492094,16.76217],[102.493637,16.76316],[102.493961,16.760203],[102.489276,16.751758],[102.444321,16.691837],[102.437698,16.697929],[102.43278,16.698961],[102.429163,16.703104],[102.431637,16.707788],[102.430111,16.710286],[102.430851,16.71087],[102.430548,16.712826],[102.43335,16.713347],[102.433127,16.718166],[102.434467,16.71949],[102.433336,16.722801],[102.435886,16.723069],[102.437427,16.725785],[102.438699,16.72443],[102.440985,16.725238],[102.445794,16.738958],[102.442445,16.740351],[102.443207,16.741173],[102.443424,16.743736],[102.447001,16.746203],[102.448733,16.749747],[102.44782,16.751494],[102.453547,16.792855]]],[[[102.452368,16.7933],[102.45246565663672,16.793510518583094],[102.452454,16.793485],[102.452368,16.7933]]],[[[102.45249129999472,16.793565798014914],[102.45246565663672,16.793510518583094],[102.452491,16.793566],[102.45249129999472,16.793565798014914]]]]},"bbox":[102.429163,16.691837,102.493961,16.808556]},{"type":"Feature","id":"7e00109d-26d8-4f07-bbf0-cc0d625192bf","properties":{"id":"7e00109d-26d8-4f07-bbf0-cc0d625192bf","code":"06401703","provinceCode":"40","nameTh":"องค์การบริหารส่วนตำบล กุดเค้า","nameEn":null,"geometryType":"MUNICIPALITY","sourceUrl":"https://landometer.com/api/v2/citymeter-v3/grocery/info/geom/7e00109d-26d8-4f07-bbf0-cc0d625192bf/MUNICIPALITY","sourceSha256":"7558a1ea0bc090ce4c62873e0fb382fd864ca9e206e235bcf94a6a60cdf19cc2","retrievedAt":"2026-10-04T05:43:14.784984+00:00","boundaryVintage":null,"geometryStatus":"native_source_polygon_display_simplified","simplificationToleranceDegrees":0.00015,"simplificationPreservesTopology":true,"invalidSourceRepair":"make_valid; retain polygonal components; discard zero-area collapsed lines","legalBoundaryIndependentlyVerified":false,"areaId":"7e00109d-26d8-4f07-bbf0-cc0d625192bf"},"geometry":{"type":"Polygon","coordinates":[[[102.545584,16.078184],[102.548541,16.077438],[102.5493,16.077043],[102.549476,16.076537],[102.548855,16.075694],[102.546346,16.073979],[102.543442,16.073536],[102.54067,16.07255],[102.538059,16.074617],[102.534967,16.075881],[102.532127,16.077967],[102.530858,16.079063],[102.529659,16.081229],[102.527916,16.082812],[102.524818,16.084],[102.52298,16.085357],[102.520992,16.086226],[102.516537,16.08742],[102.514659,16.087609],[102.513652,16.087103],[102.51309,16.08543],[102.512902,16.083729],[102.513453,16.078954],[102.513373,16.077559],[102.512842,16.077083],[102.511961,16.076816],[102.509794,16.077012],[102.504816,16.076489],[102.499625,16.077146],[102.499071,16.077624],[102.498265,16.081291],[102.499549,16.082208],[102.502908,16.082956],[102.503411,16.083304],[102.503797,16.08391],[102.504013,16.084976],[102.5032,16.086443],[102.500354,16.087867],[102.498879,16.087866],[102.498343,16.087063],[102.497088,16.086198],[102.495737,16.084807],[102.493862,16.0807],[102.492891,16.079243],[102.491869,16.079608],[102.491323,16.079909],[102.490769,16.080735],[102.490852,16.081785],[102.49008,16.082238],[102.489315,16.082137],[102.488769,16.082408],[102.48834,16.083216],[102.48858,16.08401],[102.488025,16.084393],[102.487534,16.084201],[102.487115,16.084317],[102.487439,16.08461],[102.487149,16.084842],[102.487449,16.085489],[102.487022,16.085737],[102.487,16.086084],[102.48675,16.086059],[102.486778,16.087313],[102.486268,16.087502],[102.486466,16.088079],[102.486167,16.088272],[102.485942,16.087837],[102.485785,16.088575],[102.485494,16.088215],[102.48467,16.088398],[102.484567,16.088608],[102.484268,16.088317],[102.484056,16.08866],[102.483651,16.08852],[102.483208,16.08902],[102.482963,16.088727],[102.482643,16.089143],[102.483089,16.089205],[102.483166,16.089456],[102.482073,16.089636],[102.482265,16.089918],[102.481658,16.090615],[102.481969,16.091089],[102.481436,16.090876],[102.481421,16.091466],[102.480905,16.091664],[102.48125,16.092326],[102.480855,16.092525],[102.480894,16.093424],[102.479965,16.093573],[102.480375,16.094636],[102.480002,16.094818],[102.479995,16.095131],[102.479569,16.095222],[102.47965,16.095463],[102.479124,16.096295],[102.478711,16.096271],[102.478528,16.096701],[102.47803,16.096761],[102.477561,16.097477],[102.474671,16.098266],[102.472726,16.098014],[102.47074,16.098424],[102.468082,16.10019],[102.46452,16.101191],[102.464866,16.103527],[102.463936,16.107403],[102.463983,16.113177],[102.464496,16.114116],[102.465764,16.115074],[102.468637,16.11323],[102.474132,16.117558],[102.473779,16.126332],[102.476128,16.130181],[102.477367,16.137991],[102.481053,16.139045],[102.484395,16.14255],[102.493069,16.145242],[102.498565,16.151287],[102.504014,16.150787],[102.507024,16.147908],[102.510463,16.147753],[102.511923,16.154775],[102.51603,16.159415],[102.520932,16.161818],[102.521458,16.145251],[102.528574,16.14465],[102.52281,16.137782],[102.52858,16.128635],[102.529558,16.127409],[102.534839,16.123657],[102.535716,16.123896],[102.541533,16.120033],[102.545126,16.126013],[102.543713,16.130539],[102.543998,16.129629],[102.572142,16.107335],[102.570383,16.102756],[102.569513,16.098464],[102.56987,16.097199],[102.571507,16.095646],[102.572087,16.094785],[102.572756,16.091367],[102.573444,16.090948],[102.574492,16.091124],[102.576728,16.092352],[102.578675,16.094302],[102.57942,16.094586],[102.579955,16.094185],[102.579687,16.093392],[102.579763,16.091849],[102.580006,16.091309],[102.581318,16.090696],[102.582424,16.08958],[102.582068,16.088242],[102.581268,16.087845],[102.580616,16.088077],[102.580098,16.088947],[102.579018,16.08917],[102.577641,16.088838],[102.576297,16.087786],[102.574959,16.087722],[102.570119,16.089882],[102.568667,16.090076],[102.560467,16.08865],[102.556876,16.088767],[102.555202,16.088534],[102.553217,16.087934],[102.54937,16.08619],[102.545932,16.084244],[102.544994,16.084144],[102.543201,16.084427],[102.542242,16.084159],[102.541713,16.083728],[102.54192,16.082565],[102.541394,16.081783],[102.540512,16.081422],[102.538642,16.08132],[102.537985,16.080921],[102.538007,16.08044],[102.538615,16.0798],[102.541757,16.078072],[102.545584,16.078184]]]},"bbox":[102.463893,16.072528,102.582462,16.161818]},{"type":"Feature","id":"81008a84-b525-4575-af21-63834109a753","properties":{"id":"81008a84-b525-4575-af21-63834109a753","code":"06401704","provinceCode":"40","nameTh":"องค์การบริหารส่วนตำบล คำแคน","nameEn":null,"geometryType":"MUNICIPALITY","sourceUrl":"https://landometer.com/api/v2/citymeter-v3/grocery/info/geom/81008a84-b525-4575-af21-63834109a753/MUNICIPALITY","sourceSha256":"419f52b3fcb8ec867413e8100ae77b983c4ea33702ccfbadfe562690b1c4f896","retrievedAt":"2026-10-04T05:43:14.784784+00:00","boundaryVintage":null,"geometryStatus":"native_source_polygon_display_simplified","simplificationToleranceDegrees":0.00015,"simplificationPreservesTopology":true,"invalidSourceRepair":"make_valid; retain polygonal components; discard zero-area collapsed lines","legalBoundaryIndependentlyVerified":false,"areaId":"81008a84-b525-4575-af21-63834109a753"},"geometry":{"type":"Polygon","coordinates":[[[102.443948,16.346081],[102.445843,16.353089],[102.446666,16.358155],[102.446563,16.363697],[102.445995,16.369007],[102.446136,16.373163],[102.446966,16.378671],[102.447775,16.380544],[102.449732,16.382968],[102.453849,16.386774],[102.458868,16.394688],[102.462882,16.391339],[102.467119,16.38826],[102.469763,16.38677],[102.472064,16.386901],[102.476805,16.388464],[102.477749,16.388301],[102.477898,16.387971],[102.477424,16.385363],[102.477534,16.38388],[102.478238,16.381853],[102.479075,16.380481],[102.480409,16.379028],[102.481397,16.377818],[102.484579,16.376666],[102.487925,16.373379],[102.4898,16.370835],[102.492834,16.364698],[102.494692,16.362535],[102.499626,16.359385],[102.504144,16.357995],[102.505344,16.357798],[102.508862,16.357839],[102.511869,16.355309],[102.517585,16.354683],[102.522323,16.355045],[102.52155,16.35387],[102.521416,16.353103],[102.522687,16.349399],[102.523328,16.348217],[102.525777,16.345063],[102.530027,16.338026],[102.529912,16.337169],[102.531377,16.336055],[102.53132,16.331025],[102.53214,16.32858],[102.53213,16.32684],[102.531776,16.325921],[102.529267,16.322986],[102.528944,16.322163],[102.528397,16.320488],[102.527409,16.313602],[102.526477,16.312128],[102.526853,16.311886],[102.528488,16.311707],[102.531222,16.311853],[102.531915,16.310554],[102.525098,16.306846],[102.523238,16.303345],[102.520111,16.301865],[102.524872,16.29721],[102.516713,16.291304],[102.512568,16.278644],[102.504822,16.263635],[102.504534,16.239813],[102.503872,16.239525],[102.50383,16.240518],[102.497226,16.245825],[102.487017,16.247909],[102.479103,16.25568],[102.462255,16.267754],[102.435366,16.26798],[102.434689,16.274571],[102.430456,16.275683],[102.417585,16.287281],[102.417733,16.288154],[102.417339,16.288248],[102.417056,16.291934],[102.418787,16.296385],[102.419291,16.298508],[102.419336,16.30032],[102.421615,16.304458],[102.422313,16.306198],[102.422659,16.308448],[102.423347,16.309588],[102.425228,16.311625],[102.426045,16.313027],[102.42774,16.317931],[102.43001,16.322248],[102.432391,16.324576],[102.43729,16.327804],[102.437275,16.329225],[102.43591,16.332054],[102.435872,16.335097],[102.437514,16.337375],[102.442401,16.342446],[102.443948,16.346081]],[[102.480104,16.37936],[102.48025,16.379201],[102.48021439285687,16.37923978571458],[102.480104,16.37936]]]},"bbox":[102.417029,16.23952,102.532203,16.394688]},{"type":"Feature","id":"ff6c5c4d-9b91-44f3-9f78-4ab18b264699","properties":{"id":"ff6c5c4d-9b91-44f3-9f78-4ab18b264699","code":"06401705","provinceCode":"40","nameTh":"องค์การบริหารส่วนตำบล ท่าศาลา","nameEn":null,"geometryType":"MUNICIPALITY","sourceUrl":"https://landometer.com/api/v2/citymeter-v3/grocery/info/geom/ff6c5c4d-9b91-44f3-9f78-4ab18b264699/MUNICIPALITY","sourceSha256":"23ee5d174d920dd1c7138a326d4a8ac73928a60ad30c407795ef1a206a7f1f21","retrievedAt":"2026-10-04T05:43:14.818541+00:00","boundaryVintage":null,"geometryStatus":"native_source_polygon_display_simplified","simplificationToleranceDegrees":0.00015,"simplificationPreservesTopology":true,"invalidSourceRepair":"make_valid; retain polygonal components; discard zero-area collapsed lines","legalBoundaryIndependentlyVerified":false,"areaId":"ff6c5c4d-9b91-44f3-9f78-4ab18b264699"},"geometry":{"type":"Polygon","coordinates":[[[102.680563,16.247426],[102.682444,16.246195],[102.683645,16.246004],[102.683616,16.245555],[102.683838,16.245345],[102.685556,16.245125],[102.686016,16.245586],[102.68635,16.244874],[102.686968,16.245212],[102.687093,16.244917],[102.686798,16.244247],[102.686375,16.244196],[102.686211,16.24361],[102.686143,16.242108],[102.686516,16.240627],[102.686772,16.24014],[102.688281,16.238983],[102.689351,16.235581],[102.690764,16.233254],[102.69288,16.230572],[102.693748,16.22861],[102.693719,16.228181],[102.692172,16.227797],[102.689729,16.229128],[102.68823,16.229123],[102.687516,16.228351],[102.686892,16.227036],[102.686366,16.225422],[102.686229,16.223264],[102.685674,16.222933],[102.683958,16.224919],[102.683024,16.225323],[102.682497,16.22585],[102.682393,16.22892],[102.681689,16.23094],[102.680452,16.23126],[102.680778,16.232874],[102.680351,16.233964],[102.678375,16.235473],[102.676746,16.235985],[102.676152,16.23596],[102.675841,16.235391],[102.676468,16.23456],[102.678428,16.233801],[102.678547,16.233522],[102.678181,16.232363],[102.676667,16.230001],[102.675899,16.229819],[102.67537,16.23026],[102.676703,16.231484],[102.676756,16.232062],[102.67494,16.232879],[102.674429,16.232623],[102.673794,16.231778],[102.673401,16.230037],[102.672841,16.229468],[102.669228,16.229045],[102.667184,16.229223],[102.666167,16.228637],[102.666273,16.2281],[102.66897,16.224859],[102.670995,16.223608],[102.671005,16.222049],[102.672365,16.218908],[102.672301,16.218462],[102.671336,16.217713],[102.670102,16.215992],[102.669216,16.215812],[102.668379,16.216497],[102.667963,16.217818],[102.667427,16.217828],[102.667061,16.217401],[102.641522,16.23509],[102.625817,16.240205],[102.620435,16.247185],[102.594484,16.262649],[102.587744,16.27068],[102.571721,16.28043],[102.561079,16.285059],[102.532431,16.292872],[102.526268,16.295896],[102.520111,16.301865],[102.523238,16.303345],[102.525098,16.306846],[102.531915,16.310554],[102.531222,16.311853],[102.531937,16.31179],[102.532724,16.311243],[102.535904,16.307597],[102.537984,16.306329],[102.539891,16.305711],[102.545507,16.304566],[102.547499,16.305009],[102.548258,16.305448],[102.548738,16.306396],[102.548867,16.307469],[102.549553,16.308137],[102.551533,16.308137],[102.551887,16.308947],[102.552343,16.309183],[102.554728,16.308894],[102.55589,16.309235],[102.557122,16.309005],[102.559023,16.309187],[102.559666,16.310213],[102.560458,16.309894],[102.561547,16.311311],[102.562634,16.311031],[102.562938,16.311661],[102.563582,16.312091],[102.563231,16.312519],[102.563504,16.312901],[102.565064,16.313372],[102.565606,16.314354],[102.565524,16.315125],[102.566109,16.315361],[102.566446,16.316008],[102.566651,16.315845],[102.566936,16.316161],[102.569073,16.316401],[102.569888,16.316141],[102.57047,16.315425],[102.571405,16.315931],[102.571456,16.315069],[102.571854,16.314867],[102.572162,16.314142],[102.572585,16.313972],[102.573255,16.313096],[102.574512,16.313065],[102.574865,16.312212],[102.575296,16.312453],[102.575887,16.312054],[102.575823,16.311411],[102.576417,16.311859],[102.577379,16.31135],[102.576992,16.31083],[102.577109,16.310497],[102.57786,16.310353],[102.578523,16.310772],[102.5785,16.310434],[102.579413,16.310157],[102.579359,16.309806],[102.579938,16.309611],[102.579952,16.309242],[102.580812,16.309132],[102.580834,16.308169],[102.581377,16.308175],[102.5819,16.307125],[102.581797,16.306596],[102.582926,16.306273],[102.583802,16.306316],[102.583575,16.304947],[102.583836,16.304875],[102.584046,16.304142],[102.584489,16.303709],[102.584054,16.30363],[102.583598,16.302953],[102.58379,16.302831],[102.584047,16.303037],[102.584739,16.302026],[102.584424,16.301674],[102.584013,16.301617],[102.584072,16.30121],[102.584685,16.301401],[102.584792,16.30086],[102.585221,16.301074],[102.585418,16.300752],[102.586255,16.300398],[102.586763,16.300448],[102.586753,16.299739],[102.588172,16.299031],[102.588395,16.298695],[102.588264,16.298244],[102.589487,16.295731],[102.590636,16.295152],[102.591763,16.295837],[102.592216,16.294974],[102.592766,16.29485],[102.593435,16.294106],[102.59332,16.293769],[102.592994,16.293818],[102.592844,16.293302],[102.59299,16.292847],[102.5934,16.292545],[102.593174,16.291994],[102.593396,16.291729],[102.59304,16.290973],[102.593681,16.290707],[102.593948,16.290301],[102.594336,16.290607],[102.594656,16.290494],[102.594705,16.290148],[102.595312,16.289978],[102.595363,16.289504],[102.59645,16.289247],[102.596622,16.288615],[102.596903,16.288516],[102.597282,16.288767],[102.597713,16.288576],[102.600416,16.285727],[102.600868,16.286017],[102.601287,16.285699],[102.60138,16.286225],[102.601719,16.286167],[102.601971,16.286412],[102.602443,16.286128],[102.602341,16.285702],[102.602628,16.285352],[102.602999,16.286121],[102.603464,16.286253],[102.604496,16.28635],[102.604753,16.285794],[102.605155,16.285771],[102.60643,16.286614],[102.607272,16.286378],[102.607233,16.286764],[102.607822,16.287298],[102.60815,16.286563],[102.608615,16.286184],[102.608698,16.28559],[102.610039,16.286184],[102.610301,16.285994],[102.61033,16.285512],[102.611809,16.285387],[102.613344,16.284874],[102.613769,16.284286],[102.614351,16.284644],[102.615566,16.284806],[102.615334,16.285355],[102.615816,16.285646],[102.616196,16.28541],[102.616306,16.28498],[102.616808,16.285313],[102.617276,16.285283],[102.617129,16.285762],[102.617852,16.286496],[102.618177,16.285616],[102.619711,16.284312],[102.620661,16.283891],[102.621007,16.283212],[102.621621,16.283295],[102.622147,16.282758],[102.622719,16.282865],[102.623298,16.282275],[102.624863,16.282436],[102.625796,16.281773],[102.626707,16.281899],[102.627124,16.280789],[102.62747,16.280481],[102.627153,16.279861],[102.628383,16.279238],[102.629155,16.278485],[102.630147,16.278602],[102.630938,16.279057],[102.631338,16.278963],[102.631609,16.279407],[102.632234,16.27907],[102.632143,16.279957],[102.632896,16.28003],[102.633511,16.279798],[102.633812,16.279323],[102.635212,16.278989],[102.635398,16.278773],[102.635295,16.277972],[102.636198,16.277442],[102.636664,16.277775],[102.637602,16.277361],[102.638035,16.277874],[102.63879,16.277418],[102.639321,16.27752],[102.640526,16.275896],[102.640907,16.274991],[102.641418,16.274868],[102.642289,16.275079],[102.642292,16.27582],[102.643325,16.275805],[102.644091,16.275463],[102.644425,16.276081],[102.644765,16.27624],[102.645064,16.276151],[102.646041,16.274764],[102.646579,16.274868],[102.64765,16.274554],[102.648211,16.275375],[102.649721,16.275418],[102.650579,16.274422],[102.650254,16.273333],[102.651495,16.273088],[102.651931,16.273394],[102.65254,16.272397],[102.653322,16.271912],[102.65415,16.269427],[102.655872,16.268235],[102.656726,16.268083],[102.658504,16.268404],[102.659585,16.267303],[102.660603,16.267701],[102.6613,16.267253],[102.661868,16.267692],[102.66249,16.267629],[102.663656,16.267988],[102.663927,16.267731],[102.664245,16.266155],[102.664808,16.265497],[102.666134,16.265537],[102.667826,16.264232],[102.669089,16.26358],[102.669114,16.263246],[102.669802,16.262537],[102.670179,16.262622],[102.671341,16.262172],[102.67125,16.261545],[102.671667,16.260928],[102.672439,16.260705],[102.673802,16.261099],[102.674727,16.260677],[102.674939,16.259905],[102.675334,16.259641],[102.675578,16.257955],[102.675975,16.257571],[102.675999,16.256334],[102.676452,16.255943],[102.676544,16.255071],[102.677643,16.253991],[102.677646,16.252869],[102.678392,16.252112],[102.678124,16.250826],[102.67763,16.250621],[102.677399,16.250094],[102.677492,16.249644],[102.678279,16.249296],[102.677856,16.248378],[102.678315,16.24821],[102.678944,16.248397],[102.67894,16.247902],[102.67951,16.247283],[102.679845,16.247175],[102.680563,16.247426]]]},"bbox":[102.520111,16.215753,102.693767,16.316402]},{"type":"Feature","id":"70782d11-2596-4dec-9358-e2b947b0215e","properties":{"id":"70782d11-2596-4dec-9358-e2b947b0215e","code":"06401706","provinceCode":"40","nameTh":"องค์การบริหารส่วนตำบล นางาม","nameEn":null,"geometryType":"MUNICIPALITY","sourceUrl":"https://landometer.com/api/v2/citymeter-v3/grocery/info/geom/70782d11-2596-4dec-9358-e2b947b0215e/MUNICIPALITY","sourceSha256":"13afa47948e38dea40f69137f474d4b0c970751af21444b825f6792f3ddbcb67","retrievedAt":"2026-10-04T05:43:14.809912+00:00","boundaryVintage":null,"geometryStatus":"native_source_polygon_display_simplified","simplificationToleranceDegrees":0.00015,"simplificationPreservesTopology":true,"invalidSourceRepair":"make_valid; retain polygonal components; discard zero-area collapsed lines","legalBoundaryIndependentlyVerified":false,"areaId":"70782d11-2596-4dec-9358-e2b947b0215e"},"geometry":{"type":"Polygon","coordinates":[[[102.439887,16.152076],[102.438166,16.151222],[102.436894,16.152214],[102.435115,16.152457],[102.433943,16.152004],[102.433716,16.151568],[102.433058,16.15166],[102.432475,16.151419],[102.43063,16.151688],[102.430045,16.152519],[102.42963,16.15264],[102.429084,16.152697],[102.428531,16.152278],[102.42693,16.15304],[102.424114,16.153584],[102.41524,16.153219],[102.414757,16.150408],[102.415401,16.148948],[102.415429,16.148277],[102.414573,16.147137],[102.414456,16.14636],[102.414806,16.146087],[102.414855,16.144975],[102.414323,16.143828],[102.41346,16.142792],[102.413836,16.141873],[102.413825,16.140746],[102.414115,16.140284],[102.413851,16.139527],[102.414536,16.138283],[102.415761,16.137426],[102.416465,16.135784],[102.417918,16.135576],[102.419259,16.134578],[102.419484,16.133714],[102.420359,16.132699],[102.420183,16.132215],[102.420406,16.130834],[102.418351,16.12855],[102.417828,16.127449],[102.416719,16.127234],[102.417105,16.123544],[102.415966,16.121445],[102.415101,16.121142],[102.414479,16.120017],[102.414941,16.119771],[102.415369,16.118957],[102.415404,16.117871],[102.415081,16.116873],[102.415212,16.116306],[102.415017,16.115825],[102.413818,16.115519],[102.4133,16.114963],[102.413169,16.112919],[102.412771,16.111477],[102.412086,16.110271],[102.412104,16.109534],[102.412451,16.108854],[102.412399,16.10779],[102.412948,16.107229],[102.411293,16.107807],[102.410404,16.107359],[102.408469,16.107316],[102.407428,16.107568],[102.406681,16.111766],[102.407823,16.112303],[102.407598,16.114385],[102.405805,16.115307],[102.403744,16.119154],[102.40384,16.120833],[102.402784,16.123235],[102.401424,16.123013],[102.400738,16.124167],[102.40089,16.124917],[102.400122,16.125166],[102.400614,16.12555],[102.400565,16.125975],[102.400973,16.126364],[102.399789,16.127078],[102.400769,16.127661],[102.400788,16.129624],[102.401508,16.131352],[102.400979,16.131749],[102.400846,16.132674],[102.400592,16.132851],[102.400096,16.132373],[102.399452,16.134114],[102.398518,16.133966],[102.398238,16.134381],[102.397645,16.134378],[102.396998,16.134847],[102.397066,16.135631],[102.395927,16.135604],[102.394432,16.136064],[102.393291,16.137895],[102.393267,16.138339],[102.392971,16.138728],[102.392719,16.138576],[102.392318,16.138955],[102.392466,16.139446],[102.391709,16.139326],[102.391508,16.139891],[102.390952,16.139909],[102.390467,16.140906],[102.389904,16.141049],[102.39002,16.141554],[102.389734,16.14182],[102.389801,16.142106],[102.387931,16.142561],[102.387791,16.142922],[102.387977,16.143349],[102.38736,16.143688],[102.387245,16.144243],[102.386144,16.144723],[102.386232,16.145],[102.386025,16.145142],[102.386304,16.146004],[102.385224,16.14671],[102.384599,16.149219],[102.383952,16.149412],[102.383759,16.149929],[102.38273,16.150758],[102.382163,16.150728],[102.38178,16.151002],[102.381683,16.152547],[102.381262,16.15298],[102.381418,16.154579],[102.381116,16.154967],[102.38133,16.155231],[102.380709,16.156125],[102.379154,16.156505],[102.378587,16.15719],[102.37763,16.157378],[102.377513,16.157815],[102.3769,16.158324],[102.374843,16.159097],[102.372954,16.156605],[102.367979,16.158],[102.365216,16.157141],[102.362257,16.157376],[102.351761,16.159635],[102.345322,16.160564],[102.350711,16.168482],[102.352491,16.170429],[102.3591,16.180606],[102.361546,16.183426],[102.364767,16.188374],[102.380688,16.207772],[102.382998,16.211585],[102.384845,16.213361],[102.387557,16.218184],[102.391986,16.224361],[102.393789,16.226098],[102.394678,16.228233],[102.398941,16.23568],[102.400029,16.23837],[102.40313,16.242887],[102.408315,16.247858],[102.411753,16.249303],[102.412986,16.250032],[102.414339,16.25142],[102.416095,16.251818],[102.417834,16.253121],[102.417994,16.254177],[102.417402,16.255435],[102.413195,16.260546],[102.410991,16.267227],[102.410755,16.271026],[102.411518,16.273156],[102.412049,16.273941],[102.412368,16.275832],[102.413152,16.277496],[102.413615,16.280647],[102.416041,16.284493],[102.416835,16.286152],[102.417342,16.288251],[102.417733,16.288154],[102.417585,16.287281],[102.430456,16.275683],[102.434689,16.274571],[102.435508,16.264916],[102.448447,16.249098],[102.448633,16.243396],[102.452065,16.235859],[102.462653,16.236989],[102.467101,16.234764],[102.469377,16.22887],[102.471505,16.228206],[102.471974,16.223528],[102.475767,16.221326],[102.477567,16.205957],[102.48154,16.201661],[102.481316,16.199914],[102.477003,16.199495],[102.470953,16.201476],[102.467139,16.200919],[102.461251,16.196245],[102.461858,16.153571],[102.458324,16.153831],[102.457277,16.15189],[102.454111,16.151083],[102.452499,16.15435],[102.447136,16.153926],[102.447154,16.153597],[102.445961,16.153306],[102.445132,16.152331],[102.444735,16.152363],[102.443086,16.151603],[102.44163,16.151466],[102.441139,16.151988],[102.439887,16.152076]]]},"bbox":[102.345322,16.107229,102.48154,16.288251]},{"type":"Feature","id":"50d49a11-dcff-4736-90cb-95fc572a04ae","properties":{"id":"50d49a11-dcff-4736-90cb-95fc572a04ae","code":"06401707","provinceCode":"40","nameTh":"องค์การบริหารส่วนตำบล โพนเพ็ก","nameEn":null,"geometryType":"MUNICIPALITY","sourceUrl":"https://landometer.com/api/v2/citymeter-v3/grocery/info/geom/50d49a11-dcff-4736-90cb-95fc572a04ae/MUNICIPALITY","sourceSha256":"17275fdabeeced4bad18046aae95151c841789eddd4c245edc1bf4107e784b7e","retrievedAt":"2026-10-04T05:43:14.809356+00:00","boundaryVintage":null,"geometryStatus":"native_source_polygon_display_simplified","simplificationToleranceDegrees":0.00015,"simplificationPreservesTopology":true,"invalidSourceRepair":"make_valid; retain polygonal components; discard zero-area collapsed lines","legalBoundaryIndependentlyVerified":false,"areaId":"50d49a11-dcff-4736-90cb-95fc572a04ae"},"geometry":{"type":"Polygon","coordinates":[[[102.594432,16.1869],[102.595088,16.185347],[102.586763,16.19445],[102.585538,16.198315],[102.574696,16.213184],[102.554472,16.229376],[102.553362,16.224249],[102.554554,16.216886],[102.549016,16.213839],[102.547493,16.211254],[102.549384,16.207739],[102.547169,16.202699],[102.549551,16.194685],[102.546352,16.189114],[102.545784,16.185277],[102.547061,16.183659],[102.537638,16.181162],[102.529941,16.181288],[102.525735,16.189269],[102.518268,16.190868],[102.516063,16.198634],[102.508466,16.206214],[102.501389,16.230708],[102.504041,16.235538],[102.503872,16.239525],[102.504534,16.239813],[102.504822,16.263635],[102.512568,16.278644],[102.516713,16.291304],[102.524872,16.29721],[102.526268,16.295896],[102.532431,16.292872],[102.561079,16.285059],[102.571721,16.28043],[102.587744,16.27068],[102.594484,16.262649],[102.620435,16.247185],[102.625817,16.240205],[102.641522,16.23509],[102.632952,16.228326],[102.615546,16.209803],[102.60986,16.201346],[102.594432,16.1869]]]},"bbox":[102.501389,16.181162,102.641522,16.29721]},{"type":"Feature","id":"dc25a161-b213-4f2b-b283-6942d77ced5a","properties":{"id":"dc25a161-b213-4f2b-b283-6942d77ced5a","code":"06401708","provinceCode":"40","nameTh":"องค์การบริหารส่วนตำบล สวนหม่อน","nameEn":null,"geometryType":"MUNICIPALITY","sourceUrl":"https://landometer.com/api/v2/citymeter-v3/grocery/info/geom/dc25a161-b213-4f2b-b283-6942d77ced5a/MUNICIPALITY","sourceSha256":"9080e7dd8c49d3d1655d75f29104590ff9087ea92fbdc732e7772db23e80a01f","retrievedAt":"2026-10-04T05:43:14.812813+00:00","boundaryVintage":null,"geometryStatus":"native_source_polygon_display_simplified","simplificationToleranceDegrees":0.00015,"simplificationPreservesTopology":true,"invalidSourceRepair":"make_valid; retain polygonal components; discard zero-area collapsed lines","legalBoundaryIndependentlyVerified":false,"areaId":"dc25a161-b213-4f2b-b283-6942d77ced5a"},"geometry":{"type":"Polygon","coordinates":[[[102.586459,16.12776],[102.585077,16.126129],[102.585071,16.124177],[102.584492,16.1228],[102.583816,16.122307],[102.582621,16.12193],[102.580931,16.122028],[102.580159,16.121309],[102.58027,16.120355],[102.581086,16.11922],[102.582971,16.119136],[102.584225,16.11852],[102.582971,16.115581],[102.582102,16.114791],[102.581316,16.114947],[102.580702,16.11622],[102.580679,16.118308],[102.580342,16.118651],[102.579599,16.118676],[102.57899,16.118299],[102.578392,16.117436],[102.577844,16.114965],[102.576424,16.114131],[102.575827,16.113132],[102.576115,16.11258],[102.577161,16.112113],[102.583779,16.110935],[102.585731,16.10898],[102.58504,16.107548],[102.584332,16.10681],[102.583574,16.106976],[102.582429,16.11],[102.581765,16.110719],[102.579498,16.109852],[102.577826,16.108706],[102.575267,16.108123],[102.573296,16.108222],[102.571978,16.107279],[102.543997,16.12963],[102.542632,16.133996],[102.538103,16.13707],[102.538015,16.143854],[102.521458,16.145251],[102.520837,16.161702],[102.521757,16.162828],[102.523196,16.165958],[102.526821,16.169029],[102.531104,16.174274],[102.532462,16.179176],[102.529365,16.181297],[102.537638,16.181162],[102.547061,16.183659],[102.545784,16.185277],[102.546352,16.189114],[102.549551,16.194685],[102.547169,16.202699],[102.549384,16.207739],[102.547493,16.211254],[102.549016,16.213839],[102.554554,16.216886],[102.553362,16.224249],[102.554472,16.229376],[102.574696,16.213184],[102.585538,16.198315],[102.586763,16.19445],[102.595421,16.184983],[102.596621,16.181718],[102.596009,16.172899],[102.587112,16.142291],[102.587273,16.130147],[102.586387,16.129525],[102.586624,16.128587],[102.586459,16.12776]]]},"bbox":[102.520837,16.106765,102.596621,16.229376]},{"type":"Feature","id":"b41be6b0-03e1-427d-8633-540042a0f009","properties":{"id":"b41be6b0-03e1-427d-8633-540042a0f009","code":"06401709","provinceCode":"40","nameTh":"องค์การบริหารส่วนตำบล หนองแปน","nameEn":null,"geometryType":"MUNICIPALITY","sourceUrl":"https://landometer.com/api/v2/citymeter-v3/grocery/info/geom/b41be6b0-03e1-427d-8633-540042a0f009/MUNICIPALITY","sourceSha256":"fb3e7223a2968983a14c3e9988ae42d08060b9208436591ef83c519678d45a3e","retrievedAt":"2026-10-04T05:43:14.816134+00:00","boundaryVintage":null,"geometryStatus":"native_source_polygon_display_simplified","simplificationToleranceDegrees":0.00015,"simplificationPreservesTopology":true,"invalidSourceRepair":"make_valid; retain polygonal components; discard zero-area collapsed lines","legalBoundaryIndependentlyVerified":false,"areaId":"b41be6b0-03e1-427d-8633-540042a0f009"},"geometry":{"type":"Polygon","coordinates":[[[102.676597,16.2012],[102.678088,16.201938],[102.67878,16.201613],[102.680658,16.199383],[102.680905,16.198819],[102.680798,16.19817],[102.680276,16.197953],[102.678973,16.198075],[102.677674,16.197637],[102.67638,16.197711],[102.676057,16.198151],[102.675898,16.199425],[102.674647,16.200257],[102.673783,16.201163],[102.672987,16.201296],[102.672332,16.200512],[102.672515,16.19919],[102.671464,16.196293],[102.671463,16.195328],[102.671911,16.194935],[102.673424,16.194938],[102.674612,16.192395],[102.676008,16.193042],[102.676746,16.192835],[102.67929,16.188618],[102.679679,16.188363],[102.680789,16.188242],[102.68157,16.18772],[102.681991,16.187048],[102.681927,16.186536],[102.680702,16.185487],[102.679321,16.185522],[102.678182,16.186386],[102.677169,16.18833],[102.67554,16.189042],[102.675063,16.188932],[102.674943,16.188546],[102.676482,16.185598],[102.676481,16.185109],[102.676155,16.184889],[102.67368,16.184615],[102.673087,16.18497],[102.672779,16.186259],[102.672432,16.186576],[102.66934,16.186951],[102.669116,16.186361],[102.669765,16.184678],[102.66867,16.183448],[102.66812,16.180932],[102.668614,16.180247],[102.669384,16.18003],[102.670123,16.180381],[102.671185,16.1814],[102.672206,16.18155],[102.67338,16.180119],[102.673464,16.179447],[102.672837,16.178306],[102.671043,16.178701],[102.66927,16.178185],[102.668166,16.178939],[102.667368,16.178757],[102.666902,16.17824],[102.666739,16.177438],[102.667527,16.176467],[102.667877,16.175166],[102.667509,16.174786],[102.666652,16.174591],[102.666121,16.173997],[102.665519,16.174051],[102.664609,16.174658],[102.661521,16.177702],[102.659521,16.17781],[102.65852,16.177408],[102.658458,16.176836],[102.659563,16.176355],[102.659693,16.175716],[102.658935,16.174878],[102.657256,16.174437],[102.656596,16.173748],[102.655997,16.172347],[102.655963,16.170595],[102.657674,16.167718],[102.659815,16.166614],[102.662028,16.166376],[102.662386,16.166004],[102.662295,16.165548],[102.660446,16.163373],[102.658618,16.162756],[102.657469,16.163299],[102.657338,16.164764],[102.657097,16.165112],[102.656075,16.165866],[102.655462,16.165812],[102.655049,16.164209],[102.653367,16.161331],[102.651931,16.160889],[102.649384,16.160798],[102.648045,16.159843],[102.648236,16.15934],[102.649328,16.158445],[102.651063,16.157816],[102.65116,16.157378],[102.650871,16.156953],[102.647923,16.156056],[102.647031,16.156473],[102.645662,16.157666],[102.64502,16.157692],[102.644917,16.156896],[102.645191,16.155937],[102.647285,16.153828],[102.647388,16.153397],[102.646979,16.152086],[102.646572,16.151804],[102.645965,16.151855],[102.645066,16.152687],[102.644388,16.152299],[102.643852,16.151148],[102.643662,16.148333],[102.643885,16.14783],[102.644577,16.147273],[102.646391,16.146843],[102.646857,16.146426],[102.646875,16.146106],[102.646397,16.1451],[102.644496,16.144369],[102.643758,16.143671],[102.643607,16.142038],[102.642864,16.14024],[102.641951,16.139876],[102.63973,16.13978],[102.639389,16.139084],[102.639398,16.137383],[102.639192,16.136746],[102.638066,16.136755],[102.635417,16.138825],[102.633249,16.139959],[102.63337,16.140832],[102.634846,16.140304],[102.635178,16.140455],[102.635329,16.140921],[102.634639,16.142659],[102.634584,16.14513],[102.634341,16.14552],[102.633951,16.145587],[102.631063,16.141797],[102.630597,16.140229],[102.629924,16.140322],[102.624828,16.142742],[102.624332,16.142766],[102.624064,16.142513],[102.622876,16.139799],[102.622872,16.138668],[102.623228,16.138132],[102.623679,16.138025],[102.626588,16.138974],[102.626788,16.138526],[102.626498,16.136539],[102.625745,16.134399],[102.622411,16.131884],[102.621956,16.131176],[102.622179,16.130839],[102.623037,16.1306],[102.62462,16.130957],[102.625284,16.130829],[102.625904,16.130474],[102.626311,16.129392],[102.624518,16.128347],[102.621449,16.126064],[102.620552,16.126152],[102.620139,16.126698],[102.621132,16.12988],[102.620877,16.131276],[102.620316,16.132051],[102.618415,16.133553],[102.616492,16.13433],[102.615856,16.133981],[102.615242,16.13217],[102.615068,16.130411],[102.615232,16.128614],[102.613452,16.127181],[102.610782,16.126923],[102.60856,16.128002],[102.608346,16.128715],[102.608468,16.129221],[102.609902,16.13012],[102.610499,16.130941],[102.610215,16.131445],[102.609371,16.131603],[102.607799,16.130978],[102.605873,16.129735],[102.605618,16.127331],[102.604644,16.126488],[102.603836,16.126767],[102.602834,16.127807],[102.602166,16.128092],[102.601436,16.127941],[102.600598,16.127352],[102.600287,16.126701],[102.600632,16.12589],[102.601104,16.125511],[102.603106,16.124892],[102.604241,16.12347],[102.603916,16.122368],[102.602366,16.121552],[102.601478,16.120779],[102.599675,16.120878],[102.596741,16.121693],[102.596021,16.121337],[102.595915,16.120643],[102.595611,16.12028],[102.593962,16.119979],[102.593305,16.121404],[102.593388,16.122186],[102.594355,16.122886],[102.596376,16.123636],[102.596535,16.124008],[102.596188,16.124463],[102.594991,16.125184],[102.593586,16.125459],[102.592939,16.125205],[102.592589,16.124557],[102.592068,16.124185],[102.591033,16.12416],[102.58789,16.124766],[102.586736,16.125639],[102.586719,16.12615],[102.587271,16.126778],[102.589457,16.127905],[102.589757,16.128316],[102.589563,16.128682],[102.587163,16.129916],[102.587112,16.142291],[102.596009,16.172899],[102.596621,16.181718],[102.595421,16.184983],[102.594432,16.1869],[102.60986,16.201346],[102.615546,16.209803],[102.632952,16.228326],[102.641522,16.23509],[102.667061,16.217401],[102.666435,16.216667],[102.664381,16.215317],[102.662671,16.21239],[102.662635,16.211693],[102.663454,16.210009],[102.66486,16.208107],[102.666486,16.208132],[102.669645,16.206676],[102.670606,16.206759],[102.671372,16.207781],[102.672062,16.207881],[102.672944,16.2062],[102.674362,16.205305],[102.674051,16.20341],[102.674335,16.202491],[102.676597,16.2012]]]},"bbox":[102.586674,16.119948,102.682013,16.23509]},{"type":"Feature","id":"220e3186-8be3-43e1-a163-9411007d1c49","properties":{"id":"220e3186-8be3-43e1-a163-9411007d1c49","code":"06401803","provinceCode":"40","nameTh":"องค์การบริหารส่วนตำบล วังแสง","nameEn":null,"geometryType":"MUNICIPALITY","sourceUrl":"https://landometer.com/api/v2/citymeter-v3/grocery/info/geom/220e3186-8be3-43e1-a163-9411007d1c49/MUNICIPALITY","sourceSha256":"d44ef2765b03cd6e3d639a3b57996a2cb23cadeb77451141cc6732406b08398b","retrievedAt":"2026-10-04T05:43:14.814335+00:00","boundaryVintage":null,"geometryStatus":"native_source_polygon_display_simplified","simplificationToleranceDegrees":0.00015,"simplificationPreservesTopology":true,"invalidSourceRepair":"make_valid; retain polygonal components; discard zero-area collapsed lines","legalBoundaryIndependentlyVerified":false,"areaId":"220e3186-8be3-43e1-a163-9411007d1c49"},"geometry":{"type":"Polygon","coordinates":[[[102.495808,16.043905],[102.504213,16.042335],[102.509352,16.045681],[102.514516,16.045908],[102.540483,16.034953],[102.549071,16.033395],[102.555791,16.028404],[102.54469,16.020566],[102.542129,16.019614],[102.539086,16.020904],[102.535483,16.019416],[102.527846,16.011067],[102.523443,16.010775],[102.509119,16.003722],[102.507865,16.000388],[102.515139,15.992589],[102.51358,15.98868],[102.504155,15.983321],[102.503727,15.98287],[102.504077,15.982317],[102.503971,15.980948],[102.507184,15.978093],[102.505529,15.977634],[102.504754,15.977843],[102.504135,15.97834],[102.5026,15.97805],[102.502455,15.978619],[102.501518,15.979137],[102.499917,15.979171],[102.499638,15.978053],[102.497339,15.97735],[102.496764,15.976347],[102.495047,15.974936],[102.495013,15.97464],[102.494091,15.974045],[102.493203,15.972843],[102.491687,15.969946],[102.487713,15.967542],[102.485606,15.967295],[102.484725,15.966557],[102.484096,15.96561],[102.483803,15.964614],[102.482639,15.963759],[102.482111,15.962476],[102.47466,15.962386],[102.463486,15.970356],[102.461821,15.970831],[102.461619,15.970254],[102.460501,15.970022],[102.459473,15.970475],[102.458826,15.970496],[102.458746,15.971258],[102.458064,15.971779],[102.457094,15.971528],[102.456514,15.971916],[102.455905,15.971863],[102.454765,15.974296],[102.453549,15.975479],[102.453277,15.975253],[102.45287,15.975464],[102.452674,15.975255],[102.452052,15.975568],[102.451624,15.975062],[102.451136,15.975175],[102.451193,15.974805],[102.450773,15.975028],[102.450233,15.974945],[102.45057,15.974714],[102.450451,15.974223],[102.449519,15.975052],[102.449393,15.975488],[102.44911,15.975499],[102.448952,15.975976],[102.447859,15.976271],[102.446855,15.976474],[102.446582,15.975839],[102.444468,15.975791],[102.443886,15.976735],[102.443138,15.976245],[102.442604,15.97695],[102.442627,15.977296],[102.441248,15.978165],[102.441208,15.978613],[102.440728,15.978369],[102.440344,15.979268],[102.439806,15.979216],[102.439493,15.979968],[102.438761,15.980187],[102.438103,15.980896],[102.437324,15.980879],[102.437426,15.981335],[102.437153,15.981611],[102.437337,15.981895],[102.437113,15.982514],[102.43667,15.982895],[102.437087,15.983031],[102.437134,15.983367],[102.436384,15.9835],[102.435496,15.984605],[102.435947,15.984887],[102.435577,15.985451],[102.435601,15.986674],[102.434622,15.986922],[102.434844,15.987473],[102.433879,15.987963],[102.433635,15.987879],[102.433969,15.987108],[102.433688,15.987056],[102.432758,15.988079],[102.431958,15.988316],[102.431549,15.989467],[102.431128,15.989469],[102.430017,15.990121],[102.430311,15.99053],[102.429822,15.990474],[102.429633,15.990834],[102.429331,15.990437],[102.429179,15.990784],[102.429354,15.991835],[102.429053,15.991762],[102.428603,15.991017],[102.427857,15.991419],[102.427705,15.991894],[102.428364,15.992644],[102.427775,15.993233],[102.427544,15.992953],[102.427342,15.993045],[102.42723,15.993767],[102.427584,15.993953],[102.427551,15.994162],[102.426898,15.99484],[102.426316,15.996584],[102.425097,15.99732],[102.424923,15.998147],[102.4257,15.999069],[102.426789,15.999609],[102.427199,15.999337],[102.427257,15.998461],[102.427619,15.997714],[102.428655,15.996707],[102.429583,15.996894],[102.430427,15.99781],[102.431081,15.998699],[102.431475,16.000071],[102.433022,16.003097],[102.434436,16.004418],[102.434705,16.005245],[102.434463,16.00555],[102.433181,16.005875],[102.4323,16.007229],[102.431845,16.008909],[102.431451,16.00901],[102.430426,16.008626],[102.43012,16.009032],[102.430181,16.009618],[102.431491,16.011055],[102.431878,16.011195],[102.4333,16.00957],[102.434193,16.009676],[102.435221,16.010853],[102.434669,16.01233],[102.434906,16.01299],[102.437919,16.0144],[102.438543,16.015124],[102.438458,16.016006],[102.437486,16.016466],[102.435829,16.015971],[102.434207,16.01616],[102.433739,16.015713],[102.433357,16.014836],[102.432907,16.014786],[102.432682,16.015208],[102.432835,16.016555],[102.431893,16.018304],[102.432274,16.019598],[102.434045,16.020408],[102.434362,16.020837],[102.433449,16.022445],[102.433297,16.024705],[102.434501,16.025186],[102.435936,16.027604],[102.436713,16.02816],[102.437987,16.028382],[102.439028,16.027294],[102.439857,16.027264],[102.440087,16.027883],[102.439608,16.029817],[102.439868,16.030178],[102.440354,16.030183],[102.442754,16.02909],[102.442723,16.028739],[102.441892,16.027784],[102.44192,16.027407],[102.442355,16.027311],[102.443831,16.027682],[102.4444,16.027063],[102.444879,16.025307],[102.446443,16.02505],[102.447613,16.025541],[102.449198,16.027538],[102.452969,16.028074],[102.453653,16.029138],[102.453924,16.03138],[102.453681,16.032558],[102.453211,16.032971],[102.451004,16.032968],[102.450538,16.033634],[102.450648,16.034077],[102.451369,16.034677],[102.451913,16.034645],[102.453759,16.033526],[102.454774,16.033788],[102.455134,16.034473],[102.455236,16.037017],[102.454443,16.040005],[102.45432,16.042424],[102.453387,16.045663],[102.452779,16.046367],[102.451366,16.050009],[102.450056,16.052348],[102.449468,16.052876],[102.448778,16.053054],[102.446561,16.052618],[102.445842,16.053146],[102.445879,16.053831],[102.44809,16.054478],[102.450294,16.05649],[102.45136,16.056515],[102.452065,16.056121],[102.452839,16.056319],[102.453895,16.058026],[102.454951,16.057938],[102.45606,16.057208],[102.456522,16.057192],[102.459665,16.058558],[102.461893,16.059055],[102.463753,16.059948],[102.464457,16.060048],[102.467436,16.05866],[102.46951,16.056703],[102.47327,16.055384],[102.476238,16.053979],[102.478875,16.051159],[102.47974,16.050647],[102.480389,16.050645],[102.481752,16.052339],[102.482166,16.054635],[102.481009,16.060353],[102.480906,16.061951],[102.481106,16.062585],[102.482073,16.063345],[102.483839,16.063727],[102.48463,16.063729],[102.486132,16.063085],[102.487312,16.062885],[102.489176,16.063315],[102.493491,16.055497],[102.495808,16.043905]]]},"bbox":[102.424914,15.962386,102.555791,16.063738]},{"type":"Feature","id":"49c9fd6b-ac29-4dfd-ab87-be14d1f44b59","properties":{"id":"49c9fd6b-ac29-4dfd-ab87-be14d1f44b59","code":"06401804","provinceCode":"40","nameTh":"องค์การบริหารส่วนตำบล ศรีบุญเรือง","nameEn":null,"geometryType":"MUNICIPALITY","sourceUrl":"https://landometer.com/api/v2/citymeter-v3/grocery/info/geom/49c9fd6b-ac29-4dfd-ab87-be14d1f44b59/MUNICIPALITY","sourceSha256":"3f8bc57cdeeaf0e04a6147046dd34a472ca91ed031cccde9e8a81fc0e09a3a03","retrievedAt":"2026-10-04T05:43:14.877876+00:00","boundaryVintage":null,"geometryStatus":"native_source_polygon_display_simplified","simplificationToleranceDegrees":0.00015,"simplificationPreservesTopology":true,"invalidSourceRepair":"make_valid; retain polygonal components; discard zero-area collapsed lines","legalBoundaryIndependentlyVerified":false,"areaId":"49c9fd6b-ac29-4dfd-ab87-be14d1f44b59"},"geometry":{"type":"MultiPolygon","coordinates":[[[[102.629149,16.094332],[102.628869,16.094348],[102.628945,16.094344],[102.629149,16.094332]]],[[[102.653375,16.089552],[102.652925,16.089048],[102.652261,16.088945],[102.652447,16.090293],[102.652306,16.091023],[102.65176334650334,16.091747751795474],[102.651464,16.090109],[102.651324,16.090833],[102.650662,16.091278],[102.650483,16.090292],[102.642802,16.092158],[102.638958,16.094781],[102.628735,16.095357],[102.628308,16.096217],[102.628111,16.096108],[102.626478,16.099897],[102.626347,16.104793],[102.623843,16.106045],[102.615135,16.095466],[102.587683,16.118337],[102.580113,16.120817],[102.580159,16.121309],[102.580931,16.122028],[102.582621,16.12193],[102.583816,16.122307],[102.584492,16.1228],[102.585071,16.124177],[102.585077,16.126129],[102.586459,16.12776],[102.586624,16.128587],[102.586387,16.129525],[102.586882,16.129961],[102.587576,16.12976],[102.589756,16.12842],[102.589457,16.127905],[102.587587,16.127001],[102.586766,16.126242],[102.586736,16.125639],[102.587692,16.124849],[102.591787,16.124125],[102.592589,16.124557],[102.593029,16.12527],[102.594028,16.12546],[102.595267,16.125054],[102.596417,16.12423],[102.596524,16.123855],[102.596225,16.123531],[102.594355,16.122886],[102.593388,16.122186],[102.593305,16.121404],[102.593962,16.119979],[102.595611,16.12028],[102.595915,16.120643],[102.596021,16.121337],[102.596741,16.121693],[102.599675,16.120878],[102.601478,16.120779],[102.602366,16.121552],[102.603916,16.122368],[102.604241,16.12347],[102.603106,16.124892],[102.601104,16.125511],[102.600632,16.12589],[102.600287,16.126701],[102.600598,16.127352],[102.601436,16.127941],[102.602166,16.128092],[102.602834,16.127807],[102.603836,16.126767],[102.604644,16.126488],[102.605618,16.127331],[102.605873,16.129735],[102.607799,16.130978],[102.609371,16.131603],[102.610215,16.131445],[102.610499,16.130941],[102.609902,16.13012],[102.608468,16.129221],[102.608346,16.128715],[102.60856,16.128002],[102.610782,16.126923],[102.613452,16.127181],[102.615232,16.128614],[102.615068,16.130411],[102.615242,16.13217],[102.615726,16.13375],[102.616347,16.134322],[102.617189,16.134198],[102.618415,16.133553],[102.620316,16.132051],[102.620877,16.131276],[102.621132,16.12988],[102.620139,16.126698],[102.620694,16.126089],[102.621621,16.12614],[102.624518,16.128347],[102.626311,16.129392],[102.625904,16.130474],[102.625284,16.130829],[102.62462,16.130957],[102.623037,16.1306],[102.622179,16.130839],[102.621956,16.131176],[102.622411,16.131884],[102.625745,16.134399],[102.626498,16.136539],[102.626788,16.138526],[102.626588,16.138974],[102.623679,16.138025],[102.623228,16.138132],[102.622872,16.138668],[102.622876,16.139799],[102.624064,16.142513],[102.624332,16.142766],[102.624828,16.142742],[102.629924,16.140322],[102.630597,16.140229],[102.631063,16.141797],[102.632789,16.143849],[102.633486,16.145091],[102.633951,16.145587],[102.634212,16.145578],[102.634584,16.14513],[102.634639,16.142659],[102.635329,16.140921],[102.635178,16.140455],[102.634846,16.140304],[102.63337,16.140832],[102.633249,16.139959],[102.635417,16.138825],[102.637947,16.13682],[102.638813,16.136656],[102.640045,16.135919],[102.640312,16.13471],[102.642616,16.133278],[102.640849,16.132246],[102.639098,16.131768],[102.638425,16.130394],[102.638434,16.130059],[102.640489,16.127904],[102.640711,16.126204],[102.640651,16.125864],[102.639391,16.12476],[102.640487,16.122535],[102.639506,16.117058],[102.640811,16.11616],[102.64374,16.115881],[102.644629,16.116069],[102.64507,16.115124],[102.645356,16.114996],[102.645836,16.114973],[102.646512,16.115613],[102.647456,16.109888],[102.648603,16.109724],[102.64833,16.108381],[102.648488,16.107624],[102.653891,16.109931],[102.653557,16.10705],[102.65355,16.104582],[102.652741,16.100988],[102.652695,16.099598],[102.654769,16.091509],[102.654419,16.089578],[102.654396,16.089479],[102.654218,16.090553],[102.65363521971663,16.090861883546413],[102.653375,16.089552]]]]},"bbox":[102.580106,16.088945,102.654769,16.145597]},{"type":"Feature","id":"f7b3c706-2cdb-470a-a24b-e3e4dbe153d9","properties":{"id":"f7b3c706-2cdb-470a-a24b-e3e4dbe153d9","code":"06401805","provinceCode":"40","nameTh":"องค์การบริหารส่วนตำบล กุดเพียขอม","nameEn":null,"geometryType":"MUNICIPALITY","sourceUrl":"https://landometer.com/api/v2/citymeter-v3/grocery/info/geom/f7b3c706-2cdb-470a-a24b-e3e4dbe153d9/MUNICIPALITY","sourceSha256":"442891b5be5a6abd515116e0b85bafa4f03e5ba9a475c91bb4432033059b2ea2","retrievedAt":"2026-10-04T05:43:14.870265+00:00","boundaryVintage":null,"geometryStatus":"native_source_polygon_display_simplified","simplificationToleranceDegrees":0.00015,"simplificationPreservesTopology":true,"invalidSourceRepair":"make_valid; retain polygonal components; discard zero-area collapsed lines","legalBoundaryIndependentlyVerified":false,"areaId":"f7b3c706-2cdb-470a-a24b-e3e4dbe153d9"},"geometry":{"type":"MultiPolygon","coordinates":[[[[102.586446,16.012682],[102.588317,16.01667],[102.580174,16.020083],[102.561004,16.022731],[102.555791,16.028404],[102.562054,16.029161],[102.568408,16.032891],[102.573431,16.040158],[102.579469,16.04447],[102.583517,16.053369],[102.583954,16.05981],[102.591583,16.061424],[102.612135,16.057764],[102.611767,16.053638],[102.613426,16.052084],[102.611888,16.050636],[102.617827,16.045511],[102.624706,16.044082],[102.632154,16.037967],[102.634309,16.041345],[102.634621,16.041098],[102.634849,16.037996],[102.63518,16.03715],[102.633953,16.036701],[102.634044,16.035134],[102.631306,16.034287],[102.630937,16.034363],[102.630631,16.034074],[102.630171,16.033509],[102.630111,16.032811],[102.629553,16.032352],[102.630036,16.031525],[102.629553,16.031285],[102.628618,16.029747],[102.627328,16.028693],[102.627144,16.027965],[102.627444,16.027311],[102.626469,16.026833],[102.625592,16.027002],[102.624525,16.026331],[102.624527,16.025615],[102.62357,16.025391],[102.623999,16.022578],[102.622356,16.022409],[102.621984,16.021316],[102.620713,16.019625],[102.616337,16.016819],[102.615971,16.015494],[102.615295,16.014624],[102.613843,16.014231],[102.611823,16.014438],[102.611055,16.0141],[102.60957,16.012994],[102.606238,16.011142],[102.606436,16.010852],[102.605792,16.010002],[102.603106,16.009669],[102.603264,16.008615],[102.60256,16.008331],[102.602904,16.009972],[102.589465,16.01027],[102.586446,16.012682]]],[[[102.587063,16.010909],[102.586501,16.012638],[102.589465,16.01027],[102.58697,16.011277],[102.587063,16.010909]]]]},"bbox":[102.555791,16.008331,102.63518,16.061424]},{"type":"Feature","id":"b872ffc4-5026-4081-b6d2-bf1b2e723da4","properties":{"id":"b872ffc4-5026-4081-b6d2-bf1b2e723da4","code":"06401806","provinceCode":"40","nameTh":"องค์การบริหารส่วนตำบล โนนพะยอม","nameEn":null,"geometryType":"MUNICIPALITY","sourceUrl":"https://landometer.com/api/v2/citymeter-v3/grocery/info/geom/b872ffc4-5026-4081-b6d2-bf1b2e723da4/MUNICIPALITY","sourceSha256":"23bb9bfdb7dde62e15ed2745348dcab79f0b32748cd670ffec4fe4731d3c44ae","retrievedAt":"2026-10-04T05:43:14.902588+00:00","boundaryVintage":null,"geometryStatus":"native_source_polygon_display_simplified","simplificationToleranceDegrees":0.00015,"simplificationPreservesTopology":true,"invalidSourceRepair":"make_valid; retain polygonal components; discard zero-area collapsed lines","legalBoundaryIndependentlyVerified":false,"areaId":"b872ffc4-5026-4081-b6d2-bf1b2e723da4"},"geometry":{"type":"Polygon","coordinates":[[[102.585125,16.095444],[102.602498,16.088618],[102.605152,16.079152],[102.602152,16.074757],[102.596697,16.072769],[102.58761,16.061016],[102.589152,16.060999],[102.583954,16.05981],[102.583517,16.053369],[102.579469,16.04447],[102.573431,16.040158],[102.568408,16.032891],[102.562054,16.029161],[102.555791,16.028404],[102.549071,16.033395],[102.540483,16.034953],[102.514516,16.045908],[102.509352,16.045681],[102.504213,16.042335],[102.495808,16.043905],[102.493491,16.055497],[102.489167,16.063061],[102.489816,16.064319],[102.489304,16.067773],[102.489481,16.068822],[102.490115,16.070229],[102.49138,16.072061],[102.492602,16.078857],[102.493862,16.0807],[102.495737,16.084807],[102.497088,16.086198],[102.498343,16.087063],[102.498879,16.087866],[102.500354,16.087867],[102.503034,16.086544],[102.503701,16.08579],[102.504013,16.084976],[102.503707,16.083718],[102.503101,16.083039],[102.499549,16.082208],[102.498265,16.081291],[102.498819,16.078474],[102.499135,16.077491],[102.499449,16.077199],[102.504816,16.076489],[102.509794,16.077012],[102.511961,16.076816],[102.512842,16.077083],[102.5134,16.077653],[102.513397,16.079881],[102.512902,16.083729],[102.513261,16.086192],[102.513935,16.087398],[102.515246,16.08762],[102.52139,16.086081],[102.52298,16.085357],[102.524818,16.084],[102.527916,16.082812],[102.529659,16.081229],[102.530858,16.079063],[102.532127,16.077967],[102.534762,16.076006],[102.538059,16.074617],[102.54005,16.072905],[102.540944,16.072528],[102.543107,16.073449],[102.546346,16.073979],[102.548855,16.075694],[102.549512,16.076716],[102.548541,16.077438],[102.546142,16.078122],[102.541757,16.078072],[102.538305,16.080056],[102.537935,16.080674],[102.538158,16.081115],[102.540746,16.081469],[102.541684,16.082053],[102.54192,16.082565],[102.541671,16.083593],[102.541923,16.08401],[102.543201,16.084427],[102.544994,16.084144],[102.545932,16.084244],[102.54937,16.08619],[102.553217,16.087934],[102.555202,16.088534],[102.556876,16.088767],[102.560467,16.08865],[102.567842,16.090058],[102.570119,16.089882],[102.575272,16.087671],[102.576326,16.087797],[102.577641,16.088838],[102.579018,16.08917],[102.580183,16.088895],[102.580842,16.087916],[102.581648,16.087886],[102.582409,16.088987],[102.582277,16.089816],[102.582924,16.091612],[102.585125,16.095444]]]},"bbox":[102.489167,16.028404,102.605152,16.095444]},{"type":"Feature","id":"ba6a530a-9ceb-49a9-ae28-5d5bb760b698","properties":{"id":"ba6a530a-9ceb-49a9-ae28-5d5bb760b698","code":"06401807","provinceCode":"40","nameTh":"องค์การบริหารส่วนตำบล บ้านแท่น","nameEn":null,"geometryType":"MUNICIPALITY","sourceUrl":"https://landometer.com/api/v2/citymeter-v3/grocery/info/geom/ba6a530a-9ceb-49a9-ae28-5d5bb760b698/MUNICIPALITY","sourceSha256":"dbe02e358cceb091d48c9154a5b3e4a441957bde3466ee6dbd8fafd255ee79e4","retrievedAt":"2026-10-04T05:43:14.887593+00:00","boundaryVintage":null,"geometryStatus":"native_source_polygon_display_simplified","simplificationToleranceDegrees":0.00015,"simplificationPreservesTopology":true,"invalidSourceRepair":"make_valid; retain polygonal components; discard zero-area collapsed lines","legalBoundaryIndependentlyVerified":false,"areaId":"ba6a530a-9ceb-49a9-ae28-5d5bb760b698"},"geometry":{"type":"Polygon","coordinates":[[[102.602904,16.009972],[102.602375,16.007533],[102.601795,16.006791],[102.602175,16.005931],[102.601913,16.003238],[102.602389,16.002603],[102.603876,16.002711],[102.604592,16.002459],[102.604703,16.001718],[102.605981,16.001276],[102.606204,16.000686],[102.608173,15.999273],[102.608609,15.997353],[102.609372,15.997044],[102.609582,15.996526],[102.610241,15.996208],[102.610165,15.995515],[102.609578,15.994921],[102.610378,15.993664],[102.609763,15.992962],[102.609992,15.991967],[102.60962,15.991433],[102.609477,15.989755],[102.610293,15.989765],[102.610715,15.989179],[102.610779,15.988556],[102.61126,15.988088],[102.611028,15.987722],[102.611129,15.987227],[102.61162,15.987075],[102.612102,15.986429],[102.611995,15.985189],[102.612244,15.984661],[102.612083,15.983457],[102.613084,15.982942],[102.613278,15.982364],[102.613581,15.982308],[102.613681,15.98134],[102.614435,15.981311],[102.61504,15.980665],[102.615927,15.980766],[102.615994,15.980379],[102.617377,15.979857],[102.617836,15.979065],[102.618333,15.978836],[102.618679,15.978295],[102.61991,15.977552],[102.619917,15.976236],[102.620241,15.975718],[102.620595,15.973429],[102.621583,15.971031],[102.621978,15.970785],[102.62292,15.96923],[102.622924,15.966887],[102.623641,15.966511],[102.624399,15.966754],[102.625772,15.966104],[102.626181,15.964307],[102.625907,15.963897],[102.625993,15.963604],[102.627166,15.963211],[102.62727,15.962119],[102.627679,15.961892],[102.627689,15.961434],[102.629497,15.960227],[102.630834,15.958695],[102.631046,15.957905],[102.630843,15.95701],[102.631247,15.956436],[102.631049,15.955449],[102.632166,15.952765],[102.633024,15.953349],[102.634803,15.952134],[102.636045,15.950985],[102.637138,15.948775],[102.63723,15.9478],[102.63675,15.946837],[102.636793,15.945656],[102.637054,15.945048],[102.637014,15.943728],[102.637712,15.943177],[102.637778,15.942667],[102.638824,15.941375],[102.638784,15.940364],[102.637827,15.939114],[102.637829,15.938077],[102.634865,15.936243],[102.624343,15.935748],[102.616469,15.937497],[102.61137,15.939678],[102.596776,15.948918],[102.584768,15.96575],[102.566244,15.975429],[102.564381,15.980568],[102.564871,15.984416],[102.569003,15.985579],[102.574787,15.984719],[102.575467,15.98865],[102.578869,15.989855],[102.58214,16.002595],[102.588067,16.006942],[102.586619,16.012209],[102.587063,16.010909],[102.58697,16.011277],[102.589465,16.01027],[102.602904,16.009972]]]},"bbox":[102.564381,15.935748,102.638863,16.012209]},{"type":"Feature","id":"7d363357-0610-4ce0-8abc-61ddc0e5feb9","properties":{"id":"7d363357-0610-4ce0-8abc-61ddc0e5feb9","code":"06401808","provinceCode":"40","nameTh":"องค์การบริหารส่วนตำบล ปอแดง","nameEn":null,"geometryType":"MUNICIPALITY","sourceUrl":"https://landometer.com/api/v2/citymeter-v3/grocery/info/geom/7d363357-0610-4ce0-8abc-61ddc0e5feb9/MUNICIPALITY","sourceSha256":"4e23a3a0d8fa47611b416f86e711d0e1282575a9b9af8dd24ab3088738fd9ea4","retrievedAt":"2026-10-04T05:43:14.903674+00:00","boundaryVintage":null,"geometryStatus":"native_source_polygon_display_simplified","simplificationToleranceDegrees":0.00015,"simplificationPreservesTopology":true,"invalidSourceRepair":"make_valid; retain polygonal components; discard zero-area collapsed lines","legalBoundaryIndependentlyVerified":false,"areaId":"7d363357-0610-4ce0-8abc-61ddc0e5feb9"},"geometry":{"type":"MultiPolygon","coordinates":[[[[102.637829,15.938077],[102.63782867224023,15.938077925439343],[102.637846,15.938132],[102.637829,15.938077]]],[[[102.634865,15.936243],[102.637795,15.938173],[102.637707,15.937315],[102.63842,15.935951],[102.637705,15.934487],[102.638992,15.933358],[102.639524,15.93247],[102.639866,15.930868],[102.640278,15.930589],[102.640487,15.927975],[102.641575,15.926938],[102.641214,15.926609],[102.641643,15.925725],[102.642688,15.924974],[102.642915,15.924482],[102.642791,15.923132],[102.643458,15.923046],[102.643442,15.921068],[102.644436,15.919133],[102.64489,15.916855],[102.645727,15.916053],[102.64669,15.913176],[102.648798,15.911091],[102.64978,15.910676],[102.65025,15.911259],[102.651893,15.910468],[102.652126,15.910104],[102.651798,15.909645],[102.651934,15.909094],[102.653129,15.908458],[102.653104,15.907968],[102.650261,15.90844],[102.639624,15.908938],[102.636038,15.908661],[102.635736,15.908719],[102.635269,15.909965],[102.634424,15.910749],[102.633254,15.911395],[102.628,15.91246],[102.623015,15.910751],[102.622732,15.909091],[102.616808,15.910807],[102.616474,15.910484],[102.61458,15.910397],[102.610183,15.911123],[102.605799,15.913575],[102.603961,15.915252],[102.602445,15.915164],[102.602228,15.916446],[102.601207,15.917405],[102.599925,15.917904],[102.598111,15.919128],[102.596194,15.919464],[102.594756,15.920878],[102.594212,15.922466],[102.593256,15.923425],[102.593098,15.924062],[102.593119,15.925464],[102.593666,15.927623],[102.593246,15.928619],[102.59344,15.930612],[102.592788,15.93223],[102.591966,15.935498],[102.587782,15.93435],[102.585768,15.934343],[102.58392,15.932764],[102.578177,15.93205],[102.577688,15.931682],[102.574878,15.932018],[102.572173,15.933207],[102.571829,15.932961],[102.570853,15.932889],[102.569033,15.93418],[102.568322,15.939615],[102.566964,15.940528],[102.566968,15.941455],[102.56494,15.94333],[102.563749,15.942836],[102.56328,15.943697],[102.56179,15.943286],[102.561419,15.943949],[102.560842,15.944283],[102.560558,15.945001],[102.559741,15.945411],[102.558899,15.947609],[102.557021,15.948412],[102.556587,15.949174],[102.555286,15.949748],[102.554947,15.950773],[102.554078,15.951773],[102.553797,15.952491],[102.554506,15.953784],[102.555285,15.954406],[102.556167,15.954651],[102.556287,15.955144],[102.557752,15.956632],[102.557209,15.957743],[102.557234,15.958299],[102.55818,15.959207],[102.557776,15.959652],[102.558081,15.960183],[102.557647,15.960616],[102.559178,15.960363],[102.559261,15.961121],[102.55962,15.961345],[102.560039,15.96096],[102.56045,15.961011],[102.562263,15.96353],[102.563794,15.973324],[102.566244,15.975429],[102.584768,15.96575],[102.596776,15.948918],[102.61137317228113,15.939676643117243],[102.616469,15.937497],[102.624343,15.935748],[102.634865,15.936243]],[[102.61137,15.939678],[102.613922,15.938063],[102.61137317228113,15.939676643117243],[102.61137,15.939678]]]]},"bbox":[102.553797,15.907968,102.653156,15.975429]},{"type":"Feature","id":"93e21e95-1ff7-45ac-a15a-041e75102f25","properties":{"id":"93e21e95-1ff7-45ac-a15a-041e75102f25","code":"06401809","provinceCode":"40","nameTh":"องค์การบริหารส่วนตำบล ห้วยแก","nameEn":null,"geometryType":"MUNICIPALITY","sourceUrl":"https://landometer.com/api/v2/citymeter-v3/grocery/info/geom/93e21e95-1ff7-45ac-a15a-041e75102f25/MUNICIPALITY","sourceSha256":"088c48c18a93ce811b2ff799289d04c191468c04b07576d0d53b50584eeed829","retrievedAt":"2026-10-04T05:43:14.910471+00:00","boundaryVintage":null,"geometryStatus":"native_source_polygon_display_simplified","simplificationToleranceDegrees":0.00015,"simplificationPreservesTopology":true,"invalidSourceRepair":"make_valid; retain polygonal components; discard zero-area collapsed lines","legalBoundaryIndependentlyVerified":false,"areaId":"93e21e95-1ff7-45ac-a15a-041e75102f25"},"geometry":{"type":"Polygon","coordinates":[[[102.588067,16.006942],[102.58214,16.002595],[102.578869,15.989855],[102.575467,15.98865],[102.574787,15.984719],[102.569003,15.985579],[102.564871,15.984416],[102.564381,15.980568],[102.566244,15.975429],[102.563794,15.973324],[102.562263,15.96353],[102.56045,15.961011],[102.560695,15.96151],[102.560478,15.962428],[102.560991,15.962688],[102.558382,15.963838],[102.553739,15.967551],[102.547901,15.969954],[102.546785,15.970185],[102.54641,15.969666],[102.546605,15.969074],[102.544397,15.966735],[102.543315,15.966227],[102.542486,15.966365],[102.541956,15.965828],[102.54134,15.96562],[102.540726,15.965835],[102.540667,15.966395],[102.53998,15.966517],[102.539582,15.966863],[102.538384,15.966655],[102.538022,15.967317],[102.537615,15.966789],[102.537135,15.966601],[102.534983,15.967268],[102.532905,15.966362],[102.532575,15.968231],[102.532332,15.968557],[102.531708,15.968599],[102.531562,15.969402],[102.530802,15.969879],[102.531063,15.970249],[102.530459,15.970623],[102.530439,15.971012],[102.530191,15.971177],[102.530423,15.971785],[102.530109,15.972423],[102.529275,15.973133],[102.529384,15.973768],[102.528784,15.975125],[102.527008,15.974582],[102.526168,15.974998],[102.525186,15.975133],[102.523159,15.974559],[102.521993,15.974743],[102.521726,15.975493],[102.521272,15.975944],[102.521084,15.975486],[102.520729,15.975701],[102.520056,15.975187],[102.519407,15.975066],[102.517798,15.973584],[102.516539,15.973467],[102.516266,15.973919],[102.515792,15.973613],[102.515219,15.97379],[102.515111,15.974061],[102.514727,15.973874],[102.514164,15.974035],[102.513921,15.974403],[102.512279,15.973577],[102.510901,15.974542],[102.510947,15.975221],[102.510441,15.976107],[102.510071,15.976428],[102.509184,15.976509],[102.509307,15.976931],[102.509087,15.977586],[102.507184,15.978093],[102.503971,15.980948],[102.504077,15.982317],[102.503727,15.98287],[102.504155,15.983321],[102.51358,15.98868],[102.515139,15.992589],[102.507865,16.000388],[102.509119,16.003722],[102.523443,16.010775],[102.527846,16.011067],[102.535483,16.019416],[102.539086,16.020904],[102.542129,16.019614],[102.54469,16.020566],[102.555791,16.028404],[102.561004,16.022731],[102.580174,16.020083],[102.588317,16.01667],[102.586446,16.012682],[102.588067,16.006942]]]},"bbox":[102.503727,15.961004,102.588317,16.028404]},{"type":"Feature","id":"7f342ae1-a67d-4812-894f-94bbe2e1c01a","properties":{"id":"7f342ae1-a67d-4812-894f-94bbe2e1c01a","code":"06401903","provinceCode":"40","nameTh":"องค์การบริหารส่วนตำบล เขาสวนกวาง","nameEn":null,"geometryType":"MUNICIPALITY","sourceUrl":"https://landometer.com/api/v2/citymeter-v3/grocery/info/geom/7f342ae1-a67d-4812-894f-94bbe2e1c01a/MUNICIPALITY","sourceSha256":"75719ae3ddcd73c439ae5417b889415fa6b01ff7424c9811920c8ee39e6aaac4","retrievedAt":"2026-10-04T05:43:14.938949+00:00","boundaryVintage":null,"geometryStatus":"native_source_polygon_display_simplified","simplificationToleranceDegrees":0.00015,"simplificationPreservesTopology":true,"invalidSourceRepair":"make_valid; retain polygonal components; discard zero-area collapsed lines","legalBoundaryIndependentlyVerified":false,"areaId":"7f342ae1-a67d-4812-894f-94bbe2e1c01a"},"geometry":{"type":"Polygon","coordinates":[[[102.795437,16.869127],[102.792504,16.876934],[102.788606,16.879184],[102.789026,16.886188],[102.789708,16.885774],[102.789726,16.886933],[102.790019,16.885585],[102.795671,16.882371],[102.801555,16.881306],[102.814742,16.884107],[102.814615,16.884674],[102.815332,16.885027],[102.81511,16.884209],[102.815512,16.884414],[102.815834,16.8843],[102.815321,16.883562],[102.815654,16.882448],[102.816168,16.88276],[102.816888,16.882487],[102.81687,16.882033],[102.81754,16.882016],[102.817706,16.880846],[102.818138,16.880926],[102.81856,16.880042],[102.818842,16.880768],[102.819423,16.881084],[102.819332,16.880748],[102.819584,16.880262],[102.81915,16.880157],[102.819151,16.879626],[102.818521,16.879655],[102.818223,16.879029],[102.819182,16.878754],[102.818683,16.878307],[102.819508,16.877911],[102.819163,16.876995],[102.820135,16.877221],[102.819688,16.876209],[102.820652,16.876194],[102.821179,16.875915],[102.821049,16.875295],[102.822193,16.875392],[102.822492,16.875096],[102.821916,16.873761],[102.822574,16.873633],[102.822631,16.873249],[102.822054,16.87253],[102.821759,16.871697],[102.821883,16.871343],[102.821373,16.870999],[102.821146,16.871462],[102.820075,16.87141],[102.820716,16.869993],[102.820402,16.869828],[102.819732,16.870114],[102.819517,16.869937],[102.820212,16.869532],[102.820452,16.867134],[102.821143,16.866358],[102.821305,16.865758],[102.821981,16.865266],[102.822199,16.865819],[102.823138,16.865652],[102.823005,16.865019],[102.823628,16.865074],[102.823378,16.864413],[102.823993,16.864383],[102.823885,16.863797],[102.823244,16.863204],[102.823673,16.863297],[102.824006,16.862627],[102.82464,16.862698],[102.824971,16.862427],[102.825154,16.862629],[102.824861,16.863],[102.82522,16.863071],[102.825346,16.863632],[102.825887,16.863645],[102.82642,16.863103],[102.828502,16.863961],[102.82858,16.864228],[102.828172,16.864292],[102.828069,16.864573],[102.828578,16.866543],[102.829566,16.866381],[102.829713,16.866631],[102.830021,16.866598],[102.83008,16.86696],[102.830597,16.867097],[102.83139,16.868264],[102.832205,16.868611],[102.833587,16.86876],[102.833633,16.869341],[102.834454,16.869516],[102.835125,16.869857],[102.83527,16.870165],[102.836297,16.87043],[102.837114,16.870397],[102.837366,16.870172],[102.837837,16.870424],[102.838418,16.869063],[102.839559,16.869259],[102.839816,16.868629],[102.840137,16.868612],[102.840335,16.868304],[102.840712,16.868676],[102.841076,16.868635],[102.840994,16.869069],[102.84224,16.869267],[102.84176,16.870247],[102.841289,16.870577],[102.841584,16.871257],[102.841179,16.871962],[102.841445,16.872718],[102.842265,16.872915],[102.842405,16.872473],[102.842695,16.872435],[102.843355,16.872625],[102.844691,16.873569],[102.845454,16.873712],[102.846182,16.873108],[102.846472,16.873301],[102.847731,16.873215],[102.847839,16.873649],[102.848404,16.873301],[102.848694,16.874331],[102.849207,16.874273],[102.848654,16.877471],[102.849661,16.877691],[102.850426,16.878389],[102.850836,16.878285],[102.85139,16.878749],[102.85119,16.87961],[102.852443,16.881416],[102.8531,16.88124],[102.853213,16.881826],[102.853754,16.882581],[102.854605,16.883065],[102.857296,16.882234],[102.857724,16.881827],[102.858344,16.881915],[102.858336,16.882169],[102.857913,16.88239],[102.858122,16.883166],[102.859106,16.883789],[102.860148,16.883528],[102.85999,16.882993],[102.860547,16.882239],[102.861506,16.882294],[102.861636,16.881663],[102.862376,16.880926],[102.862268,16.880189],[102.862516,16.879802],[102.864065,16.879731],[102.865146,16.880117],[102.866323,16.878927],[102.867079,16.879503],[102.867717,16.88089],[102.868989,16.881473],[102.870065,16.881208],[102.869932,16.880588],[102.870518,16.880135],[102.870987,16.880347],[102.871293,16.880915],[102.872392,16.880591],[102.872527,16.881222],[102.873218,16.88119],[102.873269,16.88081],[102.874212,16.879883],[102.874119,16.877935],[102.874848,16.877329],[102.875232,16.875994],[102.875079,16.875014],[102.875791,16.872881],[102.877094,16.872279],[102.878919,16.87307],[102.880111,16.873133],[102.881137,16.874845],[102.882714,16.875571],[102.883543,16.874864],[102.883535,16.873883],[102.88402,16.873877],[102.884021,16.873465],[102.88493,16.87271],[102.884885,16.872467],[102.884438,16.872294],[102.884829,16.871476],[102.884725,16.871091],[102.885258,16.8716],[102.885687,16.871548],[102.885911,16.871201],[102.885363,16.870836],[102.870814,16.87025],[102.866571,16.872887],[102.862582,16.867233],[102.860325,16.86941],[102.818625,16.833167],[102.814107,16.834779],[102.813994,16.836304],[102.807608,16.835475],[102.804385,16.839405],[102.804152,16.843302],[102.811188,16.850117],[102.812331,16.853315],[102.804401,16.864035],[102.795437,16.869127]]]},"bbox":[102.788606,16.833167,102.885911,16.886933]},{"type":"Feature","id":"bb1bed29-7328-43ce-867e-824dae87ab4a","properties":{"id":"bb1bed29-7328-43ce-867e-824dae87ab4a","code":"06401904","provinceCode":"40","nameTh":"องค์การบริหารส่วนตำบล ดงเมืองแอม","nameEn":null,"geometryType":"MUNICIPALITY","sourceUrl":"https://landometer.com/api/v2/citymeter-v3/grocery/info/geom/bb1bed29-7328-43ce-867e-824dae87ab4a/MUNICIPALITY","sourceSha256":"bb99ca20ac8a2c78e74f1dc81e47f3c6aef5982cf22c11a38d2ee49df755b334","retrievedAt":"2026-10-04T05:43:14.901414+00:00","boundaryVintage":null,"geometryStatus":"native_source_polygon_display_simplified","simplificationToleranceDegrees":0.00015,"simplificationPreservesTopology":true,"invalidSourceRepair":"make_valid; retain polygonal components; discard zero-area collapsed lines","legalBoundaryIndependentlyVerified":false,"areaId":"bb1bed29-7328-43ce-867e-824dae87ab4a"},"geometry":{"type":"Polygon","coordinates":[[[102.759832,16.828522],[102.759838,16.829952],[102.760786,16.83066],[102.758389,16.831233],[102.758047,16.833242],[102.757194,16.833757],[102.757483,16.83424],[102.756706,16.835089],[102.755809,16.835201],[102.754891,16.834407],[102.753063,16.835185],[102.753037,16.834282],[102.750479,16.833197],[102.75054,16.831966],[102.749465,16.828962],[102.74962,16.828775],[102.749077,16.828069],[102.748095,16.827472],[102.747698,16.826818],[102.746209,16.826488],[102.745609,16.826042],[102.743849,16.825512],[102.743014,16.825769],[102.741647,16.825339],[102.741349,16.824177],[102.741129,16.824182],[102.740967,16.823818],[102.74054,16.823884],[102.739517,16.823365],[102.739021,16.82279],[102.738522,16.822615],[102.737736,16.821495],[102.737102,16.821385],[102.736655,16.820454],[102.733198,16.819589],[102.732434,16.818466],[102.72867,16.822072],[102.723631,16.83408],[102.724105,16.834611],[102.724334,16.835649],[102.725013,16.836752],[102.727725,16.84005],[102.729066,16.842348],[102.731516,16.841408],[102.733125,16.841551],[102.73422,16.841991],[102.735064,16.843855],[102.734983,16.846243],[102.734726,16.846677],[102.734874,16.847649],[102.734656,16.848336],[102.734923,16.85179],[102.734474,16.853227],[102.734144,16.853578],[102.734023,16.85466],[102.733192,16.855969],[102.732956,16.856733],[102.73317,16.857381],[102.732723,16.857733],[102.732591,16.85888],[102.731692,16.859811],[102.731927,16.86103],[102.731561,16.86269],[102.731839,16.864038],[102.731217,16.86448],[102.730392,16.874934],[102.731761,16.876356],[102.732258,16.876522],[102.730511,16.879902],[102.732439,16.882844],[102.731828,16.885722],[102.733429,16.885813],[102.734785,16.886423],[102.73507,16.886089],[102.735692,16.88621],[102.735078,16.887792],[102.736815,16.888458],[102.737998,16.889382],[102.73825,16.889829],[102.737702,16.891387],[102.738211,16.891651],[102.738419,16.892251],[102.739275,16.892624],[102.739285,16.893769],[102.74097,16.894636],[102.739603,16.895746],[102.740775,16.897151],[102.740267,16.897749],[102.740508,16.89884],[102.738684,16.899047],[102.738793,16.899204],[102.738101,16.899756],[102.738143,16.900299],[102.74028,16.901162],[102.739128,16.904199],[102.740108,16.904505],[102.741496,16.904325],[102.741454,16.905495],[102.741638,16.905494],[102.739614,16.911456],[102.740932,16.913655],[102.739786,16.920325],[102.740063,16.921629],[102.740818,16.920196],[102.742006,16.919216],[102.741758,16.920664],[102.742899,16.919926],[102.742686,16.921165],[102.74378,16.920707],[102.743591,16.921803],[102.744627,16.921679],[102.744455,16.922682],[102.76107,16.922396],[102.788862,16.895696],[102.789743,16.888],[102.789708,16.885774],[102.789026,16.886188],[102.788606,16.879184],[102.792504,16.876934],[102.795437,16.869127],[102.804401,16.864035],[102.812331,16.853315],[102.811188,16.850117],[102.804152,16.843302],[102.804385,16.839405],[102.807608,16.835475],[102.813994,16.836304],[102.814107,16.834779],[102.818625,16.833167],[102.820515,16.821147],[102.818492,16.815567],[102.81979,16.815091],[102.818845,16.815231],[102.818411,16.815601],[102.813207,16.812862],[102.810683,16.812699],[102.808663,16.81306],[102.806581,16.813885],[102.805174,16.815265],[102.801507,16.818124],[102.79734,16.819953],[102.77961,16.821287],[102.778637,16.820783],[102.776963,16.820652],[102.776695,16.820038],[102.77476,16.819905],[102.774371,16.820065],[102.773716,16.818971],[102.773135,16.818691],[102.771288,16.818884],[102.771029,16.819309],[102.770322,16.819223],[102.769871,16.819764],[102.769222,16.819996],[102.768573,16.820056],[102.768079,16.819423],[102.765352,16.820575],[102.763182,16.820948],[102.762448,16.821452],[102.761988,16.824269],[102.760203,16.82701],[102.760206,16.827713],[102.759832,16.828522]]]},"bbox":[102.723631,16.812651,102.820515,16.922682]},{"type":"Feature","id":"6e1cef8f-f5b9-49b6-8ae3-c42e8cb68865","properties":{"id":"6e1cef8f-f5b9-49b6-8ae3-c42e8cb68865","code":"06401905","provinceCode":"40","nameTh":"องค์การบริหารส่วนตำบล คำม่วง","nameEn":null,"geometryType":"MUNICIPALITY","sourceUrl":"https://landometer.com/api/v2/citymeter-v3/grocery/info/geom/6e1cef8f-f5b9-49b6-8ae3-c42e8cb68865/MUNICIPALITY","sourceSha256":"774c13346cf1fdbc8b9a2fc27fa558928147ae56a46fe2706ee1a8d07244df50","retrievedAt":"2026-10-04T05:43:14.980407+00:00","boundaryVintage":null,"geometryStatus":"native_source_polygon_display_simplified","simplificationToleranceDegrees":0.00015,"simplificationPreservesTopology":true,"invalidSourceRepair":"make_valid; retain polygonal components; discard zero-area collapsed lines","legalBoundaryIndependentlyVerified":false,"areaId":"6e1cef8f-f5b9-49b6-8ae3-c42e8cb68865"},"geometry":{"type":"Polygon","coordinates":[[[102.88907202814693,16.855753093383786],[102.889371,16.856745],[102.891443,16.856685],[102.893094,16.862667],[102.896985,16.858622],[102.898992,16.854488],[102.900516,16.852418],[102.908849,16.844865],[102.912532,16.838586],[102.914272,16.838544],[102.915261,16.838114],[102.916359,16.838077],[102.916433,16.836375],[102.917563,16.835499],[102.919156,16.835222],[102.919444,16.835332],[102.919648,16.836549],[102.921563,16.837501],[102.922429,16.837519],[102.923029,16.837798],[102.923892,16.83769],[102.924359,16.837992],[102.925959,16.838072],[102.926256,16.838345],[102.928991,16.837905],[102.930768,16.831756],[102.932358,16.829193],[102.933238,16.828511],[102.934211,16.828317],[102.935066,16.827269],[102.935138,16.826673],[102.934771,16.825933],[102.935011,16.824987],[102.935739,16.82452],[102.93565,16.823597],[102.936268,16.823305],[102.936832,16.823614],[102.936776,16.823189],[102.937815,16.823831],[102.938086,16.823446],[102.937912,16.823087],[102.938311,16.82301],[102.938787,16.822391],[102.939188,16.822219],[102.939485,16.822461],[102.939861,16.822397],[102.940066,16.82211],[102.940006,16.821581],[102.940631,16.821926],[102.941161,16.821453],[102.941221,16.820288],[102.941793,16.819878],[102.941519,16.819622],[102.941698,16.81868],[102.9425,16.818643],[102.942466,16.818313],[102.942808,16.818334],[102.942803,16.817964],[102.94319,16.817715],[102.943082,16.816905],[102.943604,16.816788],[102.94373,16.816396],[102.943485,16.815487],[102.944516,16.815275],[102.944953,16.814294],[102.945556,16.814148],[102.945653,16.812861],[102.945446,16.811831],[102.945976,16.81162],[102.946274,16.810791],[102.946955,16.810536],[102.947185,16.809795],[102.946774,16.809626],[102.947624,16.809191],[102.947922,16.808279],[102.948505,16.807657],[102.949068,16.807715],[102.949096,16.807216],[102.949393,16.807079],[102.949703,16.806093],[102.949599,16.805776],[102.950143,16.806068],[102.949756,16.80514],[102.949887,16.804681],[102.950141,16.804631],[102.948,16.803922],[102.947738,16.803445],[102.943299,16.803427],[102.932181,16.799013],[102.931913,16.798528],[102.930925,16.797994],[102.930681,16.798152],[102.92932,16.797687],[102.928932,16.795883],[102.926588,16.794678],[102.925754,16.793733],[102.925781,16.792759],[102.925514,16.792023],[102.924878,16.791819],[102.924493,16.791245],[102.922953,16.791185],[102.922049,16.791956],[102.916443,16.789787],[102.91442,16.790097],[102.912551,16.790092],[102.911239,16.790507],[102.910309,16.79146],[102.906396,16.792388],[102.903098,16.791249],[102.901229,16.791066],[102.898719,16.789344],[102.895538,16.78806],[102.894649,16.787985],[102.894351,16.787059],[102.882534,16.787055],[102.880867,16.787368],[102.877773,16.786557],[102.871995,16.785656],[102.868578,16.78714],[102.832781,16.80563],[102.832889,16.806025],[102.831451,16.806679],[102.830793,16.807236],[102.83003,16.807486],[102.829265,16.807335],[102.827335,16.809096],[102.826008,16.809892],[102.825935,16.810429],[102.825352,16.81053],[102.82499,16.812956],[102.823552,16.813321],[102.821355,16.814934],[102.81942,16.815127],[102.81979,16.815091],[102.818492,16.815567],[102.820515,16.821147],[102.818625,16.833167],[102.860325,16.86941],[102.862582,16.867233],[102.84022,16.835538],[102.844047,16.83235],[102.862558,16.828902],[102.870711,16.827725],[102.880094,16.829505],[102.888036,16.855783],[102.88907202814693,16.855753093383786]],[[102.889072,16.855753],[102.894618,16.855593],[102.88907202814693,16.855753093383786],[102.889072,16.855753]]]},"bbox":[102.818492,16.785644,102.950147,16.86941]},{"type":"Feature","id":"72560918-9349-4125-8f83-8ff6d6ba9135","properties":{"id":"72560918-9349-4125-8f83-8ff6d6ba9135","code":"06401906","provinceCode":"40","nameTh":"องค์การบริหารส่วนตำบล นางิ้ว","nameEn":null,"geometryType":"MUNICIPALITY","sourceUrl":"https://landometer.com/api/v2/citymeter-v3/grocery/info/geom/72560918-9349-4125-8f83-8ff6d6ba9135/MUNICIPALITY","sourceSha256":"1e710fa5d81a3772c86342586cb6f7ea5c186fa0e4c8c0a4fc0b1a34bc2154d6","retrievedAt":"2026-10-04T05:43:15.007571+00:00","boundaryVintage":null,"geometryStatus":"native_source_polygon_display_simplified","simplificationToleranceDegrees":0.00015,"simplificationPreservesTopology":true,"invalidSourceRepair":"make_valid; retain polygonal components; discard zero-area collapsed lines","legalBoundaryIndependentlyVerified":false,"areaId":"72560918-9349-4125-8f83-8ff6d6ba9135"},"geometry":{"type":"MultiPolygon","coordinates":[[[[102.7385,16.934503],[102.739892,16.934971],[102.739801,16.935169],[102.739257,16.935092],[102.739687,16.935961],[102.739333,16.936082],[102.739533,16.936446],[102.738726,16.936358],[102.738888,16.93668],[102.738674,16.937165],[102.738289,16.937062],[102.737656,16.937481],[102.737672,16.936457],[102.737103,16.936727],[102.736744,16.936424],[102.736041,16.93653],[102.735623,16.935989],[102.735198,16.936038],[102.734903,16.93699],[102.735531,16.936912],[102.736024,16.937579],[102.735426,16.938156],[102.735092,16.938091],[102.734866,16.938563],[102.734017,16.938636],[102.734069,16.939006],[102.733068,16.939949],[102.73248,16.940023],[102.732767,16.94101],[102.730786,16.941157],[102.730149,16.941882],[102.730409,16.942454],[102.730195,16.942872],[102.729503,16.943269],[102.728554,16.943176],[102.728308,16.94391],[102.727694,16.943946],[102.727908,16.944306],[102.727703,16.944582],[102.727369,16.944554],[102.727135,16.944213],[102.726837,16.944288],[102.726701,16.944956],[102.727181,16.944996],[102.727292,16.945255],[102.726765,16.94592],[102.727303,16.945986],[102.727471,16.946459],[102.728154,16.946765],[102.727881,16.94749],[102.727192,16.94719],[102.727649,16.947829],[102.72696,16.948322],[102.727525,16.949486],[102.727936,16.949389],[102.728253,16.949884],[102.727981,16.950429],[102.727595,16.950584],[102.727825,16.950899],[102.727794,16.951414],[102.727199,16.952537],[102.727632,16.952964],[102.72758,16.953398],[102.728256,16.953504],[102.728029,16.954368],[102.727642,16.954485],[102.727505,16.955074],[102.726639,16.954665],[102.724867,16.955507],[102.724357,16.955439],[102.723822,16.956363],[102.723984,16.956935],[102.723527,16.956913],[102.723266,16.957533],[102.722891,16.957483],[102.721088,16.958836],[102.720167,16.958608],[102.719523,16.958831],[102.717808,16.958563],[102.717333,16.958846],[102.715199,16.958939],[102.714923,16.959339],[102.714357,16.959429],[102.712982,16.959335],[102.710785,16.958406],[102.709623,16.958797],[102.708557,16.958063],[102.707011,16.958588],[102.706108,16.958068],[102.704943,16.958554],[102.703567,16.958633],[102.702778,16.959128],[102.701192,16.959029],[102.698418,16.959739],[102.697881,16.959751],[102.696869,16.959072],[102.695468,16.958981],[102.692885,16.959926],[102.691337,16.960113],[102.68754,16.96007],[102.686816,16.959829],[102.68556,16.958493],[102.685117,16.958314],[102.684368,16.958441],[102.683174,16.959099],[102.682049,16.960176],[102.680024,16.963442],[102.67899,16.966093],[102.679153,16.969005],[102.678965,16.969855],[102.674127,16.981014],[102.66986802566815,16.99289295542821],[102.676239,16.98183],[102.688286,16.980178],[102.695343,16.982136],[102.698297,16.980372],[102.700002,16.976111],[102.707807,16.970867],[102.713959,16.968968],[102.728011,16.970101],[102.738659,16.976458],[102.746304,16.97804],[102.778714,16.962883],[102.794918,16.963939],[102.797885,16.959571],[102.804313,16.956613],[102.804583,16.957081],[102.804266,16.955194],[102.804493,16.954671],[102.804361,16.953956],[102.804839,16.953174],[102.804337,16.952085],[102.804521,16.951752],[102.805002,16.951387],[102.805663,16.951409],[102.806038,16.950658],[102.806455,16.950827],[102.80656,16.95022],[102.807078,16.949889],[102.806886,16.949122],[102.80785,16.94887],[102.80842,16.948194],[102.808781,16.948125],[102.809151,16.947557],[102.808758,16.946923],[102.808875,16.946592],[102.809689,16.946881],[102.810228,16.946347],[102.810881,16.946353],[102.81087,16.946704],[102.811118,16.946758],[102.811403,16.946551],[102.811443,16.945855],[102.812162,16.945952],[102.812548,16.945535],[102.813491,16.945699],[102.81391,16.945488],[102.814569,16.943682],[102.815429,16.943246],[102.815536,16.942862],[102.815931,16.942758],[102.816346,16.942252],[102.816381,16.940825],[102.816701,16.940722],[102.816711,16.941127],[102.817057,16.940775],[102.817347,16.940965],[102.81792,16.94057],[102.817903,16.940126],[102.818242,16.939984],[102.818547,16.939088],[102.819604,16.939396],[102.820181,16.937993],[102.820819,16.937652],[102.820247,16.937452],[102.820075,16.937058],[102.820412,16.936728],[102.819471,16.936164],[102.819382,16.935613],[102.818762,16.93465],[102.817767,16.934167],[102.817813,16.932006],[102.817485,16.931457],[102.816792,16.931204],[102.817358,16.9303],[102.81677,16.928033],[102.816948,16.926252],[102.816678,16.926068],[102.816182,16.926286],[102.815877,16.925292],[102.814648,16.924355],[102.814074,16.924165],[102.813806,16.924499],[102.813273,16.924581],[102.812314,16.924062],[102.812904,16.923362],[102.812706,16.923151],[102.811899,16.9233],[102.812346,16.922671],[102.812297,16.921128],[102.813122,16.920473],[102.813114,16.920092],[102.812757,16.919739],[102.812212,16.919764],[102.811789,16.919347],[102.812067,16.918857],[102.81194,16.918002],[102.811168,16.917897],[102.81118,16.917272],[102.810722,16.917269],[102.81073,16.915979],[102.810116,16.915923],[102.809855,16.916403],[102.809296,16.916515],[102.80936,16.91582],[102.808967,16.915496],[102.809097,16.915055],[102.809697,16.914959],[102.808933,16.914513],[102.809982,16.914585],[102.809371,16.913829],[102.810258,16.913954],[102.80963,16.913198],[102.810421,16.912837],[102.810638,16.912185],[102.810531,16.912003],[102.809782,16.912039],[102.809701,16.909539],[102.809106,16.908667],[102.810405,16.906523],[102.81095,16.906517],[102.811404,16.905493],[102.811907,16.905222],[102.811981,16.904557],[102.812453,16.904207],[102.812074,16.903525],[102.811617,16.903395],[102.81168,16.902973],[102.811306,16.902573],[102.81142,16.901508],[102.81226,16.901068],[102.812478,16.900635],[102.812508,16.89987],[102.811962,16.89892],[102.812599,16.898743],[102.811876,16.898163],[102.811926,16.897645],[102.812369,16.897115],[102.811799,16.897011],[102.811755,16.896471],[102.810854,16.895813],[102.811099,16.895173],[102.81073,16.895105],[102.810523,16.894659],[102.81086,16.894386],[102.81023,16.894012],[102.810852,16.89287],[102.8103,16.89243],[102.810218,16.891615],[102.810428,16.891484],[102.811084,16.891901],[102.81119,16.891467],[102.811667,16.891232],[102.811776,16.89056],[102.811459,16.890585],[102.811218,16.890252],[102.811543,16.88998],[102.811723,16.89031],[102.812295,16.890353],[102.81179,16.889362],[102.812396,16.8886],[102.812922,16.888698],[102.812989,16.889103],[102.813417,16.889176],[102.813385,16.888705],[102.813857,16.888221],[102.813233,16.888196],[102.812955,16.887685],[102.813605,16.887507],[102.813328,16.887136],[102.813378,16.886669],[102.814499,16.886657],[102.814673,16.886521],[102.814512,16.886295],[102.814982,16.886216],[102.814857,16.885784],[102.814392,16.8858],[102.814742,16.884107],[102.801555,16.881306],[102.795671,16.882371],[102.790019,16.885585],[102.788862,16.895696],[102.76107,16.922396],[102.744455,16.922682],[102.744627,16.921679],[102.743591,16.921803],[102.74378,16.920707],[102.742686,16.921165],[102.742899,16.919926],[102.741758,16.920664],[102.742006,16.919216],[102.740818,16.920196],[102.740063,16.921629],[102.739786,16.920325],[102.740932,16.913655],[102.739614,16.911456],[102.73393,16.928014],[102.733997,16.928476],[102.734759,16.929054],[102.735146,16.92854],[102.735203,16.929261],[102.735983,16.929121],[102.736016,16.929742],[102.735389,16.929837],[102.735832,16.930355],[102.735178,16.930684],[102.735801,16.930774],[102.736218,16.931241],[102.737121,16.931192],[102.737531,16.9319],[102.73827,16.932425],[102.738331,16.932608],[102.737965,16.932714],[102.737197,16.932456],[102.737391,16.933189],[102.739049,16.933684],[102.738816,16.934325],[102.7385,16.934503]]],[[[102.669868,16.992893],[102.669706,16.993462],[102.66986802566815,16.99289295542821],[102.669868,16.992893]]]]},"bbox":[102.669706,16.881306,102.820819,16.993462]},{"type":"Feature","id":"4a91c56a-e7e0-4047-ba69-c2bee0326eee","properties":{"id":"4a91c56a-e7e0-4047-ba69-c2bee0326eee","code":"06402003","provinceCode":"40","nameTh":"องค์การบริหารส่วนตำบล ภูผาม่าน","nameEn":null,"geometryType":"MUNICIPALITY","sourceUrl":"https://landometer.com/api/v2/citymeter-v3/grocery/info/geom/4a91c56a-e7e0-4047-ba69-c2bee0326eee/MUNICIPALITY","sourceSha256":"1bdfc2efc78cc3d43d433d9d60bc0b9be0e1e13e5a443d1657d0255e03bb6d90","retrievedAt":"2026-10-04T05:43:14.972050+00:00","boundaryVintage":null,"geometryStatus":"native_source_polygon_display_simplified","simplificationToleranceDegrees":0.00015,"simplificationPreservesTopology":true,"invalidSourceRepair":"make_valid; retain polygonal components; discard zero-area collapsed lines","legalBoundaryIndependentlyVerified":false,"areaId":"4a91c56a-e7e0-4047-ba69-c2bee0326eee"},"geometry":{"type":"Polygon","coordinates":[[[101.873509,16.665444],[101.872876,16.669097],[101.883942,16.677722],[101.889012,16.688586],[101.884158,16.694799],[101.885973,16.69783],[101.883826,16.700961],[101.883823,16.705469],[101.883499,16.705892],[101.873069,16.712864],[101.876953,16.714674],[101.890553,16.70898],[101.897955,16.70809],[101.918161,16.711069],[101.925968,16.710064],[101.930946,16.705782],[101.936056,16.704825],[101.935575,16.698453],[101.937061,16.692687],[101.951883,16.688836],[101.95194,16.688987],[101.952913,16.687819],[101.954642,16.68774],[101.955116,16.68414],[101.954621,16.683192],[101.953852,16.682521],[101.954158,16.681847],[101.954877,16.681355],[101.954375,16.679168],[101.955411,16.678036],[101.955475,16.677512],[101.954966,16.676504],[101.953521,16.674764],[101.954582,16.674754],[101.954708,16.673999],[101.95356,16.669564],[101.953198,16.669018],[101.952478,16.668816],[101.952593,16.669814],[101.947518,16.669898],[101.945103,16.667232],[101.941506,16.667053],[101.942029,16.664631],[101.91203,16.661948],[101.914357,16.656801],[101.912545,16.64897],[101.913391,16.643786],[101.915413,16.642096],[101.915339,16.641936],[101.901041,16.651074],[101.891831,16.642288],[101.891109,16.643623],[101.889721,16.644951],[101.887661,16.645279],[101.884369,16.645047],[101.88431,16.64709],[101.880271,16.649258],[101.879681,16.65412],[101.87171,16.661193],[101.873509,16.665444]]]},"bbox":[101.87171,16.641936,101.955484,16.714674]},{"type":"Feature","id":"a5a53d59-14bf-48f6-85d7-6ffc16b5bacd","properties":{"id":"a5a53d59-14bf-48f6-85d7-6ffc16b5bacd","code":"06402004","provinceCode":"40","nameTh":"องค์การบริหารส่วนตำบล นาฝาย","nameEn":null,"geometryType":"MUNICIPALITY","sourceUrl":"https://landometer.com/api/v2/citymeter-v3/grocery/info/geom/a5a53d59-14bf-48f6-85d7-6ffc16b5bacd/MUNICIPALITY","sourceSha256":"701eae0da060a73d566d5a030e4640a4187b491a4f9d4390028afc09905ba1ef","retrievedAt":"2026-10-04T05:43:14.982348+00:00","boundaryVintage":null,"geometryStatus":"native_source_polygon_display_simplified","simplificationToleranceDegrees":0.00015,"simplificationPreservesTopology":true,"invalidSourceRepair":"make_valid; retain polygonal components; discard zero-area collapsed lines","legalBoundaryIndependentlyVerified":false,"areaId":"a5a53d59-14bf-48f6-85d7-6ffc16b5bacd"},"geometry":{"type":"Polygon","coordinates":[[[101.881805,16.645014],[101.880192,16.646156],[101.879458,16.645088],[101.878528,16.644474],[101.875223,16.643951],[101.875018,16.644248],[101.875769,16.645081],[101.875705,16.64538],[101.875465,16.645425],[101.874105,16.644742],[101.873799,16.644055],[101.874469,16.643834],[101.874525,16.642752],[101.873777,16.642471],[101.872001,16.643125],[101.871939,16.644518],[101.871603,16.644843],[101.870742,16.644862],[101.870351,16.64519],[101.870069,16.645994],[101.869983,16.647601],[101.869471,16.648924],[101.86891,16.649648],[101.868547,16.649533],[101.868083,16.64853],[101.866993,16.647708],[101.866537,16.647065],[101.865103,16.647164],[101.864785,16.646675],[101.864324,16.646587],[101.864011,16.647335],[101.864675,16.647841],[101.86471,16.64815],[101.864464,16.64876],[101.863819,16.649181],[101.862526,16.648943],[101.862178,16.648082],[101.861772,16.64792],[101.861452,16.648128],[101.861313,16.649746],[101.860237,16.650319],[101.859361,16.649869],[101.85952,16.649625],[101.860186,16.649592],[101.85977,16.649135],[101.859075,16.6493],[101.858581,16.649815],[101.856267,16.649329],[101.855405,16.649995],[101.853832,16.650336],[101.853775,16.650629],[101.854581,16.650632],[101.854904,16.651111],[101.85372,16.651943],[101.85311,16.65326],[101.853539,16.65407],[101.852429,16.654904],[101.852675,16.655337],[101.853901,16.656063],[101.853251,16.656453],[101.853355,16.657459],[101.852719,16.657885],[101.851923,16.657812],[101.851717,16.657034],[101.850126,16.657137],[101.84966,16.656387],[101.847451,16.654857],[101.845715,16.654613],[101.844671,16.65537],[101.844144,16.654582],[101.843338,16.654253],[101.841954,16.654826],[101.840226,16.654571],[101.839972,16.65485],[101.840095,16.655849],[101.83837,16.655951],[101.83793,16.657009],[101.837131,16.657179],[101.836695,16.657749],[101.835362,16.657426],[101.833516,16.658363],[101.831934,16.658442],[101.830562,16.658199],[101.829729,16.657513],[101.829082,16.657315],[101.829384,16.657657],[101.821809,16.666831],[101.818231,16.668436],[101.820146,16.673332],[101.825045,16.677793],[101.833385,16.671654],[101.849701,16.666803],[101.851894,16.667467],[101.855851,16.67348],[101.854581,16.679968],[101.846391,16.684533],[101.845648,16.686815],[101.845772,16.687381],[101.8578,16.704198],[101.859411,16.714325],[101.862783,16.719283],[101.871872,16.715327],[101.873069,16.712864],[101.883499,16.705892],[101.883823,16.705469],[101.883826,16.700961],[101.885973,16.69783],[101.884158,16.694799],[101.889012,16.688586],[101.883942,16.677722],[101.872876,16.669097],[101.873509,16.665444],[101.87171,16.661193],[101.879681,16.65412],[101.880271,16.649258],[101.88431,16.64709],[101.884369,16.645047],[101.884082,16.644982],[101.884049,16.644596],[101.883395,16.643788],[101.882827,16.643927],[101.881805,16.645014]]]},"bbox":[101.818207,16.642459,101.889012,16.719283]},{"type":"Feature","id":"05475a7b-f338-4007-95fa-360c94a52bf2","properties":{"id":"05475a7b-f338-4007-95fa-360c94a52bf2","code":"06402005","provinceCode":"40","nameTh":"องค์การบริหารส่วนตำบล วังสวาบ","nameEn":null,"geometryType":"MUNICIPALITY","sourceUrl":"https://landometer.com/api/v2/citymeter-v3/grocery/info/geom/05475a7b-f338-4007-95fa-360c94a52bf2/MUNICIPALITY","sourceSha256":"dcc42f3ffa37667165fbda289e749e1ed011760d30201922c74d1e45ae6b5f8e","retrievedAt":"2026-10-04T05:43:15.011379+00:00","boundaryVintage":null,"geometryStatus":"native_source_polygon_display_simplified","simplificationToleranceDegrees":0.00015,"simplificationPreservesTopology":true,"invalidSourceRepair":"make_valid; retain polygonal components; discard zero-area collapsed lines","legalBoundaryIndependentlyVerified":false,"areaId":"05475a7b-f338-4007-95fa-360c94a52bf2"},"geometry":{"type":"Polygon","coordinates":[[[101.794877,16.644115],[101.794423,16.64359],[101.794564,16.642175],[101.793169,16.641644],[101.792952,16.640721],[101.791841,16.63987],[101.79113,16.639652],[101.790342,16.639935],[101.788932,16.639694],[101.787917,16.640358],[101.786286,16.640182],[101.785401,16.639369],[101.786014,16.637293],[101.785387,16.636057],[101.78331,16.635912],[101.783372,16.63504],[101.782779,16.634641],[101.781632,16.634704],[101.781099,16.635181],[101.780436,16.635103],[101.779609,16.633688],[101.778753,16.633346],[101.777801,16.633306],[101.776535,16.632709],[101.776038,16.631985],[101.776126,16.631407],[101.775887,16.630957],[101.77468,16.630536],[101.774714,16.630185],[101.775339,16.629799],[101.775302,16.629218],[101.774199,16.628699],[101.773805,16.629812],[101.773651,16.631829],[101.773901,16.63316],[101.774671,16.635024],[101.774435,16.636643],[101.77572,16.637368],[101.776348,16.638552],[101.775985,16.638804],[101.775894,16.639324],[101.774682,16.639341],[101.774328,16.639882],[101.775092,16.640199],[101.775569,16.640709],[101.775458,16.640882],[101.775028,16.640654],[101.775043,16.640986],[101.77689,16.642043],[101.777642,16.642231],[101.777162,16.643003],[101.777261,16.643197],[101.777682,16.643156],[101.777682,16.64339],[101.776429,16.644696],[101.776791,16.645221],[101.777531,16.644916],[101.778157,16.64513],[101.778534,16.645552],[101.778402,16.646152],[101.779246,16.645589],[101.779413,16.645888],[101.77913,16.646213],[101.779223,16.646444],[101.77881,16.646618],[101.778984,16.64695],[101.778512,16.647096],[101.778029,16.646916],[101.777113,16.647841],[101.775989,16.647496],[101.775467,16.647946],[101.774726,16.647405],[101.773979,16.647829],[101.773105,16.647704],[101.772297,16.647973],[101.772018,16.648949],[101.772933,16.650275],[101.772888,16.652397],[101.770605,16.651692],[101.769795,16.652101],[101.770157,16.652777],[101.769994,16.653583],[101.769676,16.653625],[101.768837,16.653053],[101.767595,16.653237],[101.767085,16.653773],[101.76524,16.654551],[101.765324,16.655164],[101.764897,16.655431],[101.7639,16.654959],[101.763458,16.654097],[101.762818,16.654429],[101.762168,16.654168],[101.761789,16.653398],[101.760267,16.652097],[101.757773,16.653698],[101.75687,16.65349],[101.755952,16.653694],[101.755252,16.653545],[101.75464,16.652542],[101.753778,16.652314],[101.753924,16.653072],[101.75367,16.65404],[101.75266,16.654441],[101.751746,16.654242],[101.750888,16.654886],[101.75088,16.655596],[101.750653,16.655899],[101.750221,16.65591],[101.750071,16.656871],[101.750317,16.657431],[101.750769,16.657669],[101.751065,16.659163],[101.751986,16.659436],[101.752192,16.661614],[101.751843,16.661938],[101.751667,16.662703],[101.750287,16.664126],[101.750616,16.664835],[101.751627,16.665555],[101.751548,16.667116],[101.750817,16.667821],[101.752331,16.669274],[101.752347,16.672092],[101.752044,16.672493],[101.751309,16.671994],[101.750402,16.67212],[101.750425,16.672605],[101.751234,16.673236],[101.750521,16.673646],[101.749989,16.673612],[101.749631,16.674128],[101.750257,16.675214],[101.750246,16.676667],[101.750801,16.676636],[101.751616,16.677441],[101.75274,16.677803],[101.755453,16.677365],[101.757652,16.678228],[101.759405,16.678294],[101.761627,16.678983],[101.765503,16.679413],[101.766836,16.680242],[101.767676,16.681492],[101.768034,16.682681],[101.769222,16.683945],[101.769808,16.685083],[101.77084,16.685666],[101.77193,16.685865],[101.772694,16.688414],[101.772255,16.689511],[101.771703,16.689823],[101.771464,16.690789],[101.771819,16.691278],[101.772835,16.691605],[101.773255,16.692239],[101.773629,16.695354],[101.773501,16.696124],[101.774283,16.697283],[101.771481,16.702393],[101.772706,16.70314],[101.774338,16.702501],[101.775302,16.702977],[101.775525,16.704939],[101.77663,16.706862],[101.776247,16.707932],[101.776488,16.70855],[101.775849,16.709912],[101.776297,16.710783],[101.776014,16.711527],[101.776114,16.712179],[101.776412,16.712437],[101.777562,16.712644],[101.778019,16.713063],[101.778876,16.712659],[101.779366,16.712771],[101.779564,16.713664],[101.779044,16.714133],[101.778868,16.715707],[101.77912,16.716092],[101.779792,16.71628],[101.781182,16.717294],[101.781042,16.718127],[101.78138,16.718543],[101.781396,16.719617],[101.783121,16.721541],[101.783712,16.721748],[101.785117,16.721482],[101.786161,16.721865],[101.787293,16.721881],[101.787377,16.724244],[101.788075,16.725624],[101.787186,16.726476],[101.788342,16.726694],[101.791113,16.726446],[101.791645,16.727193],[101.791741,16.72822],[101.790594,16.729895],[101.790333,16.730849],[101.790418,16.731794],[101.789555,16.732509],[101.790255,16.73303],[101.790481,16.733525],[101.790117,16.73496],[101.787593,16.737828],[101.787803,16.73819],[101.789429,16.737806],[101.78987,16.738167],[101.788282,16.740167],[101.787409,16.740449],[101.786946,16.741227],[101.786351,16.741419],[101.786096,16.742509],[101.786292,16.742932],[101.786666,16.743077],[101.788052,16.742764],[101.788534,16.743199],[101.789146,16.742794],[101.789761,16.742921],[101.789149,16.744348],[101.789615,16.744472],[101.79041,16.743889],[101.790809,16.744971],[101.790475,16.745124],[101.78999,16.74673],[101.791911,16.747744],[101.792685,16.748589],[101.793341,16.750128],[101.793479,16.75088],[101.792747,16.757206],[101.793096,16.76374],[101.793846,16.766099],[101.797248,16.769012],[101.800249,16.768751],[101.801314,16.768923],[101.806216,16.771086],[101.809873,16.772145],[101.811951,16.773036],[101.81755,16.776437],[101.821388,16.777949],[101.824656,16.778898],[101.829717,16.779383],[101.833752,16.783447],[101.834685,16.784002],[101.839587,16.784811],[101.84375,16.785793],[101.847291,16.787923],[101.849219,16.788685],[101.857714,16.79013],[101.862078,16.790504],[101.863481,16.791206],[101.864744,16.793205],[101.865311,16.793068],[101.86498,16.792943],[101.869239,16.779655],[101.864131,16.768856],[101.863731,16.761799],[101.87118,16.744698],[101.8687,16.733463],[101.86938,16.723555],[101.872466,16.714612],[101.872294,16.714459],[101.871872,16.715327],[101.862783,16.719283],[101.859411,16.714325],[101.8578,16.704198],[101.845772,16.687381],[101.845648,16.686815],[101.846391,16.684533],[101.854581,16.679968],[101.855851,16.67348],[101.851894,16.667467],[101.849701,16.666803],[101.833385,16.671654],[101.825045,16.677793],[101.820146,16.673332],[101.818207,16.668597],[101.821809,16.666831],[101.829384,16.657657],[101.828976,16.657359],[101.828138,16.657705],[101.826848,16.65783],[101.825623,16.657356],[101.825622,16.656879],[101.826948,16.656202],[101.827381,16.655607],[101.827355,16.655271],[101.825378,16.654738],[101.824636,16.652892],[101.824037,16.652181],[101.82232,16.652257],[101.822359,16.651709],[101.823007,16.650704],[101.822543,16.650137],[101.821785,16.650815],[101.821028,16.65352],[101.819982,16.654818],[101.818849,16.65452],[101.818835,16.653688],[101.818374,16.653105],[101.817066,16.653269],[101.816104,16.65372],[101.815256,16.652794],[101.814172,16.653402],[101.813351,16.653322],[101.812506,16.652178],[101.811253,16.651837],[101.811287,16.65095],[101.809224,16.650601],[101.80882,16.651338],[101.806824,16.651761],[101.806462,16.652102],[101.806353,16.652864],[101.805614,16.653031],[101.804935,16.652347],[101.805647,16.650988],[101.805532,16.65037],[101.805917,16.650108],[101.80607,16.649252],[101.804243,16.647305],[101.803456,16.647189],[101.802901,16.648031],[101.802227,16.648185],[101.800833,16.649407],[101.800317,16.649583],[101.799477,16.648604],[101.800127,16.648074],[101.800288,16.647467],[101.80025,16.646845],[101.799488,16.646842],[101.799349,16.646628],[101.799357,16.646348],[101.799887,16.645863],[101.799749,16.645119],[101.798481,16.644942],[101.798188,16.645738],[101.797188,16.645956],[101.795065,16.645093],[101.794877,16.644115]]]},"bbox":[101.749625,16.628688,101.872466,16.793205]},{"type":"Feature","id":"5ca8843b-3184-4f03-b375-d59eae03b488","properties":{"id":"5ca8843b-3184-4f03-b375-d59eae03b488","code":"06402006","provinceCode":"40","nameTh":"องค์การบริหารส่วนตำบล ห้วยม่วง","nameEn":null,"geometryType":"MUNICIPALITY","sourceUrl":"https://landometer.com/api/v2/citymeter-v3/grocery/info/geom/5ca8843b-3184-4f03-b375-d59eae03b488/MUNICIPALITY","sourceSha256":"87a11729b2cd0fa44bb555a045c0515b1aa17bc461920be386367e340debbe4b","retrievedAt":"2026-10-04T05:43:14.986136+00:00","boundaryVintage":null,"geometryStatus":"native_source_polygon_display_simplified","simplificationToleranceDegrees":0.00015,"simplificationPreservesTopology":true,"invalidSourceRepair":"make_valid; retain polygonal components; discard zero-area collapsed lines","legalBoundaryIndependentlyVerified":false,"areaId":"5ca8843b-3184-4f03-b375-d59eae03b488"},"geometry":{"type":"Polygon","coordinates":[[[101.934424,16.75839],[101.934646,16.755457],[101.934257,16.754406],[101.93321,16.754426],[101.932444,16.753486],[101.932857,16.752635],[101.932658,16.750523],[101.933332,16.749081],[101.932911,16.748409],[101.933143,16.748267],[101.932764,16.747772],[101.933244,16.747147],[101.932728,16.746566],[101.932605,16.745637],[101.932207,16.745437],[101.93196,16.744932],[101.932199,16.744459],[101.932066,16.743723],[101.932762,16.74362],[101.933321,16.743032],[101.933955,16.742876],[101.934362,16.742362],[101.934482,16.741979],[101.934224,16.740879],[101.934958,16.739999],[101.935188,16.739288],[101.935704,16.739054],[101.935643,16.738523],[101.936601,16.738663],[101.937068,16.738391],[101.936452,16.737827],[101.936529,16.736933],[101.937041,16.73671],[101.937123,16.736194],[101.936339,16.735875],[101.935728,16.734618],[101.935276,16.734281],[101.935553,16.73336],[101.936021,16.733059],[101.936001,16.732542],[101.937036,16.731752],[101.936071,16.730843],[101.936655,16.729468],[101.936304,16.727594],[101.937049,16.727405],[101.937406,16.725307],[101.937662,16.724972],[101.937204,16.724392],[101.937318,16.722578],[101.936256,16.720919],[101.936361,16.720445],[101.936131,16.719908],[101.93666,16.718536],[101.936449,16.717834],[101.937063,16.717758],[101.936936,16.718345],[101.937338,16.718663],[101.937925,16.71847],[101.937984,16.717849],[101.938843,16.718437],[101.939481,16.718388],[101.939333,16.717268],[101.940506,16.716241],[101.940272,16.71573],[101.940632,16.714703],[101.941726,16.714799],[101.942484,16.714282],[101.942399,16.713783],[101.943818,16.713783],[101.943987,16.713174],[101.943693,16.71262],[101.94285,16.713161],[101.94131,16.712555],[101.941224,16.711931],[101.942353,16.711319],[101.942264,16.710607],[101.94285,16.710018],[101.942737,16.709503],[101.943,16.708907],[101.943985,16.707937],[101.94385,16.707535],[101.944261,16.706648],[101.944399,16.705285],[101.94479,16.704681],[101.945332,16.702639],[101.946187,16.701606],[101.946659,16.700454],[101.947297,16.700029],[101.947439,16.699258],[101.948387,16.698695],[101.948717,16.69716],[101.949326,16.695827],[101.950141,16.695287],[101.950519,16.694083],[101.951037,16.693962],[101.951624,16.693404],[101.951821,16.692368],[101.951453,16.692083],[101.95146,16.691764],[101.952109,16.69118],[101.952547,16.691182],[101.952609,16.690911],[101.951659,16.690669],[101.951057,16.691032],[101.950763,16.690766],[101.951918,16.689847],[101.951883,16.688836],[101.937061,16.692687],[101.935575,16.698453],[101.936056,16.704825],[101.930946,16.705782],[101.925968,16.710064],[101.918161,16.711069],[101.897955,16.70809],[101.890553,16.70898],[101.876953,16.714674],[101.873069,16.712864],[101.872294,16.714459],[101.872466,16.714612],[101.86938,16.723555],[101.8687,16.733463],[101.87118,16.744698],[101.863731,16.761799],[101.864131,16.768856],[101.869239,16.779655],[101.86498,16.792943],[101.866557,16.792958],[101.867314,16.79342],[101.868273,16.795824],[101.869787,16.800926],[101.87039,16.802324],[101.871332,16.803561],[101.875074,16.806],[101.880004,16.810498],[101.880843,16.810996],[101.883406,16.811629],[101.888962,16.811483],[101.89234,16.811658],[101.898091,16.812321],[101.901489,16.813226],[101.903825,16.814903],[101.905897,16.81721],[101.908797,16.818261],[101.917319,16.822808],[101.919274,16.824225],[101.923002,16.828058],[101.926709,16.831019],[101.932778,16.833068],[101.937188,16.833998],[101.94051,16.8357],[101.942118,16.833572],[101.942324,16.832341],[101.943577,16.829873],[101.943394,16.829071],[101.943519,16.828394],[101.943092,16.827427],[101.943397,16.826997],[101.944084,16.826692],[101.944264,16.826005],[101.945045,16.825114],[101.944752,16.82481],[101.944678,16.8238],[101.943885,16.823662],[101.94414,16.823317],[101.943837,16.822179],[101.943723,16.819466],[101.943036,16.818295],[101.941696,16.817453],[101.941443,16.816858],[101.944869,16.789634],[101.942016,16.779475],[101.94103,16.774916],[101.939398,16.769189],[101.938958,16.766661],[101.938106,16.764769],[101.934962,16.760822],[101.934424,16.75839]]]},"bbox":[101.863731,16.688836,101.95262,16.8357]},{"type":"Feature","id":"2391643e-843d-4b2a-abd2-c878e98a864e","properties":{"id":"2391643e-843d-4b2a-abd2-c878e98a864e","code":"06402102","provinceCode":"40","nameTh":"องค์การบริหารส่วนตำบล คำแมด","nameEn":null,"geometryType":"MUNICIPALITY","sourceUrl":"https://landometer.com/api/v2/citymeter-v3/grocery/info/geom/2391643e-843d-4b2a-abd2-c878e98a864e/MUNICIPALITY","sourceSha256":"0be589e8c93f6200404d7188e08e3f8ff8a193a46fa7d5ccfca1ab7e3bc49e0a","retrievedAt":"2026-10-04T05:43:14.997083+00:00","boundaryVintage":null,"geometryStatus":"native_source_polygon_display_simplified","simplificationToleranceDegrees":0.00015,"simplificationPreservesTopology":true,"invalidSourceRepair":"make_valid; retain polygonal components; discard zero-area collapsed lines","legalBoundaryIndependentlyVerified":false,"areaId":"2391643e-843d-4b2a-abd2-c878e98a864e"},"geometry":{"type":"Polygon","coordinates":[[[103.146854,16.629701],[103.147204,16.629418],[103.147166,16.629049],[103.147538,16.628822],[103.148351,16.629058],[103.148612,16.628436],[103.149406,16.628349],[103.149518,16.626829],[103.150487,16.626501],[103.151343,16.625743],[103.152016,16.624706],[103.151686,16.623583],[103.150963,16.622879],[103.151119,16.622601],[103.151841,16.622683],[103.152031,16.622414],[103.151178,16.621619],[103.151331,16.619717],[103.152131,16.619163],[103.152111,16.618673],[103.152915,16.618913],[103.153747,16.618693],[103.153724,16.61804],[103.154214,16.61709],[103.153403,16.61577],[103.153951,16.615103],[103.153938,16.614594],[103.153532,16.614147],[103.153832,16.61378],[103.152896,16.613484],[103.152998,16.612985],[103.152327,16.612315],[103.15232,16.611446],[103.15203,16.611467],[103.152106,16.611151],[103.152724,16.611154],[103.152638,16.610444],[103.151998,16.610103],[103.151661,16.609581],[103.151019,16.609349],[103.15127,16.608752],[103.150316,16.608972],[103.149524,16.608767],[103.14952,16.60805],[103.148978,16.607078],[103.148176,16.606403],[103.147694,16.606345],[103.147318,16.605054],[103.146869,16.604853],[103.146849,16.604391],[103.146155,16.604659],[103.146028,16.60415],[103.145378,16.603851],[103.145352,16.603384],[103.144987,16.603212],[103.144191,16.603123],[103.143964,16.603516],[103.143546,16.603631],[103.143319,16.602945],[103.142802,16.602666],[103.142289,16.601585],[103.141009,16.601681],[103.140599,16.601404],[103.140479,16.599584],[103.137901,16.600123],[103.137572,16.59942],[103.136344,16.599168],[103.135952,16.599994],[103.134657,16.599989],[103.13425,16.599403],[103.133371,16.599091],[103.133365,16.598329],[103.132055,16.597999],[103.131392,16.597381],[103.128898,16.597164],[103.127597,16.596806],[103.126636,16.596182],[103.125901,16.596317],[103.124355,16.595741],[103.123931,16.595852],[103.123717,16.595058],[103.12284,16.595134],[103.122294,16.594854],[103.122345,16.594609],[103.123095,16.594447],[103.122831,16.593526],[103.121764,16.593841],[103.122003,16.593234],[103.121291,16.593372],[103.121031,16.592512],[103.117805,16.599197],[103.10225,16.607122],[103.095605,16.606654],[103.086315,16.608786],[103.083801,16.61166],[103.083705,16.61625],[103.078838,16.620487],[103.080409,16.620446],[103.079495,16.621241],[103.078,16.621693],[103.092048,16.624475],[103.112545,16.628533],[103.117742,16.630154],[103.132767,16.633467],[103.134885,16.633734],[103.135812,16.634324],[103.139708,16.634203],[103.140112,16.633861],[103.140751,16.633981],[103.141062,16.634333],[103.141947,16.634402],[103.143037,16.633716],[103.143423,16.633991],[103.14383,16.633402],[103.145009,16.633424],[103.146992,16.631388],[103.147191,16.630639],[103.146854,16.629701]],[[103.091562,16.624378],[103.09418,16.624897],[103.092048,16.624475],[103.091562,16.624378]]]},"bbox":[103.078,16.592512,103.154214,16.634402]},{"type":"Feature","id":"7e2d1e20-a37d-4c35-891e-c7ec6f32419d","properties":{"id":"7e2d1e20-a37d-4c35-891e-c7ec6f32419d","code":"06402103","provinceCode":"40","nameTh":"องค์การบริหารส่วนตำบล คูคำ","nameEn":null,"geometryType":"MUNICIPALITY","sourceUrl":"https://landometer.com/api/v2/citymeter-v3/grocery/info/geom/7e2d1e20-a37d-4c35-891e-c7ec6f32419d/MUNICIPALITY","sourceSha256":"f7ff8ef2bfb0b541b5b7e3b4f5d0d78bc2886a5061fef079704aa4d7bdf0655d","retrievedAt":"2026-10-04T05:43:15.021805+00:00","boundaryVintage":null,"geometryStatus":"native_source_polygon_display_simplified","simplificationToleranceDegrees":0.00015,"simplificationPreservesTopology":true,"invalidSourceRepair":"make_valid; retain polygonal components; discard zero-area collapsed lines","legalBoundaryIndependentlyVerified":false,"areaId":"7e2d1e20-a37d-4c35-891e-c7ec6f32419d"},"geometry":{"type":"MultiPolygon","coordinates":[[[[103.052403,16.496856],[103.052304,16.496256],[103.050668,16.497204],[103.048953,16.497277],[103.048807,16.497085],[103.049235,16.49699],[103.049421,16.496668],[103.048868,16.496152],[103.047754,16.496385],[103.046839,16.49697],[103.046793,16.496189],[103.046157,16.495986],[103.046456,16.494727],[103.046003,16.494647],[103.045729,16.494145],[103.0453,16.494252],[103.04486,16.493978],[103.044378,16.494275],[103.043582,16.493826],[103.043774,16.492786],[103.043311,16.492619],[103.043234,16.491725],[103.042517,16.491627],[103.042806,16.490751],[103.040683,16.490697],[103.040431,16.4912],[103.039994,16.491135],[103.039561,16.491454],[103.039398,16.491348],[103.039491,16.490464],[103.039204,16.490516],[103.039163,16.490905],[103.038888,16.491066],[103.03864,16.490452],[103.037935,16.490763],[103.03799,16.491646],[103.037168,16.492282],[103.037717,16.492759],[103.037574,16.493533],[103.037944,16.493779],[103.0379,16.494882],[103.038421,16.495612],[103.037871,16.496255],[103.036927,16.496701],[103.036574,16.49735],[103.036132,16.497614],[103.036308,16.498146],[103.03581,16.499414],[103.036028,16.500015],[103.035361,16.499766],[103.035044,16.500172],[103.034602,16.499491],[103.033709,16.50001],[103.033607,16.500455],[103.033174,16.500447],[103.033057,16.501251],[103.03264,16.501341],[103.031189,16.499541],[103.030574,16.497604],[103.030735,16.497156],[103.03112,16.497228],[103.030942,16.496813],[103.031669,16.496253],[103.03165,16.495884],[103.030426,16.49485],[103.030218,16.494374],[103.029235,16.49446],[103.028827,16.49363],[103.028347,16.493996],[103.027788,16.493661],[103.027253,16.493166],[103.02735,16.492745],[103.025737,16.491579],[103.024945,16.491818],[103.024606,16.491554],[103.025755,16.490287],[103.025748,16.489786],[103.026045,16.48945],[103.02568,16.488917],[103.025448,16.487843],[103.024989,16.487985],[103.024179,16.487771],[103.023733,16.488057],[103.023366,16.487888],[103.023459,16.487579],[103.02421,16.487289],[103.024272,16.486918],[103.023612,16.485568],[103.02317,16.485596],[103.022798,16.485254],[103.022266,16.485549],[103.022395,16.484885],[103.021882,16.48457],[103.022646,16.484086],[103.022674,16.483407],[103.022034,16.483288],[103.021719,16.48287],[103.020419,16.482389],[103.020298,16.481099],[103.022249,16.478469],[103.021707,16.477184],[103.02077,16.476484],[103.017781,16.479503],[103.015559,16.481017],[103.009368,16.489048],[102.988855,16.498102],[102.985654,16.50058],[102.983453,16.501306],[102.981321,16.502339],[102.981555,16.503689],[102.981366,16.504093],[102.979973,16.504447],[102.979461,16.504312],[102.979034,16.504639],[102.978567,16.50339],[102.977684,16.502952],[102.977406,16.502523],[102.976029,16.502748],[102.9742,16.502316],[102.97102,16.504388],[102.971459,16.504647],[102.970527,16.505113],[102.980235,16.515576],[102.999951,16.524698],[103.00811,16.534099],[103.014702,16.536594],[103.019799,16.533907],[103.027055,16.524322],[103.038319,16.518468],[103.042035,16.513399],[103.055036,16.506545],[103.057442,16.503689],[103.0576361467543,16.502198657706227],[103.05874,16.499624],[103.058244,16.49916],[103.057855,16.499151],[103.057718,16.498697],[103.057289,16.49874],[103.056591,16.499252],[103.05609,16.498464],[103.055272,16.498308],[103.055534,16.497457],[103.054802,16.497184],[103.054269,16.4975],[103.054251,16.49676],[103.053786,16.496251],[103.053418,16.496671],[103.052403,16.496856]],[[103.057636,16.502199],[103.058026,16.499206],[103.0576361467543,16.502198657706227],[103.057636,16.502199]]],[[[103.042035,16.513399],[103.040616,16.515335],[103.043879,16.512427],[103.042035,16.513399]]]]},"bbox":[102.970527,16.476484,103.05874,16.536594]},{"type":"Feature","id":"be2e758c-c244-43ad-aa99-a6eb6f85014f","properties":{"id":"be2e758c-c244-43ad-aa99-a6eb6f85014f","code":"06402104","provinceCode":"40","nameTh":"องค์การบริหารส่วนตำบล บ้านโนน","nameEn":null,"geometryType":"MUNICIPALITY","sourceUrl":"https://landometer.com/api/v2/citymeter-v3/grocery/info/geom/be2e758c-c244-43ad-aa99-a6eb6f85014f/MUNICIPALITY","sourceSha256":"c8f8cc1af704cead3beb077b6c52b93af0fca3617fd7f1d257cad49c2b7efc6e","retrievedAt":"2026-10-04T05:43:15.164399+00:00","boundaryVintage":null,"geometryStatus":"native_source_polygon_display_simplified","simplificationToleranceDegrees":0.00015,"simplificationPreservesTopology":true,"invalidSourceRepair":"make_valid; retain polygonal components; discard zero-area collapsed lines","legalBoundaryIndependentlyVerified":false,"areaId":"be2e758c-c244-43ad-aa99-a6eb6f85014f"},"geometry":{"type":"Polygon","coordinates":[[[103.05076,16.58066],[103.046172,16.567112],[103.03969,16.55607],[103.043952,16.554591],[103.046395,16.550855],[103.044147,16.546549],[103.043488,16.533685],[103.040778,16.525777],[103.03537,16.520001],[103.027055,16.524322],[103.019799,16.533907],[103.014702,16.536594],[103.00811,16.534099],[102.999951,16.524698],[102.980235,16.515576],[102.970527,16.505113],[102.971459,16.504647],[102.97102,16.504388],[102.969069,16.505659],[102.965501,16.509383],[102.957637,16.522507],[102.958268,16.524347],[102.957908,16.524628],[102.958205,16.525591],[102.957872,16.526055],[102.958289,16.527749],[102.959055,16.527902],[102.959821,16.532426],[102.99188,16.554298],[102.992191,16.554868],[102.993475,16.555855],[102.994336,16.555695],[102.99583,16.555992],[102.997098,16.555625],[102.996981,16.556079],[103.005172,16.560984],[103.022883,16.585272],[103.028865,16.595968],[103.031139,16.595615],[103.035129,16.593767],[103.039606,16.594762],[103.044609,16.593274],[103.046398,16.586707],[103.05076,16.58066]]]},"bbox":[102.957636,16.504388,103.05076,16.595968]},{"type":"Feature","id":"cbadd0c0-f52d-4204-978c-bd9b3fd9fb13","properties":{"id":"cbadd0c0-f52d-4204-978c-bd9b3fd9fb13","code":"06402105","provinceCode":"40","nameTh":"องค์การบริหารส่วนตำบล ห้วยเตย","nameEn":null,"geometryType":"MUNICIPALITY","sourceUrl":"https://landometer.com/api/v2/citymeter-v3/grocery/info/geom/cbadd0c0-f52d-4204-978c-bd9b3fd9fb13/MUNICIPALITY","sourceSha256":"6d0a99247ca96c2eefbeac6ca8f456f175f754826041da934f8c300820ae4afa","retrievedAt":"2026-10-04T05:43:15.168819+00:00","boundaryVintage":null,"geometryStatus":"native_source_polygon_display_simplified","simplificationToleranceDegrees":0.00015,"simplificationPreservesTopology":true,"invalidSourceRepair":"make_valid; retain polygonal components; discard zero-area collapsed lines","legalBoundaryIndependentlyVerified":false,"areaId":"cbadd0c0-f52d-4204-978c-bd9b3fd9fb13"},"geometry":{"type":"Polygon","coordinates":[[[103.095605,16.606654],[103.10225,16.607122],[103.117805,16.599197],[103.121031,16.592512],[103.121219,16.592807],[103.120992,16.592338],[103.120015,16.592192],[103.120577,16.591529],[103.119568,16.591226],[103.119584,16.589716],[103.119325,16.589098],[103.120262,16.588733],[103.120312,16.588461],[103.119825,16.588382],[103.119806,16.588147],[103.120743,16.587978],[103.120834,16.587382],[103.120552,16.587044],[103.121416,16.586741],[103.121329,16.586411],[103.120264,16.586053],[103.119662,16.585403],[103.119813,16.584074],[103.120238,16.584008],[103.120771,16.584281],[103.120998,16.58412],[103.120522,16.583491],[103.120581,16.58273],[103.119994,16.58207],[103.120673,16.581065],[103.120267,16.580601],[103.120655,16.579872],[103.119923,16.579882],[103.119604,16.579665],[103.119488,16.577901],[103.118439,16.577779],[103.118919,16.577274],[103.118295,16.576442],[103.118792,16.57599],[103.118343,16.575504],[103.118248,16.574838],[103.119432,16.573994],[103.119318,16.573357],[103.11866,16.572538],[103.118633,16.571975],[103.118188,16.571409],[103.11862,16.570937],[103.118664,16.570423],[103.119237,16.570475],[103.119378,16.57021],[103.118912,16.569883],[103.118827,16.569227],[103.118352,16.569527],[103.117385,16.56905],[103.117554,16.568347],[103.117159,16.568006],[103.117486,16.567309],[103.118091,16.567012],[103.118695,16.567147],[103.118813,16.566681],[103.117988,16.566203],[103.117447,16.566527],[103.116967,16.566408],[103.117489,16.565738],[103.117385,16.565105],[103.116856,16.56447],[103.116245,16.564556],[103.115564,16.564276],[103.115624,16.563701],[103.11497,16.563322],[103.114831,16.56297],[103.115542,16.56157],[103.114154,16.561241],[103.113938,16.560588],[103.113132,16.560923],[103.112762,16.560205],[103.112091,16.559854],[103.111424,16.558848],[103.110594,16.559435],[103.110621,16.558759],[103.110013,16.558234],[103.109416,16.557204],[103.10867,16.556708],[103.108067,16.556721],[103.107915,16.555836],[103.105802,16.555382],[103.105373,16.555019],[103.105475,16.55417],[103.104331,16.554104],[103.104351,16.553311],[103.105036,16.553328],[103.105189,16.55309],[103.105131,16.55175],[103.104714,16.551111],[103.104755,16.550433],[103.103822,16.549839],[103.104394,16.548562],[103.103675,16.547643],[103.103717,16.546793],[103.103424,16.545834],[103.102828,16.545209],[103.101878,16.545076],[103.101982,16.543831],[103.101747,16.543816],[103.101481,16.544388],[103.101149,16.544332],[103.101304,16.543587],[103.100755,16.542812],[103.101325,16.541764],[103.101058,16.541743],[103.09979,16.542882],[103.098645,16.542051],[103.097955,16.540372],[103.097008,16.539908],[103.096505,16.539077],[103.096752,16.537523],[103.096329,16.536276],[103.094607,16.535366],[103.094242,16.535693],[103.093884,16.535629],[103.093626,16.535211],[103.093849,16.534662],[103.070952,16.559766],[103.068282,16.565953],[103.068791,16.572398],[103.055445,16.592423],[103.06503,16.616758],[103.063161,16.623458],[103.064097,16.623082],[103.067882,16.622364],[103.078,16.621693],[103.079495,16.621241],[103.080409,16.620446],[103.078838,16.620487],[103.083705,16.61625],[103.083801,16.61166],[103.086315,16.608786],[103.095605,16.606654]]]},"bbox":[103.055445,16.534662,103.121416,16.623458]},{"type":"Feature","id":"08a81e2d-5fe3-4476-9950-4894fac62a74","properties":{"id":"08a81e2d-5fe3-4476-9950-4894fac62a74","code":"06402205","provinceCode":"40","nameTh":"องค์การบริหารส่วนตำบล ซับสมบูรณ์","nameEn":null,"geometryType":"MUNICIPALITY","sourceUrl":"https://landometer.com/api/v2/citymeter-v3/grocery/info/geom/08a81e2d-5fe3-4476-9950-4894fac62a74/MUNICIPALITY","sourceSha256":"c7255ec9da3a23ab9a63d36009cbdb3f4ba3b2cff1a0221d1dff9fd1866d0a1b","retrievedAt":"2026-10-04T05:43:15.284787+00:00","boundaryVintage":null,"geometryStatus":"native_source_polygon_display_simplified","simplificationToleranceDegrees":0.00015,"simplificationPreservesTopology":true,"invalidSourceRepair":"make_valid; retain polygonal components; discard zero-area collapsed lines","legalBoundaryIndependentlyVerified":false,"areaId":"08a81e2d-5fe3-4476-9950-4894fac62a74"},"geometry":{"type":"Polygon","coordinates":[[[102.344372,16.035331],[102.344349,16.034798],[102.343945,16.035501],[102.343485,16.035415],[102.343128,16.034801],[102.342062,16.035027],[102.341671,16.035992],[102.339556,16.037114],[102.338479,16.038645],[102.338098,16.038594],[102.337906,16.037618],[102.337646,16.037464],[102.337021,16.038757],[102.33672,16.038827],[102.335563,16.036736],[102.335062,16.035174],[102.33367,16.03542],[102.332392,16.03485],[102.329868,16.03271],[102.329052,16.031258],[102.328188,16.031049],[102.326712,16.030079],[102.32559,16.031004],[102.325358,16.032727],[102.324141,16.03283],[102.324051,16.034067],[102.323783,16.034535],[102.322492,16.035643],[102.321265,16.035917],[102.321243,16.036356],[102.321799,16.036769],[102.321662,16.037118],[102.320887,16.037325],[102.319287,16.036996],[102.317333,16.037847],[102.316136,16.037816],[102.314802,16.039422],[102.312795,16.040188],[102.31275,16.040541],[102.313227,16.041239],[102.31257,16.042407],[102.311912,16.042309],[102.310775,16.041375],[102.307697,16.039562],[102.307358,16.039634],[102.30699,16.040252],[102.306664,16.040281],[102.303601,16.038563],[102.302376,16.038292],[102.302225,16.038977],[102.302509,16.04088],[102.301987,16.041374],[102.301806,16.042424],[102.301497,16.042819],[102.301064,16.042973],[102.300183,16.04275],[102.299529,16.04366],[102.2994,16.044949],[102.298198,16.046436],[102.297738,16.048914],[102.296719,16.049968],[102.295877,16.051521],[102.294929,16.052685],[102.293673,16.052871],[102.293478,16.053471],[102.293621,16.054668],[102.293409,16.055057],[102.292254,16.055724],[102.290956,16.057644],[102.288347,16.05851],[102.287498,16.06067],[102.28698,16.06089],[102.287157,16.06134],[102.28782,16.061738],[102.287896,16.062304],[102.287781,16.063281],[102.28715,16.064629],[102.286984,16.065985],[102.28569,16.067715],[102.286351,16.069254],[102.286355,16.070102],[102.285574,16.070375],[102.2828,16.07007],[102.281926,16.070928],[102.279913,16.072024],[102.280704,16.077533],[102.282013,16.079265],[102.283089,16.085872],[102.286437,16.089014],[102.293505,16.096363],[102.296845,16.099241],[102.301961,16.102689],[102.303949,16.10551],[102.305392,16.106935],[102.30871,16.10993],[102.312681,16.112874],[102.315099,16.115134],[102.316698,16.117816],[102.319176,16.121115],[102.319569,16.120979],[102.318883,16.12019],[102.332255,16.114221],[102.35996,16.093674],[102.372651,16.085002],[102.374448,16.081073],[102.390916,16.071825],[102.367241,16.056408],[102.344372,16.035331]]]},"bbox":[102.279913,16.030079,102.390916,16.121115]},{"type":"Feature","id":"668e89d0-e2e8-4314-b359-80c3500761cb","properties":{"id":"668e89d0-e2e8-4314-b359-80c3500761cb","code":"06402302","provinceCode":"40","nameTh":"องค์การบริหารส่วนตำบล กุดธาตุ","nameEn":null,"geometryType":"MUNICIPALITY","sourceUrl":"https://landometer.com/api/v2/citymeter-v3/grocery/info/geom/668e89d0-e2e8-4314-b359-80c3500761cb/MUNICIPALITY","sourceSha256":"bb0c9c8de2eabab03bacb45f32d77bece39f0ea3ca18957313d072817b5e30ac","retrievedAt":"2026-10-04T05:43:15.296325+00:00","boundaryVintage":null,"geometryStatus":"native_source_polygon_display_simplified","simplificationToleranceDegrees":0.00015,"simplificationPreservesTopology":true,"invalidSourceRepair":"make_valid; retain polygonal components; discard zero-area collapsed lines","legalBoundaryIndependentlyVerified":false,"areaId":"668e89d0-e2e8-4314-b359-80c3500761cb"},"geometry":{"type":"Polygon","coordinates":[[[102.220906,16.865274],[102.221333,16.865727],[102.221998,16.868419],[102.222264,16.868719],[102.223331,16.868945],[102.224431,16.868592],[102.226206,16.868794],[102.226709,16.869088],[102.22657,16.86971],[102.225865,16.870126],[102.224827,16.870305],[102.224503,16.870918],[102.226406,16.873096],[102.226741,16.873171],[102.227646,16.872783],[102.228861,16.873372],[102.228879,16.874101],[102.227561,16.875227],[102.227743,16.875915],[102.228531,16.876265],[102.2294,16.876179],[102.230408,16.876814],[102.231493,16.876974],[102.23224,16.876481],[102.232864,16.874701],[102.233201,16.874667],[102.233967,16.875172],[102.235036,16.877376],[102.234722,16.877976],[102.233856,16.878286],[102.23366,16.879339],[102.235061,16.880533],[102.236444,16.880637],[102.237988,16.879946],[102.238449,16.880034],[102.23989,16.879509],[102.241398,16.878632],[102.241627,16.87798],[102.241308,16.877459],[102.240899,16.877427],[102.240915,16.876447],[102.2426,16.875183],[102.243222,16.875779],[102.243225,16.87702],[102.243478,16.877436],[102.244209,16.877498],[102.245605,16.876805],[102.246248,16.87714],[102.245831,16.878514],[102.244499,16.879834],[102.244165,16.880474],[102.244179,16.881277],[102.244728,16.881753],[102.245743,16.88193],[102.246122,16.881747],[102.246692,16.880295],[102.247728,16.8797],[102.248498,16.878417],[102.249217,16.878455],[102.249725,16.87927],[102.249761,16.880796],[102.24948,16.881652],[102.248378,16.882921],[102.248261,16.883354],[102.24939,16.884421],[102.249729,16.885137],[102.249665,16.886435],[102.248836,16.887719],[102.248821,16.888137],[102.25028,16.888903],[102.250554,16.889537],[102.25038,16.890159],[102.249598,16.890737],[102.249553,16.891542],[102.249914,16.891751],[102.253749,16.89115],[102.254589,16.891346],[102.254598,16.892133],[102.253694,16.893833],[102.253846,16.894444],[102.254286,16.894738],[102.255871,16.89478],[102.257347,16.893526],[102.258029,16.893723],[102.258635,16.894386],[102.259045,16.894401],[102.260756,16.892905],[102.263569,16.891738],[102.269071,16.893368],[102.271421,16.893342],[102.274349,16.892854],[102.275196,16.89307],[102.276498,16.893989],[102.277639,16.894014],[102.279012,16.893352],[102.280899,16.892825],[102.284848,16.890906],[102.28576,16.890924],[102.287277,16.891868],[102.28758,16.891837],[102.287904,16.891231],[102.287446,16.8901],[102.288136,16.889792],[102.29086,16.890332],[102.292281,16.889926],[102.293445,16.890644],[102.294629,16.891795],[102.295539,16.891826],[102.296347,16.891205],[102.295922,16.889266],[102.295038,16.888127],[102.291936,16.88771],[102.291746,16.887118],[102.291866,16.886125],[102.29139,16.884596],[102.291595,16.884129],[102.293009,16.883843],[102.29625,16.88453],[102.297302,16.883966],[102.297665,16.882842],[102.298112,16.882613],[102.299148,16.883257],[102.300301,16.88454],[102.301983,16.885601],[102.305191,16.884455],[102.306922,16.884347],[102.307689,16.883043],[102.307177,16.882103],[102.306481,16.881767],[102.305367,16.881895],[102.304326,16.881712],[102.302173,16.880472],[102.302449,16.876977],[102.302934,16.87621],[102.303674,16.875731],[102.304947,16.875295],[102.306687,16.875212],[102.30721,16.874984],[102.307783,16.874008],[102.308063,16.8723],[102.310171,16.871043],[102.310332,16.870488],[102.309883,16.869907],[102.309887,16.869527],[102.311646,16.867525],[102.312197,16.86722],[102.312644,16.867255],[102.31387,16.868964],[102.314945,16.869335],[102.318065,16.867889],[102.322074,16.867071],[102.324251,16.867217],[102.324747,16.867],[102.32488,16.86603],[102.324456,16.86505],[102.321268,16.863249],[102.319294,16.861804],[102.319368,16.861107],[102.320921,16.860684],[102.321133,16.859792],[102.320427,16.859228],[102.318539,16.858834],[102.317791,16.858333],[102.316713,16.854872],[102.317266,16.854555],[102.318444,16.85531],[102.320599,16.854769],[102.321417,16.854376],[102.322062,16.853472],[102.322632,16.853207],[102.323783,16.854338],[102.324722,16.85451],[102.325984,16.854349],[102.328649,16.855874],[102.329832,16.855783],[102.330643,16.854937],[102.331094,16.85384],[102.331604,16.850861],[102.332242,16.849552],[102.332112,16.848629],[102.331371,16.848254],[102.328207,16.84831],[102.326317,16.847935],[102.324126,16.847188],[102.323626,16.846761],[102.323558,16.846277],[102.324269,16.845573],[102.325271,16.846353],[102.326093,16.846357],[102.326867,16.845927],[102.327925,16.844631],[102.329546,16.844875],[102.32993,16.844415],[102.330108,16.843217],[102.331272,16.84187],[102.331672,16.840346],[102.333279,16.839661],[102.334965,16.839388],[102.33613,16.837797],[102.336911,16.837738],[102.338055,16.838043],[102.338804,16.837802],[102.340261,16.836242],[102.340583,16.835428],[102.340355,16.834878],[102.33738,16.833283],[102.335937,16.831899],[102.336069,16.831361],[102.338153,16.830467],[102.339293,16.828843],[102.339351,16.827893],[102.33825,16.824893],[102.338324,16.824346],[102.32675,16.817343],[102.32213,16.809401],[102.32168,16.803172],[102.31601,16.800202],[102.310417,16.80069],[102.307735,16.796461],[102.304778,16.795157],[102.301806,16.786966],[102.292906,16.778061],[102.282766,16.784164],[102.281095,16.786297],[102.278751,16.788463],[102.277207,16.792953],[102.275016,16.796529],[102.273845,16.799229],[102.273162,16.802823],[102.273068,16.80625],[102.273681,16.810685],[102.27353,16.81501],[102.272411,16.823849],[102.271414,16.827351],[102.266038,16.835064],[102.261473,16.838272],[102.254189,16.842172],[102.247779,16.848755],[102.241023,16.85307],[102.238938,16.854143],[102.237788,16.854509],[102.234255,16.854508],[102.23278,16.853773],[102.23086,16.85339],[102.227212,16.853782],[102.215344,16.85855],[102.215721,16.859982],[102.215177,16.86043],[102.214904,16.860475],[102.213718,16.859599],[102.213102,16.860005],[102.213092,16.860383],[102.213846,16.86037],[102.214268,16.860883],[102.214275,16.862946],[102.216494,16.864538],[102.217568,16.864937],[102.218896,16.864807],[102.220906,16.865274]]]},"bbox":[102.213073,16.778061,102.340583,16.894889]},{"type":"Feature","id":"0de11229-c172-4042-b338-d37abb713a98","properties":{"id":"0de11229-c172-4042-b338-d37abb713a98","code":"06402404","provinceCode":"40","nameTh":"องค์การบริหารส่วนตำบล โนนสมบูรณ์","nameEn":null,"geometryType":"MUNICIPALITY","sourceUrl":"https://landometer.com/api/v2/citymeter-v3/grocery/info/geom/0de11229-c172-4042-b338-d37abb713a98/MUNICIPALITY","sourceSha256":"c388618eb8fa6c0d21f02a2963384cc8a5c98fa556e1af3a5de7bcfe4500e9f2","retrievedAt":"2026-10-04T05:43:15.284444+00:00","boundaryVintage":null,"geometryStatus":"native_source_polygon_display_simplified","simplificationToleranceDegrees":0.00015,"simplificationPreservesTopology":true,"invalidSourceRepair":"make_valid; retain polygonal components; discard zero-area collapsed lines","legalBoundaryIndependentlyVerified":false,"areaId":"0de11229-c172-4042-b338-d37abb713a98"},"geometry":{"type":"MultiPolygon","coordinates":[[[[102.72884907295814,16.241516944618134],[102.72876,16.241089],[102.728849,16.241517],[102.72884907295814,16.241516944618134]]],[[[102.73221,16.2462],[102.731548,16.246687],[102.729564,16.246988],[102.729095,16.247537],[102.729168,16.248056],[102.729983,16.248183],[102.732034,16.247558],[102.734014,16.246355],[102.734288,16.245923],[102.734246,16.245432],[102.733237,16.24419],[102.734084,16.243471],[102.735414,16.243593],[102.736824,16.243333],[102.739455,16.244179],[102.740533,16.244032],[102.744382,16.242598],[102.745388,16.242874],[102.745641,16.243365],[102.745768,16.24477],[102.743265,16.247381],[102.743223,16.248015],[102.74356,16.248823],[102.745617,16.251608],[102.74735,16.252709],[102.749039,16.254928],[102.750141,16.255553],[102.752619,16.255797],[102.753198,16.256249],[102.754202,16.257544],[102.756395,16.262199],[102.757618,16.265536],[102.758644,16.266802],[102.759799,16.267679],[102.760905,16.269645],[102.760663,16.271263],[102.760922,16.272334],[102.761592,16.27336],[102.762394,16.274068],[102.762822,16.275681],[102.762627,16.276651],[102.76121,16.277012],[102.760813,16.277579],[102.760782,16.278137],[102.761468,16.279118],[102.762178,16.279391],[102.763506,16.279376],[102.764009,16.279666],[102.764488,16.285788],[102.764424,16.286425],[102.764021,16.287093],[102.761556,16.28821],[102.761195,16.288667],[102.761237,16.289271],[102.766094,16.295286],[102.766744,16.295701],[102.767162,16.295575],[102.767365,16.295204],[102.767651,16.292707],[102.766756,16.291261],[102.766673,16.290658],[102.766985,16.290088],[102.767694,16.289604],[102.768868,16.289821],[102.769993,16.291355],[102.7715,16.292587],[102.772002,16.294127],[102.771321,16.29653],[102.77212,16.298368],[102.772919,16.298774],[102.773477,16.298429],[102.773788,16.297703],[102.772842,16.294945],[102.772904,16.293656],[102.773682,16.292996],[102.775697,16.292471],[102.775856,16.291464],[102.776355,16.290781],[102.775987,16.290665],[102.775972,16.29035],[102.775247,16.290115],[102.774616,16.289193],[102.77403,16.289413],[102.773765,16.289265],[102.774006,16.289034],[102.773687,16.288211],[102.77474,16.28779],[102.775313,16.285557],[102.775565,16.285276],[102.776169,16.285066],[102.779443,16.285284],[102.780839,16.283717],[102.782171,16.283919],[102.782763,16.283724],[102.782717,16.283061],[102.78328,16.28277],[102.784142,16.283065],[102.784926,16.283002],[102.785498,16.28342],[102.785623,16.284063],[102.78686,16.284153],[102.787328,16.285727],[102.788975,16.286381],[102.791601,16.286044],[102.792328,16.285465],[102.792905,16.28551],[102.794184,16.284279],[102.796399,16.284051],[102.79768,16.282049],[102.797682,16.279618],[102.797319,16.278522],[102.79766,16.277777],[102.798292,16.277526],[102.799339,16.27773],[102.80102,16.277493],[102.802942,16.276582],[102.803523,16.276571],[102.804612,16.275504],[102.806029,16.2747],[102.806607,16.273241],[102.807152,16.272772],[102.80898,16.272026],[102.811044,16.271733],[102.812116,16.271301],[102.813615,16.269649],[102.815135,16.269254],[102.823119,16.265379],[102.825554,16.263679],[102.827499,16.261957],[102.830093,16.258757],[102.833447,16.250889],[102.833747,16.247774],[102.832239,16.244552],[102.832101,16.242026],[102.834046,16.234583],[102.831629,16.234433],[102.820569,16.231807],[102.797265,16.232953],[102.778437,16.239229],[102.769631,16.239563],[102.762492,16.234951],[102.762497,16.232401],[102.753815,16.227966],[102.748884,16.232382],[102.737841,16.230605],[102.736144,16.233836],[102.733664,16.234827],[102.733481,16.237],[102.728934,16.238068],[102.728317,16.23996],[102.729069,16.24135],[102.72884907295814,16.241516944618134],[102.729302,16.243693],[102.730488,16.243357],[102.73123,16.24349],[102.732274,16.244913],[102.732393,16.245752],[102.73221,16.2462]]]]},"bbox":[102.728317,16.227966,102.834046,16.298774]},{"type":"Feature","id":"4f66a467-6039-4aac-9cde-8224f34ffdb9","properties":{"id":"4f66a467-6039-4aac-9cde-8224f34ffdb9","code":"06402405","provinceCode":"40","nameTh":"องค์การบริหารส่วนตำบล หนองแซง","nameEn":null,"geometryType":"MUNICIPALITY","sourceUrl":"https://landometer.com/api/v2/citymeter-v3/grocery/info/geom/4f66a467-6039-4aac-9cde-8224f34ffdb9/MUNICIPALITY","sourceSha256":"53527ee72cc1121711284ae81f3916e916e543a10c307c5dcece945530dd8dd8","retrievedAt":"2026-10-04T05:43:15.283968+00:00","boundaryVintage":null,"geometryStatus":"native_source_polygon_display_simplified","simplificationToleranceDegrees":0.00015,"simplificationPreservesTopology":true,"invalidSourceRepair":"make_valid; retain polygonal components; discard zero-area collapsed lines","legalBoundaryIndependentlyVerified":false,"areaId":"4f66a467-6039-4aac-9cde-8224f34ffdb9"},"geometry":{"type":"Polygon","coordinates":[[[102.855832,16.155728],[102.853845,16.154499],[102.851616,16.153944],[102.848334,16.152691],[102.845093,16.150582],[102.838571,16.152771],[102.836937,16.152625],[102.835309,16.152048],[102.832503,16.152492],[102.831346,16.153352],[102.831247,16.154045],[102.831751,16.155641],[102.832551,16.16092],[102.831434,16.161569],[102.830891,16.16155],[102.829987,16.160964],[102.828266,16.160619],[102.826434,16.159898],[102.826218,16.160335],[102.821637,16.158979],[102.82006,16.156661],[102.819391,16.156183],[102.816494,16.155094],[102.814141,16.153199],[102.812806,16.152568],[102.811521,16.152461],[102.809983,16.153174],[102.809248,16.153022],[102.808949,16.152531],[102.805368,16.152673],[102.803818,16.153751],[102.802,16.153788],[102.801204,16.153548],[102.800361,16.153733],[102.799986,16.153393],[102.797401,16.152784],[102.796137,16.153022],[102.795707,16.153319],[102.795163,16.151764],[102.792986,16.151814],[102.788233,16.152455],[102.786924,16.152422],[102.785297,16.152025],[102.781661,16.150111],[102.778027,16.146619],[102.773869,16.143484],[102.768743,16.141639],[102.763911,16.141593],[102.76028,16.142231],[102.757857,16.142832],[102.755495,16.144556],[102.754187,16.145045],[102.750765,16.145348],[102.761645,16.181568],[102.765206,16.182843],[102.768684,16.182435],[102.78713,16.185426],[102.794882,16.1918],[102.799776,16.200499],[102.844581,16.208009],[102.847624,16.203654],[102.847675,16.203377],[102.846775,16.202412],[102.846468,16.201009],[102.848166,16.19895],[102.847186,16.197334],[102.84529,16.191359],[102.845352,16.190209],[102.845617,16.189609],[102.845513,16.18776],[102.846209,16.185072],[102.846002,16.184771],[102.845691,16.181558],[102.845843,16.177794],[102.844938,16.174484],[102.845,16.172624],[102.847533,16.169872],[102.848614,16.169124],[102.848779,16.169388],[102.850578,16.168358],[102.853075,16.167449],[102.853002,16.167202],[102.855083,16.166335],[102.855051,16.166069],[102.856123,16.165097],[102.855585,16.164618],[102.857241,16.162686],[102.857198,16.158571],[102.855934,16.156543],[102.855832,16.155728]]]},"bbox":[102.750765,16.141523,102.857241,16.208009]},{"type":"Feature","id":"17e5fc87-bc9e-4d0e-8b27-ed46b937d723","properties":{"id":"17e5fc87-bc9e-4d0e-8b27-ed46b937d723","code":"06402502","provinceCode":"40","nameTh":"องค์การบริหารส่วนตำบล บ้านหัน","nameEn":null,"geometryType":"MUNICIPALITY","sourceUrl":"https://landometer.com/api/v2/citymeter-v3/grocery/info/geom/17e5fc87-bc9e-4d0e-8b27-ed46b937d723/MUNICIPALITY","sourceSha256":"8549c36dbf7f33578757b94764e1c95cc35aef21323e33991aa256ef292142ee","retrievedAt":"2026-10-04T05:43:16.005350+00:00","boundaryVintage":null,"geometryStatus":"native_source_polygon_display_simplified","simplificationToleranceDegrees":0.00015,"simplificationPreservesTopology":true,"invalidSourceRepair":"make_valid; retain polygonal components; discard zero-area collapsed lines","legalBoundaryIndependentlyVerified":false,"areaId":"17e5fc87-bc9e-4d0e-8b27-ed46b937d723"},"geometry":{"type":"Polygon","coordinates":[[[102.756988,15.895409],[102.755478,15.895666],[102.755083,15.896313],[102.754414,15.896233],[102.754013,15.896703],[102.753063,15.896598],[102.752513,15.89745],[102.751806,15.897395],[102.751513,15.898452],[102.750402,15.898768],[102.748715,15.901075],[102.746752,15.902717],[102.745762,15.902771],[102.740441,15.901427],[102.739639,15.901874],[102.737991,15.901769],[102.736281,15.900888],[102.735501,15.901835],[102.734693,15.901446],[102.731163,15.902122],[102.728615,15.903397],[102.728157,15.902822],[102.726706,15.902809],[102.724682,15.90081],[102.721706,15.900433],[102.72148,15.900466],[102.721491,15.901113],[102.720076,15.902379],[102.717372,15.901686],[102.715814,15.903009],[102.713878,15.903026],[102.713625,15.902644],[102.713124,15.902541],[102.711687,15.902579],[102.70988,15.903322],[102.709319,15.902274],[102.708766,15.90225],[102.708008,15.902392],[102.707332,15.902882],[102.706562,15.904808],[102.705791,15.904663],[102.705188,15.904073],[102.704386,15.903908],[102.703058,15.904682],[102.701931,15.904358],[102.700734,15.904713],[102.699799,15.903032],[102.698309,15.903673],[102.69762,15.903017],[102.696282,15.903546],[102.69524,15.902343],[102.694743,15.902587],[102.694504,15.902103],[102.693474,15.902732],[102.693113,15.901604],[102.692055,15.90186],[102.68992,15.90091],[102.687452,15.900994],[102.687244,15.900671],[102.686484,15.901539],[102.685803,15.900743],[102.684746,15.902129],[102.683626,15.900658],[102.681766,15.901799],[102.680936,15.900407],[102.679774,15.900954],[102.679737,15.900796],[102.678532,15.901549],[102.678173,15.901001],[102.675318,15.90228],[102.675142,15.901478],[102.67269,15.902399],[102.672259,15.901848],[102.671822,15.902188],[102.671386,15.901662],[102.670682,15.902299],[102.670133,15.902214],[102.669718,15.900614],[102.667331,15.902061],[102.665966,15.902563],[102.665862,15.900849],[102.664895,15.90109],[102.664876,15.901371],[102.664526,15.901127],[102.664325,15.902448],[102.662416,15.90215],[102.662115,15.90272],[102.661844,15.902413],[102.655233,15.906482],[102.653104,15.907968],[102.653129,15.908458],[102.651934,15.909094],[102.651809,15.909447],[102.654212,15.908031],[102.664225,15.90616],[102.673839,15.919197],[102.683729,15.942211],[102.689962,15.939991],[102.707317,15.95277],[102.700631,15.968472],[102.701226,15.970389],[102.699479,15.971783],[102.699485,15.976122],[102.698225,15.976494],[102.711134,16.010375],[102.711768,16.00923],[102.712045,16.009959],[102.71654,16.000323],[102.718084,15.999458],[102.718793,15.998665],[102.719371,15.999303],[102.721668,15.997993],[102.722835,15.998625],[102.725995,15.999014],[102.72709,16.000272],[102.728024,15.999729],[102.727632,15.998518],[102.728252,15.996966],[102.728261,15.995776],[102.727736,15.994876],[102.728094,15.994371],[102.729935,15.99326],[102.731166,15.991564],[102.7309,15.987566],[102.732418,15.987001],[102.732716,15.985444],[102.732283,15.983642],[102.735221,15.982312],[102.735087,15.981694],[102.735379,15.981284],[102.734609,15.980169],[102.736651,15.979202],[102.737109,15.977534],[102.739381,15.97648],[102.74116,15.974098],[102.741569,15.97503],[102.74343,15.974807],[102.745265,15.97489],[102.745586,15.973506],[102.747665,15.972465],[102.74848,15.970259],[102.74947,15.969359],[102.750113,15.96476],[102.754123,15.9597],[102.754166,15.958989],[102.755606,15.958038],[102.755832,15.957594],[102.758684,15.95674],[102.759949,15.956642],[102.763349,15.957118],[102.765319,15.957097],[102.768398,15.954916],[102.76802,15.953567],[102.767818,15.953585],[102.767613,15.951405],[102.768478,15.9505],[102.768658,15.949305],[102.768263,15.948528],[102.769144,15.948094],[102.768207,15.945423],[102.767567,15.945564],[102.767105,15.943481],[102.766027,15.942951],[102.76604,15.942674],[102.765349,15.942571],[102.764749,15.942151],[102.765141,15.941591],[102.763756,15.939641],[102.763594,15.939726],[102.762553,15.937793],[102.76188,15.937204],[102.761931,15.936989],[102.761176,15.936026],[102.760518,15.936344],[102.760356,15.935673],[102.759954,15.93574],[102.759856,15.935189],[102.759219,15.935299],[102.759079,15.934783],[102.759528,15.934717],[102.759375,15.934378],[102.75868,15.934562],[102.758429,15.933753],[102.759427,15.933496],[102.758956,15.931742],[102.759375,15.931595],[102.759069,15.930498],[102.759347,15.930315],[102.758975,15.930084],[102.760201,15.928514],[102.760795,15.927094],[102.760134,15.925548],[102.760066,15.924646],[102.759813,15.924622],[102.760011,15.922406],[102.759408,15.922043],[102.758382,15.922141],[102.758158,15.921565],[102.758218,15.917925],[102.758411,15.917086],[102.759173,15.916436],[102.758522,15.915685],[102.758355,15.915984],[102.757351,15.91576],[102.756943,15.914184],[102.757092,15.913246],[102.758819,15.911105],[102.758546,15.910036],[102.759073,15.909413],[102.755081,15.903724],[102.755304,15.900596],[102.75826,15.897797],[102.756988,15.895409]]]},"bbox":[102.651809,15.895362,102.769144,16.010375]},{"type":"Feature","id":"ad9d2328-0129-4497-92ee-743f65798681","properties":{"id":"ad9d2328-0129-4497-92ee-743f65798681","code":"06402503","provinceCode":"40","nameTh":"องค์การบริหารส่วนตำบล โนนแดง","nameEn":null,"geometryType":"MUNICIPALITY","sourceUrl":"https://landometer.com/api/v2/citymeter-v3/grocery/info/geom/ad9d2328-0129-4497-92ee-743f65798681/MUNICIPALITY","sourceSha256":"be14ae6cb7e91fe6b1389bcd82843d1e21ac1e41a0d5375a00dd772d90b3a4ea","retrievedAt":"2026-10-04T05:43:15.282748+00:00","boundaryVintage":null,"geometryStatus":"native_source_polygon_display_simplified","simplificationToleranceDegrees":0.00015,"simplificationPreservesTopology":true,"invalidSourceRepair":"make_valid; retain polygonal components; discard zero-area collapsed lines","legalBoundaryIndependentlyVerified":false,"areaId":"ad9d2328-0129-4497-92ee-743f65798681"},"geometry":{"type":"MultiPolygon","coordinates":[[[[102.69821556769695,15.9764967885887],[102.698225,15.976494],[102.689356,15.97868],[102.69821556769695,15.9764967885887]]],[[[102.66431,15.997009],[102.663495,15.997207],[102.663526,15.997301],[102.66431,15.997009]]],[[[102.662337,15.97281],[102.662625,15.983214],[102.666337,15.989464],[102.66431,15.997009],[102.670849,16.002195],[102.670858,16.007076],[102.667623,16.009229],[102.667135,16.013661],[102.671892,16.01874],[102.678141,16.039787],[102.67914,16.040078],[102.679886,16.040599],[102.680213,16.039224],[102.680201,16.038002],[102.680807,16.037595],[102.681276,16.035174],[102.679785,16.032799],[102.679795,16.030174],[102.681627,16.030031],[102.682103,16.029644],[102.683617,16.029374],[102.68363,16.029122],[102.686489,16.028187],[102.68677,16.026798],[102.687862,16.025839],[102.688229,16.025109],[102.68794,16.024203],[102.688825,16.02386],[102.68942,16.023902],[102.691715,16.024663],[102.693404,16.023938],[102.701394,16.016789],[102.703995,16.017146],[102.706475,16.016557],[102.706702,16.016433],[102.706438,16.015584],[102.707444,16.015131],[102.708933,16.015287],[102.708954,16.014662],[102.710042,16.014757],[102.710216,16.015268],[102.710983,16.015253],[102.71123,16.014693],[102.711973,16.015168],[102.712258,16.01611],[102.712542,16.016233],[102.711214,16.011741],[102.712045,16.009959],[102.711768,16.00923],[102.711167,16.010462],[102.698235,15.976492],[102.69821556769695,15.9764967885887],[102.683102,15.980965],[102.682582,15.980349],[102.680299,15.980912],[102.66808,15.976971],[102.662337,15.97281]]]]},"bbox":[102.662337,15.97281,102.712542,16.040599]},{"type":"Feature","id":"67588a98-ffe9-4b3f-9032-fe3d9e8e1f2c","properties":{"id":"67588a98-ffe9-4b3f-9032-fe3d9e8e1f2c","code":"06402504","provinceCode":"40","nameTh":"องค์การบริหารส่วนตำบล เปือยใหญ่","nameEn":null,"geometryType":"MUNICIPALITY","sourceUrl":"https://landometer.com/api/v2/citymeter-v3/grocery/info/geom/67588a98-ffe9-4b3f-9032-fe3d9e8e1f2c/MUNICIPALITY","sourceSha256":"98d16d28ebccb959ac45c8e939febd83b1a613a080f2b11c9ccd01ac8596b615","retrievedAt":"2026-10-04T05:43:15.496261+00:00","boundaryVintage":null,"geometryStatus":"native_source_polygon_display_simplified","simplificationToleranceDegrees":0.00015,"simplificationPreservesTopology":true,"invalidSourceRepair":"make_valid; retain polygonal components; discard zero-area collapsed lines","legalBoundaryIndependentlyVerified":false,"areaId":"67588a98-ffe9-4b3f-9032-fe3d9e8e1f2c"},"geometry":{"type":"Polygon","coordinates":[[[102.667135,16.013661],[102.667623,16.009229],[102.670858,16.007076],[102.670849,16.002195],[102.66431,15.997009],[102.656513,15.999914],[102.631416,16.017142],[102.621149,16.016649],[102.619599,16.018995],[102.620713,16.019625],[102.621984,16.021316],[102.622356,16.022409],[102.623999,16.022578],[102.62357,16.025391],[102.624527,16.025615],[102.624525,16.026331],[102.625592,16.027002],[102.626469,16.026833],[102.627444,16.027311],[102.627144,16.027965],[102.627328,16.028693],[102.628618,16.029747],[102.629553,16.031285],[102.630036,16.031525],[102.629553,16.032352],[102.630111,16.032811],[102.630171,16.033509],[102.630631,16.034074],[102.630937,16.034363],[102.631306,16.034287],[102.634044,16.035134],[102.633953,16.036701],[102.63518,16.03715],[102.634849,16.037996],[102.63465,16.041011],[102.633392,16.041932],[102.632843,16.043325],[102.634795,16.043519],[102.635825,16.044099],[102.635885,16.044853],[102.638129,16.045343],[102.638721,16.047556],[102.639747,16.047123],[102.640034,16.047772],[102.640065,16.048169],[102.63903,16.048793],[102.639337,16.049233],[102.641148,16.050557],[102.642658,16.050609],[102.642694,16.051357],[102.641662,16.053821],[102.643214,16.053818],[102.643652,16.054398],[102.642955,16.057199],[102.644316,16.057959],[102.645499,16.059005],[102.645031,16.060467],[102.645308,16.060667],[102.645043,16.061333],[102.646455,16.061376],[102.648185,16.06056],[102.648601,16.059906],[102.652224,16.057254],[102.652088,16.056753],[102.653433,16.05547],[102.656087,16.054014],[102.655265,16.053071],[102.655234,16.050929],[102.654465,16.047374],[102.654978,16.046635],[102.655029,16.046112],[102.654348,16.045167],[102.654314,16.044332],[102.654774,16.043926],[102.655314,16.042753],[102.656773,16.042583],[102.657918,16.042995],[102.659073,16.043068],[102.660486,16.042218],[102.661622,16.042102],[102.661729,16.041708],[102.664673,16.041572],[102.666741,16.041122],[102.668187,16.041861],[102.669601,16.040909],[102.670131,16.040074],[102.67512,16.039797],[102.676418,16.040157],[102.678141,16.039787],[102.671892,16.01874],[102.667135,16.013661]]]},"bbox":[102.619599,15.997009,102.678141,16.06143]},{"type":"Feature","id":"6061bb8f-979d-4448-a757-e31f5acdb06c","properties":{"id":"6061bb8f-979d-4448-a757-e31f5acdb06c","code":"06402505","provinceCode":"40","nameTh":"องค์การบริหารส่วนตำบล หนองปลาหมอ","nameEn":null,"geometryType":"MUNICIPALITY","sourceUrl":"https://landometer.com/api/v2/citymeter-v3/grocery/info/geom/6061bb8f-979d-4448-a757-e31f5acdb06c/MUNICIPALITY","sourceSha256":"ba0272212a8ddf3525263f43bd342b2dea062da621c137ca06b99040d2b8eb02","retrievedAt":"2026-10-04T05:43:15.487930+00:00","boundaryVintage":null,"geometryStatus":"native_source_polygon_display_simplified","simplificationToleranceDegrees":0.00015,"simplificationPreservesTopology":true,"invalidSourceRepair":"make_valid; retain polygonal components; discard zero-area collapsed lines","legalBoundaryIndependentlyVerified":false,"areaId":"6061bb8f-979d-4448-a757-e31f5acdb06c"},"geometry":{"type":"Polygon","coordinates":[[[102.662337,15.97281],[102.66808,15.976971],[102.680299,15.980912],[102.682582,15.980349],[102.673692,15.969815],[102.670815,15.954491],[102.678878,15.943938],[102.683729,15.942211],[102.673839,15.919197],[102.664225,15.90616],[102.654212,15.908031],[102.651809,15.909447],[102.652123,15.910135],[102.651616,15.910684],[102.650245,15.91126],[102.64978,15.910676],[102.648798,15.911091],[102.64669,15.913176],[102.645727,15.916053],[102.64489,15.916855],[102.644436,15.919133],[102.643442,15.921068],[102.643458,15.923046],[102.642791,15.923132],[102.642915,15.924482],[102.642688,15.924974],[102.641643,15.925725],[102.641214,15.926609],[102.641575,15.926938],[102.640487,15.927975],[102.640278,15.930589],[102.639866,15.930868],[102.639524,15.93247],[102.638992,15.933358],[102.637705,15.934487],[102.63842,15.935951],[102.637707,15.937315],[102.637891,15.938296],[102.63772,15.938736],[102.638184,15.939731],[102.638764,15.940315],[102.638863,15.941177],[102.637778,15.942667],[102.637712,15.943177],[102.637025,15.943673],[102.63675,15.946837],[102.63723,15.9478],[102.637138,15.948775],[102.636045,15.950985],[102.634803,15.952134],[102.633024,15.953349],[102.632166,15.952765],[102.631049,15.955449],[102.631247,15.956436],[102.630843,15.95701],[102.631046,15.957905],[102.630834,15.958695],[102.629497,15.960227],[102.627689,15.961434],[102.627679,15.961892],[102.62727,15.962119],[102.627166,15.963211],[102.625993,15.963604],[102.625907,15.963897],[102.626181,15.964307],[102.625772,15.966104],[102.624399,15.966754],[102.623641,15.966511],[102.622924,15.966887],[102.62292,15.96923],[102.621978,15.970785],[102.621583,15.971031],[102.620595,15.973429],[102.620241,15.975718],[102.619917,15.976236],[102.61991,15.977552],[102.618679,15.978295],[102.618333,15.978836],[102.617836,15.979065],[102.617377,15.979857],[102.615994,15.980379],[102.615927,15.980766],[102.61504,15.980665],[102.614435,15.981311],[102.613681,15.98134],[102.613581,15.982308],[102.613278,15.982364],[102.613084,15.982942],[102.612083,15.983457],[102.612244,15.984661],[102.611995,15.985189],[102.612102,15.986429],[102.61162,15.987075],[102.611129,15.987227],[102.611028,15.987722],[102.61126,15.988088],[102.610779,15.988556],[102.610715,15.989179],[102.610293,15.989765],[102.609477,15.989755],[102.60962,15.991433],[102.609992,15.991967],[102.609763,15.992962],[102.610378,15.993664],[102.609578,15.994921],[102.610165,15.995515],[102.610222,15.996247],[102.609582,15.996526],[102.609372,15.997044],[102.608609,15.997353],[102.608173,15.999273],[102.606204,16.000686],[102.605981,16.001276],[102.604703,16.001718],[102.604592,16.002459],[102.603876,16.002711],[102.602389,16.002603],[102.601901,16.003267],[102.602175,16.005931],[102.601795,16.006791],[102.602375,16.007533],[102.602589,16.008373],[102.603264,16.008615],[102.603106,16.009669],[102.605792,16.010002],[102.606436,16.010852],[102.606238,16.011142],[102.611823,16.014438],[102.613843,16.014231],[102.615295,16.014624],[102.615971,16.015494],[102.616337,16.016819],[102.619599,16.018995],[102.621149,16.016649],[102.631416,16.017142],[102.656513,15.999914],[102.66431,15.997009],[102.663495,15.997207],[102.664345,15.996877],[102.666337,15.989464],[102.662625,15.983214],[102.662337,15.97281]]]},"bbox":[102.601791,15.90616,102.683729,16.018995]},{"type":"Feature","id":"3088c21d-848f-44b1-8800-96d6d3fabf4a","properties":{"id":"3088c21d-848f-44b1-8800-96d6d3fabf4a","code":"06402902","provinceCode":"40","nameTh":"องค์การบริหารส่วนตำบล เขาน้อย","nameEn":null,"geometryType":"MUNICIPALITY","sourceUrl":"https://landometer.com/api/v2/citymeter-v3/grocery/info/geom/3088c21d-848f-44b1-8800-96d6d3fabf4a/MUNICIPALITY","sourceSha256":"a9378071551d187f8d8f8c69df71fe3ae4aeffb90ca8457ae9deb8ba120b5057","retrievedAt":"2026-10-04T05:43:15.359715+00:00","boundaryVintage":null,"geometryStatus":"native_source_polygon_display_simplified","simplificationToleranceDegrees":0.00015,"simplificationPreservesTopology":true,"invalidSourceRepair":"make_valid; retain polygonal components; discard zero-area collapsed lines","legalBoundaryIndependentlyVerified":false,"areaId":"3088c21d-848f-44b1-8800-96d6d3fabf4a"},"geometry":{"type":"Polygon","coordinates":[[[102.35984,16.69518],[102.354967,16.684757],[102.353359,16.682619],[102.35211,16.681489],[102.350745,16.689411],[102.349907,16.688046],[102.346108,16.689776],[102.343588,16.686552],[102.337483,16.686196],[102.336528,16.684516],[102.329762,16.68542],[102.328113,16.683523],[102.323275,16.683779],[102.322012,16.686238],[102.318139,16.685839],[102.321038,16.686274],[102.318532,16.686698],[102.319216,16.687727],[102.31522,16.693274],[102.314375,16.692525],[102.314271,16.695128],[102.308591,16.697138],[102.310727,16.702179],[102.30922,16.70522],[102.319119,16.706],[102.314824,16.710371],[102.317955,16.715122],[102.315875,16.723754],[102.309009,16.726094],[102.307059,16.726048],[102.306523,16.727344],[102.307261,16.730934],[102.314184,16.731936],[102.31683,16.755236],[102.316316,16.76676],[102.319146,16.765269],[102.323049,16.763761],[102.325176,16.763331],[102.332041,16.7611],[102.33425,16.7603],[102.337246,16.758814],[102.339571,16.758918],[102.343305,16.757613],[102.345497,16.756247],[102.351949,16.749142],[102.353752,16.747717],[102.356525,16.744642],[102.358636,16.741075],[102.359443,16.739154],[102.360676,16.733485],[102.363132,16.724627],[102.363681,16.715328],[102.363192,16.708698],[102.360822,16.698198],[102.35984,16.69518]]]},"bbox":[102.306523,16.681489,102.363681,16.76676]},{"type":"Feature","id":"d95737b0-8f8a-4cb0-a6d2-1dff03fb0133","properties":{"id":"d95737b0-8f8a-4cb0-a6d2-1dff03fb0133","code":"06402903","provinceCode":"40","nameTh":"องค์การบริหารส่วนตำบล เมืองเก่าพัฒนา","nameEn":null,"geometryType":"MUNICIPALITY","sourceUrl":"https://landometer.com/api/v2/citymeter-v3/grocery/info/geom/d95737b0-8f8a-4cb0-a6d2-1dff03fb0133/MUNICIPALITY","sourceSha256":"9f62981711baba29746ccf2475c150fdc05004d66469dc4ed3748c909544f0be","retrievedAt":"2026-10-04T05:43:15.359824+00:00","boundaryVintage":null,"geometryStatus":"native_source_polygon_display_simplified","simplificationToleranceDegrees":0.00015,"simplificationPreservesTopology":true,"invalidSourceRepair":"make_valid; retain polygonal components; discard zero-area collapsed lines","legalBoundaryIndependentlyVerified":false,"areaId":"d95737b0-8f8a-4cb0-a6d2-1dff03fb0133"},"geometry":{"type":"Polygon","coordinates":[[[102.35211,16.681489],[102.35165,16.681241],[102.351889,16.680752],[102.351745,16.678347],[102.351023,16.671952],[102.350028,16.668802],[102.349138,16.667517],[102.348188,16.664931],[102.347276,16.663371],[102.344724,16.660122],[102.33843,16.654116],[102.331919,16.648607],[102.328452,16.64614],[102.326496,16.645035],[102.314493,16.639727],[102.310391,16.636276],[102.304056,16.632155],[102.300221,16.629981],[102.293155,16.625112],[102.286406,16.619749],[102.282802,16.617622],[102.278304,16.615433],[102.275599,16.614499],[102.270845,16.61333],[102.260718,16.609476],[102.257328,16.60859],[102.249731,16.607181],[102.245232,16.605893],[102.241732,16.605192],[102.235347,16.60309],[102.232359,16.603064],[102.230513,16.602782],[102.226198,16.600679],[102.22154,16.599231],[102.213265,16.597969],[102.212708,16.598322],[102.211134,16.600952],[102.210826,16.601187],[102.210195,16.601138],[102.208382,16.598535],[102.205027,16.596115],[102.197995,16.592151],[102.193483,16.58911],[102.191467,16.58847],[102.189897,16.588704],[102.187175,16.589801],[102.184309,16.590462],[102.182889,16.591877],[102.180992,16.595833],[102.178583,16.597564],[102.177664,16.598664],[102.175617,16.602748],[102.174577,16.603691],[102.172941,16.604147],[102.170721,16.604198],[102.166589,16.603325],[102.163589,16.603221],[102.16203,16.603511],[102.15882,16.604636],[102.157722,16.605556],[102.157461,16.60693],[102.15758,16.608695],[102.158462,16.612873],[102.157321,16.616688],[102.15788,16.620195],[102.158416,16.621595],[102.15929,16.622352],[102.160367,16.62583],[102.160616,16.627841],[102.161459,16.630646],[102.163348,16.633679],[102.1646,16.638154],[102.165208,16.638851],[102.165899,16.639144],[102.168738,16.639431],[102.17104,16.64056],[102.173604,16.641399],[102.176613,16.643499],[102.180199,16.643877],[102.181916,16.644672],[102.183631,16.645892],[102.184874,16.647422],[102.186325,16.648448],[102.19023,16.650484],[102.192252,16.651224],[102.194915,16.652936],[102.202392,16.661123],[102.212534,16.650395],[102.225031,16.641519],[102.232349,16.637757],[102.234435,16.639246],[102.236799,16.637513],[102.241991,16.642198],[102.256626,16.642696],[102.257663,16.649018],[102.261696,16.654062],[102.264091,16.656607],[102.269944,16.655864],[102.273061,16.660958],[102.281117,16.658115],[102.281984,16.660834],[102.284169,16.661915],[102.288305,16.659687],[102.290337,16.66048],[102.290887,16.658866],[102.291194,16.660679],[102.293774,16.660641],[102.297063,16.663402],[102.299599,16.662887],[102.301182,16.667928],[102.299871,16.669859],[102.302971,16.671593],[102.308725,16.679473],[102.317351,16.68423],[102.317397,16.685728],[102.322012,16.686238],[102.323275,16.683779],[102.328113,16.683523],[102.329762,16.68542],[102.336528,16.684516],[102.337483,16.686196],[102.343588,16.686552],[102.346108,16.689776],[102.349907,16.688046],[102.350745,16.689411],[102.35211,16.681489]]]},"bbox":[102.157321,16.58847,102.35211,16.689776]}]}
