{"type":"FeatureCollection","metadata":{"provinceCode":"46","source":"CityMETER native source fine polygons","retrievedAt":"2026-10-04T05:47:59.982596+00:00","total":150,"retrieved":150,"displaySimplificationToleranceDegrees":0.00015,"legalBoundaryIndependentlyVerified":false},"features":[{"type":"Feature","id":"72374f1e-1123-4f39-a9e6-c1e432bf3201","properties":{"id":"72374f1e-1123-4f39-a9e6-c1e432bf3201","code":"04460102","provinceCode":"46","nameTh":"เทศบาลเมือง กาฬสินธุ์","nameEn":null,"geometryType":"MUNICIPALITY","sourceUrl":"https://landometer.com/api/v2/citymeter-v3/grocery/info/geom/72374f1e-1123-4f39-a9e6-c1e432bf3201/MUNICIPALITY","sourceSha256":"6b25abe365f64f0a0530dd2ae4f12ad60a1a94c7494422f12fda259f8de4d215","retrievedAt":"2026-10-04T05:43:28.100658+00:00","boundaryVintage":null,"geometryStatus":"native_source_polygon_display_simplified","simplificationToleranceDegrees":0.00015,"simplificationPreservesTopology":true,"invalidSourceRepair":"make_valid; retain polygonal components; discard zero-area collapsed lines","legalBoundaryIndependentlyVerified":false,"areaId":"72374f1e-1123-4f39-a9e6-c1e432bf3201"},"geometry":{"type":"Polygon","coordinates":[[[103.538344,16.457387],[103.545204,16.462144],[103.548213,16.45871],[103.545194,16.456003],[103.547729,16.448048],[103.547535,16.447267],[103.54711,16.448159],[103.546366,16.446706],[103.545997,16.445214],[103.538424,16.43806],[103.528127,16.421814],[103.520951,16.415488],[103.516706,16.412355],[103.483355,16.424612],[103.482346,16.426269],[103.491157,16.429192],[103.491501,16.435254],[103.492723,16.437669],[103.496321,16.439494],[103.496926,16.444773],[103.500953,16.446259],[103.501938,16.446376],[103.500454,16.445195],[103.508859,16.446192],[103.509937,16.449503],[103.508641,16.455408],[103.538344,16.457387]]]},"bbox":[103.482346,16.412355,103.548213,16.462144]},{"type":"Feature","id":"9c8c85bf-2b29-46f3-9aca-52ff5fd0e15a","properties":{"id":"9c8c85bf-2b29-46f3-9aca-52ff5fd0e15a","code":"04460502","provinceCode":"46","nameTh":"เทศบาลเมือง กุฉินารายณ์","nameEn":null,"geometryType":"MUNICIPALITY","sourceUrl":"https://landometer.com/api/v2/citymeter-v3/grocery/info/geom/9c8c85bf-2b29-46f3-9aca-52ff5fd0e15a/MUNICIPALITY","sourceSha256":"8ec45e3e7eefecd124d465c96b9ba590ad76d4f9188bffb5a407674d585ac669","retrievedAt":"2026-10-04T05:43:28.093236+00:00","boundaryVintage":null,"geometryStatus":"native_source_polygon_display_simplified","simplificationToleranceDegrees":0.00015,"simplificationPreservesTopology":true,"invalidSourceRepair":"make_valid; retain polygonal components; discard zero-area collapsed lines","legalBoundaryIndependentlyVerified":false,"areaId":"9c8c85bf-2b29-46f3-9aca-52ff5fd0e15a"},"geometry":{"type":"Polygon","coordinates":[[[104.058688,16.558017],[104.057518,16.551363],[104.060564,16.544709],[104.059682,16.539043],[104.05717,16.537616],[104.057463,16.531338],[104.059334,16.530447],[104.057794,16.527819],[104.058537,16.523807],[104.052392,16.519563],[104.035525,16.516883],[104.027001,16.525999],[104.029203,16.530348],[104.026027,16.538656],[104.030679,16.54822],[104.029389,16.552681],[104.03159,16.554366],[104.032021,16.554019],[104.042691,16.559443],[104.058688,16.558017]]]},"bbox":[104.026027,16.516883,104.060564,16.559443]},{"type":"Feature","id":"3bba835b-d8a1-4445-9532-1502609de5ae","properties":{"id":"3bba835b-d8a1-4445-9532-1502609de5ae","code":"05460103","provinceCode":"46","nameTh":"เทศบาลตำบล นาจารย์","nameEn":null,"geometryType":"MUNICIPALITY","sourceUrl":"https://landometer.com/api/v2/citymeter-v3/grocery/info/geom/3bba835b-d8a1-4445-9532-1502609de5ae/MUNICIPALITY","sourceSha256":"02369ff42c7849167138c2aaf89b310c864c9b28c9ebf2d29f224d3f24403cbe","retrievedAt":"2026-10-04T05:43:28.114735+00:00","boundaryVintage":null,"geometryStatus":"native_source_polygon_display_simplified","simplificationToleranceDegrees":0.00015,"simplificationPreservesTopology":true,"invalidSourceRepair":"make_valid; retain polygonal components; discard zero-area collapsed lines","legalBoundaryIndependentlyVerified":false,"areaId":"3bba835b-d8a1-4445-9532-1502609de5ae"},"geometry":{"type":"Polygon","coordinates":[[[103.602969,16.529289],[103.604419,16.531586],[103.603849,16.53512],[103.601304,16.537463],[103.601164,16.540551],[103.606229,16.550782],[103.614126,16.54781],[103.615617,16.551654],[103.619052,16.554476],[103.621204,16.551509],[103.624062,16.560513],[103.627787,16.564962],[103.634656,16.565284],[103.636526,16.573839],[103.634822,16.577109],[103.638683,16.577785],[103.641264,16.587765],[103.662242,16.613229],[103.665297,16.607767],[103.66723,16.605949],[103.66911,16.604789],[103.677901,16.600517],[103.683429,16.599406],[103.686778,16.597942],[103.676606,16.580113],[103.670885,16.576041],[103.676099,16.573542],[103.673675,16.568618],[103.67022,16.567142],[103.66931,16.565135],[103.67197,16.558879],[103.669974,16.549495],[103.667772,16.551485],[103.657327,16.551235],[103.657748,16.552521],[103.655737,16.553429],[103.647282,16.547647],[103.642839,16.547066],[103.634258,16.542737],[103.62386,16.512364],[103.628325,16.505123],[103.627859,16.502804],[103.623038,16.499781],[103.62253,16.494773],[103.622288,16.494686],[103.622533,16.494335],[103.62216,16.494155],[103.622106,16.493818],[103.621752,16.493866],[103.621719,16.493586],[103.621323,16.493513],[103.620197,16.493905],[103.619868,16.49434],[103.619547,16.494286],[103.619255,16.494778],[103.618808,16.494874],[103.618815,16.495483],[103.617878,16.495029],[103.617458,16.495119],[103.617163,16.494782],[103.616172,16.495293],[103.615631,16.494907],[103.615279,16.495264],[103.614251,16.495024],[103.612927,16.498112],[103.609488,16.498677],[103.609438,16.507699],[103.603888,16.51349],[103.604096,16.516183],[103.592118,16.509183],[103.585741,16.511815],[103.584312,16.510959],[103.582018,16.514052],[103.602969,16.529289]]]},"bbox":[103.582018,16.493508,103.686778,16.613229]},{"type":"Feature","id":"d0a76288-0046-4c8b-84a6-22f5f565a3b3","properties":{"id":"d0a76288-0046-4c8b-84a6-22f5f565a3b3","code":"05460104","provinceCode":"46","nameTh":"เทศบาลตำบล หนองสอ","nameEn":null,"geometryType":"MUNICIPALITY","sourceUrl":"https://landometer.com/api/v2/citymeter-v3/grocery/info/geom/d0a76288-0046-4c8b-84a6-22f5f565a3b3/MUNICIPALITY","sourceSha256":"d8e2389f6d385083d3594f11058a38f3852fd264e8c6e74eab0dbbb7a972e129","retrievedAt":"2026-10-04T05:43:28.104685+00:00","boundaryVintage":null,"geometryStatus":"native_source_polygon_display_simplified","simplificationToleranceDegrees":0.00015,"simplificationPreservesTopology":true,"invalidSourceRepair":"make_valid; retain polygonal components; discard zero-area collapsed lines","legalBoundaryIndependentlyVerified":false,"areaId":"d0a76288-0046-4c8b-84a6-22f5f565a3b3"},"geometry":{"type":"Polygon","coordinates":[[[103.485338,16.568428],[103.482723,16.570341],[103.481323,16.569168],[103.477611,16.569769],[103.474899,16.571984],[103.473449,16.578229],[103.478306,16.578323],[103.477986,16.579444],[103.473626,16.581636],[103.474501,16.586084],[103.465177,16.593116],[103.463669,16.596257],[103.460599,16.596872],[103.460502,16.600313],[103.461185,16.600799],[103.46088,16.601239],[103.460371,16.601447],[103.462096,16.602674],[103.457427,16.610331],[103.45736,16.616814],[103.458365,16.617172],[103.45837,16.617564],[103.462343,16.619652],[103.476229,16.617894],[103.48328,16.619963],[103.492561,16.616169],[103.497704,16.616852],[103.506578,16.605803],[103.51218,16.605849],[103.513919,16.606156],[103.518296,16.611593],[103.527561,16.612997],[103.530017,16.615189],[103.54171,16.614781],[103.545194,16.618612],[103.545107,16.619171],[103.546186,16.619704],[103.54711,16.62072],[103.54886,16.592036],[103.546487,16.591088],[103.543837,16.586303],[103.533088,16.585965],[103.531562,16.583254],[103.532796,16.579142],[103.531586,16.575745],[103.528815,16.575234],[103.527876,16.572141],[103.524846,16.572952],[103.521836,16.571704],[103.520974,16.568266],[103.516608,16.566846],[103.518224,16.556871],[103.510763,16.557498],[103.511813,16.55741],[103.511752,16.557662],[103.502166,16.558834],[103.501301,16.569484],[103.498706,16.570939],[103.495407,16.568346],[103.489678,16.567332],[103.488327,16.569389],[103.485338,16.568428]]]},"bbox":[103.457281,16.556871,103.548896,16.62072]},{"type":"Feature","id":"10b82ed0-61ab-45d8-b7d7-145585d64d9e","properties":{"id":"10b82ed0-61ab-45d8-b7d7-145585d64d9e","code":"05460105","provinceCode":"46","nameTh":"เทศบาลตำบล ห้วยโพธิ์","nameEn":null,"geometryType":"MUNICIPALITY","sourceUrl":"https://landometer.com/api/v2/citymeter-v3/grocery/info/geom/10b82ed0-61ab-45d8-b7d7-145585d64d9e/MUNICIPALITY","sourceSha256":"318cc8a03aa47986c2bcd9f16beec530ab43fd9562ed6c8affee91f3a319c8b0","retrievedAt":"2026-10-04T05:43:28.166564+00:00","boundaryVintage":null,"geometryStatus":"native_source_polygon_display_simplified","simplificationToleranceDegrees":0.00015,"simplificationPreservesTopology":true,"invalidSourceRepair":"make_valid; retain polygonal components; discard zero-area collapsed lines","legalBoundaryIndependentlyVerified":false,"areaId":"10b82ed0-61ab-45d8-b7d7-145585d64d9e"},"geometry":{"type":"Polygon","coordinates":[[[103.551591,16.394074],[103.555073,16.396724],[103.561566,16.415262],[103.563224,16.41458],[103.567817,16.411994],[103.578355,16.408357],[103.585708,16.407504],[103.601438,16.409144],[103.61127,16.408125],[103.630179,16.398652],[103.630481,16.393866],[103.628865,16.392082],[103.63053,16.387166],[103.629098,16.385404],[103.633793,16.383659],[103.632914,16.380171],[103.628734,16.380999],[103.62804,16.377224],[103.630712,16.375053],[103.63083,16.372886],[103.627912,16.371488],[103.621713,16.369871],[103.593646,16.370494],[103.590909,16.37032],[103.587681,16.369277],[103.577694,16.36513],[103.56621,16.358948],[103.557673,16.353784],[103.55748,16.35329],[103.557839,16.351434],[103.557586,16.350646],[103.555821,16.348133],[103.554544,16.348092],[103.55416,16.347748],[103.554961,16.345737],[103.556153,16.345394],[103.556034,16.344298],[103.558021,16.343716],[103.557944,16.343462],[103.557069,16.34339],[103.556668,16.34127],[103.557419,16.341332],[103.558207,16.340762],[103.558995,16.341135],[103.559484,16.340153],[103.559138,16.339049],[103.559255,16.338712],[103.559541,16.338788],[103.559803,16.339588],[103.560187,16.339751],[103.560998,16.339465],[103.561318,16.33898],[103.560984,16.338358],[103.561056,16.337432],[103.560798,16.336694],[103.559358,16.335815],[103.559057,16.335042],[103.557875,16.334672],[103.557808,16.334305],[103.558208,16.333689],[103.557699,16.332334],[103.55706,16.33244],[103.55689,16.333356],[103.556468,16.333706],[103.556145,16.333419],[103.556348,16.332672],[103.556091,16.332342],[103.553002,16.332418],[103.551185,16.332952],[103.550213,16.332417],[103.550068,16.331922],[103.549502,16.331733],[103.548609,16.331911],[103.547654,16.331145],[103.547135,16.331601],[103.54727,16.333256],[103.54692,16.33338],[103.545017,16.332279],[103.544806,16.331372],[103.543958,16.331231],[103.543608,16.331488],[103.544188,16.331923],[103.544051,16.332231],[103.543014,16.33218],[103.541269,16.331666],[103.541091,16.332001],[103.541712,16.33263],[103.541704,16.333062],[103.541334,16.333139],[103.540663,16.332802],[103.540092,16.333246],[103.539065,16.333263],[103.538678,16.333527],[103.538638,16.334016],[103.538934,16.3345],[103.539996,16.3348],[103.54025,16.336166],[103.539971,16.336407],[103.538708,16.336279],[103.538647,16.336635],[103.539204,16.337313],[103.5391,16.337634],[103.53825,16.337153],[103.537546,16.337692],[103.537555,16.338086],[103.538441,16.338789],[103.538873,16.339523],[103.538648,16.340191],[103.537732,16.34097],[103.53736,16.34098],[103.537067,16.340657],[103.53799,16.339997],[103.538027,16.3395],[103.536571,16.338872],[103.536144,16.338956],[103.536159,16.339574],[103.535648,16.340481],[103.534845,16.340739],[103.534443,16.340506],[103.534567,16.339821],[103.534266,16.339465],[103.533721,16.339515],[103.533492,16.340011],[103.532654,16.340171],[103.53162,16.339338],[103.530507,16.339004],[103.530237,16.339145],[103.530161,16.339762],[103.530977,16.340891],[103.530696,16.341071],[103.52971,16.340885],[103.529192,16.341123],[103.529027,16.341578],[103.529438,16.34239],[103.529166,16.342659],[103.524648,16.341391],[103.524046,16.340237],[103.523513,16.340413],[103.523061,16.341384],[103.52219,16.341821],[103.522428,16.342471],[103.523518,16.342076],[103.523754,16.342426],[103.523058,16.343775],[103.523597,16.345024],[103.52333,16.345233],[103.52226,16.345117],[103.522121,16.346129],[103.521561,16.346843],[103.521438,16.347714],[103.52348,16.361537],[103.522337,16.364324],[103.523659,16.37075],[103.522762,16.377682],[103.524196,16.382331],[103.534914,16.387991],[103.540689,16.391658],[103.551591,16.394074]]]},"bbox":[103.521438,16.331145,103.633793,16.415262]},{"type":"Feature","id":"e6c525f4-8377-4b26-9a4d-7d20a46e4761","properties":{"id":"e6c525f4-8377-4b26-9a4d-7d20a46e4761","code":"05460106","provinceCode":"46","nameTh":"เทศบาลตำบล ลำคลอง","nameEn":null,"geometryType":"MUNICIPALITY","sourceUrl":"https://landometer.com/api/v2/citymeter-v3/grocery/info/geom/e6c525f4-8377-4b26-9a4d-7d20a46e4761/MUNICIPALITY","sourceSha256":"f328ce5bba72b93edab6b70359ad744ef6e798f61562919bb692ffb7fe29d2de","retrievedAt":"2026-10-04T05:43:28.110920+00:00","boundaryVintage":null,"geometryStatus":"native_source_polygon_display_simplified","simplificationToleranceDegrees":0.00015,"simplificationPreservesTopology":true,"invalidSourceRepair":"make_valid; retain polygonal components; discard zero-area collapsed lines","legalBoundaryIndependentlyVerified":false,"areaId":"e6c525f4-8377-4b26-9a4d-7d20a46e4761"},"geometry":{"type":"Polygon","coordinates":[[[103.465177,16.593116],[103.474501,16.586084],[103.473626,16.581636],[103.477986,16.579444],[103.478306,16.578323],[103.473449,16.578229],[103.474899,16.571984],[103.455126,16.562299],[103.455262,16.561375],[103.454416,16.561464],[103.453742,16.562372],[103.452249,16.56322],[103.44979,16.563647],[103.448776,16.563347],[103.445668,16.561431],[103.444241,16.561288],[103.44344,16.561997],[103.442921,16.563863],[103.442843,16.568532],[103.441502,16.571537],[103.438556,16.576567],[103.437485,16.579764],[103.437002,16.581883],[103.437202,16.584317],[103.437678,16.585953],[103.436804,16.585899],[103.435945,16.58678],[103.435697,16.586541],[103.43617,16.586038],[103.436036,16.585801],[103.435095,16.586274],[103.434759,16.586036],[103.434406,16.586191],[103.433992,16.585421],[103.433312,16.585899],[103.432537,16.585233],[103.432315,16.58541],[103.432498,16.585838],[103.432043,16.585902],[103.43185,16.58579],[103.431778,16.584844],[103.42992,16.584897],[103.428609,16.586133],[103.428998,16.586791],[103.429113,16.587663],[103.429629,16.588077],[103.429434,16.588337],[103.429019,16.588083],[103.428839,16.588215],[103.428996,16.589856],[103.428439,16.591358],[103.42768,16.591355],[103.428097,16.590625],[103.426547,16.591021],[103.425587,16.59176],[103.42597,16.592756],[103.42579,16.593235],[103.425441,16.59324],[103.425346,16.59262],[103.425027,16.592404],[103.424344,16.592738],[103.423545,16.592621],[103.423556,16.593256],[103.42293,16.593275],[103.423076,16.593991],[103.422532,16.594522],[103.422238,16.594576],[103.421828,16.59426],[103.421376,16.594375],[103.420793,16.593895],[103.420131,16.594837],[103.420136,16.595167],[103.420663,16.595335],[103.420663,16.595681],[103.420533,16.595877],[103.419797,16.595928],[103.419736,16.596194],[103.421706,16.597393],[103.421934,16.597967],[103.421858,16.598246],[103.421401,16.597895],[103.420987,16.598122],[103.421265,16.598628],[103.421071,16.599204],[103.421394,16.599605],[103.42133,16.599991],[103.421861,16.60062],[103.421395,16.60186],[103.419152,16.603313],[103.418605,16.604162],[103.41792,16.604264],[103.416447,16.603888],[103.415651,16.605119],[103.412038,16.606594],[103.416871,16.617054],[103.417911,16.617814],[103.421909,16.619559],[103.424541,16.62273],[103.42754,16.622965],[103.428988,16.622838],[103.434422,16.620005],[103.442369,16.617337],[103.446655,16.61616],[103.449316,16.619957],[103.449556,16.619502],[103.453759,16.616046],[103.45473,16.615876],[103.45736,16.616814],[103.457427,16.610331],[103.462096,16.602674],[103.460371,16.601447],[103.46088,16.601239],[103.461185,16.600799],[103.460502,16.600313],[103.460599,16.596872],[103.463669,16.596257],[103.465177,16.593116]]]},"bbox":[103.412038,16.561234,103.478306,16.622971]},{"type":"Feature","id":"fd1dd5b6-c63a-4cf6-bfa2-0f8dd7ea4d62","properties":{"id":"fd1dd5b6-c63a-4cf6-bfa2-0f8dd7ea4d62","code":"05460107","provinceCode":"46","nameTh":"เทศบาลตำบล ภูดิน","nameEn":null,"geometryType":"MUNICIPALITY","sourceUrl":"https://landometer.com/api/v2/citymeter-v3/grocery/info/geom/fd1dd5b6-c63a-4cf6-bfa2-0f8dd7ea4d62/MUNICIPALITY","sourceSha256":"d4ce84e9611be44e13e903b8ede07d1019c07822d66978cc4e950573b54176fd","retrievedAt":"2026-10-04T05:43:28.116513+00:00","boundaryVintage":null,"geometryStatus":"native_source_polygon_display_simplified","simplificationToleranceDegrees":0.00015,"simplificationPreservesTopology":true,"invalidSourceRepair":"make_valid; retain polygonal components; discard zero-area collapsed lines","legalBoundaryIndependentlyVerified":false,"areaId":"fd1dd5b6-c63a-4cf6-bfa2-0f8dd7ea4d62"},"geometry":{"type":"Polygon","coordinates":[[[103.545193,16.618726],[103.54171,16.614781],[103.530051,16.615197],[103.527561,16.612997],[103.518296,16.611593],[103.513919,16.606156],[103.51218,16.605849],[103.506578,16.605803],[103.497704,16.616852],[103.492561,16.616169],[103.48328,16.619963],[103.476229,16.617894],[103.462343,16.619652],[103.45837,16.617564],[103.458365,16.617172],[103.45473,16.615876],[103.453759,16.616046],[103.449556,16.619502],[103.449316,16.619957],[103.452448,16.625263],[103.453929,16.628443],[103.455966,16.634703],[103.456515,16.638967],[103.456071,16.644069],[103.455083,16.647777],[103.454109,16.649696],[103.452189,16.651892],[103.44755,16.655292],[103.446483,16.656834],[103.445973,16.658901],[103.445858,16.660761],[103.446494,16.664158],[103.447887,16.666745],[103.449485,16.668766],[103.453182,16.671877],[103.460201,16.676758],[103.471952,16.671598],[103.473223,16.670425],[103.479324,16.663103],[103.480786,16.662117],[103.482067,16.661851],[103.487073,16.661931],[103.490166,16.661339],[103.491058,16.660842],[103.493137,16.658197],[103.494266,16.657472],[103.495245,16.65738],[103.497821,16.657762],[103.499565,16.657453],[103.499946,16.657076],[103.50082,16.656855],[103.501744,16.65723],[103.502046,16.657055],[103.501988,16.656312],[103.502442,16.656051],[103.503991,16.65584],[103.505392,16.656081],[103.506675,16.655427],[103.507823,16.65572],[103.509118,16.655396],[103.509522,16.655825],[103.510971,16.655058],[103.512248,16.655299],[103.513337,16.654533],[103.51432,16.654786],[103.515864,16.65408],[103.517313,16.654484],[103.517558,16.654286],[103.519277,16.654296],[103.520162,16.654891],[103.520528,16.654396],[103.520943,16.654404],[103.52083,16.653892],[103.52177,16.653748],[103.522804,16.654097],[103.523279,16.654495],[103.5234,16.654946],[103.524022,16.654893],[103.525181,16.655261],[103.525531,16.655594],[103.526058,16.657158],[103.526785,16.65745],[103.527151,16.658085],[103.527609,16.658099],[103.527591,16.659198],[103.528172,16.65936],[103.528513,16.659109],[103.528882,16.660229],[103.529209,16.659443],[103.529899,16.659226],[103.531022,16.659321],[103.531599,16.659081],[103.531978,16.659236],[103.533065,16.658353],[103.533426,16.658623],[103.533941,16.658453],[103.535178,16.658708],[103.535429,16.659415],[103.536128,16.659434],[103.536067,16.660235],[103.536844,16.66063],[103.537547,16.660563],[103.537981,16.659814],[103.53853,16.659448],[103.539084,16.65953],[103.538715,16.660118],[103.539326,16.659919],[103.53963,16.660411],[103.541056,16.660668],[103.54133,16.660959],[103.541258,16.661244],[103.541679,16.661218],[103.541853,16.661484],[103.542221,16.661151],[103.542802,16.661892],[103.544024,16.661007],[103.545004,16.661038],[103.54537,16.661599],[103.546577,16.661777],[103.546494,16.662174],[103.547306,16.662997],[103.547427,16.662544],[103.547817,16.66271],[103.548279,16.662449],[103.549055,16.662444],[103.549892,16.662817],[103.550931,16.662526],[103.553565,16.660973],[103.554716,16.661072],[103.554413,16.661917],[103.554741,16.662211],[103.556344,16.661513],[103.55706,16.66175],[103.556928,16.662159],[103.557442,16.6625],[103.559248,16.662524],[103.559898,16.662128],[103.559822,16.661922],[103.559526,16.662131],[103.55534,16.655162],[103.555562,16.645895],[103.55711,16.642974],[103.550675,16.642455],[103.549549,16.640765],[103.545731,16.641516],[103.547621,16.636677],[103.54752,16.625744],[103.544148,16.625643],[103.544104,16.618676],[103.545107,16.619171],[103.545193,16.618726]]]},"bbox":[103.445858,16.605714,103.559898,16.676758]},{"type":"Feature","id":"9218ff3c-6463-4519-a294-dddd9ae37ae2","properties":{"id":"9218ff3c-6463-4519-a294-dddd9ae37ae2","code":"05460108","provinceCode":"46","nameTh":"เทศบาลตำบล บึงวิชัย","nameEn":null,"geometryType":"MUNICIPALITY","sourceUrl":"https://landometer.com/api/v2/citymeter-v3/grocery/info/geom/9218ff3c-6463-4519-a294-dddd9ae37ae2/MUNICIPALITY","sourceSha256":"56d8d3a4bc1ee8cd64f09fb0a174c34b369d625e779ab4c3bfc054b2fc2b3c12","retrievedAt":"2026-10-04T05:43:28.111210+00:00","boundaryVintage":null,"geometryStatus":"native_source_polygon_display_simplified","simplificationToleranceDegrees":0.00015,"simplificationPreservesTopology":true,"invalidSourceRepair":"make_valid; retain polygonal components; discard zero-area collapsed lines","legalBoundaryIndependentlyVerified":false,"areaId":"9218ff3c-6463-4519-a294-dddd9ae37ae2"},"geometry":{"type":"Polygon","coordinates":[[[103.503496,16.519527],[103.505402,16.516817],[103.508911,16.515429],[103.512266,16.507934],[103.516207,16.505169],[103.518071,16.489248],[103.515617,16.479285],[103.512615,16.475495],[103.512247,16.475724],[103.512986,16.476788],[103.511172,16.479157],[103.506429,16.476961],[103.508569,16.479523],[103.505895,16.482416],[103.503291,16.477862],[103.503353,16.480808],[103.499464,16.483709],[103.499924,16.478665],[103.49756,16.479654],[103.496782,16.483799],[103.493907,16.479069],[103.495318,16.486925],[103.493329,16.485759],[103.491233,16.487646],[103.485345,16.487185],[103.485295,16.490067],[103.482635,16.491648],[103.482884,16.493096],[103.487818,16.494958],[103.483757,16.501667],[103.482286,16.501526],[103.482739,16.498403],[103.481154,16.497469],[103.477791,16.49848],[103.47622,16.502059],[103.474688,16.501466],[103.474387,16.498559],[103.471955,16.499172],[103.473814,16.503152],[103.473153,16.505955],[103.470991,16.503354],[103.465361,16.50314],[103.469855,16.50485],[103.470534,16.505485],[103.471422,16.507019],[103.473657,16.509485],[103.473984,16.510351],[103.474053,16.511324],[103.47356,16.512631],[103.471887,16.514291],[103.471161,16.515679],[103.468872,16.528106],[103.469116,16.529331],[103.4704,16.531873],[103.472239,16.536726],[103.472538,16.539496],[103.471726,16.540311],[103.466588,16.542637],[103.463674,16.54331],[103.46282,16.542614],[103.459245,16.535561],[103.458231,16.534188],[103.457717,16.533892],[103.456776,16.533818],[103.45489,16.534825],[103.454707,16.535513],[103.455113,16.537662],[103.454841,16.538613],[103.454113,16.539555],[103.451337,16.541319],[103.450825,16.542342],[103.451221,16.54323],[103.452773,16.544406],[103.454757,16.547003],[103.456796,16.54762],[103.457461,16.548614],[103.457368,16.549552],[103.455062,16.552249],[103.454673,16.553139],[103.454761,16.553826],[103.45658,16.555713],[103.456738,16.556242],[103.455348,16.558428],[103.45425,16.561859],[103.454416,16.561464],[103.455262,16.561375],[103.455126,16.562299],[103.474899,16.571984],[103.477611,16.569769],[103.481323,16.569168],[103.482723,16.570341],[103.485338,16.568428],[103.488327,16.569389],[103.489678,16.567332],[103.495407,16.568346],[103.498706,16.570939],[103.501301,16.569484],[103.502166,16.558834],[103.511752,16.557662],[103.511813,16.55741],[103.510763,16.557498],[103.513329,16.546895],[103.510574,16.546791],[103.506439,16.538592],[103.499008,16.533728],[103.492394,16.519472],[103.499037,16.521219],[103.503496,16.519527]]]},"bbox":[103.450825,16.475495,103.518071,16.571984]},{"type":"Feature","id":"c317eeea-ae10-4704-90ee-f46d041d0d43","properties":{"id":"c317eeea-ae10-4704-90ee-f46d041d0d43","code":"05460109","provinceCode":"46","nameTh":"เทศบาลตำบล ภูปอ","nameEn":null,"geometryType":"MUNICIPALITY","sourceUrl":"https://landometer.com/api/v2/citymeter-v3/grocery/info/geom/c317eeea-ae10-4704-90ee-f46d041d0d43/MUNICIPALITY","sourceSha256":"f600550011428f08f776c927ec3badf17b78d5ec7ed11ebee3dbbad96df29f40","retrievedAt":"2026-10-04T05:43:28.380174+00:00","boundaryVintage":null,"geometryStatus":"native_source_polygon_display_simplified","simplificationToleranceDegrees":0.00015,"simplificationPreservesTopology":true,"invalidSourceRepair":"make_valid; retain polygonal components; discard zero-area collapsed lines","legalBoundaryIndependentlyVerified":false,"areaId":"c317eeea-ae10-4704-90ee-f46d041d0d43"},"geometry":{"type":"Polygon","coordinates":[[[103.62823,16.624262],[103.631816,16.625816],[103.634835,16.627447],[103.640052,16.631066],[103.641024,16.632677],[103.641851,16.633425],[103.642607,16.633753],[103.648957,16.630659],[103.650039,16.629501],[103.654285,16.630558],[103.6582,16.629137],[103.661495,16.629811],[103.664197,16.625955],[103.664756,16.624735],[103.665064,16.622707],[103.664816,16.621132],[103.66404,16.619948],[103.66092,16.616987],[103.660974,16.616043],[103.662275,16.613208],[103.641264,16.587765],[103.638683,16.577785],[103.634822,16.577109],[103.636526,16.573839],[103.634656,16.565284],[103.627787,16.564962],[103.624062,16.560513],[103.621204,16.551509],[103.619052,16.554476],[103.615617,16.551654],[103.614126,16.54781],[103.606229,16.550782],[103.601164,16.540551],[103.601181,16.539693],[103.584198,16.547389],[103.571308,16.550436],[103.571141,16.55294],[103.586529,16.563293],[103.593965,16.571692],[103.594727,16.574251],[103.590567,16.57597],[103.591857,16.578342],[103.597287,16.579699],[103.599071,16.585249],[103.597391,16.591844],[103.59823,16.593506],[103.596766,16.59362],[103.596023,16.596134],[103.597085,16.607787],[103.585441,16.61527],[103.588333,16.620797],[103.589555,16.634703],[103.590565,16.633445],[103.591573,16.63267],[103.594658,16.631402],[103.600955,16.630535],[103.606722,16.630074],[103.610178,16.629436],[103.614351,16.628294],[103.615822,16.62764],[103.61888,16.626909],[103.624838,16.624434],[103.62823,16.624262]]]},"bbox":[103.571141,16.539693,103.665064,16.634703]},{"type":"Feature","id":"99d5c592-4616-4a16-95e6-aa8036661df0","properties":{"id":"99d5c592-4616-4a16-95e6-aa8036661df0","code":"05460110","provinceCode":"46","nameTh":"เทศบาลตำบล โพนทอง","nameEn":null,"geometryType":"MUNICIPALITY","sourceUrl":"https://landometer.com/api/v2/citymeter-v3/grocery/info/geom/99d5c592-4616-4a16-95e6-aa8036661df0/MUNICIPALITY","sourceSha256":"1742c5ca1f7553c3670411d69bd59101c7175b09ff0300e441a0c045d6f7c98a","retrievedAt":"2026-10-04T05:43:28.380600+00:00","boundaryVintage":null,"geometryStatus":"native_source_polygon_display_simplified","simplificationToleranceDegrees":0.00015,"simplificationPreservesTopology":true,"invalidSourceRepair":"make_valid; retain polygonal components; discard zero-area collapsed lines","legalBoundaryIndependentlyVerified":false,"areaId":"99d5c592-4616-4a16-95e6-aa8036661df0"},"geometry":{"type":"MultiPolygon","coordinates":[[[[103.50193735498189,16.446375923383638],[103.501938,16.446376],[103.500454,16.445195],[103.50193735498189,16.446375923383638]]],[[[103.502514,16.446835],[103.50193735498189,16.446375923383638],[103.499749,16.445815],[103.502514,16.446835]]],[[[103.50056033557594,16.461773627245098],[103.49878,16.460275],[103.49875605505707,16.46031904438615],[103.50056033557594,16.461773627245098]]],[[[103.504183,16.463791],[103.509227,16.469195],[103.512418,16.469552],[103.518151,16.467311],[103.523865,16.472643],[103.523869,16.477011],[103.526097,16.477622],[103.527897,16.483251],[103.5357,16.492451],[103.549212,16.493638],[103.563369,16.487179],[103.567365,16.494257],[103.581293,16.489911],[103.584434,16.486024],[103.585494,16.48107],[103.583362,16.477803],[103.575083,16.470793],[103.567864,16.459506],[103.561652,16.458787],[103.54887,16.444465],[103.54711,16.448159],[103.547535,16.447267],[103.547729,16.448048],[103.545194,16.456003],[103.548213,16.45871],[103.545204,16.462144],[103.538344,16.457387],[103.508641,16.455408],[103.509937,16.449503],[103.508859,16.446192],[103.500454,16.445195],[103.503052,16.447262],[103.502648,16.447327],[103.503423,16.447558],[103.500849,16.446791],[103.498693,16.448036],[103.502057,16.451695],[103.501561,16.453416],[103.504284,16.455853],[103.504321,16.45826],[103.499855,16.455308],[103.495057,16.458189],[103.497709,16.462245],[103.49878,16.460275],[103.501112,16.462238],[103.499745,16.464158],[103.501264,16.465603],[103.504183,16.463791]]],[[[103.583856,16.48833],[103.583286,16.488661],[103.58318,16.488723],[103.583856,16.48833]]],[[[103.58318,16.488723],[103.58303,16.48881],[103.581432,16.489739],[103.58318,16.488723]]]]},"bbox":[103.495057,16.444465,103.585494,16.494257]},{"type":"Feature","id":"eca43c26-b213-4acc-bfa8-f9ae7b885393","properties":{"id":"eca43c26-b213-4acc-bfa8-f9ae7b885393","code":"05460111","provinceCode":"46","nameTh":"เทศบาลตำบล ไผ่","nameEn":null,"geometryType":"MUNICIPALITY","sourceUrl":"https://landometer.com/api/v2/citymeter-v3/grocery/info/geom/eca43c26-b213-4acc-bfa8-f9ae7b885393/MUNICIPALITY","sourceSha256":"8dcd84c94c9f9ae5d9fa3be9748547c44faa66d4ac3b079bf5e79da9f1167870","retrievedAt":"2026-10-04T05:43:28.380007+00:00","boundaryVintage":null,"geometryStatus":"native_source_polygon_display_simplified","simplificationToleranceDegrees":0.00015,"simplificationPreservesTopology":true,"invalidSourceRepair":"make_valid; retain polygonal components; discard zero-area collapsed lines","legalBoundaryIndependentlyVerified":false,"areaId":"eca43c26-b213-4acc-bfa8-f9ae7b885393"},"geometry":{"type":"Polygon","coordinates":[[[103.604419,16.531586],[103.602969,16.529289],[103.582018,16.514052],[103.584312,16.510959],[103.585741,16.511815],[103.592118,16.509183],[103.604096,16.516183],[103.603888,16.51349],[103.609438,16.507699],[103.609488,16.498677],[103.612927,16.498112],[103.61397,16.495707],[103.613767,16.495574],[103.613246,16.49565],[103.611636,16.494861],[103.607617,16.495495],[103.606567,16.495351],[103.600894,16.492624],[103.597954,16.489302],[103.597296,16.489974],[103.587431,16.486253],[103.581293,16.489911],[103.567365,16.494257],[103.563369,16.487179],[103.549212,16.493638],[103.5357,16.492451],[103.534966,16.509987],[103.538324,16.533232],[103.54421,16.554603],[103.55479,16.552519],[103.551477,16.547091],[103.552628,16.545261],[103.566417,16.544218],[103.568558,16.551086],[103.584198,16.547389],[103.601203,16.539683],[103.601304,16.537463],[103.603849,16.53512],[103.604419,16.531586]]]},"bbox":[103.534966,16.486253,103.61397,16.554603]},{"type":"Feature","id":"1c620590-c2c8-4d3e-b753-3bebb4c139bf","properties":{"id":"1c620590-c2c8-4d3e-b753-3bebb4c139bf","code":"05460112","provinceCode":"46","nameTh":"เทศบาลตำบล ลำพาน","nameEn":null,"geometryType":"MUNICIPALITY","sourceUrl":"https://landometer.com/api/v2/citymeter-v3/grocery/info/geom/1c620590-c2c8-4d3e-b753-3bebb4c139bf/MUNICIPALITY","sourceSha256":"42705b93bb03cdd616b80feef1171944e5ec0e36fc7de048db9f2ebcee2eb2a4","retrievedAt":"2026-10-04T05:43:28.385969+00:00","boundaryVintage":null,"geometryStatus":"native_source_polygon_display_simplified","simplificationToleranceDegrees":0.00015,"simplificationPreservesTopology":true,"invalidSourceRepair":"make_valid; retain polygonal components; discard zero-area collapsed lines","legalBoundaryIndependentlyVerified":false,"areaId":"1c620590-c2c8-4d3e-b753-3bebb4c139bf"},"geometry":{"type":"Polygon","coordinates":[[[103.474387,16.498559],[103.474688,16.501466],[103.47622,16.502059],[103.477791,16.49848],[103.481154,16.497469],[103.482739,16.498403],[103.482286,16.501526],[103.483757,16.501667],[103.487818,16.494958],[103.482884,16.493096],[103.482635,16.491648],[103.485295,16.490067],[103.485345,16.487185],[103.491233,16.487646],[103.493329,16.485759],[103.495318,16.486925],[103.493907,16.479069],[103.496782,16.483799],[103.49756,16.479654],[103.499924,16.478665],[103.499464,16.483709],[103.503353,16.480808],[103.503291,16.477862],[103.505895,16.482416],[103.508569,16.479523],[103.506429,16.476961],[103.511172,16.479157],[103.512986,16.476788],[103.512247,16.475724],[103.512615,16.475495],[103.513885,16.477098],[103.508658,16.4705],[103.509477,16.469223],[103.509227,16.469195],[103.504183,16.463791],[103.501264,16.465603],[103.499745,16.464158],[103.501112,16.462238],[103.498756,16.460319],[103.497709,16.462245],[103.495057,16.458189],[103.499855,16.455308],[103.504321,16.45826],[103.504284,16.455853],[103.501561,16.453416],[103.502057,16.451695],[103.498693,16.448036],[103.500849,16.446791],[103.503052,16.447262],[103.502514,16.446835],[103.496926,16.444773],[103.496321,16.439494],[103.492723,16.437669],[103.491501,16.435254],[103.491157,16.429192],[103.482346,16.426269],[103.483527,16.424549],[103.47014,16.412318],[103.467095,16.411279],[103.466435,16.412408],[103.467036,16.414354],[103.466338,16.416421],[103.466501,16.4172],[103.467315,16.418188],[103.466568,16.420076],[103.466286,16.422297],[103.464814,16.422444],[103.462165,16.423296],[103.459892,16.423367],[103.458711,16.424834],[103.456847,16.425965],[103.455444,16.427993],[103.452984,16.43003],[103.453205,16.430882],[103.453968,16.431949],[103.454748,16.434416],[103.454875,16.436585],[103.455504,16.438935],[103.454861,16.440434],[103.453656,16.441215],[103.452672,16.441182],[103.451813,16.440092],[103.451233,16.440197],[103.450708,16.440686],[103.450252,16.443444],[103.450394,16.444678],[103.450906,16.445302],[103.452875,16.446563],[103.453255,16.447191],[103.452783,16.447953],[103.450928,16.449359],[103.450177,16.451402],[103.452378,16.455277],[103.453227,16.457758],[103.45569,16.460692],[103.455836,16.462792],[103.455637,16.463904],[103.454878,16.465532],[103.451523,16.466777],[103.450281,16.467743],[103.450058,16.468518],[103.4505,16.470647],[103.449117,16.472473],[103.448978,16.473107],[103.449386,16.474443],[103.44976,16.474788],[103.452321,16.474326],[103.453189,16.47532],[103.453494,16.478142],[103.454514,16.479965],[103.455363,16.482673],[103.455738,16.486192],[103.453142,16.488139],[103.452828,16.488934],[103.452956,16.490155],[103.454037,16.49125],[103.454692,16.492663],[103.456685,16.494187],[103.458661,16.496621],[103.463327,16.499015],[103.464573,16.502749],[103.465361,16.50314],[103.470991,16.503354],[103.473153,16.505955],[103.473814,16.503152],[103.471955,16.499172],[103.474387,16.498559]]]},"bbox":[103.448978,16.411279,103.513885,16.505955]},{"type":"Feature","id":"659a83db-14ee-4ce5-9629-af6fa50b99d6","properties":{"id":"659a83db-14ee-4ce5-9629-af6fa50b99d6","code":"05460113","provinceCode":"46","nameTh":"เทศบาลตำบล หลุบ","nameEn":null,"geometryType":"MUNICIPALITY","sourceUrl":"https://landometer.com/api/v2/citymeter-v3/grocery/info/geom/659a83db-14ee-4ce5-9629-af6fa50b99d6/MUNICIPALITY","sourceSha256":"5189e4f6a7e88746ea562e13271d1c8f7945fb176186ea6e3b0210ff10d0268c","retrievedAt":"2026-10-04T05:43:28.390471+00:00","boundaryVintage":null,"geometryStatus":"native_source_polygon_display_simplified","simplificationToleranceDegrees":0.00015,"simplificationPreservesTopology":true,"invalidSourceRepair":"make_valid; retain polygonal components; discard zero-area collapsed lines","legalBoundaryIndependentlyVerified":false,"areaId":"659a83db-14ee-4ce5-9629-af6fa50b99d6"},"geometry":{"type":"Polygon","coordinates":[[[103.521438,16.347714],[103.521004,16.347569],[103.520674,16.347031],[103.52006,16.346642],[103.519612,16.345818],[103.517881,16.34633],[103.51782,16.346],[103.518224,16.345203],[103.51806,16.344751],[103.517612,16.344544],[103.516794,16.344798],[103.516618,16.344652],[103.516739,16.344039],[103.517394,16.343202],[103.517185,16.342666],[103.516221,16.342646],[103.515231,16.343288],[103.514808,16.34225],[103.513529,16.342725],[103.512174,16.340694],[103.511338,16.340231],[103.510741,16.340383],[103.510552,16.340809],[103.511246,16.341381],[103.511241,16.341791],[103.510506,16.342708],[103.510145,16.343956],[103.508741,16.345828],[103.508178,16.348091],[103.506682,16.349061],[103.507553,16.350464],[103.507411,16.351231],[103.505263,16.35176],[103.504216,16.352387],[103.502699,16.352463],[103.501858,16.353518],[103.50066,16.352992],[103.499606,16.353005],[103.497431,16.354562],[103.496767,16.354557],[103.495761,16.353992],[103.495419,16.354214],[103.495413,16.354703],[103.495903,16.355455],[103.495,16.356291],[103.494915,16.356958],[103.495658,16.35796],[103.495958,16.359186],[103.496812,16.36008],[103.49714,16.362066],[103.497879,16.362121],[103.498937,16.36108],[103.49985,16.362183],[103.500329,16.361942],[103.501089,16.360998],[103.501769,16.360908],[103.502124,16.36121],[103.501961,16.361819],[103.500996,16.362006],[103.50077,16.36225],[103.501764,16.363582],[103.500661,16.364417],[103.500374,16.36507],[103.501575,16.366375],[103.501683,16.366862],[103.499564,16.368662],[103.500102,16.370124],[103.499613,16.371792],[103.499091,16.372225],[103.498589,16.372296],[103.496912,16.371457],[103.495475,16.372752],[103.493909,16.372847],[103.492828,16.373437],[103.491852,16.373595],[103.491454,16.374014],[103.491318,16.375784],[103.49039,16.376224],[103.489601,16.376303],[103.487407,16.37563],[103.48553,16.376042],[103.48392,16.378245],[103.483372,16.380741],[103.482906,16.381207],[103.482011,16.38133],[103.481538,16.381838],[103.481396,16.382815],[103.481807,16.383675],[103.481776,16.384203],[103.479551,16.387662],[103.479953,16.388634],[103.479863,16.389797],[103.480036,16.390088],[103.480689,16.39017],[103.482278,16.389341],[103.482873,16.389815],[103.482633,16.39091],[103.482868,16.391936],[103.482084,16.392168],[103.480947,16.39182],[103.480375,16.392378],[103.480913,16.394769],[103.481718,16.396439],[103.47827,16.3986],[103.476877,16.400138],[103.475825,16.404655],[103.474795,16.40529],[103.473015,16.405328],[103.47006,16.406339],[103.469254,16.408718],[103.467441,16.410526],[103.467095,16.411279],[103.47014,16.412318],[103.483527,16.424549],[103.516706,16.412355],[103.520951,16.415488],[103.528127,16.421814],[103.548033,16.417398],[103.555685,16.418825],[103.561566,16.415262],[103.555073,16.396724],[103.551591,16.394074],[103.540689,16.391658],[103.534914,16.387991],[103.524196,16.382331],[103.522762,16.377682],[103.523659,16.37075],[103.522337,16.364324],[103.52348,16.361537],[103.521438,16.347714]]]},"bbox":[103.467095,16.340226,103.561566,16.424549]},{"type":"Feature","id":"16962819-8eee-4641-abde-fa24df8fe37b","properties":{"id":"16962819-8eee-4641-abde-fa24df8fe37b","code":"05460114","provinceCode":"46","nameTh":"เทศบาลตำบล เชียงเครือ","nameEn":null,"geometryType":"MUNICIPALITY","sourceUrl":"https://landometer.com/api/v2/citymeter-v3/grocery/info/geom/16962819-8eee-4641-abde-fa24df8fe37b/MUNICIPALITY","sourceSha256":"b5cd55760ca9006e6af77336dedb3f5478a1a9542654aed6991ea05743f607c1","retrievedAt":"2026-10-04T05:43:28.380693+00:00","boundaryVintage":null,"geometryStatus":"native_source_polygon_display_simplified","simplificationToleranceDegrees":0.00015,"simplificationPreservesTopology":true,"invalidSourceRepair":"make_valid; retain polygonal components; discard zero-area collapsed lines","legalBoundaryIndependentlyVerified":false,"areaId":"16962819-8eee-4641-abde-fa24df8fe37b"},"geometry":{"type":"Polygon","coordinates":[[[103.624482,16.459677],[103.625063,16.458936],[103.626355,16.45863],[103.628476,16.454516],[103.631487,16.451147],[103.635682,16.451258],[103.640126,16.448918],[103.645272,16.446924],[103.655017,16.444766],[103.65266,16.441185],[103.652705,16.439978],[103.651987,16.437944],[103.653195,16.436505],[103.654054,16.436055],[103.656215,16.437349],[103.657441,16.437592],[103.658017,16.436876],[103.659307,16.436032],[103.659995,16.43411],[103.661104,16.433456],[103.660843,16.432518],[103.661745,16.431516],[103.659912,16.425923],[103.660825,16.423029],[103.660707,16.421648],[103.661092,16.420654],[103.660951,16.419716],[103.660257,16.419111],[103.660118,16.418125],[103.663286,16.412885],[103.66333,16.412208],[103.663891,16.411607],[103.663572,16.410878],[103.668698,16.411491],[103.669414,16.411945],[103.671685,16.411144],[103.672105,16.410682],[103.673588,16.410247],[103.673426,16.409067],[103.67256,16.40714],[103.672128,16.405434],[103.672408,16.400141],[103.671849,16.398328],[103.675595,16.395439],[103.684562,16.390257],[103.689032,16.386646],[103.691164,16.384384],[103.687888,16.383578],[103.684559,16.38324],[103.681558,16.383398],[103.677628,16.384422],[103.672243,16.386634],[103.667777,16.388076],[103.665408,16.38864],[103.664684,16.388583],[103.664072,16.388413],[103.660673,16.386231],[103.652594,16.379962],[103.650741,16.377935],[103.649917,16.378016],[103.645786,16.376573],[103.63511,16.374168],[103.630814,16.372863],[103.630712,16.375053],[103.62804,16.377224],[103.628734,16.380999],[103.632914,16.380171],[103.633793,16.383659],[103.629098,16.385404],[103.63053,16.387166],[103.628865,16.392082],[103.630481,16.393866],[103.630179,16.398652],[103.61127,16.408125],[103.601438,16.409144],[103.586472,16.432803],[103.587094,16.438861],[103.585177,16.449366],[103.592918,16.457855],[103.599183,16.461095],[103.600257,16.463478],[103.604648,16.461693],[103.609899,16.460137],[103.613029,16.459778],[103.615888,16.459835],[103.617615,16.460138],[103.618465,16.461048],[103.619935,16.460321],[103.620521,16.461511],[103.621561,16.461278],[103.622935,16.460105],[103.623817,16.460056],[103.624482,16.459677]]]},"bbox":[103.585177,16.372863,103.691164,16.463478]},{"type":"Feature","id":"785204e0-1da3-49fe-b44b-a4544daacd09","properties":{"id":"785204e0-1da3-49fe-b44b-a4544daacd09","code":"05460115","provinceCode":"46","nameTh":"เทศบาลตำบล กลางหมื่น","nameEn":null,"geometryType":"MUNICIPALITY","sourceUrl":"https://landometer.com/api/v2/citymeter-v3/grocery/info/geom/785204e0-1da3-49fe-b44b-a4544daacd09/MUNICIPALITY","sourceSha256":"62cc54620e454318132710966375e098a1389747c88b588817ddaa787e4b0661","retrievedAt":"2026-10-04T05:43:28.390232+00:00","boundaryVintage":null,"geometryStatus":"native_source_polygon_display_simplified","simplificationToleranceDegrees":0.00015,"simplificationPreservesTopology":true,"invalidSourceRepair":"make_valid; retain polygonal components; discard zero-area collapsed lines","legalBoundaryIndependentlyVerified":false,"areaId":"785204e0-1da3-49fe-b44b-a4544daacd09"},"geometry":{"type":"Polygon","coordinates":[[[103.653396,16.497119],[103.653254,16.496574],[103.650906,16.496957],[103.650501,16.495415],[103.648817,16.495514],[103.648006,16.49504],[103.645587,16.494893],[103.641265,16.49364],[103.640063,16.493076],[103.63531,16.490018],[103.633219,16.487605],[103.632702,16.487748],[103.631605,16.485844],[103.630711,16.486041],[103.630142,16.485106],[103.629564,16.485487],[103.629956,16.485949],[103.629617,16.486111],[103.62933,16.485905],[103.62817,16.486583],[103.627616,16.487268],[103.627771,16.487649],[103.627628,16.488738],[103.627979,16.489255],[103.627826,16.489814],[103.627556,16.489936],[103.627584,16.490688],[103.626783,16.491108],[103.626219,16.490785],[103.624753,16.491541],[103.624588,16.491954],[103.624976,16.492565],[103.624159,16.492762],[103.624097,16.493201],[103.623599,16.492621],[103.623427,16.493125],[103.623683,16.49348],[103.622524,16.494781],[103.623038,16.499781],[103.627859,16.502804],[103.628325,16.505123],[103.62386,16.512364],[103.634258,16.542737],[103.642839,16.547066],[103.647282,16.547647],[103.655737,16.553429],[103.657748,16.552521],[103.657327,16.551235],[103.667772,16.551485],[103.669974,16.549495],[103.67197,16.558879],[103.66931,16.565135],[103.67022,16.567142],[103.673675,16.568618],[103.676099,16.573542],[103.670885,16.576041],[103.676606,16.580113],[103.686778,16.597942],[103.6864,16.598177],[103.688287,16.59722],[103.691826,16.596747],[103.695555,16.593896],[103.696914,16.593244],[103.698316,16.593153],[103.699111,16.593682],[103.703432,16.592952],[103.705188,16.592291],[103.70557,16.591938],[103.705547,16.590592],[103.706167,16.590097],[103.706219,16.589801],[103.705171,16.589065],[103.703897,16.588922],[103.703383,16.58862],[103.703875,16.587543],[103.703264,16.586782],[103.703783,16.586143],[103.703848,16.585588],[103.703771,16.585191],[103.703155,16.584811],[103.702997,16.582599],[103.703452,16.581353],[103.704138,16.581081],[103.704458,16.580394],[103.705042,16.57999],[103.707232,16.5773],[103.707883,16.575431],[103.708246,16.572328],[103.709084,16.570598],[103.708839,16.569299],[103.707662,16.568372],[103.707195,16.568497],[103.706731,16.568883],[103.706245,16.570013],[103.704692,16.572271],[103.70448,16.572325],[103.70431,16.571773],[103.703667,16.572006],[103.70261,16.573349],[103.702702,16.572173],[103.701259,16.572723],[103.701272,16.573269],[103.700871,16.573227],[103.700629,16.572607],[103.700792,16.572264],[103.701856,16.571679],[103.702163,16.570873],[103.70313,16.570789],[103.703236,16.570401],[103.703917,16.569941],[103.703958,16.569341],[103.704488,16.568784],[103.704362,16.567829],[103.704574,16.566955],[103.70564,16.564837],[103.705529,16.562859],[103.704882,16.56213],[103.705646,16.561428],[103.705522,16.560646],[103.70528,16.560471],[103.70407,16.561171],[103.70384,16.56171],[103.703176,16.561759],[103.700921,16.562698],[103.700601,16.563289],[103.699808,16.563715],[103.699819,16.563919],[103.699757,16.563635],[103.700251,16.563334],[103.699755,16.563183],[103.699594,16.562766],[103.700307,16.562496],[103.700387,16.562118],[103.701044,16.561797],[103.702353,16.559828],[103.702247,16.559084],[103.701028,16.558181],[103.700169,16.558037],[103.699383,16.558321],[103.700428,16.556153],[103.699812,16.554372],[103.698545,16.553642],[103.696895,16.553288],[103.695938,16.55345],[103.695146,16.554502],[103.694882,16.554557],[103.694275,16.554211],[103.692847,16.552679],[103.691222,16.552238],[103.690803,16.551646],[103.690241,16.552256],[103.689661,16.552218],[103.689789,16.552644],[103.6895,16.552596],[103.689324,16.552474],[103.689331,16.552706],[103.689128,16.552827],[103.689315,16.552433],[103.689745,16.552572],[103.689436,16.552174],[103.68978,16.552103],[103.689644,16.55193],[103.690139,16.552225],[103.690777,16.551571],[103.692062,16.551663],[103.693527,16.55134],[103.694101,16.55087],[103.694327,16.550339],[103.694273,16.548638],[103.693867,16.548134],[103.692629,16.547645],[103.692736,16.545582],[103.69226,16.544347],[103.6916,16.543673],[103.689821,16.543323],[103.687578,16.544893],[103.687261,16.545507],[103.686586,16.545364],[103.686,16.545623],[103.685983,16.546289],[103.685358,16.545732],[103.684851,16.545632],[103.682961,16.545993],[103.682645,16.54662],[103.682316,16.546754],[103.682285,16.547252],[103.682626,16.547612],[103.681909,16.54712],[103.682229,16.546661],[103.681945,16.546417],[103.682419,16.54634],[103.68229,16.54599],[103.682553,16.545572],[103.683408,16.545454],[103.683274,16.545007],[103.683807,16.545072],[103.683835,16.544112],[103.681331,16.543733],[103.678281,16.543979],[103.677884,16.544628],[103.67639,16.54376],[103.676335,16.542321],[103.676039,16.541498],[103.669916,16.540302],[103.669337,16.540017],[103.665387,16.532399],[103.664651,16.525603],[103.665152,16.517619],[103.665565,16.516569],[103.664673,16.513906],[103.664621,16.512629],[103.664333,16.511818],[103.664469,16.510031],[103.66417,16.508892],[103.663683,16.508269],[103.662756,16.508121],[103.662575,16.507572],[103.661511,16.507663],[103.659609,16.505224],[103.658168,16.502577],[103.656593,16.497951],[103.655339,16.496781],[103.653396,16.497119]]]},"bbox":[103.622524,16.485106,103.709117,16.598177]},{"type":"Feature","id":"327806e4-eb4a-4b81-acb8-86314d42ae60","properties":{"id":"327806e4-eb4a-4b81-acb8-86314d42ae60","code":"05460116","provinceCode":"46","nameTh":"เทศบาลตำบล เหนือ","nameEn":null,"geometryType":"MUNICIPALITY","sourceUrl":"https://landometer.com/api/v2/citymeter-v3/grocery/info/geom/327806e4-eb4a-4b81-acb8-86314d42ae60/MUNICIPALITY","sourceSha256":"8c1be74e2be90c22eb402ffcea2a88791c33dc0dc96d05fd7616332c102197ca","retrievedAt":"2026-10-04T05:43:28.380527+00:00","boundaryVintage":null,"geometryStatus":"native_source_polygon_display_simplified","simplificationToleranceDegrees":0.00015,"simplificationPreservesTopology":true,"invalidSourceRepair":"make_valid; retain polygonal components; discard zero-area collapsed lines","legalBoundaryIndependentlyVerified":false,"areaId":"327806e4-eb4a-4b81-acb8-86314d42ae60"},"geometry":{"type":"Polygon","coordinates":[[[103.578355,16.408357],[103.567817,16.411994],[103.563224,16.41458],[103.561566,16.415262],[103.555685,16.418825],[103.548033,16.417398],[103.528127,16.421814],[103.538424,16.43806],[103.545997,16.445214],[103.546366,16.446706],[103.54711,16.448159],[103.54887,16.444465],[103.561652,16.458787],[103.567864,16.459506],[103.575083,16.470793],[103.583362,16.477803],[103.585494,16.48107],[103.584434,16.486024],[103.581538,16.489607],[103.587431,16.486253],[103.597296,16.489974],[103.598947,16.488337],[103.597825,16.48761],[103.596907,16.486147],[103.596985,16.482825],[103.597889,16.482796],[103.598344,16.482254],[103.599183,16.478131],[103.597117,16.477979],[103.597977,16.474915],[103.597667,16.473324],[103.600195,16.472548],[103.598361,16.470221],[103.597834,16.468465],[103.598888,16.465763],[103.600257,16.463478],[103.599183,16.461095],[103.592918,16.457855],[103.585177,16.449366],[103.587094,16.438861],[103.586472,16.432803],[103.601438,16.409144],[103.585708,16.407504],[103.578355,16.408357]]]},"bbox":[103.528127,16.407504,103.601438,16.489974]},{"type":"Feature","id":"30e21afb-39b0-45d9-8f6f-3f9bdf32e209","properties":{"id":"30e21afb-39b0-45d9-8f6f-3f9bdf32e209","code":"05460117","provinceCode":"46","nameTh":"เทศบาลตำบล ขมิ้น","nameEn":null,"geometryType":"MUNICIPALITY","sourceUrl":"https://landometer.com/api/v2/citymeter-v3/grocery/info/geom/30e21afb-39b0-45d9-8f6f-3f9bdf32e209/MUNICIPALITY","sourceSha256":"7645edbc4ff9cf19bf790bd7229c8357355e754bb1c245f764f5d7e262bad7d1","retrievedAt":"2026-10-04T05:43:28.473520+00:00","boundaryVintage":null,"geometryStatus":"native_source_polygon_display_simplified","simplificationToleranceDegrees":0.00015,"simplificationPreservesTopology":true,"invalidSourceRepair":"make_valid; retain polygonal components; discard zero-area collapsed lines","legalBoundaryIndependentlyVerified":false,"areaId":"30e21afb-39b0-45d9-8f6f-3f9bdf32e209"},"geometry":{"type":"MultiPolygon","coordinates":[[[[103.571308,16.550436],[103.568558,16.551086],[103.566417,16.544218],[103.552628,16.545261],[103.551477,16.547091],[103.55479,16.552519],[103.54421,16.554603],[103.549635,16.574298],[103.549718,16.57556],[103.549435,16.592266],[103.54886,16.592036],[103.54711,16.62072],[103.546186,16.619704],[103.544104,16.618676],[103.544148,16.625643],[103.54752,16.625744],[103.547621,16.636677],[103.545731,16.641516],[103.549549,16.640765],[103.550675,16.642455],[103.55711,16.642974],[103.555562,16.645895],[103.55534,16.655162],[103.559526,16.662131],[103.559822,16.661922],[103.560028,16.662078],[103.560072,16.661601],[103.560946,16.661127],[103.561059,16.661675],[103.561609,16.661835],[103.561907,16.661526],[103.563614,16.661917],[103.563618,16.662322],[103.563899,16.662546],[103.564389,16.662411],[103.564995,16.662863],[103.565517,16.662942],[103.56545,16.663185],[103.566047,16.663481],[103.566513,16.662342],[103.5674,16.662292],[103.567541,16.661579],[103.568546,16.661653],[103.569353,16.661035],[103.569831,16.661141],[103.569977,16.661412],[103.570583,16.661234],[103.571113,16.66092],[103.570907,16.660432],[103.571271,16.660309],[103.5716,16.659743],[103.571923,16.659814],[103.571979,16.660273],[103.57282,16.659903],[103.573151,16.660202],[103.573115,16.660453],[103.573602,16.659401],[103.573928,16.659293],[103.574252,16.659493],[103.574345,16.65909],[103.574631,16.659274],[103.574995,16.65875],[103.576238,16.65897],[103.578482,16.656733],[103.578982,16.656575],[103.578805,16.655622],[103.578903,16.655488],[103.579336,16.655768],[103.579632,16.655479],[103.579446,16.654806],[103.579666,16.652592],[103.580678,16.649981],[103.582228,16.64805],[103.586107,16.645071],[103.586493,16.643669],[103.58852,16.640387],[103.588938,16.637447],[103.588773,16.636125],[103.58955495935675,16.634702537491705],[103.588333,16.620797],[103.585441,16.61527],[103.597085,16.607787],[103.596023,16.596134],[103.596766,16.59362],[103.59823,16.593506],[103.597391,16.591844],[103.599071,16.585249],[103.597287,16.579699],[103.591857,16.578342],[103.590567,16.57597],[103.594727,16.574251],[103.593965,16.571692],[103.586529,16.563293],[103.571141,16.55294],[103.571308,16.550436]]],[[[103.589731,16.634397],[103.58955495935675,16.634702537491705],[103.589555,16.634703],[103.589731,16.634397]]]]},"bbox":[103.544104,16.544218,103.599071,16.663481]},{"type":"Feature","id":"421a3bc5-ba30-445e-8408-80c437006299","properties":{"id":"421a3bc5-ba30-445e-8408-80c437006299","code":"05460201","provinceCode":"46","nameTh":"เทศบาลตำบล นามน","nameEn":null,"geometryType":"MUNICIPALITY","sourceUrl":"https://landometer.com/api/v2/citymeter-v3/grocery/info/geom/421a3bc5-ba30-445e-8408-80c437006299/MUNICIPALITY","sourceSha256":"22bd21ca53f38c66e114be4c74d534875ff4ccc092366b4c5f5df311a29d0fe4","retrievedAt":"2026-10-04T05:43:28.445401+00:00","boundaryVintage":null,"geometryStatus":"native_source_polygon_display_simplified","simplificationToleranceDegrees":0.00015,"simplificationPreservesTopology":true,"invalidSourceRepair":"make_valid; retain polygonal components; discard zero-area collapsed lines","legalBoundaryIndependentlyVerified":false,"areaId":"421a3bc5-ba30-445e-8408-80c437006299"},"geometry":{"type":"Polygon","coordinates":[[[103.806985,16.56168],[103.783084,16.564366],[103.772197,16.560787],[103.765849,16.561093],[103.75747,16.564805],[103.751638,16.571139],[103.766746,16.582157],[103.769419,16.580763],[103.77369,16.583091],[103.787155,16.583451],[103.798782,16.580696],[103.807581,16.582487],[103.80885,16.580443],[103.806985,16.56168]]]},"bbox":[103.751638,16.560787,103.80885,16.583451]},{"type":"Feature","id":"2ab66c45-2036-4baa-9862-63fbf2bd2b58","properties":{"id":"2ab66c45-2036-4baa-9862-63fbf2bd2b58","code":"05460202","provinceCode":"46","nameTh":"เทศบาลตำบล สงเปลือย","nameEn":null,"geometryType":"MUNICIPALITY","sourceUrl":"https://landometer.com/api/v2/citymeter-v3/grocery/info/geom/2ab66c45-2036-4baa-9862-63fbf2bd2b58/MUNICIPALITY","sourceSha256":"dd8539e19fc255ea003d003747d66bcb48b8e4f4ecb4d5cf61eba640768db471","retrievedAt":"2026-10-04T05:43:28.480645+00:00","boundaryVintage":null,"geometryStatus":"native_source_polygon_display_simplified","simplificationToleranceDegrees":0.00015,"simplificationPreservesTopology":true,"invalidSourceRepair":"make_valid; retain polygonal components; discard zero-area collapsed lines","legalBoundaryIndependentlyVerified":false,"areaId":"2ab66c45-2036-4baa-9862-63fbf2bd2b58"},"geometry":{"type":"MultiPolygon","coordinates":[[[[103.802755,16.595742],[103.797013,16.600531],[103.779501,16.602725],[103.77255,16.606522],[103.770086,16.608489],[103.770598,16.609868],[103.764006,16.614127],[103.761959,16.620189],[103.75264,16.634114],[103.75816,16.647955],[103.771085,16.657518],[103.778174,16.664264],[103.778914,16.663737],[103.779089,16.664139],[103.779329,16.663908],[103.779292,16.663163],[103.780007,16.6628],[103.779941,16.662214],[103.78192,16.661552],[103.782002,16.661278],[103.78172,16.661252],[103.781999,16.660938],[103.782429,16.66111],[103.782963,16.660612],[103.783225,16.660719],[103.783448,16.659856],[103.784697,16.659589],[103.784501,16.658829],[103.784977,16.658443],[103.784418,16.657724],[103.784408,16.657064],[103.78488,16.656738],[103.78606,16.65414],[103.786802,16.653388],[103.786951,16.652918],[103.797303,16.648027],[103.798609,16.647163],[103.800734,16.644983],[103.801864,16.644158],[103.80223,16.644151],[103.802745,16.643579],[103.80252,16.643258],[103.802722,16.642947],[103.803701,16.642762],[103.804491,16.641957],[103.806005,16.64174],[103.806601,16.640884],[103.806944,16.641095],[103.807628,16.640947],[103.80806,16.641372],[103.807704,16.641698],[103.808261,16.642039],[103.810465,16.641138],[103.810438,16.641705],[103.811046,16.641434],[103.811449,16.641813],[103.811562,16.641534],[103.811185,16.640844],[103.810585,16.640541],[103.811088,16.640382],[103.811432,16.639866],[103.812317,16.640619],[103.812461,16.639682],[103.812791,16.639854],[103.813718,16.639571],[103.813433,16.638782],[103.814123,16.638136],[103.813261,16.63812],[103.812915,16.637692],[103.813697,16.63763],[103.814153,16.636761],[103.814689,16.636777],[103.816007,16.636149],[103.816288,16.635388],[103.816227,16.634137],[103.81683,16.633396],[103.8172,16.633429],[103.816888,16.634021],[103.817032,16.634208],[103.817422,16.633767],[103.817565,16.634202],[103.817876,16.634086],[103.81789,16.633551],[103.818474,16.633442],[103.818057,16.633092],[103.818409,16.633049],[103.818512,16.632769],[103.8195,16.633602],[103.819853,16.632828],[103.819797,16.632352],[103.82041,16.632288],[103.820538,16.631356],[103.820997,16.631622],[103.820779,16.632366],[103.821312,16.632274],[103.821571,16.631221],[103.820425,16.630513],[103.821111,16.630303],[103.821486,16.630654],[103.821257,16.629909],[103.82082,16.62963],[103.821384,16.629604],[103.821815,16.630036],[103.821748,16.630449],[103.821976,16.630612],[103.822324,16.630552],[103.82255,16.630771],[103.823053,16.630295],[103.823079,16.629989],[103.822362,16.629551],[103.822689,16.629198],[103.822643,16.628602],[103.823694,16.627683],[103.823551,16.627427],[103.823138,16.627605],[103.823588,16.62693],[103.823931,16.626884],[103.824097,16.627209],[103.824458,16.627224],[103.824636,16.62675],[103.824228,16.62648],[103.824506,16.625537],[103.824044,16.625411],[103.823973,16.625151],[103.824674,16.624918],[103.825307,16.624211],[103.824516,16.623445],[103.825153,16.622634],[103.824968,16.622143],[103.825197,16.620996],[103.824582,16.620279],[103.82435,16.619276],[103.82601,16.617246],[103.826318,16.615917],[103.826186,16.613086],[103.826994,16.611854],[103.827385,16.611742],[103.827652,16.611198],[103.828082,16.611105],[103.828084,16.610456],[103.829053,16.610219],[103.828673,16.609853],[103.829209,16.608655],[103.830568,16.608337],[103.830534,16.607604],[103.83108,16.607807],[103.831339,16.607236],[103.831078,16.606869],[103.831614,16.606725],[103.831396,16.606299],[103.831007,16.606401],[103.830799,16.606141],[103.830449,16.606302],[103.830683,16.605775],[103.831361,16.60532],[103.831477,16.6049],[103.832523,16.604853],[103.833331,16.604175],[103.833272,16.604671],[103.833486,16.604777],[103.833752,16.60423],[103.831804,16.599466],[103.825566,16.592688],[103.828108,16.590123],[103.826886,16.586999],[103.818094,16.589273],[103.802755,16.595742]]],[[[103.77901,16.664598],[103.779014,16.664594],[103.779014,16.664591],[103.77901,16.664598]]]]},"bbox":[103.75264,16.586999,103.833752,16.664598]},{"type":"Feature","id":"777cca83-2976-4821-8bfb-5b90f236ca1d","properties":{"id":"777cca83-2976-4821-8bfb-5b90f236ca1d","code":"05460301","provinceCode":"46","nameTh":"เทศบาลตำบล กมลาไสย","nameEn":null,"geometryType":"MUNICIPALITY","sourceUrl":"https://landometer.com/api/v2/citymeter-v3/grocery/info/geom/777cca83-2976-4821-8bfb-5b90f236ca1d/MUNICIPALITY","sourceSha256":"165eb6ab4742e18d8fac8979417d87b5159a7d42a7deeb34d8c0f7d067cc7ef9","retrievedAt":"2026-10-04T05:43:28.475814+00:00","boundaryVintage":null,"geometryStatus":"native_source_polygon_display_simplified","simplificationToleranceDegrees":0.00015,"simplificationPreservesTopology":true,"invalidSourceRepair":"make_valid; retain polygonal components; discard zero-area collapsed lines","legalBoundaryIndependentlyVerified":false,"areaId":"777cca83-2976-4821-8bfb-5b90f236ca1d"},"geometry":{"type":"Polygon","coordinates":[[[103.547819,16.331246],[103.548698,16.331938],[103.549469,16.331733],[103.550052,16.331914],[103.550213,16.332417],[103.551202,16.332954],[103.55297,16.332422],[103.556091,16.332342],[103.556348,16.332672],[103.556145,16.333419],[103.556468,16.333706],[103.55689,16.333356],[103.55706,16.33244],[103.557699,16.332334],[103.558208,16.333689],[103.557808,16.334305],[103.557875,16.334672],[103.559057,16.335042],[103.559358,16.335815],[103.560798,16.336694],[103.561056,16.337432],[103.560984,16.338358],[103.561318,16.33898],[103.560998,16.339465],[103.560187,16.339751],[103.559803,16.339588],[103.559541,16.338788],[103.559255,16.338712],[103.559138,16.339049],[103.559484,16.340153],[103.558995,16.341135],[103.558207,16.340762],[103.557419,16.341332],[103.556668,16.34127],[103.557069,16.34339],[103.557944,16.343462],[103.558021,16.343716],[103.556034,16.344298],[103.556153,16.345394],[103.554961,16.345737],[103.55416,16.347748],[103.554544,16.348092],[103.555821,16.348133],[103.557586,16.350646],[103.557839,16.351434],[103.55748,16.35329],[103.557673,16.353784],[103.56621,16.358948],[103.570368,16.361173],[103.570805,16.358983],[103.57231471875038,16.356389440283497],[103.574222,16.357119],[103.575794,16.355495],[103.577426,16.355355],[103.578619,16.354494],[103.5771,16.353186],[103.577382,16.352808],[103.577744,16.351103],[103.577343,16.350757],[103.57845313091818,16.342954108604772],[103.57925,16.339203],[103.582808,16.339901],[103.583493,16.336965],[103.591503,16.334057],[103.589814,16.331541],[103.593303,16.330434],[103.59535,16.333985],[103.598991,16.330793],[103.59952,16.328328],[103.602397,16.329818],[103.602487,16.325461],[103.597707,16.318341],[103.573717,16.312462],[103.549955,16.326742],[103.547819,16.331246]],[[103.566868,16.354306],[103.5723149219632,16.356389122163083],[103.57231471875038,16.356389440283497],[103.566868,16.354306]],[[103.572315,16.356389],[103.573269,16.356754],[103.5723149219632,16.356389122163083],[103.572315,16.356389]],[[103.576404,16.3526],[103.578454,16.342948],[103.57845313091818,16.342954108604772],[103.576404,16.3526]]]},"bbox":[103.547819,16.312462,103.602487,16.361173]},{"type":"Feature","id":"ea478721-1540-48a4-bd1f-2b056f43bf5c","properties":{"id":"ea478721-1540-48a4-bd1f-2b056f43bf5c","code":"05460302","provinceCode":"46","nameTh":"เทศบาลตำบล ธัญญา","nameEn":null,"geometryType":"MUNICIPALITY","sourceUrl":"https://landometer.com/api/v2/citymeter-v3/grocery/info/geom/ea478721-1540-48a4-bd1f-2b056f43bf5c/MUNICIPALITY","sourceSha256":"16236d821e128dbcbf9104511ec2a593bac59f3a5c4b427f1b96ff159b6a61a6","retrievedAt":"2026-10-04T05:43:28.460327+00:00","boundaryVintage":null,"geometryStatus":"native_source_polygon_display_simplified","simplificationToleranceDegrees":0.00015,"simplificationPreservesTopology":true,"invalidSourceRepair":"make_valid; retain polygonal components; discard zero-area collapsed lines","legalBoundaryIndependentlyVerified":false,"areaId":"ea478721-1540-48a4-bd1f-2b056f43bf5c"},"geometry":{"type":"Polygon","coordinates":[[[103.588462,16.261449],[103.583871,16.262292],[103.566525,16.257216],[103.558787,16.260644],[103.561977,16.263282],[103.563008,16.2683],[103.553058,16.272809],[103.557079,16.277944],[103.556294,16.285618],[103.572758,16.29468],[103.582857,16.292761],[103.59845,16.283446],[103.607126,16.281404],[103.614476,16.276402],[103.609072,16.265812],[103.606365,16.264469],[103.602458,16.266602],[103.595599,16.2673],[103.588462,16.261449]]]},"bbox":[103.553058,16.257216,103.614476,16.29468]},{"type":"Feature","id":"5f6b0d69-aad2-4bae-9706-c5680b6bf905","properties":{"id":"5f6b0d69-aad2-4bae-9706-c5680b6bf905","code":"05460303","provinceCode":"46","nameTh":"เทศบาลตำบล หนองแปน","nameEn":null,"geometryType":"MUNICIPALITY","sourceUrl":"https://landometer.com/api/v2/citymeter-v3/grocery/info/geom/5f6b0d69-aad2-4bae-9706-c5680b6bf905/MUNICIPALITY","sourceSha256":"96209d77c4578788908e025dbcf958c882ca4a7c084fd411b2464116e3826c8b","retrievedAt":"2026-10-04T05:43:28.464428+00:00","boundaryVintage":null,"geometryStatus":"native_source_polygon_display_simplified","simplificationToleranceDegrees":0.00015,"simplificationPreservesTopology":true,"invalidSourceRepair":"make_valid; retain polygonal components; discard zero-area collapsed lines","legalBoundaryIndependentlyVerified":false,"areaId":"5f6b0d69-aad2-4bae-9706-c5680b6bf905"},"geometry":{"type":"MultiPolygon","coordinates":[[[[103.527751,16.270554],[103.52775079007354,16.270554620276535],[103.52789,16.270549],[103.527751,16.270554]]],[[[103.522725,16.276828],[103.526817,16.278044],[103.526536,16.274144],[103.52775079007354,16.270554620276535],[103.526593,16.270643],[103.525225,16.270405],[103.522843,16.27079],[103.522636,16.269651],[103.520476,16.26978],[103.519208,16.269393],[103.519367,16.268318],[103.513119,16.265367],[103.511834,16.266381],[103.50978,16.267129],[103.509832,16.267994],[103.497755,16.280768],[103.491435,16.278048],[103.489329,16.276702],[103.489144,16.276102],[103.487952,16.276094],[103.486035,16.274703],[103.483151,16.273254],[103.480713,16.272266],[103.475911,16.270994],[103.474572,16.271112],[103.475269,16.283565],[103.474825,16.284911],[103.453333,16.275956],[103.452674,16.275948],[103.452516,16.276369],[103.458858,16.295122],[103.46398,16.311246],[103.49797,16.301123],[103.517862,16.314942],[103.521832,16.316887],[103.522543,16.319887],[103.520349,16.310626],[103.526656,16.302576],[103.523689,16.297312],[103.527952,16.279424],[103.52785,16.278351],[103.522725,16.276828]],[[103.527595,16.279318],[103.521975,16.277648],[103.527952,16.279424],[103.527595,16.279318]]]]},"bbox":[103.452516,16.265367,103.527952,16.319887]},{"type":"Feature","id":"11242153-525a-4764-817a-d3051f847fe6","properties":{"id":"11242153-525a-4764-817a-d3051f847fe6","code":"05460304","provinceCode":"46","nameTh":"เทศบาลตำบล ดงลิง","nameEn":null,"geometryType":"MUNICIPALITY","sourceUrl":"https://landometer.com/api/v2/citymeter-v3/grocery/info/geom/11242153-525a-4764-817a-d3051f847fe6/MUNICIPALITY","sourceSha256":"1bad1a38d9d1db9ad224d3ae99b614daf61a546c22a521496c02b40c3483ed85","retrievedAt":"2026-10-04T05:43:28.475252+00:00","boundaryVintage":null,"geometryStatus":"native_source_polygon_display_simplified","simplificationToleranceDegrees":0.00015,"simplificationPreservesTopology":true,"invalidSourceRepair":"make_valid; retain polygonal components; discard zero-area collapsed lines","legalBoundaryIndependentlyVerified":false,"areaId":"11242153-525a-4764-817a-d3051f847fe6"},"geometry":{"type":"Polygon","coordinates":[[[103.665521,16.221704],[103.663977,16.220848],[103.661454,16.217126],[103.645508,16.230886],[103.630392,16.247859],[103.629493,16.250726],[103.62784,16.254124],[103.625875,16.262261],[103.644734,16.280873],[103.657603,16.289924],[103.659248,16.286891],[103.657915,16.284696],[103.661697,16.28243],[103.663728,16.28426],[103.667153,16.282365],[103.66825,16.28483],[103.670894,16.280283],[103.673192,16.279614],[103.679169,16.281328],[103.681037,16.284708],[103.687909,16.287014],[103.686886,16.284235],[103.687235,16.282084],[103.686898,16.281809],[103.68533,16.28162],[103.685711,16.28095],[103.687851,16.28028],[103.688259,16.27972],[103.687894,16.27903],[103.686425,16.278495],[103.685617,16.277633],[103.685596,16.273776],[103.685864,16.273289],[103.686449,16.273172],[103.690136,16.274955],[103.690751,16.275064],[103.691028,16.274825],[103.691025,16.271765],[103.690019,16.270179],[103.689766,16.268859],[103.688975,16.2674],[103.688497,16.265814],[103.687078,16.26347],[103.687417,16.262895],[103.688536,16.262402],[103.689692,16.262689],[103.690602,16.263602],[103.691016,16.26347],[103.691137,16.2629],[103.690746,16.259994],[103.690348,16.259106],[103.688343,16.256526],[103.684565,16.253316],[103.6838,16.252154],[103.683628,16.251015],[103.683793,16.250428],[103.685474,16.24904],[103.685663,16.24846],[103.685541,16.245298],[103.684963,16.243219],[103.685227,16.241385],[103.684628,16.239682],[103.685064,16.239182],[103.685738,16.239123],[103.687821,16.241151],[103.689484,16.241688],[103.690384,16.241406],[103.690612,16.240644],[103.690048,16.239587],[103.689726,16.238108],[103.689979,16.236593],[103.690559,16.235456],[103.692279,16.233232],[103.694857,16.232006],[103.694811,16.231462],[103.693957,16.230859],[103.69403,16.230285],[103.696322,16.229033],[103.699962,16.228477],[103.702013,16.227894],[103.702618,16.227501],[103.70316,16.226575],[103.704734,16.221529],[103.699666,16.22301],[103.693898,16.223682],[103.691633,16.22553],[103.690814,16.225448],[103.690239,16.224715],[103.690014,16.223974],[103.690324,16.222673],[103.691875,16.221801],[103.694757,16.221217],[103.696604,16.219726],[103.697436,16.218232],[103.697035,16.216293],[103.695804,16.214721],[103.694438,16.214458],[103.693232,16.214956],[103.690868,16.217166],[103.690292,16.217347],[103.689651,16.217227],[103.688985,16.216451],[103.688488,16.213144],[103.688043,16.212028],[103.687142,16.211178],[103.685949,16.210781],[103.684503,16.211175],[103.68411,16.211568],[103.683899,16.212319],[103.684049,16.213083],[103.685932,16.216681],[103.685902,16.217213],[103.685543,16.217617],[103.684306,16.217629],[103.681143,16.215912],[103.678037,16.216319],[103.677046,16.216117],[103.676159,16.215097],[103.67585,16.212334],[103.675272,16.211862],[103.674516,16.211813],[103.671485,16.21297],[103.670247,16.213699],[103.669138,16.214915],[103.669297,16.216246],[103.671098,16.218528],[103.671148,16.219367],[103.670814,16.220043],[103.670395,16.220397],[103.667183,16.221511],[103.665521,16.221704]]]},"bbox":[103.625875,16.210781,103.704734,16.289924]},{"type":"Feature","id":"8bef5a0e-bc48-4052-8427-750dc45ce7a6","properties":{"id":"8bef5a0e-bc48-4052-8427-750dc45ce7a6","code":"05460308","provinceCode":"46","nameTh":"เทศบาลตำบล หลักเมือง","nameEn":null,"geometryType":"MUNICIPALITY","sourceUrl":"https://landometer.com/api/v2/citymeter-v3/grocery/info/geom/8bef5a0e-bc48-4052-8427-750dc45ce7a6/MUNICIPALITY","sourceSha256":"49f673c2b71eb124ee646766b9dbe0625a4959827fe610f0c8c343d8e9f52047","retrievedAt":"2026-10-04T05:43:28.472664+00:00","boundaryVintage":null,"geometryStatus":"native_source_polygon_display_simplified","simplificationToleranceDegrees":0.00015,"simplificationPreservesTopology":true,"invalidSourceRepair":"make_valid; retain polygonal components; discard zero-area collapsed lines","legalBoundaryIndependentlyVerified":false,"areaId":"8bef5a0e-bc48-4052-8427-750dc45ce7a6"},"geometry":{"type":"Polygon","coordinates":[[[103.598991,16.330793],[103.59535,16.333985],[103.593303,16.330434],[103.589814,16.331541],[103.591503,16.334057],[103.583493,16.336965],[103.582808,16.339901],[103.57925,16.339203],[103.578454,16.342948],[103.577343,16.350757],[103.577744,16.351103],[103.577382,16.352808],[103.5771,16.353186],[103.578619,16.354494],[103.577426,16.355355],[103.575794,16.355495],[103.574222,16.357119],[103.572315,16.356389],[103.570805,16.358983],[103.570368,16.361173],[103.576859,16.364708],[103.580573,16.366433],[103.587681,16.369277],[103.590909,16.37032],[103.593646,16.370494],[103.621713,16.369871],[103.627912,16.371488],[103.630823,16.372867],[103.633376,16.373682],[103.641443,16.375621],[103.637385,16.374209],[103.632858,16.371837],[103.631592,16.369478],[103.628261,16.369189],[103.629475,16.362698],[103.627122,16.360174],[103.628094,16.357452],[103.629451,16.358899],[103.631192,16.355469],[103.628955,16.355063],[103.627472,16.351157],[103.629757,16.348277],[103.628907,16.345538],[103.627081,16.347408],[103.625503,16.34675],[103.622687,16.338762],[103.62932,16.332819],[103.628077,16.329753],[103.630864,16.329812],[103.632379,16.327737],[103.630831,16.324827],[103.633984,16.322535],[103.629923,16.320259],[103.631525,16.314126],[103.634575,16.314634],[103.633062,16.311383],[103.636268,16.311192],[103.634006,16.306616],[103.636653,16.304402],[103.639393,16.308182],[103.640695,16.307735],[103.642316,16.306602],[103.641612,16.304401],[103.64726,16.302239],[103.647092,16.299664],[103.650778,16.300893],[103.655165,16.298135],[103.656791,16.294708],[103.659817,16.294975],[103.661661,16.292598],[103.658021,16.28984],[103.658969,16.287561],[103.657603,16.289924],[103.644734,16.280873],[103.625928,16.262313],[103.625828,16.262741],[103.627004,16.26435],[103.620553,16.270875],[103.613712,16.274419],[103.614476,16.276402],[103.607126,16.281404],[103.59845,16.283446],[103.582857,16.292761],[103.572758,16.29468],[103.573717,16.312462],[103.597707,16.318341],[103.602487,16.325461],[103.602397,16.329818],[103.59952,16.328328],[103.598991,16.330793]]]},"bbox":[103.570368,16.262313,103.661661,16.375621]},{"type":"Feature","id":"8c8a3b5e-0820-43d1-84d5-15841c9dba84","properties":{"id":"8c8a3b5e-0820-43d1-84d5-15841c9dba84","code":"05460401","provinceCode":"46","nameTh":"เทศบาลตำบล ร่องคำ","nameEn":null,"geometryType":"MUNICIPALITY","sourceUrl":"https://landometer.com/api/v2/citymeter-v3/grocery/info/geom/8c8a3b5e-0820-43d1-84d5-15841c9dba84/MUNICIPALITY","sourceSha256":"db3e4384222abe6d13083a0946fb733336fc3d7680b3e242c2c02ddca97a2459","retrievedAt":"2026-10-04T05:43:28.590776+00:00","boundaryVintage":null,"geometryStatus":"native_source_polygon_display_simplified","simplificationToleranceDegrees":0.00015,"simplificationPreservesTopology":true,"invalidSourceRepair":"make_valid; retain polygonal components; discard zero-area collapsed lines","legalBoundaryIndependentlyVerified":false,"areaId":"8c8a3b5e-0820-43d1-84d5-15841c9dba84"},"geometry":{"type":"MultiPolygon","coordinates":[[[[103.732223,16.230118],[103.73207316896094,16.23018667255957],[103.732073,16.230187],[103.732223,16.230118]]],[[[103.753026,16.272304],[103.755061,16.271072],[103.754844,16.269386],[103.754169,16.268487],[103.753522,16.268452],[103.753855,16.267642],[103.753345,16.266978],[103.753474,16.26614],[103.753075,16.265558],[103.752941,16.264554],[103.75258,16.264076],[103.752024,16.264306],[103.751641,16.263392],[103.751822,16.263074],[103.752367,16.263145],[103.75244,16.262776],[103.752121,16.262332],[103.751398,16.26242],[103.751159,16.262184],[103.751258,16.260266],[103.750159,16.260561],[103.748265,16.257879],[103.747393,16.257684],[103.7467,16.25711],[103.745873,16.256826],[103.745429,16.255326],[103.744936,16.255679],[103.744354,16.255489],[103.743813,16.255745],[103.74257,16.255122],[103.742596,16.254474],[103.741626,16.252888],[103.739887,16.252579],[103.737835,16.251717],[103.737035,16.251066],[103.736776,16.250469],[103.735702,16.249688],[103.733976,16.247615],[103.733929,16.246704],[103.734453,16.24619],[103.734597,16.245454],[103.735162,16.245132],[103.734717,16.244883],[103.734409,16.244068],[103.734869,16.243488],[103.73469,16.242226],[103.734978,16.241856],[103.734515,16.241271],[103.734466,16.240715],[103.734734,16.239549],[103.734109,16.238651],[103.733742,16.239223],[103.73343,16.239087],[103.733312,16.238215],[103.733532,16.23798],[103.73312,16.237898],[103.732704,16.237211],[103.733192,16.237142],[103.732238,16.236446],[103.732458,16.235974],[103.732238,16.235391],[103.731363,16.235208],[103.73109,16.234325],[103.731715,16.234089],[103.732612,16.232973],[103.732036,16.232215],[103.73149,16.232035],[103.731434,16.231513],[103.731909,16.230305],[103.732879,16.228625],[103.727533,16.234766],[103.724608,16.247869],[103.719563,16.259365],[103.72605,16.277846],[103.726418,16.277899],[103.726609,16.278415],[103.734771,16.28119],[103.743013,16.290072],[103.755572,16.298781],[103.755904,16.300714],[103.756048,16.299594],[103.755649,16.298714],[103.755976,16.297717],[103.756283,16.297572],[103.755743,16.297011],[103.755664,16.296453],[103.755196,16.296231],[103.755419,16.295853],[103.755956,16.295721],[103.756044,16.295377],[103.755588,16.295453],[103.755875,16.294959],[103.755629,16.294862],[103.755386,16.295088],[103.755197,16.294053],[103.754821,16.293988],[103.755298,16.292884],[103.754301,16.29226],[103.754097,16.291699],[103.75322,16.291068],[103.752418,16.291157],[103.752239,16.290741],[103.752371,16.290137],[103.751994,16.290119],[103.751353,16.289493],[103.751147,16.288205],[103.750434,16.287159],[103.750609,16.286389],[103.750967,16.286185],[103.751097,16.285734],[103.751032,16.283485],[103.752549,16.282443],[103.752673,16.28032],[103.75377,16.278471],[103.754476,16.277919],[103.753599,16.27629],[103.752883,16.275918],[103.752851,16.275263],[103.752011,16.274254],[103.752047,16.273867],[103.752682,16.273626],[103.752465,16.273212],[103.753026,16.272304]]]]},"bbox":[103.719563,16.228625,103.756285,16.300714]},{"type":"Feature","id":"d2f8dcd7-1f75-46ce-9f8f-5e2ff7725585","properties":{"id":"d2f8dcd7-1f75-46ce-9f8f-5e2ff7725585","code":"05460501","provinceCode":"46","nameTh":"เทศบาลตำบล กุดหว้า","nameEn":null,"geometryType":"MUNICIPALITY","sourceUrl":"https://landometer.com/api/v2/citymeter-v3/grocery/info/geom/d2f8dcd7-1f75-46ce-9f8f-5e2ff7725585/MUNICIPALITY","sourceSha256":"a7a05580a3239fbe49ceb85351fbaa8d102fe18f7b35da0a3f92a030dd0dcb6a","retrievedAt":"2026-10-04T05:43:28.570001+00:00","boundaryVintage":null,"geometryStatus":"native_source_polygon_display_simplified","simplificationToleranceDegrees":0.00015,"simplificationPreservesTopology":true,"invalidSourceRepair":"make_valid; retain polygonal components; discard zero-area collapsed lines","legalBoundaryIndependentlyVerified":false,"areaId":"d2f8dcd7-1f75-46ce-9f8f-5e2ff7725585"},"geometry":{"type":"Polygon","coordinates":[[[104.113771,16.52701],[104.1271,16.525606],[104.125476,16.51163],[104.105915,16.513693],[104.099991,16.51575],[104.105348,16.528882],[104.113771,16.52701]]]},"bbox":[104.099991,16.51163,104.1271,16.528882]},{"type":"Feature","id":"ebaa834a-f5a9-4582-a270-d068d12ac93a","properties":{"id":"ebaa834a-f5a9-4582-a270-d068d12ac93a","code":"05460503","provinceCode":"46","nameTh":"เทศบาลตำบล นาขาม","nameEn":null,"geometryType":"MUNICIPALITY","sourceUrl":"https://landometer.com/api/v2/citymeter-v3/grocery/info/geom/ebaa834a-f5a9-4582-a270-d068d12ac93a/MUNICIPALITY","sourceSha256":"acd147c33ef668795e3e006fe1938c2bd4bbae049f891e6444ca786b49647736","retrievedAt":"2026-10-04T05:43:28.874148+00:00","boundaryVintage":null,"geometryStatus":"native_source_polygon_display_simplified","simplificationToleranceDegrees":0.00015,"simplificationPreservesTopology":true,"invalidSourceRepair":"make_valid; retain polygonal components; discard zero-area collapsed lines","legalBoundaryIndependentlyVerified":false,"areaId":"ebaa834a-f5a9-4582-a270-d068d12ac93a"},"geometry":{"type":"Polygon","coordinates":[[[103.925143,16.436609],[103.92459,16.436505],[103.924537,16.436976],[103.924728,16.437141],[103.923761,16.437791],[103.923418,16.437757],[103.923388,16.438093],[103.922788,16.438173],[103.922512,16.438812],[103.92235,16.438786],[103.922421,16.438413],[103.922175,16.43837],[103.921021,16.439814],[103.919393,16.439592],[103.918741,16.438463],[103.918131,16.438761],[103.91615,16.439032],[103.915452,16.438654],[103.914456,16.439179],[103.914806,16.439524],[103.914201,16.439816],[103.914405,16.441078],[103.91388,16.442405],[103.914066,16.4434],[103.91441,16.443494],[103.914441,16.444171],[103.914818,16.444477],[103.914405,16.445101],[103.914542,16.445594],[103.913952,16.446607],[103.913986,16.44721],[103.913662,16.447303],[103.913397,16.44783],[103.913427,16.448893],[103.912629,16.449125],[103.912707,16.449462],[103.912335,16.449771],[103.912074,16.450735],[103.910673,16.452279],[103.910953,16.45254],[103.910178,16.453317],[103.909552,16.453566],[103.909526,16.452993],[103.908445,16.452665],[103.908507,16.452453],[103.908069,16.452247],[103.907707,16.452384],[103.907716,16.451934],[103.907284,16.451748],[103.907426,16.451356],[103.906615,16.450937],[103.906772,16.450619],[103.90612,16.450644],[103.905977,16.450046],[103.90614,16.449889],[103.905824,16.449365],[103.905378,16.449585],[103.905539,16.449011],[103.905294,16.448805],[103.905143,16.449092],[103.904855,16.44905],[103.905002,16.44882],[103.904315,16.447365],[103.903466,16.447886],[103.903171,16.447694],[103.901567,16.447881],[103.901419,16.447695],[103.901069,16.448074],[103.899475,16.448192],[103.899066,16.448741],[103.899234,16.449513],[103.899011,16.449782],[103.898753,16.449599],[103.898864,16.450006],[103.898571,16.450226],[103.897855,16.450287],[103.897663,16.450977],[103.896827,16.451792],[103.896808,16.451387],[103.896238,16.451885],[103.895195,16.451465],[103.894796,16.451563],[103.894361,16.452094],[103.893049,16.452183],[103.892753,16.452546],[103.89222,16.45239],[103.891221,16.452953],[103.890774,16.453007],[103.890069,16.452427],[103.889828,16.452685],[103.889537,16.452553],[103.889361,16.452801],[103.8891,16.45275],[103.888088,16.453488],[103.887192,16.45375],[103.886822,16.453554],[103.886824,16.453904],[103.885181,16.453793],[103.88496,16.454068],[103.885086,16.454855],[103.884849,16.455518],[103.884162,16.455796],[103.883816,16.456252],[103.883828,16.457392],[103.883229,16.458459],[103.883527,16.458748],[103.883236,16.459492],[103.880479,16.461395],[103.87845,16.462258],[103.877184,16.463661],[103.876294,16.463679],[103.875025,16.464139],[103.874928,16.464549],[103.874464,16.464651],[103.874069,16.46535],[103.872204,16.465624],[103.870495,16.46897],[103.868775,16.470015],[103.86766,16.470291],[103.867467,16.47067],[103.867205,16.470636],[103.867022,16.470268],[103.866445,16.471128],[103.866057,16.471058],[103.866,16.470687],[103.864624,16.470654],[103.863215,16.470157],[103.862294,16.470703],[103.860782,16.470294],[103.851991,16.464361],[103.84606,16.462262],[103.844178,16.4621],[103.84255,16.462311],[103.836541,16.463617],[103.831445,16.465562],[103.830489,16.466498],[103.829137,16.469271],[103.827361,16.470589],[103.826463,16.470767],[103.822838,16.470103],[103.820374,16.474074],[103.818828,16.475492],[103.814035,16.478706],[103.812708,16.480397],[103.812462,16.481468],[103.812581,16.482437],[103.813741,16.484126],[103.815959,16.485642],[103.818312,16.486599],[103.821136,16.487544],[103.826904,16.487939],[103.82994,16.488422],[103.832005,16.489048],[103.833673,16.490964],[103.835916,16.492918],[103.838683,16.49648],[103.839958,16.497372],[103.844325,16.498907],[103.845764,16.49853],[103.84805,16.498487],[103.852662,16.500974],[103.85387,16.502385],[103.854403,16.506897],[103.855213,16.509718],[103.856993,16.51098],[103.858187,16.511339],[103.861151,16.511381],[103.863225,16.510623],[103.864854,16.510391],[103.86754,16.510534],[103.869689,16.511085],[103.87061,16.510979],[103.871782,16.511588],[103.87657,16.515148],[103.878657,16.515487],[103.880965,16.515336],[103.881413,16.517775],[103.882447,16.520144],[103.882483,16.522154],[103.883564,16.524931],[103.884078,16.527525],[103.885823,16.532019],[103.886374,16.536791],[103.887061,16.539306],[103.887125,16.540971],[103.888174,16.545522],[103.888279,16.547163],[103.890481,16.548584],[103.891521,16.548891],[103.89302,16.553374],[103.893094,16.554396],[103.892515,16.556447],[103.892358,16.558562],[103.891974,16.559272],[103.892387,16.562294],[103.890628,16.562705],[103.88826,16.566011],[103.890614,16.568393],[103.890817,16.568013],[103.891342,16.567882],[103.892013,16.568115],[103.892251,16.567313],[103.893013,16.567445],[103.89458,16.567179],[103.89518,16.568278],[103.897113,16.569589],[103.897535,16.569251],[103.897512,16.568338],[103.897722,16.567941],[103.898599,16.568423],[103.899802,16.568465],[103.900894,16.569461],[103.902219,16.569085],[103.902914,16.569288],[103.903391,16.569802],[103.902759,16.570587],[103.902914,16.571248],[103.902159,16.57139],[103.901839,16.572476],[103.902334,16.573249],[103.903476,16.572965],[103.903558,16.572504],[103.904311,16.572403],[103.905515,16.57132],[103.905974,16.571776],[103.906689,16.571612],[103.906633,16.572092],[103.907284,16.572178],[103.907242,16.570386],[103.907481,16.570061],[103.908359,16.570571],[103.908954,16.570574],[103.908853,16.57174],[103.908659,16.571844],[103.908367,16.571546],[103.90791,16.571726],[103.907981,16.572235],[103.909057,16.572092],[103.910361,16.572479],[103.910676,16.573043],[103.911539,16.57308],[103.911954,16.572953],[103.911736,16.572451],[103.912076,16.572073],[103.913332,16.57198],[103.913768,16.572201],[103.914791,16.573655],[103.915137,16.573743],[103.915647,16.573351],[103.915169,16.572961],[103.91504,16.571708],[103.915697,16.571857],[103.916312,16.571394],[103.916965,16.571331],[103.917086,16.571093],[103.916711,16.570263],[103.917014,16.569824],[103.917855,16.569919],[103.9177,16.570428],[103.917909,16.570604],[103.919425,16.570217],[103.919448,16.56972],[103.920021,16.569429],[103.920265,16.569477],[103.920645,16.570129],[103.921145,16.570214],[103.921182,16.569923],[103.920515,16.569042],[103.921096,16.567896],[103.921848,16.56817],[103.921759,16.56898],[103.92273,16.568934],[103.923185,16.569254],[103.923623,16.56866],[103.923745,16.567832],[103.924306,16.567962],[103.924864,16.567479],[103.925255,16.568089],[103.925541,16.568118],[103.925737,16.567228],[103.927111,16.566856],[103.927344,16.566114],[103.928015,16.566096],[103.928744,16.564974],[103.929082,16.565082],[103.929326,16.566003],[103.931449,16.566093],[103.931801,16.565742],[103.931627,16.564947],[103.93225,16.56521],[103.933084,16.564845],[103.932884,16.56414],[103.933207,16.563795],[103.932902,16.563399],[103.93306,16.56314],[103.933947,16.563249],[103.934316,16.562633],[103.934378,16.563703],[103.934736,16.563817],[103.93528,16.563578],[103.935842,16.56405],[103.936295,16.565092],[103.935897,16.56559],[103.93651,16.56624],[103.937572,16.565859],[103.938449,16.56746],[103.938978,16.56716],[103.939426,16.567341],[103.939119,16.568441],[103.938459,16.568859],[103.938771,16.569792],[103.93981,16.569528],[103.940289,16.569072],[103.940117,16.570322],[103.942128,16.570965],[103.94296,16.570945],[103.942579,16.570357],[103.943319,16.564667],[103.947639,16.561322],[103.947841,16.558616],[103.951577,16.554276],[103.95065,16.552922],[103.952318,16.551057],[103.949424,16.544522],[103.954671,16.540112],[103.957605,16.531092],[103.963803,16.533643],[103.970126,16.529819],[103.972184,16.531046],[103.973188,16.529127],[103.976155,16.529981],[103.975182,16.528157],[103.977904,16.524557],[103.975604,16.524082],[103.975431,16.522532],[103.979139,16.518335],[103.979654,16.518549],[103.980436,16.5184],[103.979976,16.51376],[103.98209,16.512288],[103.979412,16.511183],[103.978857,16.508174],[103.982801,16.505084],[103.980312,16.503388],[103.984627,16.498818],[103.983989,16.496804],[103.982948,16.496828],[103.98266,16.495919],[103.97603,16.496988],[103.974015,16.504237],[103.970153,16.505177],[103.965466,16.502273],[103.965276,16.499855],[103.964646,16.49938],[103.9503,16.498073],[103.946182,16.494175],[103.943085,16.486795],[103.9404,16.487599],[103.937433,16.483325],[103.932159,16.451671],[103.925391,16.436359],[103.925182,16.436331],[103.925143,16.436609]]]},"bbox":[103.812462,16.436313,103.984627,16.573758]},{"type":"Feature","id":"dd151faf-fac8-40c6-9613-511d1288a83d","properties":{"id":"dd151faf-fac8-40c6-9613-511d1288a83d","code":"05460504","provinceCode":"46","nameTh":"เทศบาลตำบล จุมจัง","nameEn":null,"geometryType":"MUNICIPALITY","sourceUrl":"https://landometer.com/api/v2/citymeter-v3/grocery/info/geom/dd151faf-fac8-40c6-9613-511d1288a83d/MUNICIPALITY","sourceSha256":"addd417a96001bf9d9034253bfe1c0e9d65b926500c23b067eabfe80e53a14f8","retrievedAt":"2026-10-04T05:43:28.615363+00:00","boundaryVintage":null,"geometryStatus":"native_source_polygon_display_simplified","simplificationToleranceDegrees":0.00015,"simplificationPreservesTopology":true,"invalidSourceRepair":"make_valid; retain polygonal components; discard zero-area collapsed lines","legalBoundaryIndependentlyVerified":false,"areaId":"dd151faf-fac8-40c6-9613-511d1288a83d"},"geometry":{"type":"Polygon","coordinates":[[[104.099858,16.421785],[104.099855,16.421491],[104.099098,16.421192],[104.09891,16.420784],[104.098733,16.421343],[104.09825,16.421588],[104.098435,16.420774],[104.098188,16.420756],[104.098013,16.421089],[104.097472,16.420894],[104.09761,16.419794],[104.096585,16.419797],[104.096546,16.419408],[104.096269,16.419224],[104.096313,16.418408],[104.095638,16.418225],[104.095402,16.416972],[104.09577,16.416696],[104.09545,16.416472],[104.095105,16.416675],[104.094888,16.416548],[104.095286,16.415744],[104.093882,16.415868],[104.093204,16.414862],[104.092556,16.41459],[104.092045,16.414602],[104.091773,16.414989],[104.091161,16.415085],[104.091315,16.414635],[104.090284,16.414285],[104.089632,16.414915],[104.089366,16.414506],[104.089076,16.414506],[104.089349,16.415114],[104.088897,16.415412],[104.088106,16.415041],[104.087718,16.415375],[104.086874,16.415363],[104.086826,16.415068],[104.087551,16.414925],[104.086779,16.412909],[104.08758,16.412294],[104.087551,16.411562],[104.086424,16.411872],[104.086342,16.411377],[104.08575,16.411397],[104.085501,16.410441],[104.08578,16.410121],[104.085375,16.409955],[104.085024,16.410211],[104.084648,16.410078],[104.084904,16.409644],[104.084805,16.409207],[104.084133,16.409329],[104.084142,16.409708],[104.083625,16.410152],[104.083253,16.409766],[104.081591,16.409701],[104.081245,16.410158],[104.081272,16.410947],[104.079777,16.411062],[104.078544,16.410588],[104.078192,16.409773],[104.077514,16.410288],[104.077456,16.410677],[104.076933,16.410434],[104.076491,16.409244],[104.075526,16.409436],[104.075656,16.408843],[104.075087,16.408374],[104.074215,16.40876],[104.07353,16.408406],[104.072877,16.408962],[104.072384,16.409064],[104.072315,16.409727],[104.071259,16.410102],[104.07076,16.409713],[104.071105,16.409311],[104.070979,16.409102],[104.070664,16.409048],[104.070171,16.409511],[104.070044,16.408965],[104.070411,16.408982],[104.070466,16.408573],[104.069843,16.408051],[104.069238,16.408897],[104.068941,16.408691],[104.069008,16.408185],[104.068442,16.407721],[104.068126,16.407725],[104.068314,16.408277],[104.068,16.40824],[104.067374,16.406758],[104.067442,16.40625],[104.067981,16.405581],[104.06749,16.405444],[104.06716,16.404819],[104.06734,16.40465],[104.067853,16.404764],[104.068202,16.40423],[104.067507,16.403869],[104.067434,16.403381],[104.067017,16.403274],[104.067484,16.402934],[104.067388,16.40245],[104.06777,16.402123],[104.067661,16.401103],[104.068231,16.401208],[104.06827,16.400694],[104.067376,16.399993],[104.066228,16.399794],[104.06662,16.399014],[104.065963,16.398613],[104.065157,16.398532],[104.065365,16.397563],[104.064656,16.397951],[104.0633,16.39686],[104.062413,16.396553],[104.062194,16.397033],[104.061116,16.396862],[104.060667,16.396234],[104.058438,16.396983],[104.057846,16.396754],[104.05789,16.396303],[104.057551,16.396104],[104.05758,16.396674],[104.05695,16.397112],[104.056484,16.396623],[104.055917,16.397119],[104.055702,16.396666],[104.055135,16.39644],[104.054387,16.396583],[104.05442,16.395915],[104.053975,16.395359],[104.053687,16.395354],[104.0535,16.394765],[104.053273,16.395351],[104.052163,16.395979],[104.051311,16.395569],[104.051038,16.395119],[104.050594,16.395191],[104.050507,16.395624],[104.050165,16.395681],[104.049994,16.395366],[104.050191,16.394631],[104.049897,16.394102],[104.05015,16.393714],[104.048887,16.392565],[104.047541,16.39228],[104.047025,16.391926],[104.046651,16.391201],[104.046112,16.391219],[104.045471,16.39088],[104.044996,16.391414],[104.043772,16.391831],[104.043116,16.39234],[104.042832,16.393677],[104.042292,16.394305],[104.040896,16.39486],[104.039259,16.396018],[104.039211,16.396829],[104.041264,16.401064],[104.041212,16.40159],[104.045789,16.40035],[104.051502,16.40497],[104.05436,16.404948],[104.053767,16.411573],[104.060156,16.416385],[104.058947,16.418999],[104.063598,16.420878],[104.068143,16.426197],[104.070075,16.432657],[104.071462,16.460797],[104.075854,16.468535],[104.075645,16.489749],[104.089707,16.493714],[104.095976,16.498205],[104.110143,16.493062],[104.117487,16.487306],[104.126569,16.483608],[104.128586,16.462861],[104.125416,16.452324],[104.126529,16.446675],[104.120232,16.437738],[104.108204,16.429723],[104.102559,16.422646],[104.10157,16.422196],[104.102018,16.422106],[104.101028,16.421896],[104.100573,16.422079],[104.099858,16.421785]]]},"bbox":[104.039182,16.39088,104.128586,16.498205]},{"type":"Feature","id":"8bea08dd-91a0-4b0a-9bff-65c37b1a0d1d","properties":{"id":"8bea08dd-91a0-4b0a-9bff-65c37b1a0d1d","code":"05460505","provinceCode":"46","nameTh":"เทศบาลตำบล เหล่าใหญ่","nameEn":null,"geometryType":"MUNICIPALITY","sourceUrl":"https://landometer.com/api/v2/citymeter-v3/grocery/info/geom/8bea08dd-91a0-4b0a-9bff-65c37b1a0d1d/MUNICIPALITY","sourceSha256":"358f1a122e0fab2e1671113368d89291d315aeb4e9b1dabb7c55d433f0355d20","retrievedAt":"2026-10-04T05:43:28.625043+00:00","boundaryVintage":null,"geometryStatus":"native_source_polygon_display_simplified","simplificationToleranceDegrees":0.00015,"simplificationPreservesTopology":true,"invalidSourceRepair":"make_valid; retain polygonal components; discard zero-area collapsed lines","legalBoundaryIndependentlyVerified":false,"areaId":"8bea08dd-91a0-4b0a-9bff-65c37b1a0d1d"},"geometry":{"type":"Polygon","coordinates":[[[104.006864,16.576641],[103.991581,16.569356],[103.986691,16.570493],[103.984563,16.573485],[103.977502,16.567958],[103.967056,16.56484],[103.951886,16.554726],[103.951577,16.554276],[103.947841,16.558616],[103.947639,16.561322],[103.943319,16.564667],[103.942579,16.570357],[103.94369,16.572019],[103.944045,16.571887],[103.944842,16.570601],[103.945158,16.570656],[103.945301,16.572343],[103.94464,16.573007],[103.945146,16.573912],[103.945108,16.57463],[103.944923,16.574841],[103.943786,16.57474],[103.944192,16.575574],[103.943933,16.575829],[103.942743,16.575032],[103.942568,16.575859],[103.941987,16.576311],[103.941891,16.576962],[103.942312,16.577793],[103.942075,16.578832],[103.94275,16.579252],[103.943173,16.580408],[103.944167,16.580495],[103.945196,16.581581],[103.946141,16.581394],[103.947103,16.581682],[103.947029,16.581973],[103.945782,16.5824],[103.945264,16.58294],[103.945992,16.583442],[103.946826,16.583603],[103.946954,16.584785],[103.947797,16.585897],[103.948154,16.585889],[103.948599,16.584862],[103.949175,16.584405],[103.9494,16.584609],[103.949484,16.585611],[103.950226,16.585473],[103.950615,16.584897],[103.951279,16.585205],[103.951184,16.585763],[103.949961,16.58689],[103.949373,16.58704],[103.949502,16.587753],[103.948793,16.587941],[103.948644,16.588405],[103.949717,16.58869],[103.949852,16.589187],[103.950388,16.588372],[103.950751,16.588462],[103.950905,16.588753],[103.950626,16.589594],[103.951703,16.590633],[103.951348,16.591163],[103.951711,16.59167],[103.95198,16.59181],[103.9527,16.591515],[103.954155,16.592004],[103.954,16.593022],[103.954186,16.593668],[103.954673,16.594168],[103.954588,16.594788],[103.95488,16.596043],[103.954735,16.596548],[103.95585,16.596974],[103.956184,16.597659],[103.95759,16.597543],[103.957391,16.597939],[103.956357,16.598526],[103.956754,16.599044],[103.958777,16.600063],[103.960218,16.59967],[103.960638,16.599944],[103.960788,16.600283],[103.960201,16.600336],[103.960115,16.600681],[103.960621,16.60166],[103.961319,16.602154],[103.962694,16.604143],[103.962768,16.605142],[103.961585,16.60534],[103.961362,16.60591],[103.960364,16.606024],[103.959913,16.606971],[103.960436,16.608399],[103.960817,16.608472],[103.961488,16.608146],[103.961748,16.60835],[103.961273,16.609772],[103.960758,16.610366],[103.961779,16.610543],[103.962563,16.610985],[103.962191,16.611472],[103.961391,16.611139],[103.960768,16.611491],[103.960765,16.612367],[103.96161,16.612661],[103.961229,16.61304],[103.961106,16.613918],[103.961826,16.614628],[103.962498,16.614409],[103.963036,16.614668],[103.96308,16.61501],[103.962651,16.615564],[103.962903,16.616078],[103.963552,16.61593],[103.963938,16.615194],[103.964364,16.6161],[103.963847,16.617556],[103.963471,16.617836],[103.962558,16.61776],[103.962338,16.618119],[103.962765,16.618675],[103.964391,16.619512],[103.964911,16.620544],[103.965944,16.621337],[103.966663,16.621704],[103.967447,16.621312],[103.967784,16.621581],[103.967999,16.622317],[103.968527,16.62227],[103.968801,16.622725],[103.968601,16.623218],[103.967476,16.623432],[103.965725,16.624521],[103.964905,16.625304],[103.964685,16.625855],[103.964896,16.626591],[103.964547,16.627643],[103.964939,16.628084],[103.967008,16.627119],[103.967448,16.627328],[103.966914,16.628057],[103.966031,16.628558],[103.966785,16.629026],[103.966746,16.629441],[103.9647,16.630547],[103.965737,16.632043],[103.964721,16.63268],[103.965379,16.633983],[103.964484,16.634755],[103.966064,16.63559],[103.966867,16.635679],[103.967502,16.634822],[103.967514,16.633307],[103.968224,16.633512],[103.969352,16.634414],[103.969231,16.635004],[103.968208,16.636269],[103.968168,16.63742],[103.967301,16.638326],[103.967142,16.639286],[103.967303,16.640684],[103.966562,16.643047],[103.969536,16.643839],[103.970318,16.64569],[103.969121,16.646502],[103.968998,16.64829],[103.969227,16.648384],[103.969836,16.647534],[103.970821,16.648911],[103.971561,16.649418],[103.971444,16.649893],[103.970024,16.651564],[103.970809,16.652481],[103.969223,16.652825],[103.969817,16.655082],[103.970737,16.654969],[103.971048,16.655595],[103.970311,16.655908],[103.969986,16.656548],[103.970481,16.656719],[103.972132,16.656047],[103.973001,16.655986],[103.973083,16.658234],[103.973421,16.658469],[103.974294,16.658349],[103.974759,16.658853],[103.974568,16.659292],[103.972126,16.658937],[103.971408,16.659336],[103.971224,16.659774],[103.971877,16.660426],[103.97193,16.661863],[103.972982,16.662098],[103.974358,16.661414],[103.97576,16.662793],[103.975668,16.663806],[103.976611,16.663537],[103.976988,16.664211],[103.977104,16.665103],[103.97688,16.666015],[103.978124,16.667689],[103.978847,16.670305],[103.97924,16.670613],[103.980431,16.670853],[103.980992,16.671281],[103.980578,16.672295],[103.98136,16.672417],[103.982285,16.671807],[103.984581,16.671734],[103.98541,16.671502],[103.985635,16.67173],[103.985153,16.672708],[103.98537,16.672867],[103.986132,16.671811],[103.987329,16.671103],[103.98823,16.672275],[103.98782,16.672932],[103.988084,16.673641],[103.989013,16.673604],[103.991099,16.67445],[103.991222,16.674861],[103.99101,16.675187],[103.990132,16.67484],[103.989628,16.675396],[103.989726,16.676179],[103.990238,16.675709],[103.990494,16.675754],[103.991031,16.6774],[103.990902,16.677817],[103.989573,16.679163],[103.989698,16.679657],[103.991475,16.679773],[103.993142,16.678308],[103.9942,16.678136],[103.997262,16.678891],[103.999058,16.678453],[103.999681,16.67903],[104.002603,16.679502],[104.004927,16.678574],[104.007108,16.678141],[104.007961,16.677694],[104.009253,16.677848],[104.009907,16.677119],[104.012204,16.676588],[104.013314,16.675729],[104.014911,16.673892],[104.016432,16.672828],[104.021376,16.670554],[104.024462,16.668547],[104.026082,16.667809],[104.026754,16.66706],[104.02797,16.666512],[104.02841,16.664597],[104.031333,16.662251],[104.033112,16.661527],[104.035469,16.6599],[104.03932,16.65677],[104.046775,16.652122],[104.05037,16.650718],[104.053898,16.648181],[104.059822,16.645482],[104.06388,16.640032],[104.060114,16.639773],[104.053242,16.636457],[104.046392,16.638528],[104.039346,16.634379],[104.038484,16.632845],[104.03764,16.6252],[104.034192,16.619142],[104.032219,16.607492],[104.030345,16.605309],[104.029774,16.594473],[104.022974,16.594958],[104.015794,16.592806],[104.013172,16.586993],[104.008573,16.583025],[104.006864,16.576641]]]},"bbox":[103.94189,16.554276,104.06388,16.679773]},{"type":"Feature","id":"84a99cc7-350e-434d-a55b-4dde964fec84","properties":{"id":"84a99cc7-350e-434d-a55b-4dde964fec84","code":"05460601","provinceCode":"46","nameTh":"เทศบาลตำบล กุดสิม","nameEn":null,"geometryType":"MUNICIPALITY","sourceUrl":"https://landometer.com/api/v2/citymeter-v3/grocery/info/geom/84a99cc7-350e-434d-a55b-4dde964fec84/MUNICIPALITY","sourceSha256":"5acb00cbfbe1dba55d098a8f2b25126b421dc7b6df204f54f0d12b2b1c645c59","retrievedAt":"2026-10-04T05:43:28.596986+00:00","boundaryVintage":null,"geometryStatus":"native_source_polygon_display_simplified","simplificationToleranceDegrees":0.00015,"simplificationPreservesTopology":true,"invalidSourceRepair":"make_valid; retain polygonal components; discard zero-area collapsed lines","legalBoundaryIndependentlyVerified":false,"areaId":"84a99cc7-350e-434d-a55b-4dde964fec84"},"geometry":{"type":"Polygon","coordinates":[[[104.087867,16.680961],[104.088624,16.681464],[104.080902,16.676329],[104.075938,16.677721],[104.074054,16.691618],[104.072885,16.6915],[104.070913,16.694076],[104.070731,16.694903],[104.070884,16.695581],[104.070094,16.696263],[104.069078,16.696665],[104.0693,16.697652],[104.068311,16.698044],[104.070088,16.699443],[104.070636,16.699035],[104.070876,16.700103],[104.071786,16.69959],[104.072234,16.701585],[104.07269,16.701245],[104.079122,16.70418],[104.080588,16.706485],[104.08028,16.707643],[104.079805,16.713676],[104.083933,16.717177],[104.08519,16.720359],[104.091576,16.722996],[104.09425,16.72188],[104.099779,16.729181],[104.10254,16.729365],[104.106078,16.734478],[104.106614,16.738148],[104.110072,16.741529],[104.118737,16.747465],[104.12059,16.746332],[104.123258,16.749333],[104.122976,16.739915],[104.123884,16.736523],[104.124386,16.73665],[104.130182,16.74064],[104.130611,16.74137],[104.130695,16.742787],[104.131024,16.739262],[104.131929,16.736529],[104.136045,16.729595],[104.137431,16.728352],[104.142732,16.724845],[104.143904,16.723562],[104.145534,16.722292],[104.146473,16.721123],[104.147655,16.718829],[104.149133,16.71758],[104.143314,16.716318],[104.141608,16.718845],[104.140869,16.719282],[104.14018,16.719028],[104.140779,16.718286],[104.133818,16.711173],[104.130884,16.710669],[104.12283,16.704513],[104.113197,16.700945],[104.107215,16.702985],[104.09983,16.703],[104.099503,16.691825],[104.097413,16.687857],[104.087787,16.681136],[104.087867,16.680961]]]},"bbox":[104.068311,16.676329,104.149133,16.749333]},{"type":"Feature","id":"77629807-0d8d-411b-8dff-293c201e6808","properties":{"id":"77629807-0d8d-411b-8dff-293c201e6808","code":"05460602","provinceCode":"46","nameTh":"เทศบาลตำบล สระพังทอง","nameEn":null,"geometryType":"MUNICIPALITY","sourceUrl":"https://landometer.com/api/v2/citymeter-v3/grocery/info/geom/77629807-0d8d-411b-8dff-293c201e6808/MUNICIPALITY","sourceSha256":"e4dc3efa1f14f98393d2584ba68f632ae3081000654750c6ee5f4287df145a93","retrievedAt":"2026-10-04T05:43:28.822954+00:00","boundaryVintage":null,"geometryStatus":"native_source_polygon_display_simplified","simplificationToleranceDegrees":0.00015,"simplificationPreservesTopology":true,"invalidSourceRepair":"make_valid; retain polygonal components; discard zero-area collapsed lines","legalBoundaryIndependentlyVerified":false,"areaId":"77629807-0d8d-411b-8dff-293c201e6808"},"geometry":{"type":"MultiPolygon","coordinates":[[[[104.03708,16.704118],[104.032189,16.706292],[104.029199,16.7052],[104.029688,16.705789],[104.029341,16.705964],[104.029371,16.706177],[104.028795,16.706166],[104.02839,16.706501],[104.028714,16.706549],[104.028802,16.706879],[104.029139,16.706782],[104.028944,16.707449],[104.029196,16.708574],[104.029443,16.708678],[104.029354,16.709334],[104.030056,16.709775],[104.030032,16.710157],[104.030882,16.710191],[104.031131,16.710879],[104.0317,16.710848],[104.031704,16.711268],[104.03212,16.711376],[104.032194,16.711917],[104.032484,16.712063],[104.03212,16.712685],[104.032628,16.713552],[104.032468,16.714321],[104.031677,16.714566],[104.031522,16.71548],[104.031964,16.715752],[104.031937,16.716766],[104.031594,16.71692],[104.032213,16.717658],[104.032624,16.719133],[104.033049,16.719226],[104.033913,16.720151],[104.034976,16.720261],[104.035448,16.720585],[104.035495,16.720983],[104.036997,16.721931],[104.03664,16.722843],[104.036493,16.724463],[104.035921,16.72484],[104.036197,16.725159],[104.035593,16.726467],[104.035505,16.727415],[104.03575,16.728025],[104.035586,16.728325],[104.036069,16.728863],[104.036463,16.730175],[104.037948,16.73121],[104.038277,16.732001],[104.038693,16.731903],[104.038862,16.731564],[104.039395,16.731683],[104.040684,16.732579],[104.042333,16.733156],[104.045338,16.735053],[104.04563,16.734897],[104.045888,16.735119],[104.047044,16.735187],[104.047252,16.735857],[104.047038,16.736324],[104.047472,16.73672],[104.049267,16.73732],[104.04979859578708,16.737964766508462],[104.050885,16.737539],[104.050112,16.736886],[104.059114,16.733244],[104.069751,16.731651],[104.069872,16.729363],[104.074811,16.724768],[104.077762,16.717095],[104.080588,16.706485],[104.079122,16.70418],[104.07269,16.701245],[104.072234,16.701585],[104.071786,16.69959],[104.070876,16.700103],[104.070636,16.699035],[104.070088,16.699443],[104.068529,16.698179],[104.068357,16.698067],[104.067993,16.69788],[104.068311,16.698044],[104.067073,16.698642],[104.06607,16.698656],[104.066157,16.699731],[104.06434,16.702086],[104.064458,16.703563],[104.060682,16.70532],[104.048781,16.702357],[104.045107,16.703728],[104.04275,16.702406],[104.04333,16.700462],[104.04075,16.700336],[104.03708,16.704118]]],[[[104.049838,16.738017],[104.04979859578708,16.737964766508462],[104.049798,16.737965],[104.049838,16.738017]]]]},"bbox":[104.02839,16.69788,104.080588,16.738017]},{"type":"Feature","id":"4aceb216-140c-4405-bd3c-85bfc703b5dc","properties":{"id":"4aceb216-140c-4405-bd3c-85bfc703b5dc","code":"05460603","provinceCode":"46","nameTh":"เทศบาลตำบล กุดสิมคุ้มใหม่","nameEn":null,"geometryType":"MUNICIPALITY","sourceUrl":"https://landometer.com/api/v2/citymeter-v3/grocery/info/geom/4aceb216-140c-4405-bd3c-85bfc703b5dc/MUNICIPALITY","sourceSha256":"fe3b1bccba9c2cbcfec701a7f87bd84c57f24e8199b9520fbaa80ade085c1d26","retrievedAt":"2026-10-04T05:43:28.630386+00:00","boundaryVintage":null,"geometryStatus":"native_source_polygon_display_simplified","simplificationToleranceDegrees":0.00015,"simplificationPreservesTopology":true,"invalidSourceRepair":"make_valid; retain polygonal components; discard zero-area collapsed lines","legalBoundaryIndependentlyVerified":false,"areaId":"4aceb216-140c-4405-bd3c-85bfc703b5dc"},"geometry":{"type":"MultiPolygon","coordinates":[[[[104.07840973121326,16.632203915037053],[104.078508,16.63215],[104.078409,16.632204],[104.07840973121326,16.632203915037053]]],[[[104.009435,16.677756],[104.007961,16.677694],[104.007108,16.678141],[104.004927,16.678574],[104.002603,16.679502],[103.999681,16.67903],[103.999058,16.678453],[103.997262,16.678891],[103.993774,16.678146],[103.992757,16.678545],[103.991475,16.679773],[103.99214,16.679947],[103.993433,16.679811],[103.994158,16.680689],[103.994826,16.680686],[103.994776,16.68106],[103.994057,16.681565],[103.994766,16.681667],[103.995478,16.682651],[103.995892,16.682323],[103.995664,16.681432],[103.99732,16.681899],[103.997307,16.682524],[103.996346,16.682496],[103.996285,16.683317],[103.997236,16.683364],[103.997216,16.684222],[103.997463,16.684479],[103.998565,16.684421],[103.999416,16.684714],[103.999913,16.683982],[104.000793,16.684636],[104.001939,16.684548],[104.001939,16.684845],[104.001173,16.685158],[104.001076,16.685462],[104.001969,16.685786],[104.002862,16.68571],[104.002854,16.686877],[104.003591,16.687809],[104.0043,16.68729],[104.005476,16.687125],[104.005747,16.686569],[104.005603,16.68599],[104.007173,16.685828],[104.007994,16.685247],[104.008527,16.686376],[104.008911,16.686422],[104.009112,16.685721],[104.008618,16.684819],[104.008767,16.684489],[104.010859,16.685589],[104.0115,16.686309],[104.01166,16.687088],[104.012774,16.687312],[104.012699,16.687641],[104.012029,16.688148],[104.01202,16.689673],[104.012514,16.689789],[104.012774,16.689144],[104.013176,16.689207],[104.013934,16.690088],[104.014213,16.691493],[104.014588,16.691654],[104.015116,16.69128],[104.015396,16.691379],[104.015433,16.692784],[104.0158,16.693464],[104.017392,16.693946],[104.018402,16.693888],[104.019252,16.694946],[104.020666,16.695022],[104.020821,16.696205],[104.021353,16.697463],[104.021402,16.699501],[104.021941,16.700989],[104.021815,16.701638],[104.020686,16.702701],[104.020685,16.703152],[104.021001,16.703447],[104.023417,16.70386],[104.027203,16.703863],[104.029155,16.705267],[104.032189,16.706292],[104.03708,16.704118],[104.040841,16.70034],[104.04333,16.700462],[104.04275,16.702406],[104.045107,16.703728],[104.048781,16.702357],[104.060682,16.70532],[104.064458,16.703563],[104.06434,16.702086],[104.066157,16.699731],[104.06607,16.698656],[104.067073,16.698642],[104.0693,16.697652],[104.06907801516444,16.69666506742024],[104.070094,16.696263],[104.070884,16.695581],[104.070731,16.694903],[104.070913,16.694076],[104.072885,16.6915],[104.074054,16.691618],[104.075938,16.677721],[104.080902,16.676329],[104.088624,16.681464],[104.092879,16.677975],[104.088634,16.673701],[104.091246,16.672395],[104.092772,16.669324],[104.089211,16.664659],[104.092526,16.658513],[104.095687,16.656118],[104.096161,16.652874],[104.094201,16.647544],[104.083749,16.63259],[104.084237,16.631868],[104.083633,16.631597],[104.07840973121326,16.632203915037053],[104.07605,16.63343],[104.074534,16.634961],[104.072892,16.636187],[104.071975,16.637196],[104.070251,16.640019],[104.069214,16.641082],[104.067236,16.641677],[104.065685,16.643179],[104.063923,16.643543],[104.061543,16.644944],[104.059573,16.645548],[104.055603,16.647294],[104.053898,16.648181],[104.05037,16.650718],[104.046775,16.652122],[104.045421,16.652903],[104.03932,16.65677],[104.033703,16.661156],[104.030701,16.662702],[104.028289,16.664734],[104.028129,16.666156],[104.027581,16.666842],[104.026872,16.666988],[104.026082,16.667809],[104.024462,16.668547],[104.021376,16.670554],[104.016432,16.672828],[104.014911,16.673892],[104.012444,16.676451],[104.009907,16.677119],[104.009435,16.677756]],[[104.066008,16.69788],[104.070019,16.696292],[104.06907801516444,16.69666506742024],[104.066008,16.69788]]]]},"bbox":[103.991475,16.631597,104.096161,16.706292]},{"type":"Feature","id":"0da30607-5287-4d27-8615-cdc4cc128550","properties":{"id":"0da30607-5287-4d27-8615-cdc4cc128550","code":"05460605","provinceCode":"46","nameTh":"เทศบาลตำบล สงเปลือย","nameEn":null,"geometryType":"MUNICIPALITY","sourceUrl":"https://landometer.com/api/v2/citymeter-v3/grocery/info/geom/0da30607-5287-4d27-8615-cdc4cc128550/MUNICIPALITY","sourceSha256":"d640a56ae16bae25e2c8db30e2e53b4047ccc327454bdc4241c5f9d99447dbc1","retrievedAt":"2026-10-04T05:43:28.648304+00:00","boundaryVintage":null,"geometryStatus":"native_source_polygon_display_simplified","simplificationToleranceDegrees":0.00015,"simplificationPreservesTopology":true,"invalidSourceRepair":"make_valid; retain polygonal components; discard zero-area collapsed lines","legalBoundaryIndependentlyVerified":false,"areaId":"0da30607-5287-4d27-8615-cdc4cc128550"},"geometry":{"type":"MultiPolygon","coordinates":[[[[104.078138,16.632353],[104.07840973116663,16.632203915062632],[104.078409,16.632204],[104.078138,16.632353]]],[[[104.169412,16.65641],[104.173464,16.661035],[104.177615,16.660378],[104.181173,16.661986],[104.186907,16.658023],[104.195539,16.658217],[104.194719,16.65667],[104.194086,16.65398],[104.195089,16.650937],[104.19491,16.650128],[104.19411,16.649621],[104.190305,16.649597],[104.189209,16.649461],[104.188655,16.649141],[104.185094,16.64486],[104.1839,16.642207],[104.18301,16.639108],[104.182418,16.637999],[104.181464,16.637109],[104.180658,16.636736],[104.179737,16.636722],[104.178286,16.637399],[104.176673,16.637713],[104.175607,16.637228],[104.174882,16.636137],[104.174864,16.6354],[104.175277,16.634503],[104.178265,16.630047],[104.17903,16.628459],[104.179902,16.62658],[104.180221,16.624921],[104.179706,16.621543],[104.177885,16.616442],[104.174779,16.611897],[104.173842,16.610874],[104.173121,16.609311],[104.173412,16.608313],[104.174842,16.607272],[104.175953,16.605305],[104.176979,16.602511],[104.177112,16.601557],[104.177634,16.600865],[104.177645,16.599878],[104.177084,16.59786],[104.174809,16.599041],[104.172235,16.599977],[104.166877,16.601099],[104.166155,16.602114],[104.165047,16.602649],[104.164627,16.603205],[104.163919,16.603328],[104.163072,16.604272],[104.163347,16.605063],[104.160609,16.605965],[104.158242,16.605993],[104.157582,16.605424],[104.157018,16.605655],[104.155917,16.604389],[104.154969,16.603831],[104.153797,16.603853],[104.15221,16.603364],[104.151395,16.603737],[104.151232,16.60324],[104.150871,16.603272],[104.150077,16.602428],[104.150188,16.601537],[104.149982,16.600993],[104.149269,16.600829],[104.149013,16.601261],[104.147727,16.601372],[104.146569,16.600498],[104.145749,16.601168],[104.143471,16.600945],[104.142747,16.600299],[104.143036,16.60004],[104.142911,16.599644],[104.143109,16.599347],[104.1427,16.599114],[104.142303,16.599301],[104.141752,16.598977],[104.142074,16.59837],[104.141583,16.597687],[104.141706,16.597421],[104.140938,16.597204],[104.140597,16.597389],[104.139066,16.597328],[104.138449,16.596737],[104.138331,16.598277],[104.138748,16.598382],[104.139146,16.599141],[104.139055,16.599752],[104.138378,16.600513],[104.137835,16.600653],[104.137565,16.601859],[104.136729,16.602219],[104.135804,16.60354],[104.135985,16.604111],[104.135664,16.604941],[104.135963,16.60569],[104.134556,16.606613],[104.132739,16.606403],[104.131057,16.607084],[104.128314,16.607277],[104.12572,16.605113],[104.123499,16.605418],[104.121719,16.60526],[104.120188,16.604446],[104.119824,16.60392],[104.118404,16.60364],[104.116939,16.605054],[104.113446,16.607647],[104.112883,16.607799],[104.110042,16.607102],[104.108719,16.607606],[104.105441,16.610383],[104.102997,16.61174],[104.101873,16.613048],[104.100218,16.616168],[104.097,16.618328],[104.095457,16.618907],[104.091985,16.621495],[104.090485,16.623115],[104.089505,16.624925],[104.088043,16.62607],[104.087203,16.62718],[104.084533,16.629777],[104.081703,16.631582],[104.079238,16.63176],[104.07840973116663,16.632203915062632],[104.083633,16.631597],[104.084237,16.631868],[104.083749,16.63259],[104.094201,16.647544],[104.096161,16.652874],[104.095687,16.656118],[104.092526,16.658513],[104.089211,16.664659],[104.092772,16.669324],[104.091246,16.672395],[104.088634,16.673701],[104.092603,16.677697],[104.094711,16.675702],[104.098287,16.669467],[104.100774,16.668364],[104.101461,16.663983],[104.103513,16.664419],[104.105832,16.661752],[104.111354,16.66005],[104.112423,16.658436],[104.111332,16.656641],[104.115345,16.654569],[104.118157,16.649429],[104.123931,16.649336],[104.125839,16.647834],[104.134892,16.650346],[104.140701,16.650075],[104.143762,16.653381],[104.151861,16.656981],[104.156731,16.656843],[104.159388,16.659634],[104.167032,16.655781],[104.169412,16.65641]]]]},"bbox":[104.078138,16.596736,104.195539,16.677697]},{"type":"Feature","id":"54a4f4bb-5b1f-44c3-8a90-7013df2ffe0f","properties":{"id":"54a4f4bb-5b1f-44c3-8a90-7013df2ffe0f","code":"05460701","provinceCode":"46","nameTh":"เทศบาลตำบล ยางตลาด","nameEn":null,"geometryType":"MUNICIPALITY","sourceUrl":"https://landometer.com/api/v2/citymeter-v3/grocery/info/geom/54a4f4bb-5b1f-44c3-8a90-7013df2ffe0f/MUNICIPALITY","sourceSha256":"b04633cc9f8f2f79b5fe5fa36d140b130cdd2c522ec74bd7cad78a67418fb5e9","retrievedAt":"2026-10-04T05:43:28.791970+00:00","boundaryVintage":null,"geometryStatus":"native_source_polygon_display_simplified","simplificationToleranceDegrees":0.00015,"simplificationPreservesTopology":true,"invalidSourceRepair":"make_valid; retain polygonal components; discard zero-area collapsed lines","legalBoundaryIndependentlyVerified":false,"areaId":"54a4f4bb-5b1f-44c3-8a90-7013df2ffe0f"},"geometry":{"type":"Polygon","coordinates":[[[103.373556,16.416988],[103.382064,16.406253],[103.38205,16.398092],[103.379479,16.391559],[103.380366,16.385369],[103.377898,16.385638],[103.377341,16.384909],[103.372149,16.385269],[103.369136,16.382332],[103.347528,16.378163],[103.342124,16.384917],[103.341504,16.393121],[103.346695,16.398018],[103.347467,16.404368],[103.353932,16.40393],[103.358277,16.407916],[103.364182,16.421985],[103.366053,16.420796],[103.373556,16.416988]]]},"bbox":[103.341504,16.378163,103.382064,16.421985]},{"type":"Feature","id":"3789c38a-db94-4f3f-aacb-9b0ac9c59e4d","properties":{"id":"3789c38a-db94-4f3f-aacb-9b0ac9c59e4d","code":"05460702","provinceCode":"46","nameTh":"เทศบาลตำบล โคกศรี","nameEn":null,"geometryType":"MUNICIPALITY","sourceUrl":"https://landometer.com/api/v2/citymeter-v3/grocery/info/geom/3789c38a-db94-4f3f-aacb-9b0ac9c59e4d/MUNICIPALITY","sourceSha256":"1cf627cbb28e99bf0332329bd8f42c1340e6a8bed9d5e87d8a3b0aa8dbb5a9f6","retrievedAt":"2026-10-04T05:43:28.791843+00:00","boundaryVintage":null,"geometryStatus":"native_source_polygon_display_simplified","simplificationToleranceDegrees":0.00015,"simplificationPreservesTopology":true,"invalidSourceRepair":"make_valid; retain polygonal components; discard zero-area collapsed lines","legalBoundaryIndependentlyVerified":false,"areaId":"3789c38a-db94-4f3f-aacb-9b0ac9c59e4d"},"geometry":{"type":"MultiPolygon","coordinates":[[[[103.410256,16.405431],[103.409616,16.409515],[103.406646,16.413557],[103.412287,16.420037],[103.445955,16.416772],[103.453917,16.400415],[103.440736,16.394822],[103.431763,16.394513],[103.422362,16.397279],[103.408555,16.397891],[103.410256,16.405431]]],[[[103.45002,16.408421],[103.451858,16.409144],[103.450954,16.408788],[103.45002,16.408421]]]]},"bbox":[103.406646,16.394513,103.453917,16.420037]},{"type":"Feature","id":"95676c8c-8d97-4127-b9f1-8d341e42214b","properties":{"id":"95676c8c-8d97-4127-b9f1-8d341e42214b","code":"05460703","provinceCode":"46","nameTh":"เทศบาลตำบล หัวนาคำ","nameEn":null,"geometryType":"MUNICIPALITY","sourceUrl":"https://landometer.com/api/v2/citymeter-v3/grocery/info/geom/95676c8c-8d97-4127-b9f1-8d341e42214b/MUNICIPALITY","sourceSha256":"a70cda19dfb65845243e7624f2ab26630c847e988898eff5fd67286489a65ead","retrievedAt":"2026-10-04T05:43:28.819754+00:00","boundaryVintage":null,"geometryStatus":"native_source_polygon_display_simplified","simplificationToleranceDegrees":0.00015,"simplificationPreservesTopology":true,"invalidSourceRepair":"make_valid; retain polygonal components; discard zero-area collapsed lines","legalBoundaryIndependentlyVerified":false,"areaId":"95676c8c-8d97-4127-b9f1-8d341e42214b"},"geometry":{"type":"MultiPolygon","coordinates":[[[[103.29181,16.39323],[103.29180777204103,16.39323418279853],[103.291838,16.393191],[103.29181,16.39323]]],[[[103.276541,16.387557],[103.275364,16.386779],[103.27515,16.386299],[103.274661,16.386585],[103.273761,16.386313],[103.272622,16.386349],[103.271996,16.385085],[103.269467,16.384352],[103.268508,16.382289],[103.268271,16.382328],[103.268057,16.381849],[103.266511,16.380688],[103.266924,16.380045],[103.265169,16.37942],[103.262415,16.378967],[103.262524,16.378314],[103.260443,16.377912],[103.260402,16.37663],[103.260016,16.376618],[103.259996,16.376227],[103.25587,16.376575],[103.25506,16.37719],[103.254148,16.378354],[103.25255,16.378503],[103.252263,16.378828],[103.250202,16.379039],[103.247879,16.379638],[103.247775,16.378356],[103.243447,16.377773],[103.243527,16.377473],[103.238937,16.376096],[103.23753,16.376148],[103.234872,16.376756],[103.234642,16.375623],[103.233522,16.375741],[103.229011,16.372481],[103.175422,16.36343],[103.17543,16.363687],[103.175812,16.363822],[103.175941,16.364769],[103.175373,16.365228],[103.17535,16.366031],[103.174378,16.366345],[103.17429,16.366783],[103.17515,16.369076],[103.173847,16.369379],[103.174242,16.369827],[103.174316,16.370622],[103.17139,16.371445],[103.171129,16.372104],[103.170462,16.372232],[103.16978,16.373379],[103.169296,16.373403],[103.169117,16.373961],[103.168371,16.374461],[103.168504,16.375128],[103.167598,16.376239],[103.167511,16.378019],[103.168081,16.381044],[103.168493,16.381641],[103.168593,16.382321],[103.167604,16.38239],[103.167982,16.383172],[103.167341,16.383795],[103.16756,16.384324],[103.167286,16.384708],[103.166768,16.385095],[103.166117,16.384901],[103.16567,16.385127],[103.165961,16.385573],[103.165682,16.385959],[103.165877,16.386245],[103.165677,16.386717],[103.16513,16.387024],[103.164296,16.386736],[103.164709,16.388504],[103.164503,16.388781],[103.163534,16.389077],[103.164123,16.389763],[103.164228,16.390764],[103.164746,16.391708],[103.16424,16.393216],[103.164651,16.394485],[103.165473,16.395425],[103.165074,16.3969],[103.165933,16.39766],[103.166273,16.398895],[103.167093,16.399403],[103.168527,16.403611],[103.168566,16.406038],[103.170887,16.406621],[103.170634,16.407111],[103.171115,16.407591],[103.170852,16.407829],[103.171075,16.408356],[103.170687,16.408769],[103.170771,16.408958],[103.173876,16.408589],[103.174927,16.407935],[103.175355,16.408328],[103.175326,16.409958],[103.17484,16.411373],[103.175264,16.41195],[103.1748,16.412559],[103.175122,16.413526],[103.174768,16.414003],[103.175166,16.414878],[103.174992,16.415288],[103.175591,16.416083],[103.175074,16.416407],[103.175754,16.417633],[103.174946,16.418262],[103.17512,16.419188],[103.174932,16.419653],[103.17555,16.420154],[103.175688,16.420985],[103.17616,16.42119],[103.176489,16.421726],[103.176674,16.421747],[103.176789,16.421386],[103.177508,16.421498],[103.177694,16.42217],[103.178366,16.421992],[103.178149,16.422553],[103.179053,16.423016],[103.179377,16.423926],[103.179071,16.424234],[103.179313,16.424668],[103.179003,16.425927],[103.179831,16.425786],[103.180651,16.425973],[103.180895,16.425737],[103.181735,16.426263],[103.181848,16.426682],[103.181521,16.42688],[103.181432,16.427444],[103.182438,16.428785],[103.182348,16.430383],[103.18339,16.432206],[103.183034,16.432917],[103.183756,16.433338],[103.183469,16.434136],[103.183721,16.434206],[103.183909,16.433916],[103.184216,16.434604],[103.185157,16.434704],[103.185251,16.435071],[103.185593,16.4352],[103.185509,16.43587],[103.208364,16.436253],[103.21393,16.437789],[103.213496,16.437669],[103.213419,16.437274],[103.214146,16.435781],[103.212504,16.427366],[103.214059,16.421565],[103.235235,16.415322],[103.249385,16.415685],[103.260443,16.42387],[103.262446,16.431889],[103.264693,16.434545],[103.278436,16.437185],[103.283047,16.421089],[103.277077,16.414495],[103.272897,16.404348],[103.280023,16.40156],[103.28694,16.402373],[103.29180777204103,16.39323418279853],[103.290352,16.395365],[103.288686,16.394181],[103.286393,16.395034],[103.284399,16.395104],[103.2838,16.395649],[103.281897,16.39371],[103.281941,16.393412],[103.281185,16.392369],[103.280652,16.391917],[103.280342,16.392024],[103.279296,16.390213],[103.277234,16.388562],[103.276541,16.387557]]]]},"bbox":[103.163534,16.36343,103.291838,16.437789]},{"type":"Feature","id":"4e355de1-0248-4a00-8a78-8041379c9ee0","properties":{"id":"4e355de1-0248-4a00-8a78-8041379c9ee0","code":"05460704","provinceCode":"46","nameTh":"เทศบาลตำบล อิตื้อ","nameEn":null,"geometryType":"MUNICIPALITY","sourceUrl":"https://landometer.com/api/v2/citymeter-v3/grocery/info/geom/4e355de1-0248-4a00-8a78-8041379c9ee0/MUNICIPALITY","sourceSha256":"cae6c30ff4a2fce868e1fc99f8f3cc6d71cad2e7247c7e8fa4c62329b6fd4fda","retrievedAt":"2026-10-04T05:43:28.840883+00:00","boundaryVintage":null,"geometryStatus":"native_source_polygon_display_simplified","simplificationToleranceDegrees":0.00015,"simplificationPreservesTopology":true,"invalidSourceRepair":"make_valid; retain polygonal components; discard zero-area collapsed lines","legalBoundaryIndependentlyVerified":false,"areaId":"4e355de1-0248-4a00-8a78-8041379c9ee0"},"geometry":{"type":"Polygon","coordinates":[[[103.281856,16.441427],[103.280203,16.437525],[103.264693,16.434545],[103.262446,16.431889],[103.260443,16.42387],[103.249385,16.415685],[103.235235,16.415322],[103.214059,16.421565],[103.212504,16.427366],[103.214439,16.437282],[103.214146,16.435781],[103.213419,16.437274],[103.213496,16.437669],[103.246071,16.458756],[103.246573,16.462831],[103.243564,16.46458],[103.248048,16.478464],[103.245161,16.478696],[103.247528,16.48624],[103.245946,16.489916],[103.246326,16.498552],[103.243719,16.503555],[103.239583,16.502855],[103.239658,16.503071],[103.245243,16.504447],[103.251935,16.506653],[103.255746,16.507468],[103.260342,16.508177],[103.267015,16.508711],[103.272896,16.508947],[103.298639,16.509058],[103.30203,16.508482],[103.306534,16.506849],[103.306191,16.506135],[103.306172,16.50511],[103.303473,16.494028],[103.299048,16.494123],[103.298586,16.495398],[103.298024,16.49589],[103.29694,16.496192],[103.294211,16.495992],[103.294438,16.495352],[103.294415,16.49407],[103.29357,16.49403],[103.293191,16.4814],[103.293438,16.49537],[103.293109,16.476781],[103.282837,16.457933],[103.282942,16.458125],[103.283421,16.452734],[103.28046,16.450195],[103.281856,16.441427]]]},"bbox":[103.212504,16.415322,103.306534,16.509058]},{"type":"Feature","id":"d62b3f21-2421-4832-8aca-d28d41dc316e","properties":{"id":"d62b3f21-2421-4832-8aca-d28d41dc316e","code":"05460705","provinceCode":"46","nameTh":"เทศบาลตำบล บัวบาน","nameEn":null,"geometryType":"MUNICIPALITY","sourceUrl":"https://landometer.com/api/v2/citymeter-v3/grocery/info/geom/d62b3f21-2421-4832-8aca-d28d41dc316e/MUNICIPALITY","sourceSha256":"f4c421883b00a48df78daf130e054a45b94afac5b508cc4895f158fdbf95731a","retrievedAt":"2026-10-04T05:43:28.854690+00:00","boundaryVintage":null,"geometryStatus":"native_source_polygon_display_simplified","simplificationToleranceDegrees":0.00015,"simplificationPreservesTopology":true,"invalidSourceRepair":"make_valid; retain polygonal components; discard zero-area collapsed lines","legalBoundaryIndependentlyVerified":false,"areaId":"d62b3f21-2421-4832-8aca-d28d41dc316e"},"geometry":{"type":"Polygon","coordinates":[[[103.463361,16.499055],[103.458661,16.496621],[103.456685,16.494187],[103.454692,16.492663],[103.454037,16.49125],[103.452952,16.490147],[103.452837,16.488837],[103.453142,16.488139],[103.455738,16.486192],[103.455363,16.482673],[103.454514,16.479965],[103.453494,16.478142],[103.453189,16.47532],[103.452321,16.474326],[103.44976,16.474788],[103.449386,16.474443],[103.449015,16.473394],[103.449117,16.472473],[103.4505,16.470647],[103.450058,16.468518],[103.450171,16.467911],[103.451507,16.466785],[103.454878,16.465532],[103.455659,16.463826],[103.455822,16.461146],[103.455635,16.460604],[103.453227,16.457758],[103.452378,16.455277],[103.450193,16.451507],[103.450928,16.449359],[103.452783,16.447953],[103.45324,16.447071],[103.452861,16.446551],[103.450454,16.444809],[103.450239,16.443726],[103.450511,16.441206],[103.447091,16.438269],[103.444481,16.439203],[103.441429,16.437403],[103.424438,16.438945],[103.419519,16.442097],[103.414045,16.442772],[103.404495,16.449688],[103.400014,16.446937],[103.399227,16.442177],[103.393552,16.444313],[103.389116,16.443985],[103.387788,16.445399],[103.391988,16.450629],[103.378081,16.45403],[103.372023,16.453317],[103.371234,16.457972],[103.367182,16.460055],[103.410956,16.499854],[103.40809,16.50859],[103.418962,16.503586],[103.424829,16.52889],[103.430479,16.539671],[103.428827,16.544054],[103.433265,16.540721],[103.437848,16.540755],[103.437126,16.545248],[103.440779,16.543614],[103.443466,16.544747],[103.449617,16.557508],[103.451208,16.55645],[103.455491,16.558153],[103.45669,16.556577],[103.456659,16.555822],[103.455123,16.554369],[103.454761,16.553826],[103.454673,16.553139],[103.455062,16.552249],[103.457368,16.549552],[103.457393,16.548353],[103.456723,16.547581],[103.454757,16.547003],[103.452773,16.544406],[103.451221,16.54323],[103.45083,16.542442],[103.451337,16.541319],[103.454113,16.539555],[103.454841,16.538613],[103.455113,16.537662],[103.454712,16.535318],[103.455186,16.534557],[103.456776,16.533818],[103.457717,16.533892],[103.458231,16.534188],[103.459245,16.535561],[103.46282,16.542614],[103.463674,16.54331],[103.466588,16.542637],[103.471726,16.540311],[103.472538,16.539496],[103.472239,16.536726],[103.4704,16.531873],[103.469116,16.529331],[103.468872,16.528106],[103.471161,16.515679],[103.471887,16.514291],[103.47356,16.512631],[103.474053,16.511324],[103.473914,16.510042],[103.47341,16.509182],[103.471306,16.506877],[103.470319,16.505251],[103.46941,16.504581],[103.464573,16.502749],[103.463361,16.499055]]]},"bbox":[103.367182,16.437403,103.474073,16.558153]},{"type":"Feature","id":"664e6cf4-a167-4f57-9e7f-c738c873f950","properties":{"id":"664e6cf4-a167-4f57-9e7f-c738c873f950","code":"05460706","provinceCode":"46","nameTh":"เทศบาลตำบล เขาพระนอน","nameEn":null,"geometryType":"MUNICIPALITY","sourceUrl":"https://landometer.com/api/v2/citymeter-v3/grocery/info/geom/664e6cf4-a167-4f57-9e7f-c738c873f950/MUNICIPALITY","sourceSha256":"c3471cf07d3d3fe0cf7d0ea4d2fa2e38f7ad822238a085dc9e3b6094c8c33c97","retrievedAt":"2026-10-04T05:43:28.871358+00:00","boundaryVintage":null,"geometryStatus":"native_source_polygon_display_simplified","simplificationToleranceDegrees":0.00015,"simplificationPreservesTopology":true,"invalidSourceRepair":"make_valid; retain polygonal components; discard zero-area collapsed lines","legalBoundaryIndependentlyVerified":false,"areaId":"664e6cf4-a167-4f57-9e7f-c738c873f950"},"geometry":{"type":"Polygon","coordinates":[[[103.363264,16.542582],[103.367271,16.549772],[103.364753,16.557007],[103.368387,16.563227],[103.370105,16.563898],[103.37067,16.567213],[103.366082,16.565327],[103.36324,16.56755],[103.360426,16.567076],[103.358375,16.569424],[103.359955,16.570838],[103.359481,16.576686],[103.36257,16.586575],[103.374077,16.588664],[103.374573,16.589576],[103.373183,16.58046],[103.382944,16.581293],[103.384168,16.568912],[103.390281,16.567228],[103.399075,16.558921],[103.40496,16.56137],[103.409386,16.558334],[103.40255,16.547613],[103.397898,16.543234],[103.397289,16.538286],[103.40809,16.50859],[103.410956,16.499854],[103.367182,16.460055],[103.35027,16.495466],[103.354697,16.525064],[103.367826,16.536157],[103.363264,16.542582]]]},"bbox":[103.35027,16.460055,103.410956,16.589576]},{"type":"Feature","id":"4713ccb5-978b-4100-ac37-ec799a0e1e7e","properties":{"id":"4713ccb5-978b-4100-ac37-ec799a0e1e7e","code":"05460707","provinceCode":"46","nameTh":"เทศบาลตำบล โนนสูง","nameEn":null,"geometryType":"MUNICIPALITY","sourceUrl":"https://landometer.com/api/v2/citymeter-v3/grocery/info/geom/4713ccb5-978b-4100-ac37-ec799a0e1e7e/MUNICIPALITY","sourceSha256":"34051ae87a271081707274cddfde3da64aa31f4b7c4e19a10f8586be4cc9b6a5","retrievedAt":"2026-10-04T05:43:28.917389+00:00","boundaryVintage":null,"geometryStatus":"native_source_polygon_display_simplified","simplificationToleranceDegrees":0.00015,"simplificationPreservesTopology":true,"invalidSourceRepair":"make_valid; retain polygonal components; discard zero-area collapsed lines","legalBoundaryIndependentlyVerified":false,"areaId":"4713ccb5-978b-4100-ac37-ec799a0e1e7e"},"geometry":{"type":"MultiPolygon","coordinates":[[[[103.179834,16.453701],[103.180294,16.453232],[103.180215,16.453312],[103.179834,16.453701]]],[[[103.179781,16.453707],[103.179772,16.453708],[103.179763,16.45371],[103.179754,16.453712],[103.179746,16.453714],[103.179737,16.453717],[103.179729,16.45372],[103.179721,16.453724],[103.179714,16.453728],[103.179706,16.453732],[103.1797,16.453737],[103.179694,16.453742],[103.179689,16.453749],[103.179685,16.453756],[103.179681,16.453763],[103.179678,16.453771],[103.179675,16.453779],[103.179673,16.453787],[103.179671,16.453795],[103.179669,16.453803],[103.179668,16.453812],[103.179667,16.453821],[103.179666,16.45383],[103.179665,16.453839],[103.179665,16.453848],[103.179665,16.453857],[103.179665,16.453867],[103.179666,16.453876],[103.179667,16.453884],[103.179668,16.453892],[103.17967,16.453908],[103.179674,16.453932],[103.179677,16.453948],[103.179681,16.453965],[103.179685,16.453981],[103.179703,16.454047],[103.17971,16.454072],[103.179714,16.454089],[103.179717,16.454106],[103.179721,16.454124],[103.179722,16.454132],[103.179722,16.454133],[103.179723,16.454141],[103.179724,16.45415],[103.179725,16.454159],[103.179725,16.454167],[103.179725,16.454175],[103.179724,16.454182],[103.179723,16.45419],[103.179722,16.454198],[103.179721,16.454205],[103.179718,16.454214],[103.179716,16.454221],[103.179713,16.454229],[103.17971,16.454237],[103.179707,16.454245],[103.179703,16.454253],[103.1797,16.45426],[103.179696,16.454267],[103.179692,16.454275],[103.179687,16.454281],[103.179682,16.454288],[103.179677,16.454293],[103.179671,16.454298],[103.179664,16.454302],[103.179657,16.454306],[103.179649,16.45431],[103.179641,16.454313],[103.179633,16.454316],[103.179617,16.454322],[103.179601,16.454327],[103.179593,16.454329],[103.179584,16.454332],[103.179576,16.454334],[103.179568,16.454335],[103.17956,16.454336],[103.179551,16.454337],[103.179543,16.454338],[103.179535,16.454339],[103.179527,16.454339],[103.179519,16.454339],[103.179512,16.454339],[103.179505,16.454338],[103.179497,16.454337],[103.179489,16.454336],[103.179481,16.454334],[103.179473,16.454333],[103.179465,16.454331],[103.179457,16.454328],[103.17945,16.454326],[103.179442,16.454323],[103.179434,16.45432],[103.179426,16.454316],[103.179419,16.454312],[103.179404,16.454304],[103.179389,16.454296],[103.179374,16.454287],[103.17936,16.454278],[103.179353,16.454273],[103.179347,16.454268],[103.179327,16.454254],[103.179314,16.454244],[103.179307,16.454239],[103.179294,16.454228],[103.179267,16.454205],[103.179254,16.454195],[103.179247,16.454189],[103.17924,16.454184],[103.179233,16.454179],[103.179226,16.454174],[103.179218,16.45417],[103.179203,16.454161],[103.179187,16.454152],[103.179171,16.454144],[103.179155,16.454136],[103.179139,16.454128],[103.179122,16.454121],[103.179108,16.454115],[103.179094,16.45411],[103.179085,16.454108],[103.179068,16.454103],[103.179042,16.454096],[103.179024,16.454092],[103.179015,16.45409],[103.179006,16.454088],[103.178997,16.454087],[103.17899,16.454086],[103.178982,16.454085],[103.178975,16.454085],[103.178967,16.454085],[103.17896,16.454085],[103.178952,16.454086],[103.178943,16.454087],[103.178935,16.454088],[103.178928,16.45409],[103.17892,16.454093],[103.178913,16.454095],[103.178907,16.454099],[103.178901,16.454103],[103.178896,16.454108],[103.178892,16.454115],[103.178889,16.454121],[103.178886,16.454129],[103.178883,16.454136],[103.17888,16.454144],[103.178878,16.454152],[103.178874,16.454168],[103.178871,16.454184],[103.17887,16.454192],[103.178868,16.4542],[103.178865,16.454231],[103.178863,16.454239],[103.178862,16.454247],[103.17886,16.454256],[103.178857,16.454272],[103.178853,16.454286],[103.178853,16.454288],[103.178848,16.454304],[103.178846,16.454312],[103.178843,16.454321],[103.178837,16.454338],[103.178831,16.454354],[103.178824,16.454371],[103.178817,16.454387],[103.178798,16.454426],[103.178787,16.454449],[103.17878,16.454464],[103.178774,16.45448],[103.178767,16.454496],[103.178764,16.454503],[103.17876,16.454516],[103.178756,16.454529],[103.178754,16.454536],[103.17875,16.454551],[103.178747,16.454566],[103.178745,16.454575],[103.178742,16.454593],[103.17874,16.454602],[103.178739,16.45461],[103.178738,16.454619],[103.178737,16.454628],[103.178737,16.454636],[103.178737,16.454644],[103.178737,16.454652],[103.178738,16.45466],[103.178738,16.454669],[103.17874,16.454687],[103.178742,16.454704],[103.178758,16.454845],[103.178763,16.45488],[103.178765,16.454906],[103.178766,16.454924],[103.178766,16.454933],[103.178766,16.45495],[103.178766,16.454975],[103.178765,16.454992],[103.178764,16.455001],[103.178763,16.455009],[103.178762,16.455018],[103.17876,16.455026],[103.178759,16.455033],[103.178757,16.455039],[103.178755,16.455045],[103.178752,16.455054],[103.178749,16.455062],[103.178742,16.455078],[103.178734,16.455094],[103.17873,16.455102],[103.178726,16.45511],[103.178722,16.455117],[103.178717,16.455125],[103.178712,16.455132],[103.178706,16.455138],[103.1787,16.455144],[103.178694,16.45515],[103.178687,16.455155],[103.17868,16.45516],[103.178665,16.45517],[103.178649,16.455179],[103.178639,16.455185],[103.178626,16.455193],[103.17861,16.455202],[103.178594,16.455211],[103.178562,16.455228],[103.178554,16.455233],[103.178546,16.455237],[103.178531,16.455247],[103.178516,16.455256],[103.178509,16.455261],[103.178502,16.455267],[103.178495,16.455272],[103.178488,16.455277],[103.178482,16.455283],[103.178475,16.455289],[103.17847,16.455295],[103.178465,16.455302],[103.178461,16.45531],[103.178457,16.455317],[103.178454,16.455325],[103.178451,16.455333],[103.178448,16.455341],[103.178445,16.455349],[103.178444,16.455351],[103.178442,16.455357],[103.17844,16.455365],[103.178438,16.455373],[103.178437,16.455382],[103.178436,16.45539],[103.178436,16.455396],[103.178436,16.455402],[103.178437,16.455409],[103.178438,16.455416],[103.17844,16.455424],[103.178442,16.455431],[103.178444,16.455438],[103.178447,16.455445],[103.178451,16.455453],[103.178454,16.455461],[103.178463,16.455476],[103.178472,16.455491],[103.178503,16.455544],[103.178512,16.455559],[103.178521,16.455574],[103.178537,16.455603],[103.178545,16.455618],[103.178552,16.455633],[103.178567,16.455664],[103.178585,16.455702],[103.178602,16.455741],[103.178623,16.455789],[103.17863,16.455805],[103.178636,16.455821],[103.178639,16.455829],[103.178641,16.455836],[103.178643,16.455843],[103.178644,16.455851],[103.178646,16.455858],[103.178647,16.455865],[103.178648,16.455873],[103.178648,16.45588],[103.178648,16.455888],[103.178648,16.455896],[103.178647,16.455904],[103.178646,16.455912],[103.178645,16.45592],[103.178643,16.455928],[103.178641,16.455936],[103.17864,16.455939],[103.178638,16.455944],[103.178636,16.455951],[103.178632,16.455959],[103.178629,16.455967],[103.178625,16.455974],[103.178621,16.455981],[103.178617,16.455989],[103.178613,16.455996],[103.178609,16.456003],[103.178604,16.456009],[103.178599,16.456016],[103.178594,16.456022],[103.17859,16.456027],[103.178589,16.456028],[103.178583,16.456035],[103.178576,16.456041],[103.178563,16.456053],[103.178541,16.456071],[103.178477,16.456123],[103.178449,16.456146],[103.178435,16.456158],[103.178428,16.456164],[103.178422,16.456171],[103.178415,16.456177],[103.178409,16.456183],[103.178404,16.45619],[103.178393,16.456203],[103.178388,16.456209],[103.178377,16.456223],[103.178367,16.456237],[103.178362,16.456244],[103.178348,16.456265],[103.178335,16.456286],[103.178326,16.4563],[103.178308,16.45633],[103.178299,16.456344],[103.178294,16.456351],[103.178289,16.456359],[103.178284,16.456366],[103.178279,16.456373],[103.178267,16.456386],[103.178255,16.456399],[103.178249,16.456406],[103.178243,16.456412],[103.178236,16.456418],[103.17823,16.456424],[103.178223,16.456429],[103.178215,16.456434],[103.178208,16.456438],[103.178201,16.456441],[103.178193,16.456444],[103.178185,16.456446],[103.178177,16.456449],[103.178168,16.456451],[103.17816,16.456453],[103.178152,16.456454],[103.178143,16.456455],[103.178135,16.456456],[103.178128,16.456456],[103.178121,16.456456],[103.178114,16.456456],[103.178107,16.456455],[103.178098,16.456453],[103.178089,16.456451],[103.178081,16.456449],[103.178072,16.456446],[103.178055,16.456441],[103.17803,16.456432],[103.178013,16.456426],[103.178004,16.456423],[103.177936,16.456395],[103.177911,16.456386],[103.177886,16.456377],[103.17787,16.456371],[103.177844,16.456362],[103.177827,16.456356],[103.177809,16.456351],[103.1778,16.456348],[103.177792,16.456346],[103.177784,16.456345],[103.177776,16.456344],[103.177768,16.456343],[103.177762,16.456343],[103.177759,16.456343],[103.177751,16.456344],[103.177743,16.456345],[103.177736,16.456347],[103.177728,16.456349],[103.17772,16.456351],[103.177712,16.456354],[103.177703,16.456357],[103.177699,16.456359],[103.177695,16.456361],[103.177679,16.456369],[103.177654,16.456381],[103.177638,16.456389],[103.177623,16.456395],[103.177608,16.456401],[103.177593,16.456406],[103.177578,16.456412],[103.177577,16.456412],[103.17756,16.456417],[103.17751,16.456433],[103.177493,16.456439],[103.177477,16.456444],[103.177463,16.45645],[103.177455,16.456453],[103.177448,16.456456],[103.177441,16.45646],[103.177433,16.456464],[103.177425,16.456468],[103.177418,16.456473],[103.177402,16.456482],[103.177395,16.456487],[103.177388,16.456492],[103.177381,16.456497],[103.177374,16.456502],[103.177368,16.456508],[103.177362,16.456514],[103.177357,16.456521],[103.177355,16.456526],[103.177353,16.456528],[103.177349,16.456536],[103.177346,16.456544],[103.177343,16.456552],[103.17734,16.45656],[103.177338,16.456569],[103.177335,16.456577],[103.177333,16.456585],[103.177331,16.456594],[103.17733,16.456603],[103.177328,16.456611],[103.177327,16.45662],[103.177326,16.456638],[103.177326,16.456646],[103.177325,16.456655],[103.177325,16.456664],[103.177326,16.456673],[103.177327,16.456681],[103.177328,16.456688],[103.177329,16.456695],[103.17733,16.456697],[103.177331,16.456702],[103.177333,16.45671],[103.177336,16.456717],[103.177339,16.456724],[103.177342,16.456731],[103.177346,16.456738],[103.17735,16.456745],[103.177355,16.456752],[103.17736,16.45676],[103.177371,16.456774],[103.177382,16.456788],[103.177393,16.456801],[103.177399,16.456807],[103.177406,16.456814],[103.177412,16.45682],[103.177418,16.456826],[103.177432,16.456837],[103.177466,16.456864],[103.17748,16.456875],[103.177493,16.456886],[103.177499,16.456892],[103.177505,16.456898],[103.17751,16.456904],[103.177516,16.45691],[103.177526,16.456923],[103.177531,16.456929],[103.177536,16.456935],[103.177541,16.456942],[103.177545,16.456948],[103.177546,16.45695],[103.177548,16.456955],[103.177552,16.456961],[103.177555,16.456968],[103.177557,16.456975],[103.177559,16.456982],[103.177561,16.456989],[103.177563,16.456996],[103.177564,16.457004],[103.177564,16.457012],[103.177565,16.457019],[103.177564,16.457027],[103.177564,16.457035],[103.177564,16.457037],[103.177563,16.457043],[103.177561,16.45705],[103.177559,16.457058],[103.177558,16.457064],[103.177557,16.457066],[103.177554,16.457073],[103.177552,16.457081],[103.177551,16.457083],[103.17755,16.457085],[103.177548,16.457088],[103.177545,16.457095],[103.177541,16.457102],[103.177536,16.457109],[103.177531,16.457117],[103.177526,16.457124],[103.177514,16.457138],[103.177502,16.457152],[103.177484,16.457173],[103.177472,16.457186],[103.177463,16.457197],[103.17746,16.4572],[103.177453,16.457206],[103.177447,16.457212],[103.17744,16.457218],[103.177433,16.457224],[103.177425,16.457229],[103.177418,16.457234],[103.177417,16.457234],[103.17741,16.457239],[103.17739,16.45725],[103.177386,16.457253],[103.177337,16.45728],[103.177297,16.457303],[103.177281,16.457312],[103.177265,16.45732],[103.177257,16.457324],[103.177248,16.457327],[103.17724,16.45733],[103.177232,16.457332],[103.177224,16.457333],[103.177216,16.457332],[103.177212,16.457331],[103.177209,16.45733],[103.177201,16.457327],[103.177193,16.457324],[103.177185,16.45732],[103.177177,16.457316],[103.17717,16.457311],[103.177154,16.457302],[103.177139,16.457292],[103.177132,16.457287],[103.177124,16.457282],[103.177118,16.457277],[103.177111,16.457271],[103.177105,16.457265],[103.177103,16.457261],[103.177101,16.457258],[103.177096,16.457251],[103.177093,16.457244],[103.177089,16.457237],[103.177086,16.457229],[103.177083,16.457222],[103.177072,16.457191],[103.177069,16.457183],[103.177066,16.457175],[103.177063,16.457167],[103.177059,16.45716],[103.177055,16.457152],[103.177051,16.457145],[103.177046,16.457137],[103.177041,16.45713],[103.177037,16.457123],[103.177032,16.457116],[103.177026,16.45711],[103.17702,16.457104],[103.177018,16.457103],[103.177014,16.457099],[103.177007,16.457096],[103.177,16.457093],[103.176993,16.45709],[103.176985,16.457088],[103.176977,16.457087],[103.176969,16.457086],[103.176962,16.457086],[103.176956,16.457086],[103.176948,16.457086],[103.17694,16.457087],[103.176933,16.457089],[103.176925,16.45709],[103.176918,16.457092],[103.17691,16.457095],[103.176902,16.457098],[103.176894,16.457101],[103.176885,16.457105],[103.176877,16.457108],[103.17687,16.457113],[103.176862,16.457117],[103.176855,16.457121],[103.176849,16.457125],[103.176842,16.45713],[103.176836,16.457135],[103.176829,16.457139],[103.176816,16.45715],[103.17679,16.457173],[103.176784,16.457178],[103.176777,16.457183],[103.17677,16.457188],[103.176763,16.457193],[103.176756,16.457197],[103.176749,16.457201],[103.176742,16.457205],[103.176734,16.457209],[103.176727,16.457212],[103.17672,16.457216],[103.176712,16.457219],[103.176704,16.457222],[103.176696,16.457224],[103.176679,16.457229],[103.176653,16.457236],[103.176576,16.457257],[103.176542,16.457267],[103.176506,16.457277],[103.176444,16.457296],[103.176426,16.457301],[103.176417,16.457303],[103.176408,16.457306],[103.176399,16.457308],[103.176391,16.457309],[103.176383,16.45731],[103.176375,16.457311],[103.176367,16.457311],[103.17636,16.457311],[103.176353,16.457311],[103.176346,16.45731],[103.176339,16.457309],[103.176331,16.457308],[103.176322,16.457306],[103.176314,16.457304],[103.176305,16.457301],[103.176297,16.457299],[103.176289,16.457296],[103.176257,16.457285],[103.17625,16.457282],[103.176242,16.45728],[103.176234,16.457278],[103.176233,16.457278],[103.176225,16.457277],[103.176216,16.457275],[103.176207,16.457275],[103.176198,16.457275],[103.176189,16.457275],[103.17618,16.457276],[103.176171,16.457278],[103.176165,16.457279],[103.17616,16.457281],[103.176154,16.457283],[103.176146,16.457285],[103.176139,16.457289],[103.176132,16.457292],[103.176125,16.457295],[103.17611,16.457303],[103.176103,16.457306],[103.176089,16.457315],[103.176053,16.457337],[103.176038,16.457346],[103.176023,16.457355],[103.176016,16.457358],[103.176008,16.457363],[103.175992,16.457372],[103.175977,16.45738],[103.175969,16.457383],[103.175961,16.457387],[103.175953,16.45739],[103.175945,16.457392],[103.175938,16.457394],[103.175931,16.457395],[103.175923,16.457396],[103.175915,16.457397],[103.175906,16.457397],[103.175871,16.457397],[103.175853,16.457397],[103.175837,16.457398],[103.175829,16.457399],[103.175821,16.457399],[103.175813,16.4574],[103.175805,16.457402],[103.175797,16.457403],[103.175789,16.457405],[103.175782,16.457407],[103.175774,16.457409],[103.175766,16.457412],[103.175757,16.457415],[103.175749,16.457418],[103.17574,16.457422],[103.175732,16.457426],[103.175724,16.45743],[103.175709,16.457438],[103.175679,16.457454],[103.175671,16.457458],[103.175655,16.457467],[103.175623,16.457482],[103.175557,16.457512],[103.175541,16.45752],[103.175525,16.457528],[103.175505,16.45754],[103.175469,16.45756],[103.175462,16.457564],[103.175455,16.457569],[103.175449,16.457574],[103.175442,16.457579],[103.175438,16.457584],[103.175433,16.45759],[103.175429,16.457596],[103.175426,16.457602],[103.175423,16.457608],[103.17542,16.457615],[103.175417,16.457621],[103.175415,16.457628],[103.175413,16.457635],[103.175412,16.457642],[103.17541,16.457649],[103.175409,16.457655],[103.175409,16.457662],[103.175408,16.457668],[103.175408,16.457676],[103.175408,16.457684],[103.175408,16.457692],[103.175409,16.4577],[103.17541,16.457708],[103.175411,16.457716],[103.175413,16.457724],[103.175414,16.457731],[103.175414,16.457732],[103.175417,16.45774],[103.175419,16.457748],[103.17542,16.45775],[103.175421,16.457756],[103.175427,16.457772],[103.175435,16.457795],[103.175441,16.45781],[103.175448,16.457826],[103.175458,16.457846],[103.17546,16.45785],[103.175483,16.457897],[103.17549,16.457913],[103.175497,16.45793],[103.175501,16.457938],[103.175504,16.457946],[103.175507,16.457955],[103.175509,16.457963],[103.175511,16.457972],[103.175513,16.45798],[103.175514,16.457989],[103.175515,16.457997],[103.175515,16.458006],[103.175514,16.458013],[103.175514,16.458021],[103.175512,16.458028],[103.175511,16.458035],[103.175509,16.458042],[103.175506,16.45805],[103.175503,16.458058],[103.1755,16.458065],[103.175492,16.45808],[103.175485,16.458095],[103.175472,16.458117],[103.175459,16.458139],[103.175445,16.45816],[103.175435,16.458174],[103.175431,16.458181],[103.17542,16.458195],[103.175409,16.45821],[103.175381,16.458245],[103.175347,16.458287],[103.175336,16.4583],[103.175324,16.458314],[103.175318,16.458321],[103.175312,16.458327],[103.175305,16.458333],[103.175299,16.458339],[103.175285,16.458351],[103.175264,16.458368],[103.175245,16.458383],[103.175243,16.458385],[103.175222,16.458401],[103.175208,16.458412],[103.17518,16.458433],[103.175159,16.458448],[103.175145,16.458458],[103.17513,16.458468],[103.175123,16.458473],[103.175115,16.458477],[103.175107,16.458481],[103.175099,16.458485],[103.17509,16.458489],[103.175082,16.458493],[103.175065,16.4585],[103.175039,16.458511],[103.175013,16.458521],[103.174997,16.458527],[103.174975,16.458535],[103.17496,16.458539],[103.174943,16.458544],[103.174927,16.458548],[103.17491,16.458551],[103.174893,16.458555],[103.174866,16.458559],[103.174831,16.458564],[103.174787,16.458569],[103.174769,16.458572],[103.174715,16.458577],[103.174697,16.458579],[103.174688,16.458581],[103.174679,16.458582],[103.174671,16.458584],[103.174663,16.458586],[103.174654,16.458588],[103.174646,16.45859],[103.174631,16.458594],[103.174623,16.458597],[103.174615,16.4586],[103.174607,16.458603],[103.1746,16.458606],[103.174592,16.45861],[103.174584,16.458614],[103.174577,16.458618],[103.174562,16.458627],[103.174547,16.458637],[103.174526,16.458651],[103.174504,16.458665],[103.17449,16.458675],[103.174483,16.458681],[103.17447,16.458692],[103.17445,16.458709],[103.174424,16.458732],[103.174412,16.458743],[103.174406,16.45875],[103.174394,16.458762],[103.174388,16.458768],[103.174382,16.458775],[103.174377,16.458781],[103.174372,16.458788],[103.174367,16.458796],[103.174363,16.458803],[103.174354,16.458818],[103.174345,16.458833],[103.174333,16.458856],[103.174316,16.458887],[103.174271,16.458973],[103.174262,16.458989],[103.174254,16.459004],[103.174245,16.459019],[103.17424,16.459027],[103.174236,16.459033],[103.174228,16.459044],[103.174205,16.459073],[103.174166,16.459122],[103.174156,16.459135],[103.174011,16.459301],[103.173981,16.459335],[103.173857,16.459469],[103.173781,16.459547],[103.173748,16.459581],[103.173659,16.45966],[103.173625,16.45969],[103.173582,16.459728],[103.173515,16.459787],[103.173509,16.459791],[103.173384,16.459895],[103.173372,16.459904],[103.173296,16.459976],[103.173229,16.460049],[103.173204,16.460078],[103.173167,16.460132],[103.173146,16.460177],[103.173135,16.460214],[103.173129,16.460239],[103.173117,16.460284],[103.173091,16.460352],[103.173071,16.460382],[103.173067,16.460387],[103.173059,16.460396],[103.173046,16.460411],[103.173016,16.460429],[103.172992,16.460436],[103.17295,16.460449],[103.172902,16.460464],[103.172879,16.460473],[103.17286,16.460481],[103.172812,16.460501],[103.172764,16.460536],[103.172732,16.460566],[103.172706,16.460595],[103.172669,16.460646],[103.172645,16.460687],[103.172633,16.460716],[103.172613,16.460769],[103.172609,16.460776],[103.172603,16.460785],[103.172584,16.460811],[103.172535,16.460863],[103.172512,16.460883],[103.172512,16.460884],[103.172506,16.460889],[103.172475,16.460917],[103.172409,16.460982],[103.1724,16.460988],[103.17235,16.461041],[103.172304,16.461095],[103.172296,16.46111],[103.172281,16.461135],[103.172265,16.461184],[103.172264,16.461198],[103.172262,16.461215],[103.172262,16.46122],[103.172266,16.461246],[103.17227,16.461259],[103.172283,16.461282],[103.172291,16.461288],[103.1723,16.461296],[103.172312,16.461304],[103.172325,16.461312],[103.172364,16.461323],[103.172425,16.461332],[103.172465,16.461334],[103.172512,16.461336],[103.172524,16.461336],[103.17254,16.461341],[103.172542,16.461342],[103.172557,16.461352],[103.172576,16.461375],[103.172579,16.461381],[103.172583,16.461397],[103.172586,16.46143],[103.172586,16.461461],[103.172576,16.461507],[103.172576,16.461508],[103.172568,16.461528],[103.172538,16.461604],[103.172523,16.461667],[103.172521,16.461675],[103.172507,16.461736],[103.172505,16.46175],[103.172501,16.461777],[103.1725,16.461787],[103.172498,16.461803],[103.172485,16.461823],[103.172465,16.461841],[103.172439,16.461852],[103.1724,16.461857],[103.172243,16.46185],[103.172207,16.461852],[103.172187,16.461854],[103.17215,16.461862],[103.172073,16.461895],[103.172055,16.461902],[103.172048,16.461904],[103.172008,16.461916],[103.171989,16.461918],[103.171976,16.46192],[103.171867,16.461927],[103.171862,16.461927],[103.171852,16.461929],[103.171828,16.461934],[103.171801,16.461938],[103.171757,16.461957],[103.171743,16.461966],[103.171715,16.461985],[103.171665,16.462027],[103.171598,16.462085],[103.171542,16.462122],[103.171486,16.462147],[103.17143,16.462165],[103.171402,16.46217],[103.171355,16.462177],[103.171331,16.462179],[103.171331,16.46218],[103.171059,16.462195],[103.170985,16.462199],[103.170964,16.462201],[103.170912,16.462207],[103.170879,16.46222],[103.170862,16.462231],[103.170854,16.462238],[103.170837,16.462258],[103.170821,16.462289],[103.170813,16.46233],[103.170818,16.462369],[103.170826,16.462389],[103.170833,16.462402],[103.170851,16.462422],[103.17086,16.46243],[103.170877,16.462446],[103.170894,16.462456],[103.17092,16.46247],[103.170952,16.462488],[103.171007,16.462521],[103.171018,16.462536],[103.171023,16.462541],[103.171024,16.462545],[103.171028,16.46256],[103.171029,16.462575],[103.171025,16.462606],[103.171022,16.462618],[103.17101,16.462646],[103.170989,16.46267],[103.17098,16.462679],[103.170967,16.462691],[103.170933,16.462727],[103.170876,16.462788],[103.170824,16.462858],[103.170798,16.462893],[103.170792,16.462901],[103.170725,16.463014],[103.170676,16.463103],[103.170675,16.463105],[103.170659,16.463134],[103.170604,16.463212],[103.170588,16.463235],[103.170569,16.463257],[103.170523,16.463311],[103.170464,16.463368],[103.170448,16.463384],[103.170432,16.463402],[103.170401,16.463441],[103.170377,16.463471],[103.170373,16.463477],[103.170357,16.463502],[103.170308,16.463569],[103.170266,16.46362],[103.170265,16.46362],[103.170241,16.463648],[103.170205,16.463688],[103.170182,16.463713],[103.170139,16.463751],[103.170109,16.463777],[103.170076,16.463805],[103.170024,16.463844],[103.170001,16.463861],[103.16999,16.463869],[103.169923,16.463923],[103.169894,16.463951],[103.16989,16.463958],[103.16989,16.463959],[103.169884,16.463977],[103.169884,16.463978],[103.169884,16.464007],[103.169894,16.464038],[103.169918,16.464071],[103.170036,16.464153],[103.170249,16.464283],[103.170332,16.46433],[103.170363,16.464347],[103.170382,16.464358],[103.170417,16.464378],[103.170458,16.464404],[103.170459,16.464405],[103.170477,16.464421],[103.170499,16.46445],[103.170503,16.464457],[103.170515,16.464497],[103.170518,16.464533],[103.170513,16.464567],[103.170502,16.464605],[103.170499,16.464615],[103.170498,16.464617],[103.170497,16.464619],[103.170473,16.464671],[103.170462,16.464693],[103.170427,16.464753],[103.170405,16.464781],[103.170333,16.464875],[103.170247,16.464974],[103.170241,16.46498],[103.170145,16.46507],[103.170128,16.465083],[103.1701,16.465099],[103.17009,16.465105],[103.170056,16.465121],[103.170022,16.465132],[103.169997,16.465138],[103.169967,16.465148],[103.169878,16.465187],[103.169874,16.465189],[103.169856,16.465201],[103.169829,16.465222],[103.169811,16.46524],[103.169801,16.465252],[103.169786,16.465277],[103.16976,16.465339],[103.16972,16.465433],[103.169703,16.46548],[103.169693,16.465501],[103.169682,16.465516],[103.169658,16.465535],[103.169623,16.465548],[103.169586,16.465555],[103.169555,16.465555],[103.169458,16.465545],[103.169169,16.465486],[103.169023,16.465453],[103.168995,16.465448],[103.168947,16.465437],[103.168892,16.465428],[103.168856,16.465426],[103.168823,16.465426],[103.168809,16.465428],[103.168786,16.465434],[103.168779,16.465437],[103.168777,16.465438],[103.168773,16.465439],[103.168766,16.465443],[103.168764,16.465444],[103.168749,16.465458],[103.168741,16.465467],[103.168724,16.465486],[103.16871,16.465504],[103.168688,16.465543],[103.16867,16.465583],[103.168667,16.465589],[103.168653,16.465629],[103.168642,16.465662],[103.16864,16.465671],[103.168638,16.465679],[103.168636,16.465691],[103.168632,16.465722],[103.168629,16.465756],[103.168628,16.465788],[103.16863,16.465819],[103.168632,16.465879],[103.168633,16.465906],[103.168633,16.465924],[103.168633,16.465967],[103.168631,16.465987],[103.168628,16.466018],[103.168627,16.466029],[103.168618,16.466082],[103.168612,16.466105],[103.168604,16.466135],[103.168586,16.466179],[103.168568,16.466207],[103.168554,16.466225],[103.16855,16.46623],[103.168526,16.46625],[103.168501,16.466261],[103.168485,16.466265],[103.168468,16.466269],[103.168442,16.466273],[103.168435,16.466274],[103.168389,16.466276],[103.168332,16.466273],[103.168253,16.466269],[103.16825,16.466269],[103.16824,16.466269],[103.168212,16.466268],[103.167982,16.466265],[103.167957,16.466264],[103.167933,16.466263],[103.167882,16.466266],[103.167818,16.466275],[103.167795,16.466282],[103.167757,16.466292],[103.1677,16.466308],[103.167623,16.466337],[103.167586,16.466354],[103.167576,16.46636],[103.167547,16.466378],[103.167526,16.466395],[103.167514,16.466405],[103.167508,16.466413],[103.167506,16.466415],[103.167487,16.466438],[103.167473,16.46646],[103.167465,16.466479],[103.167457,16.466508],[103.167454,16.466518],[103.167448,16.466538],[103.167436,16.466575],[103.167424,16.466608],[103.167407,16.466647],[103.167406,16.466649],[103.167406,16.46665],[103.167396,16.466668],[103.167371,16.466709],[103.167361,16.466723],[103.167336,16.466756],[103.167297,16.466798],[103.167268,16.466829],[103.167255,16.466847],[103.167239,16.466878],[103.167235,16.46689],[103.167226,16.466928],[103.167225,16.466946],[103.167225,16.466984],[103.167234,16.467022],[103.167253,16.467067],[103.16727,16.467098],[103.167294,16.467125],[103.167314,16.467146],[103.167326,16.467154],[103.167401,16.467195],[103.16744,16.467215],[103.167455,16.467222],[103.167518,16.46725],[103.167542,16.467263],[103.167574,16.467285],[103.167593,16.467307],[103.167598,16.467318],[103.167604,16.467344],[103.167606,16.467363],[103.167604,16.467384],[103.167586,16.467438],[103.167564,16.467521],[103.16755,16.467603],[103.16755,16.467605],[103.167539,16.467694],[103.167528,16.46774],[103.167518,16.46777],[103.167503,16.467805],[103.167489,16.467825],[103.167469,16.46784],[103.167449,16.467849],[103.167439,16.467851],[103.167419,16.467855],[103.167403,16.467856],[103.167385,16.467857],[103.167189,16.467866],[103.167188,16.467866],[103.167138,16.467872],[103.167102,16.467879],[103.167067,16.46789],[103.167041,16.467903],[103.167018,16.46792],[103.166998,16.46794],[103.166986,16.467958],[103.166976,16.467977],[103.166969,16.467997],[103.166967,16.468],[103.166961,16.468018],[103.166949,16.468066],[103.16694,16.468132],[103.166944,16.468176],[103.166974,16.468316],[103.166992,16.468415],[103.167003,16.46848],[103.167011,16.46852],[103.167012,16.468528],[103.167025,16.468582],[103.16703,16.468596],[103.167039,16.468615],[103.167062,16.468645],[103.167071,16.468659],[103.167095,16.468677],[103.167122,16.468692],[103.167141,16.468697],[103.167178,16.468702],[103.167187,16.468702],[103.167268,16.4687],[103.167349,16.468693],[103.167482,16.468677],[103.167516,16.468673],[103.167543,16.468674],[103.16758,16.468682],[103.167607,16.468693],[103.167627,16.468708],[103.16763,16.468712],[103.167647,16.468739],[103.167656,16.468777],[103.167657,16.468795],[103.167658,16.468821],[103.167656,16.468863],[103.167654,16.468877],[103.167645,16.468915],[103.167614,16.468966],[103.167567,16.469034],[103.167564,16.469038],[103.16752,16.469118],[103.167498,16.469163],[103.167495,16.469169],[103.167448,16.469266],[103.167412,16.469327],[103.167372,16.469374],[103.167343,16.469397],[103.167332,16.469405],[103.167288,16.469424],[103.167278,16.469426],[103.167251,16.469431],[103.167237,16.469434],[103.167197,16.469449],[103.167158,16.469479],[103.16715,16.469485],[103.167149,16.469487],[103.167148,16.469487],[103.167113,16.469535],[103.167094,16.469574],[103.167086,16.46959],[103.167072,16.469632],[103.167067,16.469686],[103.167067,16.46976],[103.167077,16.469822],[103.167094,16.469885],[103.167107,16.469926],[103.167118,16.469958],[103.1672,16.470129],[103.16726,16.470231],[103.167266,16.470241],[103.167362,16.470394],[103.167388,16.470436],[103.167425,16.470522],[103.167433,16.470558],[103.167436,16.470576],[103.16744,16.470605],[103.167439,16.470664],[103.167436,16.470762],[103.167435,16.470849],[103.167442,16.470917],[103.167448,16.470974],[103.167456,16.471007],[103.167458,16.471018],[103.167466,16.471038],[103.167486,16.471083],[103.167506,16.471144],[103.167488,16.471191],[103.16746,16.471248],[103.167432,16.471308],[103.167427,16.471313],[103.167408,16.471339],[103.167405,16.471345],[103.167393,16.471369],[103.167389,16.471393],[103.167391,16.471414],[103.167394,16.471422],[103.167403,16.471433],[103.167421,16.471449],[103.167482,16.471507],[103.167537,16.471565],[103.167564,16.471594],[103.167575,16.471607],[103.167587,16.47162],[103.167604,16.471643],[103.167616,16.47166],[103.167631,16.471686],[103.167642,16.471714],[103.16765,16.471735],[103.167652,16.471741],[103.167655,16.471748],[103.167659,16.471767],[103.167662,16.471793],[103.167663,16.471813],[103.167659,16.47184],[103.167655,16.471855],[103.167652,16.471861],[103.16765,16.471865],[103.167649,16.471866],[103.167643,16.471877],[103.167635,16.471886],[103.167624,16.471896],[103.167581,16.471933],[103.167572,16.471941],[103.167552,16.471957],[103.167467,16.472027],[103.16746,16.472033],[103.167436,16.472053],[103.167433,16.472056],[103.167421,16.472069],[103.167411,16.472083],[103.16741,16.472088],[103.167407,16.472093],[103.167404,16.472103],[103.167404,16.472116],[103.167405,16.472127],[103.167406,16.47213],[103.167408,16.472139],[103.167414,16.472148],[103.167424,16.472161],[103.167426,16.472163],[103.167436,16.472173],[103.167476,16.472206],[103.167519,16.472237],[103.167563,16.47227],[103.167655,16.472334],[103.167734,16.472389],[103.167735,16.47239],[103.16776,16.472409],[103.167775,16.472421],[103.167788,16.472435],[103.167797,16.472449],[103.167807,16.472465],[103.167808,16.472469],[103.167815,16.472488],[103.167817,16.4725],[103.167818,16.472526],[103.167818,16.472674],[103.167818,16.472688],[103.167817,16.472861],[103.167815,16.472895],[103.167809,16.472959],[103.167793,16.473125],[103.167791,16.473138],[103.16779,16.473146],[103.167785,16.473184],[103.167772,16.4733],[103.167767,16.473333],[103.167764,16.473343],[103.167764,16.473344],[103.167762,16.473352],[103.167757,16.473359],[103.167747,16.473376],[103.16774,16.473384],[103.167731,16.473396],[103.167713,16.473409],[103.167693,16.473419],[103.167678,16.473424],[103.167666,16.473426],[103.167658,16.473426],[103.167639,16.473427],[103.167607,16.473426],[103.167596,16.473425],[103.167581,16.473428],[103.16757,16.473432],[103.167567,16.473433],[103.167558,16.473443],[103.167552,16.473455],[103.16755,16.473473],[103.167549,16.473483],[103.16755,16.473507],[103.16755,16.473509],[103.16755,16.473515],[103.167551,16.473538],[103.167558,16.473567],[103.167565,16.473594],[103.167573,16.473616],[103.167593,16.473656],[103.167598,16.473663],[103.167615,16.473693],[103.167623,16.473705],[103.16764,16.473726],[103.167642,16.473728],[103.167653,16.473741],[103.167669,16.473755],[103.167694,16.473766],[103.167722,16.47377],[103.167773,16.473764],[103.167813,16.47376],[103.167829,16.473759],[103.167846,16.473759],[103.16787,16.473761],[103.16789,16.473772],[103.167903,16.473787],[103.167911,16.473812],[103.167913,16.473856],[103.167913,16.47387],[103.167913,16.474086],[103.167915,16.474115],[103.167915,16.474122],[103.167917,16.474138],[103.16793,16.47418],[103.167942,16.474218],[103.167954,16.474258],[103.16796,16.474279],[103.167963,16.474302],[103.167963,16.474325],[103.167962,16.474354],[103.16796,16.474364],[103.167957,16.474375],[103.167957,16.474376],[103.167952,16.474392],[103.167946,16.474403],[103.167944,16.474408],[103.167941,16.474413],[103.167924,16.474439],[103.167923,16.474441],[103.167917,16.474449],[103.167916,16.47445],[103.167897,16.474475],[103.167895,16.474477],[103.167858,16.474518],[103.167826,16.474547],[103.167799,16.474572],[103.167787,16.474583],[103.167767,16.4746],[103.167722,16.47464],[103.167713,16.474648],[103.167683,16.474677],[103.167664,16.4747],[103.167657,16.474708],[103.167645,16.474725],[103.167621,16.474762],[103.167613,16.474775],[103.167605,16.474793],[103.167603,16.474804],[103.167602,16.47481],[103.167601,16.47482],[103.167602,16.474832],[103.167605,16.474846],[103.16761,16.474858],[103.167618,16.474869],[103.167622,16.474874],[103.167668,16.474927],[103.167673,16.474934],[103.167704,16.474977],[103.167715,16.474998],[103.167725,16.475029],[103.16773,16.475057],[103.167731,16.475083],[103.167726,16.47511],[103.167715,16.475148],[103.167707,16.475174],[103.167704,16.47519],[103.167703,16.475208],[103.167705,16.475228],[103.167708,16.475245],[103.167708,16.475246],[103.167713,16.475262],[103.167714,16.475266],[103.167715,16.475269],[103.167716,16.47527],[103.167732,16.475302],[103.167743,16.475319],[103.167758,16.475347],[103.167769,16.475365],[103.167809,16.475432],[103.16781,16.475434],[103.167811,16.475438],[103.167816,16.475452],[103.167824,16.475514],[103.167815,16.475596],[103.167801,16.475655],[103.167789,16.475686],[103.167787,16.47569],[103.167784,16.475697],[103.167756,16.475746],[103.167722,16.47579],[103.167716,16.475797],[103.167703,16.475811],[103.167649,16.47587],[103.16764,16.475884],[103.167585,16.475962],[103.167571,16.475995],[103.167559,16.476038],[103.167557,16.476092],[103.167558,16.476131],[103.167561,16.476147],[103.167575,16.476187],[103.167581,16.476197],[103.167594,16.47622],[103.167658,16.476325],[103.167682,16.476376],[103.16769,16.476401],[103.167697,16.476437],[103.167698,16.476451],[103.167693,16.476505],[103.167686,16.476519],[103.167678,16.47653],[103.167653,16.476557],[103.167618,16.476574],[103.167608,16.476578],[103.167542,16.476601],[103.167406,16.47665],[103.167401,16.476653],[103.167363,16.476675],[103.167336,16.476705],[103.167326,16.476728],[103.167319,16.476744],[103.167311,16.476762],[103.167305,16.476775],[103.16729,16.476844],[103.167287,16.476863],[103.167286,16.476873],[103.16727,16.476982],[103.16726,16.47705],[103.167256,16.477105],[103.167247,16.477196],[103.167244,16.477222],[103.167238,16.477271],[103.167236,16.477287],[103.167235,16.477304],[103.167234,16.47733],[103.167233,16.477356],[103.167233,16.477373],[103.167234,16.47739],[103.167237,16.477441],[103.167238,16.477458],[103.167237,16.477476],[103.167237,16.477503],[103.167235,16.477529],[103.167235,16.477538],[103.167233,16.477555],[103.167232,16.477568],[103.16723,16.47758],[103.167228,16.477597],[103.167227,16.477603],[103.167227,16.477605],[103.167223,16.477623],[103.16722,16.47764],[103.167179,16.477838],[103.167175,16.477855],[103.16717,16.477881],[103.167166,16.477898],[103.167159,16.477925],[103.167151,16.47796],[103.167144,16.477986],[103.167139,16.478003],[103.167133,16.47802],[103.167125,16.478045],[103.167098,16.478121],[103.167087,16.478154],[103.167077,16.478179],[103.167067,16.478204],[103.167053,16.478238],[103.167041,16.478264],[103.167002,16.478354],[103.166991,16.478379],[103.166984,16.478395],[103.166965,16.478444],[103.166904,16.4786],[103.166891,16.478633],[103.166885,16.478649],[103.166879,16.478664],[103.166872,16.478687],[103.166867,16.478703],[103.16686,16.478727],[103.166853,16.478752],[103.166847,16.478776],[103.166843,16.478791],[103.166843,16.478793],[103.16684,16.478806],[103.166839,16.478813],[103.166838,16.478822],[103.166838,16.47883],[103.166837,16.478839],[103.166837,16.478848],[103.166838,16.478856],[103.166838,16.478865],[103.16684,16.478882],[103.166842,16.478899],[103.166844,16.478915],[103.166847,16.478931],[103.166852,16.478956],[103.166855,16.478972],[103.166859,16.478988],[103.166861,16.478996],[103.166866,16.479011],[103.166875,16.479043],[103.16688,16.479058],[103.166882,16.479067],[103.166888,16.479093],[103.166892,16.47911],[103.166895,16.479128],[103.166899,16.479145],[103.1669,16.479154],[103.166903,16.479172],[103.166906,16.479199],[103.166909,16.479226],[103.166911,16.479243],[103.166912,16.479252],[103.166913,16.479268],[103.166913,16.479283],[103.166913,16.479292],[103.166913,16.479309],[103.166912,16.479335],[103.166909,16.479404],[103.166907,16.47944],[103.166902,16.479608],[103.166901,16.479635],[103.166901,16.479661],[103.166901,16.479688],[103.166901,16.479724],[103.166906,16.479947],[103.166906,16.479981],[103.166906,16.480007],[103.166905,16.480024],[103.166905,16.480032],[103.166904,16.48004],[103.166903,16.480043],[103.166903,16.480047],[103.166902,16.480055],[103.1669,16.480062],[103.166898,16.480069],[103.166896,16.480076],[103.166893,16.480085],[103.166889,16.480093],[103.166884,16.4801],[103.166879,16.480107],[103.166874,16.480114],[103.166868,16.480121],[103.166862,16.480127],[103.166855,16.480132],[103.166848,16.480136],[103.16684,16.480139],[103.166831,16.480141],[103.166822,16.480142],[103.166814,16.480143],[103.166805,16.480144],[103.166795,16.480144],[103.166786,16.480143],[103.166778,16.480141],[103.166769,16.480139],[103.16676,16.480137],[103.166751,16.480134],[103.166743,16.480131],[103.166734,16.480127],[103.166726,16.480124],[103.16671,16.480116],[103.166686,16.480103],[103.166662,16.48009],[103.166618,16.480066],[103.166596,16.480054],[103.166583,16.480048],[103.166569,16.480042],[103.166554,16.480036],[103.166539,16.48003],[103.166531,16.480027],[103.166523,16.480025],[103.166516,16.480023],[103.16651,16.480021],[103.166504,16.48002],[103.166496,16.480019],[103.16649,16.480018],[103.166489,16.480018],[103.166481,16.480017],[103.166474,16.480017],[103.166466,16.480018],[103.166458,16.480019],[103.16645,16.48002],[103.166442,16.480022],[103.166434,16.480025],[103.166427,16.480029],[103.166421,16.480033],[103.166415,16.480037],[103.166411,16.480043],[103.166408,16.480049],[103.166405,16.480056],[103.166403,16.480063],[103.166401,16.48007],[103.1664,16.480078],[103.166399,16.480086],[103.166398,16.480095],[103.166397,16.480103],[103.166397,16.480112],[103.166397,16.480157],[103.166396,16.480175],[103.166395,16.480184],[103.166395,16.480193],[103.166394,16.480202],[103.166392,16.480211],[103.16639,16.480219],[103.166388,16.480227],[103.166385,16.480234],[103.166384,16.480235],[103.166382,16.480241],[103.166378,16.480248],[103.166374,16.480254],[103.166371,16.480257],[103.166369,16.48026],[103.166364,16.480265],[103.166357,16.48027],[103.16635,16.480274],[103.166343,16.480277],[103.166335,16.48028],[103.166326,16.480282],[103.166318,16.480284],[103.166309,16.480286],[103.1663,16.480287],[103.166291,16.480287],[103.166282,16.480288],[103.166264,16.480288],[103.166224,16.480289],[103.166218,16.480289],[103.1662,16.48029],[103.166192,16.48029],[103.166184,16.480291],[103.166181,16.480291],[103.166175,16.480292],[103.166167,16.480293],[103.166159,16.480295],[103.16615,16.480297],[103.166142,16.480299],[103.166133,16.480302],[103.166125,16.480306],[103.166117,16.48031],[103.16611,16.480314],[103.166104,16.480319],[103.166099,16.480325],[103.166095,16.480332],[103.166092,16.480339],[103.166089,16.480347],[103.166087,16.480355],[103.166085,16.480363],[103.166083,16.480372],[103.166082,16.48038],[103.166081,16.480389],[103.16608,16.480397],[103.16608,16.480406],[103.16608,16.480423],[103.16608,16.48044],[103.16608,16.480458],[103.166082,16.480476],[103.166082,16.480485],[103.166084,16.480503],[103.166087,16.48053],[103.166107,16.48068],[103.16611,16.480707],[103.166111,16.480725],[103.166112,16.480733],[103.166112,16.480738],[103.166114,16.480758],[103.166115,16.480784],[103.166116,16.480809],[103.166117,16.480826],[103.166116,16.480843],[103.166116,16.480861],[103.166115,16.480878],[103.166114,16.480888],[103.166113,16.480896],[103.166111,16.480913],[103.16611,16.480922],[103.166109,16.48093],[103.166106,16.480947],[103.166103,16.480963],[103.166099,16.48098],[103.166095,16.480996],[103.166093,16.481004],[103.166091,16.481012],[103.166086,16.481028],[103.16608,16.481044],[103.166077,16.481052],[103.166071,16.481068],[103.166049,16.481123],[103.166044,16.481137],[103.166043,16.481138],[103.166041,16.481146],[103.166035,16.481163],[103.166028,16.481187],[103.166021,16.481212],[103.166017,16.481228],[103.166014,16.481244],[103.166011,16.48126],[103.16601,16.481268],[103.166008,16.481284],[103.166006,16.481301],[103.166005,16.481313],[103.166004,16.481317],[103.166003,16.481333],[103.166001,16.481374],[103.165999,16.481391],[103.165999,16.481399],[103.165997,16.481407],[103.165996,16.481415],[103.165994,16.481422],[103.165992,16.48143],[103.16599,16.481438],[103.165989,16.48144],[103.165987,16.481446],[103.165984,16.481455],[103.16598,16.481463],[103.165976,16.481471],[103.165972,16.481478],[103.165967,16.481485],[103.165964,16.481489],[103.165962,16.481492],[103.165956,16.481499],[103.16595,16.481504],[103.16595,16.481505],[103.165943,16.481511],[103.16593,16.481523],[103.165902,16.481546],[103.165889,16.481558],[103.165882,16.481564],[103.165875,16.48157],[103.165869,16.481576],[103.165863,16.481583],[103.165857,16.48159],[103.165851,16.481596],[103.165845,16.481603],[103.16584,16.481611],[103.165834,16.481618],[103.165829,16.481625],[103.165824,16.481633],[103.165822,16.481637],[103.16582,16.48164],[103.165816,16.481648],[103.165812,16.481655],[103.165809,16.481663],[103.165807,16.481669],[103.165806,16.481676],[103.165804,16.481682],[103.165803,16.481689],[103.165802,16.481696],[103.165801,16.481703],[103.165801,16.48171],[103.165801,16.481718],[103.165801,16.481727],[103.165801,16.481735],[103.165802,16.481752],[103.165802,16.481756],[103.165803,16.481769],[103.165804,16.481778],[103.165805,16.481786],[103.165807,16.481803],[103.165814,16.481846],[103.165816,16.481863],[103.165816,16.481872],[103.165817,16.48188],[103.165817,16.481888],[103.165816,16.481896],[103.165815,16.481904],[103.165814,16.481911],[103.165812,16.481919],[103.165809,16.481926],[103.165805,16.481933],[103.165801,16.48194],[103.165797,16.481947],[103.165793,16.481954],[103.165764,16.481995],[103.16573,16.482046],[103.165721,16.482058],[103.165705,16.482081],[103.165696,16.482096],[103.165692,16.482103],[103.165687,16.48211],[103.165679,16.482126],[103.165671,16.482141],[103.165664,16.482157],[103.165661,16.482165],[103.165658,16.482172],[103.165655,16.482179],[103.165653,16.482188],[103.165651,16.482196],[103.165647,16.482213],[103.165642,16.482238],[103.165632,16.482289],[103.165628,16.482315],[103.165617,16.482377],[103.165612,16.482403],[103.165611,16.48241],[103.165607,16.482428],[103.165601,16.482454],[103.165596,16.482471],[103.165594,16.482479],[103.165591,16.482487],[103.165589,16.482494],[103.165586,16.482502],[103.165585,16.482503],[103.165583,16.482509],[103.165579,16.482516],[103.165576,16.482524],[103.165568,16.482538],[103.16556,16.482553],[103.165556,16.48256],[103.165552,16.482567],[103.165543,16.482582],[103.165533,16.482596],[103.165513,16.482625],[103.165504,16.482639],[103.165499,16.482646],[103.165492,16.482659],[103.165488,16.482665],[103.165485,16.482673],[103.165481,16.48268],[103.165478,16.482688],[103.165475,16.482696],[103.165472,16.482704],[103.165469,16.482711],[103.165467,16.482719],[103.165465,16.482728],[103.165463,16.482736],[103.165461,16.482744],[103.165459,16.482761],[103.165456,16.482778],[103.165454,16.482795],[103.165451,16.482838],[103.165449,16.482855],[103.165446,16.482881],[103.165442,16.482908],[103.165439,16.482925],[103.165435,16.482942],[103.165431,16.48296],[103.165425,16.482985],[103.16542,16.483002],[103.165415,16.483018],[103.165411,16.48303],[103.16541,16.483034],[103.165407,16.483042],[103.165401,16.483057],[103.165395,16.483071],[103.165386,16.483091],[103.165384,16.483095],[103.16538,16.483104],[103.165365,16.483134],[103.165361,16.483142],[103.165357,16.48315],[103.165351,16.483166],[103.165342,16.48319],[103.165336,16.483206],[103.16533,16.483222],[103.165325,16.483239],[103.165322,16.483247],[103.16532,16.483255],[103.165316,16.483272],[103.165314,16.483281],[103.165312,16.483289],[103.165311,16.483298],[103.16531,16.483306],[103.165309,16.483314],[103.165309,16.483315],[103.165307,16.483332],[103.165306,16.483349],[103.165305,16.483357],[103.165304,16.483374],[103.165304,16.483392],[103.165304,16.483427],[103.165306,16.483602],[103.165306,16.48362],[103.165305,16.483637],[103.165304,16.483654],[103.165303,16.483663],[103.165302,16.483671],[103.165301,16.483679],[103.165299,16.483688],[103.165297,16.483696],[103.165295,16.483704],[103.165292,16.483712],[103.165289,16.483719],[103.165286,16.483726],[103.165281,16.483733],[103.165276,16.483739],[103.16527,16.483745],[103.165263,16.48375],[103.165256,16.483755],[103.165249,16.48376],[103.165241,16.483764],[103.165233,16.483767],[103.165225,16.48377],[103.165217,16.483773],[103.165208,16.483776],[103.165182,16.483783],[103.165165,16.483787],[103.165156,16.48379],[103.165147,16.483793],[103.16513,16.4838],[103.165116,16.483806],[103.165114,16.483807],[103.165113,16.483807],[103.165105,16.483811],[103.165097,16.483815],[103.165089,16.483819],[103.165081,16.483824],[103.165074,16.483829],[103.165067,16.483834],[103.165061,16.48384],[103.165056,16.483846],[103.16505,16.483853],[103.165045,16.48386],[103.16504,16.483867],[103.165035,16.483874],[103.165031,16.483881],[103.165027,16.483889],[103.165022,16.483897],[103.16502,16.483902],[103.165018,16.483905],[103.165011,16.48392],[103.165005,16.483936],[103.164999,16.483952],[103.164996,16.48396],[103.164993,16.483968],[103.164991,16.483976],[103.164989,16.483985],[103.164986,16.484002],[103.164983,16.48402],[103.164981,16.484038],[103.164981,16.484042],[103.16498,16.484047],[103.16498,16.48406],[103.164979,16.484075],[103.164979,16.484084],[103.164979,16.484102],[103.16498,16.484156],[103.16498,16.484174],[103.16498,16.484191],[103.164979,16.484199],[103.164978,16.484207],[103.164977,16.484215],[103.164976,16.484223],[103.164975,16.48423],[103.164973,16.484237],[103.164971,16.484245],[103.164969,16.484252],[103.164966,16.48426],[103.164963,16.484267],[103.16496,16.484274],[103.164953,16.484288],[103.164945,16.484302],[103.164941,16.484309],[103.164932,16.484323],[103.164916,16.484346],[103.16491,16.484354],[103.16486,16.484422],[103.164824,16.484468],[103.164809,16.484494],[103.164804,16.484505],[103.164802,16.484514],[103.164801,16.484518],[103.164798,16.484535],[103.164795,16.484567],[103.164797,16.484623],[103.1648,16.484677],[103.164801,16.484689],[103.1648,16.484701],[103.164797,16.484713],[103.164795,16.484718],[103.164792,16.484723],[103.164785,16.484732],[103.164782,16.484734],[103.164768,16.484744],[103.164754,16.48475],[103.164738,16.484753],[103.16472,16.484754],[103.164703,16.484752],[103.164694,16.48475],[103.164656,16.484743],[103.164616,16.484738],[103.16459,16.484738],[103.164581,16.484739],[103.164559,16.484741],[103.164544,16.484743],[103.164529,16.484745],[103.164529,16.484746],[103.164493,16.484756],[103.164468,16.484766],[103.16446,16.484769],[103.164438,16.484781],[103.164434,16.484784],[103.164416,16.484797],[103.164411,16.4848],[103.164398,16.484814],[103.164382,16.484834],[103.164379,16.484838],[103.164377,16.484841],[103.164368,16.484854],[103.164356,16.484873],[103.164339,16.484913],[103.164327,16.484945],[103.164324,16.484951],[103.164317,16.484971],[103.164298,16.485017],[103.164284,16.485057],[103.164274,16.485093],[103.164268,16.485123],[103.164262,16.485159],[103.164253,16.485212],[103.164252,16.485221],[103.16425,16.485238],[103.164248,16.485251],[103.16424,16.485334],[103.164238,16.485349],[103.164223,16.48541],[103.164203,16.485466],[103.164163,16.485577],[103.16413,16.485679],[103.164124,16.485701],[103.164113,16.485735],[103.164077,16.485927],[103.164067,16.485969],[103.16406,16.485995],[103.16404,16.486056],[103.164022,16.4861],[103.164012,16.486121],[103.163986,16.486157],[103.163975,16.486176],[103.16397,16.486187],[103.163953,16.486224],[103.163941,16.486261],[103.163938,16.48627],[103.163934,16.486286],[103.163929,16.486301],[103.16388,16.486461],[103.163869,16.486496],[103.163863,16.486513],[103.163849,16.48655],[103.163846,16.486556],[103.163829,16.486582],[103.163806,16.48661],[103.1638,16.486614],[103.163796,16.486619],[103.163762,16.48665],[103.16374,16.486673],[103.163729,16.48669],[103.163721,16.486707],[103.163713,16.48672],[103.163703,16.486755],[103.163698,16.486787],[103.163694,16.486818],[103.163696,16.486852],[103.163698,16.486865],[103.163708,16.486938],[103.163726,16.487014],[103.163735,16.487044],[103.16375,16.487088],[103.163765,16.487131],[103.163781,16.487167],[103.163782,16.487172],[103.163785,16.487181],[103.163792,16.487201],[103.163796,16.487212],[103.163799,16.487223],[103.1638,16.487227],[103.163802,16.48724],[103.163804,16.487248],[103.163805,16.487268],[103.163809,16.487299],[103.163809,16.487305],[103.163816,16.487346],[103.163822,16.487366],[103.163821,16.487366],[103.163837,16.487422],[103.16391,16.487637],[103.17899,16.493824],[103.181381,16.494587],[103.197138,16.495703],[103.211205,16.496517],[103.211657,16.496795],[103.212036,16.497683],[103.212214,16.498098],[103.212647,16.499113],[103.213879,16.501189],[103.215639,16.50249],[103.217182,16.502888],[103.219158,16.502753],[103.219496,16.502678],[103.227062,16.499967],[103.228148,16.500235],[103.239658,16.503071],[103.239583,16.502855],[103.243719,16.503555],[103.246326,16.498552],[103.245946,16.489916],[103.247528,16.48624],[103.245161,16.478696],[103.248048,16.478464],[103.243564,16.46458],[103.246573,16.462831],[103.246071,16.458756],[103.21393,16.437789],[103.208364,16.436253],[103.185509,16.43587],[103.18561,16.435626],[103.185608,16.435628],[103.185591,16.435635],[103.185582,16.435638],[103.185574,16.435642],[103.185572,16.435642],[103.185565,16.435645],[103.185547,16.435651],[103.185529,16.435656],[103.185493,16.435666],[103.185476,16.435671],[103.185467,16.435674],[103.185458,16.435677],[103.18545,16.43568],[103.185442,16.435684],[103.185435,16.435688],[103.185428,16.435693],[103.185422,16.435699],[103.185421,16.435701],[103.185417,16.435706],[103.185413,16.435713],[103.185409,16.43572],[103.185405,16.435728],[103.185403,16.435736],[103.1854,16.435744],[103.185398,16.435752],[103.185397,16.43576],[103.185396,16.435767],[103.185395,16.435774],[103.185395,16.435782],[103.185395,16.435787],[103.185394,16.43579],[103.185395,16.435799],[103.185395,16.435807],[103.185396,16.435825],[103.1854,16.435868],[103.185401,16.435885],[103.185401,16.43589],[103.185402,16.435893],[103.185402,16.435902],[103.185401,16.43591],[103.185401,16.435918],[103.1854,16.435926],[103.185399,16.435934],[103.185397,16.435943],[103.185396,16.435951],[103.185392,16.435968],[103.185388,16.435984],[103.185385,16.435993],[103.185383,16.436001],[103.185379,16.436009],[103.185376,16.436017],[103.185369,16.436033],[103.185361,16.436049],[103.185357,16.436057],[103.185352,16.436064],[103.185348,16.436072],[103.185343,16.436079],[103.185337,16.436086],[103.185331,16.436092],[103.185325,16.436098],[103.185318,16.436104],[103.185311,16.43611],[103.185296,16.436121],[103.185289,16.436126],[103.185274,16.436136],[103.185259,16.436146],[103.185244,16.436155],[103.185236,16.436159],[103.185221,16.436168],[103.185213,16.436172],[103.185207,16.436175],[103.1852,16.436179],[103.185178,16.436189],[103.185154,16.436201],[103.185138,16.43621],[103.18513,16.436214],[103.185123,16.436219],[103.185115,16.436224],[103.185108,16.436229],[103.185102,16.436234],[103.185096,16.43624],[103.185091,16.436247],[103.185087,16.436254],[103.185084,16.436261],[103.18508,16.436269],[103.185077,16.436276],[103.185075,16.436284],[103.185069,16.4363],[103.185065,16.436317],[103.18506,16.436333],[103.185056,16.43635],[103.185053,16.436368],[103.185048,16.436395],[103.185036,16.436466],[103.185031,16.436492],[103.185027,16.43651],[103.185025,16.436518],[103.185022,16.436527],[103.18502,16.436536],[103.185012,16.436561],[103.185,16.436595],[103.184997,16.436603],[103.184991,16.436621],[103.18499,16.436624],[103.184985,16.436638],[103.184982,16.436646],[103.184978,16.436654],[103.184974,16.436661],[103.18497,16.436669],[103.184965,16.436676],[103.184959,16.436682],[103.184955,16.436685],[103.184952,16.436687],[103.184946,16.436692],[103.184938,16.436697],[103.184931,16.436702],[103.184915,16.436711],[103.184892,16.436724],[103.184868,16.436737],[103.184844,16.436749],[103.184821,16.436761],[103.184797,16.436772],[103.184766,16.436787],[103.184742,16.436797],[103.184718,16.436808],[103.184669,16.436828],[103.184652,16.436835],[103.184636,16.436842],[103.184628,16.436846],[103.18462,16.43685],[103.184605,16.436859],[103.184583,16.436873],[103.184565,16.436884],[103.184545,16.436897],[103.184523,16.436912],[103.184508,16.436922],[103.184502,16.436928],[103.184495,16.436933],[103.184489,16.436939],[103.184483,16.436945],[103.184479,16.436952],[103.184475,16.436959],[103.184471,16.436966],[103.184468,16.436974],[103.184465,16.436982],[103.184462,16.43699],[103.18446,16.436998],[103.184458,16.437006],[103.184456,16.437014],[103.184455,16.437022],[103.184455,16.437031],[103.184456,16.437039],[103.184457,16.437048],[103.184458,16.437054],[103.18446,16.437061],[103.184463,16.437069],[103.184467,16.437076],[103.184467,16.437077],[103.184472,16.437084],[103.184476,16.437092],[103.184481,16.437099],[103.184487,16.437106],[103.184492,16.437113],[103.184498,16.437119],[103.184505,16.437126],[103.184511,16.437132],[103.184518,16.437137],[103.184532,16.437149],[103.184546,16.43716],[103.184566,16.437177],[103.184581,16.437188],[103.184582,16.437189],[103.184588,16.437193],[103.184603,16.437204],[103.184615,16.437212],[103.184618,16.437214],[103.184634,16.437224],[103.184681,16.437254],[103.184696,16.437264],[103.184704,16.437269],[103.184711,16.437274],[103.184718,16.43728],[103.184725,16.437285],[103.18473,16.43729],[103.184735,16.437295],[103.18474,16.437301],[103.184744,16.437307],[103.184749,16.437313],[103.184753,16.43732],[103.184757,16.437327],[103.18476,16.437335],[103.184763,16.437343],[103.184766,16.437351],[103.184768,16.43736],[103.184773,16.437377],[103.184784,16.437419],[103.184795,16.437462],[103.184815,16.437539],[103.184835,16.437614],[103.184841,16.437639],[103.184845,16.437656],[103.184851,16.437682],[103.184869,16.43777],[103.184873,16.437788],[103.184876,16.437805],[103.184877,16.437814],[103.184878,16.437823],[103.184878,16.437831],[103.184878,16.437838],[103.184877,16.437844],[103.184875,16.437851],[103.184873,16.437857],[103.184869,16.437862],[103.184868,16.437864],[103.184863,16.43787],[103.184857,16.437876],[103.184851,16.437882],[103.184844,16.437888],[103.184829,16.437899],[103.184814,16.437909],[103.18473,16.437968],[103.184708,16.437983],[103.184693,16.437994],[103.184686,16.438],[103.184679,16.438005],[103.184673,16.438011],[103.184668,16.438017],[103.184663,16.438023],[103.18466,16.43803],[103.184659,16.438037],[103.184658,16.438045],[103.184659,16.438053],[103.184661,16.438061],[103.184662,16.438065],[103.184663,16.438069],[103.184666,16.438077],[103.184668,16.438086],[103.184674,16.438103],[103.184692,16.438154],[103.184704,16.438188],[103.184716,16.438223],[103.184736,16.438283],[103.184741,16.4383],[103.184745,16.438308],[103.184748,16.438316],[103.184751,16.438324],[103.184755,16.438332],[103.184759,16.438339],[103.184765,16.438346],[103.18477,16.438352],[103.184777,16.438358],[103.184784,16.438363],[103.184791,16.438367],[103.184799,16.438372],[103.184807,16.438376],[103.184815,16.438379],[103.184832,16.438386],[103.184857,16.438395],[103.184891,16.438408],[103.184916,16.438416],[103.184934,16.438422],[103.18496,16.43843],[103.185004,16.438442],[103.185031,16.43845],[103.185064,16.438458],[103.18508,16.438462],[103.185088,16.438465],[103.185096,16.438467],[103.185105,16.43847],[103.185121,16.438476],[103.185137,16.438483],[103.185145,16.438486],[103.185152,16.43849],[103.185161,16.438494],[103.185177,16.438502],[103.185201,16.438516],[103.185242,16.438539],[103.185258,16.438548],[103.185274,16.438558],[103.185281,16.438563],[103.185288,16.438568],[103.185295,16.438574],[103.185302,16.43858],[103.185307,16.438587],[103.185313,16.438594],[103.185317,16.438602],[103.185322,16.43861],[103.185326,16.438618],[103.185329,16.438626],[103.185333,16.438634],[103.185335,16.438642],[103.185338,16.438651],[103.185339,16.438657],[103.185339,16.438663],[103.18534,16.438669],[103.18534,16.438676],[103.185339,16.438683],[103.185338,16.438691],[103.185336,16.438698],[103.185334,16.438706],[103.185331,16.438714],[103.185327,16.438722],[103.185323,16.438729],[103.185319,16.438737],[103.185311,16.438753],[103.185302,16.438768],[103.185297,16.438775],[103.185292,16.438782],[103.185287,16.438789],[103.185282,16.438796],[103.185277,16.438802],[103.185275,16.438804],[103.18527,16.438807],[103.185263,16.438812],[103.185256,16.438816],[103.185247,16.438819],[103.185239,16.438822],[103.18523,16.438825],[103.185222,16.438828],[103.185213,16.43883],[103.185209,16.438831],[103.185207,16.438831],[103.185204,16.438832],[103.185195,16.438834],[103.185186,16.438836],[103.185177,16.438837],[103.185169,16.438837],[103.185161,16.438838],[103.185153,16.438838],[103.185144,16.438838],[103.185135,16.438837],[103.185127,16.438837],[103.185125,16.438836],[103.185109,16.438835],[103.185092,16.438832],[103.185075,16.43883],[103.185049,16.438825],[103.184996,16.438815],[103.184978,16.438812],[103.184969,16.43881],[103.18496,16.438809],[103.184952,16.438809],[103.184943,16.438808],[103.184935,16.438808],[103.184918,16.438807],[103.184892,16.438807],[103.184875,16.438807],[103.184858,16.438808],[103.184831,16.43881],[103.184814,16.438811],[103.184797,16.438813],[103.184779,16.438815],[103.184753,16.438819],[103.184751,16.438819],[103.184735,16.438822],[103.184726,16.438824],[103.184718,16.438826],[103.184709,16.438828],[103.184701,16.43883],[103.184693,16.438833],[103.184685,16.438836],[103.184676,16.43884],[103.184668,16.438843],[103.18466,16.438847],[103.184645,16.438856],[103.184621,16.438868],[103.184598,16.438881],[103.184583,16.43889],[103.184575,16.438895],[103.184568,16.4389],[103.184561,16.438905],[103.184558,16.438908],[103.184555,16.438911],[103.184549,16.438917],[103.184543,16.438923],[103.184538,16.43893],[103.184532,16.438936],[103.184523,16.43895],[103.184513,16.438965],[103.184504,16.438979],[103.184495,16.438994],[103.184491,16.439001],[103.184487,16.439009],[103.184483,16.439017],[103.18448,16.439023],[103.184478,16.43903],[103.184475,16.439037],[103.184474,16.439044],[103.184472,16.439051],[103.184471,16.439058],[103.18447,16.439066],[103.184469,16.439073],[103.184464,16.439119],[103.184461,16.439144],[103.184459,16.439161],[103.184457,16.439169],[103.184456,16.439178],[103.184454,16.439186],[103.184451,16.439194],[103.184449,16.439202],[103.184446,16.43921],[103.184442,16.439218],[103.184435,16.439234],[103.184424,16.439258],[103.184389,16.439329],[103.184377,16.439353],[103.18437,16.439369],[103.184366,16.439377],[103.184363,16.439385],[103.18436,16.439394],[103.184357,16.439401],[103.184354,16.439409],[103.184352,16.439417],[103.18435,16.439425],[103.184348,16.439433],[103.184346,16.439442],[103.184345,16.43945],[103.184344,16.439458],[103.184343,16.439466],[103.184343,16.439474],[103.184342,16.439482],[103.184343,16.43949],[103.184343,16.439498],[103.184344,16.439506],[103.184345,16.439513],[103.184346,16.439521],[103.184348,16.439529],[103.184351,16.439537],[103.184354,16.439545],[103.184358,16.439552],[103.184361,16.43956],[103.184365,16.439567],[103.184369,16.439575],[103.184373,16.439582],[103.184377,16.439588],[103.184381,16.439594],[103.184386,16.4396],[103.184391,16.439607],[103.184396,16.439614],[103.184418,16.43964],[103.184423,16.439647],[103.184428,16.439653],[103.184433,16.439661],[103.184438,16.439668],[103.184443,16.439676],[103.184447,16.439683],[103.184451,16.439691],[103.184455,16.439699],[103.184459,16.439707],[103.184463,16.439715],[103.184466,16.439723],[103.184472,16.43974],[103.184477,16.439757],[103.184479,16.439766],[103.184481,16.439771],[103.184481,16.439774],[103.184483,16.439783],[103.184485,16.439792],[103.184486,16.439801],[103.184487,16.439809],[103.184488,16.439827],[103.184492,16.43988],[103.184493,16.439898],[103.184496,16.439924],[103.184497,16.439931],[103.184498,16.439949],[103.184501,16.439975],[103.184504,16.439993],[103.184506,16.440009],[103.184509,16.440025],[103.184513,16.440041],[103.184515,16.440049],[103.18452,16.440066],[103.184529,16.440092],[103.184549,16.440151],[103.184554,16.440168],[103.18456,16.440185],[103.184571,16.440228],[103.184585,16.44028],[103.184592,16.440306],[103.184597,16.440323],[103.184599,16.440332],[103.1846,16.44034],[103.184602,16.440349],[103.184602,16.440358],[103.184603,16.440367],[103.184603,16.440376],[103.184602,16.440384],[103.184602,16.440393],[103.184601,16.440402],[103.184599,16.440411],[103.184598,16.440419],[103.184597,16.440428],[103.184595,16.440437],[103.184592,16.440445],[103.18459,16.440453],[103.184586,16.440461],[103.184582,16.440467],[103.184577,16.440473],[103.184572,16.440479],[103.184566,16.440485],[103.18456,16.44049],[103.184553,16.440495],[103.184546,16.4405],[103.184539,16.440503],[103.184531,16.440507],[103.184522,16.440509],[103.184513,16.440511],[103.184504,16.440513],[103.184495,16.440514],[103.184486,16.440515],[103.184477,16.440515],[103.184468,16.440515],[103.184459,16.440514],[103.18445,16.440512],[103.184442,16.440509],[103.184433,16.440506],[103.184425,16.440503],[103.184417,16.440499],[103.184409,16.440495],[103.184408,16.440494],[103.184401,16.44049],[103.184394,16.440486],[103.184386,16.440481],[103.18438,16.440475],[103.184374,16.440469],[103.184369,16.440462],[103.184363,16.440455],[103.184359,16.440448],[103.184354,16.440441],[103.184332,16.440403],[103.184327,16.440396],[103.184322,16.440389],[103.184317,16.440382],[103.184312,16.440376],[103.184306,16.44037],[103.184299,16.440365],[103.184292,16.44036],[103.184284,16.440357],[103.184277,16.440353],[103.184269,16.440351],[103.18426,16.440349],[103.184252,16.440348],[103.184244,16.440348],[103.184235,16.440349],[103.184227,16.44035],[103.184219,16.440352],[103.184214,16.440353],[103.18421,16.440354],[103.184202,16.440357],[103.184194,16.44036],[103.184184,16.440365],[103.184176,16.440369],[103.184168,16.440374],[103.184152,16.440384],[103.184137,16.440394],[103.184115,16.44041],[103.184107,16.440415],[103.184094,16.440426],[103.184081,16.440436],[103.184067,16.440447],[103.184047,16.440465],[103.183971,16.440531],[103.183944,16.440554],[103.183923,16.440572],[103.183908,16.440584],[103.183895,16.440594],[103.183845,16.440634],[103.183831,16.440644],[103.183816,16.440655],[103.183809,16.44066],[103.183801,16.440665],[103.183795,16.440668],[103.183788,16.440672],[103.18378,16.440675],[103.183772,16.440678],[103.183764,16.440682],[103.183747,16.440687],[103.18373,16.440693],[103.183713,16.440697],[103.183705,16.4407],[103.183696,16.440701],[103.183688,16.440703],[103.183671,16.440705],[103.183654,16.440707],[103.183628,16.44071],[103.183611,16.440711],[103.183593,16.440712],[103.183584,16.440712],[103.183575,16.440712],[103.183558,16.440711],[103.183495,16.440708],[103.183468,16.440707],[103.183459,16.440707],[103.183441,16.440707],[103.183414,16.440707],[103.183396,16.440708],[103.183387,16.440709],[103.183378,16.44071],[103.18337,16.440711],[103.183362,16.440713],[103.183355,16.440716],[103.183352,16.440718],[103.183349,16.44072],[103.183344,16.440725],[103.183343,16.440726],[103.18334,16.440731],[103.183336,16.440738],[103.183333,16.440746],[103.18333,16.440753],[103.183328,16.440762],[103.183325,16.44077],[103.183323,16.440778],[103.183322,16.440787],[103.18332,16.440795],[103.183319,16.440804],[103.183318,16.440813],[103.183318,16.440822],[103.183318,16.44083],[103.183319,16.440839],[103.18332,16.440848],[103.183321,16.440857],[103.183323,16.440875],[103.183332,16.440937],[103.183334,16.440955],[103.183336,16.440973],[103.183337,16.440982],[103.183338,16.440991],[103.183338,16.441],[103.183338,16.441007],[103.183338,16.441015],[103.183337,16.441023],[103.183336,16.441031],[103.183335,16.441039],[103.183334,16.441047],[103.183332,16.441055],[103.183329,16.441063],[103.183327,16.441071],[103.183321,16.441086],[103.183314,16.441105],[103.183312,16.441109],[103.183292,16.441158],[103.183286,16.441175],[103.183283,16.441183],[103.183277,16.4412],[103.183271,16.441217],[103.183261,16.44125],[103.183236,16.441329],[103.183231,16.441346],[103.183225,16.441363],[103.183223,16.441369],[103.183217,16.441386],[103.1832,16.441432],[103.183185,16.441474],[103.183173,16.441507],[103.183167,16.441524],[103.183162,16.441541],[103.18316,16.441549],[103.183156,16.441566],[103.183154,16.441575],[103.183151,16.441593],[103.183148,16.44161],[103.183147,16.441619],[103.183146,16.441628],[103.183145,16.441636],[103.183145,16.441644],[103.183144,16.441652],[103.183144,16.44166],[103.183145,16.441668],[103.183146,16.441685],[103.183148,16.441703],[103.183149,16.44172],[103.183152,16.441737],[103.183153,16.441745],[103.183154,16.441754],[103.183156,16.441762],[103.183158,16.441771],[103.18316,16.441779],[103.183164,16.441796],[103.183169,16.441813],[103.183179,16.441849],[103.183188,16.441881],[103.183193,16.441898],[103.183196,16.441906],[103.183199,16.441914],[103.183202,16.441922],[103.183206,16.441929],[103.18321,16.441937],[103.183215,16.441943],[103.18322,16.44195],[103.183227,16.441955],[103.183234,16.441961],[103.183241,16.441966],[103.183249,16.44197],[103.183257,16.441975],[103.183265,16.44198],[103.183281,16.441989],[103.183298,16.441997],[103.183306,16.442001],[103.183314,16.442005],[103.183322,16.442008],[103.183325,16.442009],[103.18333,16.442011],[103.183331,16.442011],[103.183338,16.442014],[103.183347,16.442016],[103.183356,16.442017],[103.183365,16.442019],[103.183373,16.44202],[103.183375,16.44202],[103.183382,16.44202],[103.183391,16.442021],[103.183399,16.442021],[103.183408,16.442021],[103.183416,16.442021],[103.183424,16.44202],[103.183441,16.442019],[103.183458,16.442017],[103.183474,16.442015],[103.183491,16.442012],[103.183509,16.442009],[103.183526,16.442005],[103.183535,16.442003],[103.183544,16.442001],[103.183553,16.441998],[103.18357,16.441992],[103.183587,16.441986],[103.183594,16.441983],[103.183633,16.441968],[103.183641,16.441965],[103.183649,16.441962],[103.183658,16.441959],[103.183667,16.441957],[103.183675,16.441955],[103.183684,16.441954],[103.183691,16.441953],[103.183699,16.441952],[103.183706,16.441953],[103.183715,16.441954],[103.183723,16.441955],[103.183731,16.441957],[103.183739,16.44196],[103.183747,16.441963],[103.183754,16.441966],[103.183761,16.44197],[103.183769,16.441974],[103.183775,16.441979],[103.183781,16.441984],[103.183787,16.44199],[103.183792,16.441997],[103.183798,16.442003],[103.183808,16.442017],[103.183841,16.442066],[103.183852,16.442081],[103.183862,16.442096],[103.18389,16.442133],[103.184043,16.442337],[103.184047,16.442342],[103.184054,16.442351],[103.18406,16.442358],[103.184065,16.442365],[103.184071,16.442372],[103.184078,16.442379],[103.184084,16.442385],[103.184091,16.442391],[103.184097,16.442396],[103.184111,16.442408],[103.184132,16.442424],[103.18421,16.442484],[103.184238,16.442506],[103.184253,16.442517],[103.184268,16.442527],[103.184351,16.442585],[103.184366,16.442596],[103.184381,16.442607],[103.184388,16.442613],[103.184395,16.442618],[103.184402,16.442624],[103.184403,16.442625],[103.184417,16.442638],[103.184426,16.442647],[103.184431,16.442651],[103.184438,16.442656],[103.184445,16.442661],[103.184453,16.442666],[103.184461,16.44267],[103.184469,16.442675],[103.184477,16.442679],[103.184485,16.442683],[103.184493,16.442687],[103.184501,16.44269],[103.184509,16.442692],[103.184517,16.442695],[103.184525,16.442697],[103.184533,16.4427],[103.184541,16.442701],[103.184556,16.442704],[103.184564,16.442705],[103.18458,16.442708],[103.184598,16.44271],[103.184617,16.442711],[103.184644,16.442714],[103.184662,16.442716],[103.184681,16.442718],[103.18469,16.442719],[103.184698,16.442721],[103.184716,16.442725],[103.184733,16.442729],[103.18475,16.442734],[103.184758,16.442736],[103.184767,16.442739],[103.184773,16.442742],[103.18478,16.442744],[103.184789,16.442748],[103.184798,16.442752],[103.184805,16.442756],[103.18483,16.442768],[103.184836,16.442771],[103.184855,16.442781],[103.184871,16.44279],[103.184879,16.442794],[103.184886,16.442799],[103.184894,16.442804],[103.1849,16.44281],[103.184907,16.442816],[103.184912,16.442822],[103.184917,16.442829],[103.184922,16.442836],[103.184926,16.442844],[103.18493,16.442852],[103.184938,16.442868],[103.184945,16.442884],[103.184951,16.4429],[103.184954,16.442909],[103.184957,16.442917],[103.184959,16.442925],[103.184961,16.442932],[103.184962,16.44294],[103.184965,16.442956],[103.184967,16.442971],[103.184968,16.44298],[103.184968,16.442989],[103.184969,16.442998],[103.184969,16.443007],[103.184969,16.443015],[103.184968,16.44303],[103.184968,16.443049],[103.184968,16.443072],[103.184969,16.44309],[103.184969,16.443095],[103.184971,16.443135],[103.184971,16.443152],[103.184971,16.44316],[103.184971,16.443168],[103.18497,16.443176],[103.184969,16.443184],[103.184968,16.443193],[103.184966,16.443201],[103.184964,16.443209],[103.184962,16.443217],[103.18496,16.443226],[103.184957,16.443234],[103.184955,16.44324],[103.184954,16.443242],[103.184951,16.44325],[103.184944,16.443266],[103.184941,16.443273],[103.184937,16.443281],[103.184933,16.443288],[103.184929,16.443296],[103.184924,16.443302],[103.184919,16.443309],[103.184913,16.443314],[103.184907,16.443319],[103.184899,16.443324],[103.184892,16.443328],[103.184883,16.443331],[103.184875,16.443334],[103.184867,16.443337],[103.184849,16.443343],[103.184831,16.443349],[103.184814,16.443354],[103.184805,16.443356],[103.184796,16.443359],[103.184787,16.443361],[103.184778,16.443363],[103.18477,16.443364],[103.184761,16.443365],[103.184752,16.443366],[103.184743,16.443367],[103.184735,16.443368],[103.184726,16.443368],[103.184717,16.443368],[103.184709,16.443368],[103.184701,16.443367],[103.184692,16.443366],[103.184676,16.443364],[103.184651,16.443359],[103.184643,16.443358],[103.184636,16.443357],[103.184629,16.443356],[103.184623,16.443356],[103.184614,16.443355],[103.184605,16.443356],[103.184596,16.443356],[103.18459,16.443357],[103.184583,16.443358],[103.184575,16.44336],[103.184568,16.443363],[103.18456,16.443366],[103.184553,16.443369],[103.184546,16.443373],[103.184539,16.443377],[103.184533,16.443382],[103.184528,16.443388],[103.184523,16.443394],[103.184518,16.443401],[103.184514,16.443408],[103.18451,16.443416],[103.184507,16.443424],[103.184499,16.44344],[103.184478,16.443488],[103.184471,16.443503],[103.184467,16.443511],[103.184463,16.443519],[103.18446,16.443524],[103.184459,16.443526],[103.184455,16.443533],[103.18445,16.443539],[103.184446,16.443544],[103.184441,16.44355],[103.184436,16.443554],[103.184429,16.44356],[103.184422,16.443565],[103.184417,16.443568],[103.184414,16.443569],[103.184407,16.443574],[103.18439,16.443582],[103.184349,16.443602],[103.184324,16.443615],[103.184307,16.443623],[103.1843,16.443628],[103.184292,16.443633],[103.184285,16.443638],[103.184278,16.443643],[103.184273,16.443649],[103.184269,16.443655],[103.184265,16.443661],[103.184264,16.443666],[103.184262,16.443672],[103.184262,16.443678],[103.184261,16.443685],[103.184262,16.443692],[103.184263,16.443699],[103.184264,16.443707],[103.184266,16.443714],[103.184268,16.443721],[103.184271,16.443729],[103.184274,16.443737],[103.184277,16.443745],[103.18428,16.443752],[103.184284,16.443759],[103.184289,16.443766],[103.184294,16.443773],[103.184299,16.44378],[103.184305,16.443787],[103.184311,16.443793],[103.184317,16.4438],[103.18433,16.443812],[103.184348,16.443831],[103.184374,16.443856],[103.184393,16.443874],[103.184405,16.443887],[103.184411,16.443894],[103.184417,16.4439],[103.184423,16.443907],[103.184428,16.443913],[103.184428,16.443914],[103.184433,16.443921],[103.184438,16.443928],[103.184462,16.443965],[103.18448,16.443991],[103.184484,16.443998],[103.184488,16.444004],[103.184492,16.444011],[103.184496,16.444018],[103.184499,16.444025],[103.184501,16.444033],[103.184504,16.44404],[103.184506,16.444048],[103.184507,16.444055],[103.184508,16.444063],[103.18451,16.444071],[103.18451,16.444079],[103.184511,16.444087],[103.184512,16.444103],[103.184513,16.444119],[103.184514,16.444128],[103.184514,16.444144],[103.184514,16.444153],[103.184513,16.444161],[103.184513,16.444169],[103.184512,16.444176],[103.184511,16.444184],[103.184509,16.4442],[103.184506,16.444215],[103.184505,16.444223],[103.184503,16.444231],[103.184501,16.444239],[103.184499,16.444246],[103.184496,16.444254],[103.184493,16.444262],[103.184489,16.44427],[103.184486,16.444279],[103.184477,16.444295],[103.184469,16.444311],[103.184461,16.444325],[103.184453,16.444339],[103.184448,16.444346],[103.184443,16.444353],[103.184433,16.444367],[103.184428,16.444374],[103.184422,16.444381],[103.184416,16.444387],[103.18441,16.444394],[103.184404,16.4444],[103.184379,16.444426],[103.184378,16.444427],[103.184376,16.444429],[103.184373,16.444432],[103.184367,16.444439],[103.184361,16.444445],[103.184355,16.444452],[103.18435,16.44446],[103.184345,16.444467],[103.18434,16.444474],[103.184336,16.444481],[103.184333,16.444488],[103.184329,16.444495],[103.184323,16.444509],[103.18432,16.444516],[103.184316,16.444524],[103.184311,16.44454],[103.184305,16.444557],[103.184292,16.444598],[103.184287,16.444614],[103.184284,16.444622],[103.184278,16.444639],[103.184275,16.444647],[103.184271,16.444655],[103.184267,16.444662],[103.18426,16.444677],[103.184251,16.444692],[103.184247,16.444699],[103.184245,16.444702],[103.184238,16.444713],[103.184234,16.44472],[103.184225,16.444732],[103.184211,16.44475],[103.184201,16.444765],[103.18419,16.44478],[103.184186,16.444787],[103.184181,16.444795],[103.184177,16.444803],[103.184173,16.444811],[103.18417,16.444819],[103.184167,16.444827],[103.184165,16.444834],[103.184163,16.444842],[103.184161,16.444851],[103.18416,16.444859],[103.184159,16.444867],[103.184157,16.444881],[103.184157,16.444884],[103.184156,16.4449],[103.184156,16.444901],[103.184155,16.444918],[103.184154,16.444972],[103.184153,16.444989],[103.184153,16.445],[103.184152,16.445007],[103.184149,16.445041],[103.184149,16.445049],[103.184149,16.445058],[103.184149,16.445066],[103.184149,16.445074],[103.18415,16.445081],[103.184151,16.445088],[103.184152,16.445096],[103.184153,16.445103],[103.184155,16.44511],[103.184157,16.445117],[103.18416,16.445125],[103.184163,16.445132],[103.184166,16.445139],[103.18417,16.445147],[103.184173,16.445154],[103.184181,16.445169],[103.18419,16.445183],[103.184198,16.445198],[103.184208,16.445213],[103.184295,16.445349],[103.184309,16.445371],[103.184318,16.445387],[103.184323,16.445394],[103.184332,16.44541],[103.18434,16.445425],[103.184383,16.445503],[103.1844,16.445534],[103.184413,16.445558],[103.184432,16.445589],[103.184445,16.445613],[103.184455,16.445628],[103.184465,16.445643],[103.184474,16.445658],[103.184484,16.44567],[103.184504,16.445696],[103.184513,16.445709],[103.184522,16.445722],[103.184526,16.445729],[103.18453,16.445735],[103.184533,16.445742],[103.184536,16.445748],[103.184539,16.445754],[103.184541,16.445761],[103.184544,16.445768],[103.184546,16.445775],[103.184548,16.445782],[103.184549,16.445789],[103.184549,16.445792],[103.18455,16.445796],[103.18455,16.445803],[103.18455,16.44581],[103.184549,16.445816],[103.184547,16.445824],[103.184545,16.445832],[103.184541,16.44584],[103.184537,16.445847],[103.184533,16.445854],[103.184528,16.445862],[103.184524,16.445869],[103.184518,16.445875],[103.184512,16.445882],[103.184506,16.445888],[103.1845,16.445894],[103.184487,16.445906],[103.184466,16.445923],[103.184446,16.44594],[103.184434,16.44595],[103.184432,16.445951],[103.184419,16.445961],[103.184406,16.44597],[103.184392,16.445979],[103.184385,16.445983],[103.184378,16.445988],[103.18437,16.445992],[103.184363,16.445996],[103.184355,16.445999],[103.184346,16.446003],[103.184338,16.446007],[103.184321,16.446013],[103.184261,16.446036],[103.184236,16.446045],[103.184219,16.446052],[103.184202,16.446058],[103.184194,16.446061],[103.184177,16.446069],[103.184135,16.446086],[103.184102,16.446101],[103.184086,16.446108],[103.184077,16.446112],[103.184069,16.446116],[103.184061,16.446121],[103.184045,16.44613],[103.18403,16.44614],[103.184022,16.446145],[103.184015,16.44615],[103.184008,16.446155],[103.184001,16.446161],[103.183995,16.446167],[103.183989,16.446173],[103.183985,16.44618],[103.183982,16.446186],[103.183979,16.446193],[103.183976,16.4462],[103.183974,16.446207],[103.183972,16.446215],[103.18397,16.446222],[103.183969,16.446231],[103.183968,16.446239],[103.183968,16.446248],[103.183967,16.446265],[103.183965,16.446317],[103.183964,16.446362],[103.183964,16.44638],[103.183964,16.446397],[103.183965,16.446406],[103.183965,16.446415],[103.183967,16.446423],[103.183968,16.446431],[103.18397,16.44644],[103.183973,16.446447],[103.183976,16.446455],[103.18398,16.446463],[103.183984,16.446471],[103.183988,16.446478],[103.183993,16.446486],[103.183998,16.446494],[103.184011,16.446515],[103.18402,16.44653],[103.184028,16.446544],[103.184032,16.446551],[103.184036,16.446559],[103.18404,16.446567],[103.184044,16.446575],[103.184047,16.446583],[103.184053,16.446599],[103.184056,16.446607],[103.184059,16.446616],[103.184062,16.446624],[103.184064,16.446632],[103.184065,16.44664],[103.184067,16.446648],[103.184068,16.446657],[103.184069,16.446665],[103.184069,16.446667],[103.18407,16.446674],[103.18407,16.446683],[103.18407,16.446692],[103.18407,16.446701],[103.184068,16.446717],[103.184064,16.446756],[103.184063,16.446767],[103.184061,16.446783],[103.184061,16.446791],[103.184061,16.446799],[103.184061,16.446807],[103.184062,16.446814],[103.184062,16.446822],[103.184064,16.446828],[103.184065,16.446835],[103.184067,16.446841],[103.18407,16.446849],[103.184073,16.446857],[103.184077,16.446864],[103.184081,16.446871],[103.184086,16.446878],[103.184091,16.446885],[103.184096,16.44689],[103.184102,16.446895],[103.184109,16.446899],[103.184116,16.446902],[103.184123,16.446905],[103.18413,16.446908],[103.184138,16.44691],[103.184146,16.446912],[103.184154,16.446913],[103.184163,16.446914],[103.184164,16.446914],[103.184171,16.446915],[103.184179,16.446915],[103.184196,16.446915],[103.184213,16.446915],[103.18423,16.446914],[103.184272,16.44691],[103.184288,16.446909],[103.184297,16.446909],[103.184305,16.446909],[103.184314,16.446909],[103.184323,16.446909],[103.184331,16.44691],[103.184339,16.446911],[103.184348,16.446912],[103.184355,16.446914],[103.184362,16.446915],[103.184363,16.446916],[103.18437,16.446919],[103.184377,16.446923],[103.184384,16.446928],[103.18439,16.446933],[103.184396,16.446939],[103.184402,16.446945],[103.184413,16.446958],[103.184418,16.446965],[103.184429,16.446979],[103.184439,16.446993],[103.184444,16.447],[103.184449,16.447007],[103.184452,16.447013],[103.184453,16.447015],[103.184462,16.44703],[103.18447,16.447045],[103.184485,16.447077],[103.1845,16.447109],[103.184518,16.44715],[103.184536,16.447191],[103.184542,16.447207],[103.184545,16.447216],[103.184548,16.447224],[103.18455,16.447232],[103.184552,16.44724],[103.184554,16.447247],[103.184555,16.447254],[103.184555,16.447261],[103.184555,16.447269],[103.184555,16.447273],[103.184555,16.447278],[103.184554,16.447286],[103.184552,16.447294],[103.18455,16.447301],[103.184547,16.447309],[103.184544,16.447316],[103.18454,16.447323],[103.184535,16.447329],[103.184529,16.447336],[103.184523,16.447342],[103.184517,16.447348],[103.184503,16.447359],[103.184482,16.447375],[103.184425,16.447419],[103.184404,16.447435],[103.18439,16.447446],[103.184383,16.447452],[103.184377,16.447458],[103.18437,16.447464],[103.184364,16.44747],[103.184358,16.447476],[103.184353,16.447483],[103.184347,16.44749],[103.184342,16.447497],[103.184338,16.447504],[103.184336,16.447508],[103.184333,16.447512],[103.184329,16.44752],[103.184326,16.447528],[103.184323,16.447536],[103.18432,16.447544],[103.184318,16.447553],[103.184317,16.447562],[103.184317,16.44757],[103.184317,16.447579],[103.184318,16.447587],[103.18432,16.447595],[103.18432,16.447596],[103.184323,16.447604],[103.184326,16.447613],[103.184329,16.447621],[103.184333,16.447628],[103.184337,16.447636],[103.184341,16.447643],[103.184347,16.44765],[103.184353,16.447655],[103.184359,16.44766],[103.184366,16.447664],[103.184374,16.447668],[103.184381,16.447671],[103.184389,16.447674],[103.184397,16.447676],[103.184404,16.447678],[103.184411,16.447679],[103.184419,16.44768],[103.184427,16.447681],[103.184435,16.447681],[103.184444,16.44768],[103.184453,16.447679],[103.184463,16.447678],[103.184481,16.447674],[103.184544,16.447661],[103.184562,16.447658],[103.184571,16.447657],[103.184575,16.447656],[103.18458,16.447655],[103.184589,16.447654],[103.184597,16.447654],[103.184606,16.447653],[103.184615,16.447653],[103.184624,16.447654],[103.184632,16.447654],[103.184639,16.447656],[103.184646,16.447657],[103.184654,16.44766],[103.184661,16.447663],[103.184669,16.447667],[103.184677,16.447671],[103.184679,16.447672],[103.184683,16.447675],[103.184684,16.447675],[103.184691,16.44768],[103.184697,16.447685],[103.184703,16.44769],[103.184708,16.447695],[103.184712,16.447701],[103.184716,16.447707],[103.184719,16.447713],[103.18472,16.447715],[103.184722,16.44772],[103.184725,16.447727],[103.184727,16.447734],[103.184729,16.447741],[103.184731,16.447749],[103.184732,16.447756],[103.184734,16.447764],[103.184736,16.447781],[103.184737,16.447789],[103.184738,16.447798],[103.184738,16.447806],[103.184739,16.447815],[103.184739,16.447824],[103.184739,16.447833],[103.184738,16.447841],[103.184738,16.44785],[103.184736,16.447867],[103.184735,16.447875],[103.184734,16.447884],[103.184732,16.447892],[103.184731,16.4479],[103.184727,16.447917],[103.184722,16.447934],[103.184717,16.44795],[103.184711,16.447966],[103.184708,16.447974],[103.184705,16.447982],[103.184701,16.44799],[103.184697,16.447998],[103.184693,16.448006],[103.184689,16.448013],[103.184684,16.44802],[103.184679,16.448027],[103.184674,16.448033],[103.184668,16.44804],[103.184663,16.448046],[103.184657,16.448052],[103.184651,16.448058],[103.184638,16.448069],[103.184597,16.448102],[103.184584,16.448113],[103.184578,16.448119],[103.184572,16.448124],[103.184566,16.448131],[103.18456,16.448137],[103.184555,16.448144],[103.184549,16.448152],[103.184545,16.448159],[103.18454,16.448167],[103.184537,16.448173],[103.184534,16.44818],[103.184531,16.448186],[103.184528,16.448193],[103.184525,16.448201],[103.184522,16.448209],[103.184518,16.448221],[103.184516,16.448227],[103.184509,16.448252],[103.184471,16.448382],[103.184464,16.448408],[103.184458,16.448433],[103.184445,16.448483],[103.184437,16.448516],[103.18443,16.448547],[103.184425,16.448571],[103.184422,16.448587],[103.18442,16.448603],[103.184417,16.448619],[103.184417,16.448628],[103.184415,16.448645],[103.184415,16.448662],[103.184415,16.448671],[103.184415,16.448679],[103.184416,16.448696],[103.184417,16.448713],[103.184418,16.448721],[103.184421,16.448738],[103.184422,16.448747],[103.184426,16.448764],[103.18443,16.448782],[103.184435,16.448799],[103.18444,16.448816],[103.184454,16.448855],[103.184454,16.448857],[103.184458,16.448869],[103.18446,16.448874],[103.184462,16.448883],[103.184464,16.44889],[103.184465,16.448897],[103.184467,16.448905],[103.184468,16.448913],[103.18447,16.448929],[103.184472,16.448945],[103.184472,16.448951],[103.184473,16.448961],[103.184473,16.448966],[103.184473,16.448969],[103.184473,16.448977],[103.184472,16.448985],[103.184472,16.448994],[103.184471,16.449002],[103.18447,16.44901],[103.184468,16.449018],[103.184466,16.449026],[103.184464,16.449033],[103.184462,16.449039],[103.184458,16.449047],[103.184455,16.449054],[103.184451,16.449062],[103.184447,16.44907],[103.184438,16.449084],[103.184433,16.449091],[103.184428,16.449099],[103.184423,16.449106],[103.184418,16.449112],[103.184412,16.449119],[103.184406,16.449125],[103.1844,16.449132],[103.184393,16.449138],[103.184386,16.449144],[103.184385,16.449144],[103.184365,16.449161],[103.184321,16.449196],[103.184272,16.449235],[103.184244,16.449257],[103.184229,16.449268],[103.184206,16.449284],[103.184176,16.449305],[103.184122,16.449341],[103.18412,16.449343],[103.184107,16.449352],[103.1841,16.449357],[103.184092,16.449363],[103.184085,16.449368],[103.184079,16.449374],[103.184072,16.449381],[103.184067,16.449387],[103.184063,16.449394],[103.184059,16.449401],[103.184056,16.449409],[103.184053,16.449417],[103.18405,16.449425],[103.18405,16.449426],[103.184048,16.449433],[103.184046,16.449441],[103.184044,16.44945],[103.184043,16.449458],[103.184042,16.449466],[103.184042,16.449474],[103.184043,16.449481],[103.184043,16.449489],[103.184044,16.44949],[103.184044,16.449496],[103.184046,16.449503],[103.184047,16.449511],[103.18405,16.449519],[103.184052,16.449527],[103.184058,16.449543],[103.184076,16.449591],[103.184082,16.449609],[103.18409,16.449634],[103.184095,16.449652],[103.184098,16.44966],[103.184099,16.449669],[103.184101,16.449678],[103.184102,16.449684],[103.184102,16.449691],[103.184102,16.449697],[103.184102,16.449706],[103.184101,16.449714],[103.1841,16.449723],[103.184098,16.449731],[103.184096,16.449739],[103.184093,16.449748],[103.18409,16.449755],[103.184087,16.449763],[103.184084,16.449771],[103.18408,16.449778],[103.184076,16.449785],[103.184072,16.449792],[103.184068,16.4498],[103.184064,16.449806],[103.184055,16.449818],[103.184045,16.449832],[103.184024,16.449859],[103.184014,16.449873],[103.184009,16.449881],[103.183994,16.449903],[103.18398,16.449926],[103.183966,16.449948],[103.183963,16.449953],[103.183948,16.449978],[103.183939,16.449993],[103.183931,16.450008],[103.183927,16.450016],[103.183925,16.450019],[103.183923,16.450023],[103.18392,16.450031],[103.183917,16.450038],[103.183915,16.450045],[103.183913,16.450052],[103.183911,16.45006],[103.183909,16.450068],[103.183907,16.450076],[103.183906,16.450084],[103.183905,16.450092],[103.183904,16.4501],[103.183904,16.450109],[103.183903,16.450117],[103.183903,16.450125],[103.183905,16.450165],[103.183905,16.450189],[103.183905,16.450198],[103.183905,16.450199],[103.183905,16.450205],[103.183904,16.450222],[103.183903,16.450258],[103.183902,16.450276],[103.1839,16.450303],[103.183894,16.450384],[103.183894,16.450385],[103.183893,16.450397],[103.183893,16.450409],[103.183891,16.450427],[103.183891,16.450428],[103.183891,16.450429],[103.183891,16.450433],[103.183889,16.450445],[103.183887,16.450462],[103.183885,16.45048],[103.183883,16.450489],[103.183879,16.450506],[103.183875,16.450524],[103.183873,16.450533],[103.183871,16.450541],[103.18387,16.450546],[103.183868,16.45055],[103.183866,16.450559],[103.183862,16.450567],[103.183861,16.450571],[103.183859,16.450575],[103.183855,16.450583],[103.183851,16.450592],[103.183847,16.4506],[103.183843,16.450607],[103.183838,16.450615],[103.183834,16.450623],[103.183829,16.45063],[103.183823,16.450636],[103.183817,16.450643],[103.183811,16.450647],[103.183804,16.450652],[103.183797,16.450656],[103.18379,16.450659],[103.183782,16.450663],[103.183774,16.450665],[103.183766,16.450668],[103.183764,16.450669],[103.183758,16.450671],[103.18375,16.450673],[103.183742,16.450674],[103.183735,16.450675],[103.183727,16.450676],[103.183719,16.450676],[103.183712,16.450676],[103.183704,16.450676],[103.183697,16.450675],[103.18369,16.450675],[103.183682,16.450674],[103.183673,16.450672],[103.183665,16.450671],[103.183648,16.450668],[103.183589,16.450656],[103.183579,16.450655],[103.183535,16.450647],[103.183508,16.450642],[103.18349,16.450639],[103.183473,16.450637],[103.183464,16.450636],[103.183437,16.450634],[103.183411,16.450632],[103.183384,16.450631],[103.183367,16.45063],[103.183358,16.450631],[103.183349,16.450631],[103.18334,16.450631],[103.183331,16.450632],[103.183322,16.450633],[103.183314,16.450634],[103.183305,16.450636],[103.183296,16.450638],[103.183289,16.450639],[103.183282,16.450641],[103.183278,16.450643],[103.183275,16.450644],[103.183268,16.450646],[103.183261,16.450649],[103.183253,16.450652],[103.183238,16.450659],[103.183224,16.450666],[103.183217,16.45067],[103.183209,16.450675],[103.183202,16.450679],[103.183195,16.450684],[103.183165,16.450702],[103.183151,16.450711],[103.183143,16.450716],[103.183136,16.45072],[103.18312,16.450727],[103.183113,16.450731],[103.183105,16.450734],[103.183097,16.450737],[103.183094,16.450738],[103.183089,16.45074],[103.18308,16.450742],[103.183071,16.450744],[103.183063,16.450745],[103.183054,16.450746],[103.183045,16.450746],[103.183037,16.450746],[103.183031,16.450746],[103.183025,16.450745],[103.183016,16.450743],[103.183008,16.450741],[103.183,16.450738],[103.182993,16.450735],[103.182985,16.450732],[103.182979,16.450728],[103.182973,16.450723],[103.182967,16.450718],[103.182963,16.450712],[103.18296,16.450705],[103.182957,16.450697],[103.182955,16.450689],[103.182953,16.450681],[103.182952,16.450673],[103.182951,16.450664],[103.18295,16.450656],[103.18295,16.450647],[103.18295,16.450639],[103.18295,16.450631],[103.182951,16.450623],[103.182952,16.450615],[103.182953,16.450608],[103.182955,16.450599],[103.182959,16.450582],[103.182963,16.450565],[103.182969,16.450538],[103.182971,16.45053],[103.182973,16.450521],[103.182974,16.450512],[103.182975,16.450504],[103.182975,16.450495],[103.182975,16.450486],[103.182974,16.450477],[103.182972,16.450469],[103.18297,16.450461],[103.182968,16.450452],[103.182965,16.450445],[103.182962,16.450437],[103.182958,16.450429],[103.182954,16.450423],[103.182949,16.450416],[103.182944,16.450411],[103.182938,16.450406],[103.18293,16.450402],[103.182923,16.450399],[103.182915,16.450397],[103.182906,16.450394],[103.182889,16.45039],[103.182871,16.450386],[103.182773,16.450366],[103.182737,16.450359],[103.182711,16.450355],[103.182703,16.450353],[103.182701,16.450353],[103.182592,16.450335],[103.182565,16.450331],[103.182556,16.45033],[103.182547,16.450329],[103.182538,16.450328],[103.18253,16.450328],[103.182522,16.450328],[103.182515,16.450328],[103.182507,16.450328],[103.182498,16.450329],[103.18248,16.45033],[103.182462,16.450332],[103.182353,16.450345],[103.182335,16.450347],[103.182326,16.450348],[103.182317,16.45035],[103.182308,16.450351],[103.1823,16.450353],[103.182292,16.450356],[103.182284,16.450359],[103.182277,16.450363],[103.182271,16.450368],[103.182265,16.450374],[103.182261,16.450381],[103.182256,16.450388],[103.182252,16.450396],[103.182248,16.450403],[103.182244,16.450412],[103.18224,16.45042],[103.182237,16.450428],[103.182234,16.450436],[103.182232,16.450445],[103.182231,16.450451],[103.18223,16.450457],[103.182229,16.450465],[103.18223,16.450474],[103.182231,16.450482],[103.182233,16.450489],[103.182235,16.450497],[103.182238,16.450503],[103.182241,16.450509],[103.182242,16.45051],[103.182245,16.450516],[103.18225,16.450522],[103.182256,16.450529],[103.182261,16.450535],[103.182267,16.450541],[103.182273,16.450547],[103.18228,16.450553],[103.182287,16.450559],[103.182293,16.450564],[103.182307,16.450574],[103.182343,16.450601],[103.182357,16.450611],[103.182363,16.450617],[103.18237,16.450623],[103.182376,16.450628],[103.182382,16.450634],[103.182394,16.450646],[103.182405,16.450659],[103.182411,16.450665],[103.182416,16.450671],[103.182422,16.450678],[103.182426,16.450684],[103.182431,16.450691],[103.182434,16.450697],[103.182438,16.450704],[103.182441,16.450711],[103.182442,16.450713],[103.182443,16.450716],[103.182446,16.450722],[103.182448,16.450728],[103.18245,16.450736],[103.182451,16.450744],[103.182453,16.450752],[103.182454,16.450761],[103.182454,16.450769],[103.182454,16.450777],[103.182454,16.450786],[103.182454,16.450794],[103.182453,16.450803],[103.182452,16.450811],[103.182451,16.45082],[103.18245,16.450828],[103.182448,16.450836],[103.182445,16.450853],[103.182437,16.450885],[103.182431,16.45091],[103.182427,16.450927],[103.182422,16.450943],[103.182416,16.45096],[103.182416,16.450962],[103.182414,16.450968],[103.18241,16.450976],[103.182407,16.450984],[103.182404,16.450992],[103.182396,16.451007],[103.182392,16.451015],[103.182384,16.451031],[103.182298,16.451191],[103.18229,16.451204],[103.182277,16.451228],[103.182268,16.451243],[103.182259,16.451258],[103.182249,16.451273],[103.182234,16.451296],[103.182219,16.451318],[103.182209,16.451332],[103.182203,16.451339],[103.182197,16.451346],[103.182192,16.451353],[103.182185,16.451359],[103.182179,16.451365],[103.182172,16.45137],[103.182165,16.451376],[103.182151,16.451387],[103.182123,16.451408],[103.182059,16.451456],[103.182037,16.451472],[103.182023,16.451482],[103.182007,16.451491],[103.181983,16.451505],[103.181959,16.451518],[103.181894,16.451553],[103.18187,16.451567],[103.181854,16.451576],[103.181846,16.451581],[103.181838,16.451586],[103.181831,16.45159],[103.181816,16.4516],[103.181795,16.451616],[103.181767,16.451637],[103.181746,16.451653],[103.181733,16.451664],[103.181726,16.45167],[103.18172,16.451676],[103.181714,16.451682],[103.181709,16.451689],[103.181704,16.451695],[103.181699,16.451702],[103.181694,16.451709],[103.181689,16.451716],[103.181681,16.451731],[103.181676,16.451738],[103.181673,16.451746],[103.181669,16.451753],[103.181666,16.45176],[103.181663,16.451768],[103.181661,16.451775],[103.181659,16.451782],[103.181657,16.451789],[103.181655,16.451797],[103.181654,16.451805],[103.181653,16.451813],[103.18165,16.451845],[103.181648,16.451861],[103.181645,16.451878],[103.181642,16.451895],[103.181637,16.451921],[103.181633,16.451938],[103.181629,16.451955],[103.181627,16.451963],[103.181624,16.451972],[103.181622,16.45198],[103.181616,16.451997],[103.181609,16.452014],[103.181606,16.452023],[103.181602,16.452032],[103.181599,16.452039],[103.181595,16.452047],[103.181591,16.452055],[103.181583,16.452071],[103.181574,16.452086],[103.181565,16.452101],[103.18156,16.452108],[103.18155,16.452122],[103.18154,16.452136],[103.181523,16.452156],[103.181512,16.452168],[103.181507,16.452175],[103.181501,16.452181],[103.181495,16.452187],[103.181488,16.452193],[103.181481,16.452198],[103.181474,16.452203],[103.181467,16.452209],[103.181452,16.452219],[103.18143,16.452234],[103.181341,16.452294],[103.181311,16.452314],[103.181289,16.452329],[103.181275,16.452339],[103.181268,16.452345],[103.181254,16.452356],[103.181233,16.452373],[103.181132,16.452458],[103.181124,16.452465],[103.181104,16.452482],[103.18109,16.452494],[103.181084,16.4525],[103.181078,16.452506],[103.181072,16.452512],[103.181066,16.452519],[103.181064,16.452521],[103.181061,16.452525],[103.181055,16.452532],[103.18105,16.452539],[103.181045,16.452546],[103.181041,16.452552],[103.181037,16.452559],[103.181033,16.452567],[103.18103,16.452574],[103.181026,16.452581],[103.181023,16.452589],[103.181022,16.452593],[103.181021,16.452597],[103.181018,16.452605],[103.181013,16.452621],[103.181002,16.452661],[103.180997,16.452677],[103.180994,16.452685],[103.180986,16.45271],[103.180977,16.452735],[103.180962,16.452776],[103.180952,16.452801],[103.180939,16.452833],[103.180926,16.452865],[103.180915,16.452889],[103.180908,16.452904],[103.180904,16.452912],[103.180901,16.45292],[103.180896,16.452927],[103.180892,16.452935],[103.180887,16.452942],[103.180882,16.452948],[103.180877,16.452954],[103.180871,16.45296],[103.180865,16.452965],[103.180858,16.452971],[103.180852,16.452976],[103.180845,16.452981],[103.180838,16.452985],[103.180831,16.45299],[103.180825,16.452994],[103.180818,16.452997],[103.180811,16.453001],[103.180804,16.453004],[103.180796,16.453006],[103.180788,16.453008],[103.18078,16.45301],[103.180772,16.453012],[103.180764,16.453013],[103.180755,16.453013],[103.180746,16.453014],[103.180737,16.453013],[103.180728,16.453013],[103.180719,16.453011],[103.180711,16.453009],[103.180703,16.453007],[103.180695,16.453005],[103.180688,16.453002],[103.18067,16.452996],[103.180636,16.452984],[103.18062,16.452978],[103.180611,16.452976],[103.180603,16.452974],[103.180595,16.452972],[103.180586,16.45297],[103.180578,16.452969],[103.180569,16.452968],[103.18056,16.452967],[103.180551,16.452967],[103.180542,16.452968],[103.180534,16.452969],[103.180525,16.45297],[103.180517,16.452972],[103.18051,16.452974],[103.180502,16.452976],[103.180494,16.452979],[103.180487,16.452981],[103.18048,16.452984],[103.180472,16.452988],[103.180464,16.452992],[103.180456,16.452996],[103.180448,16.453001],[103.180441,16.453005],[103.180433,16.45301],[103.180426,16.453016],[103.18042,16.453021],[103.180414,16.453027],[103.180408,16.453034],[103.180403,16.453041],[103.180398,16.453048],[103.180388,16.453063],[103.180379,16.453078],[103.180365,16.4531],[103.18036,16.453109],[103.180356,16.453115],[103.180348,16.453131],[103.180344,16.453138],[103.180322,16.453183],[103.180314,16.453198],[103.18031,16.453206],[103.180305,16.453214],[103.180296,16.453229],[103.180294,16.453232],[103.180286,16.453244],[103.180276,16.453258],[103.180219,16.453339],[103.180203,16.453361],[103.180193,16.453376],[103.180184,16.453391],[103.180177,16.453401],[103.180174,16.453406],[103.180127,16.453481],[103.180117,16.453496],[103.180107,16.453511],[103.180097,16.453525],[103.180087,16.45354],[103.180066,16.453568],[103.180044,16.453596],[103.180033,16.45361],[103.180022,16.453623],[103.180016,16.45363],[103.180011,16.453636],[103.180004,16.453642],[103.179998,16.453648],[103.179991,16.453653],[103.179984,16.453657],[103.179977,16.453661],[103.17997,16.453665],[103.179962,16.453669],[103.179954,16.453673],[103.179947,16.453676],[103.179939,16.453679],[103.179931,16.453682],[103.179923,16.453685],[103.179915,16.453688],[103.179906,16.45369],[103.179898,16.453692],[103.179894,16.453693],[103.17989,16.453694],[103.179882,16.453695],[103.179874,16.453696],[103.179855,16.453699],[103.179837,16.453701],[103.179834,16.453701],[103.1798,16.453705],[103.179781,16.453707]]]]},"bbox":[103.163694,16.435626,103.248048,16.503555]},{"type":"Feature","id":"a3f48961-3124-4702-a378-8ce3c3a10821","properties":{"id":"a3f48961-3124-4702-a378-8ce3c3a10821","code":"05460708","provinceCode":"46","nameTh":"เทศบาลตำบล อุ่มเม่า","nameEn":null,"geometryType":"MUNICIPALITY","sourceUrl":"https://landometer.com/api/v2/citymeter-v3/grocery/info/geom/a3f48961-3124-4702-a378-8ce3c3a10821/MUNICIPALITY","sourceSha256":"8f5a7f6f1ec8267220b5c2f5b3b19ff8f642d1cc4cabd645d73a0c33fcc1a0c7","retrievedAt":"2026-10-04T05:43:28.872443+00:00","boundaryVintage":null,"geometryStatus":"native_source_polygon_display_simplified","simplificationToleranceDegrees":0.00015,"simplificationPreservesTopology":true,"invalidSourceRepair":"make_valid; retain polygonal components; discard zero-area collapsed lines","legalBoundaryIndependentlyVerified":false,"areaId":"a3f48961-3124-4702-a378-8ce3c3a10821"},"geometry":{"type":"Polygon","coordinates":[[[103.47002,16.406378],[103.473192,16.405292],[103.474795,16.40529],[103.475848,16.404627],[103.476877,16.400138],[103.47827,16.3986],[103.481718,16.396439],[103.480913,16.394769],[103.480375,16.392378],[103.480947,16.39182],[103.482084,16.392168],[103.482868,16.391936],[103.482633,16.39091],[103.482873,16.389815],[103.482278,16.389341],[103.480689,16.39017],[103.480036,16.390088],[103.479863,16.389797],[103.479953,16.388634],[103.479551,16.387662],[103.479905,16.386769],[103.47509,16.385848],[103.46204,16.37684],[103.453443,16.377737],[103.449096,16.383447],[103.441498,16.384952],[103.436743,16.388208],[103.4334,16.385777],[103.436404,16.377514],[103.436975,16.367317],[103.442286,16.364627],[103.439946,16.363932],[103.438451,16.360919],[103.442386,16.359156],[103.441749,16.353831],[103.437532,16.350154],[103.434461,16.350665],[103.429501,16.356],[103.418665,16.35892],[103.418121,16.361012],[103.423731,16.362674],[103.426006,16.364752],[103.42546,16.366313],[103.420225,16.367616],[103.419031,16.370925],[103.417001,16.369287],[103.406722,16.372463],[103.403546,16.376154],[103.403742,16.379048],[103.400431,16.382209],[103.401358,16.383863],[103.4076,16.390455],[103.408555,16.397891],[103.422362,16.397279],[103.431763,16.394513],[103.440736,16.394822],[103.453917,16.400415],[103.45002,16.408421],[103.454529,16.410194],[103.467204,16.41087],[103.469254,16.408718],[103.47002,16.406378]]]},"bbox":[103.400431,16.350154,103.482893,16.41087]},{"type":"Feature","id":"d6e5d772-445b-45c2-aced-25eaac1c3b70","properties":{"id":"d6e5d772-445b-45c2-aced-25eaac1c3b70","code":"05460801","provinceCode":"46","nameTh":"เทศบาลตำบล คำใหญ่","nameEn":null,"geometryType":"MUNICIPALITY","sourceUrl":"https://landometer.com/api/v2/citymeter-v3/grocery/info/geom/d6e5d772-445b-45c2-aced-25eaac1c3b70/MUNICIPALITY","sourceSha256":"8d8f57fd6556e76303696132e493b372cc6097b43848535566e1de16922135e4","retrievedAt":"2026-10-04T05:43:28.906715+00:00","boundaryVintage":null,"geometryStatus":"native_source_polygon_display_simplified","simplificationToleranceDegrees":0.00015,"simplificationPreservesTopology":true,"invalidSourceRepair":"make_valid; retain polygonal components; discard zero-area collapsed lines","legalBoundaryIndependentlyVerified":false,"areaId":"d6e5d772-445b-45c2-aced-25eaac1c3b70"},"geometry":{"type":"MultiPolygon","coordinates":[[[[103.207147,16.634745],[103.206972,16.63473],[103.207471,16.636407],[103.207147,16.634745]]],[[[103.196043,16.630164],[103.196079,16.630894],[103.19492,16.630934],[103.191572,16.639671],[103.190708,16.64019],[103.189478,16.640482],[103.161313,16.641175],[103.15689,16.642089],[103.156671,16.64236],[103.152737,16.643331],[103.152399,16.643604],[103.153103,16.644751],[103.153565,16.646641],[103.15191,16.6498],[103.152174,16.650927],[103.151587,16.652306],[103.152973,16.654473],[103.151939,16.65607],[103.151399,16.656249],[103.150627,16.657284],[103.150757,16.659226],[103.151475,16.661117],[103.151309,16.661674],[103.152995,16.663432],[103.153222,16.664591],[103.154633,16.666606],[103.15471,16.667571],[103.155723,16.668459],[103.156181,16.668315],[103.156611,16.668688],[103.157427,16.668791],[103.158188,16.670109],[103.158804,16.670429],[103.158337,16.671164],[103.158497,16.671962],[103.159257,16.672958],[103.159605,16.674104],[103.159615,16.67458],[103.159168,16.675039],[103.195545,16.673318],[103.199834,16.663369],[103.207189,16.647402],[103.202944,16.644515],[103.207471,16.636407],[103.205551,16.629956],[103.196043,16.630164]]]]},"bbox":[103.150614,16.629956,103.207471,16.675039]},{"type":"Feature","id":"e837908d-8d79-4e87-a12b-1f953f470e50","properties":{"id":"e837908d-8d79-4e87-a12b-1f953f470e50","code":"05460802","provinceCode":"46","nameTh":"เทศบาลตำบล ห้วยเม็ก","nameEn":null,"geometryType":"MUNICIPALITY","sourceUrl":"https://landometer.com/api/v2/citymeter-v3/grocery/info/geom/e837908d-8d79-4e87-a12b-1f953f470e50/MUNICIPALITY","sourceSha256":"d1cc011ff9166387b3fb0fcb146d50009e285c065e0896b85560e27a2e5d3461","retrievedAt":"2026-10-04T05:43:28.905811+00:00","boundaryVintage":null,"geometryStatus":"native_source_polygon_display_simplified","simplificationToleranceDegrees":0.00015,"simplificationPreservesTopology":true,"invalidSourceRepair":"make_valid; retain polygonal components; discard zero-area collapsed lines","legalBoundaryIndependentlyVerified":false,"areaId":"e837908d-8d79-4e87-a12b-1f953f470e50"},"geometry":{"type":"Polygon","coordinates":[[[103.251476,16.584611],[103.244939,16.578015],[103.218589,16.584536],[103.210695,16.601322],[103.217262,16.618724],[103.223527,16.622132],[103.238613,16.596364],[103.251476,16.584611]]]},"bbox":[103.210695,16.578015,103.251476,16.622132]},{"type":"Feature","id":"6b9b0733-e2d2-4974-8b51-9180378c92ef","properties":{"id":"6b9b0733-e2d2-4974-8b51-9180378c92ef","code":"05460803","provinceCode":"46","nameTh":"เทศบาลตำบล คำเหมือดแก้ว","nameEn":null,"geometryType":"MUNICIPALITY","sourceUrl":"https://landometer.com/api/v2/citymeter-v3/grocery/info/geom/6b9b0733-e2d2-4974-8b51-9180378c92ef/MUNICIPALITY","sourceSha256":"bff632964f432086a9b018632a7cf5de4a6eee98920567a9267cf49209a5aeea","retrievedAt":"2026-10-04T05:43:28.917736+00:00","boundaryVintage":null,"geometryStatus":"native_source_polygon_display_simplified","simplificationToleranceDegrees":0.00015,"simplificationPreservesTopology":true,"invalidSourceRepair":"make_valid; retain polygonal components; discard zero-area collapsed lines","legalBoundaryIndependentlyVerified":false,"areaId":"6b9b0733-e2d2-4974-8b51-9180378c92ef"},"geometry":{"type":"Polygon","coordinates":[[[103.233048,16.552502],[103.23225,16.517976],[103.234277,16.512526],[103.244237,16.516208],[103.24398,16.515472],[103.245172,16.516089],[103.244813,16.514823],[103.245187,16.515069],[103.246906,16.514752],[103.243134,16.503927],[103.227062,16.499967],[103.219496,16.502678],[103.217182,16.502888],[103.215639,16.50249],[103.213879,16.501189],[103.212647,16.499113],[103.211657,16.496795],[103.211205,16.496517],[103.181381,16.494587],[103.17899,16.493824],[103.16391,16.487637],[103.16418,16.489733],[103.162959,16.494773],[103.162912,16.499731],[103.163907,16.501563],[103.164125,16.503574],[103.164828,16.50474],[103.166619,16.506806],[103.166964,16.507832],[103.168433,16.510216],[103.169086,16.511733],[103.17017,16.517893],[103.170921,16.518205],[103.171267,16.519074],[103.171649,16.519242],[103.172647,16.521511],[103.172974,16.524088],[103.174315,16.526137],[103.174221,16.526921],[103.17444,16.527574],[103.175648,16.529598],[103.176527,16.531837],[103.183863,16.541191],[103.18497,16.543713],[103.185216,16.546548],[103.186474,16.54951],[103.187061,16.551599],[103.186866,16.553981],[103.185612,16.561286],[103.196611,16.56496],[103.221185,16.566645],[103.224229,16.566522],[103.232728,16.554103],[103.232714,16.553033],[103.233048,16.552502]]]},"bbox":[103.162806,16.487637,103.246906,16.566645]},{"type":"Feature","id":"a97836d0-a80d-42d7-9a28-908f5912a380","properties":{"id":"a97836d0-a80d-42d7-9a28-908f5912a380","code":"05460804","provinceCode":"46","nameTh":"เทศบาลตำบล ท่าลาดดงยาง","nameEn":null,"geometryType":"MUNICIPALITY","sourceUrl":"https://landometer.com/api/v2/citymeter-v3/grocery/info/geom/a97836d0-a80d-42d7-9a28-908f5912a380/MUNICIPALITY","sourceSha256":"3be3ed95a197939db73d38fd4d74dc2159bda4fb9ea63e0d6db7e060c6b9d0fe","retrievedAt":"2026-10-04T05:43:28.967295+00:00","boundaryVintage":null,"geometryStatus":"native_source_polygon_display_simplified","simplificationToleranceDegrees":0.00015,"simplificationPreservesTopology":true,"invalidSourceRepair":"make_valid; retain polygonal components; discard zero-area collapsed lines","legalBoundaryIndependentlyVerified":false,"areaId":"a97836d0-a80d-42d7-9a28-908f5912a380"},"geometry":{"type":"Polygon","coordinates":[[[103.247077,16.610324],[103.261741,16.604623],[103.270965,16.605504],[103.27033,16.601188],[103.266574,16.596556],[103.272552,16.59021],[103.272507,16.58983],[103.259086,16.580737],[103.251425,16.580506],[103.236568,16.566021],[103.221185,16.566645],[103.196611,16.56496],[103.185612,16.561286],[103.18118,16.577027],[103.173053,16.593536],[103.172219,16.594669],[103.171753,16.595787],[103.1687,16.599318],[103.167509,16.601086],[103.167491,16.602864],[103.167979,16.604594],[103.170079,16.606269],[103.171008,16.60631],[103.171027,16.606616],[103.172398,16.606795],[103.172201,16.608179],[103.173187,16.608292],[103.172892,16.60855],[103.173965,16.609513],[103.173182,16.610049],[103.174005,16.611095],[103.173779,16.611322],[103.17426,16.611829],[103.175058,16.61351],[103.178183,16.612781],[103.178401,16.613659],[103.179993,16.615136],[103.180195,16.617245],[103.193624,16.626934],[103.193996,16.627792],[103.195717,16.627663],[103.196029,16.630117],[103.205551,16.629956],[103.206972,16.63473],[103.207147,16.634745],[103.206962,16.633796],[103.237458,16.619967],[103.240538,16.613611],[103.244713,16.610972],[103.246895,16.610159],[103.247077,16.610324]],[[103.251476,16.584611],[103.238613,16.596364],[103.223527,16.622132],[103.217262,16.618724],[103.210695,16.601322],[103.218589,16.584536],[103.244939,16.578015],[103.251476,16.584611]]]},"bbox":[103.167491,16.561286,103.272552,16.634745]},{"type":"Feature","id":"cf0df3aa-7343-45b6-8846-8ade4e1d9993","properties":{"id":"cf0df3aa-7343-45b6-8846-8ade4e1d9993","code":"05460901","provinceCode":"46","nameTh":"เทศบาลตำบล โนนบุรี","nameEn":null,"geometryType":"MUNICIPALITY","sourceUrl":"https://landometer.com/api/v2/citymeter-v3/grocery/info/geom/cf0df3aa-7343-45b6-8846-8ade4e1d9993/MUNICIPALITY","sourceSha256":"b562e7a0cd064ceb7bcdf8c582f851ca30ca45cee67f441d0d85d825c92aa333","retrievedAt":"2026-10-04T05:43:28.981332+00:00","boundaryVintage":null,"geometryStatus":"native_source_polygon_display_simplified","simplificationToleranceDegrees":0.00015,"simplificationPreservesTopology":true,"invalidSourceRepair":"make_valid; retain polygonal components; discard zero-area collapsed lines","legalBoundaryIndependentlyVerified":false,"areaId":"cf0df3aa-7343-45b6-8846-8ade4e1d9993"},"geometry":{"type":"Polygon","coordinates":[[[103.528068,16.704664],[103.528222,16.704303],[103.527237,16.704312],[103.526757,16.692897],[103.524046,16.692948],[103.523996,16.693359],[103.521892,16.693712],[103.516868,16.691192],[103.477926,16.692813],[103.474494,16.691757],[103.468981,16.694633],[103.462461,16.695405],[103.462157,16.694497],[103.461789,16.694665],[103.461425,16.695461],[103.460976,16.694116],[103.46039,16.695518],[103.455687,16.681452],[103.455225,16.682569],[103.454526,16.686811],[103.454842,16.691339],[103.456908,16.699548],[103.459558,16.713767],[103.460986,16.717162],[103.464474,16.721333],[103.46507,16.721737],[103.46564,16.721553],[103.465211,16.720747],[103.471379,16.714804],[103.484092,16.714746],[103.510807,16.718599],[103.509014,16.713697],[103.511664,16.712227],[103.51551,16.713543],[103.518499,16.717997],[103.52215,16.720208],[103.523401,16.717268],[103.52281,16.703551],[103.525255,16.704836],[103.528068,16.704664]]]},"bbox":[103.454526,16.681452,103.528222,16.721737]},{"type":"Feature","id":"704add15-7a14-49ad-b409-53cd20a3efcb","properties":{"id":"704add15-7a14-49ad-b409-53cd20a3efcb","code":"05460902","provinceCode":"46","nameTh":"เทศบาลตำบล ภูสิงห์","nameEn":null,"geometryType":"MUNICIPALITY","sourceUrl":"https://landometer.com/api/v2/citymeter-v3/grocery/info/geom/704add15-7a14-49ad-b409-53cd20a3efcb/MUNICIPALITY","sourceSha256":"4acc39c2a1d37080b552bf1157b0918c8a4428ea5f0b95a04421e1ffa2303bf7","retrievedAt":"2026-10-04T05:43:28.980443+00:00","boundaryVintage":null,"geometryStatus":"native_source_polygon_display_simplified","simplificationToleranceDegrees":0.00015,"simplificationPreservesTopology":true,"invalidSourceRepair":"make_valid; retain polygonal components; discard zero-area collapsed lines","legalBoundaryIndependentlyVerified":false,"areaId":"704add15-7a14-49ad-b409-53cd20a3efcb"},"geometry":{"type":"Polygon","coordinates":[[[103.481014,16.760362],[103.486067,16.762032],[103.49296,16.766473],[103.495411,16.767488],[103.498489,16.76798],[103.518073,16.765388],[103.523324,16.764911],[103.533173,16.764884],[103.539615,16.765259],[103.538032,16.765121],[103.542674,16.762638],[103.540132,16.753102],[103.535152,16.748979],[103.53505,16.745152],[103.530518,16.741887],[103.52897,16.735294],[103.530057,16.732777],[103.527899,16.730191],[103.528689,16.723118],[103.52215,16.720208],[103.518499,16.717997],[103.51551,16.713543],[103.511664,16.712227],[103.509014,16.713697],[103.510807,16.718599],[103.484092,16.714746],[103.471379,16.714804],[103.465211,16.720747],[103.46564,16.721553],[103.46507,16.721737],[103.464474,16.721333],[103.473272,16.739345],[103.477256,16.755581],[103.477533,16.758042],[103.477384,16.7597],[103.481014,16.760362]]]},"bbox":[103.464474,16.712227,103.542674,16.76798]},{"type":"Feature","id":"5ed60c97-639c-46dc-bd47-4862091b87b0","properties":{"id":"5ed60c97-639c-46dc-bd47-4862091b87b0","code":"05460903","provinceCode":"46","nameTh":"เทศบาลตำบล นิคม","nameEn":null,"geometryType":"MUNICIPALITY","sourceUrl":"https://landometer.com/api/v2/citymeter-v3/grocery/info/geom/5ed60c97-639c-46dc-bd47-4862091b87b0/MUNICIPALITY","sourceSha256":"67832cd0c71161724a81a1a8577aa32aafec56db819b5b2a7677df2b583501f5","retrievedAt":"2026-10-04T05:43:29.023989+00:00","boundaryVintage":null,"geometryStatus":"native_source_polygon_display_simplified","simplificationToleranceDegrees":0.00015,"simplificationPreservesTopology":true,"invalidSourceRepair":"make_valid; retain polygonal components; discard zero-area collapsed lines","legalBoundaryIndependentlyVerified":false,"areaId":"5ed60c97-639c-46dc-bd47-4862091b87b0"},"geometry":{"type":"Polygon","coordinates":[[[103.522304,16.654032],[103.52177,16.653748],[103.52083,16.653892],[103.520943,16.654404],[103.520528,16.654396],[103.520162,16.654891],[103.519277,16.654296],[103.517558,16.654286],[103.517313,16.654484],[103.515864,16.65408],[103.51432,16.654786],[103.513337,16.654533],[103.512248,16.655299],[103.510971,16.655058],[103.509522,16.655825],[103.509118,16.655396],[103.507823,16.65572],[103.506675,16.655427],[103.505392,16.656081],[103.503991,16.65584],[103.502442,16.656051],[103.501988,16.656312],[103.502046,16.657055],[103.501744,16.65723],[103.50082,16.656855],[103.499946,16.657076],[103.499565,16.657453],[103.497821,16.657762],[103.495245,16.65738],[103.494266,16.657472],[103.493137,16.658197],[103.491058,16.660842],[103.490166,16.661339],[103.487073,16.661931],[103.482067,16.661851],[103.480786,16.662117],[103.479842,16.662678],[103.478664,16.663817],[103.473223,16.670425],[103.471952,16.671598],[103.460201,16.676758],[103.457294,16.679168],[103.456082,16.680656],[103.455687,16.681452],[103.460477,16.695779],[103.460506,16.694981],[103.460976,16.694116],[103.461425,16.695461],[103.461789,16.694665],[103.462157,16.694497],[103.462461,16.695405],[103.468981,16.694633],[103.474494,16.691757],[103.477926,16.692813],[103.516868,16.691192],[103.521892,16.693712],[103.523996,16.693359],[103.524046,16.692948],[103.523104,16.692966],[103.516803,16.689206],[103.515853,16.668288],[103.522304,16.654032]]]},"bbox":[103.455687,16.653748,103.524048,16.695779]},{"type":"Feature","id":"9529e07d-aa40-4e0b-80c7-b76d76e67c9c","properties":{"id":"9529e07d-aa40-4e0b-80c7-b76d76e67c9c","code":"05460904","provinceCode":"46","nameTh":"เทศบาลตำบล โนนน้ำเกลี้ยง","nameEn":null,"geometryType":"MUNICIPALITY","sourceUrl":"https://landometer.com/api/v2/citymeter-v3/grocery/info/geom/9529e07d-aa40-4e0b-80c7-b76d76e67c9c/MUNICIPALITY","sourceSha256":"091057380a160a2160d64ba44b9c524fcd78dfd3578914496e98184d5f83a2f4","retrievedAt":"2026-10-04T05:43:29.035584+00:00","boundaryVintage":null,"geometryStatus":"native_source_polygon_display_simplified","simplificationToleranceDegrees":0.00015,"simplificationPreservesTopology":true,"invalidSourceRepair":"make_valid; retain polygonal components; discard zero-area collapsed lines","legalBoundaryIndependentlyVerified":false,"areaId":"9529e07d-aa40-4e0b-80c7-b76d76e67c9c"},"geometry":{"type":"Polygon","coordinates":[[[103.533065,16.658353],[103.531978,16.659236],[103.531599,16.659081],[103.531022,16.659321],[103.529899,16.659226],[103.529209,16.659443],[103.528843,16.66022],[103.528513,16.659109],[103.528172,16.65936],[103.527591,16.659198],[103.527609,16.658099],[103.527151,16.658085],[103.526785,16.65745],[103.526058,16.657158],[103.52582,16.656156],[103.525233,16.655298],[103.524022,16.654893],[103.5234,16.654946],[103.52294,16.654184],[103.522304,16.654032],[103.515853,16.668288],[103.516803,16.689206],[103.523104,16.692966],[103.526757,16.692897],[103.527237,16.704312],[103.528222,16.704303],[103.528068,16.704664],[103.534898,16.704245],[103.541542,16.706597],[103.544418,16.702276],[103.563917,16.701577],[103.568098,16.70346],[103.579217,16.704169],[103.580594,16.700327],[103.586351,16.694331],[103.586066,16.691255],[103.597403,16.680405],[103.597292,16.675425],[103.583616,16.655534],[103.579592,16.655564],[103.579307,16.65577],[103.578882,16.65549],[103.578982,16.656575],[103.578482,16.656733],[103.576238,16.65897],[103.574907,16.658777],[103.574631,16.659274],[103.574345,16.65909],[103.574252,16.659493],[103.573928,16.659293],[103.573565,16.659428],[103.573412,16.660163],[103.573105,16.660455],[103.573151,16.660202],[103.57282,16.659903],[103.571979,16.660273],[103.571923,16.659814],[103.571546,16.659761],[103.571284,16.660296],[103.570907,16.660432],[103.571113,16.66092],[103.570583,16.661234],[103.569977,16.661412],[103.569831,16.661141],[103.569353,16.661035],[103.568546,16.661653],[103.567541,16.661579],[103.5674,16.662292],[103.566513,16.662342],[103.566079,16.663481],[103.56545,16.663185],[103.565517,16.662942],[103.564995,16.662863],[103.564389,16.662411],[103.563899,16.662546],[103.563618,16.662322],[103.563614,16.661917],[103.561907,16.661526],[103.561609,16.661835],[103.561059,16.661675],[103.560916,16.661121],[103.560072,16.661601],[103.560028,16.662078],[103.558801,16.662626],[103.558204,16.662378],[103.557318,16.662455],[103.556928,16.662159],[103.55706,16.66175],[103.556387,16.661516],[103.554741,16.662211],[103.554413,16.661917],[103.554716,16.661072],[103.553565,16.660973],[103.550931,16.662526],[103.549892,16.662817],[103.549055,16.662444],[103.548279,16.662449],[103.547817,16.66271],[103.547427,16.662544],[103.547306,16.662997],[103.546494,16.662174],[103.546577,16.661777],[103.54537,16.661599],[103.545004,16.661038],[103.544024,16.661007],[103.542802,16.661892],[103.542221,16.661151],[103.541853,16.661484],[103.541679,16.661218],[103.541258,16.661244],[103.54133,16.660959],[103.541056,16.660668],[103.53963,16.660411],[103.539326,16.659919],[103.538715,16.660118],[103.539059,16.659504],[103.538488,16.659455],[103.537981,16.659814],[103.53764,16.660495],[103.536882,16.660638],[103.536067,16.660235],[103.536128,16.659434],[103.535429,16.659415],[103.535178,16.658708],[103.533941,16.658453],[103.533426,16.658623],[103.533065,16.658353]]]},"bbox":[103.515853,16.654032,103.597403,16.706597]},{"type":"Feature","id":"2d54d054-b81c-4541-b793-04abf7deadd7","properties":{"id":"2d54d054-b81c-4541-b793-04abf7deadd7","code":"05460905","provinceCode":"46","nameTh":"เทศบาลตำบล โนนศิลา","nameEn":null,"geometryType":"MUNICIPALITY","sourceUrl":"https://landometer.com/api/v2/citymeter-v3/grocery/info/geom/2d54d054-b81c-4541-b793-04abf7deadd7/MUNICIPALITY","sourceSha256":"4f54447cdb99731f7ecc7370edb2d2c069ac4b7be0e3d427ce7e909122538965","retrievedAt":"2026-10-04T05:43:29.051910+00:00","boundaryVintage":null,"geometryStatus":"native_source_polygon_display_simplified","simplificationToleranceDegrees":0.00015,"simplificationPreservesTopology":true,"invalidSourceRepair":"make_valid; retain polygonal components; discard zero-area collapsed lines","legalBoundaryIndependentlyVerified":false,"areaId":"2d54d054-b81c-4541-b793-04abf7deadd7"},"geometry":{"type":"Polygon","coordinates":[[[103.577074,16.826676],[103.578093,16.825909],[103.578382,16.826168],[103.578299,16.826787],[103.578622,16.82709],[103.579556,16.827302],[103.58083,16.826945],[103.580698,16.827487],[103.580032,16.828003],[103.580895,16.828464],[103.581052,16.828789],[103.58051,16.829292],[103.580785,16.831493],[103.580445,16.833521],[103.580708,16.833756],[103.581358,16.83364],[103.581842,16.83385],[103.581622,16.835737],[103.582386,16.836485],[103.58307,16.837638],[103.583365,16.837667],[103.58394,16.836758],[103.584567,16.836616],[103.585107,16.836791],[103.586185,16.837525],[103.587076,16.839339],[103.588169,16.839483],[103.588483,16.839764],[103.596972,16.834639],[103.59963,16.831059],[103.601282,16.829975],[103.603392,16.827881],[103.605192,16.824588],[103.606144,16.823776],[103.607477,16.823198],[103.608445,16.823134],[103.609287,16.823568],[103.609466,16.823225],[103.609748,16.82322],[103.60964,16.822933],[103.609968,16.8229],[103.610508,16.823276],[103.610699,16.822923],[103.612357,16.823762],[103.612924,16.823526],[103.61401,16.823531],[103.615396,16.8262],[103.615815,16.826485],[103.615569,16.827487],[103.616161,16.828329],[103.616818,16.828916],[103.617223,16.828777],[103.618679,16.830138],[103.619548,16.830297],[103.620372,16.831222],[103.620587,16.830984],[103.621524,16.831199],[103.621601,16.830748],[103.622716,16.831032],[103.622958,16.83055],[103.623728,16.831176],[103.624399,16.831094],[103.624557,16.830845],[103.625478,16.83087],[103.625728,16.830618],[103.625628,16.831295],[103.626075,16.831489],[103.625912,16.831838],[103.627444,16.83046],[103.63049,16.830898],[103.631422,16.83077],[103.631909,16.830431],[103.633404,16.828147],[103.63344,16.825238],[103.632875,16.824985],[103.632787,16.824297],[103.633228,16.823787],[103.632488,16.822997],[103.632223,16.821425],[103.63063,16.820158],[103.630881,16.818911],[103.630637,16.818595],[103.630474,16.816884],[103.629925,16.816332],[103.63032,16.816188],[103.629937,16.815873],[103.630373,16.815088],[103.629957,16.814479],[103.630454,16.814306],[103.630192,16.813914],[103.630454,16.813268],[103.630782,16.813277],[103.63116,16.812772],[103.631209,16.813074],[103.631496,16.813142],[103.632214,16.811767],[103.631203,16.810558],[103.631428,16.809963],[103.631065,16.809528],[103.631139,16.808862],[103.630805,16.808712],[103.630975,16.807291],[103.62976,16.806075],[103.629666,16.805387],[103.630178,16.804895],[103.631113,16.804618],[103.63381,16.804918],[103.637819,16.804717],[103.640393,16.803769],[103.643083,16.802326],[103.644353,16.800855],[103.645153,16.797061],[103.644636,16.795446],[103.642771,16.793508],[103.639602,16.787865],[103.637848,16.785719],[103.626279,16.778091],[103.627116,16.77108],[103.627417,16.770949],[103.626933,16.770101],[103.626801,16.770028],[103.626382,16.770905],[103.623537,16.769364],[103.619273,16.770751],[103.615308,16.768844],[103.614024,16.771041],[103.611447,16.768424],[103.607739,16.768642],[103.603351,16.771329],[103.600408,16.77123],[103.598902,16.774144],[103.589152,16.774226],[103.579239,16.75662],[103.573996,16.753234],[103.560075,16.754364],[103.542674,16.762638],[103.538032,16.765121],[103.537086,16.765039],[103.539615,16.765259],[103.53968,16.766325],[103.54071,16.767727],[103.553306,16.778047],[103.558412,16.781673],[103.561793,16.783694],[103.563302,16.78529],[103.563629,16.785899],[103.563919,16.787532],[103.563811,16.789477],[103.563394,16.790757],[103.561512,16.79383],[103.561465,16.795091],[103.562273,16.795873],[103.563014,16.796058],[103.565335,16.795668],[103.565912,16.79448],[103.566931,16.794862],[103.567074,16.795198],[103.566511,16.795909],[103.567486,16.796448],[103.567971,16.798063],[103.567848,16.798331],[103.566875,16.798629],[103.566397,16.799486],[103.564289,16.800945],[103.564242,16.801378],[103.565135,16.801451],[103.565293,16.80179],[103.564869,16.802575],[103.564908,16.803144],[103.563917,16.803789],[103.563569,16.804415],[103.56399,16.80459],[103.566077,16.804273],[103.566802,16.802837],[103.566509,16.80202],[103.567118,16.801719],[103.567615,16.801896],[103.568093,16.803958],[103.568675,16.80487],[103.568526,16.806116],[103.569008,16.807444],[103.567868,16.808147],[103.567764,16.80897],[103.568691,16.809746],[103.568814,16.810379],[103.568489,16.811273],[103.568668,16.811895],[103.569307,16.81203],[103.569448,16.812279],[103.568031,16.813416],[103.568481,16.814014],[103.569096,16.814186],[103.569766,16.813494],[103.571196,16.814016],[103.572293,16.813821],[103.572349,16.815232],[103.573305,16.814742],[103.573687,16.814909],[103.57306,16.816639],[103.572197,16.817349],[103.5718,16.818437],[103.572357,16.818994],[103.572422,16.819971],[103.573244,16.820558],[103.572064,16.821501],[103.571929,16.821964],[103.572029,16.822422],[103.573131,16.823816],[103.572405,16.824743],[103.572424,16.825364],[103.573825,16.826331],[103.574987,16.827551],[103.57564,16.827662],[103.576418,16.828392],[103.576942,16.828049],[103.577074,16.826676]]]},"bbox":[103.537086,16.753234,103.645153,16.839764]},{"type":"Feature","id":"bca83877-1bf4-42e6-8e93-1912100c36ae","properties":{"id":"bca83877-1bf4-42e6-8e93-1912100c36ae","code":"05460906","provinceCode":"46","nameTh":"เทศบาลตำบล นามะเขือ","nameEn":null,"geometryType":"MUNICIPALITY","sourceUrl":"https://landometer.com/api/v2/citymeter-v3/grocery/info/geom/bca83877-1bf4-42e6-8e93-1912100c36ae/MUNICIPALITY","sourceSha256":"754b0b142f9a126561f4db2317d0b8a8d4a1116edcccf4dbe5a056299ce368ec","retrievedAt":"2026-10-04T05:43:29.035913+00:00","boundaryVintage":null,"geometryStatus":"native_source_polygon_display_simplified","simplificationToleranceDegrees":0.00015,"simplificationPreservesTopology":true,"invalidSourceRepair":"make_valid; retain polygonal components; discard zero-area collapsed lines","legalBoundaryIndependentlyVerified":false,"areaId":"bca83877-1bf4-42e6-8e93-1912100c36ae"},"geometry":{"type":"MultiPolygon","coordinates":[[[[103.622801,16.625213],[103.62292639534977,16.625161837208925],[103.623011,16.625127],[103.622801,16.625213]]],[[[103.654285,16.630558],[103.650039,16.629501],[103.648957,16.630659],[103.644227,16.632842],[103.642897,16.633715],[103.642478,16.633729],[103.641024,16.632677],[103.640052,16.631066],[103.634835,16.627447],[103.628669,16.624326],[103.626874,16.624237],[103.62456,16.62452],[103.61888,16.626909],[103.615822,16.62764],[103.614351,16.628294],[103.610178,16.629436],[103.604917,16.630301],[103.600955,16.630535],[103.595173,16.631287],[103.593064,16.631912],[103.591304,16.632847],[103.589731,16.634397],[103.588773,16.636125],[103.588938,16.637447],[103.58852,16.640387],[103.586493,16.643669],[103.586107,16.645071],[103.582228,16.64805],[103.580678,16.649981],[103.579666,16.652592],[103.579454,16.654976],[103.579592,16.655564],[103.583616,16.655534],[103.597292,16.675425],[103.5977,16.678979],[103.60459,16.685014],[103.608582,16.698761],[103.608985,16.70497],[103.611223,16.70758],[103.617869,16.707873],[103.619874,16.709563],[103.623722,16.708797],[103.628771,16.71195],[103.629091,16.713646],[103.622572,16.721629],[103.621662,16.728382],[103.619242,16.7307],[103.628115,16.731221],[103.631396,16.733059],[103.637339,16.729468],[103.638113,16.727502],[103.643631,16.727682],[103.649365,16.732137],[103.650444,16.731758],[103.652529,16.728883],[103.6562,16.728613],[103.656647,16.727776],[103.658761,16.719951],[103.660118,16.720835],[103.66265,16.719116],[103.670172,16.720645],[103.672437,16.735624],[103.673342,16.734918],[103.67339198484613,16.735248899681334],[103.687278,16.724613],[103.696418,16.718222],[103.693929,16.715667],[103.688437,16.714783],[103.688743,16.710198],[103.686485,16.709694],[103.684674,16.708647],[103.681514,16.707717],[103.678538,16.705672],[103.677574,16.703918],[103.676822,16.701189],[103.675913,16.69993],[103.674654,16.699277],[103.67102,16.699586],[103.669535,16.69931],[103.668233,16.698658],[103.666421,16.696366],[103.664095,16.691484],[103.663086,16.68874],[103.662363,16.685431],[103.661269,16.677706],[103.660441,16.677418],[103.660307,16.674561],[103.659787,16.674451],[103.658787,16.6719],[103.657001,16.669995],[103.656521,16.668975],[103.654166,16.665869],[103.652599,16.662219],[103.65198,16.65955],[103.651795,16.655732],[103.652305,16.653268],[103.654205,16.648431],[103.656843,16.642924],[103.660035,16.633445],[103.661495,16.629811],[103.6582,16.629137],[103.654998,16.630425],[103.654285,16.630558]]],[[[103.67339198484613,16.735248899681334],[103.672759,16.73574],[103.673392,16.735249],[103.67339198484613,16.735248899681334]]]]},"bbox":[103.579446,16.624237,103.696418,16.73574]},{"type":"Feature","id":"04b04205-63a3-4ccb-a009-5ecd433b55db","properties":{"id":"04b04205-63a3-4ccb-a009-5ecd433b55db","code":"05461001","provinceCode":"46","nameTh":"เทศบาลตำบล คำม่วง","nameEn":null,"geometryType":"MUNICIPALITY","sourceUrl":"https://landometer.com/api/v2/citymeter-v3/grocery/info/geom/04b04205-63a3-4ccb-a009-5ecd433b55db/MUNICIPALITY","sourceSha256":"e22e4b810f6ec3bd76e6a1c0eb90d69e9fab147bdfcb54643ce47d5c570c05bb","retrievedAt":"2026-10-04T05:43:29.035492+00:00","boundaryVintage":null,"geometryStatus":"native_source_polygon_display_simplified","simplificationToleranceDegrees":0.00015,"simplificationPreservesTopology":true,"invalidSourceRepair":"make_valid; retain polygonal components; discard zero-area collapsed lines","legalBoundaryIndependentlyVerified":false,"areaId":"04b04205-63a3-4ccb-a009-5ecd433b55db"},"geometry":{"type":"Polygon","coordinates":[[[103.637899,16.918401],[103.633847,16.916271],[103.632874,16.912178],[103.627399,16.913937],[103.628418,16.917121],[103.624051,16.921819],[103.626036,16.927089],[103.61768,16.929596],[103.618067,16.9312],[103.611788,16.935878],[103.6148,16.940302],[103.618603,16.939033],[103.6216,16.94228],[103.625113,16.942166],[103.625624,16.943647],[103.631627,16.939619],[103.644756,16.942387],[103.642349,16.93261],[103.6423,16.923357],[103.637899,16.918401]]]},"bbox":[103.611788,16.912178,103.644756,16.943647]},{"type":"Feature","id":"7890a578-8296-4849-9ce5-b045d6e54846","properties":{"id":"7890a578-8296-4849-9ce5-b045d6e54846","code":"05461002","provinceCode":"46","nameTh":"เทศบาลตำบล โพน","nameEn":null,"geometryType":"MUNICIPALITY","sourceUrl":"https://landometer.com/api/v2/citymeter-v3/grocery/info/geom/7890a578-8296-4849-9ce5-b045d6e54846/MUNICIPALITY","sourceSha256":"8accb77f6a903a93dce397a1e549beb261ff977ac343a64cd832e4e6ed2b750b","retrievedAt":"2026-10-04T05:43:29.050005+00:00","boundaryVintage":null,"geometryStatus":"native_source_polygon_display_simplified","simplificationToleranceDegrees":0.00015,"simplificationPreservesTopology":true,"invalidSourceRepair":"make_valid; retain polygonal components; discard zero-area collapsed lines","legalBoundaryIndependentlyVerified":false,"areaId":"7890a578-8296-4849-9ce5-b045d6e54846"},"geometry":{"type":"MultiPolygon","coordinates":[[[[103.59480456344379,16.86155344605401],[103.594804,16.861553],[103.594804,16.861559],[103.59480456344379,16.86155344605401]]],[[[103.594568,16.860298],[103.59483,16.86063],[103.59480456344379,16.86155344605401],[103.615539,16.877968],[103.624278,16.868244],[103.6277,16.854178],[103.621323,16.850574],[103.618479,16.851891],[103.616472,16.848988],[103.61436,16.850773],[103.615144,16.848641],[103.612358,16.846266],[103.594568,16.860298]]]]},"bbox":[103.594542,16.846266,103.6277,16.877968]},{"type":"Feature","id":"fb5ab412-928b-4be0-953b-93e5893d4f8a","properties":{"id":"fb5ab412-928b-4be0-953b-93e5893d4f8a","code":"05461003","provinceCode":"46","nameTh":"เทศบาลตำบล นาทัน","nameEn":null,"geometryType":"MUNICIPALITY","sourceUrl":"https://landometer.com/api/v2/citymeter-v3/grocery/info/geom/fb5ab412-928b-4be0-953b-93e5893d4f8a/MUNICIPALITY","sourceSha256":"b5768636dfc358c9084c4ed6c0669c442fc2e2a365ddf515ce974c78cdbf8408","retrievedAt":"2026-10-04T05:43:29.086752+00:00","boundaryVintage":null,"geometryStatus":"native_source_polygon_display_simplified","simplificationToleranceDegrees":0.00015,"simplificationPreservesTopology":true,"invalidSourceRepair":"make_valid; retain polygonal components; discard zero-area collapsed lines","legalBoundaryIndependentlyVerified":false,"areaId":"fb5ab412-928b-4be0-953b-93e5893d4f8a"},"geometry":{"type":"Polygon","coordinates":[[[103.6507,17.036124],[103.650903,17.034662],[103.649652,17.0328],[103.649453,17.031534],[103.649045,17.030996],[103.649306,17.029737],[103.649118,17.02943],[103.648686,17.02944],[103.648703,17.028937],[103.648258,17.028548],[103.648162,17.028104],[103.647215,17.027454],[103.64782,17.025579],[103.646841,17.025215],[103.646784,17.024808],[103.647205,17.02451],[103.646683,17.024015],[103.647236,17.023947],[103.647253,17.023431],[103.647732,17.023372],[103.648441,17.022434],[103.648719,17.022448],[103.649632,17.021613],[103.650439,17.021249],[103.659591,17.019114],[103.66212,17.019615],[103.666046,17.019232],[103.667685,17.01931],[103.672893,17.02014],[103.674564,17.021212],[103.676269,17.023968],[103.676324,17.025534],[103.674815,17.029064],[103.674865,17.029769],[103.675243,17.030394],[103.677298,17.031773],[103.678054,17.032038],[103.679631,17.032041],[103.680684,17.031633],[103.682872,17.030017],[103.683686,17.029641],[103.684248,17.029651],[103.684718,17.029852],[103.68594,17.031902],[103.686417,17.032317],[103.689305,17.03293],[103.692183,17.033969],[103.693561,17.034134],[103.695011,17.033677],[103.704191,17.0245],[103.704982,17.023099],[103.705521,17.020655],[103.707411,17.0195],[103.708869,17.020005],[103.710692,17.019909],[103.712135,17.018611],[103.714929,17.01704],[103.719701,17.015506],[103.723475,17.012762],[103.722622,17.011209],[103.718886,17.00908],[103.7175,17.005431],[103.715933,17.002667],[103.711728,16.999985],[103.707096,16.999762],[103.703646,16.994592],[103.702663,16.989626],[103.69465,16.983757],[103.687184,16.974432],[103.682269,16.971311],[103.680321,16.972094],[103.678817,16.967941],[103.676065,16.968028],[103.676901,16.965642],[103.674236,16.9652],[103.674515,16.96489],[103.673089,16.964536],[103.672824,16.96608],[103.668732,16.964905],[103.668903,16.963557],[103.666171,16.964427],[103.666113,16.962421],[103.660154,16.959283],[103.659251,16.960639],[103.656787,16.959758],[103.654354,16.96285],[103.652755,16.960557],[103.645679,16.962959],[103.644095,16.960921],[103.642257,16.962624],[103.640415,16.962319],[103.638621,16.963001],[103.637828,16.96394],[103.632484,16.962921],[103.630325,16.958302],[103.62607,16.958989],[103.621368,16.956824],[103.621634,16.953406],[103.616998,16.953316],[103.617326,16.951136],[103.609806,16.950865],[103.606577,16.947971],[103.604077,16.948325],[103.604166,16.949502],[103.598162,16.949123],[103.597081,16.948616],[103.597594,16.949253],[103.597315,16.950217],[103.597428,16.950573],[103.596632,16.950864],[103.596727,16.951498],[103.596219,16.951699],[103.596307,16.952223],[103.595209,16.952314],[103.595517,16.952755],[103.594299,16.95335],[103.594005,16.953921],[103.593585,16.953662],[103.592895,16.954062],[103.592297,16.953678],[103.592485,16.95419],[103.592187,16.954838],[103.592287,16.955096],[103.591579,16.955289],[103.59165,16.956535],[103.592436,16.957149],[103.59245,16.957514],[103.592733,16.957393],[103.592945,16.958128],[103.592469,16.958949],[103.59283,16.960142],[103.592822,16.961],[103.590257,16.96224],[103.589979,16.962181],[103.589946,16.962367],[103.58943,16.962326],[103.589529,16.962577],[103.5885,16.963104],[103.587995,16.963763],[103.588198,16.964396],[103.587899,16.964775],[103.587873,16.965318],[103.587088,16.965545],[103.587316,16.9658],[103.585875,16.965961],[103.585759,16.967324],[103.584086,16.968495],[103.578544,16.970825],[103.572889,16.972178],[103.571877,16.972758],[103.569863,16.974886],[103.56808,16.97724],[103.565336,16.982159],[103.564837,16.98353],[103.566473,16.985666],[103.566171,16.987278],[103.567035,16.987624],[103.56798,16.988639],[103.567885,16.989174],[103.567515,16.989554],[103.567708,16.989895],[103.568885,16.990268],[103.570888,16.990292],[103.572132,16.991032],[103.574309,16.991226],[103.575524,16.991904],[103.575864,16.991752],[103.576485,16.990743],[103.578937,16.989749],[103.579489,16.989957],[103.580275,16.99159],[103.581521,16.992365],[103.582831,16.996249],[103.583004,16.997881],[103.582512,17.000931],[103.581911,17.002355],[103.580648,17.003745],[103.576285,17.006612],[103.574729,17.007225],[103.573339,17.007454],[103.572762,17.008133],[103.570391,17.008599],[103.569741,17.008413],[103.569124,17.008939],[103.569474,17.009199],[103.569231,17.009821],[103.569424,17.010103],[103.569323,17.010468],[103.567533,17.011368],[103.567233,17.012366],[103.567851,17.012464],[103.567743,17.013288],[103.567084,17.013268],[103.566249,17.014254],[103.5661,17.014693],[103.566316,17.015048],[103.565877,17.015496],[103.566229,17.015829],[103.565553,17.016657],[103.564938,17.016568],[103.565008,17.016964],[103.564421,17.0184],[103.563933,17.018322],[103.562767,17.018762],[103.562703,17.01917],[103.56236,17.019091],[103.562211,17.019469],[103.562544,17.019437],[103.562775,17.019876],[103.562205,17.019984],[103.562248,17.020418],[103.56175,17.020973],[103.562134,17.021137],[103.561355,17.021622],[103.561575,17.02266],[103.560608,17.023161],[103.560375,17.023646],[103.560874,17.024719],[103.559707,17.025494],[103.558387,17.028138],[103.557503,17.028035],[103.556862,17.028615],[103.554925,17.029304],[103.55372,17.031595],[103.553629,17.032357],[103.553048,17.032819],[103.552693,17.033591],[103.551293,17.033227],[103.551919,17.03406],[103.550489,17.036358],[103.549496,17.036451],[103.548442,17.037319],[103.547223,17.037419],[103.546751,17.038914],[103.54618,17.039868],[103.545525,17.04034],[103.544548,17.040556],[103.54387,17.041708],[103.544165,17.042282],[103.543421,17.042629],[103.539563,17.049087],[103.53911,17.051188],[103.539306,17.05236],[103.539101,17.05388],[103.538537,17.054329],[103.538625,17.054652],[103.537836,17.055208],[103.53744,17.055946],[103.536759,17.056211],[103.536521,17.056853],[103.536212,17.056769],[103.536132,17.057027],[103.535482,17.057158],[103.534157,17.05877],[103.533404,17.059159],[103.533186,17.060343],[103.532396,17.061425],[103.530881,17.06261],[103.530199,17.062729],[103.531136,17.063471],[103.534736,17.064437],[103.537195,17.065917],[103.53718,17.06681],[103.536066,17.068141],[103.535012,17.070869],[103.535481,17.071188],[103.537459,17.071535],[103.53799,17.073188],[103.540696,17.074551],[103.540682,17.075284],[103.538748,17.075682],[103.538347,17.076139],[103.538294,17.077281],[103.539176,17.078346],[103.540009,17.078966],[103.541011,17.079334],[103.543275,17.079204],[103.544899,17.079935],[103.546876,17.079163],[103.547719,17.079586],[103.547714,17.081621],[103.549155,17.083722],[103.549054,17.08461],[103.547529,17.087908],[103.547901,17.088643],[103.548355,17.088985],[103.549808,17.088846],[103.552583,17.087892],[103.554088,17.088213],[103.556901,17.087524],[103.557384,17.087162],[103.557732,17.086394],[103.558183,17.086334],[103.560297,17.087833],[103.560572,17.09098],[103.561498,17.091284],[103.561942,17.093393],[103.563285,17.09336],[103.564113,17.093677],[103.566275,17.092146],[103.566966,17.092686],[103.568753,17.09303],[103.569656,17.093627],[103.570239,17.093218],[103.569639,17.092084],[103.569658,17.091681],[103.572145,17.091558],[103.572956,17.090993],[103.573174,17.091157],[103.573273,17.092077],[103.574715,17.092703],[103.57499,17.091071],[103.57527,17.090891],[103.575701,17.09143],[103.575895,17.093536],[103.575043,17.094094],[103.575506,17.09447],[103.57602,17.095494],[103.576973,17.095319],[103.577274,17.096229],[103.577404,17.097459],[103.57656,17.098558],[103.57657,17.099279],[103.576912,17.099768],[103.577974,17.099942],[103.577822,17.101651],[103.578892,17.101921],[103.580168,17.101912],[103.581803,17.100789],[103.583803,17.099865],[103.58524,17.099612],[103.585969,17.09915],[103.587736,17.100379],[103.587768,17.098965],[103.58835,17.097721],[103.587699,17.095567],[103.587838,17.09505],[103.58893,17.095297],[103.590464,17.094956],[103.591785,17.093775],[103.592372,17.094089],[103.593803,17.095771],[103.594755,17.095843],[103.595987,17.095524],[103.59742,17.095728],[103.59872,17.096854],[103.599757,17.09674],[103.600311,17.099252],[103.600618,17.099764],[103.601172,17.100059],[103.601611,17.09975],[103.602476,17.097388],[103.601718,17.097035],[103.601748,17.095331],[103.602132,17.095091],[103.603349,17.095112],[103.603918,17.095308],[103.604351,17.095916],[103.604802,17.09542],[103.604902,17.095764],[103.604281,17.097224],[103.605556,17.097594],[103.606479,17.099184],[103.607199,17.099649],[103.607716,17.099128],[103.608176,17.097661],[103.608822,17.097535],[103.609076,17.097207],[103.609239,17.096229],[103.611499,17.096062],[103.611558,17.095587],[103.610903,17.094871],[103.611169,17.09452],[103.613964,17.094394],[103.614868,17.09407],[103.61571,17.095084],[103.615985,17.095055],[103.617635,17.093312],[103.617833,17.092397],[103.618951,17.092379],[103.620736,17.092864],[103.62051,17.091714],[103.61996,17.091221],[103.620528,17.091045],[103.621059,17.091549],[103.621073,17.090641],[103.621849,17.090097],[103.621125,17.089717],[103.620814,17.089182],[103.621415,17.088236],[103.621395,17.087706],[103.622269,17.086737],[103.623708,17.086043],[103.624309,17.086237],[103.624747,17.085933],[103.624931,17.08543],[103.624275,17.084879],[103.624477,17.084397],[103.625835,17.083352],[103.626508,17.083174],[103.626974,17.082437],[103.626507,17.080594],[103.626935,17.08001],[103.627566,17.079908],[103.628726,17.079181],[103.628589,17.078634],[103.627543,17.078015],[103.627507,17.0771],[103.627817,17.076486],[103.628401,17.076065],[103.631889,17.075991],[103.632956,17.074336],[103.634736,17.073919],[103.636112,17.07202],[103.638912,17.070714],[103.63896,17.066858],[103.639301,17.066108],[103.638806,17.064798],[103.639713,17.062587],[103.639458,17.060991],[103.639871,17.058391],[103.641009,17.057533],[103.643289,17.054227],[103.644021,17.054154],[103.64456,17.054883],[103.645137,17.054935],[103.645418,17.054786],[103.645611,17.053947],[103.646348,17.053801],[103.646979,17.054071],[103.647351,17.053979],[103.647358,17.052754],[103.648372,17.053089],[103.648703,17.052971],[103.649239,17.052456],[103.649297,17.051465],[103.650055,17.050801],[103.650765,17.049198],[103.65295,17.047449],[103.652608,17.046515],[103.65273,17.045454],[103.652413,17.043943],[103.652381,17.04144],[103.651996,17.040588],[103.652516,17.040404],[103.652604,17.039609],[103.652388,17.039093],[103.651775,17.038601],[103.651975,17.037902],[103.651581,17.037126],[103.651485,17.035833],[103.6507,17.036124]]]},"bbox":[103.530199,16.947971,103.723475,17.101958]},{"type":"Feature","id":"ec9c07c6-322c-4faf-bd0d-705bf28b0260","properties":{"id":"ec9c07c6-322c-4faf-bd0d-705bf28b0260","code":"05461101","provinceCode":"46","nameTh":"เทศบาลตำบล ท่าคันโท","nameEn":null,"geometryType":"MUNICIPALITY","sourceUrl":"https://landometer.com/api/v2/citymeter-v3/grocery/info/geom/ec9c07c6-322c-4faf-bd0d-705bf28b0260/MUNICIPALITY","sourceSha256":"86694c01d9bd86750cd5f5bc34e90b29ca80d7aa3a43e3b161957a0c3abfcd5a","retrievedAt":"2026-10-04T05:43:29.077420+00:00","boundaryVintage":null,"geometryStatus":"native_source_polygon_display_simplified","simplificationToleranceDegrees":0.00015,"simplificationPreservesTopology":true,"invalidSourceRepair":"make_valid; retain polygonal components; discard zero-area collapsed lines","legalBoundaryIndependentlyVerified":false,"areaId":"ec9c07c6-322c-4faf-bd0d-705bf28b0260"},"geometry":{"type":"MultiPolygon","coordinates":[[[[103.231157,16.917848],[103.23214,16.916643],[103.230448,16.915265],[103.229309,16.908024],[103.228486,16.906802],[103.226165,16.907342],[103.225304,16.904641],[103.227504,16.898297],[103.231446,16.896437],[103.233061,16.890764],[103.221033,16.884389],[103.209959,16.887128],[103.205099,16.89066],[103.205505,16.895156],[103.202433,16.900547],[103.2055,16.906563],[103.206432,16.91686],[103.205099,16.921127],[103.198731,16.927648],[103.201451,16.931488],[103.204483,16.945125],[103.200447,16.945924],[103.198743,16.948472],[103.199938,16.949485],[103.200938,16.949919],[103.201004,16.951139],[103.202225,16.951617],[103.202372,16.952752],[103.20178,16.953464],[103.201682,16.954018],[103.202117,16.954893],[103.203185,16.955823],[103.20296,16.957182],[103.203312,16.957821],[103.206342,16.96023],[103.208692,16.960054],[103.209192,16.959053],[103.21097,16.958231],[103.211258,16.958302],[103.211607,16.959191],[103.213526,16.959693],[103.213564,16.960046],[103.212879,16.960584],[103.213159,16.963651],[103.21414,16.964409],[103.215021,16.964405],[103.215357,16.965047],[103.216204,16.964747],[103.216232,16.965835],[103.217289,16.965656],[103.21799,16.966268],[103.218708,16.966082],[103.219044,16.966872],[103.22127,16.96781],[103.221488,16.967155],[103.221036,16.966255],[103.221291,16.965759],[103.222625,16.965361],[103.222911,16.966416],[103.22315,16.966468],[103.225867,16.964694],[103.225945,16.963647],[103.226497,16.963025],[103.227421,16.962983],[103.227238,16.962493],[103.227828,16.962233],[103.227491,16.961494],[103.228249,16.961086],[103.228318,16.960301],[103.22889,16.95976],[103.22885,16.958919],[103.229865,16.958998],[103.230074,16.957914],[103.230348,16.957771],[103.230693,16.957876],[103.231052,16.958657],[103.231864,16.958432],[103.232771,16.958687],[103.231976,16.959925],[103.23227,16.960197],[103.233181,16.960367],[103.233675,16.960274],[103.234336,16.959615],[103.233908,16.959063],[103.233969,16.958706],[103.234406,16.958456],[103.235836,16.958861],[103.236198,16.958235],[103.236534,16.958213],[103.237259,16.958763],[103.237561,16.960002],[103.238194,16.95937],[103.23949,16.959385],[103.239446,16.960073],[103.239945,16.960481],[103.23969,16.960871],[103.239803,16.961391],[103.2576,16.949001],[103.261518,16.947154],[103.274091,16.943457],[103.275725,16.942783],[103.277993,16.941204],[103.279283,16.939215],[103.279521,16.937994],[103.27953192985595,16.934827951687737],[103.27665073179342,16.932843504028426],[103.274652,16.929221],[103.26735,16.928465],[103.263243,16.923097],[103.235831,16.922292],[103.236636,16.920345],[103.231157,16.917848]],[[103.277184,16.93381],[103.27665,16.932843],[103.27665073179342,16.932843504028426],[103.277184,16.93381]]],[[[103.279533,16.93451],[103.27953192985595,16.934827951687737],[103.279532,16.934828],[103.279533,16.93451]]]]},"bbox":[103.198731,16.884389,103.279533,16.967864]},{"type":"Feature","id":"290b5ee9-fd0d-4c27-a1a7-bd16051d8bd5","properties":{"id":"290b5ee9-fd0d-4c27-a1a7-bd16051d8bd5","code":"05461102","provinceCode":"46","nameTh":"เทศบาลตำบล กุงเก่า","nameEn":null,"geometryType":"MUNICIPALITY","sourceUrl":"https://landometer.com/api/v2/citymeter-v3/grocery/info/geom/290b5ee9-fd0d-4c27-a1a7-bd16051d8bd5/MUNICIPALITY","sourceSha256":"505a3478ada5f3f164bf4df8e00336b84380a9cbab9a211342fd4af42a7aedd0","retrievedAt":"2026-10-04T05:43:29.119660+00:00","boundaryVintage":null,"geometryStatus":"native_source_polygon_display_simplified","simplificationToleranceDegrees":0.00015,"simplificationPreservesTopology":true,"invalidSourceRepair":"make_valid; retain polygonal components; discard zero-area collapsed lines","legalBoundaryIndependentlyVerified":false,"areaId":"290b5ee9-fd0d-4c27-a1a7-bd16051d8bd5"},"geometry":{"type":"MultiPolygon","coordinates":[[[[103.181111,16.789337],[103.18068,16.789879],[103.181075,16.790282],[103.180523,16.790291],[103.180757,16.790637],[103.180482,16.791166],[103.179723,16.791386],[103.179911,16.791744],[103.180394,16.791904],[103.180319,16.792652],[103.18067,16.792776],[103.179747,16.794286],[103.18063,16.795383],[103.181474,16.795713],[103.181581,16.796291],[103.182294,16.796761],[103.182074,16.797089],[103.182334,16.797683],[103.181908,16.798403],[103.180102,16.799615],[103.180289,16.799975],[103.180189,16.800558],[103.179417,16.800581],[103.179255,16.801206],[103.179554,16.801387],[103.179051,16.802088],[103.179826,16.802491],[103.179546,16.802867],[103.179797,16.803582],[103.179645,16.803894],[103.180627,16.8038],[103.180424,16.804302],[103.180589,16.804451],[103.181318,16.804036],[103.181198,16.804552],[103.181607,16.804774],[103.18165,16.805358],[103.183086,16.805714],[103.182942,16.806252],[103.183182,16.807165],[103.182918,16.807442],[103.182341,16.807424],[103.183244,16.80911],[103.18326,16.809714],[103.182957,16.81017],[103.18307,16.810667],[103.182352,16.811226],[103.182552,16.811807],[103.182257,16.812204],[103.182256,16.812917],[103.182619,16.813679],[103.183397,16.814146],[103.183456,16.815045],[103.182894,16.815406],[103.183062,16.815767],[103.18346,16.815878],[103.183159,16.816301],[103.183525,16.816974],[103.182869,16.817678],[103.183427,16.818069],[103.183871,16.818873],[103.183728,16.819811],[103.184064,16.820216],[103.184437,16.820084],[103.184296,16.820768],[103.184469,16.821163],[103.183252,16.822534],[103.183328,16.823342],[103.182732,16.823401],[103.182508,16.824165],[103.182067,16.824458],[103.181603,16.825952],[103.180781,16.826367],[103.179593,16.826394],[103.178856,16.826865],[103.178892,16.829505],[103.178224,16.829784],[103.17851,16.830561],[103.178344,16.830846],[103.177937,16.830864],[103.178199,16.832524],[103.177754,16.832721],[103.17855,16.83432],[103.179235,16.83473],[103.178795,16.83493],[103.179081,16.835162],[103.179405,16.837023],[103.179833,16.837138],[103.179964,16.8384],[103.179539,16.838768],[103.179735,16.83954],[103.1792,16.839399],[103.179061,16.839822],[103.178311,16.840441],[103.178407,16.841854],[103.177817,16.842456],[103.177427,16.84224],[103.177168,16.842499],[103.176463,16.842406],[103.175938,16.842716],[103.175582,16.843189],[103.17557,16.843803],[103.175277,16.843886],[103.175554,16.844236],[103.174901,16.844367],[103.174848,16.84485],[103.174053,16.844945],[103.172998,16.845489],[103.171769,16.845342],[103.171828,16.845711],[103.17112,16.846494],[103.170663,16.847529],[103.170585,16.848343],[103.170376,16.848436],[103.170592,16.849448],[103.170046,16.850087],[103.169818,16.852468],[103.169936,16.853033],[103.174608,16.861207],[103.17517,16.86289],[103.175072,16.863453],[103.174297,16.863921],[103.172464,16.864124],[103.16546,16.8679],[103.146138,16.873111],[103.149403,16.892436],[103.152801,16.895407],[103.154517,16.901778],[103.165508,16.907669],[103.158699,16.920565],[103.167769,16.951644],[103.169826,16.950169],[103.172515,16.952504],[103.173058,16.95253],[103.17391,16.952092],[103.17632,16.95284],[103.176677,16.95382],[103.175683,16.95453],[103.175258,16.955422],[103.175196,16.955984],[103.175592,16.956298],[103.176799,16.955446],[103.177084,16.954326],[103.177396,16.954041],[103.178047,16.95385],[103.179373,16.95402],[103.179692,16.953735],[103.180003,16.952611],[103.181983,16.952414],[103.182644,16.952047],[103.18272,16.950297],[103.182078,16.948006],[103.182221,16.947505],[103.182585,16.947257],[103.183958,16.947948],[103.185065,16.947077],[103.185541,16.947115],[103.186569,16.948265],[103.18812,16.948973],[103.189347,16.949983],[103.191595,16.950086],[103.19213,16.949002],[103.194052,16.949036],[103.19487,16.949333],[103.195225,16.95022],[103.197527,16.950855],[103.197835,16.950709],[103.197992,16.950061],[103.197887,16.949482],[103.197226,16.948748],[103.197444,16.948394],[103.198219,16.948146],[103.19874321902985,16.948471672483514],[103.200447,16.945924],[103.204483,16.945125],[103.201451,16.931488],[103.198731,16.927648],[103.205099,16.921127],[103.206432,16.91686],[103.2055,16.906563],[103.202433,16.900547],[103.205505,16.895156],[103.205099,16.89066],[103.209959,16.887128],[103.221033,16.884389],[103.221902,16.88485],[103.222071,16.884725],[103.220634,16.882757],[103.222147,16.877622],[103.221165,16.875294],[103.2231,16.836214],[103.223439,16.836437],[103.224843,16.83404],[103.225062,16.831387],[103.226434,16.828566],[103.225178,16.826006],[103.224782,16.824046],[103.225478,16.81686],[103.225409,16.812746],[103.22502,16.811045],[103.225871,16.807511],[103.225703,16.805366],[103.224282,16.799036],[103.224068,16.796612],[103.223063,16.79459],[103.222034,16.791129],[103.220038,16.789873],[103.213944,16.789305],[103.206556,16.788146],[103.205425,16.788385],[103.196128,16.785671],[103.193785,16.785368],[103.180727,16.785275],[103.179511,16.786196],[103.179634,16.786534],[103.179361,16.786836],[103.180305,16.787681],[103.180282,16.788256],[103.180749,16.788309],[103.180409,16.788695],[103.180456,16.789099],[103.180853,16.788962],[103.181111,16.789337]]],[[[103.19874321902985,16.948471672483514],[103.198743,16.948472],[103.198763,16.948489],[103.19874321902985,16.948471672483514]]]]},"bbox":[103.146138,16.785275,103.226434,16.956298]},{"type":"Feature","id":"d915ee45-1702-4fd8-987f-159d714d7f9d","properties":{"id":"d915ee45-1702-4fd8-987f-159d714d7f9d","code":"05461103","provinceCode":"46","nameTh":"เทศบาลตำบล กุดจิก","nameEn":null,"geometryType":"MUNICIPALITY","sourceUrl":"https://landometer.com/api/v2/citymeter-v3/grocery/info/geom/d915ee45-1702-4fd8-987f-159d714d7f9d/MUNICIPALITY","sourceSha256":"194a2833a4a59db3c65c401624e6efb2c8fb79846683d106782be1d5e572f833","retrievedAt":"2026-10-04T05:43:29.216484+00:00","boundaryVintage":null,"geometryStatus":"native_source_polygon_display_simplified","simplificationToleranceDegrees":0.00015,"simplificationPreservesTopology":true,"invalidSourceRepair":"make_valid; retain polygonal components; discard zero-area collapsed lines","legalBoundaryIndependentlyVerified":false,"areaId":"d915ee45-1702-4fd8-987f-159d714d7f9d"},"geometry":{"type":"MultiPolygon","coordinates":[[[[103.172626,16.864129],[103.1725874007205,16.86412780866421],[103.17293,16.864139],[103.172626,16.864129]]],[[[103.1725874007205,16.86412780866421],[103.169229,16.863935],[103.1654,16.865407],[103.163688,16.865512],[103.161787,16.866899],[103.161091,16.867099],[103.158358,16.866452],[103.156524,16.866292],[103.147807,16.866857],[103.142525,16.868182],[103.14113,16.868941],[103.138097,16.869952],[103.134589,16.872319],[103.134052,16.872231],[103.133795,16.871895],[103.133898,16.870176],[103.135626,16.864663],[103.137449,16.860432],[103.141105,16.855925],[103.141804,16.84907],[103.141679,16.847152],[103.140924,16.843527],[103.14042,16.842134],[103.139838,16.841374],[103.14023,16.837922],[103.139717,16.837618],[103.139086,16.837657],[103.139123,16.835399],[103.138323,16.834663],[103.138196,16.83388],[103.137473,16.833087],[103.137557,16.831798],[103.137,16.829627],[103.136379,16.829373],[103.135826,16.829915],[103.135037,16.830073],[103.134415,16.829259],[103.134177,16.82764],[103.133703,16.826827],[103.133169,16.827279],[103.132068,16.827037],[103.131429,16.826411],[103.131139,16.825447],[103.12987,16.82457],[103.128881,16.824356],[103.128725,16.823843],[103.129219,16.823379],[103.128901,16.823175],[103.128485,16.823495],[103.128228,16.823289],[103.128747,16.822925],[103.128717,16.822432],[103.127421,16.821914],[103.127355,16.820654],[103.126899,16.820614],[103.126389,16.821075],[103.125703,16.82055],[103.125658,16.819718],[103.125233,16.819423],[103.124857,16.819565],[103.125237,16.820359],[103.124659,16.820454],[103.124198,16.819786],[103.124733,16.819262],[103.123934,16.818311],[103.123353,16.818048],[103.122402,16.818186],[103.121328,16.818803],[103.120732,16.81852],[103.120439,16.819381],[103.120127,16.819556],[103.119231,16.818677],[103.118858,16.819257],[103.119278,16.819752],[103.118839,16.81993],[103.118438,16.819699],[103.118224,16.818859],[103.117755,16.819256],[103.117018,16.819208],[103.116605,16.818812],[103.115511,16.818847],[103.113904,16.818184],[103.113729,16.818453],[103.114324,16.818782],[103.114226,16.819183],[103.113148,16.819235],[103.112702,16.819725],[103.1108,16.822376],[103.110831,16.823344],[103.109826,16.823647],[103.10976,16.824541],[103.107931,16.824533],[103.107869,16.825103],[103.107404,16.825574],[103.107253,16.826584],[103.105981,16.826407],[103.105577,16.826007],[103.105269,16.826032],[103.105276,16.82635],[103.105902,16.826863],[103.105968,16.827178],[103.105176,16.828893],[103.104343,16.828871],[103.10425,16.829466],[103.104504,16.829743],[103.105732,16.830113],[103.106125,16.831095],[103.10691,16.831343],[103.106915,16.831688],[103.106352,16.831761],[103.106485,16.832667],[103.106644,16.832885],[103.107268,16.832917],[103.107335,16.833224],[103.106813,16.834069],[103.106338,16.833851],[103.105442,16.834023],[103.105618,16.835229],[103.104612,16.835411],[103.104308,16.835129],[103.103031,16.836257],[103.103216,16.837315],[103.104084,16.838804],[103.102855,16.838668],[103.102047,16.839105],[103.101811,16.839657],[103.102287,16.840734],[103.102185,16.841121],[103.102443,16.841416],[103.103056,16.841143],[103.103277,16.842105],[103.10395,16.842899],[103.104866,16.843105],[103.104707,16.844218],[103.104882,16.844615],[103.105322,16.844608],[103.105795,16.844232],[103.106072,16.843345],[103.106908,16.843835],[103.106851,16.845332],[103.106444,16.846011],[103.10712,16.846547],[103.107145,16.846879],[103.106982,16.847058],[103.106526,16.84685],[103.106394,16.847307],[103.105905,16.847144],[103.10543,16.847884],[103.105936,16.848593],[103.106153,16.849523],[103.106562,16.849861],[103.108165,16.850003],[103.109223,16.850494],[103.109433,16.851309],[103.1092,16.851606],[103.10872,16.851356],[103.108813,16.851784],[103.11026,16.852269],[103.110754,16.851344],[103.111432,16.850913],[103.111769,16.851565],[103.113301,16.851567],[103.112775,16.852904],[103.11368,16.852672],[103.11446,16.853071],[103.114171,16.853918],[103.115001,16.856271],[103.11396,16.856509],[103.113178,16.858027],[103.112229,16.85838],[103.112025,16.860305],[103.111613,16.861068],[103.112906,16.861956],[103.112634,16.862631],[103.112781,16.863568],[103.112514,16.864607],[103.112827,16.865087],[103.113002,16.866127],[103.113803,16.866264],[103.114498,16.867283],[103.115507,16.867075],[103.115988,16.867766],[103.11613,16.868742],[103.116838,16.868325],[103.118272,16.868585],[103.118128,16.869536],[103.119716,16.870609],[103.119983,16.871395],[103.120453,16.871773],[103.120002,16.872511],[103.119932,16.874822],[103.119647,16.875041],[103.119074,16.874844],[103.11872,16.87554],[103.119275,16.875886],[103.119903,16.877177],[103.119073,16.878562],[103.119069,16.879187],[103.119464,16.879936],[103.119922,16.880163],[103.120399,16.879945],[103.119995,16.879401],[103.120689,16.878877],[103.122002,16.879479],[103.122332,16.880152],[103.121724,16.880666],[103.121837,16.881151],[103.121234,16.881036],[103.121238,16.882044],[103.122373,16.882513],[103.122582,16.882833],[103.122034,16.882965],[103.122147,16.883716],[103.121635,16.883624],[103.121271,16.884197],[103.12026,16.884433],[103.119829,16.886865],[103.119963,16.888417],[103.120484,16.889451],[103.12113,16.889937],[103.120477,16.890649],[103.120532,16.891066],[103.122007,16.891876],[103.122548,16.89166],[103.123037,16.891968],[103.123482,16.891646],[103.124162,16.891925],[103.123708,16.893247],[103.124064,16.89397],[103.123311,16.894344],[103.12289,16.895136],[103.122946,16.895414],[103.123502,16.895583],[103.123573,16.896162],[103.123026,16.895826],[103.122602,16.896223],[103.122899,16.897923],[103.123302,16.898654],[103.12325,16.899108],[103.12214,16.899681],[103.121916,16.900602],[103.121056,16.901197],[103.121068,16.901841],[103.120187,16.901662],[103.119226,16.902282],[103.118911,16.90321],[103.118171,16.903458],[103.118041,16.904131],[103.11665,16.904382],[103.116317,16.905207],[103.115039,16.905271],[103.114946,16.906526],[103.113757,16.906245],[103.112409,16.906481],[103.111678,16.906112],[103.11131,16.906547],[103.110806,16.90586],[103.11,16.906259],[103.110099,16.905724],[103.109635,16.906046],[103.109495,16.90656],[103.108534,16.906463],[103.108514,16.907803],[103.108034,16.908168],[103.107541,16.908151],[103.107282,16.909115],[103.106642,16.909549],[103.106126,16.908975],[103.105737,16.909111],[103.10537,16.910121],[103.10582,16.910437],[103.105243,16.911081],[103.103595,16.911235],[103.102306,16.912135],[103.102218,16.911627],[103.101514,16.911637],[103.10081,16.912309],[103.101071,16.912722],[103.100905,16.912959],[103.100078,16.912635],[103.099535,16.913087],[103.098614,16.912408],[103.097772,16.912862],[103.098119,16.914135],[103.096832,16.914431],[103.097117,16.91494],[103.096793,16.915234],[103.09835,16.915898],[103.098587,16.916377],[103.098335,16.916754],[103.097826,16.916025],[103.09724,16.916179],[103.097615,16.916535],[103.096857,16.916902],[103.096855,16.917748],[103.097575,16.918011],[103.09688,16.918762],[103.09767,16.918938],[103.097682,16.919506],[103.098129,16.919737],[103.097741,16.920263],[103.098044,16.920615],[103.098003,16.920994],[103.098403,16.921102],[103.098805,16.92073],[103.09899,16.921785],[103.097971,16.922375],[103.097334,16.923337],[103.097031,16.925058],[103.097259,16.925285],[103.097844,16.925273],[103.097448,16.926109],[103.098221,16.927505],[103.098712,16.927277],[103.100163,16.928206],[103.100017,16.928488],[103.098612,16.928884],[103.098659,16.929593],[103.098175,16.930041],[103.098451,16.930951],[103.098681,16.930968],[103.099075,16.930463],[103.099251,16.931409],[103.099654,16.931372],[103.099889,16.931863],[103.100411,16.931797],[103.10115,16.932236],[103.100085,16.932712],[103.099653,16.932298],[103.099426,16.933208],[103.100161,16.934072],[103.100223,16.934631],[103.100825,16.93446],[103.101129,16.934909],[103.102032,16.934477],[103.102415,16.934549],[103.101829,16.935654],[103.102052,16.936507],[103.101859,16.937251],[103.10241,16.937575],[103.102299,16.937986],[103.101832,16.938116],[103.101756,16.938446],[103.102199,16.938604],[103.102227,16.939165],[103.102517,16.939152],[103.103005,16.938391],[103.103702,16.93965],[103.104785,16.939617],[103.105756,16.939282],[103.105687,16.938875],[103.106894,16.938321],[103.107103,16.939326],[103.107901,16.939335],[103.108249,16.939939],[103.108092,16.940628],[103.107648,16.940573],[103.107249,16.94108],[103.108128,16.941529],[103.108418,16.941396],[103.109011,16.942445],[103.109221,16.942326],[103.109254,16.941712],[103.109657,16.941868],[103.110019,16.941544],[103.110882,16.941542],[103.11086,16.94205],[103.110238,16.942986],[103.109457,16.943122],[103.109032,16.943725],[103.109214,16.944638],[103.109951,16.945267],[103.109482,16.945979],[103.10994,16.947328],[103.109915,16.948221],[103.1106,16.949098],[103.111028,16.949267],[103.111596,16.949134],[103.112178,16.949794],[103.112196,16.950935],[103.111624,16.951226],[103.112727,16.952626],[103.112482,16.95321],[103.113033,16.954245],[103.112548,16.954791],[103.113072,16.955264],[103.11311,16.955804],[103.114086,16.955714],[103.114491,16.956173],[103.114475,16.955132],[103.115156,16.955536],[103.115107,16.956895],[103.114439,16.957156],[103.11434,16.957743],[103.113699,16.957789],[103.11351,16.95833],[103.114075,16.958352],[103.114154,16.959135],[103.114637,16.959097],[103.114874,16.95969],[103.115999,16.959303],[103.115789,16.960284],[103.115388,16.960625],[103.115678,16.960914],[103.115766,16.960553],[103.116703,16.960309],[103.117305,16.960922],[103.117495,16.962435],[103.118525,16.962361],[103.118876,16.961292],[103.119479,16.96098],[103.120687,16.961654],[103.121155,16.962285],[103.121599,16.962205],[103.122042,16.961714],[103.122206,16.960123],[103.122838,16.959402],[103.12594,16.957838],[103.127591,16.957321],[103.128111,16.956335],[103.128006,16.955441],[103.128262,16.954988],[103.128664,16.954979],[103.129156,16.955359],[103.129638,16.956149],[103.131768,16.957149],[103.132391,16.957181],[103.134745,16.95535],[103.135209,16.954198],[103.136049,16.954333],[103.13621,16.954777],[103.136813,16.955176],[103.137485,16.955224],[103.138475,16.954887],[103.138877,16.954424],[103.140643,16.95401],[103.141362,16.953598],[103.142441,16.952327],[103.144074,16.951824],[103.145274,16.951817],[103.146529,16.950779],[103.147152,16.950761],[103.147708,16.951274],[103.148067,16.951284],[103.148658,16.950644],[103.148939,16.949442],[103.149934,16.948975],[103.15078,16.94893],[103.151787,16.94819],[103.15338,16.948629],[103.1554,16.948351],[103.155824,16.949638],[103.156281,16.949896],[103.157323,16.948872],[103.159343,16.947919],[103.16033,16.946657],[103.161919,16.948266],[103.16285,16.948514],[103.164273,16.948453],[103.164421,16.948882],[103.163767,16.950478],[103.163934,16.951196],[103.165787,16.951143],[103.167227,16.951742],[103.16776887465754,16.951643570505134],[103.158699,16.920565],[103.165508,16.907669],[103.154517,16.901778],[103.152801,16.895407],[103.149403,16.892436],[103.146138,16.873111],[103.16546,16.8679],[103.1725874007205,16.86412780866421]]],[[[103.16776887465754,16.951643570505134],[103.167769,16.951644],[103.167777,16.951639],[103.16776887465754,16.951643570505134]]]]},"bbox":[103.096761,16.818041,103.17293,16.962519]},{"type":"Feature","id":"5e407cc7-3584-4598-8673-11f81943701d","properties":{"id":"5e407cc7-3584-4598-8673-11f81943701d","code":"05461104","provinceCode":"46","nameTh":"เทศบาลตำบล ดงสมบูรณ์","nameEn":null,"geometryType":"MUNICIPALITY","sourceUrl":"https://landometer.com/api/v2/citymeter-v3/grocery/info/geom/5e407cc7-3584-4598-8673-11f81943701d/MUNICIPALITY","sourceSha256":"7067e8d66701872f40ff0ef72339b34882eb204f92831688a8da2bfeabd51eed","retrievedAt":"2026-10-04T05:43:29.137410+00:00","boundaryVintage":null,"geometryStatus":"native_source_polygon_display_simplified","simplificationToleranceDegrees":0.00015,"simplificationPreservesTopology":true,"invalidSourceRepair":"make_valid; retain polygonal components; discard zero-area collapsed lines","legalBoundaryIndependentlyVerified":false,"areaId":"5e407cc7-3584-4598-8673-11f81943701d"},"geometry":{"type":"MultiPolygon","coordinates":[[[[103.410294,16.87229],[103.41275,16.864592],[103.412709,16.862248],[103.411939,16.860963],[103.410468,16.859944],[103.400761,16.854806],[103.39706,16.852045],[103.395396,16.850081],[103.391013,16.843647],[103.388499,16.838381],[103.386952,16.836392],[103.385577,16.835575],[103.385622,16.834875],[103.385194,16.83413],[103.385598,16.833837],[103.385034,16.833491],[103.385356,16.833248],[103.385296,16.832756],[103.384938,16.832478],[103.384757,16.832748],[103.384247,16.832205],[103.383575,16.832718],[103.383292,16.832285],[103.382818,16.832418],[103.382539,16.831865],[103.382065,16.831579],[103.381895,16.830878],[103.381236,16.830409],[103.381051,16.828918],[103.380258,16.828437],[103.379846,16.828864],[103.379333,16.828646],[103.378534,16.828759],[103.377833,16.829443],[103.376934,16.829537],[103.376586,16.829958],[103.375694,16.829931],[103.375897,16.830607],[103.374929,16.830701],[103.374829,16.831215],[103.373955,16.831014],[103.373408,16.831368],[103.372761,16.831271],[103.371657,16.831758],[103.371059,16.831473],[103.369735,16.831576],[103.369342,16.831937],[103.36932,16.83256],[103.368461,16.833145],[103.368668,16.833737],[103.368143,16.834189],[103.367037,16.83424],[103.366496,16.834702],[103.365822,16.833914],[103.365263,16.834912],[103.364439,16.834192],[103.364001,16.834343],[103.364207,16.834845],[103.363177,16.835264],[103.362866,16.83611],[103.361946,16.836715],[103.361502,16.837997],[103.360417,16.838041],[103.359321,16.838969],[103.358345,16.839385],[103.358415,16.840048],[103.357241,16.841595],[103.357411,16.842618],[103.356131,16.842753],[103.3563,16.843808],[103.35597,16.844064],[103.354805,16.844122],[103.354211,16.842975],[103.353713,16.843188],[103.353367,16.844201],[103.352857,16.844598],[103.351487,16.844352],[103.351529,16.843614],[103.348499,16.845673],[103.333148,16.849769],[103.323455,16.858018],[103.323441,16.864453],[103.32069,16.867606],[103.318579,16.875567],[103.322015,16.888072],[103.326406,16.89039],[103.33945,16.888761],[103.350622,16.893837],[103.35363,16.900586],[103.359899,16.902585],[103.363972,16.909194],[103.364399,16.909084],[103.3647427158261,16.909747451478257],[103.36674,16.908577],[103.367775,16.907694],[103.370029,16.903606],[103.371319,16.90288],[103.372174,16.902716],[103.373947,16.902891],[103.380198,16.906295],[103.385051,16.902813],[103.386529,16.901015],[103.389573,16.896366],[103.390569,16.895843],[103.393765,16.895172],[103.395223,16.894129],[103.395747,16.89345],[103.396351,16.890082],[103.397025,16.888689],[103.40247,16.884827],[103.403903,16.88351],[103.40482,16.882181],[103.406257,16.878253],[103.407391,16.875973],[103.410294,16.87229]]],[[[103.3647427158261,16.909747451478257],[103.364508,16.909885],[103.364743,16.909748],[103.3647427158261,16.909747451478257]]]]},"bbox":[103.318579,16.828437,103.412864,16.909885]},{"type":"Feature","id":"ab2ef721-c461-46d4-bae9-aaee1de6c98a","properties":{"id":"ab2ef721-c461-46d4-bae9-aaee1de6c98a","code":"05461105","provinceCode":"46","nameTh":"เทศบาลตำบล นาตาล","nameEn":null,"geometryType":"MUNICIPALITY","sourceUrl":"https://landometer.com/api/v2/citymeter-v3/grocery/info/geom/ab2ef721-c461-46d4-bae9-aaee1de6c98a/MUNICIPALITY","sourceSha256":"1a0f85b135e3700beb6f88f9dce5c4de9d5459631dfeae0881e0722f717e2073","retrievedAt":"2026-10-04T05:43:29.133868+00:00","boundaryVintage":null,"geometryStatus":"native_source_polygon_display_simplified","simplificationToleranceDegrees":0.00015,"simplificationPreservesTopology":true,"invalidSourceRepair":"make_valid; retain polygonal components; discard zero-area collapsed lines","legalBoundaryIndependentlyVerified":false,"areaId":"ab2ef721-c461-46d4-bae9-aaee1de6c98a"},"geometry":{"type":"Polygon","coordinates":[[[103.296714,16.859528],[103.308058,16.852822],[103.317609,16.842862],[103.319913,16.843388],[103.32383,16.841282],[103.327971,16.843193],[103.331324,16.839827],[103.335552,16.839339],[103.338591,16.840143],[103.337941,16.839322],[103.337133,16.839414],[103.33713,16.839184],[103.337495,16.839061],[103.337465,16.837298],[103.337073,16.83636],[103.336583,16.836185],[103.336661,16.835425],[103.337189,16.835264],[103.337315,16.834898],[103.336523,16.834404],[103.336081,16.833721],[103.336454,16.832868],[103.335528,16.832126],[103.334479,16.830346],[103.333357,16.830409],[103.332325,16.829814],[103.331709,16.829134],[103.331119,16.829843],[103.330254,16.830242],[103.330425,16.83106],[103.33015,16.831631],[103.329877,16.831667],[103.324757,16.829215],[103.324009,16.82918],[103.323378,16.829571],[103.323433,16.828977],[103.322701,16.828392],[103.320528,16.828206],[103.320247,16.82782],[103.319674,16.82849],[103.318755,16.828382],[103.318788,16.827793],[103.31832,16.827919],[103.318361,16.827446],[103.318002,16.827285],[103.318141,16.826792],[103.318468,16.826791],[103.318371,16.827203],[103.318825,16.827065],[103.318804,16.826764],[103.3195,16.826687],[103.319561,16.826474],[103.31921,16.826372],[103.319778,16.825427],[103.31931,16.824998],[103.318707,16.824873],[103.318233,16.823744],[103.317285,16.82332],[103.316745,16.822491],[103.31636,16.822808],[103.315721,16.822398],[103.315234,16.82289],[103.314984,16.822554],[103.314678,16.822577],[103.314797,16.822079],[103.314265,16.82163],[103.313654,16.821823],[103.313934,16.822086],[103.313397,16.823168],[103.313047,16.823158],[103.312461,16.822465],[103.312289,16.822675],[103.311978,16.822494],[103.311611,16.822912],[103.310962,16.822794],[103.310254,16.821779],[103.309061,16.822217],[103.30903,16.821531],[103.308156,16.821113],[103.307619,16.820402],[103.308062,16.819043],[103.30789,16.818656],[103.306354,16.81818],[103.306396,16.81743],[103.305395,16.817286],[103.305402,16.816686],[103.304781,16.816469],[103.304785,16.815842],[103.303638,16.814228],[103.303036,16.814592],[103.302961,16.814964],[103.302512,16.814835],[103.302631,16.815368],[103.302187,16.815422],[103.302094,16.814547],[103.301593,16.814763],[103.301385,16.814092],[103.300273,16.81541],[103.300585,16.815746],[103.30006,16.815941],[103.300221,16.816926],[103.299592,16.816902],[103.299607,16.817352],[103.300045,16.817284],[103.299662,16.818141],[103.299146,16.817659],[103.298589,16.817661],[103.297817,16.817282],[103.29696,16.817436],[103.296564,16.81705],[103.296163,16.817087],[103.295835,16.817594],[103.295599,16.817206],[103.295131,16.817281],[103.294838,16.816723],[103.29433,16.816663],[103.293813,16.817501],[103.293862,16.817875],[103.293324,16.818431],[103.292981,16.818262],[103.293188,16.817912],[103.292799,16.817731],[103.291815,16.817721],[103.291511,16.818108],[103.290946,16.817612],[103.291012,16.818225],[103.290834,16.818369],[103.290632,16.818339],[103.290451,16.817805],[103.289665,16.818132],[103.28975,16.81855],[103.288881,16.818211],[103.288908,16.818724],[103.288436,16.818434],[103.288435,16.818909],[103.287561,16.818831],[103.287395,16.819071],[103.28651,16.818776],[103.286306,16.81803],[103.285653,16.817162],[103.28453,16.816756],[103.284457,16.816092],[103.284985,16.815856],[103.285072,16.815347],[103.285637,16.815447],[103.285969,16.815081],[103.28542,16.8151],[103.285449,16.814789],[103.284536,16.814413],[103.284513,16.814198],[103.284912,16.814237],[103.284595,16.813892],[103.284837,16.813675],[103.28411,16.81281],[103.282547,16.812968],[103.281907,16.812691],[103.281518,16.813142],[103.280979,16.812599],[103.280698,16.813094],[103.279735,16.813333],[103.278318,16.812052],[103.278313,16.81179],[103.27876,16.811562],[103.278073,16.81157],[103.278052,16.810373],[103.27735,16.810902],[103.277514,16.810221],[103.277113,16.810311],[103.276906,16.810757],[103.276473,16.810396],[103.276186,16.810606],[103.276145,16.810263],[103.275829,16.810322],[103.275361,16.809849],[103.274709,16.810367],[103.273752,16.810514],[103.27368,16.810173],[103.272851,16.810145],[103.271939,16.810721],[103.271102,16.810287],[103.270353,16.810489],[103.270289,16.810879],[103.269975,16.810939],[103.26978,16.81136],[103.269636,16.811012],[103.269197,16.811073],[103.26937,16.811579],[103.268952,16.811927],[103.268177,16.811748],[103.268331,16.811521],[103.267439,16.810938],[103.2671,16.810987],[103.267079,16.810706],[103.266678,16.810612],[103.266445,16.810863],[103.265393,16.810338],[103.265047,16.810852],[103.264409,16.810978],[103.263783,16.811697],[103.263025,16.81139],[103.262189,16.811392],[103.261499,16.811836],[103.261268,16.811483],[103.260657,16.811299],[103.260523,16.810957],[103.25981,16.811137],[103.259535,16.810884],[103.259183,16.810993],[103.257197,16.80968],[103.255754,16.809179],[103.255506,16.809317],[103.254711,16.811202],[103.254534,16.8121],[103.255632,16.813702],[103.25554,16.814172],[103.251444,16.816181],[103.25122,16.821191],[103.248201,16.823562],[103.247755,16.824277],[103.247358,16.825847],[103.248946,16.830455],[103.24891,16.831091],[103.242254,16.837482],[103.240173,16.838824],[103.23802,16.839381],[103.234721,16.83976],[103.230808,16.841646],[103.228348,16.84171],[103.226626,16.841271],[103.225323,16.84058],[103.224428,16.839485],[103.223145,16.836951],[103.223439,16.836437],[103.2231,16.836214],[103.221165,16.875294],[103.222147,16.877622],[103.220634,16.882757],[103.222071,16.884725],[103.221902,16.88485],[103.233061,16.890764],[103.231446,16.896437],[103.227504,16.898297],[103.225304,16.904641],[103.226165,16.907342],[103.228486,16.906802],[103.229309,16.908024],[103.230448,16.915265],[103.23214,16.916643],[103.231157,16.917848],[103.236636,16.920345],[103.235831,16.922292],[103.262898,16.923087],[103.261957,16.92195],[103.263258,16.917572],[103.261571,16.911852],[103.26459,16.906071],[103.265226,16.898235],[103.261011,16.895393],[103.262122,16.889279],[103.259942,16.88437],[103.261357,16.882386],[103.270884,16.878838],[103.280434,16.881299],[103.284805,16.876204],[103.290657,16.874993],[103.295314,16.869879],[103.296714,16.859528]]]},"bbox":[103.220634,16.809179,103.338591,16.923087]},{"type":"Feature","id":"03768fb2-4c5e-4e9f-86af-40e9d5e595d6","properties":{"id":"03768fb2-4c5e-4e9f-86af-40e9d5e595d6","code":"05461201","provinceCode":"46","nameTh":"เทศบาลตำบล หนองกุงศรี","nameEn":null,"geometryType":"MUNICIPALITY","sourceUrl":"https://landometer.com/api/v2/citymeter-v3/grocery/info/geom/03768fb2-4c5e-4e9f-86af-40e9d5e595d6/MUNICIPALITY","sourceSha256":"87d840f31d6b38784819ba353ad24b69f8f128a420456944fbf346c895a7b903","retrievedAt":"2026-10-04T05:43:29.128561+00:00","boundaryVintage":null,"geometryStatus":"native_source_polygon_display_simplified","simplificationToleranceDegrees":0.00015,"simplificationPreservesTopology":true,"invalidSourceRepair":"make_valid; retain polygonal components; discard zero-area collapsed lines","legalBoundaryIndependentlyVerified":false,"areaId":"03768fb2-4c5e-4e9f-86af-40e9d5e595d6"},"geometry":{"type":"MultiPolygon","coordinates":[[[[103.278125,16.646194],[103.27311,16.653468],[103.285859,16.673215],[103.285717,16.673285],[103.289532,16.681824],[103.30501,16.676244],[103.315008,16.675195],[103.321623,16.672761],[103.325234,16.673342],[103.329183,16.665139],[103.321916,16.663767],[103.311969,16.666163],[103.311091,16.662521],[103.304298,16.654686],[103.30225,16.654327],[103.302277,16.648812],[103.292728,16.641247],[103.278125,16.646194]]],[[[103.28474595989482,16.67149100572931],[103.284733,16.671493],[103.28474596015364,16.671491006130207],[103.28474595989482,16.67149100572931]]]]},"bbox":[103.27311,16.641247,103.329183,16.681824]},{"type":"Feature","id":"10823748-3939-4a9b-b5d7-813285739291","properties":{"id":"10823748-3939-4a9b-b5d7-813285739291","code":"05461202","provinceCode":"46","nameTh":"เทศบาลตำบล หนองหิน","nameEn":null,"geometryType":"MUNICIPALITY","sourceUrl":"https://landometer.com/api/v2/citymeter-v3/grocery/info/geom/10823748-3939-4a9b-b5d7-813285739291/MUNICIPALITY","sourceSha256":"ddb1e97c11f8c65f589179f7437317295905d8b8ba8b6a8600bd90f03564559a","retrievedAt":"2026-10-04T05:43:29.147134+00:00","boundaryVintage":null,"geometryStatus":"native_source_polygon_display_simplified","simplificationToleranceDegrees":0.00015,"simplificationPreservesTopology":true,"invalidSourceRepair":"make_valid; retain polygonal components; discard zero-area collapsed lines","legalBoundaryIndependentlyVerified":false,"areaId":"10823748-3939-4a9b-b5d7-813285739291"},"geometry":{"type":"Polygon","coordinates":[[[103.359308,16.762315],[103.335109,16.739606],[103.350181,16.754301],[103.342531,16.764908],[103.346331,16.766532],[103.348583,16.771059],[103.346741,16.774279],[103.350943,16.776345],[103.347039,16.780457],[103.347688,16.785713],[103.345044,16.79332],[103.351589,16.790962],[103.357468,16.796826],[103.358196,16.799584],[103.361057,16.800407],[103.366617,16.806035],[103.364898,16.81464],[103.378255,16.81454],[103.380029,16.813242],[103.379347,16.804414],[103.36709,16.789663],[103.36176,16.766643],[103.359308,16.762315]]]},"bbox":[103.335109,16.739606,103.380029,16.81464]},{"type":"Feature","id":"c21bdaf1-b965-40bd-b512-4f2d3aa6e7e2","properties":{"id":"c21bdaf1-b965-40bd-b512-4f2d3aa6e7e2","code":"05461203","provinceCode":"46","nameTh":"เทศบาลตำบล หนองบัว","nameEn":null,"geometryType":"MUNICIPALITY","sourceUrl":"https://landometer.com/api/v2/citymeter-v3/grocery/info/geom/c21bdaf1-b965-40bd-b512-4f2d3aa6e7e2/MUNICIPALITY","sourceSha256":"0c1e036b6c483abd3f29ef64a1742f8a8842fa41b7a96dd0100a38009db59591","retrievedAt":"2026-10-04T05:43:29.157400+00:00","boundaryVintage":null,"geometryStatus":"native_source_polygon_display_simplified","simplificationToleranceDegrees":0.00015,"simplificationPreservesTopology":true,"invalidSourceRepair":"make_valid; retain polygonal components; discard zero-area collapsed lines","legalBoundaryIndependentlyVerified":false,"areaId":"c21bdaf1-b965-40bd-b512-4f2d3aa6e7e2"},"geometry":{"type":"Polygon","coordinates":[[[103.340148,16.678687],[103.338586,16.68052],[103.342112,16.686134],[103.342453,16.693193],[103.335679,16.694938],[103.332689,16.697432],[103.334555,16.702853],[103.332355,16.705638],[103.332103,16.719922],[103.326582,16.723739],[103.323205,16.731862],[103.322958,16.737455],[103.323973,16.737117],[103.323987,16.736815],[103.330058,16.736698],[103.333926,16.738453],[103.359308,16.762315],[103.36176,16.766643],[103.363445,16.773923],[103.36691,16.774391],[103.373853,16.77139],[103.374715,16.770538],[103.376634,16.765281],[103.381256,16.760876],[103.387896,16.75899],[103.390328,16.759836],[103.391492,16.758255],[103.403998,16.754469],[103.407295,16.750778],[103.408515,16.745699],[103.417238,16.744451],[103.42483,16.737533],[103.429249,16.736096],[103.442946,16.736083],[103.450837,16.731145],[103.45922,16.7217],[103.463228,16.719726],[103.46346,16.719985],[103.460835,16.716939],[103.459558,16.713767],[103.456908,16.699548],[103.454974,16.692077],[103.454573,16.688846],[103.454616,16.685462],[103.455626,16.681575],[103.456519,16.679993],[103.457294,16.679168],[103.460201,16.676758],[103.453182,16.671877],[103.449485,16.668766],[103.448489,16.66762],[103.447156,16.665499],[103.446141,16.663021],[103.445858,16.660761],[103.446172,16.657895],[103.444233,16.65389],[103.435077,16.653337],[103.427601,16.655214],[103.422404,16.657736],[103.406862,16.671687],[103.395278,16.679217],[103.392063,16.682261],[103.391421,16.685955],[103.374517,16.689331],[103.362993,16.68733],[103.358458,16.684994],[103.354668,16.679124],[103.349696,16.678083],[103.345436,16.672188],[103.348151,16.67672],[103.340148,16.678687]]]},"bbox":[103.322958,16.653337,103.46346,16.774391]},{"type":"Feature","id":"37610acb-a725-49d7-b4a7-45171bd42298","properties":{"id":"37610acb-a725-49d7-b4a7-45171bd42298","code":"05461204","provinceCode":"46","nameTh":"เทศบาลตำบล หนองสรวง","nameEn":null,"geometryType":"MUNICIPALITY","sourceUrl":"https://landometer.com/api/v2/citymeter-v3/grocery/info/geom/37610acb-a725-49d7-b4a7-45171bd42298/MUNICIPALITY","sourceSha256":"a370cd0d28cefd8c2870f4d75d484479f6dc5c359191bb7e9dbddac32fb13a68","retrievedAt":"2026-10-04T05:43:29.162956+00:00","boundaryVintage":null,"geometryStatus":"native_source_polygon_display_simplified","simplificationToleranceDegrees":0.00015,"simplificationPreservesTopology":true,"invalidSourceRepair":"make_valid; retain polygonal components; discard zero-area collapsed lines","legalBoundaryIndependentlyVerified":false,"areaId":"37610acb-a725-49d7-b4a7-45171bd42298"},"geometry":{"type":"MultiPolygon","coordinates":[[[[103.46322782978928,16.71972608383133],[103.463228,16.719726],[103.462536,16.718952],[103.46322782978928,16.71972608383133]]],[[[103.398657,16.794544],[103.405531,16.791741],[103.408468,16.792097],[103.411348,16.793868],[103.411604,16.80304],[103.413545,16.804789],[103.414287,16.804418],[103.414753,16.805303],[103.415655,16.804852],[103.41562,16.806037],[103.421625,16.803074],[103.426147,16.796615],[103.427344,16.795687],[103.435691,16.791926],[103.437907,16.790524],[103.44016,16.788008],[103.446521,16.778528],[103.44879,16.776576],[103.450697,16.776019],[103.46079,16.776609],[103.464218,16.776395],[103.467603,16.775446],[103.468898,16.774676],[103.46998,16.773461],[103.474631,16.766139],[103.477005,16.761272],[103.477533,16.758042],[103.477256,16.755581],[103.473272,16.739345],[103.464235,16.720853],[103.46322782978928,16.71972608383133],[103.45922,16.7217],[103.450837,16.731145],[103.442946,16.736083],[103.429249,16.736096],[103.42483,16.737533],[103.417238,16.744451],[103.408515,16.745699],[103.407295,16.750778],[103.403998,16.754469],[103.391492,16.758255],[103.390328,16.759836],[103.387896,16.75899],[103.381256,16.760876],[103.376634,16.765281],[103.374715,16.770538],[103.373853,16.77139],[103.36691,16.774391],[103.363445,16.773923],[103.36709,16.789663],[103.3709,16.794331],[103.375488,16.795307],[103.379135,16.790799],[103.383314,16.789444],[103.390722,16.790874],[103.392186,16.792571],[103.395554,16.7921],[103.398657,16.794544]]]]},"bbox":[103.363445,16.718952,103.477533,16.806037]},{"type":"Feature","id":"74d5364e-718f-4ac0-b9dd-e9ebcb1fd23b","properties":{"id":"74d5364e-718f-4ac0-b9dd-e9ebcb1fd23b","code":"05461205","provinceCode":"46","nameTh":"เทศบาลตำบล คำก้าว","nameEn":null,"geometryType":"MUNICIPALITY","sourceUrl":"https://landometer.com/api/v2/citymeter-v3/grocery/info/geom/74d5364e-718f-4ac0-b9dd-e9ebcb1fd23b/MUNICIPALITY","sourceSha256":"f1ccb0fd42d8c0c83f01583c96690bf42470a686dbc964930cfd4655f6aea899","retrievedAt":"2026-10-04T05:43:29.535884+00:00","boundaryVintage":null,"geometryStatus":"native_source_polygon_display_simplified","simplificationToleranceDegrees":0.00015,"simplificationPreservesTopology":true,"invalidSourceRepair":"make_valid; retain polygonal components; discard zero-area collapsed lines","legalBoundaryIndependentlyVerified":false,"areaId":"74d5364e-718f-4ac0-b9dd-e9ebcb1fd23b"},"geometry":{"type":"Polygon","coordinates":[[[103.30225,16.654327],[103.304298,16.654686],[103.311095,16.662539],[103.31387,16.662513],[103.314105,16.655936],[103.316632,16.650561],[103.31895,16.649506],[103.317936,16.648545],[103.325892,16.645544],[103.331811,16.636285],[103.336378,16.633562],[103.336832,16.63128],[103.336941,16.629223],[103.333495,16.618339],[103.333736,16.612648],[103.333255,16.612455],[103.333201,16.612171],[103.334664,16.612407],[103.328362,16.610183],[103.324678,16.608201],[103.323352,16.607741],[103.32221,16.607571],[103.319092,16.607778],[103.316694,16.608672],[103.314532,16.61089],[103.314018,16.610645],[103.312264,16.611043],[103.311574,16.610848],[103.311009,16.611731],[103.310432,16.611995],[103.309616,16.611487],[103.309325,16.611763],[103.307157,16.612317],[103.30568,16.6117],[103.304974,16.612334],[103.303532,16.612255],[103.302828,16.61247],[103.30229,16.613497],[103.30119,16.61368],[103.300236,16.61474],[103.299805,16.614916],[103.299549,16.615275],[103.299366,16.616561],[103.298738,16.616248],[103.29839,16.616668],[103.297591,16.616494],[103.297496,16.617056],[103.296674,16.616907],[103.29602,16.617297],[103.295308,16.617172],[103.294083,16.615714],[103.29349,16.615809],[103.292964,16.615473],[103.29238,16.615728],[103.292399,16.615159],[103.291566,16.614581],[103.290918,16.615026],[103.290623,16.614753],[103.289921,16.615033],[103.288018,16.615094],[103.28803,16.616355],[103.287197,16.616778],[103.286863,16.617279],[103.285907,16.617242],[103.285282,16.616856],[103.284041,16.617433],[103.283579,16.617221],[103.28247,16.617771],[103.282265,16.618389],[103.281728,16.618226],[103.281577,16.617803],[103.280962,16.617774],[103.280649,16.61739],[103.278717,16.61812],[103.278211,16.618048],[103.277844,16.618475],[103.277784,16.619084],[103.276537,16.619199],[103.27573,16.620137],[103.274425,16.620443],[103.273276,16.621238],[103.271739,16.622832],[103.270819,16.622681],[103.269698,16.623265],[103.26835,16.623589],[103.268038,16.624228],[103.26745,16.624061],[103.266933,16.624786],[103.26635,16.624946],[103.266439,16.625475],[103.266178,16.625846],[103.265507,16.625853],[103.265044,16.625537],[103.2633,16.625834],[103.26323,16.625597],[103.262873,16.625692],[103.262166,16.625333],[103.261877,16.624598],[103.261392,16.624696],[103.260593,16.624327],[103.258654,16.624613],[103.258023,16.625172],[103.257277,16.624951],[103.256218,16.624108],[103.256068,16.624401],[103.255638,16.624512],[103.254852,16.623813],[103.252842,16.623885],[103.252289,16.624668],[103.251161,16.624839],[103.249644,16.625502],[103.249235,16.627402],[103.248746,16.628123],[103.248351,16.628044],[103.24823,16.628663],[103.247892,16.628776],[103.247918,16.629798],[103.247152,16.629996],[103.246776,16.630643],[103.246195,16.630656],[103.245939,16.631179],[103.245341,16.631194],[103.245015,16.631804],[103.244319,16.631951],[103.244011,16.631211],[103.243403,16.631443],[103.242558,16.631399],[103.241921,16.632258],[103.241214,16.632077],[103.240828,16.632537],[103.239943,16.632558],[103.238656,16.633043],[103.238184,16.633454],[103.236726,16.633768],[103.236307,16.634891],[103.23551,16.635003],[103.235116,16.635311],[103.234492,16.635114],[103.234547,16.637164],[103.233585,16.637962],[103.232778,16.6393],[103.232684,16.64057],[103.231985,16.641737],[103.231029,16.64264],[103.230624,16.642704],[103.230057,16.641501],[103.229408,16.641489],[103.229137,16.641657],[103.22927,16.642147],[103.228753,16.641839],[103.228672,16.642229],[103.228186,16.642245],[103.228034,16.642576],[103.227229,16.642623],[103.227155,16.642997],[103.22664,16.64347],[103.225711,16.643029],[103.224964,16.643303],[103.224686,16.643048],[103.223137,16.643253],[103.222928,16.642864],[103.222174,16.643783],[103.221967,16.643385],[103.221002,16.643376],[103.218525,16.644673],[103.217849,16.645522],[103.217985,16.645972],[103.21745,16.645867],[103.217029,16.646237],[103.21677,16.646084],[103.216471,16.646288],[103.21537,16.646225],[103.215078,16.646539],[103.215343,16.646801],[103.215256,16.647031],[103.213331,16.648102],[103.212406,16.648311],[103.21242,16.648775],[103.211119,16.649871],[103.211156,16.650198],[103.212403,16.650616],[103.212807,16.651674],[103.212561,16.651947],[103.212773,16.65247],[103.213927,16.652336],[103.214562,16.654062],[103.214948,16.654655],[103.215361,16.654798],[103.215879,16.657724],[103.21735,16.659408],[103.217487,16.658714],[103.229609,16.658819],[103.239672,16.650601],[103.243856,16.651849],[103.246924,16.645062],[103.252014,16.643555],[103.253978,16.645775],[103.259378,16.66401],[103.267072,16.671046],[103.267724,16.674703],[103.275006,16.678802],[103.278252,16.673351],[103.285332,16.672423],[103.285717,16.673285],[103.285859,16.673215],[103.284746,16.671491],[103.27311,16.653469],[103.278125,16.646194],[103.292728,16.641247],[103.302277,16.648812],[103.30225,16.654327]],[[103.284733,16.671493],[103.284732,16.671493],[103.284746,16.671491],[103.284733,16.671493]]]},"bbox":[103.211119,16.607571,103.336941,16.678802]},{"type":"Feature","id":"e8d86c23-c01c-4ab7-a636-85bcd169bdf2","properties":{"id":"e8d86c23-c01c-4ab7-a636-85bcd169bdf2","code":"05461208","provinceCode":"46","nameTh":"เทศบาลตำบล ดงมูล","nameEn":null,"geometryType":"MUNICIPALITY","sourceUrl":"https://landometer.com/api/v2/citymeter-v3/grocery/info/geom/e8d86c23-c01c-4ab7-a636-85bcd169bdf2/MUNICIPALITY","sourceSha256":"c47560cb3293e90b4b84edcee70fb3b143758de3dbfde7166a9c13ff91a247ae","retrievedAt":"2026-10-04T05:43:29.485293+00:00","boundaryVintage":null,"geometryStatus":"native_source_polygon_display_simplified","simplificationToleranceDegrees":0.00015,"simplificationPreservesTopology":true,"invalidSourceRepair":"make_valid; retain polygonal components; discard zero-area collapsed lines","legalBoundaryIndependentlyVerified":false,"areaId":"e8d86c23-c01c-4ab7-a636-85bcd169bdf2"},"geometry":{"type":"Polygon","coordinates":[[[103.341905,16.801906],[103.345994,16.799099],[103.345126,16.793983],[103.346029,16.793327],[103.345966,16.792988],[103.345044,16.79332],[103.347688,16.785713],[103.347039,16.780457],[103.350943,16.776345],[103.346741,16.774279],[103.348583,16.771059],[103.346331,16.766532],[103.342531,16.764908],[103.350181,16.754301],[103.333926,16.738453],[103.330058,16.736698],[103.323987,16.736815],[103.323973,16.737117],[103.313981,16.740438],[103.311395,16.744855],[103.295372,16.749589],[103.292988,16.748482],[103.2902,16.741597],[103.284621,16.743185],[103.284925,16.746915],[103.282256,16.755181],[103.280034,16.758187],[103.273068,16.761073],[103.269718,16.764722],[103.269323,16.774166],[103.267214,16.776477],[103.268097,16.779221],[103.264905,16.787253],[103.264539,16.795497],[103.258349,16.802484],[103.258308,16.803054],[103.257862,16.803595],[103.258663,16.809399],[103.275193,16.810078],[103.275361,16.809849],[103.275829,16.810322],[103.276145,16.810263],[103.276186,16.810606],[103.276473,16.810396],[103.276906,16.810757],[103.277113,16.810311],[103.277514,16.810221],[103.27735,16.810902],[103.278061,16.810376],[103.278073,16.81157],[103.27876,16.811562],[103.278313,16.81179],[103.278318,16.812052],[103.279735,16.813333],[103.280698,16.813094],[103.280979,16.812599],[103.281518,16.813142],[103.281907,16.812691],[103.282547,16.812968],[103.28411,16.81281],[103.284837,16.813675],[103.284595,16.813892],[103.284912,16.814237],[103.284513,16.814198],[103.284536,16.814413],[103.285449,16.814789],[103.28542,16.8151],[103.285969,16.815081],[103.285637,16.815447],[103.285072,16.815347],[103.284985,16.815856],[103.284457,16.816092],[103.28453,16.816756],[103.285653,16.817162],[103.286306,16.81803],[103.28651,16.818776],[103.287388,16.81907],[103.287561,16.818831],[103.288435,16.818909],[103.288436,16.818434],[103.288908,16.818724],[103.288881,16.818211],[103.28975,16.81855],[103.289665,16.818132],[103.290451,16.817805],[103.290632,16.818339],[103.290834,16.818369],[103.291012,16.818225],[103.290946,16.817612],[103.291511,16.818108],[103.291815,16.817721],[103.292799,16.817731],[103.293188,16.817912],[103.292981,16.818262],[103.293324,16.818431],[103.293862,16.817875],[103.293813,16.817501],[103.29433,16.816663],[103.294838,16.816723],[103.295131,16.817281],[103.295599,16.817206],[103.295835,16.817594],[103.296163,16.817087],[103.296564,16.81705],[103.29696,16.817436],[103.297817,16.817282],[103.298589,16.817661],[103.299146,16.817659],[103.299662,16.818141],[103.300045,16.817284],[103.299607,16.817352],[103.299592,16.816902],[103.300221,16.816926],[103.30006,16.815941],[103.300585,16.815746],[103.300273,16.81541],[103.301385,16.814092],[103.301593,16.814763],[103.302094,16.814547],[103.302187,16.815422],[103.302631,16.815368],[103.302512,16.814835],[103.302961,16.814964],[103.303036,16.814592],[103.303638,16.814228],[103.304785,16.815842],[103.304781,16.816469],[103.305402,16.816686],[103.305395,16.817286],[103.306396,16.81743],[103.306354,16.81818],[103.30789,16.818656],[103.308062,16.819043],[103.307619,16.820402],[103.308156,16.821113],[103.30903,16.821531],[103.309014,16.822185],[103.310301,16.82179],[103.310917,16.822773],[103.311611,16.822912],[103.311978,16.822494],[103.312289,16.822675],[103.312461,16.822465],[103.313157,16.82318],[103.313449,16.823133],[103.313931,16.822101],[103.313654,16.821823],[103.314182,16.821635],[103.314797,16.822079],[103.314678,16.822577],[103.314984,16.822554],[103.315238,16.822892],[103.315721,16.822398],[103.31636,16.822808],[103.31679,16.822513],[103.317285,16.82332],[103.318465,16.823977],[103.318707,16.824873],[103.319756,16.825357],[103.319729,16.82574],[103.319207,16.826386],[103.319561,16.826474],[103.3195,16.826687],[103.318804,16.826764],[103.318825,16.827065],[103.318371,16.827203],[103.318468,16.826791],[103.318141,16.826792],[103.318002,16.827285],[103.318361,16.827446],[103.31832,16.827919],[103.318788,16.827793],[103.318728,16.828361],[103.319674,16.82849],[103.320247,16.82782],[103.320528,16.828206],[103.322701,16.828392],[103.323433,16.828977],[103.323431,16.829583],[103.324009,16.82918],[103.325356,16.829271],[103.325906,16.820846],[103.334944,16.808585],[103.339613,16.80591],[103.341905,16.801906]]]},"bbox":[103.257862,16.736698,103.350943,16.829583]},{"type":"Feature","id":"416c0d47-f165-4cd6-ad27-cf08fe2eb667","properties":{"id":"416c0d47-f165-4cd6-ad27-cf08fe2eb667","code":"05461210","provinceCode":"46","nameTh":"เทศบาลตำบล หนองใหญ่","nameEn":null,"geometryType":"MUNICIPALITY","sourceUrl":"https://landometer.com/api/v2/citymeter-v3/grocery/info/geom/416c0d47-f165-4cd6-ad27-cf08fe2eb667/MUNICIPALITY","sourceSha256":"fe5917adb03e03b79100959836671bea6536db84dc6e02bf746f14b969388119","retrievedAt":"2026-10-04T05:43:29.322161+00:00","boundaryVintage":null,"geometryStatus":"native_source_polygon_display_simplified","simplificationToleranceDegrees":0.00015,"simplificationPreservesTopology":true,"invalidSourceRepair":"make_valid; retain polygonal components; discard zero-area collapsed lines","legalBoundaryIndependentlyVerified":false,"areaId":"416c0d47-f165-4cd6-ad27-cf08fe2eb667"},"geometry":{"type":"Polygon","coordinates":[[[103.206254,16.69936],[103.20663,16.701406],[103.206235,16.702569],[103.206271,16.703413],[103.207177,16.705985],[103.207271,16.708661],[103.206918,16.711571],[103.205611,16.715353],[103.205664,16.717166],[103.20503,16.720338],[103.204325,16.721281],[103.203328,16.721242],[103.202154,16.722073],[103.201585,16.722099],[103.20083,16.723469],[103.200396,16.723324],[103.199607,16.723576],[103.199197,16.724074],[103.19716,16.725264],[103.195378,16.725763],[103.195418,16.726063],[103.194804,16.726429],[103.194372,16.727103],[103.195217,16.726937],[103.19738,16.728623],[103.19731,16.729287],[103.199817,16.72902],[103.200114,16.730593],[103.202024,16.73447],[103.201967,16.735852],[103.200929,16.738532],[103.200197,16.739457],[103.197682,16.741067],[103.194407,16.742282],[103.194665,16.743714],[103.194635,16.746113],[103.193565,16.746459],[103.193168,16.747751],[103.192426,16.748947],[103.18881,16.752046],[103.186343,16.756088],[103.183431,16.759792],[103.1797,16.763687],[103.171431,16.771033],[103.17141,16.771571],[103.171118,16.771838],[103.171486,16.772998],[103.171487,16.774171],[103.172373,16.77472],[103.172403,16.77537],[103.172162,16.775716],[103.172766,16.775893],[103.172909,16.776997],[103.173341,16.777659],[103.173051,16.778819],[103.172568,16.779229],[103.17282,16.779325],[103.173172,16.779047],[103.173385,16.779189],[103.173503,16.779623],[103.17325,16.780451],[103.173753,16.7807],[103.174081,16.781204],[103.174435,16.782507],[103.174834,16.78259],[103.174643,16.783532],[103.175368,16.783539],[103.175558,16.78386],[103.175484,16.784792],[103.176038,16.784783],[103.176419,16.785252],[103.177629,16.785498],[103.178626,16.785288],[103.178882,16.78592],[103.179511,16.786196],[103.180727,16.785275],[103.194572,16.785429],[103.196128,16.785671],[103.203205,16.787792],[103.206413,16.774595],[103.217812,16.771749],[103.217907,16.761424],[103.21579,16.756308],[103.217146,16.746741],[103.226178,16.744924],[103.229734,16.748016],[103.236469,16.746454],[103.237786,16.742847],[103.237029,16.727746],[103.246493,16.720828],[103.24846,16.716188],[103.256415,16.711913],[103.255131,16.705565],[103.258191,16.70428],[103.264288,16.69708],[103.267358,16.684772],[103.270424,16.682221],[103.273047,16.682141],[103.272932,16.679922],[103.274796,16.678843],[103.267724,16.674703],[103.267072,16.671046],[103.259378,16.66401],[103.253978,16.645775],[103.252014,16.643555],[103.246924,16.645062],[103.243856,16.651849],[103.239672,16.650601],[103.229609,16.658819],[103.217487,16.658714],[103.21735,16.659408],[103.217731,16.661137],[103.217465,16.661725],[103.21286,16.66535],[103.211007,16.666293],[103.208106,16.667334],[103.208099,16.669603],[103.209446,16.675596],[103.210935,16.676298],[103.213406,16.676717],[103.214667,16.677298],[103.216021,16.678328],[103.216334,16.679294],[103.215615,16.682106],[103.21369,16.686134],[103.213078,16.687985],[103.212715,16.692481],[103.21279,16.6941],[103.214055,16.697849],[103.213992,16.699737],[103.210828,16.69837],[103.208367,16.697894],[103.206768,16.69859],[103.206254,16.69936]]]},"bbox":[103.171114,16.643555,103.274796,16.787792]},{"type":"Feature","id":"55a6e7e6-3fbe-4a84-a067-0e223233166d","properties":{"id":"55a6e7e6-3fbe-4a84-a067-0e223233166d","code":"05461301","provinceCode":"46","nameTh":"เทศบาลตำบล สมเด็จ","nameEn":null,"geometryType":"MUNICIPALITY","sourceUrl":"https://landometer.com/api/v2/citymeter-v3/grocery/info/geom/55a6e7e6-3fbe-4a84-a067-0e223233166d/MUNICIPALITY","sourceSha256":"e9ccd3ee434f2550d29401bec24ceca591e9cc48c3cf47f629c44364baa93f64","retrievedAt":"2026-10-04T05:43:29.316237+00:00","boundaryVintage":null,"geometryStatus":"native_source_polygon_display_simplified","simplificationToleranceDegrees":0.00015,"simplificationPreservesTopology":true,"invalidSourceRepair":"make_valid; retain polygonal components; discard zero-area collapsed lines","legalBoundaryIndependentlyVerified":false,"areaId":"55a6e7e6-3fbe-4a84-a067-0e223233166d"},"geometry":{"type":"Polygon","coordinates":[[[103.752844,16.712037],[103.757443,16.71008],[103.755877,16.70405],[103.767188,16.703413],[103.761932,16.696706],[103.759209,16.697501],[103.754769,16.683067],[103.756262,16.677038],[103.746084,16.682504],[103.733062,16.695065],[103.741656,16.705891],[103.746004,16.709461],[103.750714,16.708536],[103.752844,16.712037]]]},"bbox":[103.733062,16.677038,103.767188,16.712037]},{"type":"Feature","id":"d441176a-0e21-463b-8c10-0307d6b71ceb","properties":{"id":"d441176a-0e21-463b-8c10-0307d6b71ceb","code":"05461303","provinceCode":"46","nameTh":"เทศบาลตำบล แซงบาดาล","nameEn":null,"geometryType":"MUNICIPALITY","sourceUrl":"https://landometer.com/api/v2/citymeter-v3/grocery/info/geom/d441176a-0e21-463b-8c10-0307d6b71ceb/MUNICIPALITY","sourceSha256":"5897435945cbb3d2e9c9bb3fad0e949f6d31b93b49e1e1a3df0da5ad7b9e0e46","retrievedAt":"2026-10-04T05:43:29.528673+00:00","boundaryVintage":null,"geometryStatus":"native_source_polygon_display_simplified","simplificationToleranceDegrees":0.00015,"simplificationPreservesTopology":true,"invalidSourceRepair":"make_valid; retain polygonal components; discard zero-area collapsed lines","legalBoundaryIndependentlyVerified":false,"areaId":"d441176a-0e21-463b-8c10-0307d6b71ceb"},"geometry":{"type":"MultiPolygon","coordinates":[[[[103.730459,16.802207],[103.730116,16.796768],[103.726608,16.794359],[103.727523,16.791182],[103.717418,16.780887],[103.713925,16.780909],[103.713194,16.779508],[103.709753,16.782749],[103.706626,16.781982],[103.704224,16.785852],[103.700639,16.785086],[103.696102,16.778878],[103.692253,16.779496],[103.683032,16.775547],[103.679132,16.776012],[103.678658,16.774349],[103.675742,16.775133],[103.668676,16.771195],[103.669858,16.773263],[103.672541,16.774444],[103.673172,16.775364],[103.674014,16.77575],[103.674272,16.776733],[103.675306,16.77762],[103.675386,16.778465],[103.675816,16.778729],[103.676036,16.779603],[103.675694,16.780581],[103.675191,16.780698],[103.674362,16.781352],[103.673989,16.780828],[103.674042,16.781511],[103.673707,16.781512],[103.673274,16.781899],[103.673541,16.782679],[103.674247,16.782893],[103.674078,16.783303],[103.674864,16.783543],[103.674818,16.78409],[103.675194,16.784608],[103.676516,16.785363],[103.676828,16.786342],[103.677674,16.787257],[103.677693,16.788218],[103.677261,16.789055],[103.676241,16.789308],[103.676087,16.789576],[103.67563,16.789496],[103.67544,16.789855],[103.67553,16.790629],[103.676193,16.791314],[103.675998,16.791959],[103.676462,16.792249],[103.676627,16.793773],[103.677082,16.794105],[103.676657,16.794315],[103.677044,16.79495],[103.67651,16.795025],[103.676145,16.795374],[103.67625,16.795812],[103.67663,16.795839],[103.676999,16.796668],[103.676531,16.797064],[103.67806,16.798124],[103.678623,16.797685],[103.67896,16.798087],[103.679525,16.797948],[103.680045,16.798674],[103.680949,16.79933],[103.680873,16.80038],[103.681433,16.800844],[103.681183,16.801294],[103.681651,16.802655],[103.682003,16.802756],[103.682077,16.803343],[103.682476,16.803311],[103.682705,16.804132],[103.68223,16.804343],[103.682318,16.804799],[103.681752,16.804692],[103.681606,16.805058],[103.681184,16.804925],[103.681462,16.806434],[103.681078,16.806279],[103.680789,16.806843],[103.681055,16.807068],[103.680768,16.807462],[103.680361,16.807521],[103.680682,16.807922],[103.680225,16.807931],[103.679742,16.80881],[103.67942,16.808947],[103.679816,16.809407],[103.68039,16.809397],[103.679315,16.810202],[103.679874,16.811023],[103.679567,16.811188],[103.679105,16.810924],[103.678961,16.811064],[103.679535,16.813351],[103.678837,16.813334],[103.678693,16.813738],[103.677916,16.814037],[103.677973,16.814316],[103.678365,16.814451],[103.678015,16.814936],[103.678343,16.815028],[103.678445,16.815346],[103.678055,16.815573],[103.677819,16.816655],[103.677517,16.816973],[103.677584,16.81731],[103.677278,16.817316],[103.676992,16.816832],[103.676732,16.816918],[103.677103,16.818069],[103.676998,16.818494],[103.676407,16.818863],[103.676433,16.819489],[103.676675,16.81977],[103.676343,16.820453],[103.676934,16.820701],[103.676659,16.821158],[103.67552,16.821867],[103.675764,16.82236],[103.676436,16.822786],[103.676428,16.823092],[103.677347,16.823283],[103.676738,16.823799],[103.676632,16.824191],[103.677136,16.824554],[103.677568,16.824443],[103.676973,16.824992],[103.677817,16.825736],[103.677995,16.826609],[103.678733,16.826862],[103.678832,16.827547],[103.679321,16.827385],[103.679406,16.828126],[103.680196,16.82858],[103.680164,16.829043],[103.680977,16.829587],[103.68117,16.830317],[103.681825,16.830387],[103.68239,16.830915],[103.682247,16.832045],[103.681324,16.832771],[103.681073,16.833929],[103.681533,16.835007],[103.681386,16.835788],[103.682205,16.836111],[103.683051,16.837088],[103.682616,16.83732],[103.682905,16.837933],[103.682329,16.838004],[103.681839,16.838364],[103.681788,16.838733],[103.681346,16.838818],[103.681617,16.839143],[103.682084,16.839194],[103.682766,16.839944],[103.682849,16.84112],[103.683677,16.842438],[103.684455,16.842175],[103.685179,16.842699],[103.685036,16.84354],[103.684576,16.843601],[103.684373,16.843938],[103.685439,16.843937],[103.686157,16.844848],[103.686162,16.845339],[103.685885,16.84557],[103.686175,16.846092],[103.685897,16.846424],[103.686388,16.847156],[103.686019,16.847583],[103.686137,16.848067],[103.685939,16.848625],[103.68605,16.848822],[103.686596,16.848671],[103.687055,16.848919],[103.686612,16.849188],[103.68685,16.849542],[103.686554,16.85007],[103.686063,16.850254],[103.686061,16.85124],[103.685525,16.851886],[103.685586,16.854165],[103.686522,16.853788],[103.686776,16.855062],[103.687047,16.855132],[103.687112,16.854668],[103.687602,16.854498],[103.68804,16.854724],[103.687971,16.854273],[103.688512,16.85426],[103.688678,16.853851],[103.690139,16.853833],[103.69068,16.853355],[103.691015,16.854382],[103.691492,16.854354],[103.691829,16.854799],[103.692436,16.854754],[103.692459,16.855798],[103.693337,16.855975],[103.694146,16.855566],[103.695003,16.856412],[103.695319,16.855726],[103.696234,16.855806],[103.697183,16.855056],[103.697934,16.855154],[103.698386,16.854621],[103.698631,16.854743],[103.698731,16.855441],[103.699042,16.855449],[103.699198,16.855742],[103.699621,16.855715],[103.699876,16.855448],[103.699549,16.855178],[103.700011,16.854898],[103.700179,16.854082],[103.700653,16.854149],[103.701108,16.853724],[103.701698,16.853621],[103.702031,16.853087],[103.702554,16.852816],[103.703661,16.85303],[103.704018,16.852846],[103.704185,16.853169],[103.704693,16.853096],[103.704815,16.854246],[103.705444,16.854203],[103.705276,16.854765],[103.70602,16.854655],[103.705868,16.855207],[103.706387,16.855299],[103.706403,16.856419],[103.707216,16.857426],[103.707166,16.858034],[103.707745,16.857979],[103.707345,16.858791],[103.707896,16.859259],[103.709097,16.859065],[103.709355,16.859651],[103.709985,16.860027],[103.710651,16.859036],[103.71236,16.85819],[103.712736,16.859379],[103.71362,16.859947],[103.713869,16.860665],[103.71457,16.860971],[103.714726,16.861581],[103.714343,16.862302],[103.713271,16.862969],[103.712151,16.86414],[103.712964,16.86559],[103.712382,16.86594],[103.71195,16.867113],[103.712264,16.867075],[103.712327,16.867592],[103.712911,16.868168],[103.712847,16.868623],[103.713303,16.868913],[103.713341,16.869704],[103.712834,16.869891],[103.713107,16.870438],[103.713651,16.870797],[103.713237,16.871128],[103.713489,16.871572],[103.713354,16.871812],[103.714381,16.872068],[103.714929,16.871703],[103.715203,16.871959],[103.715124,16.872531],[103.715586,16.872827],[103.715872,16.873505],[103.716752,16.873785],[103.718273,16.874839],[103.718105,16.875224],[103.718563,16.875361],[103.718671,16.876175],[103.719373,16.876623],[103.719077,16.877186],[103.719377,16.877992],[103.72039,16.877363],[103.720295,16.876814],[103.720488,16.876567],[103.722021,16.876805],[103.721915,16.876102],[103.722164,16.876343],[103.72249,16.87629],[103.722779,16.876752],[103.723167,16.8768],[103.723412,16.876512],[103.724006,16.876669],[103.724054,16.877],[103.725059,16.87716],[103.725856,16.877916],[103.725685,16.87838],[103.726573,16.879889],[103.72735,16.884819],[103.727363,16.890807],[103.728538,16.892927],[103.729155,16.896345],[103.731241,16.900898],[103.73186,16.903206],[103.732236,16.912793],[103.732841,16.914532],[103.735969,16.919499],[103.737305,16.922165],[103.738116,16.923056],[103.739135,16.923723],[103.741262,16.924187],[103.742637,16.923091],[103.743859,16.922473],[103.747289,16.921923],[103.748075,16.922235],[103.749232,16.923422],[103.750962,16.926827],[103.751845,16.929655],[103.751879,16.93224],[103.752658,16.935041],[103.752346,16.936979],[103.752953,16.937782],[103.752992,16.940803],[103.753914,16.942066],[103.753897,16.942962],[103.752922,16.944642],[103.752772,16.945525],[103.753339,16.948628],[103.754834,16.950297],[103.759233,16.954176],[103.76086,16.956389],[103.761675,16.958005],[103.762796,16.962069],[103.763156,16.964308],[103.767607,16.96682],[103.768636,16.967132],[103.782809,16.959029],[103.783528,16.958353],[103.78264,16.956422],[103.780426,16.953179],[103.779642,16.951295],[103.778652,16.947402],[103.777949,16.946188],[103.776058,16.943919],[103.775955,16.942417],[103.77752,16.93839],[103.778878,16.93387],[103.779088,16.929911],[103.778653,16.926017],[103.780015,16.923175],[103.780729,16.920747],[103.780393,16.918206],[103.78038,16.915148],[103.781324,16.909046],[103.781906,16.908062],[103.783245,16.906862],[103.788485,16.904166],[103.789112,16.903718],[103.78943175726067,16.903026720390915],[103.784909,16.897817],[103.774618,16.890457],[103.772559,16.882211],[103.765314,16.873745],[103.766915,16.861921],[103.759899,16.841556],[103.752424,16.830388],[103.750373,16.821369],[103.747162,16.820532],[103.746971,16.818963],[103.742052,16.816079],[103.739535,16.816335],[103.73984,16.81502],[103.737476,16.813597],[103.739802,16.806734],[103.736408,16.801842],[103.730459,16.802207]]],[[[103.789432,16.903027],[103.789705,16.902436],[103.78943175726067,16.903026720390915],[103.789432,16.903027]]]]},"bbox":[103.668676,16.771195,103.789705,16.967136]},{"type":"Feature","id":"67b27cc1-04b9-4998-b660-2b64f7af061b","properties":{"id":"67b27cc1-04b9-4998-b660-2b64f7af061b","code":"05461304","provinceCode":"46","nameTh":"เทศบาลตำบล มหาไชย","nameEn":null,"geometryType":"MUNICIPALITY","sourceUrl":"https://landometer.com/api/v2/citymeter-v3/grocery/info/geom/67b27cc1-04b9-4998-b660-2b64f7af061b/MUNICIPALITY","sourceSha256":"419a1d8dbc5b4b85ee8c2f3f5e6902b020abab33069b456afc7e547bc98a9ea8","retrievedAt":"2026-10-04T05:43:29.370118+00:00","boundaryVintage":null,"geometryStatus":"native_source_polygon_display_simplified","simplificationToleranceDegrees":0.00015,"simplificationPreservesTopology":true,"invalidSourceRepair":"make_valid; retain polygonal components; discard zero-area collapsed lines","legalBoundaryIndependentlyVerified":false,"areaId":"67b27cc1-04b9-4998-b660-2b64f7af061b"},"geometry":{"type":"MultiPolygon","coordinates":[[[[103.784909,16.897817],[103.78943175726067,16.903026720390915],[103.791433,16.898396],[103.792419,16.894603],[103.791383,16.892248],[103.788899,16.888803],[103.789283,16.888058],[103.791596,16.886809],[103.796463,16.885888],[103.798297,16.884568],[103.799661,16.883995],[103.801767,16.883782],[103.804494,16.884647],[103.806042,16.884601],[103.806353,16.884318],[103.806582,16.882494],[103.806025,16.880158],[103.806017,16.879014],[103.806466,16.87833],[103.807623,16.877506],[103.809878,16.876483],[103.81128,16.876133],[103.820525,16.875098],[103.821633,16.87448],[103.824115,16.870693],[103.823996,16.866489],[103.824303,16.865858],[103.825331,16.865522],[103.827207,16.865457],[103.830997,16.865971],[103.834082,16.865898],[103.835299,16.865391],[103.835989,16.864543],[103.836491,16.862225],[103.836688,16.859114],[103.836254,16.856802],[103.835169,16.854306],[103.836573,16.85185],[103.835505,16.850671],[103.835387,16.849632],[103.835628,16.84894],[103.834709,16.846818],[103.835532,16.843908],[103.827056,16.828727],[103.827577,16.821019],[103.823512,16.814347],[103.823998,16.811074],[103.821916,16.805226],[103.816117,16.79979],[103.808947,16.781504],[103.804814,16.781534],[103.79954,16.78409],[103.798357,16.776232],[103.785325,16.768479],[103.780609,16.768944],[103.777061,16.773489],[103.773256,16.771768],[103.759941,16.770445],[103.753471,16.766931],[103.750072,16.768215],[103.739597,16.764889],[103.739012,16.764884],[103.737019,16.767607],[103.737008,16.767318],[103.73654,16.767887],[103.727696,16.762885],[103.726615,16.763923],[103.719532,16.761439],[103.717698,16.763223],[103.715272,16.761282],[103.7129,16.761674],[103.710556,16.765063],[103.711893,16.768553],[103.717468,16.769498],[103.718749,16.772271],[103.722072,16.773578],[103.720774,16.784466],[103.727523,16.791182],[103.726608,16.794359],[103.730116,16.796768],[103.730459,16.802207],[103.736408,16.801842],[103.739802,16.806734],[103.737476,16.813597],[103.73984,16.81502],[103.739535,16.816335],[103.742052,16.816079],[103.746971,16.818963],[103.747162,16.820532],[103.750373,16.821369],[103.752424,16.830388],[103.759899,16.841556],[103.766915,16.861921],[103.765314,16.873745],[103.772559,16.882211],[103.774618,16.890457],[103.784909,16.897817]]],[[[103.789432,16.903027],[103.78943175726067,16.903026720390915],[103.789112,16.903718],[103.789432,16.903027]]]]},"bbox":[103.710556,16.761282,103.836688,16.903718]},{"type":"Feature","id":"aa55693c-f740-4eca-8e9a-aefcc12fd7bd","properties":{"id":"aa55693c-f740-4eca-8e9a-aefcc12fd7bd","code":"05461305","provinceCode":"46","nameTh":"เทศบาลตำบล ลำห้วยหลัว","nameEn":null,"geometryType":"MUNICIPALITY","sourceUrl":"https://landometer.com/api/v2/citymeter-v3/grocery/info/geom/aa55693c-f740-4eca-8e9a-aefcc12fd7bd/MUNICIPALITY","sourceSha256":"4719b3fe60cf075fc4b7c2868de97697287b78dec2d9595eb92ed42501882ad0","retrievedAt":"2026-10-04T05:43:29.506050+00:00","boundaryVintage":null,"geometryStatus":"native_source_polygon_display_simplified","simplificationToleranceDegrees":0.00015,"simplificationPreservesTopology":true,"invalidSourceRepair":"make_valid; retain polygonal components; discard zero-area collapsed lines","legalBoundaryIndependentlyVerified":false,"areaId":"aa55693c-f740-4eca-8e9a-aefcc12fd7bd"},"geometry":{"type":"Polygon","coordinates":[[[103.800727,16.656856],[103.800159,16.656084],[103.799501,16.65591],[103.799497,16.655123],[103.799215,16.654745],[103.799642,16.654378],[103.799259,16.654068],[103.800309,16.65443],[103.800309,16.65409],[103.800778,16.65409],[103.801315,16.653599],[103.801214,16.65333],[103.801959,16.653161],[103.802208,16.652432],[103.803081,16.652289],[103.80335,16.651332],[103.80442,16.651366],[103.804746,16.650901],[103.804167,16.649626],[103.803832,16.649635],[103.80353,16.649172],[103.802769,16.648908],[103.802745,16.647912],[103.802951,16.647712],[103.802269,16.646789],[103.801828,16.647169],[103.800975,16.647168],[103.801525,16.64659],[103.801255,16.646204],[103.802062,16.646042],[103.801828,16.645504],[103.8022,16.645207],[103.801758,16.644973],[103.80094,16.645239],[103.800617,16.645121],[103.798609,16.647163],[103.797303,16.648027],[103.786951,16.652918],[103.786802,16.653388],[103.78606,16.65414],[103.78488,16.656738],[103.784408,16.657064],[103.784418,16.657724],[103.784977,16.658443],[103.784501,16.658829],[103.784697,16.659589],[103.783448,16.659856],[103.783225,16.660719],[103.782963,16.660612],[103.782429,16.66111],[103.781999,16.660938],[103.78172,16.661252],[103.782002,16.661278],[103.78192,16.661552],[103.779941,16.662214],[103.780079,16.66265],[103.779292,16.663163],[103.779357,16.663842],[103.778987,16.664627],[103.778277,16.664562],[103.777636,16.665185],[103.776741,16.664708],[103.775473,16.665208],[103.77476,16.665882],[103.774444,16.665761],[103.774229,16.666039],[103.773177,16.666285],[103.773438,16.666495],[103.773124,16.667337],[103.773368,16.66766],[103.773066,16.667956],[103.773239,16.669651],[103.772635,16.670236],[103.772817,16.670807],[103.772365,16.671406],[103.771882,16.673354],[103.771341,16.673335],[103.771575,16.674214],[103.771333,16.674478],[103.772361,16.674891],[103.772106,16.675185],[103.771717,16.677528],[103.771744,16.678778],[103.774775,16.681254],[103.773735,16.685978],[103.770318,16.688312],[103.766623,16.695091],[103.772764,16.732437],[103.770035,16.739979],[103.77679,16.74062],[103.780351,16.743151],[103.786498,16.742606],[103.797433,16.73507],[103.801325,16.734083],[103.806587,16.735879],[103.810974,16.741407],[103.818166,16.742573],[103.828263,16.736795],[103.829424,16.738562],[103.830307,16.737923],[103.830181,16.737589],[103.829425,16.737433],[103.829559,16.736276],[103.828841,16.735988],[103.829743,16.735989],[103.83006,16.735396],[103.828984,16.734995],[103.829203,16.734636],[103.829105,16.7343],[103.828168,16.733075],[103.8275,16.732726],[103.827267,16.733294],[103.826759,16.732577],[103.826235,16.732297],[103.825607,16.732536],[103.825481,16.732259],[103.825668,16.731873],[103.82549,16.731757],[103.824703,16.731848],[103.824162,16.732387],[103.823683,16.732284],[103.823387,16.731924],[103.823614,16.731462],[103.82344,16.730547],[103.823712,16.729609],[103.823467,16.729193],[103.823813,16.729029],[103.823501,16.728124],[103.824384,16.727419],[103.823386,16.727172],[103.823408,16.726824],[103.822515,16.726334],[103.822805,16.725461],[103.822639,16.725069],[103.822372,16.725098],[103.821928,16.725866],[103.821693,16.725173],[103.820993,16.724719],[103.820617,16.724808],[103.820866,16.724085],[103.820715,16.723863],[103.820045,16.724201],[103.819612,16.723744],[103.819142,16.723883],[103.818711,16.723364],[103.817845,16.724036],[103.817939,16.723427],[103.817386,16.723512],[103.817466,16.723017],[103.817185,16.722553],[103.816103,16.722981],[103.815635,16.722635],[103.815536,16.723025],[103.814781,16.722412],[103.814425,16.722506],[103.814313,16.722131],[103.813792,16.722583],[103.813779,16.721922],[103.812827,16.721011],[103.812338,16.721021],[103.812175,16.720528],[103.810255,16.720521],[103.810618,16.719693],[103.809711,16.718857],[103.809818,16.71865],[103.810148,16.718681],[103.810206,16.71792],[103.809975,16.717417],[103.81015,16.717222],[103.809911,16.716963],[103.809298,16.716884],[103.809344,16.716144],[103.808786,16.716249],[103.808848,16.715806],[103.808012,16.715256],[103.807895,16.715527],[103.807385,16.715199],[103.807008,16.715389],[103.806885,16.715073],[103.807252,16.714866],[103.806846,16.714588],[103.80667,16.715059],[103.806191,16.714839],[103.806109,16.715451],[103.805836,16.715546],[103.805779,16.71525],[103.805324,16.715112],[103.805265,16.714494],[103.804962,16.714685],[103.804773,16.714502],[103.804794,16.713654],[103.804284,16.714118],[103.804337,16.713484],[103.803935,16.71339],[103.803726,16.712524],[103.803417,16.71259],[103.803408,16.712044],[103.802929,16.71196],[103.803055,16.711621],[103.802842,16.711546],[103.802575,16.711893],[103.802657,16.711505],[103.802303,16.711343],[103.802386,16.710363],[103.802174,16.71004],[103.801772,16.710079],[103.801693,16.710357],[103.801261,16.710393],[103.801,16.710132],[103.800448,16.710329],[103.799857,16.710094],[103.79956,16.709429],[103.798979,16.709466],[103.798715,16.709121],[103.799252,16.7084],[103.798627,16.707942],[103.798459,16.707257],[103.797656,16.707315],[103.797347,16.706564],[103.797549,16.706013],[103.797063,16.705856],[103.796705,16.704026],[103.79702,16.703914],[103.797284,16.704429],[103.797921,16.704466],[103.797585,16.703831],[103.798526,16.703436],[103.798286,16.703081],[103.798554,16.702548],[103.79817,16.702408],[103.798115,16.702036],[103.797734,16.701787],[103.79777,16.701422],[103.798131,16.701161],[103.798527,16.701426],[103.798826,16.701339],[103.798778,16.700705],[103.799447,16.700418],[103.800011,16.699453],[103.8012,16.699148],[103.801703,16.699579],[103.802136,16.69918],[103.802075,16.69871],[103.801516,16.697954],[103.801727,16.697828],[103.802136,16.698106],[103.802558,16.697768],[103.801896,16.695967],[103.802221,16.695561],[103.802126,16.694804],[103.802794,16.694643],[103.802602,16.694212],[103.802856,16.693814],[103.802069,16.693315],[103.802049,16.693093],[103.802661,16.692812],[103.802045,16.692533],[103.803115,16.691216],[103.80284,16.69062],[103.80303,16.689919],[103.802377,16.688568],[103.801896,16.688358],[103.801729,16.687865],[103.802275,16.687182],[103.802064,16.686804],[103.802669,16.686337],[103.802267,16.685858],[103.802027,16.685132],[103.802178,16.684596],[103.801721,16.683765],[103.801943,16.683447],[103.802121,16.681747],[103.801321,16.680534],[103.800547,16.678612],[103.799434,16.678305],[103.798924,16.679235],[103.798141,16.679104],[103.79768,16.6786],[103.797749,16.678345],[103.799625,16.676969],[103.799424,16.676558],[103.798709,16.676335],[103.79831,16.674468],[103.797882,16.674155],[103.797081,16.67417],[103.795806,16.672471],[103.794915,16.671891],[103.79461,16.671041],[103.79501,16.670047],[103.794808,16.667771],[103.79345,16.666658],[103.793207,16.665289],[103.794072,16.664794],[103.793904,16.664405],[103.794401,16.662448],[103.795033,16.661454],[103.794895,16.661153],[103.795647,16.661357],[103.795698,16.660125],[103.796241,16.659765],[103.797008,16.659986],[103.797217,16.659459],[103.796603,16.658861],[103.796838,16.658259],[103.797333,16.658396],[103.797862,16.658107],[103.798109,16.658679],[103.798375,16.65874],[103.798487,16.657936],[103.798936,16.65766],[103.798901,16.657126],[103.799863,16.657265],[103.800727,16.656856]]]},"bbox":[103.766623,16.644972,103.830311,16.743151]},{"type":"Feature","id":"779244d7-d009-4394-b9ce-5fd96d423b5f","properties":{"id":"779244d7-d009-4394-b9ce-5fd96d423b5f","code":"05461308","provinceCode":"46","nameTh":"เทศบาลตำบล ผาเสวย","nameEn":null,"geometryType":"MUNICIPALITY","sourceUrl":"https://landometer.com/api/v2/citymeter-v3/grocery/info/geom/779244d7-d009-4394-b9ce-5fd96d423b5f/MUNICIPALITY","sourceSha256":"56018cc53a38d2a59f71797d5c8a2a4b6c91de058bc53adfe4c05a7ad613c224","retrievedAt":"2026-10-04T05:43:29.404196+00:00","boundaryVintage":null,"geometryStatus":"native_source_polygon_display_simplified","simplificationToleranceDegrees":0.00015,"simplificationPreservesTopology":true,"invalidSourceRepair":"make_valid; retain polygonal components; discard zero-area collapsed lines","legalBoundaryIndependentlyVerified":false,"areaId":"779244d7-d009-4394-b9ce-5fd96d423b5f"},"geometry":{"type":"Polygon","coordinates":[[[103.759941,16.770445],[103.773256,16.771768],[103.777061,16.773489],[103.780609,16.768944],[103.785325,16.768479],[103.798357,16.776232],[103.79954,16.78409],[103.804814,16.781534],[103.808947,16.781504],[103.816117,16.79979],[103.821916,16.805226],[103.823998,16.811074],[103.823512,16.814347],[103.827577,16.821019],[103.827056,16.828727],[103.835532,16.843908],[103.834709,16.846818],[103.835628,16.84894],[103.837027,16.847656],[103.838321,16.847214],[103.839864,16.846107],[103.842662,16.840182],[103.844678,16.838611],[103.846494,16.838194],[103.850252,16.838487],[103.852362,16.838208],[103.856431,16.836686],[103.860192,16.833955],[103.861598,16.833252],[103.86267,16.832991],[103.86689,16.833251],[103.86805,16.833043],[103.869486,16.832428],[103.872839,16.830243],[103.873706,16.829294],[103.87428,16.826995],[103.874399,16.825455],[103.874045,16.819522],[103.874615,16.818747],[103.875827,16.81833],[103.878755,16.819272],[103.87946,16.819282],[103.880084,16.818935],[103.882093,16.816519],[103.883568,16.815736],[103.886075,16.81648],[103.888015,16.816447],[103.889583,16.814236],[103.892202,16.811287],[103.895281,16.811025],[103.896451,16.810651],[103.897354,16.809979],[103.899919,16.80687],[103.901599,16.805453],[103.907064,16.802905],[103.903338,16.795505],[103.899786,16.791305],[103.89511,16.787151],[103.893036,16.786328],[103.891419,16.785242],[103.888139,16.784487],[103.887514,16.784065],[103.887174,16.783763],[103.886778,16.782416],[103.886126,16.781336],[103.884776,16.780088],[103.884594,16.778474],[103.883469,16.777286],[103.879907,16.775674],[103.878209,16.77542],[103.876785,16.774871],[103.875269,16.775119],[103.873944,16.77466],[103.872957,16.774787],[103.87235,16.773836],[103.871561,16.77422],[103.87084,16.774123],[103.870846,16.773267],[103.871324,16.772699],[103.87005,16.771988],[103.86961,16.771415],[103.869216,16.771277],[103.869106,16.770703],[103.868477,16.770368],[103.869546,16.769805],[103.869645,16.769294],[103.868541,16.769186],[103.86823,16.768436],[103.867686,16.768234],[103.867052,16.766469],[103.866248,16.765226],[103.865215,16.765473],[103.865067,16.764008],[103.864313,16.763641],[103.863864,16.763123],[103.863993,16.762329],[103.863239,16.761906],[103.862513,16.760402],[103.862484,16.759481],[103.860968,16.757506],[103.859973,16.757216],[103.858942,16.756373],[103.858311,16.756794],[103.857195,16.756659],[103.85698,16.755814],[103.856052,16.755835],[103.85572,16.755033],[103.855187,16.755437],[103.85474,16.754919],[103.85445,16.755674],[103.853229,16.755677],[103.853164,16.755461],[103.853636,16.755041],[103.853135,16.75476],[103.852836,16.754929],[103.852182,16.754632],[103.85186,16.755175],[103.851412,16.754722],[103.85026,16.755101],[103.848894,16.755028],[103.848571,16.754434],[103.847545,16.754722],[103.846839,16.754189],[103.846376,16.755081],[103.846138,16.755068],[103.846002,16.754351],[103.845414,16.753738],[103.844631,16.753606],[103.844745,16.753086],[103.84452,16.752828],[103.845071,16.751395],[103.844328,16.750972],[103.844338,16.751667],[103.843724,16.751728],[103.843297,16.751428],[103.842604,16.751855],[103.842203,16.750978],[103.841691,16.750879],[103.841701,16.750069],[103.842507,16.750377],[103.8429,16.749191],[103.842497,16.748544],[103.842459,16.747781],[103.84197,16.747369],[103.842093,16.74642],[103.842571,16.746417],[103.843354,16.745756],[103.842766,16.744642],[103.842421,16.744493],[103.842268,16.745006],[103.841947,16.74513],[103.841875,16.744562],[103.841543,16.744702],[103.840359,16.744255],[103.839935,16.7438],[103.839461,16.743764],[103.839692,16.74336],[103.839214,16.742904],[103.839378,16.74251],[103.839132,16.742183],[103.839797,16.741903],[103.838266,16.741526],[103.837723,16.741987],[103.837057,16.742026],[103.836679,16.74255],[103.836334,16.742306],[103.835333,16.742786],[103.834349,16.742739],[103.834162,16.743474],[103.83292,16.74347],[103.832685,16.743249],[103.83242,16.741745],[103.832078,16.741709],[103.831298,16.742257],[103.830593,16.740874],[103.829542,16.740563],[103.829424,16.738562],[103.828263,16.736795],[103.818166,16.742573],[103.810974,16.741407],[103.806587,16.735879],[103.801325,16.734083],[103.797433,16.73507],[103.786498,16.742606],[103.780351,16.743151],[103.77679,16.74062],[103.765212,16.739666],[103.742601,16.757408],[103.737,16.767092],[103.737019,16.767607],[103.739012,16.764884],[103.739597,16.764889],[103.750072,16.768215],[103.753471,16.766931],[103.759941,16.770445]]]},"bbox":[103.737,16.734083,103.907064,16.84894]},{"type":"Feature","id":"7c2c4e5f-6746-42f9-8729-b14161f4ef51","properties":{"id":"7c2c4e5f-6746-42f9-8729-b14161f4ef51","code":"05461401","provinceCode":"46","nameTh":"เทศบาลตำบล ห้วยผึ้ง","nameEn":null,"geometryType":"MUNICIPALITY","sourceUrl":"https://landometer.com/api/v2/citymeter-v3/grocery/info/geom/7c2c4e5f-6746-42f9-8729-b14161f4ef51/MUNICIPALITY","sourceSha256":"9e43bdbec0519dbcd3c3f1adcb0d876b28e8359713ca0249484edb4c51f928e5","retrievedAt":"2026-10-04T05:43:29.400923+00:00","boundaryVintage":null,"geometryStatus":"native_source_polygon_display_simplified","simplificationToleranceDegrees":0.00015,"simplificationPreservesTopology":true,"invalidSourceRepair":"make_valid; retain polygonal components; discard zero-area collapsed lines","legalBoundaryIndependentlyVerified":false,"areaId":"7c2c4e5f-6746-42f9-8729-b14161f4ef51"},"geometry":{"type":"MultiPolygon","coordinates":[[[[103.90845550960614,16.63227723477377],[103.910238,16.631997],[103.908455,16.632277],[103.90845550960614,16.63227723477377]]],[[[103.903731,16.63302],[103.904045,16.635003],[103.901388,16.638541],[103.892043,16.634523],[103.892726,16.638447],[103.888039,16.636878],[103.880429,16.638087],[103.882021,16.640867],[103.883728,16.640627],[103.886776,16.646943],[103.887231,16.655714],[103.893682,16.659242],[103.896457,16.656409],[103.901167,16.658131],[103.904055,16.662074],[103.908084,16.659391],[103.910805,16.663841],[103.914269,16.665638],[103.920995,16.661969],[103.920167,16.640147],[103.920216,16.641451],[103.920086,16.64135],[103.920062,16.635642],[103.917378,16.629464],[103.90946,16.63274],[103.90845550960614,16.63227723477377],[103.903731,16.63302]]]]},"bbox":[103.880429,16.629464,103.920995,16.665638]},{"type":"Feature","id":"334e338c-9730-4fb1-9131-d30dcab42322","properties":{"id":"334e338c-9730-4fb1-9131-d30dcab42322","code":"05461402","provinceCode":"46","nameTh":"เทศบาลตำบล คำบง","nameEn":null,"geometryType":"MUNICIPALITY","sourceUrl":"https://landometer.com/api/v2/citymeter-v3/grocery/info/geom/334e338c-9730-4fb1-9131-d30dcab42322/MUNICIPALITY","sourceSha256":"7aad9e2dd6ce7ae834ec78a552d12e7b338076d3d9693db51de4ef72f07822d7","retrievedAt":"2026-10-04T05:43:29.504520+00:00","boundaryVintage":null,"geometryStatus":"native_source_polygon_display_simplified","simplificationToleranceDegrees":0.00015,"simplificationPreservesTopology":true,"invalidSourceRepair":"make_valid; retain polygonal components; discard zero-area collapsed lines","legalBoundaryIndependentlyVerified":false,"areaId":"334e338c-9730-4fb1-9131-d30dcab42322"},"geometry":{"type":"Polygon","coordinates":[[[103.827652,16.611198],[103.827391,16.611736],[103.827084,16.611768],[103.826463,16.612473],[103.82617,16.61313],[103.826318,16.615917],[103.82601,16.617246],[103.824355,16.619234],[103.824582,16.620279],[103.825197,16.620996],[103.824968,16.622143],[103.825153,16.622634],[103.824516,16.623445],[103.825314,16.624179],[103.824674,16.624918],[103.823973,16.625151],[103.824044,16.625411],[103.824506,16.625537],[103.824228,16.62648],[103.824636,16.62675],[103.824458,16.627224],[103.824097,16.627209],[103.823931,16.626884],[103.823588,16.62693],[103.823138,16.627605],[103.823551,16.627427],[103.823694,16.627683],[103.822643,16.628602],[103.822689,16.629198],[103.822362,16.629551],[103.823079,16.629989],[103.823073,16.630268],[103.822563,16.630767],[103.821976,16.630612],[103.821748,16.630449],[103.821815,16.630036],[103.821384,16.629604],[103.820843,16.629603],[103.821257,16.629909],[103.821486,16.630654],[103.821111,16.630303],[103.820425,16.630513],[103.821571,16.631221],[103.821312,16.632274],[103.820779,16.632366],[103.820997,16.631622],[103.820538,16.631356],[103.82041,16.632288],[103.819797,16.632352],[103.819853,16.632828],[103.8195,16.633602],[103.818512,16.632769],[103.818409,16.633049],[103.818057,16.633092],[103.818474,16.633442],[103.81789,16.633551],[103.817876,16.634086],[103.817565,16.634202],[103.817422,16.633767],[103.817032,16.634208],[103.816888,16.634021],[103.8172,16.633429],[103.81683,16.633396],[103.816227,16.634137],[103.816288,16.635388],[103.816007,16.636149],[103.814689,16.636777],[103.814153,16.636761],[103.813697,16.63763],[103.812915,16.637692],[103.813261,16.63812],[103.814123,16.638136],[103.813433,16.638782],[103.813718,16.639571],[103.812791,16.639854],[103.812461,16.639682],[103.812317,16.640619],[103.811432,16.639866],[103.811088,16.640382],[103.810585,16.640541],[103.81118,16.640837],[103.811512,16.641773],[103.811046,16.641434],[103.810438,16.641705],[103.810465,16.641138],[103.808261,16.642039],[103.807704,16.641698],[103.80806,16.641372],[103.807628,16.640947],[103.806944,16.641095],[103.806655,16.640862],[103.806005,16.64174],[103.804491,16.641957],[103.803701,16.642762],[103.802768,16.642914],[103.80252,16.643258],[103.802745,16.643579],[103.802257,16.644125],[103.801864,16.644158],[103.800666,16.645055],[103.800913,16.64524],[103.801741,16.644972],[103.802178,16.645154],[103.801826,16.645518],[103.802049,16.646072],[103.801255,16.646204],[103.801525,16.64659],[103.800968,16.647153],[103.801828,16.647169],[103.802275,16.646795],[103.802951,16.647712],[103.802745,16.647912],[103.802769,16.648908],[103.80353,16.649172],[103.803832,16.649635],[103.804167,16.649626],[103.804733,16.650956],[103.80442,16.651366],[103.80335,16.651332],[103.803081,16.652289],[103.802208,16.652432],[103.801959,16.653161],[103.801214,16.65333],[103.801315,16.653599],[103.800778,16.65409],[103.800309,16.65409],[103.800302,16.654434],[103.799259,16.654068],[103.799642,16.654378],[103.799215,16.654745],[103.799497,16.655123],[103.799501,16.65591],[103.800159,16.656084],[103.800164,16.656403],[103.800727,16.656856],[103.799732,16.657303],[103.798906,16.657122],[103.798914,16.657727],[103.798499,16.657914],[103.798343,16.658753],[103.797862,16.658107],[103.797333,16.658396],[103.796843,16.658253],[103.796603,16.658861],[103.797217,16.659459],[103.797008,16.659986],[103.796241,16.659765],[103.795698,16.660125],[103.795647,16.661357],[103.794895,16.661153],[103.795033,16.661454],[103.794401,16.662448],[103.793904,16.664405],[103.794072,16.664794],[103.79321,16.665273],[103.79345,16.666658],[103.794808,16.667771],[103.79501,16.670047],[103.79461,16.671041],[103.794915,16.671891],[103.795806,16.672471],[103.797081,16.67417],[103.797882,16.674155],[103.79831,16.674468],[103.798709,16.676335],[103.799424,16.676558],[103.799625,16.676969],[103.797673,16.678585],[103.798141,16.679104],[103.798924,16.679235],[103.799434,16.678305],[103.800685,16.678791],[103.801321,16.680534],[103.802127,16.681763],[103.801943,16.683447],[103.801721,16.683765],[103.802178,16.684596],[103.802027,16.685132],[103.802267,16.685858],[103.802669,16.68632],[103.802064,16.686804],[103.802275,16.687182],[103.801729,16.687835],[103.803,16.689782],[103.80284,16.69062],[103.80314,16.691099],[103.802045,16.692533],[103.802661,16.692812],[103.802049,16.693093],[103.802069,16.693315],[103.802856,16.693814],[103.802602,16.694212],[103.802794,16.694643],[103.802126,16.694804],[103.802221,16.695561],[103.801896,16.695967],[103.802554,16.697785],[103.802118,16.698109],[103.801527,16.697916],[103.802119,16.698831],[103.801838,16.699509],[103.801139,16.699145],[103.800011,16.699453],[103.799447,16.700418],[103.798778,16.700705],[103.798826,16.701339],[103.798527,16.701426],[103.798131,16.701161],[103.797765,16.701429],[103.797718,16.701758],[103.798115,16.702036],[103.798155,16.702391],[103.798554,16.702548],[103.798286,16.703081],[103.798527,16.703423],[103.797585,16.703831],[103.797921,16.704466],[103.797284,16.704429],[103.797003,16.703908],[103.796683,16.70407],[103.797114,16.705337],[103.797063,16.705856],[103.797551,16.70602],[103.797365,16.706645],[103.797669,16.707325],[103.798504,16.707299],[103.798614,16.707923],[103.79926,16.708427],[103.798712,16.709165],[103.79907,16.709518],[103.79956,16.709429],[103.799905,16.710133],[103.800448,16.710329],[103.801048,16.710138],[103.801282,16.710395],[103.80218,16.710046],[103.802386,16.710363],[103.802303,16.711343],[103.802657,16.711505],[103.802575,16.711893],[103.802842,16.711546],[103.803055,16.711621],[103.802929,16.71196],[103.803408,16.712044],[103.803417,16.71259],[103.803726,16.712524],[103.803935,16.71339],[103.804337,16.713484],[103.804284,16.714118],[103.804794,16.713654],[103.804773,16.714502],[103.804962,16.714685],[103.805265,16.714494],[103.805324,16.715112],[103.805779,16.71525],[103.805836,16.715546],[103.806109,16.715451],[103.806191,16.714839],[103.80667,16.715059],[103.806846,16.714588],[103.807252,16.714866],[103.806885,16.715073],[103.807008,16.715389],[103.807385,16.715199],[103.807895,16.715527],[103.808012,16.715256],[103.808848,16.715806],[103.808786,16.716249],[103.809344,16.716144],[103.809298,16.716884],[103.809911,16.716963],[103.81015,16.717222],[103.809975,16.717417],[103.810206,16.71792],[103.810148,16.718681],[103.809818,16.71865],[103.809711,16.718857],[103.810618,16.719693],[103.810255,16.720521],[103.812175,16.720528],[103.812338,16.721021],[103.812827,16.721011],[103.813779,16.721922],[103.813792,16.722583],[103.814313,16.722131],[103.814425,16.722506],[103.814781,16.722412],[103.815536,16.723025],[103.815635,16.722635],[103.816103,16.722981],[103.817185,16.722553],[103.817466,16.723017],[103.817386,16.723512],[103.817939,16.723427],[103.817845,16.724036],[103.818711,16.723364],[103.819142,16.723883],[103.819612,16.723744],[103.820045,16.724201],[103.820715,16.723863],[103.820866,16.724085],[103.820617,16.724808],[103.820993,16.724719],[103.821693,16.725173],[103.821928,16.725866],[103.822372,16.725098],[103.822645,16.725075],[103.822805,16.725461],[103.822515,16.726334],[103.823408,16.726824],[103.823386,16.727172],[103.824384,16.727419],[103.823501,16.728124],[103.823813,16.729029],[103.823467,16.729193],[103.823712,16.729609],[103.82344,16.730547],[103.823614,16.731462],[103.823379,16.731909],[103.823683,16.732284],[103.824162,16.732387],[103.824703,16.731848],[103.825567,16.731781],[103.825523,16.732475],[103.826235,16.732297],[103.826759,16.732577],[103.827267,16.733294],[103.827442,16.732772],[103.827647,16.732757],[103.82818,16.733087],[103.829091,16.734272],[103.829204,16.734629],[103.829006,16.735021],[103.830034,16.735351],[103.829743,16.735989],[103.828841,16.735975],[103.829559,16.736276],[103.829425,16.737433],[103.830014,16.737511],[103.830302,16.737791],[103.830247,16.738073],[103.829322,16.738798],[103.829594,16.739483],[103.829519,16.7405],[103.830593,16.740874],[103.831148,16.742156],[103.831426,16.742237],[103.832357,16.741709],[103.832751,16.743351],[103.833908,16.743504],[103.834265,16.7434],[103.834349,16.742739],[103.835333,16.742786],[103.836334,16.742306],[103.836679,16.74255],[103.837023,16.74205],[103.837761,16.74197],[103.83809,16.741535],[103.839774,16.741871],[103.839132,16.742183],[103.839378,16.74251],[103.839214,16.742904],[103.839692,16.74336],[103.839439,16.743746],[103.839935,16.7438],[103.840359,16.744255],[103.841543,16.744702],[103.841875,16.744562],[103.841947,16.74513],[103.842588,16.744491],[103.843358,16.745675],[103.842571,16.746417],[103.84208,16.746447],[103.841988,16.747496],[103.842432,16.747732],[103.842497,16.748544],[103.842907,16.749143],[103.842507,16.750377],[103.841701,16.750069],[103.841691,16.750879],[103.842203,16.750978],[103.842604,16.751855],[103.843297,16.751428],[103.843724,16.751728],[103.844338,16.751667],[103.844328,16.750972],[103.845071,16.751395],[103.84452,16.752828],[103.844745,16.753086],[103.844631,16.753606],[103.845414,16.753738],[103.846002,16.754351],[103.846138,16.755068],[103.846376,16.755081],[103.846839,16.754189],[103.847545,16.754722],[103.848571,16.754434],[103.848894,16.755028],[103.85026,16.755101],[103.851412,16.754722],[103.85186,16.755175],[103.852182,16.754632],[103.852836,16.754929],[103.853135,16.75476],[103.853636,16.755041],[103.853164,16.755461],[103.853229,16.755677],[103.85445,16.755674],[103.85474,16.754919],[103.855187,16.755437],[103.85572,16.755033],[103.856052,16.755835],[103.85698,16.755814],[103.857195,16.756659],[103.858311,16.756794],[103.858942,16.756373],[103.859973,16.757216],[103.860968,16.757506],[103.862484,16.759481],[103.862513,16.760402],[103.863239,16.761906],[103.863993,16.762329],[103.863864,16.763123],[103.864313,16.763641],[103.865067,16.764008],[103.865215,16.765473],[103.866248,16.765226],[103.867052,16.766469],[103.867686,16.768234],[103.86823,16.768436],[103.868541,16.769186],[103.869645,16.769294],[103.869546,16.769805],[103.868477,16.770368],[103.869106,16.770703],[103.869216,16.771277],[103.86961,16.771415],[103.87005,16.771988],[103.871324,16.772699],[103.870846,16.773267],[103.87084,16.774123],[103.871561,16.77422],[103.87235,16.773836],[103.872957,16.774787],[103.873944,16.77466],[103.875269,16.775119],[103.876785,16.774871],[103.878209,16.77542],[103.879907,16.775674],[103.883469,16.777286],[103.884594,16.778474],[103.884776,16.780088],[103.886126,16.781336],[103.886778,16.782416],[103.887174,16.783763],[103.887514,16.784065],[103.888139,16.784487],[103.891419,16.785242],[103.893036,16.786328],[103.89511,16.787151],[103.899786,16.791305],[103.903338,16.795505],[103.907064,16.802905],[103.913657,16.799313],[103.918199,16.795368],[103.920338,16.794332],[103.921359,16.793021],[103.921821,16.790309],[103.923247,16.789072],[103.92789,16.788737],[103.931542,16.789301],[103.934406,16.788304],[103.935457,16.787648],[103.936063,16.786796],[103.936443,16.785374],[103.93576,16.777289],[103.935951,16.774953],[103.936585,16.773614],[103.937186,16.772976],[103.937665,16.772686],[103.942301,16.772327],[103.943101,16.772614],[103.945722,16.77453],[103.950298,16.776065],[103.951324,16.774629],[103.951607,16.773625],[103.949845,16.770319],[103.949199,16.76777],[103.949108,16.766169],[103.949829,16.762494],[103.949321,16.758294],[103.939324,16.746627],[103.936271,16.746029],[103.934555,16.739689],[103.915839,16.7279],[103.916764,16.72039],[103.91008,16.713957],[103.906916,16.714718],[103.903661,16.71134],[103.897113,16.71085],[103.891631,16.702591],[103.88112,16.701924],[103.879629,16.70114],[103.879647,16.6988],[103.872226,16.696871],[103.868472,16.683239],[103.865101,16.681158],[103.864642,16.679821],[103.863873,16.679134],[103.862483,16.673525],[103.874129,16.665163],[103.878058,16.658671],[103.873947,16.657226],[103.870652,16.657912],[103.86609,16.653674],[103.860408,16.652135],[103.864019,16.645624],[103.860067,16.633592],[103.861588,16.632801],[103.861657,16.632654],[103.861021,16.632982],[103.861749,16.630103],[103.842837,16.613877],[103.829979,16.610493],[103.827652,16.611198]]]},"bbox":[103.793177,16.610493,103.951607,16.802905]},{"type":"Feature","id":"bf6840ec-77de-4f1c-b961-6f59ae192df4","properties":{"id":"bf6840ec-77de-4f1c-b961-6f59ae192df4","code":"05461403","provinceCode":"46","nameTh":"เทศบาลตำบล หนองอีบุตร","nameEn":null,"geometryType":"MUNICIPALITY","sourceUrl":"https://landometer.com/api/v2/citymeter-v3/grocery/info/geom/bf6840ec-77de-4f1c-b961-6f59ae192df4/MUNICIPALITY","sourceSha256":"a8ebd845dd8f1a0305175d523b09fb89262f1478b33c7ced2dd6813292b4773e","retrievedAt":"2026-10-04T05:43:29.521662+00:00","boundaryVintage":null,"geometryStatus":"native_source_polygon_display_simplified","simplificationToleranceDegrees":0.00015,"simplificationPreservesTopology":true,"invalidSourceRepair":"make_valid; retain polygonal components; discard zero-area collapsed lines","legalBoundaryIndependentlyVerified":false,"areaId":"bf6840ec-77de-4f1c-b961-6f59ae192df4"},"geometry":{"type":"MultiPolygon","coordinates":[[[[103.917335,16.569747],[103.916832,16.569945],[103.91678508252616,16.570484738473468],[103.916927,16.570035],[103.917335,16.569747]]],[[[103.91678508252616,16.570484738473468],[103.916785,16.570485],[103.916794,16.570497],[103.91678508252616,16.570484738473468]]],[[[103.847943,16.590874],[103.847352,16.591214],[103.846818,16.590838],[103.846767,16.591349],[103.846075,16.591331],[103.846062,16.592015],[103.845824,16.592195],[103.846004,16.592905],[103.845497,16.592746],[103.84508,16.593226],[103.84545,16.593716],[103.844583,16.593481],[103.84441,16.592798],[103.843794,16.592896],[103.843417,16.593884],[103.844031,16.593844],[103.843458,16.594211],[103.84423,16.594653],[103.843955,16.59566],[103.844539,16.595849],[103.844413,16.596807],[103.844662,16.596782],[103.844893,16.596357],[103.845215,16.596894],[103.844852,16.597203],[103.844961,16.598201],[103.844665,16.598924],[103.844393,16.599027],[103.844515,16.598595],[103.843669,16.598351],[103.84344,16.598833],[103.842951,16.598767],[103.842862,16.599164],[103.84228,16.598825],[103.842284,16.599662],[103.841679,16.599026],[103.841245,16.599491],[103.841686,16.600128],[103.840934,16.600373],[103.841131,16.600827],[103.840958,16.601286],[103.840051,16.601163],[103.839698,16.602195],[103.839274,16.601863],[103.838809,16.601907],[103.839008,16.60253],[103.838216,16.60323],[103.837921,16.603094],[103.838235,16.60275],[103.837765,16.602351],[103.836592,16.603402],[103.83635,16.603249],[103.836585,16.602925],[103.83628,16.60266],[103.835304,16.603797],[103.834553,16.603386],[103.834493,16.60408],[103.833737,16.604239],[103.833519,16.604764],[103.833276,16.604686],[103.833331,16.604175],[103.832523,16.604853],[103.831464,16.604908],[103.831367,16.605313],[103.830695,16.605762],[103.830439,16.606247],[103.830841,16.606142],[103.830999,16.606398],[103.83148,16.606396],[103.831588,16.606799],[103.831071,16.606891],[103.831339,16.607236],[103.83108,16.607807],[103.830534,16.607604],[103.830568,16.608337],[103.829197,16.608668],[103.828673,16.609853],[103.829075,16.610181],[103.828084,16.610456],[103.82808,16.611106],[103.829979,16.610493],[103.842837,16.613877],[103.861749,16.630103],[103.861021,16.632982],[103.886155,16.620022],[103.899768,16.59359],[103.899773,16.583161],[103.902857,16.581829],[103.913099,16.584689],[103.913176,16.581216],[103.919346,16.574976],[103.919731,16.572475],[103.9177,16.570669],[103.916999,16.570952],[103.916951,16.571342],[103.916312,16.571394],[103.915989,16.57175],[103.915044,16.571702],[103.915169,16.572961],[103.915647,16.573351],[103.915137,16.573743],[103.914791,16.573655],[103.913768,16.572201],[103.913332,16.57198],[103.912062,16.572082],[103.911739,16.572434],[103.911844,16.573033],[103.910692,16.573049],[103.910455,16.572548],[103.909864,16.572314],[103.908941,16.572081],[103.907917,16.572196],[103.907918,16.571722],[103.908367,16.571546],[103.908644,16.571838],[103.908848,16.571748],[103.908954,16.570574],[103.908359,16.570571],[103.907481,16.570061],[103.907242,16.570386],[103.907284,16.572178],[103.906633,16.572092],[103.906689,16.571612],[103.905974,16.571776],[103.905515,16.57132],[103.904311,16.572403],[103.903558,16.572504],[103.903476,16.572965],[103.902318,16.573246],[103.901841,16.572621],[103.902064,16.571545],[103.902399,16.571239],[103.902896,16.571284],[103.902759,16.570587],[103.903391,16.56981],[103.903225,16.569475],[103.902564,16.569125],[103.900894,16.569461],[103.899802,16.568465],[103.898599,16.568423],[103.897722,16.567941],[103.897512,16.568338],[103.897535,16.569251],[103.897113,16.569589],[103.89518,16.568278],[103.894527,16.567178],[103.893013,16.567445],[103.892251,16.567313],[103.892013,16.568115],[103.891342,16.567882],[103.890817,16.568013],[103.890614,16.568393],[103.888138,16.567752],[103.888267,16.568263],[103.887988,16.568623],[103.887496,16.568588],[103.887475,16.569035],[103.886503,16.569291],[103.886397,16.568825],[103.887052,16.568718],[103.886435,16.568103],[103.88642,16.567639],[103.885889,16.56796],[103.88563,16.567872],[103.88489,16.567328],[103.884495,16.566571],[103.88367,16.567274],[103.883382,16.567142],[103.883867,16.566406],[103.883625,16.565361],[103.883218,16.565126],[103.882929,16.565584],[103.882196,16.565787],[103.882596,16.567075],[103.882356,16.567616],[103.88167,16.567025],[103.882189,16.566728],[103.88197,16.566341],[103.879923,16.566582],[103.879591,16.567163],[103.880123,16.567219],[103.880287,16.567544],[103.880136,16.567845],[103.878204,16.568499],[103.878376,16.56927],[103.878123,16.569489],[103.877751,16.56922],[103.877222,16.569439],[103.877155,16.570203],[103.876666,16.570042],[103.875433,16.570273],[103.875306,16.569733],[103.875913,16.56958],[103.876268,16.569116],[103.875774,16.568412],[103.875576,16.568604],[103.875778,16.569101],[103.875296,16.56883],[103.874943,16.569376],[103.874231,16.568996],[103.873428,16.569523],[103.872793,16.568889],[103.87248,16.569725],[103.871794,16.570167],[103.871498,16.569825],[103.871905,16.569014],[103.871672,16.56876],[103.871495,16.569088],[103.870953,16.568839],[103.871026,16.568095],[103.87069,16.568151],[103.870214,16.568834],[103.869485,16.568114],[103.870055,16.567576],[103.870301,16.566892],[103.870187,16.566431],[103.870538,16.566282],[103.870422,16.565701],[103.869945,16.565614],[103.869597,16.565861],[103.869481,16.566142],[103.869764,16.566455],[103.869477,16.567067],[103.869054,16.567183],[103.868803,16.566624],[103.869085,16.565942],[103.868193,16.56547],[103.867859,16.565789],[103.867533,16.565715],[103.867211,16.566415],[103.866631,16.565987],[103.865916,16.566257],[103.86588,16.566458],[103.866384,16.566706],[103.866822,16.567411],[103.865822,16.567772],[103.866408,16.568545],[103.865824,16.569675],[103.865794,16.570217],[103.865336,16.570646],[103.864824,16.570248],[103.864615,16.570326],[103.864511,16.571205],[103.864225,16.571471],[103.863686,16.570916],[103.863557,16.571238],[103.863057,16.571367],[103.863333,16.572118],[103.863092,16.572633],[103.86246,16.57271],[103.862618,16.572305],[103.862372,16.571657],[103.862203,16.571888],[103.861895,16.571821],[103.861586,16.572376],[103.860999,16.572259],[103.86084,16.572517],[103.861261,16.573356],[103.85971,16.573252],[103.859941,16.57452],[103.859631,16.574321],[103.858889,16.574782],[103.859012,16.57391],[103.858744,16.573818],[103.857759,16.574338],[103.858148,16.573619],[103.857387,16.573113],[103.85747,16.573999],[103.856866,16.573984],[103.856716,16.573478],[103.856212,16.573646],[103.855685,16.574056],[103.855738,16.574534],[103.854545,16.574708],[103.85449,16.57503],[103.854822,16.575256],[103.854457,16.576016],[103.8531,16.576037],[103.85356,16.576906],[103.852162,16.578218],[103.852307,16.578549],[103.851831,16.578784],[103.851558,16.579986],[103.851721,16.580229],[103.851574,16.581539],[103.851157,16.58174],[103.851393,16.582205],[103.850708,16.582736],[103.851153,16.583204],[103.850861,16.5839],[103.851789,16.584106],[103.852628,16.585534],[103.85178,16.585345],[103.851935,16.58573],[103.850759,16.586176],[103.851469,16.586984],[103.850593,16.5871],[103.850454,16.587414],[103.851197,16.588155],[103.850704,16.588348],[103.850882,16.588884],[103.850399,16.589149],[103.849777,16.589114],[103.849755,16.589571],[103.848765,16.589531],[103.848598,16.589811],[103.848038,16.589885],[103.847943,16.590874]]]]},"bbox":[103.828004,16.565126,103.919731,16.632982]},{"type":"Feature","id":"71eb2c8f-2fc3-4ac2-a34e-85c714406f83","properties":{"id":"71eb2c8f-2fc3-4ac2-a34e-85c714406f83","code":"05461601","provinceCode":"46","nameTh":"เทศบาลตำบล นาคู","nameEn":null,"geometryType":"MUNICIPALITY","sourceUrl":"https://landometer.com/api/v2/citymeter-v3/grocery/info/geom/71eb2c8f-2fc3-4ac2-a34e-85c714406f83/MUNICIPALITY","sourceSha256":"2a9fddf4bd246290efc2882df99677faf81f2e062d3b05d6be64ba24afb23f4c","retrievedAt":"2026-10-04T05:43:29.479794+00:00","boundaryVintage":null,"geometryStatus":"native_source_polygon_display_simplified","simplificationToleranceDegrees":0.00015,"simplificationPreservesTopology":true,"invalidSourceRepair":"make_valid; retain polygonal components; discard zero-area collapsed lines","legalBoundaryIndependentlyVerified":false,"areaId":"71eb2c8f-2fc3-4ac2-a34e-85c714406f83"},"geometry":{"type":"MultiPolygon","coordinates":[[[[104.02551,16.738161],[104.022628,16.738729],[104.02218721323793,16.739870526486364],[104.0254,16.739066],[104.02551,16.738161]]],[[[104.018152,16.740881],[104.017215,16.741638],[104.017267,16.743165],[104.016275,16.743413],[104.015717,16.746967],[104.019032,16.750626],[104.014849,16.755886],[104.016691,16.755154],[104.018146,16.757028],[104.017168,16.759195],[104.019604,16.759318],[104.019053,16.762198],[104.021172,16.762251],[104.021573,16.763807],[104.019604,16.764317],[104.019948,16.767209],[104.02971,16.770888],[104.033301,16.766706],[104.044375,16.761899],[104.043249,16.758151],[104.040377,16.757256],[104.039645,16.754795],[104.038485,16.755424],[104.0396,16.748737],[104.033808,16.744108],[104.030169,16.74345],[104.028727,16.740295],[104.027161,16.740687],[104.026588,16.7398],[104.02559,16.74005],[104.0254,16.739066],[104.018152,16.740881]],[[104.022187,16.739871],[104.020457,16.740304],[104.02218714591768,16.739870675976917],[104.022187,16.739871]]]]},"bbox":[104.014849,16.738096,104.044375,16.770888]},{"type":"Feature","id":"17cd16ab-53c1-4f78-b3ac-16e39b491636","properties":{"id":"17cd16ab-53c1-4f78-b3ac-16e39b491636","code":"05461605","provinceCode":"46","nameTh":"เทศบาลตำบล ภูแล่นช้าง","nameEn":null,"geometryType":"MUNICIPALITY","sourceUrl":"https://landometer.com/api/v2/citymeter-v3/grocery/info/geom/17cd16ab-53c1-4f78-b3ac-16e39b491636/MUNICIPALITY","sourceSha256":"d03e69335284e51e20132cb926d914c4ba79e3708ef337084920f3657918131e","retrievedAt":"2026-10-04T05:43:29.523086+00:00","boundaryVintage":null,"geometryStatus":"native_source_polygon_display_simplified","simplificationToleranceDegrees":0.00015,"simplificationPreservesTopology":true,"invalidSourceRepair":"make_valid; retain polygonal components; discard zero-area collapsed lines","legalBoundaryIndependentlyVerified":false,"areaId":"17cd16ab-53c1-4f78-b3ac-16e39b491636"},"geometry":{"type":"MultiPolygon","coordinates":[[[[104.02066189059578,16.702885984637973],[104.021815,16.701638],[104.021941,16.700989],[104.021402,16.699501],[104.021353,16.697463],[104.020821,16.696205],[104.020666,16.695022],[104.019252,16.694946],[104.018402,16.693888],[104.017392,16.693946],[104.0158,16.693464],[104.015433,16.692784],[104.015396,16.691379],[104.015116,16.69128],[104.014588,16.691654],[104.014213,16.691493],[104.013934,16.690088],[104.013176,16.689207],[104.012774,16.689144],[104.012514,16.689789],[104.01202,16.689673],[104.012029,16.688148],[104.012699,16.687641],[104.012774,16.687312],[104.01166,16.687088],[104.0115,16.686309],[104.01088,16.685606],[104.008767,16.684489],[104.008618,16.684819],[104.009112,16.685721],[104.008911,16.686422],[104.008527,16.686376],[104.007994,16.685247],[104.007173,16.685828],[104.005603,16.68599],[104.005747,16.686569],[104.005476,16.687125],[104.00427,16.687301],[104.003643,16.687821],[104.002854,16.686877],[104.002849,16.685698],[104.001969,16.685786],[104.001076,16.685462],[104.001173,16.685158],[104.001939,16.684845],[104.001932,16.684544],[104.000793,16.684636],[103.999913,16.683982],[103.999416,16.684714],[103.99862,16.684428],[103.997427,16.68446],[103.99721,16.684189],[103.997236,16.683364],[103.996285,16.683317],[103.996341,16.682503],[103.99732,16.682516],[103.997298,16.681884],[103.995664,16.681432],[103.995892,16.682323],[103.995487,16.682654],[103.994766,16.681667],[103.994057,16.681565],[103.994776,16.68106],[103.994842,16.680704],[103.994158,16.680689],[103.993511,16.679843],[103.992123,16.679946],[103.989591,16.679561],[103.989573,16.679163],[103.991031,16.677442],[103.990494,16.675754],[103.990238,16.675709],[103.989726,16.676179],[103.989628,16.675396],[103.990132,16.67484],[103.99099,16.675198],[103.991195,16.674647],[103.989958,16.673899],[103.988918,16.673585],[103.988071,16.673629],[103.987824,16.672898],[103.988235,16.672292],[103.987745,16.671872],[103.98745,16.671165],[103.987141,16.671123],[103.986158,16.671788],[103.98537,16.672867],[103.985153,16.672708],[103.985635,16.67173],[103.98541,16.671502],[103.984581,16.671734],[103.982285,16.671807],[103.98136,16.672417],[103.980586,16.6723],[103.980992,16.671281],[103.980431,16.670853],[103.97924,16.670613],[103.978847,16.670305],[103.978124,16.667689],[103.97688,16.666015],[103.977104,16.665103],[103.976988,16.664211],[103.976611,16.663537],[103.975668,16.663806],[103.97576,16.662793],[103.974358,16.661414],[103.972982,16.662098],[103.97193,16.661863],[103.971877,16.660426],[103.971224,16.659774],[103.971408,16.659336],[103.972126,16.658937],[103.974568,16.659292],[103.974757,16.658844],[103.974294,16.658349],[103.973421,16.658469],[103.973083,16.658234],[103.973001,16.655986],[103.972132,16.656047],[103.970481,16.656719],[103.969986,16.656548],[103.970311,16.655908],[103.971048,16.655595],[103.970737,16.654969],[103.969817,16.655082],[103.969223,16.652825],[103.970809,16.652481],[103.970024,16.651564],[103.971444,16.649893],[103.971561,16.649418],[103.970821,16.648911],[103.969836,16.647534],[103.969227,16.648384],[103.968998,16.64829],[103.969121,16.646502],[103.970318,16.64569],[103.969536,16.643839],[103.966561,16.643038],[103.967303,16.640684],[103.967142,16.639286],[103.967301,16.638326],[103.968184,16.637388],[103.96818,16.636344],[103.969252,16.634968],[103.969276,16.634275],[103.968053,16.633414],[103.967505,16.633308],[103.967502,16.634822],[103.966867,16.635679],[103.965974,16.635549],[103.964552,16.634841],[103.964583,16.634584],[103.963682,16.634795],[103.963471,16.635209],[103.963044,16.634998],[103.9624,16.635852],[103.962171,16.636885],[103.961457,16.637509],[103.96081,16.637687],[103.960725,16.63818],[103.959496,16.638271],[103.959326,16.637881],[103.959796,16.637241],[103.959434,16.637351],[103.958452,16.636326],[103.957985,16.636568],[103.957109,16.635383],[103.956427,16.63559],[103.955044,16.639239],[103.951751,16.642611],[103.951711,16.643353],[103.951229,16.643977],[103.950988,16.645122],[103.95109,16.645779],[103.950735,16.646787],[103.949818,16.647689],[103.949126,16.658215],[103.948111,16.660301],[103.947039,16.66333],[103.946294,16.675036],[103.946335,16.681794],[103.947362,16.686231],[103.949869,16.693749],[103.950017,16.696914],[103.947748,16.700358],[103.944175,16.704284],[103.944138,16.706866],[103.94349,16.708531],[103.943719,16.710703],[103.943462,16.71165],[103.943413,16.71515],[103.94397,16.716945],[103.945699,16.718837],[103.946824,16.720623],[103.948692,16.722076],[103.957345,16.726448],[103.958188,16.727405],[103.964061,16.727863],[103.966058,16.727222],[103.975074,16.728664],[103.977836,16.725385],[103.981491,16.724247],[103.984597,16.719917],[103.992908,16.718865],[103.998506,16.713801],[103.99927,16.707433],[104.002568,16.70257],[104.006504,16.700898],[104.02066189059578,16.702885984637973]]],[[[104.020662,16.702886],[104.02066189059578,16.702885984637973],[104.020659,16.702912],[104.020662,16.702886]]]]},"bbox":[103.943413,16.633307,104.021941,16.728664]},{"type":"Feature","id":"626d8f5b-6628-4fd6-9f53-0c468df82165","properties":{"id":"626d8f5b-6628-4fd6-9f53-0c468df82165","code":"05461701","provinceCode":"46","nameTh":"เทศบาลตำบล ดอนจาน","nameEn":null,"geometryType":"MUNICIPALITY","sourceUrl":"https://landometer.com/api/v2/citymeter-v3/grocery/info/geom/626d8f5b-6628-4fd6-9f53-0c468df82165/MUNICIPALITY","sourceSha256":"ff4f9996b693eb6d46cef77d6618578dc2cc0919293aedd5bbc579020b96ac8c","retrievedAt":"2026-10-04T05:43:29.560571+00:00","boundaryVintage":null,"geometryStatus":"native_source_polygon_display_simplified","simplificationToleranceDegrees":0.00015,"simplificationPreservesTopology":true,"invalidSourceRepair":"make_valid; retain polygonal components; discard zero-area collapsed lines","legalBoundaryIndependentlyVerified":false,"areaId":"626d8f5b-6628-4fd6-9f53-0c468df82165"},"geometry":{"type":"Polygon","coordinates":[[[103.741944,16.418414],[103.738673,16.415546],[103.741052,16.41151],[103.741925,16.411914],[103.742259,16.41105],[103.739497,16.409961],[103.730725,16.408194],[103.728356,16.406981],[103.72544,16.4047],[103.724317,16.403331],[103.722267,16.399235],[103.714313,16.386598],[103.713518,16.386261],[103.711536,16.386156],[103.705965,16.386315],[103.700323,16.386906],[103.691164,16.384384],[103.689032,16.386646],[103.684562,16.390257],[103.675595,16.395439],[103.671849,16.398328],[103.672408,16.400141],[103.672128,16.405434],[103.673628,16.410194],[103.672105,16.410682],[103.671776,16.411092],[103.670673,16.411598],[103.669414,16.411945],[103.668698,16.411491],[103.663587,16.410854],[103.663891,16.411607],[103.66333,16.412208],[103.663286,16.412885],[103.660118,16.418125],[103.660257,16.419111],[103.660951,16.419716],[103.661092,16.420654],[103.660707,16.421648],[103.660825,16.423029],[103.659912,16.425923],[103.661745,16.431516],[103.660843,16.432518],[103.661104,16.433456],[103.659995,16.43411],[103.659307,16.436032],[103.658017,16.436876],[103.657441,16.437592],[103.656215,16.437349],[103.654141,16.436071],[103.653195,16.436505],[103.651963,16.438097],[103.652705,16.439978],[103.652674,16.441155],[103.662108,16.452387],[103.667819,16.453072],[103.669305,16.453946],[103.667135,16.458507],[103.668833,16.458662],[103.669038,16.45781],[103.676441,16.453873],[103.684643,16.454397],[103.687025,16.456089],[103.691248,16.464604],[103.695587,16.464337],[103.697158,16.463517],[103.710082,16.46485],[103.719316,16.461004],[103.722252,16.46582],[103.733227,16.468646],[103.737959,16.473225],[103.739045,16.473628],[103.739126,16.473345],[103.738455,16.47304],[103.737818,16.470347],[103.73667,16.461437],[103.735411,16.460172],[103.733871,16.453661],[103.728771,16.454448],[103.719327,16.450941],[103.71636,16.443059],[103.713582,16.440792],[103.714184,16.431112],[103.719386,16.430639],[103.741944,16.418414]]]},"bbox":[103.651963,16.384384,103.742259,16.473628]},{"type":"Feature","id":"5215e584-5d38-4864-b821-2ceaa658ccf4","properties":{"id":"5215e584-5d38-4864-b821-2ceaa658ccf4","code":"05461702","provinceCode":"46","nameTh":"เทศบาลตำบล ม่วงนา","nameEn":null,"geometryType":"MUNICIPALITY","sourceUrl":"https://landometer.com/api/v2/citymeter-v3/grocery/info/geom/5215e584-5d38-4864-b821-2ceaa658ccf4/MUNICIPALITY","sourceSha256":"20a174982f041c3f67a0a837dec5d525573777797fe784a9dc7117d031aaac95","retrievedAt":"2026-10-04T05:43:29.576167+00:00","boundaryVintage":null,"geometryStatus":"native_source_polygon_display_simplified","simplificationToleranceDegrees":0.00015,"simplificationPreservesTopology":true,"invalidSourceRepair":"make_valid; retain polygonal components; discard zero-area collapsed lines","legalBoundaryIndependentlyVerified":false,"areaId":"5215e584-5d38-4864-b821-2ceaa658ccf4"},"geometry":{"type":"Polygon","coordinates":[[[103.652611,16.440859],[103.65269,16.441252],[103.655017,16.444766],[103.645272,16.446924],[103.640126,16.448918],[103.635682,16.451258],[103.631487,16.451147],[103.628476,16.454516],[103.62627,16.458716],[103.625063,16.458936],[103.624234,16.459898],[103.622935,16.460105],[103.621338,16.461385],[103.62042,16.461476],[103.619935,16.460321],[103.618408,16.461044],[103.617729,16.460201],[103.617104,16.459994],[103.613029,16.459778],[103.609899,16.460137],[103.607641,16.460687],[103.600371,16.463289],[103.598888,16.465763],[103.597834,16.468465],[103.598361,16.470221],[103.600195,16.472548],[103.597667,16.473324],[103.597977,16.474915],[103.597117,16.477979],[103.599183,16.478131],[103.598344,16.482254],[103.597889,16.482796],[103.596985,16.482825],[103.596886,16.485911],[103.597825,16.48761],[103.598947,16.488337],[103.597906,16.489396],[103.600579,16.492348],[103.601712,16.493165],[103.606385,16.495285],[103.607343,16.495501],[103.611636,16.494861],[103.613246,16.49565],[103.614016,16.49571],[103.614266,16.495019],[103.615279,16.495264],[103.615631,16.494907],[103.616172,16.495293],[103.617155,16.494782],[103.617458,16.495119],[103.617878,16.495029],[103.618802,16.495485],[103.618808,16.494874],[103.619255,16.494778],[103.619489,16.494328],[103.619868,16.49434],[103.620197,16.493905],[103.621357,16.493508],[103.621731,16.493594],[103.621798,16.493897],[103.62214,16.493846],[103.62216,16.494155],[103.622533,16.494335],[103.622294,16.494708],[103.622584,16.49477],[103.623683,16.49348],[103.623427,16.493125],[103.623599,16.492621],[103.624097,16.493201],[103.624159,16.492762],[103.624976,16.492565],[103.624588,16.491954],[103.624753,16.491541],[103.626219,16.490785],[103.626783,16.491108],[103.627584,16.490688],[103.627556,16.489936],[103.627826,16.489814],[103.627979,16.489255],[103.627628,16.488738],[103.627771,16.487649],[103.627616,16.487268],[103.62817,16.486583],[103.62933,16.485905],[103.629617,16.486111],[103.629956,16.485949],[103.629564,16.485487],[103.630142,16.485106],[103.630711,16.486041],[103.631605,16.485844],[103.632702,16.487748],[103.633219,16.487605],[103.63531,16.490018],[103.641265,16.49364],[103.645587,16.494893],[103.6481,16.49506],[103.648817,16.495514],[103.650501,16.495415],[103.650953,16.49698],[103.653254,16.496574],[103.653439,16.497127],[103.655362,16.496795],[103.656593,16.497951],[103.658678,16.503534],[103.658767,16.503282],[103.661237,16.503582],[103.662541,16.4996],[103.666472,16.49626],[103.666178,16.496254],[103.672888,16.496381],[103.675034,16.492677],[103.674927,16.487787],[103.669527,16.48396],[103.671425,16.480696],[103.668974,16.479126],[103.672601,16.476739],[103.678802,16.478257],[103.67885,16.469703],[103.681806,16.465875],[103.679966,16.464915],[103.674363,16.467773],[103.669369,16.46763],[103.668556,16.464677],[103.670904,16.458851],[103.667135,16.458507],[103.669305,16.453946],[103.667819,16.453072],[103.662108,16.452387],[103.652611,16.440859]]]},"bbox":[103.596886,16.440859,103.681806,16.503582]},{"type":"Feature","id":"2f978ef3-8d06-4651-95f4-76a303e6aa50","properties":{"id":"2f978ef3-8d06-4651-95f4-76a303e6aa50","code":"05461801","provinceCode":"46","nameTh":"เทศบาลตำบล ฆ้องชัยพัฒนา","nameEn":null,"geometryType":"MUNICIPALITY","sourceUrl":"https://landometer.com/api/v2/citymeter-v3/grocery/info/geom/2f978ef3-8d06-4651-95f4-76a303e6aa50/MUNICIPALITY","sourceSha256":"30fa52566d77c0a3372000b74bcf1e078d42b834ad2e4420dd5b767df702bdf2","retrievedAt":"2026-10-04T05:43:29.580890+00:00","boundaryVintage":null,"geometryStatus":"native_source_polygon_display_simplified","simplificationToleranceDegrees":0.00015,"simplificationPreservesTopology":true,"invalidSourceRepair":"make_valid; retain polygonal components; discard zero-area collapsed lines","legalBoundaryIndependentlyVerified":false,"areaId":"2f978ef3-8d06-4651-95f4-76a303e6aa50"},"geometry":{"type":"MultiPolygon","coordinates":[[[[103.4471000102961,16.227551654548034],[103.447178,16.227423],[103.4471,16.227551],[103.4471000102961,16.227551654548034]]],[[[103.442687,16.22624],[103.44249,16.222048],[103.442091,16.221545],[103.440213,16.220298],[103.439539,16.219965],[103.438999,16.21998],[103.438653,16.220274],[103.438502,16.221064],[103.438517,16.224064],[103.434684,16.229335],[103.432267,16.233259],[103.42833,16.236303],[103.42702,16.237033],[103.422302,16.238568],[103.415333,16.239387],[103.416403,16.245213],[103.448707,16.258528],[103.454041,16.269279],[103.45602882754143,16.27699933020493],[103.474825,16.284911],[103.475269,16.283565],[103.474572,16.271112],[103.475931,16.270997],[103.482034,16.272784],[103.485258,16.274244],[103.487952,16.276094],[103.489144,16.276102],[103.489329,16.276702],[103.491435,16.278048],[103.497755,16.280768],[103.50228594947089,16.27601998709895],[103.497554,16.272819],[103.497151,16.272243],[103.496842,16.271042],[103.498119,16.271994],[103.49476,16.258932],[103.497549,16.25127],[103.497669,16.244339],[103.4952,16.243613],[103.496479,16.237638],[103.494165,16.237185],[103.493737,16.232069],[103.490739,16.229952],[103.485479,16.23047],[103.480615,16.233502],[103.475928,16.237212],[103.468817,16.237654],[103.463603,16.233871],[103.461267,16.233811],[103.451421,16.235482],[103.449965,16.237452],[103.447238,16.236324],[103.4471000102961,16.227551654548034],[103.445152,16.229282],[103.444487,16.229422],[103.443488,16.228461],[103.442687,16.22624]]],[[[103.50228594947089,16.27601998709895],[103.502286,16.27602],[103.502847,16.275423],[103.50228594947089,16.27601998709895]]],[[[103.45602882754143,16.27699933020493],[103.453333,16.275956],[103.456029,16.277],[103.45602882754143,16.27699933020493]]]]},"bbox":[103.415333,16.219924,103.502847,16.284911]},{"type":"Feature","id":"ec45f3e1-6d44-4f81-b4af-d1e603ba3073","properties":{"id":"ec45f3e1-6d44-4f81-b4af-d1e603ba3073","code":"06460118","provinceCode":"46","nameTh":"องค์การบริหารส่วนตำบล หนองกุง","nameEn":null,"geometryType":"MUNICIPALITY","sourceUrl":"https://landometer.com/api/v2/citymeter-v3/grocery/info/geom/ec45f3e1-6d44-4f81-b4af-d1e603ba3073/MUNICIPALITY","sourceSha256":"48f01b7061bd9eba60983efa987a1a5561413da55cb5ea9ec9df17c21d75d166","retrievedAt":"2026-10-04T05:43:29.582746+00:00","boundaryVintage":null,"geometryStatus":"native_source_polygon_display_simplified","simplificationToleranceDegrees":0.00015,"simplificationPreservesTopology":true,"invalidSourceRepair":"make_valid; retain polygonal components; discard zero-area collapsed lines","legalBoundaryIndependentlyVerified":false,"areaId":"ec45f3e1-6d44-4f81-b4af-d1e603ba3073"},"geometry":{"type":"Polygon","coordinates":[[[103.526097,16.477622],[103.523869,16.477011],[103.523865,16.472643],[103.517861,16.46704],[103.518151,16.467311],[103.512418,16.469552],[103.509477,16.469223],[103.508658,16.4705],[103.515617,16.479285],[103.518071,16.489248],[103.516207,16.505169],[103.512266,16.507934],[103.508911,16.515429],[103.505402,16.516817],[103.503496,16.519527],[103.499037,16.521219],[103.492394,16.519472],[103.499008,16.533728],[103.506439,16.538592],[103.510574,16.546791],[103.513329,16.546895],[103.510763,16.557498],[103.518224,16.556871],[103.516608,16.566846],[103.520974,16.568266],[103.521836,16.571704],[103.524846,16.572952],[103.527876,16.572141],[103.528815,16.575234],[103.531586,16.575745],[103.532796,16.579142],[103.531562,16.583254],[103.533088,16.585965],[103.543837,16.586303],[103.546487,16.591088],[103.549435,16.592266],[103.549635,16.574298],[103.538324,16.533232],[103.534966,16.509987],[103.5357,16.492451],[103.527897,16.483251],[103.526097,16.477622]]]},"bbox":[103.492394,16.46704,103.549718,16.592266]},{"type":"Feature","id":"c6ce82ea-6b03-4362-a734-f44e5f982c0c","properties":{"id":"c6ce82ea-6b03-4362-a734-f44e5f982c0c","code":"06460203","provinceCode":"46","nameTh":"องค์การบริหารส่วนตำบล หลักเหลี่ยม","nameEn":null,"geometryType":"MUNICIPALITY","sourceUrl":"https://landometer.com/api/v2/citymeter-v3/grocery/info/geom/c6ce82ea-6b03-4362-a734-f44e5f982c0c/MUNICIPALITY","sourceSha256":"a8d02021996a7e8982fa645ad524c7c278344a1cdc3fbd303a4eb89779abf501","retrievedAt":"2026-10-04T05:43:29.623153+00:00","boundaryVintage":null,"geometryStatus":"native_source_polygon_display_simplified","simplificationToleranceDegrees":0.00015,"simplificationPreservesTopology":true,"invalidSourceRepair":"make_valid; retain polygonal components; discard zero-area collapsed lines","legalBoundaryIndependentlyVerified":false,"areaId":"c6ce82ea-6b03-4362-a734-f44e5f982c0c"},"geometry":{"type":"Polygon","coordinates":[[[103.839458,16.55007],[103.835215,16.542889],[103.825541,16.535293],[103.823431,16.524534],[103.82388,16.51451],[103.817494,16.493307],[103.816645,16.494253],[103.816206,16.495182],[103.813962,16.495985],[103.812618,16.496137],[103.810172,16.495539],[103.808623,16.495788],[103.807277,16.496991],[103.806377,16.498978],[103.804652,16.500469],[103.803171,16.500922],[103.801826,16.501966],[103.800751,16.50194],[103.799746,16.501043],[103.797278,16.501764],[103.794966,16.501234],[103.794469,16.501388],[103.793562,16.502873],[103.792793,16.503614],[103.792523,16.517613],[103.794692,16.524491],[103.794474,16.545627],[103.797798,16.54755],[103.806711,16.547715],[103.809529,16.551208],[103.813316,16.579746],[103.8181,16.589285],[103.826886,16.586999],[103.828108,16.590123],[103.825566,16.592688],[103.831804,16.599466],[103.833746,16.604234],[103.834483,16.604093],[103.834595,16.603367],[103.835336,16.603781],[103.83628,16.60266],[103.836585,16.602925],[103.83635,16.603249],[103.836592,16.603402],[103.837765,16.602351],[103.838243,16.602772],[103.837936,16.603156],[103.838232,16.603221],[103.839008,16.60253],[103.838809,16.601907],[103.839274,16.601863],[103.839698,16.602195],[103.840051,16.601163],[103.840958,16.601286],[103.841131,16.600827],[103.840917,16.600407],[103.84168,16.600145],[103.841245,16.599477],[103.841731,16.598995],[103.842284,16.599662],[103.84228,16.598825],[103.842862,16.599164],[103.842951,16.598767],[103.84344,16.598833],[103.843669,16.598351],[103.844515,16.598595],[103.844393,16.599027],[103.844676,16.598911],[103.844961,16.598201],[103.844852,16.597203],[103.845215,16.596894],[103.844893,16.596357],[103.844662,16.596782],[103.844413,16.596807],[103.844539,16.595849],[103.843955,16.59566],[103.84423,16.594653],[103.843458,16.594211],[103.844031,16.593844],[103.843417,16.593884],[103.843794,16.592896],[103.84441,16.592798],[103.844583,16.593481],[103.845458,16.593712],[103.84508,16.593226],[103.845497,16.592746],[103.846004,16.592905],[103.845824,16.592195],[103.846062,16.592015],[103.84608,16.591326],[103.846767,16.591349],[103.846833,16.590835],[103.847344,16.591213],[103.847888,16.591057],[103.848038,16.589885],[103.848598,16.589811],[103.848765,16.589531],[103.849755,16.589571],[103.849777,16.589114],[103.850399,16.589149],[103.850873,16.588899],[103.850704,16.588348],[103.851201,16.58817],[103.850468,16.587598],[103.850498,16.587272],[103.851469,16.586984],[103.850751,16.586189],[103.851935,16.58573],[103.85178,16.585345],[103.852374,16.585629],[103.852638,16.58547],[103.851771,16.58409],[103.850861,16.5839],[103.851154,16.583212],[103.850714,16.582696],[103.851393,16.582205],[103.851157,16.58174],[103.851574,16.581539],[103.851721,16.580229],[103.851558,16.579986],[103.851831,16.578784],[103.852307,16.578549],[103.852162,16.578218],[103.853571,16.576841],[103.853042,16.576186],[103.853577,16.575587],[103.845559,16.570847],[103.840374,16.55835],[103.839458,16.55007]]]},"bbox":[103.792523,16.493307,103.853577,16.604234]},{"type":"Feature","id":"3f3772e7-dc16-419f-b84a-6023b1a0a24a","properties":{"id":"3f3772e7-dc16-419f-b84a-6023b1a0a24a","code":"06460204","provinceCode":"46","nameTh":"องค์การบริหารส่วนตำบล นามน","nameEn":null,"geometryType":"MUNICIPALITY","sourceUrl":"https://landometer.com/api/v2/citymeter-v3/grocery/info/geom/3f3772e7-dc16-419f-b84a-6023b1a0a24a/MUNICIPALITY","sourceSha256":"ca4d7c6df7b68c1e3876a2f541f8a743d19f448a893894990636a6681085c4c5","retrievedAt":"2026-10-04T05:43:29.595735+00:00","boundaryVintage":null,"geometryStatus":"native_source_polygon_display_simplified","simplificationToleranceDegrees":0.00015,"simplificationPreservesTopology":true,"invalidSourceRepair":"make_valid; retain polygonal components; discard zero-area collapsed lines","legalBoundaryIndependentlyVerified":false,"areaId":"3f3772e7-dc16-419f-b84a-6023b1a0a24a"},"geometry":{"type":"Polygon","coordinates":[[[103.818094,16.589273],[103.813316,16.579746],[103.809529,16.551208],[103.806711,16.547715],[103.797798,16.54755],[103.794474,16.545627],[103.794692,16.524491],[103.792523,16.517613],[103.792793,16.503614],[103.785395,16.508922],[103.7843,16.509484],[103.784178,16.510658],[103.780621,16.511644],[103.779804,16.512587],[103.777434,16.513693],[103.772417,16.516664],[103.769799,16.520104],[103.769459,16.524095],[103.769667,16.527457],[103.769464,16.527836],[103.767784,16.52872],[103.767828,16.530022],[103.768165,16.531004],[103.767881,16.532169],[103.765484,16.531898],[103.764559,16.530411],[103.763978,16.530183],[103.762799,16.530548],[103.760679,16.53204],[103.759003,16.532662],[103.75716,16.533879],[103.754202,16.537252],[103.7526,16.538419],[103.751378,16.538984],[103.751504,16.539595],[103.749953,16.539703],[103.749389,16.540878],[103.747977,16.54272],[103.746443,16.54366],[103.74258,16.547798],[103.740413,16.54973],[103.733658,16.554246],[103.732584,16.556774],[103.731814,16.557392],[103.731214,16.558651],[103.732314,16.558845],[103.732197,16.561056],[103.729457,16.56184],[103.728328,16.563541],[103.727721,16.563971],[103.727596,16.5659],[103.726951,16.56648],[103.722946,16.56613],[103.721926,16.566367],[103.721246,16.566919],[103.721251,16.567158],[103.727436,16.568378],[103.730303,16.570889],[103.732311,16.570297],[103.73391,16.573081],[103.738484,16.573541],[103.744101,16.578846],[103.753408,16.579747],[103.760024,16.590325],[103.763338,16.593579],[103.77263,16.606641],[103.779501,16.602725],[103.797013,16.600531],[103.802755,16.595742],[103.818094,16.589273]],[[103.765849,16.561093],[103.772197,16.560787],[103.783084,16.564366],[103.806985,16.56168],[103.80885,16.580443],[103.807581,16.582487],[103.798782,16.580696],[103.787155,16.583451],[103.77369,16.583091],[103.769419,16.580763],[103.766746,16.582157],[103.751638,16.571139],[103.75747,16.564805],[103.765849,16.561093]]]},"bbox":[103.721246,16.503614,103.818094,16.606641]},{"type":"Feature","id":"47bfb600-aff8-4f16-aa93-195239905eed","properties":{"id":"47bfb600-aff8-4f16-aa93-195239905eed","code":"06460205","provinceCode":"46","nameTh":"องค์การบริหารส่วนตำบล ยอดแกง","nameEn":null,"geometryType":"MUNICIPALITY","sourceUrl":"https://landometer.com/api/v2/citymeter-v3/grocery/info/geom/47bfb600-aff8-4f16-aa93-195239905eed/MUNICIPALITY","sourceSha256":"65289fc65c17227d5dceecd6f1c18aa14bcde9b6c24346a930929c38a9e70a9e","retrievedAt":"2026-10-04T05:43:29.612390+00:00","boundaryVintage":null,"geometryStatus":"native_source_polygon_display_simplified","simplificationToleranceDegrees":0.00015,"simplificationPreservesTopology":true,"invalidSourceRepair":"make_valid; retain polygonal components; discard zero-area collapsed lines","legalBoundaryIndependentlyVerified":false,"areaId":"47bfb600-aff8-4f16-aa93-195239905eed"},"geometry":{"type":"Polygon","coordinates":[[[103.770086,16.608489],[103.77255,16.606522],[103.763338,16.593579],[103.760024,16.590325],[103.753408,16.579747],[103.744101,16.578846],[103.738484,16.573541],[103.73391,16.573081],[103.732311,16.570297],[103.730303,16.570889],[103.727436,16.568378],[103.721251,16.567158],[103.721246,16.566919],[103.721926,16.566367],[103.722946,16.56613],[103.718856,16.564615],[103.715783,16.565778],[103.711766,16.56551],[103.70746,16.56636],[103.706665,16.566941],[103.706126,16.568107],[103.703958,16.569341],[103.703917,16.569941],[103.703236,16.570401],[103.70313,16.570789],[103.702163,16.570873],[103.701856,16.571679],[103.700792,16.572264],[103.700629,16.572607],[103.700871,16.573227],[103.701272,16.573269],[103.701259,16.572723],[103.702788,16.572225],[103.702547,16.57335],[103.703667,16.572006],[103.70431,16.571773],[103.704551,16.572363],[103.706245,16.570013],[103.706731,16.568883],[103.707481,16.568339],[103.708839,16.569299],[103.709097,16.570043],[103.708927,16.571119],[103.708246,16.572328],[103.707883,16.575431],[103.707232,16.5773],[103.705042,16.57999],[103.704458,16.580394],[103.704138,16.581081],[103.703452,16.581353],[103.702997,16.582599],[103.703155,16.584811],[103.703771,16.585191],[103.703848,16.585588],[103.703783,16.586143],[103.703264,16.586782],[103.703875,16.587543],[103.703383,16.58862],[103.703897,16.588922],[103.705171,16.589065],[103.706219,16.589801],[103.706167,16.590097],[103.705547,16.590592],[103.70557,16.591938],[103.70479,16.592499],[103.703432,16.592952],[103.699111,16.593682],[103.698316,16.593153],[103.696914,16.593244],[103.695555,16.593896],[103.691826,16.596747],[103.688287,16.59722],[103.686833,16.597998],[103.718823,16.653214],[103.717925,16.657977],[103.71807,16.663153],[103.717808,16.66668],[103.715827,16.67452],[103.715892,16.675038],[103.716998,16.67617],[103.718254,16.677046],[103.72026,16.677973],[103.722922,16.678734],[103.726112,16.67912],[103.732672,16.677433],[103.734035,16.675706],[103.735737,16.674491],[103.737846,16.673855],[103.743121,16.673108],[103.746893,16.672889],[103.751315,16.673197],[103.75184,16.673364],[103.751951,16.673953],[103.75281,16.674661],[103.754538,16.673945],[103.756794,16.674027],[103.757664,16.674502],[103.758939,16.674224],[103.759056,16.67384],[103.759713,16.674032],[103.760363,16.673786],[103.763674,16.674981],[103.76401,16.674824],[103.764336,16.67526],[103.764751,16.675305],[103.765447,16.67591],[103.765738,16.675632],[103.767633,16.675847],[103.768137,16.67606],[103.768427,16.676776],[103.769844,16.676521],[103.772059,16.675461],[103.772357,16.674871],[103.771341,16.67449],[103.771575,16.6742],[103.771339,16.673351],[103.771882,16.673354],[103.772365,16.671406],[103.772817,16.670807],[103.772635,16.670236],[103.773239,16.669651],[103.773066,16.667956],[103.773368,16.66766],[103.773124,16.667337],[103.773438,16.666495],[103.773172,16.666292],[103.774229,16.666039],[103.774444,16.665761],[103.77476,16.665882],[103.775473,16.665208],[103.776741,16.664708],[103.777636,16.665185],[103.778277,16.664562],[103.778987,16.664627],[103.778914,16.663737],[103.778174,16.664264],[103.771085,16.657518],[103.75816,16.647955],[103.75264,16.634114],[103.761959,16.620189],[103.764006,16.614127],[103.770598,16.609868],[103.770086,16.608489]]]},"bbox":[103.686833,16.564615,103.779089,16.67912]},{"type":"Feature","id":"4ab552a0-c904-4bd3-959e-195cc2f26107","properties":{"id":"4ab552a0-c904-4bd3-959e-195cc2f26107","code":"06460206","provinceCode":"46","nameTh":"องค์การบริหารส่วนตำบล หนองบัว","nameEn":null,"geometryType":"MUNICIPALITY","sourceUrl":"https://landometer.com/api/v2/citymeter-v3/grocery/info/geom/4ab552a0-c904-4bd3-959e-195cc2f26107/MUNICIPALITY","sourceSha256":"8cc35e1a7ab4e4a3f737d1147b1f143447fbf967b2b687fa2ec43a486013ecf0","retrievedAt":"2026-10-04T05:43:29.645307+00:00","boundaryVintage":null,"geometryStatus":"native_source_polygon_display_simplified","simplificationToleranceDegrees":0.00015,"simplificationPreservesTopology":true,"invalidSourceRepair":"make_valid; retain polygonal components; discard zero-area collapsed lines","legalBoundaryIndependentlyVerified":false,"areaId":"4ab552a0-c904-4bd3-959e-195cc2f26107"},"geometry":{"type":"Polygon","coordinates":[[[103.839458,16.55007],[103.840374,16.55835],[103.845559,16.570847],[103.853577,16.575587],[103.853392,16.575926],[103.854457,16.576016],[103.854822,16.575256],[103.85449,16.57503],[103.854545,16.574708],[103.855738,16.574534],[103.855685,16.574056],[103.856212,16.573646],[103.856716,16.573478],[103.856866,16.573984],[103.85747,16.573999],[103.857387,16.573113],[103.858148,16.573619],[103.857759,16.574338],[103.858744,16.573818],[103.859012,16.57391],[103.858889,16.574782],[103.859631,16.574321],[103.859941,16.57452],[103.85971,16.573252],[103.861261,16.573356],[103.86084,16.572517],[103.860999,16.572259],[103.861586,16.572376],[103.861895,16.571821],[103.862203,16.571888],[103.862372,16.571657],[103.862618,16.572305],[103.86246,16.57271],[103.863092,16.572633],[103.863333,16.572118],[103.863057,16.571367],[103.863557,16.571238],[103.863686,16.570916],[103.864225,16.571471],[103.864511,16.571205],[103.864615,16.570326],[103.864824,16.570248],[103.865336,16.570646],[103.865794,16.570217],[103.865824,16.569675],[103.866408,16.568545],[103.865822,16.567772],[103.866822,16.567411],[103.866384,16.566706],[103.86588,16.566458],[103.865916,16.566257],[103.866631,16.565987],[103.867211,16.566415],[103.867533,16.565715],[103.867859,16.565789],[103.868202,16.565468],[103.869085,16.565942],[103.868803,16.566624],[103.869054,16.567183],[103.869477,16.567067],[103.869764,16.566455],[103.869481,16.566142],[103.869597,16.565861],[103.869945,16.565614],[103.870422,16.565701],[103.870538,16.566282],[103.870187,16.566431],[103.870301,16.566892],[103.870055,16.567576],[103.869485,16.568114],[103.870214,16.568834],[103.87069,16.568151],[103.871026,16.568095],[103.870953,16.568839],[103.871495,16.569088],[103.871672,16.56876],[103.871905,16.569014],[103.871498,16.569825],[103.871794,16.570167],[103.87248,16.569725],[103.872793,16.568889],[103.873428,16.569523],[103.874231,16.568996],[103.874943,16.569376],[103.875296,16.56883],[103.875778,16.569101],[103.875576,16.568604],[103.875774,16.568412],[103.876268,16.569116],[103.875913,16.56958],[103.875306,16.569733],[103.875433,16.570273],[103.876666,16.570042],[103.877155,16.570203],[103.877222,16.569439],[103.877751,16.56922],[103.878123,16.569489],[103.878376,16.56927],[103.878204,16.568499],[103.880136,16.567845],[103.880287,16.567544],[103.880123,16.567219],[103.879591,16.567163],[103.879923,16.566582],[103.88197,16.566341],[103.882189,16.566728],[103.88167,16.567025],[103.882356,16.567616],[103.882596,16.567075],[103.882196,16.565787],[103.882929,16.565584],[103.8832,16.565126],[103.883625,16.565361],[103.883867,16.566406],[103.883382,16.567142],[103.88367,16.567274],[103.884495,16.566571],[103.88489,16.567328],[103.88563,16.567872],[103.885889,16.56796],[103.88642,16.567639],[103.886435,16.568103],[103.887052,16.568718],[103.886397,16.568825],[103.886503,16.569291],[103.887475,16.569035],[103.887496,16.568588],[103.887988,16.568623],[103.888267,16.568263],[103.888066,16.567935],[103.888194,16.567738],[103.890614,16.568393],[103.888256,16.565866],[103.890628,16.562705],[103.892387,16.562294],[103.891974,16.559272],[103.892358,16.558562],[103.892515,16.556447],[103.893094,16.554396],[103.89302,16.553374],[103.891521,16.548891],[103.890481,16.548584],[103.888279,16.547163],[103.888174,16.545522],[103.887125,16.540971],[103.887061,16.539306],[103.886374,16.536791],[103.885823,16.532019],[103.884078,16.527525],[103.883564,16.524931],[103.882483,16.522154],[103.882447,16.520144],[103.881413,16.517775],[103.880965,16.515336],[103.878657,16.515487],[103.87657,16.515148],[103.871782,16.511588],[103.87061,16.510979],[103.869689,16.511085],[103.86754,16.510534],[103.864854,16.510391],[103.863225,16.510623],[103.861151,16.511381],[103.858187,16.511339],[103.856993,16.51098],[103.855213,16.509718],[103.854403,16.506897],[103.853884,16.503743],[103.853911,16.502531],[103.852831,16.501118],[103.84805,16.498487],[103.845764,16.49853],[103.844325,16.498907],[103.843452,16.498455],[103.841509,16.498037],[103.839426,16.497073],[103.838683,16.49648],[103.835916,16.492918],[103.833673,16.490964],[103.832005,16.489048],[103.829832,16.489822],[103.828811,16.491882],[103.827117,16.493511],[103.825881,16.493449],[103.82352,16.492764],[103.821076,16.492961],[103.819529,16.49191],[103.819064,16.491899],[103.817942,16.492493],[103.817816,16.492665],[103.81756,16.493163],[103.817476,16.493346],[103.82388,16.51451],[103.823431,16.524534],[103.825541,16.535293],[103.835215,16.542889],[103.839458,16.55007]]]},"bbox":[103.817476,16.489048,103.893094,16.576053]},{"type":"Feature","id":"67d8aeab-d8f3-4bd8-ba67-87bfb1342fdd","properties":{"id":"67d8aeab-d8f3-4bd8-ba67-87bfb1342fdd","code":"06460305","provinceCode":"46","nameTh":"องค์การบริหารส่วนตำบล โคกสมบูรณ์","nameEn":null,"geometryType":"MUNICIPALITY","sourceUrl":"https://landometer.com/api/v2/citymeter-v3/grocery/info/geom/67d8aeab-d8f3-4bd8-ba67-87bfb1342fdd/MUNICIPALITY","sourceSha256":"92ae6877821356cf1829a68b94cb0048fa66476006b79b8ecd1b2bdeb9d79d6b","retrievedAt":"2026-10-04T05:43:29.634085+00:00","boundaryVintage":null,"geometryStatus":"native_source_polygon_display_simplified","simplificationToleranceDegrees":0.00015,"simplificationPreservesTopology":true,"invalidSourceRepair":"make_valid; retain polygonal components; discard zero-area collapsed lines","legalBoundaryIndependentlyVerified":false,"areaId":"67d8aeab-d8f3-4bd8-ba67-87bfb1342fdd"},"geometry":{"type":"Polygon","coordinates":[[[103.667916,16.331275],[103.65017,16.340707],[103.64447,16.346328],[103.635923,16.349888],[103.629812,16.348453],[103.629757,16.348277],[103.627472,16.351157],[103.628955,16.355063],[103.631192,16.355469],[103.629451,16.358899],[103.628094,16.357452],[103.627122,16.360174],[103.629475,16.362698],[103.628261,16.369189],[103.631592,16.369478],[103.632858,16.371837],[103.637385,16.374209],[103.641443,16.375621],[103.640941,16.375511],[103.645786,16.376573],[103.649917,16.378016],[103.650741,16.377935],[103.652594,16.379962],[103.660673,16.386231],[103.664072,16.388413],[103.664684,16.388583],[103.665408,16.38864],[103.667776,16.388076],[103.672243,16.386634],[103.679723,16.383751],[103.683637,16.383237],[103.68944,16.38381],[103.700323,16.386906],[103.705965,16.386315],[103.703036,16.379626],[103.700153,16.374059],[103.703024,16.370999],[103.704356,16.370331],[103.706624,16.368317],[103.709423,16.364669],[103.708641,16.363594],[103.707912,16.363072],[103.707105,16.361442],[103.706696,16.359778],[103.70534,16.357098],[103.703759,16.352838],[103.703623,16.352348],[103.703887,16.351151],[103.703684,16.348845],[103.702012,16.348439],[103.701692,16.348167],[103.701161,16.346853],[103.700952,16.345535],[103.700467,16.344875],[103.700418,16.343859],[103.699134,16.34221],[103.697588,16.341484],[103.696885,16.340828],[103.695937,16.340766],[103.695445,16.338611],[103.69459,16.336384],[103.694487,16.33531],[103.693222,16.334029],[103.693261,16.33218],[103.692389,16.331243],[103.691165,16.33065],[103.689854,16.329559],[103.689368,16.328873],[103.688782,16.326674],[103.687244,16.324944],[103.68779,16.321875],[103.686902,16.3198],[103.687024,16.31696],[103.685761,16.315223],[103.684688,16.314497],[103.683013,16.311976],[103.683437,16.310612],[103.683532,16.308283],[103.683918,16.306571],[103.682239,16.306721],[103.6822,16.313425],[103.683536,16.319155],[103.689198,16.329688],[103.667916,16.331275]]]},"bbox":[103.627122,16.306571,103.709423,16.38864]},{"type":"Feature","id":"071bcd70-12b1-48d4-9ab6-e12167380a70","properties":{"id":"071bcd70-12b1-48d4-9ab6-e12167380a70","code":"06460306","provinceCode":"46","nameTh":"องค์การบริหารส่วนตำบล เจ้าท่า","nameEn":null,"geometryType":"MUNICIPALITY","sourceUrl":"https://landometer.com/api/v2/citymeter-v3/grocery/info/geom/071bcd70-12b1-48d4-9ab6-e12167380a70/MUNICIPALITY","sourceSha256":"9c85ebc9266fe6ab5df8973ce35daef68933772e6e6d73cc515f4867d370357c","retrievedAt":"2026-10-04T05:43:29.655285+00:00","boundaryVintage":null,"geometryStatus":"native_source_polygon_display_simplified","simplificationToleranceDegrees":0.00015,"simplificationPreservesTopology":true,"invalidSourceRepair":"make_valid; retain polygonal components; discard zero-area collapsed lines","legalBoundaryIndependentlyVerified":false,"areaId":"071bcd70-12b1-48d4-9ab6-e12167380a70"},"geometry":{"type":"Polygon","coordinates":[[[103.660757,16.21446],[103.662616,16.211346],[103.663269,16.208968],[103.663783,16.208773],[103.664311,16.208927],[103.665666,16.211342],[103.666168,16.211577],[103.666755,16.211443],[103.667176,16.21052],[103.666968,16.20741],[103.667447,16.206371],[103.669111,16.205264],[103.671103,16.204694],[103.674864,16.204694],[103.675698,16.204375],[103.676346,16.203261],[103.676222,16.202344],[103.675807,16.201615],[103.671388,16.198401],[103.669307,16.197329],[103.66828,16.197635],[103.666806,16.199793],[103.666261,16.199957],[103.665724,16.199816],[103.665249,16.198991],[103.66451,16.19498],[103.662913,16.193116],[103.662083,16.192682],[103.661361,16.192642],[103.657568,16.19312],[103.656075,16.193788],[103.655741,16.194766],[103.655844,16.199421],[103.655293,16.202945],[103.654336,16.203901],[103.653061,16.204025],[103.652342,16.203401],[103.652029,16.202559],[103.652571,16.199503],[103.652557,16.197227],[103.65135,16.193049],[103.651207,16.188543],[103.650301,16.188304],[103.649459,16.188672],[103.648437,16.189822],[103.646857,16.192293],[103.645982,16.193165],[103.645101,16.193495],[103.643885,16.193487],[103.643046,16.193267],[103.641711,16.192394],[103.64096,16.191057],[103.64021,16.188846],[103.639524,16.187918],[103.637857,16.186956],[103.636265,16.18688],[103.633305,16.187785],[103.63143,16.189573],[103.631075,16.190494],[103.630942,16.194467],[103.63018,16.198614],[103.628874,16.203135],[103.627547,16.205431],[103.624393,16.208977],[103.617566,16.217478],[103.610992,16.218639],[103.609783,16.218628],[103.605221,16.216817],[103.601695,16.216262],[103.600291,16.215292],[103.599961,16.214335],[103.600092,16.213367],[103.600577,16.212764],[103.601519,16.212391],[103.606355,16.213176],[103.609612,16.214223],[103.61135,16.215033],[103.612773,16.215131],[103.613113,16.214902],[103.613307,16.214193],[103.612148,16.21101],[103.612154,16.209618],[103.612633,16.208718],[103.613564,16.207901],[103.614324,16.207569],[103.616373,16.207412],[103.618484,16.206532],[103.619198,16.205923],[103.619435,16.204527],[103.617976,16.201812],[103.615942,16.200857],[103.61395,16.199379],[103.612768,16.198905],[103.611736,16.199076],[103.610415,16.20044],[103.609611,16.20085],[103.607994,16.200856],[103.607195,16.20062],[103.606721,16.200239],[103.606286,16.199183],[103.606269,16.197134],[103.606698,16.195328],[103.606471,16.194665],[103.605907,16.194343],[103.602899,16.19376],[103.59956,16.192516],[103.598565,16.19263],[103.597771,16.193147],[103.5973,16.194382],[103.597531,16.197288],[103.598783,16.200096],[103.598525,16.201316],[103.597602,16.20193],[103.595797,16.202408],[103.595247,16.20234],[103.5946,16.205237],[103.586368,16.206731],[103.578429,16.219491],[103.585443,16.244318],[103.592174,16.250798],[103.613709,16.261151],[103.627004,16.26435],[103.625828,16.262741],[103.625875,16.262261],[103.62784,16.254124],[103.629493,16.250726],[103.630392,16.247859],[103.645508,16.230886],[103.661454,16.217126],[103.660761,16.215849],[103.660757,16.21446]]]},"bbox":[103.578429,16.186847,103.676351,16.26435]},{"type":"Feature","id":"4fb87253-a140-40b9-97e6-e8ca5517b50c","properties":{"id":"4fb87253-a140-40b9-97e6-e8ca5517b50c","code":"06460307","provinceCode":"46","nameTh":"องค์การบริหารส่วนตำบล โพนงาม","nameEn":null,"geometryType":"MUNICIPALITY","sourceUrl":"https://landometer.com/api/v2/citymeter-v3/grocery/info/geom/4fb87253-a140-40b9-97e6-e8ca5517b50c/MUNICIPALITY","sourceSha256":"4a1d70f748d7d9599994b8edb154da581855a29783f28ee3f624dc854e404109","retrievedAt":"2026-10-04T05:43:29.671950+00:00","boundaryVintage":null,"geometryStatus":"native_source_polygon_display_simplified","simplificationToleranceDegrees":0.00015,"simplificationPreservesTopology":true,"invalidSourceRepair":"make_valid; retain polygonal components; discard zero-area collapsed lines","legalBoundaryIndependentlyVerified":false,"areaId":"4fb87253-a140-40b9-97e6-e8ca5517b50c"},"geometry":{"type":"Polygon","coordinates":[[[103.687698,16.299676],[103.685348,16.296607],[103.685199,16.295664],[103.687713,16.288875],[103.687909,16.287014],[103.681037,16.284708],[103.679169,16.281328],[103.673192,16.279614],[103.670894,16.280283],[103.66825,16.28483],[103.667153,16.282365],[103.663728,16.28426],[103.661697,16.28243],[103.657915,16.284696],[103.659248,16.286891],[103.658021,16.28984],[103.661661,16.292598],[103.659817,16.294975],[103.656791,16.294708],[103.655165,16.298135],[103.650778,16.300893],[103.647092,16.299664],[103.64726,16.302239],[103.641612,16.304401],[103.642316,16.306602],[103.640695,16.307735],[103.639393,16.308182],[103.636653,16.304402],[103.634006,16.306616],[103.636268,16.311192],[103.633062,16.311383],[103.634575,16.314634],[103.631525,16.314126],[103.629923,16.320259],[103.633984,16.322535],[103.630831,16.324827],[103.632379,16.327737],[103.630864,16.329812],[103.628077,16.329753],[103.62932,16.332819],[103.622687,16.338762],[103.625503,16.34675],[103.627081,16.347408],[103.628907,16.345538],[103.629812,16.348453],[103.635923,16.349888],[103.64447,16.346328],[103.65017,16.340707],[103.667916,16.331275],[103.689198,16.329688],[103.683536,16.319155],[103.6822,16.313425],[103.682239,16.306721],[103.681166,16.306843],[103.682513,16.30386],[103.683267,16.303461],[103.685825,16.303053],[103.686924,16.302379],[103.687779,16.300863],[103.687698,16.299676]]]},"bbox":[103.622687,16.279614,103.689198,16.349888]},{"type":"Feature","id":"15d0a436-551d-4c14-869d-17281c471f31","properties":{"id":"15d0a436-551d-4c14-869d-17281c471f31","code":"06460309","provinceCode":"46","nameTh":"องค์การบริหารส่วนตำบล กมลาไสย","nameEn":null,"geometryType":"MUNICIPALITY","sourceUrl":"https://landometer.com/api/v2/citymeter-v3/grocery/info/geom/15d0a436-551d-4c14-869d-17281c471f31/MUNICIPALITY","sourceSha256":"3bf6d1c348c50967f531e34b8f83199062a637314851242ccb18df6487527bdd","retrievedAt":"2026-10-04T05:43:29.672099+00:00","boundaryVintage":null,"geometryStatus":"native_source_polygon_display_simplified","simplificationToleranceDegrees":0.00015,"simplificationPreservesTopology":true,"invalidSourceRepair":"make_valid; retain polygonal components; discard zero-area collapsed lines","legalBoundaryIndependentlyVerified":false,"areaId":"15d0a436-551d-4c14-869d-17281c471f31"},"geometry":{"type":"Polygon","coordinates":[[[103.523858,16.317587],[103.523801,16.319838],[103.523306,16.320022],[103.522657,16.323936],[103.520415,16.325525],[103.518394,16.32659],[103.517302,16.329958],[103.517306,16.332226],[103.518027,16.334616],[103.517932,16.338424],[103.518206,16.34051],[103.517344,16.342843],[103.517376,16.343258],[103.516739,16.344039],[103.516618,16.344652],[103.516677,16.344758],[103.516794,16.344798],[103.51739,16.344548],[103.517918,16.344637],[103.518226,16.345185],[103.51782,16.346],[103.517881,16.34633],[103.519612,16.345818],[103.520054,16.346635],[103.521219,16.347708],[103.521564,16.347648],[103.521521,16.346953],[103.522115,16.346144],[103.52226,16.345117],[103.52333,16.345233],[103.523612,16.344986],[103.523057,16.3438],[103.523697,16.342666],[103.523691,16.342159],[103.522558,16.342506],[103.522146,16.342023],[103.52234,16.341627],[103.523074,16.341372],[103.523526,16.340402],[103.524201,16.340286],[103.524705,16.341417],[103.528896,16.342694],[103.529431,16.342445],[103.529027,16.341578],[103.529192,16.341123],[103.52971,16.340885],[103.530696,16.341071],[103.530977,16.340891],[103.530161,16.339762],[103.530198,16.339235],[103.530463,16.33901],[103.53162,16.339338],[103.532654,16.340171],[103.533492,16.340011],[103.533721,16.339515],[103.534266,16.339465],[103.534567,16.339821],[103.534443,16.340506],[103.534845,16.340739],[103.535648,16.340481],[103.536159,16.339574],[103.536144,16.338956],[103.536571,16.338872],[103.538018,16.339484],[103.53799,16.339997],[103.537067,16.340657],[103.53736,16.34098],[103.537756,16.340958],[103.53867,16.340163],[103.538873,16.339523],[103.538441,16.338789],[103.537555,16.338086],[103.537546,16.337692],[103.53825,16.337153],[103.5391,16.337634],[103.539204,16.337313],[103.538647,16.336635],[103.538708,16.336279],[103.539971,16.336407],[103.54025,16.336166],[103.539996,16.3348],[103.539149,16.334633],[103.538722,16.334234],[103.53879,16.333391],[103.540059,16.333258],[103.54067,16.332801],[103.541334,16.333139],[103.541704,16.333062],[103.541712,16.33263],[103.541091,16.332001],[103.541269,16.331666],[103.543014,16.33218],[103.544051,16.332231],[103.544188,16.331923],[103.54361,16.331455],[103.54426,16.331198],[103.544884,16.331453],[103.544997,16.332253],[103.545298,16.332493],[103.546824,16.33336],[103.547241,16.333302],[103.547152,16.331556],[103.547622,16.331153],[103.547835,16.331257],[103.549955,16.326742],[103.573717,16.312462],[103.572758,16.29468],[103.562613,16.296656],[103.523689,16.297312],[103.526656,16.302576],[103.520349,16.310626],[103.521832,16.316887],[103.523858,16.317587]],[[103.516666,16.344738],[103.516672,16.344748],[103.51666800000001,16.34474163636365],[103.516666,16.344738]]]},"bbox":[103.516592,16.29468,103.573717,16.347716]},{"type":"Feature","id":"5b9099f6-8513-4865-8469-af88503e5574","properties":{"id":"5b9099f6-8513-4865-8469-af88503e5574","code":"06460310","provinceCode":"46","nameTh":"องค์การบริหารส่วนตำบล ธัญญา","nameEn":null,"geometryType":"MUNICIPALITY","sourceUrl":"https://landometer.com/api/v2/citymeter-v3/grocery/info/geom/5b9099f6-8513-4865-8469-af88503e5574/MUNICIPALITY","sourceSha256":"8bf63e2ce6c7dfa71552c821f284ea182ab69003b5d95dcfc841a53a08dca06a","retrievedAt":"2026-10-04T05:43:29.669740+00:00","boundaryVintage":null,"geometryStatus":"native_source_polygon_display_simplified","simplificationToleranceDegrees":0.00015,"simplificationPreservesTopology":true,"invalidSourceRepair":"make_valid; retain polygonal components; discard zero-area collapsed lines","legalBoundaryIndependentlyVerified":false,"areaId":"5b9099f6-8513-4865-8469-af88503e5574"},"geometry":{"type":"Polygon","coordinates":[[[103.56434,16.202658],[103.557633,16.203217],[103.55231,16.203067],[103.550775,16.203593],[103.549639,16.204746],[103.548897,16.20746],[103.549124,16.208359],[103.549932,16.20865],[103.552098,16.208187],[103.552926,16.20822],[103.554365,16.209032],[103.555234,16.210015],[103.557082,16.213981],[103.558244,16.215254],[103.56028,16.21661],[103.560476,16.217511],[103.560032,16.218333],[103.559123,16.218915],[103.557681,16.219306],[103.556384,16.219259],[103.555451,16.21845],[103.555108,16.215551],[103.554122,16.214225],[103.553189,16.213731],[103.55217,16.21353],[103.547875,16.21376],[103.547653,16.217663],[103.54704,16.219872],[103.547904,16.223932],[103.548353,16.224153],[103.549431,16.224107],[103.550118,16.224689],[103.549763,16.228413],[103.549231,16.229285],[103.549332,16.230222],[103.54826,16.230941],[103.547975,16.231682],[103.548061,16.232484],[103.547328,16.232265],[103.546674,16.232386],[103.545782,16.233574],[103.544875,16.233451],[103.542786,16.234829],[103.542281,16.237448],[103.542513,16.24064],[103.542396,16.244076],[103.540864,16.244169],[103.539752,16.247553],[103.539968,16.249594],[103.539786,16.25134],[103.54002,16.251879],[103.539604,16.253836],[103.538776,16.254095],[103.538838,16.255455],[103.538421,16.255657],[103.538858,16.259367],[103.536692,16.26025],[103.537122,16.261951],[103.537093,16.26297],[103.529277,16.267002],[103.529795,16.268316],[103.529401,16.269859],[103.527751,16.270554],[103.526487,16.274558],[103.526918,16.279117],[103.526817,16.278044],[103.52785,16.278351],[103.527952,16.279424],[103.523689,16.297312],[103.562613,16.296656],[103.572758,16.29468],[103.556294,16.285618],[103.557079,16.277944],[103.553058,16.272809],[103.563008,16.2683],[103.561977,16.263282],[103.558787,16.260644],[103.566525,16.257216],[103.583871,16.262292],[103.588462,16.261449],[103.595599,16.2673],[103.602458,16.266602],[103.606365,16.264469],[103.609072,16.265812],[103.614476,16.276402],[103.613712,16.274419],[103.620553,16.270875],[103.627004,16.26435],[103.613709,16.261151],[103.592174,16.250798],[103.585443,16.244318],[103.578429,16.219491],[103.586368,16.206731],[103.5946,16.205237],[103.595272,16.202332],[103.594861,16.202106],[103.594483,16.201409],[103.594812,16.198181],[103.594015,16.196307],[103.590724,16.194692],[103.588588,16.19444],[103.579381,16.197631],[103.576105,16.199069],[103.572566,16.199979],[103.568976,16.201633],[103.56434,16.202658]]]},"bbox":[103.523689,16.194389,103.627004,16.297312]},{"type":"Feature","id":"50cfab5f-3b80-4cde-a85a-c85fef9e4c41","properties":{"id":"50cfab5f-3b80-4cde-a85a-c85fef9e4c41","code":"06460402","provinceCode":"46","nameTh":"องค์การบริหารส่วนตำบล เหล่าอ้อย","nameEn":null,"geometryType":"MUNICIPALITY","sourceUrl":"https://landometer.com/api/v2/citymeter-v3/grocery/info/geom/50cfab5f-3b80-4cde-a85a-c85fef9e4c41/MUNICIPALITY","sourceSha256":"41d7b140bd42dbfb1d779dd088d74469971711cadab731c17b36eb21640c047d","retrievedAt":"2026-10-04T05:43:29.699543+00:00","boundaryVintage":null,"geometryStatus":"native_source_polygon_display_simplified","simplificationToleranceDegrees":0.00015,"simplificationPreservesTopology":true,"invalidSourceRepair":"make_valid; retain polygonal components; discard zero-area collapsed lines","legalBoundaryIndependentlyVerified":false,"areaId":"50cfab5f-3b80-4cde-a85a-c85fef9e4c41"},"geometry":{"type":"Polygon","coordinates":[[[103.698073,16.22886],[103.696322,16.229033],[103.69409,16.230212],[103.693957,16.230859],[103.694811,16.231462],[103.694857,16.232006],[103.692502,16.233038],[103.690559,16.235456],[103.689724,16.23756],[103.689891,16.23906],[103.690615,16.240661],[103.690384,16.241406],[103.689484,16.241688],[103.687821,16.241151],[103.685738,16.239123],[103.685064,16.239182],[103.684628,16.239682],[103.685227,16.241385],[103.684963,16.243219],[103.685541,16.245298],[103.685663,16.24846],[103.685474,16.24904],[103.683793,16.250428],[103.683628,16.251015],[103.6838,16.252154],[103.684565,16.253316],[103.688343,16.256526],[103.690348,16.259106],[103.690746,16.259994],[103.691137,16.2629],[103.691016,16.26347],[103.690602,16.263602],[103.689692,16.262689],[103.688567,16.262398],[103.687618,16.262749],[103.687083,16.263393],[103.688497,16.265814],[103.688975,16.2674],[103.689766,16.268859],[103.690019,16.270179],[103.691025,16.271765],[103.691058,16.27465],[103.690852,16.275039],[103.690266,16.274999],[103.686833,16.273266],[103.686244,16.273178],[103.685739,16.273395],[103.685519,16.275271],[103.685617,16.277633],[103.686425,16.278495],[103.687894,16.27903],[103.688259,16.27972],[103.687851,16.28028],[103.685711,16.28095],[103.68533,16.28162],[103.687232,16.281958],[103.688089,16.287074],[103.687724,16.284537],[103.692562,16.282365],[103.694351,16.282715],[103.710815,16.291581],[103.718394,16.285979],[103.719261,16.283636],[103.721283,16.28422],[103.726073,16.277911],[103.719563,16.259365],[103.724608,16.247869],[103.727533,16.234766],[103.732879,16.228625],[103.732073,16.230187],[103.733009,16.22967],[103.732898,16.229027],[103.733305,16.225969],[103.73419,16.223634],[103.733947,16.223047],[103.733035,16.222543],[103.732684,16.222901],[103.730846,16.222866],[103.730611,16.222743],[103.730637,16.222226],[103.729766,16.222127],[103.729347,16.222319],[103.728909,16.22187],[103.72864,16.222182],[103.727232,16.222301],[103.726714,16.222693],[103.7262,16.222278],[103.725238,16.222953],[103.7247,16.222566],[103.723663,16.222661],[103.723074,16.221719],[103.723032,16.220841],[103.720474,16.220528],[103.71719,16.21888],[103.716135,16.218602],[103.714517,16.21843],[103.712193,16.218614],[103.707117,16.220328],[103.704734,16.221529],[103.70316,16.226575],[103.702679,16.227446],[103.702013,16.227894],[103.698073,16.22886]]]},"bbox":[103.683628,16.21843,103.734196,16.291581]},{"type":"Feature","id":"a5e687d8-2bea-429a-8295-acb3949fcb25","properties":{"id":"a5e687d8-2bea-429a-8295-acb3949fcb25","code":"06460403","provinceCode":"46","nameTh":"องค์การบริหารส่วนตำบล สามัคคี","nameEn":null,"geometryType":"MUNICIPALITY","sourceUrl":"https://landometer.com/api/v2/citymeter-v3/grocery/info/geom/a5e687d8-2bea-429a-8295-acb3949fcb25/MUNICIPALITY","sourceSha256":"ac8b3dedcf0f91e4e166f4d3b849cd599d8b1820779e958faea4b530e78b3bb5","retrievedAt":"2026-10-04T05:43:29.698499+00:00","boundaryVintage":null,"geometryStatus":"native_source_polygon_display_simplified","simplificationToleranceDegrees":0.00015,"simplificationPreservesTopology":true,"invalidSourceRepair":"make_valid; retain polygonal components; discard zero-area collapsed lines","legalBoundaryIndependentlyVerified":false,"areaId":"a5e687d8-2bea-429a-8295-acb3949fcb25"},"geometry":{"type":"Polygon","coordinates":[[[103.728139,16.339471],[103.726527,16.337679],[103.727061,16.337205],[103.724851,16.335177],[103.724033,16.333564],[103.723503,16.333032],[103.722939,16.330334],[103.743311,16.312889],[103.747883,16.309418],[103.751497,16.305488],[103.754111,16.303597],[103.755198,16.302301],[103.755904,16.300714],[103.755572,16.298781],[103.743013,16.290072],[103.734771,16.28119],[103.726609,16.278415],[103.726418,16.277899],[103.726103,16.277775],[103.721283,16.28422],[103.719261,16.283636],[103.718394,16.285979],[103.710815,16.291581],[103.694351,16.282715],[103.692562,16.282365],[103.687724,16.284537],[103.688089,16.287074],[103.687232,16.281958],[103.687127,16.281925],[103.687259,16.282535],[103.686886,16.284235],[103.687871,16.286761],[103.687886,16.288188],[103.685199,16.295664],[103.685194,16.296181],[103.687601,16.299426],[103.687779,16.300863],[103.687243,16.301987],[103.686541,16.302722],[103.685825,16.303053],[103.683118,16.3035],[103.682513,16.30386],[103.681166,16.306843],[103.683918,16.306571],[103.683532,16.308283],[103.683437,16.310612],[103.683013,16.311976],[103.684688,16.314497],[103.685761,16.315223],[103.687024,16.31696],[103.686902,16.3198],[103.68779,16.321875],[103.687244,16.324944],[103.688782,16.326674],[103.689368,16.328873],[103.689854,16.329559],[103.691165,16.33065],[103.692389,16.331243],[103.693261,16.33218],[103.693222,16.334029],[103.694487,16.33531],[103.69459,16.336384],[103.695445,16.338611],[103.695937,16.340766],[103.696885,16.340828],[103.697588,16.341484],[103.699134,16.34221],[103.700418,16.343859],[103.700467,16.344875],[103.700952,16.345535],[103.701161,16.346853],[103.701692,16.348167],[103.702012,16.348439],[103.703684,16.348845],[103.703887,16.351151],[103.703623,16.352348],[103.703759,16.352838],[103.70534,16.357098],[103.706696,16.359778],[103.707105,16.361442],[103.707912,16.363072],[103.708641,16.363594],[103.709423,16.364669],[103.711242,16.362122],[103.712143,16.361603],[103.71295,16.360518],[103.713261,16.360484],[103.713576,16.358808],[103.715013,16.356515],[103.717596,16.354746],[103.718078,16.35383],[103.720607,16.352241],[103.722813,16.349954],[103.723987,16.347805],[103.72687,16.345241],[103.727967,16.345637],[103.7292,16.34248],[103.728945,16.340625],[103.727725,16.34007],[103.728139,16.339471]]]},"bbox":[103.681166,16.277775,103.755904,16.364669]},{"type":"Feature","id":"05132b11-f9cf-4a86-90f5-f56c60b08d20","properties":{"id":"05132b11-f9cf-4a86-90f5-f56c60b08d20","code":"06460506","provinceCode":"46","nameTh":"องค์การบริหารส่วนตำบล บัวขาว","nameEn":null,"geometryType":"MUNICIPALITY","sourceUrl":"https://landometer.com/api/v2/citymeter-v3/grocery/info/geom/05132b11-f9cf-4a86-90f5-f56c60b08d20/MUNICIPALITY","sourceSha256":"016a6ab670b1ac76e670f8d97033e91fafadf351f41908303bdd2d997664c0ef","retrievedAt":"2026-10-04T05:43:29.839588+00:00","boundaryVintage":null,"geometryStatus":"native_source_polygon_display_simplified","simplificationToleranceDegrees":0.00015,"simplificationPreservesTopology":true,"invalidSourceRepair":"make_valid; retain polygonal components; discard zero-area collapsed lines","legalBoundaryIndependentlyVerified":false,"areaId":"05132b11-f9cf-4a86-90f5-f56c60b08d20"},"geometry":{"type":"Polygon","coordinates":[[[104.017163,16.518563],[104.022027,16.519896],[104.027096,16.525898],[104.035525,16.516883],[104.052392,16.519563],[104.058537,16.523807],[104.057794,16.527819],[104.059334,16.530447],[104.057463,16.531338],[104.05717,16.537616],[104.059682,16.539043],[104.060564,16.544709],[104.057518,16.551363],[104.058688,16.558017],[104.042691,16.559443],[104.032021,16.554019],[104.03159,16.554366],[104.032354,16.554951],[104.034669,16.566497],[104.041568,16.5746],[104.044881,16.575414],[104.050294,16.571566],[104.057339,16.569706],[104.067981,16.561707],[104.073413,16.559483],[104.069768,16.549042],[104.092942,16.532715],[104.094608,16.510609],[104.097456,16.497611],[104.095976,16.498205],[104.089707,16.493714],[104.075645,16.489749],[104.075694,16.487611],[104.063338,16.484053],[104.05449,16.477559],[104.050752,16.481969],[104.039152,16.484182],[104.03166,16.480544],[104.025524,16.481795],[104.021803,16.478804],[104.023402,16.48206],[104.023021,16.484924],[104.019824,16.486862],[104.017849,16.49034],[104.01756,16.503338],[104.014706,16.507111],[104.014858,16.508878],[104.017262,16.518216],[104.017163,16.518563]]]},"bbox":[104.014706,16.477559,104.097456,16.575414]},{"type":"Feature","id":"398a347e-286b-4a42-a433-fe4702383899","properties":{"id":"398a347e-286b-4a42-a433-fe4702383899","code":"06460507","provinceCode":"46","nameTh":"องค์การบริหารส่วนตำบล สามขา","nameEn":null,"geometryType":"MUNICIPALITY","sourceUrl":"https://landometer.com/api/v2/citymeter-v3/grocery/info/geom/398a347e-286b-4a42-a433-fe4702383899/MUNICIPALITY","sourceSha256":"4380a0b4a3d488cab41bef31b597ac23d1e1f06cfba811565e30116eacc3a4f0","retrievedAt":"2026-10-04T05:43:29.862034+00:00","boundaryVintage":null,"geometryStatus":"native_source_polygon_display_simplified","simplificationToleranceDegrees":0.00015,"simplificationPreservesTopology":true,"invalidSourceRepair":"make_valid; retain polygonal components; discard zero-area collapsed lines","legalBoundaryIndependentlyVerified":false,"areaId":"398a347e-286b-4a42-a433-fe4702383899"},"geometry":{"type":"MultiPolygon","coordinates":[[[[104.027558,16.443582],[104.027543,16.44362],[104.02754324742712,16.443620222575177],[104.027558,16.443582]]],[[[103.957267,16.438346],[103.956648,16.437821],[103.956004,16.437882],[103.955862,16.438103],[103.956062,16.438506],[103.955783,16.439067],[103.955384,16.439047],[103.955394,16.439429],[103.955048,16.439764],[103.955211,16.440088],[103.955039,16.440508],[103.953895,16.440508],[103.953168,16.440902],[103.953143,16.441335],[103.951805,16.441109],[103.950902,16.441348],[103.950447,16.441062],[103.950344,16.44153],[103.949576,16.441409],[103.949781,16.442658],[103.949522,16.443155],[103.948867,16.443557],[103.948291,16.443511],[103.947945,16.444025],[103.947171,16.442833],[103.946114,16.442787],[103.945776,16.442449],[103.945039,16.442691],[103.944392,16.442416],[103.944331,16.442665],[103.944656,16.442814],[103.944419,16.442963],[103.944196,16.442743],[103.943875,16.442892],[103.943765,16.442589],[103.943085,16.442975],[103.94262,16.442913],[103.94196,16.442144],[103.941243,16.442005],[103.941338,16.441573],[103.940223,16.441323],[103.939948,16.440831],[103.939325,16.440472],[103.939539,16.43991],[103.938839,16.439615],[103.938307,16.439969],[103.937872,16.439428],[103.937444,16.439579],[103.937022,16.438911],[103.936757,16.438903],[103.936662,16.438366],[103.936219,16.43834],[103.936411,16.438078],[103.936278,16.437813],[103.935743,16.437483],[103.935535,16.437864],[103.934443,16.437146],[103.934196,16.437336],[103.933666,16.43722],[103.933332,16.436488],[103.932557,16.436695],[103.932331,16.436018],[103.931031,16.435292],[103.930882,16.434964],[103.930501,16.435082],[103.929653,16.434772],[103.929211,16.43493],[103.928478,16.434328],[103.927993,16.434857],[103.927535,16.434956],[103.927527,16.435447],[103.926657,16.435953],[103.926554,16.436244],[103.926191,16.43639],[103.925891,16.43609],[103.925391,16.436359],[103.932159,16.451671],[103.937433,16.483325],[103.9404,16.487599],[103.943085,16.486795],[103.946182,16.494175],[103.9503,16.498073],[103.964646,16.49938],[103.965276,16.499855],[103.965466,16.502273],[103.970153,16.505177],[103.974015,16.504237],[103.97603,16.496988],[103.983658,16.495758],[103.983481,16.495198],[103.98562,16.495067],[103.98407,16.492587],[103.984727,16.490416],[103.993041,16.491388],[103.994219,16.487721],[103.998492,16.484885],[103.998885,16.4821],[104.002082,16.48084],[104.001037,16.478621],[104.006691,16.476364],[104.012017,16.470169],[104.012616,16.469306],[104.009407,16.459988],[104.010343,16.456684],[104.012627,16.455949],[104.01097,16.452686],[104.013645,16.452763],[104.014985,16.450188],[104.016796,16.450709],[104.015918,16.448503],[104.017065,16.447487],[104.022975,16.449585],[104.026295,16.448109],[104.028747,16.445207],[104.028449,16.444435],[104.02754324742712,16.443620222575177],[104.027159,16.443816],[104.026767,16.443448],[104.026975,16.44255],[104.026207,16.442075],[104.025492,16.442337],[104.024645,16.441377],[104.024242,16.441574],[104.023905,16.442151],[104.022435,16.440986],[104.019334,16.441819],[104.018529,16.441414],[104.018007,16.440769],[104.017495,16.441221],[104.016759,16.441251],[104.015044,16.442284],[104.014548,16.441804],[104.01337,16.442136],[104.013102,16.441571],[104.012228,16.441906],[104.011553,16.441681],[104.011183,16.441932],[104.009753,16.442045],[104.008264,16.442766],[104.008069,16.444196],[104.006782,16.44436],[104.005759,16.443952],[104.005278,16.444245],[104.004781,16.444049],[104.003823,16.444493],[104.003463,16.44422],[104.000705,16.445488],[104.000366,16.445344],[104.000077,16.444542],[103.999323,16.444138],[103.998804,16.444174],[103.998384,16.443618],[103.997631,16.443943],[103.997039,16.443655],[103.993583,16.443813],[103.992638,16.443273],[103.991692,16.441385],[103.988504,16.436954],[103.987192,16.435288],[103.985832,16.434027],[103.982875,16.432277],[103.977984,16.430946],[103.973861,16.430935],[103.97042,16.431562],[103.970004,16.432004],[103.968803,16.432497],[103.968865,16.433044],[103.967758,16.434387],[103.967192,16.434359],[103.96678,16.434809],[103.96645,16.434671],[103.96606,16.435227],[103.965353,16.434968],[103.964967,16.435338],[103.964597,16.434748],[103.963868,16.436136],[103.963829,16.437121],[103.963015,16.437139],[103.96266,16.437654],[103.962189,16.437285],[103.961781,16.437692],[103.961582,16.437136],[103.961908,16.436576],[103.961429,16.435952],[103.961127,16.436395],[103.960739,16.43647],[103.960711,16.437062],[103.960386,16.436782],[103.95961,16.437046],[103.958768,16.437966],[103.957941,16.438339],[103.957622,16.438174],[103.957267,16.438346]]]]},"bbox":[103.925391,16.430889,104.028747,16.505177]},{"type":"Feature","id":"808ce1d3-6969-4361-88e5-472ecff84a1e","properties":{"id":"808ce1d3-6969-4361-88e5-472ecff84a1e","code":"06460508","provinceCode":"46","nameTh":"องค์การบริหารส่วนตำบล กุดค้าว","nameEn":null,"geometryType":"MUNICIPALITY","sourceUrl":"https://landometer.com/api/v2/citymeter-v3/grocery/info/geom/808ce1d3-6969-4361-88e5-472ecff84a1e/MUNICIPALITY","sourceSha256":"f38c9bf73bd0024d04ae4d894badb276d4ee0ff568986ae72d51fd4d13b65e6c","retrievedAt":"2026-10-04T05:43:29.844694+00:00","boundaryVintage":null,"geometryStatus":"native_source_polygon_display_simplified","simplificationToleranceDegrees":0.00015,"simplificationPreservesTopology":true,"invalidSourceRepair":"make_valid; retain polygonal components; discard zero-area collapsed lines","legalBoundaryIndependentlyVerified":false,"areaId":"808ce1d3-6969-4361-88e5-472ecff84a1e"},"geometry":{"type":"Polygon","coordinates":[[[104.023402,16.48206],[104.018032,16.471129],[104.012616,16.469306],[104.006691,16.476364],[104.001037,16.478621],[104.002082,16.48084],[103.998885,16.4821],[103.998492,16.484885],[103.994219,16.487721],[103.993041,16.491388],[103.984727,16.490416],[103.98407,16.492587],[103.98562,16.495067],[103.983481,16.495198],[103.983658,16.495758],[103.98266,16.495919],[103.982948,16.496828],[103.983989,16.496804],[103.984627,16.498818],[103.980312,16.503388],[103.982801,16.505084],[103.978857,16.508174],[103.979412,16.511183],[103.98209,16.512288],[103.979976,16.51376],[103.980436,16.5184],[103.984203,16.520527],[103.986046,16.524789],[103.98968,16.526597],[103.996084,16.525778],[104.001868,16.531643],[104.004732,16.532375],[104.01352,16.5313],[104.017262,16.518216],[104.014858,16.508878],[104.014706,16.507111],[104.01756,16.503338],[104.017849,16.49034],[104.019824,16.486862],[104.023021,16.484924],[104.023402,16.48206]]]},"bbox":[103.978857,16.469306,104.023402,16.532375]},{"type":"Feature","id":"99c33155-0da8-4386-a2af-4caa1fd87fcc","properties":{"id":"99c33155-0da8-4386-a2af-4caa1fd87fcc","code":"06460509","provinceCode":"46","nameTh":"องค์การบริหารส่วนตำบล นาไคร้","nameEn":null,"geometryType":"MUNICIPALITY","sourceUrl":"https://landometer.com/api/v2/citymeter-v3/grocery/info/geom/99c33155-0da8-4386-a2af-4caa1fd87fcc/MUNICIPALITY","sourceSha256":"94085d3de5ac944c4f9eee9d15a5012096aa3487a69108e54ab8b2888b2bf8f7","retrievedAt":"2026-10-04T05:43:29.844889+00:00","boundaryVintage":null,"geometryStatus":"native_source_polygon_display_simplified","simplificationToleranceDegrees":0.00015,"simplificationPreservesTopology":true,"invalidSourceRepair":"make_valid; retain polygonal components; discard zero-area collapsed lines","legalBoundaryIndependentlyVerified":false,"areaId":"99c33155-0da8-4386-a2af-4caa1fd87fcc"},"geometry":{"type":"Polygon","coordinates":[[[104.237613,16.492449],[104.208468,16.494615],[104.195205,16.493692],[104.187815,16.490864],[104.186024,16.49349],[104.181307,16.493159],[104.177075,16.498896],[104.175647,16.498886],[104.169679,16.494907],[104.168599,16.489599],[104.161944,16.48693],[104.159956,16.484066],[104.157861,16.485665],[104.154446,16.484204],[104.146673,16.486731],[104.138261,16.484656],[104.131236,16.479972],[104.126642,16.482858],[104.126569,16.483608],[104.117487,16.487306],[104.110143,16.493062],[104.097429,16.497736],[104.094608,16.510609],[104.092942,16.532715],[104.095348,16.535156],[104.108462,16.538492],[104.118084,16.544563],[104.136621,16.543902],[104.147658,16.559139],[104.152365,16.563536],[104.160854,16.567365],[104.168658,16.585785],[104.175164,16.5918],[104.173933,16.593144],[104.175694,16.594073],[104.175839,16.594672],[104.176524,16.595221],[104.177013,16.597892],[104.177756,16.596898],[104.17959,16.596564],[104.183879,16.597635],[104.185726,16.597459],[104.187008,16.596353],[104.189342,16.5925],[104.190384,16.591729],[104.19538,16.589218],[104.199215,16.588284],[104.200472,16.587329],[104.203891,16.585631],[104.205134,16.584139],[104.205341,16.583041],[104.206033,16.5825],[104.205786,16.581703],[104.206257,16.581406],[104.206337,16.580905],[104.205964,16.580387],[104.206201,16.579955],[104.205714,16.579736],[104.20589,16.579218],[104.204609,16.577778],[104.205067,16.577489],[104.205415,16.576611],[104.20607,16.576575],[104.205637,16.575233],[104.20515,16.575018],[104.205352,16.574075],[104.204158,16.572685],[104.20502,16.571933],[104.205736,16.571656],[104.205984,16.571108],[104.205869,16.570554],[104.206278,16.570046],[104.206223,16.569349],[104.206545,16.569128],[104.206218,16.56848],[104.206591,16.568131],[104.206101,16.566544],[104.205778,16.56646],[104.205461,16.565155],[104.206447,16.564637],[104.207345,16.564475],[104.211193,16.564348],[104.213858,16.562833],[104.215965,16.562447],[104.216944,16.561935],[104.217115,16.5616],[104.216557,16.558656],[104.216636,16.557888],[104.22305,16.554864],[104.225911,16.551582],[104.225851,16.549678],[104.222915,16.545862],[104.221065,16.542186],[104.221796,16.533954],[104.222535,16.5289],[104.223245,16.528179],[104.225443,16.526998],[104.230105,16.526555],[104.232148,16.525953],[104.234098,16.522259],[104.234646,16.521784],[104.238118,16.522386],[104.238708,16.522212],[104.238778,16.52095],[104.240505,16.518122],[104.240633,16.517054],[104.239738,16.516017],[104.239674,16.514054],[104.2388,16.513361],[104.238676,16.512995],[104.238739,16.508931],[104.238221,16.506532],[104.238475,16.503916],[104.239071,16.501369],[104.237975,16.49945],[104.238084,16.498751],[104.239014,16.497219],[104.238615,16.496609],[104.238235,16.494696],[104.23854,16.493364],[104.23786220963916,16.49343398426032],[104.237613,16.492449]],[[104.1271,16.525606],[104.113771,16.52701],[104.105348,16.528882],[104.099991,16.51575],[104.105915,16.513693],[104.125476,16.51163],[104.1271,16.525606]]]},"bbox":[104.092942,16.479972,104.24064,16.597892]},{"type":"Feature","id":"f32e6882-320c-4ceb-b1d7-cde2ecfff112","properties":{"id":"f32e6882-320c-4ceb-b1d7-cde2ecfff112","code":"06460510","provinceCode":"46","nameTh":"องค์การบริหารส่วนตำบล แจนแลน","nameEn":null,"geometryType":"MUNICIPALITY","sourceUrl":"https://landometer.com/api/v2/citymeter-v3/grocery/info/geom/f32e6882-320c-4ceb-b1d7-cde2ecfff112/MUNICIPALITY","sourceSha256":"580dfed04dbdd7998d72168df395ee4af6801194803708cb7a63c1fead0b9e79","retrievedAt":"2026-10-04T05:43:29.886507+00:00","boundaryVintage":null,"geometryStatus":"native_source_polygon_display_simplified","simplificationToleranceDegrees":0.00015,"simplificationPreservesTopology":true,"invalidSourceRepair":"make_valid; retain polygonal components; discard zero-area collapsed lines","legalBoundaryIndependentlyVerified":false,"areaId":"f32e6882-320c-4ceb-b1d7-cde2ecfff112"},"geometry":{"type":"Polygon","coordinates":[[[104.030679,16.54822],[104.026027,16.538656],[104.029203,16.530348],[104.027096,16.525898],[104.022027,16.519896],[104.017163,16.518563],[104.01352,16.5313],[104.004732,16.532375],[104.001868,16.531643],[103.996084,16.525778],[103.98968,16.526597],[103.986046,16.524789],[103.984203,16.520527],[103.980436,16.5184],[103.979654,16.518549],[103.979139,16.518335],[103.975431,16.522532],[103.975604,16.524082],[103.977904,16.524557],[103.975182,16.528157],[103.976155,16.529981],[103.973188,16.529127],[103.972184,16.531046],[103.970126,16.529819],[103.963803,16.533643],[103.957605,16.531092],[103.954671,16.540112],[103.949424,16.544522],[103.952318,16.551057],[103.95065,16.552922],[103.951886,16.554726],[103.967056,16.56484],[103.977502,16.567958],[103.984563,16.573485],[103.986691,16.570493],[103.991581,16.569356],[104.006864,16.576641],[104.008573,16.583025],[104.013172,16.586993],[104.015794,16.592806],[104.024169,16.587114],[104.030614,16.57637],[104.039076,16.579576],[104.045284,16.575143],[104.044881,16.575414],[104.041568,16.5746],[104.034669,16.566497],[104.032354,16.554951],[104.029389,16.552681],[104.030679,16.54822]]]},"bbox":[103.949424,16.518335,104.045284,16.592806]},{"type":"Feature","id":"4bc675ee-096d-41f5-9354-ece00593c3c8","properties":{"id":"4bc675ee-096d-41f5-9354-ece00593c3c8","code":"06460511","provinceCode":"46","nameTh":"องค์การบริหารส่วนตำบล นาโก","nameEn":null,"geometryType":"MUNICIPALITY","sourceUrl":"https://landometer.com/api/v2/citymeter-v3/grocery/info/geom/4bc675ee-096d-41f5-9354-ece00593c3c8/MUNICIPALITY","sourceSha256":"8240f5480672bea3da9e1c13c60f74edf512767c4c563e22c70e1239757d6bd7","retrievedAt":"2026-10-04T05:43:29.886400+00:00","boundaryVintage":null,"geometryStatus":"native_source_polygon_display_simplified","simplificationToleranceDegrees":0.00015,"simplificationPreservesTopology":true,"invalidSourceRepair":"make_valid; retain polygonal components; discard zero-area collapsed lines","legalBoundaryIndependentlyVerified":false,"areaId":"4bc675ee-096d-41f5-9354-ece00593c3c8"},"geometry":{"type":"Polygon","coordinates":[[[104.057339,16.569706],[104.050294,16.571566],[104.039076,16.579576],[104.030614,16.57637],[104.024169,16.587114],[104.015794,16.592806],[104.022974,16.594958],[104.029774,16.594473],[104.030345,16.605309],[104.032219,16.607492],[104.034192,16.619142],[104.03764,16.6252],[104.038484,16.632845],[104.039346,16.634379],[104.046392,16.638528],[104.053242,16.636457],[104.060114,16.639773],[104.06388,16.640032],[104.059822,16.645482],[104.061543,16.644944],[104.063923,16.643543],[104.065685,16.643179],[104.067236,16.641677],[104.069214,16.641082],[104.070251,16.640019],[104.072214,16.636925],[104.07605,16.63343],[104.079238,16.63176],[104.081703,16.631582],[104.083707,16.630443],[104.087203,16.62718],[104.088043,16.62607],[104.089505,16.624925],[104.090485,16.623115],[104.091985,16.621495],[104.095536,16.618877],[104.090669,16.614696],[104.087187,16.613823],[104.081537,16.60597],[104.083045,16.604917],[104.082924,16.589505],[104.077518,16.569129],[104.073413,16.559483],[104.067981,16.561707],[104.057339,16.569706]]]},"bbox":[104.015794,16.559483,104.095536,16.645482]},{"type":"Feature","id":"2109a1f3-052a-4dca-860a-0959443edaf7","properties":{"id":"2109a1f3-052a-4dca-860a-0959443edaf7","code":"06460512","provinceCode":"46","nameTh":"องค์การบริหารส่วนตำบล สมสะอาด","nameEn":null,"geometryType":"MUNICIPALITY","sourceUrl":"https://landometer.com/api/v2/citymeter-v3/grocery/info/geom/2109a1f3-052a-4dca-860a-0959443edaf7/MUNICIPALITY","sourceSha256":"6485e8c40eda22a19391b0ed5ebfff73fe9e5b2d46d5736ede1058c346020996","retrievedAt":"2026-10-04T05:43:29.912449+00:00","boundaryVintage":null,"geometryStatus":"native_source_polygon_display_simplified","simplificationToleranceDegrees":0.00015,"simplificationPreservesTopology":true,"invalidSourceRepair":"make_valid; retain polygonal components; discard zero-area collapsed lines","legalBoundaryIndependentlyVerified":false,"areaId":"2109a1f3-052a-4dca-860a-0959443edaf7"},"geometry":{"type":"Polygon","coordinates":[[[104.060156,16.416385],[104.053767,16.411573],[104.05436,16.404948],[104.051502,16.40497],[104.045789,16.40035],[104.041258,16.401527],[104.039834,16.402753],[104.039123,16.404031],[104.0393,16.405226],[104.040294,16.405655],[104.040414,16.40591],[104.039051,16.40911],[104.039604,16.410071],[104.040402,16.410454],[104.040714,16.411026],[104.040217,16.414393],[104.039735,16.415132],[104.03823,16.414282],[104.036665,16.414698],[104.035561,16.415489],[104.035373,16.416845],[104.035516,16.4173],[104.0365,16.417366],[104.03694,16.417684],[104.036922,16.418331],[104.036142,16.419153],[104.036062,16.419555],[104.037296,16.420794],[104.037857,16.422254],[104.038689,16.423517],[104.038131,16.424592],[104.037997,16.426086],[104.039201,16.426763],[104.039686,16.427407],[104.039458,16.428642],[104.038365,16.430251],[104.039121,16.431744],[104.038935,16.432399],[104.038231,16.433045],[104.037896,16.433833],[104.037719,16.43688],[104.036824,16.438155],[104.036381,16.438202],[104.036037,16.436178],[104.035685,16.435987],[104.035239,16.436131],[104.034863,16.437724],[104.03405,16.438527],[104.034245,16.43984],[104.033933,16.440696],[104.031925,16.44158],[104.030031,16.44345],[104.029284,16.443628],[104.028675,16.443145],[104.027703,16.443324],[104.027543,16.44362],[104.028449,16.444435],[104.028747,16.445207],[104.026295,16.448109],[104.022975,16.449585],[104.017065,16.447487],[104.015918,16.448503],[104.016796,16.450709],[104.014985,16.450188],[104.013645,16.452763],[104.01097,16.452686],[104.012627,16.455949],[104.010343,16.456684],[104.009407,16.459988],[104.012657,16.469424],[104.018032,16.471129],[104.021803,16.478804],[104.025524,16.481795],[104.03166,16.480544],[104.039152,16.484182],[104.050752,16.481969],[104.05449,16.477559],[104.063338,16.484053],[104.075694,16.487611],[104.075854,16.468535],[104.071462,16.460797],[104.070075,16.432657],[104.068143,16.426197],[104.063598,16.420878],[104.058947,16.418999],[104.060156,16.416385]]]},"bbox":[104.009407,16.40035,104.075854,16.487611]},{"type":"Feature","id":"8bc721e7-51ab-40e7-a6f7-d845d686e6a3","properties":{"id":"8bc721e7-51ab-40e7-a6f7-d845d686e6a3","code":"06460513","provinceCode":"46","nameTh":"องค์การบริหารส่วนตำบล หนองห้าง","nameEn":null,"geometryType":"MUNICIPALITY","sourceUrl":"https://landometer.com/api/v2/citymeter-v3/grocery/info/geom/8bc721e7-51ab-40e7-a6f7-d845d686e6a3/MUNICIPALITY","sourceSha256":"94b7736a4a7639a143f197a7f70bc58d9f0718293968c8619f5f7f22f1a321f6","retrievedAt":"2026-10-04T05:43:29.922516+00:00","boundaryVintage":null,"geometryStatus":"native_source_polygon_display_simplified","simplificationToleranceDegrees":0.00015,"simplificationPreservesTopology":true,"invalidSourceRepair":"make_valid; retain polygonal components; discard zero-area collapsed lines","legalBoundaryIndependentlyVerified":false,"areaId":"8bc721e7-51ab-40e7-a6f7-d845d686e6a3"},"geometry":{"type":"Polygon","coordinates":[[[104.108462,16.538492],[104.095348,16.535156],[104.092942,16.532715],[104.069768,16.549042],[104.073413,16.559483],[104.077518,16.569129],[104.082924,16.589505],[104.083045,16.604917],[104.081537,16.60597],[104.087187,16.613823],[104.090669,16.614696],[104.095536,16.618877],[104.097,16.618328],[104.100218,16.616168],[104.101873,16.613048],[104.102997,16.61174],[104.105441,16.610383],[104.108719,16.607606],[104.110042,16.607102],[104.112883,16.607799],[104.113446,16.607647],[104.116939,16.605054],[104.118404,16.60364],[104.119824,16.60392],[104.120188,16.604446],[104.121719,16.60526],[104.123499,16.605418],[104.12572,16.605113],[104.128314,16.607277],[104.131057,16.607084],[104.132739,16.606403],[104.134556,16.606613],[104.135963,16.60569],[104.135664,16.604941],[104.135985,16.604111],[104.135804,16.60354],[104.136729,16.602219],[104.137565,16.601859],[104.137835,16.600653],[104.138378,16.600513],[104.139055,16.599752],[104.139146,16.599141],[104.138748,16.598382],[104.138331,16.598277],[104.138408,16.596736],[104.139066,16.597328],[104.140597,16.597389],[104.140938,16.597204],[104.141706,16.597421],[104.141583,16.597687],[104.142074,16.59837],[104.141752,16.598977],[104.142303,16.599301],[104.1427,16.599114],[104.143109,16.599347],[104.142911,16.599644],[104.143036,16.60004],[104.142747,16.600299],[104.143445,16.600934],[104.145749,16.601168],[104.146569,16.600498],[104.147727,16.601372],[104.149013,16.601261],[104.149269,16.600829],[104.149982,16.600993],[104.150188,16.601537],[104.150077,16.602428],[104.150871,16.603272],[104.151232,16.60324],[104.151374,16.603725],[104.15221,16.603364],[104.153797,16.603853],[104.155077,16.603864],[104.155917,16.604389],[104.156985,16.605637],[104.157609,16.605431],[104.158289,16.605998],[104.160676,16.605957],[104.163025,16.605232],[104.163398,16.604944],[104.16305,16.604309],[104.163919,16.603328],[104.164627,16.603205],[104.165047,16.602649],[104.166155,16.602114],[104.166779,16.601149],[104.172235,16.599977],[104.174809,16.599041],[104.177084,16.59786],[104.176524,16.595221],[104.175839,16.594672],[104.175694,16.594073],[104.173933,16.593144],[104.175164,16.5918],[104.168658,16.585785],[104.160854,16.567365],[104.152365,16.563536],[104.147658,16.559139],[104.136621,16.543902],[104.118084,16.544563],[104.108462,16.538492]]]},"bbox":[104.069768,16.532715,104.177084,16.618877]},{"type":"Feature","id":"0879a06e-5979-4e56-a9a0-64a95e5024ea","properties":{"id":"0879a06e-5979-4e56-a9a0-64a95e5024ea","code":"06460514","provinceCode":"46","nameTh":"องค์การบริหารส่วนตำบล เหล่าไฮงาม","nameEn":null,"geometryType":"MUNICIPALITY","sourceUrl":"https://landometer.com/api/v2/citymeter-v3/grocery/info/geom/0879a06e-5979-4e56-a9a0-64a95e5024ea/MUNICIPALITY","sourceSha256":"6cd767e0c9e6a539c50f24c88ccffab9e6f883c6c4e46eeac5415883dfdcb651","retrievedAt":"2026-10-04T05:43:29.923870+00:00","boundaryVintage":null,"geometryStatus":"native_source_polygon_display_simplified","simplificationToleranceDegrees":0.00015,"simplificationPreservesTopology":true,"invalidSourceRepair":"make_valid; retain polygonal components; discard zero-area collapsed lines","legalBoundaryIndependentlyVerified":false,"areaId":"0879a06e-5979-4e56-a9a0-64a95e5024ea"},"geometry":{"type":"Polygon","coordinates":[[[104.20574,16.430965],[104.20451,16.431316],[104.204422,16.430474],[104.203213,16.430767],[104.20322,16.430009],[104.202227,16.429828],[104.200637,16.430501],[104.199821,16.431411],[104.199392,16.43093],[104.197466,16.431353],[104.196288,16.430439],[104.195446,16.430775],[104.195031,16.430301],[104.193873,16.430157],[104.193507,16.430314],[104.192885,16.431176],[104.191184,16.43171],[104.190717,16.431251],[104.190649,16.430443],[104.189914,16.429996],[104.189421,16.430331],[104.18929,16.431617],[104.188346,16.430616],[104.18794,16.430576],[104.187105,16.431858],[104.186419,16.43158],[104.185734,16.433099],[104.185037,16.432985],[104.18455,16.433389],[104.184845,16.433877],[104.183866,16.434234],[104.184182,16.434789],[104.183145,16.434943],[104.183138,16.435385],[104.183631,16.435649],[104.183188,16.436271],[104.182796,16.436501],[104.181869,16.436496],[104.182071,16.438878],[104.18151,16.438998],[104.180798,16.438673],[104.180174,16.439422],[104.180215,16.439831],[104.180801,16.440017],[104.18077,16.440676],[104.180007,16.440741],[104.179601,16.441045],[104.17893,16.442315],[104.177975,16.442066],[104.176787,16.443396],[104.17604,16.442821],[104.175293,16.442858],[104.174136,16.442237],[104.173898,16.442974],[104.173402,16.443448],[104.174105,16.444073],[104.172889,16.444622],[104.172769,16.445594],[104.172424,16.445946],[104.171866,16.445917],[104.171506,16.446186],[104.170581,16.44605],[104.170173,16.445131],[104.168543,16.444995],[104.167987,16.444486],[104.167247,16.444439],[104.166862,16.443926],[104.166376,16.444081],[104.164867,16.442538],[104.164243,16.442928],[104.163957,16.442407],[104.163699,16.442356],[104.16297,16.442819],[104.16285,16.442137],[104.162182,16.441841],[104.161393,16.442039],[104.161078,16.442471],[104.160397,16.442011],[104.158756,16.441916],[104.158826,16.442563],[104.158632,16.442671],[104.157454,16.442163],[104.157719,16.441245],[104.157557,16.440858],[104.156025,16.440722],[104.155941,16.439831],[104.154116,16.440684],[104.15368,16.440634],[104.153,16.440087],[104.153612,16.43946],[104.15362,16.439086],[104.153176,16.438662],[104.153254,16.438167],[104.152484,16.438408],[104.152009,16.438049],[104.150816,16.438861],[104.150601,16.438672],[104.150789,16.437988],[104.150599,16.437732],[104.149851,16.437739],[104.149208,16.438388],[104.14893,16.438334],[104.149048,16.437397],[104.14886,16.437176],[104.148145,16.4376],[104.147593,16.438504],[104.147068,16.438631],[104.146596,16.438434],[104.145557,16.437564],[104.145741,16.436837],[104.144946,16.43693],[104.144633,16.436457],[104.144689,16.435961],[104.145527,16.435091],[104.144442,16.434218],[104.145273,16.433591],[104.145235,16.43305],[104.145623,16.43259],[104.145492,16.432027],[104.144776,16.431981],[104.144462,16.431661],[104.144917,16.430466],[104.145947,16.430243],[104.145396,16.429027],[104.144671,16.428797],[104.143573,16.42885],[104.142847,16.428255],[104.141774,16.428854],[104.140857,16.428227],[104.139503,16.428109],[104.138935,16.427346],[104.138781,16.426703],[104.137578,16.427056],[104.137469,16.425916],[104.13682,16.426088],[104.136483,16.42584],[104.136554,16.425467],[104.137275,16.424955],[104.136555,16.424096],[104.135392,16.424958],[104.13418,16.424966],[104.134253,16.425729],[104.133947,16.42602],[104.133498,16.425964],[104.133029,16.42639],[104.132122,16.426664],[104.131496,16.426259],[104.130665,16.42665],[104.129607,16.427413],[104.128807,16.428747],[104.128139,16.428092],[104.127885,16.427345],[104.126239,16.427078],[104.126148,16.42673],[104.125521,16.426282],[104.125001,16.426335],[104.124685,16.426063],[104.124642,16.426504],[104.124447,16.426559],[104.124239,16.426399],[104.124295,16.425954],[104.123761,16.426055],[104.123265,16.42581],[104.122771,16.42619],[104.122273,16.425773],[104.122012,16.426464],[104.121337,16.426457],[104.121209,16.42599],[104.120638,16.425714],[104.120383,16.425306],[104.119976,16.425782],[104.119676,16.425748],[104.119085,16.425431],[104.118844,16.424808],[104.118359,16.425102],[104.117657,16.425005],[104.11702,16.425741],[104.116721,16.424755],[104.115671,16.424958],[104.114872,16.424655],[104.114623,16.424865],[104.114177,16.423761],[104.1136,16.424592],[104.113417,16.423458],[104.112913,16.423784],[104.111967,16.423095],[104.111411,16.423457],[104.111102,16.422524],[104.110529,16.422539],[104.110507,16.423085],[104.108923,16.423643],[104.108921,16.422951],[104.108441,16.423152],[104.107919,16.422708],[104.106948,16.4228],[104.106516,16.422322],[104.10657,16.421846],[104.105967,16.422004],[104.105526,16.421188],[104.10459,16.421543],[104.104247,16.421245],[104.103959,16.421367],[104.103609,16.420949],[104.10355,16.42152],[104.103267,16.421792],[104.10245,16.42226],[104.10157,16.422196],[104.102559,16.422646],[104.108204,16.429723],[104.120232,16.437738],[104.126529,16.446675],[104.125416,16.452324],[104.128586,16.462861],[104.126642,16.482858],[104.131236,16.479972],[104.138261,16.484656],[104.146673,16.486731],[104.154446,16.484204],[104.157861,16.485665],[104.159956,16.484066],[104.161944,16.48693],[104.168599,16.489599],[104.169679,16.494907],[104.175647,16.498886],[104.177075,16.498896],[104.181307,16.493159],[104.186024,16.49349],[104.187815,16.490864],[104.195205,16.493692],[104.208468,16.494615],[104.237613,16.492449],[104.237862,16.493434],[104.23854,16.493364],[104.238957,16.492584],[104.238686,16.491587],[104.237205,16.490108],[104.235348,16.488831],[104.23372,16.487184],[104.233572,16.485102],[104.233231,16.484467],[104.232098,16.483781],[104.231594,16.482761],[104.22985,16.482247],[104.229241,16.481234],[104.226372,16.479249],[104.225283,16.474567],[104.225613,16.47218],[104.225541,16.470166],[104.224719,16.469031],[104.224627,16.468465],[104.224862,16.467688],[104.227315,16.466346],[104.2304,16.46334],[104.234246,16.460403],[104.235737,16.458446],[104.237492,16.456742],[104.238525,16.454517],[104.238704,16.452538],[104.238509,16.442667],[104.236747,16.43425],[104.237858,16.428572],[104.235147,16.428616],[104.234037,16.428386],[104.233956,16.429145],[104.232651,16.429578],[104.233033,16.430105],[104.23292,16.430312],[104.232262,16.430822],[104.231371,16.43093],[104.230844,16.431493],[104.230414,16.431264],[104.229599,16.432103],[104.229467,16.432903],[104.228996,16.432756],[104.22874,16.432174],[104.22728,16.433317],[104.227016,16.433653],[104.226906,16.435355],[104.22538,16.435986],[104.224476,16.435529],[104.223359,16.436041],[104.222386,16.435909],[104.222209,16.43613],[104.222337,16.436893],[104.221681,16.437474],[104.219042,16.437024],[104.217987,16.437764],[104.21732,16.437699],[104.216487,16.437207],[104.216067,16.436875],[104.215773,16.435856],[104.212717,16.433794],[104.210448,16.433881],[104.209465,16.433509],[104.209164,16.432852],[104.208183,16.433103],[104.207365,16.431902],[104.206234,16.431807],[104.20574,16.430965]]]},"bbox":[104.10157,16.420949,104.238967,16.498896]},{"type":"Feature","id":"5fa4d6a6-3c05-4486-a831-1ea7b1b42c88","properties":{"id":"5fa4d6a6-3c05-4486-a831-1ea7b1b42c88","code":"06460604","provinceCode":"46","nameTh":"องค์การบริหารส่วนตำบล คุ้มเก่า","nameEn":null,"geometryType":"MUNICIPALITY","sourceUrl":"https://landometer.com/api/v2/citymeter-v3/grocery/info/geom/5fa4d6a6-3c05-4486-a831-1ea7b1b42c88/MUNICIPALITY","sourceSha256":"2689d6b3b7901c6aa2e5e07642567f9ba3c9f05d43d610f855efe8b472682e97","retrievedAt":"2026-10-04T05:43:29.917258+00:00","boundaryVintage":null,"geometryStatus":"native_source_polygon_display_simplified","simplificationToleranceDegrees":0.00015,"simplificationPreservesTopology":true,"invalidSourceRepair":"make_valid; retain polygonal components; discard zero-area collapsed lines","legalBoundaryIndependentlyVerified":false,"areaId":"5fa4d6a6-3c05-4486-a831-1ea7b1b42c88"},"geometry":{"type":"Polygon","coordinates":[[[104.166024,16.674596],[104.170599,16.67263],[104.183775,16.669896],[104.185297,16.668859],[104.188812,16.664891],[104.194314,16.661562],[104.197821,16.66121],[104.19849,16.660942],[104.199091,16.660023],[104.197205,16.659542],[104.195539,16.658217],[104.186907,16.658023],[104.181173,16.661986],[104.177615,16.660378],[104.173464,16.661035],[104.169415,16.656411],[104.167032,16.655781],[104.159388,16.659634],[104.156731,16.656843],[104.151861,16.656981],[104.143762,16.653381],[104.140701,16.650075],[104.134892,16.650346],[104.125839,16.647834],[104.123931,16.649336],[104.118157,16.649429],[104.115345,16.654569],[104.111332,16.656641],[104.112423,16.658436],[104.111354,16.66005],[104.105832,16.661752],[104.103513,16.664419],[104.101461,16.663983],[104.100774,16.668364],[104.098287,16.669467],[104.094711,16.675702],[104.092603,16.677697],[104.092879,16.677975],[104.088624,16.681464],[104.087867,16.680961],[104.087787,16.681136],[104.097413,16.687857],[104.099503,16.691825],[104.09983,16.703],[104.107215,16.702985],[104.113197,16.700945],[104.12283,16.704513],[104.130884,16.710669],[104.133818,16.711173],[104.140779,16.718286],[104.14018,16.719028],[104.140869,16.719282],[104.141608,16.718845],[104.143314,16.716318],[104.149133,16.71758],[104.150793,16.715908],[104.151183,16.714611],[104.151264,16.712813],[104.150456,16.707975],[104.149911,16.706083],[104.14986,16.704553],[104.151313,16.70163],[104.153963,16.698579],[104.154735,16.698381],[104.156561,16.699238],[104.158529,16.698477],[104.163434,16.69723],[104.165968,16.697179],[104.169076,16.697999],[104.169968,16.697657],[104.170312,16.697198],[104.170485,16.696662],[104.170368,16.695789],[104.168609,16.692336],[104.164469,16.687769],[104.161922,16.685573],[104.161483,16.684298],[104.161328,16.681553],[104.161965,16.679318],[104.164461,16.676154],[104.166024,16.674596]]]},"bbox":[104.087787,16.647834,104.199091,16.719282]},{"type":"Feature","id":"ce7cad14-9e46-47b4-ae17-4ff142231b85","properties":{"id":"ce7cad14-9e46-47b4-ae17-4ff142231b85","code":"06460606","provinceCode":"46","nameTh":"องค์การบริหารส่วนตำบล หนองผือ","nameEn":null,"geometryType":"MUNICIPALITY","sourceUrl":"https://landometer.com/api/v2/citymeter-v3/grocery/info/geom/ce7cad14-9e46-47b4-ae17-4ff142231b85/MUNICIPALITY","sourceSha256":"f2389ab8e2de99b4a47e8c02cbd00a77245590f3208ba831e3c5821ad9f1c767","retrievedAt":"2026-10-04T05:43:29.925449+00:00","boundaryVintage":null,"geometryStatus":"native_source_polygon_display_simplified","simplificationToleranceDegrees":0.00015,"simplificationPreservesTopology":true,"invalidSourceRepair":"make_valid; retain polygonal components; discard zero-area collapsed lines","legalBoundaryIndependentlyVerified":false,"areaId":"ce7cad14-9e46-47b4-ae17-4ff142231b85"},"geometry":{"type":"MultiPolygon","coordinates":[[[[104.04979858333333,16.737964749999996],[104.049795,16.73796],[104.049798,16.737965],[104.04979858333333,16.737964749999996]]],[[[104.04979858333333,16.737964749999996],[104.051154,16.739133],[104.052292,16.739286],[104.052282,16.739866],[104.05293,16.740061],[104.05437,16.741965],[104.05633,16.741628],[104.056345,16.741981],[104.056974,16.742688],[104.058223,16.742407],[104.059262,16.743307],[104.059823,16.743258],[104.060787,16.742376],[104.060702,16.742151],[104.060998,16.741837],[104.06169,16.741467],[104.062014,16.740868],[104.064356,16.741072],[104.064369,16.740741],[104.064815,16.740704],[104.065426,16.740924],[104.066114,16.741987],[104.066282,16.742828],[104.066858,16.743373],[104.066629,16.743889],[104.066795,16.744593],[104.066509,16.745114],[104.06662,16.74589],[104.067027,16.746077],[104.066846,16.746393],[104.067442,16.747932],[104.066685,16.74915],[104.067398,16.749925],[104.068249,16.749465],[104.068934,16.74947],[104.069071,16.749789],[104.069745,16.749544],[104.071201,16.75042],[104.071219,16.75088],[104.071649,16.751456],[104.07097,16.754811],[104.071847,16.75587],[104.072405,16.758045],[104.073125,16.759565],[104.078807,16.765929],[104.080522,16.768856],[104.08658,16.777136],[104.090003,16.78094],[104.091762,16.781966],[104.094299,16.782994],[104.098713,16.784213],[104.102435,16.780349],[104.105488,16.777857],[104.108731,16.774725],[104.110058,16.772632],[104.11189,16.770581],[104.112303,16.768896],[104.113693,16.767378],[104.113949,16.766769],[104.114612,16.766337],[104.115938,16.766019],[104.118868,16.765803],[104.120687,16.766186],[104.123626,16.767427],[104.127549,16.769958],[104.131829,16.771422],[104.134305,16.77196],[104.135011,16.771743],[104.135755,16.770724],[104.136119,16.767744],[104.138965,16.766587],[104.143175,16.761054],[104.143145,16.759969],[104.14283,16.759263],[104.136289,16.756119],[104.135102,16.754104],[104.132203,16.750441],[104.131015,16.748532],[104.130428,16.745172],[104.130797,16.741996],[104.130723,16.742564],[104.130611,16.74137],[104.130182,16.74064],[104.124386,16.73665],[104.123884,16.736523],[104.122976,16.739915],[104.123258,16.749333],[104.12059,16.746332],[104.118737,16.747465],[104.110072,16.741529],[104.106614,16.738148],[104.106078,16.734478],[104.10254,16.729365],[104.099779,16.729181],[104.09425,16.72188],[104.091576,16.722996],[104.08519,16.720359],[104.083933,16.717177],[104.079805,16.713676],[104.08028,16.707643],[104.077762,16.717095],[104.074811,16.724768],[104.069872,16.729363],[104.069751,16.731651],[104.059114,16.733244],[104.050112,16.736886],[104.050885,16.737539],[104.04979858333333,16.737964749999996]]]]},"bbox":[104.049795,16.707643,104.14322,16.784213]},{"type":"Feature","id":"e589ec4b-3979-440a-a385-d8b6fc26dddf","properties":{"id":"e589ec4b-3979-440a-a385-d8b6fc26dddf","code":"06460709","provinceCode":"46","nameTh":"องค์การบริหารส่วนตำบล คลองขาม","nameEn":null,"geometryType":"MUNICIPALITY","sourceUrl":"https://landometer.com/api/v2/citymeter-v3/grocery/info/geom/e589ec4b-3979-440a-a385-d8b6fc26dddf/MUNICIPALITY","sourceSha256":"a17d5844adb8a12071a23eed48458b48a5f20781b49cb8ea34ed1e2168d07a40","retrievedAt":"2026-10-04T05:43:29.937909+00:00","boundaryVintage":null,"geometryStatus":"native_source_polygon_display_simplified","simplificationToleranceDegrees":0.00015,"simplificationPreservesTopology":true,"invalidSourceRepair":"make_valid; retain polygonal components; discard zero-area collapsed lines","legalBoundaryIndependentlyVerified":false,"areaId":"e589ec4b-3979-440a-a385-d8b6fc26dddf"},"geometry":{"type":"Polygon","coordinates":[[[103.280203,16.437525],[103.281856,16.441427],[103.28046,16.450195],[103.283421,16.452734],[103.282942,16.458125],[103.293109,16.476781],[103.29357,16.49403],[103.294415,16.49407],[103.294438,16.495352],[103.294211,16.495992],[103.29694,16.496192],[103.298024,16.49589],[103.298586,16.495398],[103.299048,16.494123],[103.303473,16.494028],[103.306172,16.50511],[103.306191,16.506135],[103.306534,16.506849],[103.308307,16.505764],[103.313224,16.501357],[103.331358,16.487704],[103.334279,16.510234],[103.338841,16.510553],[103.346811,16.50874],[103.34753,16.507551],[103.351905,16.506397],[103.35027,16.495466],[103.367182,16.460055],[103.371234,16.457972],[103.372023,16.453317],[103.378081,16.45403],[103.391988,16.450629],[103.387756,16.445315],[103.389116,16.443985],[103.386256,16.437456],[103.385522,16.431003],[103.386642,16.428934],[103.393568,16.423728],[103.399731,16.415655],[103.401037,16.415904],[103.395303,16.413025],[103.385222,16.419713],[103.379171,16.418731],[103.367567,16.420818],[103.373556,16.416988],[103.364608,16.421714],[103.36351,16.425942],[103.35533,16.432443],[103.340273,16.427847],[103.339731,16.409729],[103.351131,16.40412],[103.347467,16.404368],[103.346695,16.398018],[103.341504,16.393121],[103.342041,16.386014],[103.341295,16.389661],[103.332483,16.390816],[103.327229,16.397238],[103.322193,16.397463],[103.322313,16.395195],[103.320884,16.394966],[103.307008,16.394219],[103.306898,16.395268],[103.310844,16.395739],[103.311066,16.398188],[103.304484,16.399267],[103.297532,16.397853],[103.291861,16.393159],[103.28694,16.402373],[103.280023,16.40156],[103.272897,16.404348],[103.277077,16.414495],[103.283047,16.421089],[103.278436,16.437185],[103.280203,16.437525]]]},"bbox":[103.272897,16.386014,103.401037,16.510597]},{"type":"Feature","id":"72b8a59a-821b-49da-9be7-c178af61b3aa","properties":{"id":"72b8a59a-821b-49da-9be7-c178af61b3aa","code":"06460710","provinceCode":"46","nameTh":"องค์การบริหารส่วนตำบล นาเชือก","nameEn":null,"geometryType":"MUNICIPALITY","sourceUrl":"https://landometer.com/api/v2/citymeter-v3/grocery/info/geom/72b8a59a-821b-49da-9be7-c178af61b3aa/MUNICIPALITY","sourceSha256":"3992c831720282483c6da85e6941aeb13ec4978db260e8ad8f93f36ba5a8e134","retrievedAt":"2026-10-04T05:43:29.982371+00:00","boundaryVintage":null,"geometryStatus":"native_source_polygon_display_simplified","simplificationToleranceDegrees":0.00015,"simplificationPreservesTopology":true,"invalidSourceRepair":"make_valid; retain polygonal components; discard zero-area collapsed lines","legalBoundaryIndependentlyVerified":false,"areaId":"72b8a59a-821b-49da-9be7-c178af61b3aa"},"geometry":{"type":"Polygon","coordinates":[[[103.451247,16.563492],[103.453133,16.562762],[103.45425,16.561859],[103.455491,16.558153],[103.451208,16.55645],[103.449617,16.557508],[103.443466,16.544747],[103.440779,16.543614],[103.437126,16.545248],[103.437848,16.540755],[103.433265,16.540721],[103.428827,16.544054],[103.430479,16.539671],[103.424829,16.52889],[103.418962,16.503586],[103.40809,16.50859],[103.397289,16.538286],[103.397898,16.543234],[103.40255,16.547613],[103.409386,16.558334],[103.40496,16.56137],[103.399075,16.558921],[103.390281,16.567228],[103.384168,16.568912],[103.382944,16.581293],[103.373183,16.58046],[103.37462,16.589681],[103.372138,16.592403],[103.373616,16.595537],[103.373189,16.596254],[103.373832,16.600468],[103.37416,16.60757],[103.373836,16.618772],[103.38735,16.614892],[103.412038,16.606594],[103.415651,16.605119],[103.416447,16.603888],[103.41792,16.604264],[103.418717,16.604102],[103.419026,16.603418],[103.421395,16.60186],[103.421846,16.600953],[103.421837,16.600524],[103.421395,16.600131],[103.421374,16.599548],[103.421074,16.599233],[103.421265,16.598628],[103.420986,16.598169],[103.421401,16.597895],[103.421924,16.598221],[103.421874,16.597682],[103.421458,16.597204],[103.419736,16.596194],[103.419797,16.595928],[103.420533,16.595877],[103.420663,16.595681],[103.420663,16.595335],[103.420136,16.595167],[103.420131,16.594837],[103.420793,16.593895],[103.421376,16.594375],[103.421828,16.59426],[103.422238,16.594576],[103.422532,16.594522],[103.423076,16.593991],[103.42293,16.593275],[103.423556,16.593256],[103.423545,16.592621],[103.424344,16.592738],[103.425027,16.592404],[103.425346,16.59262],[103.425441,16.59324],[103.42579,16.593235],[103.42597,16.592756],[103.425587,16.59176],[103.426547,16.591021],[103.428097,16.590625],[103.42768,16.591355],[103.428439,16.591358],[103.428996,16.589856],[103.428839,16.588215],[103.429019,16.588083],[103.429434,16.588337],[103.429629,16.588077],[103.429113,16.587663],[103.42868,16.586012],[103.430039,16.584822],[103.431075,16.584745],[103.431841,16.584878],[103.43185,16.58579],[103.432043,16.585902],[103.432498,16.585838],[103.432315,16.58541],[103.432621,16.585231],[103.432848,16.585688],[103.433312,16.585899],[103.433992,16.585421],[103.434406,16.586191],[103.434759,16.586036],[103.435095,16.586274],[103.435734,16.585802],[103.43609,16.585823],[103.436156,16.586066],[103.435697,16.586541],[103.435868,16.586767],[103.436176,16.586707],[103.436804,16.585899],[103.437678,16.585953],[103.437202,16.584317],[103.437056,16.581426],[103.438556,16.576567],[103.441502,16.571537],[103.442843,16.568532],[103.442884,16.564094],[103.443675,16.561627],[103.444396,16.561254],[103.445459,16.56135],[103.448953,16.563433],[103.44979,16.563647],[103.451247,16.563492]]]},"bbox":[103.372138,16.503586,103.455491,16.618772]},{"type":"Feature","id":"cd77a419-3f70-4e00-983d-d566e57d448a","properties":{"id":"cd77a419-3f70-4e00-983d-d566e57d448a","code":"06460711","provinceCode":"46","nameTh":"องค์การบริหารส่วนตำบล นาดี","nameEn":null,"geometryType":"MUNICIPALITY","sourceUrl":"https://landometer.com/api/v2/citymeter-v3/grocery/info/geom/cd77a419-3f70-4e00-983d-d566e57d448a/MUNICIPALITY","sourceSha256":"41dd6c24b2119d46462ef8f328c92745d09e33d319dc2baac8fc5c8259493f26","retrievedAt":"2026-10-04T05:43:29.975812+00:00","boundaryVintage":null,"geometryStatus":"native_source_polygon_display_simplified","simplificationToleranceDegrees":0.00015,"simplificationPreservesTopology":true,"invalidSourceRepair":"make_valid; retain polygonal components; discard zero-area collapsed lines","legalBoundaryIndependentlyVerified":false,"areaId":"cd77a419-3f70-4e00-983d-d566e57d448a"},"geometry":{"type":"Polygon","coordinates":[[[103.502112,16.361174],[103.501769,16.360908],[103.501073,16.361005],[103.500329,16.361942],[103.49985,16.362183],[103.498937,16.36108],[103.497879,16.362121],[103.49714,16.362066],[103.496812,16.36008],[103.495958,16.359186],[103.495658,16.35796],[103.494915,16.356958],[103.495,16.356291],[103.495903,16.355455],[103.495413,16.354703],[103.495419,16.354214],[103.495761,16.353992],[103.496767,16.354557],[103.497431,16.354562],[103.499606,16.353005],[103.50066,16.352992],[103.501858,16.353518],[103.502699,16.352463],[103.504216,16.352387],[103.505263,16.35176],[103.507404,16.351237],[103.507553,16.350464],[103.506682,16.349061],[103.50765,16.348607],[103.508208,16.348042],[103.508726,16.345859],[103.510164,16.343925],[103.510506,16.342708],[103.51125,16.341767],[103.511124,16.341242],[103.510513,16.340656],[103.510137,16.340707],[103.509729,16.341013],[103.50854,16.341124],[103.507069,16.341638],[103.503738,16.342043],[103.500238,16.343844],[103.497391,16.344052],[103.496532,16.343739],[103.495929,16.343221],[103.493727,16.339895],[103.491953,16.338728],[103.490604,16.338259],[103.48849,16.337932],[103.48721,16.338055],[103.485191,16.338709],[103.48302,16.339966],[103.482141,16.340023],[103.47924,16.337704],[103.477001,16.337044],[103.476048,16.336496],[103.475885,16.335991],[103.47627,16.334686],[103.476136,16.333835],[103.475335,16.33338],[103.474454,16.33339],[103.4718,16.335835],[103.471601,16.335703],[103.467933,16.338569],[103.462318,16.337982],[103.458828,16.34126],[103.458944,16.344615],[103.457045,16.347289],[103.459063,16.349805],[103.457441,16.351715],[103.448999,16.355372],[103.441747,16.353829],[103.442386,16.359156],[103.438451,16.360919],[103.439946,16.363932],[103.442285,16.364633],[103.436975,16.367317],[103.436404,16.377514],[103.4334,16.385777],[103.436743,16.388208],[103.441498,16.384952],[103.449096,16.383447],[103.453443,16.377737],[103.46204,16.37684],[103.47509,16.385848],[103.479906,16.386855],[103.481776,16.384203],[103.481807,16.383675],[103.481396,16.382815],[103.481538,16.381838],[103.482041,16.381314],[103.48295,16.381183],[103.4835,16.380554],[103.483899,16.378292],[103.48539,16.376129],[103.486462,16.375701],[103.487407,16.37563],[103.489601,16.376303],[103.490381,16.376227],[103.491318,16.375784],[103.491454,16.374014],[103.491852,16.373595],[103.492828,16.373437],[103.493909,16.372847],[103.495475,16.372752],[103.496948,16.371449],[103.498536,16.372286],[103.499446,16.371996],[103.500098,16.370246],[103.499564,16.368662],[103.501683,16.366862],[103.501575,16.366375],[103.500374,16.36507],[103.500661,16.364417],[103.501764,16.363582],[103.50077,16.36225],[103.500996,16.362006],[103.501975,16.361808],[103.502112,16.361174]]]},"bbox":[103.4334,16.333323,103.511296,16.388208]},{"type":"Feature","id":"fcf4dc33-9709-49d5-b504-c8b88a7b3157","properties":{"id":"fcf4dc33-9709-49d5-b504-c8b88a7b3157","code":"06460712","provinceCode":"46","nameTh":"องค์การบริหารส่วนตำบล ยางตลาด","nameEn":null,"geometryType":"MUNICIPALITY","sourceUrl":"https://landometer.com/api/v2/citymeter-v3/grocery/info/geom/fcf4dc33-9709-49d5-b504-c8b88a7b3157/MUNICIPALITY","sourceSha256":"996d95e132bbb991daa2295fdd9cd643badac974acd11ae2847ab2a88cb92bae","retrievedAt":"2026-10-04T05:43:29.983860+00:00","boundaryVintage":null,"geometryStatus":"native_source_polygon_display_simplified","simplificationToleranceDegrees":0.00015,"simplificationPreservesTopology":true,"invalidSourceRepair":"make_valid; retain polygonal components; discard zero-area collapsed lines","legalBoundaryIndependentlyVerified":false,"areaId":"fcf4dc33-9709-49d5-b504-c8b88a7b3157"},"geometry":{"type":"MultiPolygon","coordinates":[[[[103.390518,16.387261],[103.383073,16.384763],[103.380352,16.385469],[103.379479,16.391559],[103.38205,16.398092],[103.382064,16.406253],[103.373556,16.416988],[103.367567,16.420818],[103.379171,16.418731],[103.385222,16.419713],[103.395303,16.413025],[103.401012,16.415987],[103.401988,16.41624],[103.404672,16.414015],[103.406646,16.413557],[103.409616,16.409515],[103.410256,16.405431],[103.408555,16.397891],[103.4076,16.390455],[103.401364,16.383848],[103.39562,16.382633],[103.390518,16.387261]]],[[[103.352444,16.363766],[103.343364,16.360366],[103.342833,16.360579],[103.342935,16.361044],[103.342495,16.360745],[103.341632,16.361145],[103.341231,16.361016],[103.340392,16.361592],[103.339621,16.361555],[103.338918,16.362547],[103.338996,16.363264],[103.337889,16.363261],[103.336857,16.362895],[103.335328,16.36332],[103.334845,16.363782],[103.334155,16.363862],[103.332641,16.363428],[103.332586,16.363716],[103.330445,16.364347],[103.327712,16.366518],[103.32772,16.366893],[103.326766,16.367168],[103.326517,16.366977],[103.325313,16.367494],[103.324327,16.367049],[103.323982,16.367584],[103.320812,16.367923],[103.319977,16.368293],[103.31916,16.367926],[103.318978,16.368319],[103.318594,16.368347],[103.31805,16.367811],[103.31724,16.36751],[103.313565,16.367022],[103.312728,16.367062],[103.312567,16.367749],[103.311872,16.367758],[103.310793,16.367333],[103.310156,16.366791],[103.309604,16.366735],[103.308747,16.365498],[103.307327,16.365168],[103.307146,16.365942],[103.306847,16.366097],[103.306052,16.367488],[103.302518,16.368304],[103.301975,16.368562],[103.301891,16.369264],[103.301022,16.369632],[103.300375,16.369507],[103.299923,16.369941],[103.298173,16.374932],[103.296418,16.377225],[103.296676,16.378835],[103.295912,16.380633],[103.295947,16.381781],[103.296433,16.381881],[103.296541,16.382278],[103.296277,16.382809],[103.296399,16.383838],[103.295882,16.384067],[103.295618,16.385434],[103.295987,16.386619],[103.29562,16.387349],[103.295733,16.388577],[103.29483,16.39083],[103.292503,16.390722],[103.292472,16.392407],[103.291861,16.393159],[103.297532,16.397853],[103.304484,16.399267],[103.311066,16.398188],[103.310844,16.395739],[103.306898,16.395268],[103.307008,16.394219],[103.320884,16.394966],[103.322313,16.395195],[103.322193,16.397463],[103.327229,16.397238],[103.332483,16.390816],[103.341295,16.389661],[103.342124,16.384917],[103.347528,16.378163],[103.369156,16.382314],[103.369465,16.381069],[103.367656,16.378136],[103.368126,16.37453],[103.363716,16.360397],[103.358016,16.360739],[103.352444,16.363766]]],[[[103.358277,16.407916],[103.353932,16.40393],[103.351131,16.40412],[103.339731,16.409729],[103.340273,16.427847],[103.35533,16.432443],[103.36351,16.425942],[103.364608,16.421714],[103.364182,16.421985],[103.358277,16.407916]]]]},"bbox":[103.291861,16.360366,103.410256,16.432443]},{"type":"Feature","id":"88c92d76-43b6-409a-a814-f0c35b97e1f7","properties":{"id":"88c92d76-43b6-409a-a814-f0c35b97e1f7","code":"06460713","provinceCode":"46","nameTh":"องค์การบริหารส่วนตำบล หนองตอกแป้น","nameEn":null,"geometryType":"MUNICIPALITY","sourceUrl":"https://landometer.com/api/v2/citymeter-v3/grocery/info/geom/88c92d76-43b6-409a-a814-f0c35b97e1f7/MUNICIPALITY","sourceSha256":"a4494e6cf987201c787ad1308dafa0d11e2e3e1b3fc66f78bddd3e7a4c743c3a","retrievedAt":"2026-10-04T05:43:29.988352+00:00","boundaryVintage":null,"geometryStatus":"native_source_polygon_display_simplified","simplificationToleranceDegrees":0.00015,"simplificationPreservesTopology":true,"invalidSourceRepair":"make_valid; retain polygonal components; discard zero-area collapsed lines","legalBoundaryIndependentlyVerified":false,"areaId":"88c92d76-43b6-409a-a814-f0c35b97e1f7"},"geometry":{"type":"MultiPolygon","coordinates":[[[[103.391366,16.336553],[103.391898,16.340824],[103.40354,16.350818],[103.39034942201991,16.362928805043403],[103.438037,16.319311],[103.436894,16.319001],[103.437047,16.318862],[103.430088,16.317144],[103.423449,16.31462],[103.422033,16.313571],[103.420232,16.310854],[103.417735,16.306363],[103.414332,16.29794],[103.412272,16.290788],[103.411617,16.287071],[103.411073,16.286002],[103.409695,16.286222],[103.409155,16.286666],[103.408791,16.287959],[103.409587,16.288211],[103.410397,16.289428],[103.409991,16.290795],[103.409266,16.290925],[103.408568,16.292565],[103.407524,16.29318],[103.407777,16.294763],[103.407246,16.294765],[103.407217,16.294556],[103.405519,16.294603],[103.405527,16.294335],[103.403163,16.294329],[103.403146,16.294066],[103.401612,16.293661],[103.401614,16.293417],[103.400477,16.293617],[103.398965,16.294321],[103.399098,16.293129],[103.398821,16.293032],[103.398464,16.292087],[103.39719,16.293145],[103.395763,16.293012],[103.395659,16.292717],[103.37406,16.300536],[103.375226,16.298069],[103.37306,16.302651],[103.375441,16.310181],[103.386876,16.318502],[103.393431,16.327206],[103.391366,16.336553]],[[103.390573,16.323411],[103.39179,16.325027],[103.386876,16.318502],[103.390573,16.323411]]],[[[103.391681,16.339085],[103.391898,16.340824],[103.39177542205086,16.33983992026171],[103.391681,16.339085]]],[[[103.376649,16.37546],[103.39031,16.362965],[103.39034942201991,16.362928805043403],[103.376649,16.37546]]]]},"bbox":[103.37306,16.286002,103.438037,16.37546]},{"type":"Feature","id":"370251ca-392b-4937-aac3-f77756a096cd","properties":{"id":"370251ca-392b-4937-aac3-f77756a096cd","code":"06460714","provinceCode":"46","nameTh":"องค์การบริหารส่วนตำบล หนองอิเฒ่า","nameEn":null,"geometryType":"MUNICIPALITY","sourceUrl":"https://landometer.com/api/v2/citymeter-v3/grocery/info/geom/370251ca-392b-4937-aac3-f77756a096cd/MUNICIPALITY","sourceSha256":"d565a418c15bfe388dacd23b37c3f42f6e6e58fde6c949b35a2ead1473477775","retrievedAt":"2026-10-04T05:43:29.993789+00:00","boundaryVintage":null,"geometryStatus":"native_source_polygon_display_simplified","simplificationToleranceDegrees":0.00015,"simplificationPreservesTopology":true,"invalidSourceRepair":"make_valid; retain polygonal components; discard zero-area collapsed lines","legalBoundaryIndependentlyVerified":false,"areaId":"370251ca-392b-4937-aac3-f77756a096cd"},"geometry":{"type":"Polygon","coordinates":[[[103.37406,16.300536],[103.355113,16.307402],[103.35337,16.308888],[103.353864,16.310522],[103.349649,16.317624],[103.348146,16.325257],[103.347872,16.329486],[103.348115,16.33291],[103.348453,16.334929],[103.349045,16.335843],[103.349432,16.335959],[103.346674,16.343091],[103.346704,16.34595],[103.346255,16.34963],[103.346487,16.350089],[103.34454,16.358629],[103.343529,16.359609],[103.343589,16.360227],[103.343364,16.360366],[103.352444,16.363766],[103.358016,16.360739],[103.363716,16.360397],[103.368126,16.37453],[103.367656,16.378136],[103.369465,16.381069],[103.369156,16.382314],[103.40354,16.350818],[103.391898,16.340824],[103.391366,16.336553],[103.393431,16.327206],[103.386876,16.318502],[103.375441,16.310181],[103.37306,16.302651],[103.37406,16.300536]]]},"bbox":[103.343364,16.300536,103.40354,16.382314]},{"type":"Feature","id":"4fd3c127-aeee-4d78-b667-007770d19aec","properties":{"id":"4fd3c127-aeee-4d78-b667-007770d19aec","code":"06460715","provinceCode":"46","nameTh":"องค์การบริหารส่วนตำบล ดอนสมบูรณ์","nameEn":null,"geometryType":"MUNICIPALITY","sourceUrl":"https://landometer.com/api/v2/citymeter-v3/grocery/info/geom/4fd3c127-aeee-4d78-b667-007770d19aec/MUNICIPALITY","sourceSha256":"1bc1848ade2a381e75237ee8410295f44369bc8f33a27d6c9f3a3e7c03710796","retrievedAt":"2026-10-04T05:43:29.997688+00:00","boundaryVintage":null,"geometryStatus":"native_source_polygon_display_simplified","simplificationToleranceDegrees":0.00015,"simplificationPreservesTopology":true,"invalidSourceRepair":"make_valid; retain polygonal components; discard zero-area collapsed lines","legalBoundaryIndependentlyVerified":false,"areaId":"4fd3c127-aeee-4d78-b667-007770d19aec"},"geometry":{"type":"MultiPolygon","coordinates":[[[[103.46751,16.410457],[103.46750792307692,16.410458961538463],[103.467508,16.410459],[103.46751,16.410457]]],[[[103.406646,16.413557],[103.404672,16.414015],[103.401988,16.41624],[103.399731,16.415655],[103.393568,16.423728],[103.386642,16.428934],[103.385522,16.431003],[103.386256,16.437456],[103.389116,16.443985],[103.393552,16.444313],[103.399227,16.442177],[103.400014,16.446937],[103.404495,16.449688],[103.414045,16.442772],[103.419519,16.442097],[103.424438,16.438945],[103.441429,16.437403],[103.444481,16.439203],[103.447091,16.438269],[103.450419,16.441304],[103.450792,16.440546],[103.451233,16.440197],[103.451376,16.44014],[103.451639,16.440085],[103.451948,16.440152],[103.452724,16.441205],[103.453459,16.441274],[103.454225,16.440933],[103.455023,16.440204],[103.455506,16.438844],[103.454875,16.436585],[103.454748,16.434416],[103.453968,16.431949],[103.453205,16.430882],[103.45299,16.430014],[103.455438,16.427999],[103.456834,16.425978],[103.458711,16.424834],[103.459892,16.423367],[103.462165,16.423296],[103.464814,16.422444],[103.466286,16.422297],[103.466568,16.420076],[103.467317,16.418148],[103.466517,16.417228],[103.466347,16.416527],[103.467036,16.414354],[103.466435,16.412408],[103.46750792307692,16.410458961538463],[103.467204,16.41087],[103.454529,16.410194],[103.45002,16.408421],[103.445955,16.416772],[103.412287,16.420037],[103.406646,16.413557]]],[[[103.45155361386138,16.440103287128714],[103.451551,16.440104],[103.451555,16.440103],[103.45155361386138,16.440103287128714]]]]},"bbox":[103.385522,16.408421,103.46751,16.449688]},{"type":"Feature","id":"7005927e-3cb7-44e2-a205-f69c98214942","properties":{"id":"7005927e-3cb7-44e2-a205-f69c98214942","code":"06460716","provinceCode":"46","nameTh":"องค์การบริหารส่วนตำบล เว่อ","nameEn":null,"geometryType":"MUNICIPALITY","sourceUrl":"https://landometer.com/api/v2/citymeter-v3/grocery/info/geom/7005927e-3cb7-44e2-a205-f69c98214942/MUNICIPALITY","sourceSha256":"99e30204f10f0c8412ef361edd42e49dc8df37d0c6bd2d1801dffc05fe8bb591","retrievedAt":"2026-10-04T05:43:29.996158+00:00","boundaryVintage":null,"geometryStatus":"native_source_polygon_display_simplified","simplificationToleranceDegrees":0.00015,"simplificationPreservesTopology":true,"invalidSourceRepair":"make_valid; retain polygonal components; discard zero-area collapsed lines","legalBoundaryIndependentlyVerified":false,"areaId":"7005927e-3cb7-44e2-a205-f69c98214942"},"geometry":{"type":"Polygon","coordinates":[[[103.351905,16.506397],[103.34753,16.507551],[103.346811,16.50874],[103.338841,16.510553],[103.334279,16.510234],[103.336425,16.526782],[103.336211,16.527804],[103.328925,16.53339],[103.327393,16.53615],[103.32713,16.538108],[103.327385,16.539236],[103.328163,16.540794],[103.331549,16.544628],[103.33792,16.549209],[103.339025,16.550304],[103.339714,16.553694],[103.339949,16.557475],[103.338599,16.558742],[103.338541,16.561436],[103.339677,16.563077],[103.34017,16.567768],[103.342715,16.571221],[103.345343,16.573249],[103.348532,16.576361],[103.350502,16.579695],[103.352836,16.583019],[103.353,16.583779],[103.352785,16.584346],[103.353048,16.585605],[103.353876,16.587442],[103.35561,16.588321],[103.357402,16.588511],[103.357938,16.588405],[103.360427,16.58658],[103.360845,16.586792],[103.36257,16.586575],[103.359481,16.576686],[103.359955,16.570838],[103.358375,16.569424],[103.360426,16.567076],[103.36324,16.56755],[103.366082,16.565327],[103.37067,16.567213],[103.370105,16.563898],[103.368387,16.563227],[103.364753,16.557007],[103.367271,16.549772],[103.363264,16.542582],[103.367826,16.536157],[103.354697,16.525064],[103.351905,16.506397]]]},"bbox":[103.32712,16.506397,103.37067,16.588511]},{"type":"Feature","id":"c9a6eb3c-3144-4981-97e7-24e0ffbaf2f9","properties":{"id":"c9a6eb3c-3144-4981-97e7-24e0ffbaf2f9","code":"06460717","provinceCode":"46","nameTh":"องค์การบริหารส่วนตำบล หัวงัว","nameEn":null,"geometryType":"MUNICIPALITY","sourceUrl":"https://landometer.com/api/v2/citymeter-v3/grocery/info/geom/c9a6eb3c-3144-4981-97e7-24e0ffbaf2f9/MUNICIPALITY","sourceSha256":"b315c2a12c69a6e0c138148548589ff1d317b06ed702e7fdf9cc6352654e1fa1","retrievedAt":"2026-10-04T05:43:30.019483+00:00","boundaryVintage":null,"geometryStatus":"native_source_polygon_display_simplified","simplificationToleranceDegrees":0.00015,"simplificationPreservesTopology":true,"invalidSourceRepair":"make_valid; retain polygonal components; discard zero-area collapsed lines","legalBoundaryIndependentlyVerified":false,"areaId":"c9a6eb3c-3144-4981-97e7-24e0ffbaf2f9"},"geometry":{"type":"Polygon","coordinates":[[[103.377341,16.384909],[103.377898,16.385638],[103.380352,16.385469],[103.383073,16.384763],[103.390518,16.387261],[103.39562,16.382633],[103.401358,16.383863],[103.400431,16.382209],[103.403742,16.379048],[103.403546,16.376154],[103.406722,16.372463],[103.417001,16.369287],[103.419031,16.370925],[103.420225,16.367616],[103.42546,16.366313],[103.426006,16.364752],[103.423731,16.362674],[103.418121,16.361012],[103.418665,16.35892],[103.429501,16.356],[103.434461,16.350665],[103.437532,16.350154],[103.441747,16.353829],[103.448999,16.355372],[103.457441,16.351715],[103.459063,16.349805],[103.457045,16.347289],[103.458944,16.344615],[103.458828,16.34126],[103.462318,16.337982],[103.467933,16.338569],[103.471601,16.335703],[103.4718,16.335835],[103.474147,16.333502],[103.472588,16.334701],[103.47026,16.334029],[103.468859,16.333284],[103.466792,16.331152],[103.465031,16.328362],[103.461999,16.325744],[103.457236,16.322475],[103.451636,16.319517],[103.448053,16.319197],[103.438797,16.319226],[103.437047,16.318862],[103.436894,16.319001],[103.438037,16.319311],[103.369136,16.382332],[103.372149,16.385269],[103.377341,16.384909]],[[103.423362,16.357654],[103.428873,16.356169],[103.423891639253,16.35751130195073],[103.423362,16.357654]]]},"bbox":[103.369136,16.318862,103.474147,16.387261]},{"type":"Feature","id":"11b9675d-30ec-4c06-b5be-74af90d84197","properties":{"id":"11b9675d-30ec-4c06-b5be-74af90d84197","code":"06460805","provinceCode":"46","nameTh":"องค์การบริหารส่วนตำบล กุดโดน","nameEn":null,"geometryType":"MUNICIPALITY","sourceUrl":"https://landometer.com/api/v2/citymeter-v3/grocery/info/geom/11b9675d-30ec-4c06-b5be-74af90d84197/MUNICIPALITY","sourceSha256":"e5fb43781321be0d045bb2731c273072794c109ca22cd6689173651fbf707a3d","retrievedAt":"2026-10-04T05:43:30.051087+00:00","boundaryVintage":null,"geometryStatus":"native_source_polygon_display_simplified","simplificationToleranceDegrees":0.00015,"simplificationPreservesTopology":true,"invalidSourceRepair":"make_valid; retain polygonal components; discard zero-area collapsed lines","legalBoundaryIndependentlyVerified":false,"areaId":"11b9675d-30ec-4c06-b5be-74af90d84197"},"geometry":{"type":"Polygon","coordinates":[[[103.306117,16.507104],[103.30203,16.508482],[103.298639,16.509058],[103.272896,16.508947],[103.267015,16.508711],[103.260342,16.508177],[103.255746,16.507468],[103.251935,16.506653],[103.243134,16.503927],[103.24690590920403,16.51475173933651],[103.245187,16.515069],[103.244813,16.514823],[103.245172,16.516089],[103.24398,16.515472],[103.244237,16.516208],[103.234277,16.512526],[103.23225,16.517976],[103.233048,16.552502],[103.232714,16.553033],[103.232728,16.554103],[103.224229,16.566522],[103.236568,16.566021],[103.251425,16.580506],[103.259087,16.580737],[103.272507,16.58983],[103.281507,16.589761],[103.290778,16.584836],[103.296523,16.572236],[103.298719,16.566815],[103.299547,16.557585],[103.313185,16.545099],[103.314104,16.542541],[103.308598,16.533212],[103.305188,16.519407],[103.309016,16.515995],[103.307506,16.513475],[103.308105,16.505888],[103.306117,16.507104]],[[103.253146,16.5136],[103.246906,16.514752],[103.24690590920403,16.51475173933651],[103.253146,16.5136]]]},"bbox":[103.224229,16.503927,103.314104,16.58983]},{"type":"Feature","id":"f0e7f737-9a46-41da-b82e-131a03065419","properties":{"id":"f0e7f737-9a46-41da-b82e-131a03065419","code":"06460806","provinceCode":"46","nameTh":"องค์การบริหารส่วนตำบล บึงนาเรียง","nameEn":null,"geometryType":"MUNICIPALITY","sourceUrl":"https://landometer.com/api/v2/citymeter-v3/grocery/info/geom/f0e7f737-9a46-41da-b82e-131a03065419/MUNICIPALITY","sourceSha256":"b9c151828e033a6d22b624710d05d5aa6d37effc4f2218337ab9902ca487f58f","retrievedAt":"2026-10-04T05:43:30.085250+00:00","boundaryVintage":null,"geometryStatus":"native_source_polygon_display_simplified","simplificationToleranceDegrees":0.00015,"simplificationPreservesTopology":true,"invalidSourceRepair":"make_valid; retain polygonal components; discard zero-area collapsed lines","legalBoundaryIndependentlyVerified":false,"areaId":"f0e7f737-9a46-41da-b82e-131a03065419"},"geometry":{"type":"MultiPolygon","coordinates":[[[[103.30758488161148,16.566089451630337],[103.30842,16.566838],[103.307585,16.566089],[103.30758488161148,16.566089451630337]]],[[[103.296523,16.572236],[103.290778,16.584836],[103.281507,16.589761],[103.272505,16.589815],[103.272552,16.59021],[103.266574,16.596556],[103.27033,16.601188],[103.270965,16.605504],[103.261741,16.604623],[103.246167,16.61074],[103.242755,16.619324],[103.246065,16.623357],[103.252301,16.624661],[103.252816,16.623893],[103.254852,16.623813],[103.255458,16.624466],[103.256024,16.624426],[103.256218,16.624108],[103.257277,16.624951],[103.258023,16.625172],[103.258654,16.624613],[103.260593,16.624327],[103.261392,16.624696],[103.261877,16.624598],[103.262166,16.625333],[103.262873,16.625692],[103.26323,16.625597],[103.2633,16.625834],[103.265044,16.625537],[103.265507,16.625853],[103.266144,16.625854],[103.266439,16.625475],[103.26635,16.624946],[103.266933,16.624786],[103.26745,16.624061],[103.268038,16.624228],[103.26835,16.623589],[103.269698,16.623265],[103.270819,16.622681],[103.271739,16.622832],[103.273276,16.621238],[103.274425,16.620443],[103.27573,16.620137],[103.276537,16.619199],[103.277784,16.619084],[103.277844,16.618475],[103.278211,16.618048],[103.278717,16.61812],[103.280649,16.61739],[103.280962,16.617774],[103.281577,16.617803],[103.281728,16.618226],[103.282265,16.618389],[103.28247,16.617771],[103.283579,16.617221],[103.284041,16.617433],[103.285282,16.616856],[103.285907,16.617242],[103.286863,16.617279],[103.287197,16.616778],[103.28803,16.616355],[103.288018,16.615094],[103.289921,16.615033],[103.290623,16.614753],[103.290918,16.615026],[103.291566,16.614581],[103.292399,16.615159],[103.29238,16.615728],[103.292964,16.615473],[103.29349,16.615809],[103.294083,16.615714],[103.295308,16.617172],[103.29602,16.617297],[103.296674,16.616907],[103.297471,16.617062],[103.297591,16.616494],[103.29839,16.616668],[103.298738,16.616248],[103.299366,16.616561],[103.299549,16.615275],[103.299805,16.614916],[103.300236,16.61474],[103.30119,16.61368],[103.30229,16.613497],[103.302836,16.612467],[103.303532,16.612255],[103.304974,16.612334],[103.30568,16.6117],[103.307157,16.612317],[103.309325,16.611763],[103.309616,16.611487],[103.310432,16.611995],[103.311009,16.611731],[103.311574,16.610848],[103.312264,16.611043],[103.314018,16.610645],[103.314532,16.61089],[103.316694,16.608672],[103.319092,16.607778],[103.32221,16.607571],[103.324077,16.607992],[103.322489,16.604929],[103.317598,16.600752],[103.31726,16.586951],[103.307763,16.582363],[103.30758488161148,16.566089451630337],[103.305542,16.564257],[103.302731,16.554848],[103.301901,16.555562],[103.303356,16.554097],[103.299547,16.557585],[103.298719,16.566815],[103.296523,16.572236]]],[[[103.244945,16.611108],[103.245048,16.610847],[103.244817,16.611428],[103.244945,16.611108]]]]},"bbox":[103.242755,16.554097,103.324077,16.625867]},{"type":"Feature","id":"74f50ce4-b4b7-44b8-af29-5225ca13320b","properties":{"id":"74f50ce4-b4b7-44b8-af29-5225ca13320b","code":"06460807","provinceCode":"46","nameTh":"องค์การบริหารส่วนตำบล หัวหิน","nameEn":null,"geometryType":"MUNICIPALITY","sourceUrl":"https://landometer.com/api/v2/citymeter-v3/grocery/info/geom/74f50ce4-b4b7-44b8-af29-5225ca13320b/MUNICIPALITY","sourceSha256":"920da2e4f3df7f4b7aad54da9c2fea4f0f3bf17540562762e117e3735a54721b","retrievedAt":"2026-10-04T05:43:30.064490+00:00","boundaryVintage":null,"geometryStatus":"native_source_polygon_display_simplified","simplificationToleranceDegrees":0.00015,"simplificationPreservesTopology":true,"invalidSourceRepair":"make_valid; retain polygonal components; discard zero-area collapsed lines","legalBoundaryIndependentlyVerified":false,"areaId":"74f50ce4-b4b7-44b8-af29-5225ca13320b"},"geometry":{"type":"Polygon","coordinates":[[[103.322489,16.604929],[103.324077,16.607992],[103.328362,16.610183],[103.334841,16.612469],[103.340423,16.61378],[103.347915,16.613572],[103.353327,16.614674],[103.363056,16.61556],[103.370047,16.618214],[103.373836,16.618772],[103.37416,16.60757],[103.373832,16.600468],[103.373189,16.596254],[103.373616,16.595537],[103.372138,16.592403],[103.374616,16.589647],[103.374077,16.588664],[103.362432,16.58655],[103.360845,16.586792],[103.360427,16.58658],[103.357769,16.588478],[103.356039,16.588405],[103.354927,16.588089],[103.35386,16.587417],[103.353048,16.585605],[103.352785,16.584346],[103.353,16.583779],[103.352836,16.583019],[103.350502,16.579695],[103.348532,16.576361],[103.345343,16.573249],[103.342682,16.571185],[103.327286,16.568763],[103.314937,16.56224],[103.30884,16.565272],[103.30842,16.566838],[103.307585,16.566089],[103.307763,16.582363],[103.31726,16.586951],[103.317598,16.600752],[103.322489,16.604929]]]},"bbox":[103.307543,16.56224,103.37462,16.618772]},{"type":"Feature","id":"64c05740-1e8d-48a7-bcf8-323f85d9f0d2","properties":{"id":"64c05740-1e8d-48a7-bcf8-323f85d9f0d2","code":"06460808","provinceCode":"46","nameTh":"องค์การบริหารส่วนตำบล คำใหญ่","nameEn":null,"geometryType":"MUNICIPALITY","sourceUrl":"https://landometer.com/api/v2/citymeter-v3/grocery/info/geom/64c05740-1e8d-48a7-bcf8-323f85d9f0d2/MUNICIPALITY","sourceSha256":"8c3c966f66b96bab051e07761fcd806340671468c98549b1b961ce7485e2ca06","retrievedAt":"2026-10-04T05:43:30.077820+00:00","boundaryVintage":null,"geometryStatus":"native_source_polygon_display_simplified","simplificationToleranceDegrees":0.00015,"simplificationPreservesTopology":true,"invalidSourceRepair":"make_valid; retain polygonal components; discard zero-area collapsed lines","legalBoundaryIndependentlyVerified":false,"areaId":"64c05740-1e8d-48a7-bcf8-323f85d9f0d2"},"geometry":{"type":"Polygon","coordinates":[[[103.215938,16.657805],[103.215361,16.654798],[103.214948,16.654655],[103.214562,16.654062],[103.213927,16.652336],[103.212773,16.65247],[103.212561,16.651947],[103.212807,16.651674],[103.212403,16.650616],[103.211156,16.650198],[103.21121,16.649706],[103.212435,16.648754],[103.212385,16.648327],[103.214776,16.647423],[103.215321,16.646951],[103.215077,16.646547],[103.215384,16.646217],[103.217029,16.646237],[103.21745,16.645867],[103.217985,16.645972],[103.217849,16.645522],[103.218525,16.644673],[103.221019,16.64337],[103.221967,16.643385],[103.222174,16.643783],[103.222928,16.642864],[103.223137,16.643253],[103.224686,16.643048],[103.224964,16.643303],[103.225711,16.643029],[103.22664,16.64347],[103.227155,16.642997],[103.227229,16.642623],[103.228034,16.642576],[103.228186,16.642245],[103.228672,16.642229],[103.228753,16.641839],[103.22927,16.642147],[103.229137,16.641657],[103.229408,16.641489],[103.230057,16.641501],[103.230624,16.642704],[103.231029,16.64264],[103.231985,16.641737],[103.232684,16.64057],[103.232778,16.6393],[103.233585,16.637962],[103.234547,16.637164],[103.234492,16.635114],[103.235116,16.635311],[103.23551,16.635003],[103.236307,16.634891],[103.236726,16.633768],[103.238184,16.633454],[103.238656,16.633043],[103.239943,16.632558],[103.240828,16.632537],[103.241214,16.632077],[103.241921,16.632258],[103.242558,16.631399],[103.243403,16.631443],[103.244011,16.631211],[103.244319,16.631951],[103.245015,16.631804],[103.245341,16.631194],[103.245939,16.631179],[103.246195,16.630656],[103.246776,16.630643],[103.247152,16.629996],[103.247918,16.629798],[103.247892,16.628776],[103.24823,16.628663],[103.248351,16.628044],[103.248746,16.628123],[103.249235,16.627402],[103.249668,16.625478],[103.251161,16.624839],[103.252301,16.624661],[103.246065,16.623357],[103.242755,16.619324],[103.246167,16.61074],[103.247078,16.610382],[103.246895,16.610159],[103.244713,16.610972],[103.240538,16.613611],[103.237458,16.619967],[103.206962,16.633796],[103.207471,16.636407],[103.202944,16.644515],[103.207189,16.647402],[103.199834,16.663369],[103.201212,16.663167],[103.206828,16.6696],[103.20806,16.668859],[103.208106,16.667334],[103.211007,16.666293],[103.21286,16.66535],[103.217586,16.661572],[103.217709,16.660934],[103.217334,16.65936],[103.215938,16.657805]]]},"bbox":[103.199834,16.610159,103.252301,16.6696]},{"type":"Feature","id":"7a56055f-2826-4cc8-94c1-15dd62e3e467","properties":{"id":"7a56055f-2826-4cc8-94c1-15dd62e3e467","code":"06460809","provinceCode":"46","nameTh":"องค์การบริหารส่วนตำบล ทรายทอง","nameEn":null,"geometryType":"MUNICIPALITY","sourceUrl":"https://landometer.com/api/v2/citymeter-v3/grocery/info/geom/7a56055f-2826-4cc8-94c1-15dd62e3e467/MUNICIPALITY","sourceSha256":"46aded4478a61ef8e5bb8874f60ec69442f56f25587981c0188f4b8162673902","retrievedAt":"2026-10-04T05:43:30.078895+00:00","boundaryVintage":null,"geometryStatus":"native_source_polygon_display_simplified","simplificationToleranceDegrees":0.00015,"simplificationPreservesTopology":true,"invalidSourceRepair":"make_valid; retain polygonal components; discard zero-area collapsed lines","legalBoundaryIndependentlyVerified":false,"areaId":"7a56055f-2826-4cc8-94c1-15dd62e3e467"},"geometry":{"type":"Polygon","coordinates":[[[103.146845,16.704852999999996],[103.147094,16.705076],[103.146867,16.705217],[103.146942,16.705591],[103.148298,16.707243],[103.148823,16.708364],[103.14917,16.708488],[103.148873,16.709077],[103.148942,16.710542],[103.148669,16.7108],[103.148948,16.711876],[103.148597,16.71334],[103.148756,16.713862],[103.148249,16.714407],[103.148158,16.715387],[103.148807,16.71594],[103.149503,16.717342],[103.150401,16.717488],[103.150946,16.717289],[103.151661,16.717745],[103.152545,16.717891],[103.153069,16.717461],[103.153234,16.717913],[103.153736,16.71785],[103.153939,16.718566],[103.154855,16.719437],[103.155312,16.720938],[103.156389,16.721675],[103.156709,16.722341],[103.156482,16.724709],[103.156684,16.72593],[103.157344,16.728286],[103.157838,16.728357],[103.158194,16.728724],[103.15772,16.729995],[103.157935,16.730734],[103.157824,16.731355],[103.1583,16.731675],[103.158347,16.732175],[103.158821,16.732425],[103.15891,16.732728],[103.158525,16.734056],[103.157523,16.734993],[103.157353,16.736201],[103.157506,16.736543],[103.156854,16.737058],[103.1566,16.736905],[103.156427,16.737212],[103.156043,16.737216],[103.155963,16.738388],[103.155563,16.738462],[103.155702,16.738003],[103.155499,16.737882],[103.154984,16.738332],[103.154442,16.738349],[103.153677,16.739566],[103.152182,16.74064],[103.150907,16.741122],[103.150273,16.7425],[103.150124,16.743407],[103.149303,16.743229],[103.148633,16.744234],[103.147546,16.744569],[103.146941,16.745826],[103.148047,16.747692],[103.147849,16.748313],[103.148052,16.748949],[103.146836,16.750637],[103.146545,16.751354],[103.146927,16.751606],[103.146123,16.752428],[103.146451,16.752696],[103.146457,16.753156],[103.145804,16.753745],[103.14611,16.754035],[103.146231,16.754781],[103.147613,16.755051],[103.147786,16.755418],[103.147563,16.755815],[103.149913,16.757007],[103.150243,16.757693],[103.150272,16.758565],[103.15062,16.758609],[103.150298,16.759444],[103.150408,16.760556],[103.150951,16.760903],[103.150639,16.761269],[103.151144,16.761725],[103.151025,16.762467],[103.151489,16.76267],[103.151965,16.762397],[103.151769,16.761828],[103.152341,16.76194],[103.152126,16.761552],[103.152537,16.761127],[103.152369,16.760687],[103.152781,16.760747],[103.153063,16.760357],[103.153331,16.761663],[103.153418,16.761251],[103.154331,16.761694],[103.154706,16.761576],[103.15479,16.761967],[103.155683,16.762323],[103.156296,16.762167],[103.156972,16.762378],[103.157366,16.7621],[103.157787,16.762499],[103.159309,16.762767],[103.159903,16.762657],[103.160287,16.763057],[103.160999,16.762613],[103.16139,16.763034],[103.162075,16.763245],[103.162215,16.763732],[103.162871,16.764215],[103.163041,16.764633],[103.163519,16.764509],[103.163704,16.765582],[103.164539,16.765642],[103.164791,16.766002],[103.165352,16.765676],[103.165241,16.766106],[103.166743,16.767861],[103.167227,16.76804],[103.167583,16.767653],[103.167846,16.767765],[103.168404,16.767392],[103.168538,16.768223],[103.168963,16.768367],[103.169035,16.76913],[103.170332,16.769624],[103.170546,16.770111],[103.171171,16.77028],[103.171368,16.771123],[103.1797,16.763687],[103.183431,16.759792],[103.186343,16.756088],[103.18881,16.752046],[103.192426,16.748947],[103.193168,16.747751],[103.193565,16.746459],[103.194635,16.746113],[103.194665,16.743714],[103.194407,16.742282],[103.197682,16.741067],[103.200388,16.73927],[103.200929,16.738532],[103.201967,16.735852],[103.201838,16.733826],[103.200114,16.730593],[103.199817,16.72902],[103.19731,16.729287],[103.19738,16.728623],[103.195217,16.726937],[103.194372,16.727103],[103.194815,16.72642],[103.176444,16.718903],[103.166802,16.710124],[103.159102,16.710926],[103.155271,16.705081],[103.153449,16.705602],[103.149571,16.702525],[103.147375,16.702098],[103.145414,16.700967],[103.144845,16.701896],[103.145206,16.702097],[103.145126,16.702406],[103.145465,16.703009],[103.145869,16.702772],[103.146485,16.703323],[103.146845,16.704852999999996]]]},"bbox":[103.144842,16.700967,103.202055,16.771123]},{"type":"Feature","id":"2cbb1e06-a625-4de1-a3d1-f9c8e8f015b5","properties":{"id":"2cbb1e06-a625-4de1-a3d1-f9c8e8f015b5","code":"06460810","provinceCode":"46","nameTh":"องค์การบริหารส่วนตำบล โนนสะอาด","nameEn":null,"geometryType":"MUNICIPALITY","sourceUrl":"https://landometer.com/api/v2/citymeter-v3/grocery/info/geom/2cbb1e06-a625-4de1-a3d1-f9c8e8f015b5/MUNICIPALITY","sourceSha256":"3412acfea299e66a606a50a7fa178c3ccebc8403d5860117a47331629ddb03d8","retrievedAt":"2026-10-04T05:43:30.076057+00:00","boundaryVintage":null,"geometryStatus":"native_source_polygon_display_simplified","simplificationToleranceDegrees":0.00015,"simplificationPreservesTopology":true,"invalidSourceRepair":"make_valid; retain polygonal components; discard zero-area collapsed lines","legalBoundaryIndependentlyVerified":false,"areaId":"2cbb1e06-a625-4de1-a3d1-f9c8e8f015b5"},"geometry":{"type":"Polygon","coordinates":[[[103.329087,16.533234],[103.336211,16.527804],[103.336425,16.526782],[103.331358,16.487704],[103.313224,16.501357],[103.308105,16.505888],[103.307506,16.513475],[103.309016,16.515995],[103.305188,16.519407],[103.308598,16.533212],[103.314104,16.542541],[103.313185,16.545099],[103.30187,16.555458],[103.302731,16.554848],[103.305542,16.564257],[103.30842,16.566838],[103.30884,16.565272],[103.314937,16.56224],[103.327286,16.568763],[103.342682,16.571185],[103.34017,16.567768],[103.339677,16.563077],[103.338541,16.561436],[103.338599,16.558742],[103.339949,16.557475],[103.339714,16.553694],[103.339025,16.550304],[103.335318,16.547264],[103.331967,16.545039],[103.328247,16.540902],[103.327385,16.539236],[103.32712,16.537637],[103.327393,16.53615],[103.327885,16.534976],[103.329087,16.533234]]]},"bbox":[103.30187,16.487704,103.342682,16.571185]},{"type":"Feature","id":"5ae6d005-a12f-4fb5-ac57-ce07f935f664","properties":{"id":"5ae6d005-a12f-4fb5-ac57-ce07f935f664","code":"06460811","provinceCode":"46","nameTh":"องค์การบริหารส่วนตำบล พิมูล","nameEn":null,"geometryType":"MUNICIPALITY","sourceUrl":"https://landometer.com/api/v2/citymeter-v3/grocery/info/geom/5ae6d005-a12f-4fb5-ac57-ce07f935f664/MUNICIPALITY","sourceSha256":"aeab1c7e3b006a92ae857896ee17ea1a02746cf9a060739f9c79a0495814a19e","retrievedAt":"2026-10-04T05:43:30.081511+00:00","boundaryVintage":null,"geometryStatus":"native_source_polygon_display_simplified","simplificationToleranceDegrees":0.00015,"simplificationPreservesTopology":true,"invalidSourceRepair":"make_valid; retain polygonal components; discard zero-area collapsed lines","legalBoundaryIndependentlyVerified":false,"areaId":"5ae6d005-a12f-4fb5-ac57-ce07f935f664"},"geometry":{"type":"Polygon","coordinates":[[[103.210935,16.676298],[103.20958,16.675734],[103.209342,16.675357],[103.20806,16.668859],[103.206828,16.6696],[103.201212,16.663167],[103.199917,16.663357],[103.195545,16.673318],[103.159168,16.675039],[103.159138,16.676803],[103.158378,16.676802],[103.158042,16.677272],[103.156942,16.677324],[103.156141,16.678136],[103.155932,16.679861],[103.156269,16.68029],[103.155786,16.680722],[103.155993,16.681845],[103.154499,16.684451],[103.154462,16.685495],[103.150565,16.687086],[103.14982,16.688632],[103.14912,16.688538],[103.148406,16.691039],[103.148429,16.691794],[103.148679,16.691965],[103.148402,16.692415],[103.148946,16.693131],[103.148524,16.694309],[103.148087,16.694493],[103.147849,16.695909],[103.146875,16.697135],[103.146082,16.697611],[103.146061,16.698067],[103.145501,16.698791],[103.145859,16.69969],[103.145709,16.700369],[103.145373,16.700594],[103.145414,16.700967],[103.147375,16.702098],[103.149571,16.702525],[103.153449,16.705602],[103.155271,16.705081],[103.159102,16.710926],[103.166802,16.710124],[103.176444,16.718903],[103.194815,16.72642],[103.195413,16.726069],[103.195378,16.725763],[103.19716,16.725264],[103.199197,16.724074],[103.199607,16.723576],[103.200396,16.723324],[103.200873,16.723444],[103.201585,16.722099],[103.202154,16.722073],[103.203328,16.721242],[103.204325,16.721281],[103.20503,16.720338],[103.205664,16.717166],[103.205611,16.715353],[103.207133,16.710611],[103.20718,16.706002],[103.206228,16.702816],[103.20663,16.701406],[103.206225,16.699582],[103.206647,16.698697],[103.20841,16.697898],[103.210828,16.69837],[103.213992,16.699737],[103.214055,16.697849],[103.21279,16.6941],[103.212715,16.692481],[103.213078,16.687985],[103.21369,16.686134],[103.215615,16.682106],[103.216334,16.679294],[103.216021,16.678328],[103.214667,16.677298],[103.213406,16.676717],[103.210935,16.676298]]]},"bbox":[103.145368,16.663167,103.216334,16.72642]},{"type":"Feature","id":"412c584c-eea9-42c3-aa82-b6dab93de69f","properties":{"id":"412c584c-eea9-42c3-aa82-b6dab93de69f","code":"06460907","provinceCode":"46","nameTh":"องค์การบริหารส่วนตำบล โนนแหลมทอง","nameEn":null,"geometryType":"MUNICIPALITY","sourceUrl":"https://landometer.com/api/v2/citymeter-v3/grocery/info/geom/412c584c-eea9-42c3-aa82-b6dab93de69f/MUNICIPALITY","sourceSha256":"ec298d3be58a6dbc94a629458513f04fc1fc2b5efcc516496e57b5b7710848b2","retrievedAt":"2026-10-04T05:43:30.100759+00:00","boundaryVintage":null,"geometryStatus":"native_source_polygon_display_simplified","simplificationToleranceDegrees":0.00015,"simplificationPreservesTopology":true,"invalidSourceRepair":"make_valid; retain polygonal components; discard zero-area collapsed lines","legalBoundaryIndependentlyVerified":false,"areaId":"412c584c-eea9-42c3-aa82-b6dab93de69f"},"geometry":{"type":"Polygon","coordinates":[[[103.628115,16.731221],[103.619242,16.7307],[103.621523,16.728335],[103.617443,16.726898],[103.60825,16.728574],[103.60293,16.724231],[103.599312,16.7258],[103.597437,16.729002],[103.596162,16.740992],[103.597802,16.746097],[103.596659,16.749492],[103.598902,16.774144],[103.600408,16.77123],[103.603351,16.771329],[103.607739,16.768642],[103.611447,16.768424],[103.614024,16.771041],[103.615308,16.768844],[103.619273,16.770751],[103.623537,16.769364],[103.626382,16.770905],[103.626801,16.770028],[103.627417,16.770949],[103.630103,16.770766],[103.63048,16.771396],[103.630848,16.771555],[103.63111,16.771328],[103.631102,16.770684],[103.632109,16.770053],[103.632676,16.768713],[103.6333,16.768676],[103.63442,16.768093],[103.635316,16.768111],[103.635381,16.767697],[103.637101,16.766845],[103.636484,16.766807],[103.636306,16.766547],[103.635982,16.766647],[103.635428,16.765973],[103.634993,16.765907],[103.634747,16.765282],[103.635617,16.76366],[103.637314,16.761958],[103.637743,16.759178],[103.63853,16.757164],[103.639357,16.755779],[103.639333,16.754064],[103.639656,16.752693],[103.638942,16.750597],[103.642046,16.750023],[103.664351,16.742115],[103.673392,16.735249],[103.673342,16.734918],[103.672437,16.735624],[103.670172,16.720645],[103.66265,16.719116],[103.660118,16.720835],[103.658761,16.719951],[103.656647,16.727776],[103.6562,16.728613],[103.652529,16.728883],[103.650444,16.731758],[103.649365,16.732137],[103.643631,16.727682],[103.638113,16.727502],[103.637339,16.729468],[103.631396,16.733059],[103.628115,16.731221]]]},"bbox":[103.596162,16.719116,103.673392,16.774144]},{"type":"Feature","id":"9b953940-d154-4d44-a229-4cbe26f0dd6a","properties":{"id":"9b953940-d154-4d44-a229-4cbe26f0dd6a","code":"06460908","provinceCode":"46","nameTh":"องค์การบริหารส่วนตำบล สหัสขันธ์","nameEn":null,"geometryType":"MUNICIPALITY","sourceUrl":"https://landometer.com/api/v2/citymeter-v3/grocery/info/geom/9b953940-d154-4d44-a229-4cbe26f0dd6a/MUNICIPALITY","sourceSha256":"d21fbf603e20149840a494581d5fbc279f3cad0843b98dbd36858cd062be58c0","retrievedAt":"2026-10-04T05:43:30.131815+00:00","boundaryVintage":null,"geometryStatus":"native_source_polygon_display_simplified","simplificationToleranceDegrees":0.00015,"simplificationPreservesTopology":true,"invalidSourceRepair":"make_valid; retain polygonal components; discard zero-area collapsed lines","legalBoundaryIndependentlyVerified":false,"areaId":"9b953940-d154-4d44-a229-4cbe26f0dd6a"},"geometry":{"type":"Polygon","coordinates":[[[103.59731,16.67624],[103.597403,16.680405],[103.586066,16.691255],[103.586351,16.694331],[103.580594,16.700327],[103.579217,16.704169],[103.568098,16.70346],[103.563917,16.701577],[103.544418,16.702276],[103.541542,16.706597],[103.534898,16.704245],[103.525255,16.704836],[103.52281,16.703551],[103.523401,16.717268],[103.522155,16.720196],[103.528689,16.723118],[103.527899,16.730191],[103.530057,16.732777],[103.52897,16.735294],[103.530518,16.741887],[103.53505,16.745152],[103.535152,16.748979],[103.540132,16.753102],[103.542674,16.762638],[103.560075,16.754364],[103.573996,16.753234],[103.579239,16.75662],[103.589152,16.774226],[103.598901,16.774136],[103.596659,16.749492],[103.597802,16.746097],[103.596162,16.740992],[103.597437,16.729002],[103.599312,16.7258],[103.60293,16.724231],[103.60825,16.728574],[103.617443,16.726898],[103.621662,16.728382],[103.622572,16.721629],[103.629091,16.713646],[103.628771,16.71195],[103.623722,16.708797],[103.619874,16.709563],[103.617869,16.707873],[103.611223,16.70758],[103.608985,16.70497],[103.608582,16.698761],[103.60459,16.685014],[103.5977,16.678979],[103.59731,16.67624]]]},"bbox":[103.522155,16.67624,103.629091,16.774226]},{"type":"Feature","id":"8561c560-5e50-48f2-858c-467979037ea8","properties":{"id":"8561c560-5e50-48f2-858c-467979037ea8","code":"06461004","provinceCode":"46","nameTh":"องค์การบริหารส่วนตำบล ทุ่งคลอง","nameEn":null,"geometryType":"MUNICIPALITY","sourceUrl":"https://landometer.com/api/v2/citymeter-v3/grocery/info/geom/8561c560-5e50-48f2-858c-467979037ea8/MUNICIPALITY","sourceSha256":"e84850468903eda854c3c4d9a1fcf592d71b0d77e1bd922f39206582a183cff1","retrievedAt":"2026-10-04T05:43:30.147607+00:00","boundaryVintage":null,"geometryStatus":"native_source_polygon_display_simplified","simplificationToleranceDegrees":0.00015,"simplificationPreservesTopology":true,"invalidSourceRepair":"make_valid; retain polygonal components; discard zero-area collapsed lines","legalBoundaryIndependentlyVerified":false,"areaId":"8561c560-5e50-48f2-858c-467979037ea8"},"geometry":{"type":"MultiPolygon","coordinates":[[[[103.660154,16.959283],[103.666113,16.962421],[103.666171,16.964427],[103.668903,16.963557],[103.668732,16.964905],[103.672824,16.96608],[103.673089,16.964536],[103.674673,16.964929],[103.676485,16.962702],[103.682728,16.960721],[103.684121,16.957796],[103.689021,16.957166],[103.692312,16.9533],[103.694485,16.953569],[103.703136,16.948621],[103.70851,16.948887],[103.709248,16.947369],[103.699621,16.935639],[103.695625,16.927988],[103.689209,16.921506],[103.679731,16.915271],[103.662275,16.913121],[103.66028,16.916268],[103.660855,16.920849],[103.657755,16.925088],[103.643745,16.925945],[103.642305,16.924301],[103.642349,16.93261],[103.644756,16.942387],[103.631627,16.939619],[103.625624,16.943647],[103.625113,16.942166],[103.6216,16.94228],[103.618603,16.939033],[103.6148,16.940302],[103.611788,16.935878],[103.618067,16.9312],[103.61768,16.929596],[103.626036,16.927089],[103.624051,16.921819],[103.628418,16.917121],[103.627399,16.913937],[103.630832,16.912834],[103.630803,16.911178],[103.625564,16.908753],[103.619549,16.910008],[103.616753,16.908256],[103.615309,16.911413],[103.613443,16.9081],[103.608448,16.907485],[103.601992,16.902682],[103.59734,16.902402],[103.594134,16.891654],[103.593564,16.891528],[103.592375,16.892845],[103.590613,16.893874],[103.590672,16.895671],[103.591994,16.897029],[103.592554,16.897949],[103.591776,16.900358],[103.593257,16.900733],[103.593373,16.901014],[103.593142,16.901346],[103.591118,16.902467],[103.59255,16.906349],[103.592036,16.906501],[103.590972,16.906059],[103.59036,16.907386],[103.588975,16.907407],[103.588052,16.908107],[103.588034,16.908726],[103.589035,16.910213],[103.590988,16.910872],[103.591001,16.912848],[103.591481,16.913557],[103.58938,16.914561],[103.589771,16.91517],[103.590681,16.915759],[103.590542,16.916111],[103.588393,16.917547],[103.587682,16.917633],[103.587309,16.918043],[103.588203,16.919166],[103.588761,16.920893],[103.588618,16.922186],[103.587715,16.923756],[103.587891,16.924431],[103.588831,16.925361],[103.589453,16.927046],[103.590839,16.927977],[103.590662,16.928941],[103.590914,16.930488],[103.59003,16.931306],[103.589753,16.931988],[103.590805,16.933472],[103.590466,16.936801],[103.591294,16.937472],[103.591417,16.938733],[103.592297,16.938782],[103.593249,16.937799],[103.59385,16.937846],[103.594303,16.939401],[103.594052,16.944423],[103.595392,16.945811],[103.596449,16.946451],[103.597042,16.947823],[103.59708141941748,16.948616052427184],[103.598162,16.949123],[103.604166,16.949502],[103.604077,16.948325],[103.606577,16.947971],[103.609806,16.950865],[103.617326,16.951136],[103.616998,16.953316],[103.621634,16.953406],[103.621368,16.956824],[103.62607,16.958989],[103.630325,16.958302],[103.632484,16.962921],[103.637828,16.96394],[103.638621,16.963001],[103.640415,16.962319],[103.642257,16.962624],[103.644095,16.960921],[103.645679,16.962959],[103.652755,16.960557],[103.654354,16.96285],[103.656787,16.959758],[103.659251,16.960639],[103.660154,16.959283]]],[[[103.597082,16.948619],[103.59708141941748,16.948616052427184],[103.597081,16.948616],[103.597082,16.948619]]]]},"bbox":[103.587303,16.891528,103.709248,16.96608]},{"type":"Feature","id":"da55d644-6ca3-47e5-b3b7-4c1f8131e8f7","properties":{"id":"da55d644-6ca3-47e5-b3b7-4c1f8131e8f7","code":"06461005","provinceCode":"46","nameTh":"องค์การบริหารส่วนตำบล ดินจี่","nameEn":null,"geometryType":"MUNICIPALITY","sourceUrl":"https://landometer.com/api/v2/citymeter-v3/grocery/info/geom/da55d644-6ca3-47e5-b3b7-4c1f8131e8f7/MUNICIPALITY","sourceSha256":"07653f70c6f77220b59448ba58382f8955ef7b53e6df51b52abc4fc0834fcc5d","retrievedAt":"2026-10-04T05:43:30.149361+00:00","boundaryVintage":null,"geometryStatus":"native_source_polygon_display_simplified","simplificationToleranceDegrees":0.00015,"simplificationPreservesTopology":true,"invalidSourceRepair":"make_valid; retain polygonal components; discard zero-area collapsed lines","legalBoundaryIndependentlyVerified":false,"areaId":"da55d644-6ca3-47e5-b3b7-4c1f8131e8f7"},"geometry":{"type":"Polygon","coordinates":[[[103.747289,16.921923],[103.743859,16.922473],[103.742637,16.923091],[103.741262,16.924187],[103.739442,16.923866],[103.738116,16.923056],[103.737305,16.922165],[103.735969,16.919499],[103.733747,16.916191],[103.732489,16.91381],[103.732236,16.912793],[103.731986,16.904006],[103.73147,16.901564],[103.729155,16.896345],[103.728538,16.892927],[103.727363,16.890807],[103.727442,16.886102],[103.726888,16.88186],[103.726647,16.882209],[103.726393,16.881525],[103.726216,16.881223],[103.725768,16.880699],[103.726167,16.881166],[103.725628,16.882071],[103.725008,16.881348],[103.724327,16.881238],[103.723955,16.881464],[103.724767,16.890811],[103.722674,16.893805],[103.72066,16.904758],[103.714556,16.907379],[103.71046,16.912501],[103.704759,16.915556],[103.694775,16.92713],[103.695625,16.927988],[103.699621,16.935639],[103.709248,16.947369],[103.70851,16.948887],[103.703136,16.948621],[103.694485,16.953569],[103.692312,16.9533],[103.689021,16.957166],[103.684121,16.957796],[103.682728,16.960721],[103.676485,16.962702],[103.674236,16.9652],[103.676901,16.965642],[103.676065,16.968028],[103.678817,16.967941],[103.680321,16.972094],[103.682269,16.971311],[103.687184,16.974432],[103.69465,16.983757],[103.702663,16.989626],[103.703646,16.994592],[103.707096,16.999762],[103.711728,16.999985],[103.715933,17.002667],[103.7175,17.005431],[103.718886,17.00908],[103.722622,17.011209],[103.723475,17.012762],[103.725943,17.010636],[103.728248,17.008025],[103.730133,17.004119],[103.730224,17.003186],[103.729829,17.002291],[103.728016,17.00068],[103.725337,16.996435],[103.723264,16.994227],[103.720296,16.98988],[103.71969,16.987358],[103.719118,16.986473],[103.718527,16.984574],[103.720325,16.981397],[103.721677,16.98053],[103.722728,16.980525],[103.727302,16.982421],[103.730913,16.985429],[103.733071,16.98847],[103.735932,16.990097],[103.737004,16.990415],[103.738615,16.99029],[103.740526,16.988987],[103.740712,16.98825],[103.74055,16.987259],[103.739426,16.985951],[103.737296,16.985118],[103.736671,16.98463],[103.736349,16.983879],[103.73619,16.982471],[103.736712,16.981397],[103.73916,16.980575],[103.739976,16.980057],[103.74183,16.977755],[103.742122,16.97466],[103.741813,16.974102],[103.740682,16.97325],[103.739999,16.971271],[103.742514,16.97104],[103.74883,16.97324],[103.74999,16.973309],[103.757072,16.968882],[103.763156,16.964308],[103.762796,16.962069],[103.761675,16.958005],[103.76086,16.956389],[103.759233,16.954176],[103.754834,16.950297],[103.753247,16.948392],[103.752788,16.946077],[103.75282,16.945042],[103.753841,16.943115],[103.753961,16.942358],[103.753783,16.941737],[103.752992,16.940803],[103.752953,16.937782],[103.752346,16.936979],[103.752658,16.935041],[103.751879,16.93224],[103.751845,16.929655],[103.749998,16.924636],[103.74883,16.922969],[103.747906,16.922115],[103.747289,16.921923]]]},"bbox":[103.674236,16.880699,103.763156,17.012762]},{"type":"Feature","id":"93ef3cb2-eac4-44c1-8d5f-40a8c61da3ed","properties":{"id":"93ef3cb2-eac4-44c1-8d5f-40a8c61da3ed","code":"06461006","provinceCode":"46","nameTh":"องค์การบริหารส่วนตำบล นาบอน","nameEn":null,"geometryType":"MUNICIPALITY","sourceUrl":"https://landometer.com/api/v2/citymeter-v3/grocery/info/geom/93ef3cb2-eac4-44c1-8d5f-40a8c61da3ed/MUNICIPALITY","sourceSha256":"b18c4ccf85c0fc227e1b480a013045d2951700c409f7100593815b582ad709f4","retrievedAt":"2026-10-04T05:43:30.210061+00:00","boundaryVintage":null,"geometryStatus":"native_source_polygon_display_simplified","simplificationToleranceDegrees":0.00015,"simplificationPreservesTopology":true,"invalidSourceRepair":"make_valid; retain polygonal components; discard zero-area collapsed lines","legalBoundaryIndependentlyVerified":false,"areaId":"93ef3cb2-eac4-44c1-8d5f-40a8c61da3ed"},"geometry":{"type":"MultiPolygon","coordinates":[[[[103.678772,16.813416],[103.67877142140897,16.813450136870998],[103.678772,16.81345],[103.678772,16.813416]]],[[[103.642305,16.924301],[103.643745,16.925945],[103.657755,16.925088],[103.660855,16.920849],[103.66028,16.916268],[103.662275,16.913121],[103.679731,16.915271],[103.689209,16.921506],[103.694775,16.92713],[103.704759,16.915556],[103.71046,16.912501],[103.714556,16.907379],[103.72066,16.904758],[103.722674,16.893805],[103.724767,16.890811],[103.723955,16.881464],[103.724327,16.881238],[103.725008,16.881348],[103.725539,16.882098],[103.726167,16.881166],[103.726647,16.882209],[103.726888,16.88186],[103.726573,16.879889],[103.725676,16.878351],[103.725857,16.877918],[103.724945,16.87709],[103.724054,16.877],[103.724006,16.876669],[103.723412,16.876512],[103.723167,16.8768],[103.722779,16.876752],[103.72249,16.87629],[103.722164,16.876343],[103.721897,16.876099],[103.722021,16.876805],[103.720488,16.876567],[103.720295,16.876814],[103.72039,16.877363],[103.719386,16.877997],[103.719077,16.877186],[103.719373,16.876623],[103.718671,16.876175],[103.718563,16.875361],[103.718105,16.875224],[103.718273,16.874839],[103.716752,16.873785],[103.715872,16.873505],[103.715586,16.872827],[103.715124,16.872531],[103.715203,16.871959],[103.714929,16.871703],[103.714381,16.872068],[103.713369,16.871833],[103.713489,16.871572],[103.713237,16.871128],[103.713651,16.870797],[103.713107,16.870438],[103.712834,16.869891],[103.713341,16.869704],[103.713303,16.868913],[103.712847,16.868623],[103.712911,16.868168],[103.712327,16.867592],[103.712264,16.867075],[103.71195,16.867113],[103.712382,16.86594],[103.712964,16.86559],[103.712151,16.86414],[103.713271,16.862969],[103.714343,16.862302],[103.714723,16.861598],[103.714593,16.861006],[103.713869,16.860665],[103.71362,16.859947],[103.712736,16.859379],[103.71236,16.85819],[103.710651,16.859036],[103.709969,16.86003],[103.709355,16.859651],[103.709113,16.859072],[103.707978,16.859298],[103.707374,16.858852],[103.707745,16.857979],[103.707154,16.858015],[103.707216,16.857426],[103.706403,16.856419],[103.706387,16.855299],[103.705884,16.855239],[103.705993,16.854631],[103.705265,16.854754],[103.705409,16.854167],[103.704804,16.854234],[103.704654,16.853054],[103.704217,16.853178],[103.704018,16.852846],[103.703661,16.85303],[103.702545,16.852819],[103.702031,16.853087],[103.701698,16.853621],[103.701108,16.853724],[103.700653,16.854149],[103.700166,16.854092],[103.700015,16.854891],[103.699549,16.855178],[103.699876,16.855448],[103.699621,16.855715],[103.699198,16.855742],[103.699042,16.855449],[103.698731,16.855441],[103.698631,16.854743],[103.698386,16.854621],[103.697934,16.855154],[103.697183,16.855056],[103.696234,16.855806],[103.695319,16.855726],[103.695003,16.856412],[103.694146,16.855566],[103.693337,16.855975],[103.692459,16.855798],[103.692436,16.854754],[103.691829,16.854799],[103.691492,16.854354],[103.691015,16.854382],[103.69068,16.853355],[103.690139,16.853833],[103.688678,16.853851],[103.688512,16.85426],[103.687971,16.854273],[103.68804,16.854724],[103.687602,16.854498],[103.687112,16.854668],[103.687047,16.855132],[103.686776,16.855062],[103.686522,16.853788],[103.685586,16.854165],[103.685525,16.851886],[103.686061,16.85124],[103.686063,16.850254],[103.686554,16.85007],[103.68685,16.849542],[103.686612,16.849188],[103.687055,16.848919],[103.686596,16.848671],[103.68605,16.848822],[103.685939,16.848625],[103.686137,16.848067],[103.686019,16.847583],[103.686388,16.847156],[103.685897,16.846424],[103.686175,16.846092],[103.685885,16.84557],[103.686162,16.845339],[103.686157,16.844848],[103.685439,16.843937],[103.684373,16.843938],[103.684576,16.843601],[103.685036,16.84354],[103.685179,16.842699],[103.684455,16.842175],[103.683677,16.842438],[103.682849,16.84112],[103.682766,16.839944],[103.682084,16.839194],[103.681617,16.839143],[103.681346,16.838818],[103.681788,16.838733],[103.681839,16.838364],[103.682329,16.838004],[103.682905,16.837933],[103.682616,16.83732],[103.683051,16.837088],[103.682205,16.836111],[103.681386,16.835788],[103.681533,16.835007],[103.681073,16.833929],[103.681324,16.832771],[103.682247,16.832045],[103.68239,16.830915],[103.681825,16.830387],[103.68117,16.830317],[103.680977,16.829587],[103.680164,16.829043],[103.680196,16.82858],[103.679406,16.828126],[103.679321,16.827385],[103.678832,16.827547],[103.678733,16.826862],[103.677995,16.826609],[103.677817,16.825736],[103.676973,16.824992],[103.677568,16.824443],[103.677136,16.824554],[103.676632,16.824191],[103.676738,16.823799],[103.677347,16.823283],[103.676428,16.823092],[103.676436,16.822786],[103.675764,16.82236],[103.675521,16.821878],[103.676659,16.821158],[103.676934,16.820701],[103.676328,16.820358],[103.676675,16.81977],[103.676433,16.819489],[103.676411,16.818847],[103.676998,16.818494],[103.677104,16.818061],[103.676713,16.816965],[103.676985,16.816829],[103.677278,16.817316],[103.677601,16.817291],[103.677517,16.816973],[103.677819,16.816655],[103.678055,16.815573],[103.678453,16.815319],[103.678327,16.815014],[103.678025,16.814961],[103.678372,16.81448],[103.677973,16.814316],[103.677916,16.814037],[103.678681,16.813747],[103.67877142140897,16.813450136870998],[103.676248,16.814051],[103.671032,16.820747],[103.663366,16.825541],[103.656852,16.839236],[103.655987,16.841857],[103.65368,16.843385],[103.653621,16.843223],[103.642713,16.852235],[103.637172,16.854552],[103.630931,16.866031],[103.629101,16.879121],[103.631265,16.893178],[103.631053,16.904669],[103.627763,16.908294],[103.625564,16.908753],[103.630803,16.911178],[103.630832,16.912834],[103.632874,16.912178],[103.633847,16.916271],[103.637899,16.918401],[103.6423,16.923357],[103.642305,16.924301]]]]},"bbox":[103.625564,16.813416,103.726888,16.92713]},{"type":"Feature","id":"7b85a585-f1a3-4236-81c6-225080ce9b68","properties":{"id":"7b85a585-f1a3-4236-81c6-225080ce9b68","code":"06461007","provinceCode":"46","nameTh":"องค์การบริหารส่วนตำบล โพน","nameEn":null,"geometryType":"MUNICIPALITY","sourceUrl":"https://landometer.com/api/v2/citymeter-v3/grocery/info/geom/7b85a585-f1a3-4236-81c6-225080ce9b68/MUNICIPALITY","sourceSha256":"e7c2c185e8d740ba1c14950914b934c64f89f328dc70961de1cd2c6a29ecb15a","retrievedAt":"2026-10-04T05:43:30.205932+00:00","boundaryVintage":null,"geometryStatus":"native_source_polygon_display_simplified","simplificationToleranceDegrees":0.00015,"simplificationPreservesTopology":true,"invalidSourceRepair":"make_valid; retain polygonal components; discard zero-area collapsed lines","legalBoundaryIndependentlyVerified":false,"areaId":"7b85a585-f1a3-4236-81c6-225080ce9b68"},"geometry":{"type":"MultiPolygon","coordinates":[[[[103.594804,16.861553],[103.59480456344379,16.86155344605401],[103.594811,16.86149],[103.594804,16.861553]]],[[[103.624437,16.831063],[103.623598,16.831155],[103.622958,16.83055],[103.622716,16.831032],[103.621601,16.830748],[103.621524,16.831199],[103.620587,16.830984],[103.620372,16.831222],[103.619908,16.830913],[103.619941,16.830589],[103.619225,16.830139],[103.618679,16.830138],[103.617223,16.828777],[103.616818,16.828916],[103.615575,16.827508],[103.615818,16.826492],[103.615396,16.8262],[103.613996,16.823524],[103.612924,16.823526],[103.612357,16.823762],[103.610699,16.822923],[103.610508,16.823276],[103.609968,16.8229],[103.60964,16.822933],[103.609748,16.82322],[103.609466,16.823225],[103.609287,16.823568],[103.608445,16.823134],[103.607477,16.823198],[103.606144,16.823776],[103.605192,16.824588],[103.603392,16.827881],[103.601282,16.829975],[103.59963,16.831059],[103.596972,16.834639],[103.591217,16.837953],[103.588483,16.839764],[103.588118,16.840411],[103.588973,16.841769],[103.589283,16.841673],[103.589371,16.840515],[103.589883,16.840103],[103.590758,16.840766],[103.591824,16.840657],[103.59219,16.841059],[103.592124,16.841726],[103.591652,16.842406],[103.59211,16.843569],[103.59133,16.844002],[103.591249,16.844615],[103.590644,16.844874],[103.590533,16.845584],[103.591036,16.846215],[103.591148,16.848687],[103.590124,16.848847],[103.589945,16.849569],[103.58938,16.849944],[103.589349,16.850845],[103.589671,16.851123],[103.590693,16.85101],[103.591256,16.850048],[103.592228,16.850684],[103.591796,16.851765],[103.591974,16.852159],[103.592797,16.852323],[103.592521,16.853176],[103.592505,16.854989],[103.593454,16.855662],[103.592442,16.856783],[103.593224,16.857854],[103.592385,16.85784],[103.592052,16.858944],[103.592815,16.859642],[103.594542,16.860289],[103.612358,16.846266],[103.615144,16.848641],[103.61436,16.850773],[103.616472,16.848988],[103.618479,16.851891],[103.621323,16.850574],[103.6277,16.854178],[103.624278,16.868244],[103.615539,16.877968],[103.59480456344379,16.86155344605401],[103.595139,16.862558],[103.59454,16.863349],[103.594222,16.863505],[103.593464,16.863271],[103.592502,16.863722],[103.592343,16.864103],[103.592646,16.864446],[103.592022,16.866754],[103.592627,16.867177],[103.5927,16.867745],[103.593075,16.868123],[103.593215,16.869344],[103.592964,16.869433],[103.592565,16.86916],[103.592287,16.869635],[103.591504,16.869364],[103.591488,16.868139],[103.591129,16.867907],[103.590315,16.86809],[103.59063,16.868689],[103.589965,16.869558],[103.589354,16.869122],[103.589374,16.868164],[103.588769,16.867994],[103.587951,16.868853],[103.587798,16.869559],[103.587109,16.869871],[103.58673,16.870362],[103.587178,16.872136],[103.588434,16.87352],[103.587927,16.873612],[103.586858,16.872868],[103.586531,16.873511],[103.58716,16.874294],[103.586614,16.875147],[103.587126,16.875454],[103.588797,16.875083],[103.589374,16.876062],[103.589167,16.876769],[103.589906,16.87689],[103.59092,16.877927],[103.590617,16.878318],[103.589949,16.878461],[103.589354,16.878333],[103.588599,16.877575],[103.588088,16.87807],[103.588011,16.878598],[103.588309,16.879393],[103.588591,16.879481],[103.5892,16.879164],[103.589796,16.879407],[103.588789,16.88228],[103.590158,16.882518],[103.590241,16.882698],[103.589761,16.883604],[103.588322,16.884097],[103.588762,16.885051],[103.588005,16.885237],[103.587643,16.886736],[103.587859,16.887011],[103.588814,16.886854],[103.589495,16.887287],[103.589209,16.888733],[103.589585,16.889362],[103.590209,16.88933],[103.591247,16.888126],[103.592418,16.888335],[103.592554,16.890025],[103.593308,16.890862],[103.593564,16.891528],[103.594134,16.891654],[103.59734,16.902402],[103.601992,16.902682],[103.608448,16.907485],[103.613443,16.9081],[103.615309,16.911413],[103.616753,16.908256],[103.619549,16.910008],[103.627763,16.908294],[103.631053,16.904669],[103.631265,16.893178],[103.629101,16.879121],[103.630931,16.866031],[103.637172,16.854552],[103.642713,16.852235],[103.653621,16.843223],[103.652306,16.839612],[103.646885,16.836155],[103.641821,16.829459],[103.636906,16.827275],[103.636773,16.82831],[103.63484,16.827451],[103.633471,16.827895],[103.632628,16.829496],[103.631422,16.83077],[103.630087,16.830884],[103.627444,16.83046],[103.625912,16.831838],[103.626066,16.831463],[103.625624,16.83128],[103.625758,16.830626],[103.625455,16.830876],[103.624541,16.830849],[103.624437,16.831063]]]]},"bbox":[103.586527,16.822899,103.653621,16.911413]},{"type":"Feature","id":"d5bf69ea-dee4-4cdc-a5e0-b0640c5f388f","properties":{"id":"d5bf69ea-dee4-4cdc-a5e0-b0640c5f388f","code":"06461008","provinceCode":"46","nameTh":"องค์การบริหารส่วนตำบล เนินยาง","nameEn":null,"geometryType":"MUNICIPALITY","sourceUrl":"https://landometer.com/api/v2/citymeter-v3/grocery/info/geom/d5bf69ea-dee4-4cdc-a5e0-b0640c5f388f/MUNICIPALITY","sourceSha256":"b4be63f88512dddba4f6d0ec3d4648f4f5fa5a42d5673cac1e10e16d963ff38e","retrievedAt":"2026-10-04T05:43:30.175954+00:00","boundaryVintage":null,"geometryStatus":"native_source_polygon_display_simplified","simplificationToleranceDegrees":0.00015,"simplificationPreservesTopology":true,"invalidSourceRepair":"make_valid; retain polygonal components; discard zero-area collapsed lines","legalBoundaryIndependentlyVerified":false,"areaId":"d5bf69ea-dee4-4cdc-a5e0-b0640c5f388f"},"geometry":{"type":"Polygon","coordinates":[[[103.673274,16.781899],[103.67405,16.781498],[103.673989,16.780828],[103.674362,16.781352],[103.675191,16.780698],[103.675694,16.780581],[103.676036,16.779603],[103.675808,16.778714],[103.675214,16.778079],[103.675385,16.777749],[103.67428,16.776745],[103.674172,16.77598],[103.673836,16.775574],[103.673172,16.775364],[103.672541,16.774444],[103.669858,16.773263],[103.667991,16.770192],[103.666175,16.769935],[103.666118,16.769328],[103.665152,16.769341],[103.664763,16.769679],[103.664767,16.769096],[103.663941,16.769085],[103.663907,16.768256],[103.663259,16.7681],[103.663375,16.767169],[103.662515,16.767636],[103.6627,16.767089],[103.662494,16.766944],[103.662574,16.766612],[103.662079,16.766943],[103.661715,16.766618],[103.661582,16.7672],[103.661036,16.767349],[103.6608,16.766859],[103.66118,16.766639],[103.660624,16.766376],[103.660474,16.765932],[103.659786,16.766201],[103.659949,16.766758],[103.659845,16.767155],[103.659567,16.767145],[103.659405,16.766331],[103.659594,16.765922],[103.659159,16.765869],[103.659048,16.765573],[103.658561,16.765702],[103.658086,16.765179],[103.657734,16.76552],[103.656128,16.764483],[103.655942,16.764901],[103.656087,16.765149],[103.655817,16.765238],[103.655423,16.764818],[103.65455,16.764741],[103.654137,16.764975],[103.654165,16.765296],[103.653639,16.765256],[103.653632,16.765811],[103.653036,16.765914],[103.652579,16.765676],[103.65245,16.765977],[103.652052,16.765607],[103.651286,16.766026],[103.651064,16.765691],[103.650647,16.765706],[103.650188,16.766353],[103.649729,16.766468],[103.649534,16.767221],[103.648965,16.768059],[103.648425,16.767891],[103.647995,16.76822],[103.647726,16.768143],[103.647814,16.767567],[103.647386,16.767303],[103.647225,16.766865],[103.646737,16.767098],[103.646725,16.76641],[103.644686,16.766685],[103.644137,16.765752],[103.642972,16.765977],[103.643008,16.766285],[103.642479,16.76658],[103.640729,16.766881],[103.63991,16.766506],[103.639179,16.76653],[103.638946,16.76615],[103.637716,16.766821],[103.636064,16.767258],[103.635361,16.767714],[103.635316,16.768111],[103.63442,16.768093],[103.6333,16.768676],[103.632676,16.768713],[103.632109,16.770053],[103.631112,16.770669],[103.63111,16.771328],[103.630791,16.771583],[103.630103,16.770766],[103.627923,16.770842],[103.627116,16.77108],[103.626279,16.778091],[103.637848,16.785719],[103.639602,16.787865],[103.642771,16.793508],[103.644636,16.795446],[103.645153,16.797061],[103.644353,16.800855],[103.643083,16.802326],[103.640393,16.803769],[103.637819,16.804717],[103.63381,16.804918],[103.631113,16.804618],[103.630178,16.804895],[103.629666,16.805387],[103.62976,16.806075],[103.630975,16.807291],[103.630805,16.808712],[103.631139,16.808862],[103.631065,16.809528],[103.631428,16.809963],[103.631203,16.810558],[103.632215,16.811792],[103.631496,16.813142],[103.631209,16.813074],[103.63116,16.812772],[103.630782,16.813277],[103.630408,16.813337],[103.630192,16.813914],[103.630454,16.814306],[103.629957,16.814479],[103.630373,16.815088],[103.629937,16.815953],[103.63032,16.816188],[103.629925,16.816332],[103.630474,16.816884],[103.630637,16.818595],[103.630881,16.818911],[103.630641,16.820208],[103.632223,16.821425],[103.632488,16.822997],[103.633228,16.823787],[103.632771,16.824447],[103.632906,16.825036],[103.63344,16.825238],[103.633448,16.827993],[103.63484,16.827451],[103.636773,16.82831],[103.636906,16.827275],[103.641821,16.829459],[103.646885,16.836155],[103.652306,16.839612],[103.65368,16.843385],[103.655987,16.841857],[103.656852,16.839236],[103.663366,16.825541],[103.671032,16.820747],[103.676248,16.814051],[103.678855,16.813328],[103.679506,16.813401],[103.679575,16.812986],[103.679096,16.812087],[103.679215,16.811773],[103.678961,16.811064],[103.679105,16.810924],[103.679567,16.811188],[103.679874,16.811023],[103.679315,16.810202],[103.68039,16.809397],[103.679816,16.809407],[103.67942,16.808947],[103.679742,16.80881],[103.680225,16.807931],[103.680682,16.807922],[103.680361,16.807521],[103.680768,16.807462],[103.681055,16.807068],[103.680789,16.806843],[103.681078,16.806279],[103.681462,16.806434],[103.681184,16.804925],[103.681606,16.805058],[103.681752,16.804692],[103.682318,16.804799],[103.68223,16.804343],[103.682703,16.804171],[103.682476,16.803311],[103.682077,16.803343],[103.682003,16.802756],[103.681651,16.802655],[103.681183,16.801294],[103.681433,16.800844],[103.680873,16.80038],[103.680949,16.79933],[103.680045,16.798674],[103.679525,16.797948],[103.67896,16.798087],[103.678623,16.797685],[103.67806,16.798124],[103.676538,16.797089],[103.676999,16.796668],[103.67663,16.795839],[103.67625,16.795812],[103.676145,16.795374],[103.67651,16.795025],[103.677044,16.79495],[103.676657,16.794315],[103.677082,16.794105],[103.676627,16.793773],[103.676462,16.792249],[103.675998,16.791959],[103.676193,16.791314],[103.67553,16.790629],[103.67544,16.789855],[103.67563,16.789496],[103.676087,16.789576],[103.676241,16.789308],[103.677261,16.789055],[103.677693,16.788218],[103.677674,16.787257],[103.676828,16.786342],[103.676516,16.785363],[103.675194,16.784608],[103.674818,16.78409],[103.674864,16.783543],[103.674464,16.783571],[103.674067,16.783285],[103.674247,16.782893],[103.673541,16.782679],[103.673274,16.781899]]]},"bbox":[103.626279,16.764481,103.682707,16.843385]},{"type":"Feature","id":"603eab03-0fe7-43d0-a29d-cd8dce8c7f27","properties":{"id":"603eab03-0fe7-43d0-a29d-cd8dce8c7f27","code":"06461106","provinceCode":"46","nameTh":"องค์การบริหารส่วนตำบล ยางอู้ม","nameEn":null,"geometryType":"MUNICIPALITY","sourceUrl":"https://landometer.com/api/v2/citymeter-v3/grocery/info/geom/603eab03-0fe7-43d0-a29d-cd8dce8c7f27/MUNICIPALITY","sourceSha256":"db8e7a5bedd8eab3fcf735d39838a948243898da280b4a2ab8a85b4609d56e22","retrievedAt":"2026-10-04T05:43:30.177690+00:00","boundaryVintage":null,"geometryStatus":"native_source_polygon_display_simplified","simplificationToleranceDegrees":0.00015,"simplificationPreservesTopology":true,"invalidSourceRepair":"make_valid; retain polygonal components; discard zero-area collapsed lines","legalBoundaryIndependentlyVerified":false,"areaId":"603eab03-0fe7-43d0-a29d-cd8dce8c7f27"},"geometry":{"type":"MultiPolygon","coordinates":[[[[103.338588,16.840121],[103.33859086490331,16.840142964258728],[103.338591,16.840143],[103.338588,16.840121]]],[[[103.323441,16.864453],[103.323455,16.858018],[103.333148,16.849769],[103.348499,16.845673],[103.351529,16.843614],[103.35095,16.843346],[103.350773,16.842355],[103.349845,16.841929],[103.34943,16.842671],[103.348897,16.842453],[103.34791,16.84281],[103.347456,16.842353],[103.346355,16.842242],[103.345679,16.841882],[103.344767,16.84253],[103.344423,16.842512],[103.344093,16.842274],[103.344117,16.840729],[103.343651,16.840338],[103.341886,16.840365],[103.341275,16.839867],[103.34108,16.840276],[103.339901,16.840951],[103.33918,16.840321],[103.33874,16.840528],[103.33859086490331,16.840142964258728],[103.335552,16.839339],[103.331324,16.839827],[103.327971,16.843193],[103.32383,16.841282],[103.319913,16.843388],[103.317609,16.842862],[103.308058,16.852822],[103.296714,16.859528],[103.295314,16.869879],[103.290657,16.874993],[103.284805,16.876204],[103.280434,16.881299],[103.270884,16.878838],[103.261357,16.882386],[103.259942,16.88437],[103.262122,16.889279],[103.261011,16.895393],[103.265226,16.898235],[103.26459,16.906071],[103.261571,16.911852],[103.263258,16.917572],[103.261957,16.92195],[103.262898,16.923087],[103.263243,16.923097],[103.26735,16.928465],[103.274652,16.929221],[103.27665,16.932843],[103.279532,16.934828],[103.279941,16.933698],[103.285193,16.93077],[103.285448,16.929765],[103.285251,16.927593],[103.285886,16.926458],[103.287959,16.924931],[103.290379,16.924078],[103.303302,16.92222],[103.306339,16.922121],[103.320503,16.92398],[103.33012,16.924071],[103.333172,16.922865],[103.339478,16.922888],[103.343655,16.921942],[103.349637,16.921364],[103.350807,16.92091],[103.35458,16.916559],[103.356592,16.915247],[103.360407,16.913461],[103.363585,16.910533],[103.3647427158261,16.909747451478257],[103.364399,16.909084],[103.363972,16.909194],[103.359899,16.902585],[103.35363,16.900586],[103.350622,16.893837],[103.33945,16.888761],[103.326406,16.89039],[103.322015,16.888072],[103.318579,16.875567],[103.32069,16.867606],[103.323441,16.864453]]],[[[103.3647427158261,16.909747451478257],[103.364743,16.909748],[103.36674,16.908577],[103.3647427158261,16.909747451478257]]]]},"bbox":[103.259942,16.839339,103.36674,16.934828]},{"type":"Feature","id":"839d5888-79e3-4d0a-ac61-25d75f3d018c","properties":{"id":"839d5888-79e3-4d0a-ac61-25d75f3d018c","code":"06461206","provinceCode":"46","nameTh":"องค์การบริหารส่วนตำบล โคกเครือ","nameEn":null,"geometryType":"MUNICIPALITY","sourceUrl":"https://landometer.com/api/v2/citymeter-v3/grocery/info/geom/839d5888-79e3-4d0a-ac61-25d75f3d018c/MUNICIPALITY","sourceSha256":"5440ae54dfc0bf65c759cb31eed25116ba159222730555ff7d840487f0a8497c","retrievedAt":"2026-10-04T05:43:30.207373+00:00","boundaryVintage":null,"geometryStatus":"native_source_polygon_display_simplified","simplificationToleranceDegrees":0.00015,"simplificationPreservesTopology":true,"invalidSourceRepair":"make_valid; retain polygonal components; discard zero-area collapsed lines","legalBoundaryIndependentlyVerified":false,"areaId":"839d5888-79e3-4d0a-ac61-25d75f3d018c"},"geometry":{"type":"MultiPolygon","coordinates":[[[[103.326799,16.644311],[103.325892,16.645544],[103.317936,16.648545],[103.31895,16.649506],[103.316632,16.650561],[103.314105,16.655936],[103.31387,16.662513],[103.311095,16.662539],[103.311969,16.666163],[103.321916,16.663767],[103.329183,16.665139],[103.325234,16.673342],[103.321623,16.672761],[103.315008,16.675195],[103.30501,16.676244],[103.289532,16.681824],[103.285717,16.673285],[103.285332,16.672423],[103.278252,16.673351],[103.275006,16.678802],[103.274636,16.678594],[103.274796,16.678843],[103.272932,16.679922],[103.273047,16.682141],[103.270424,16.682221],[103.267358,16.684772],[103.264108,16.69738],[103.258191,16.70428],[103.255131,16.705565],[103.256415,16.711913],[103.24846,16.716188],[103.246493,16.720828],[103.237029,16.727746],[103.237786,16.742847],[103.236469,16.746454],[103.229734,16.748016],[103.226178,16.744924],[103.217146,16.746741],[103.21579,16.756308],[103.217907,16.761424],[103.217812,16.771749],[103.206413,16.774595],[103.203205,16.787792],[103.205425,16.788385],[103.206556,16.788146],[103.213944,16.789305],[103.220038,16.789873],[103.222252,16.791368],[103.223063,16.79459],[103.224068,16.796612],[103.224282,16.799036],[103.225703,16.805366],[103.225871,16.807511],[103.22502,16.811045],[103.225409,16.812746],[103.225478,16.81686],[103.224782,16.824046],[103.225178,16.826006],[103.226434,16.828566],[103.225062,16.831387],[103.224843,16.83404],[103.223145,16.836951],[103.224428,16.839485],[103.225918,16.840986],[103.228024,16.841673],[103.230414,16.841727],[103.234721,16.83976],[103.23802,16.839381],[103.240173,16.838824],[103.242254,16.837482],[103.24891,16.831091],[103.248946,16.830455],[103.247358,16.825847],[103.247755,16.824277],[103.248201,16.823562],[103.25122,16.821191],[103.251444,16.816181],[103.25554,16.814172],[103.255632,16.813702],[103.254534,16.8121],[103.255583,16.809232],[103.257197,16.80968],[103.259183,16.810993],[103.259535,16.810884],[103.25981,16.811137],[103.260523,16.810957],[103.260657,16.811299],[103.261268,16.811483],[103.261499,16.811836],[103.262189,16.811392],[103.263025,16.81139],[103.263783,16.811697],[103.264409,16.810978],[103.265047,16.810852],[103.265393,16.810338],[103.266445,16.810863],[103.266678,16.810612],[103.267079,16.810706],[103.2671,16.810987],[103.267439,16.810938],[103.268331,16.811521],[103.268177,16.811748],[103.268979,16.811924],[103.26937,16.811579],[103.269136,16.811131],[103.269636,16.811012],[103.269812,16.811346],[103.270385,16.810474],[103.271229,16.810289],[103.271939,16.810721],[103.272834,16.810148],[103.27368,16.810173],[103.273761,16.810514],[103.275192,16.81008],[103.258663,16.809399],[103.257862,16.803595],[103.258308,16.803054],[103.258349,16.802484],[103.264539,16.795497],[103.264905,16.787253],[103.268097,16.779221],[103.267214,16.776477],[103.269323,16.774166],[103.269718,16.764722],[103.273068,16.761073],[103.280034,16.758187],[103.282256,16.755181],[103.284925,16.746915],[103.284621,16.743185],[103.2902,16.741597],[103.292988,16.748482],[103.295372,16.749589],[103.311395,16.744855],[103.313981,16.740438],[103.322958,16.737455],[103.323205,16.731862],[103.326582,16.723739],[103.332103,16.719922],[103.332355,16.705638],[103.334555,16.702853],[103.332689,16.697432],[103.335679,16.694938],[103.342453,16.693193],[103.342112,16.686134],[103.338586,16.68052],[103.340223,16.678599],[103.348151,16.67672],[103.345436,16.672188],[103.338974,16.669912],[103.327616,16.658589],[103.326799,16.644311]]],[[[103.285859,16.673215],[103.285812,16.673239],[103.285717,16.673285],[103.285859,16.673215]]]]},"bbox":[103.203205,16.644311,103.348151,16.841762]},{"type":"Feature","id":"d9bb1b15-01a7-402f-a2a8-2bd003d3d8df","properties":{"id":"d9bb1b15-01a7-402f-a2a8-2bd003d3d8df","code":"06461207","provinceCode":"46","nameTh":"องค์การบริหารส่วนตำบล เสาเล้า","nameEn":null,"geometryType":"MUNICIPALITY","sourceUrl":"https://landometer.com/api/v2/citymeter-v3/grocery/info/geom/d9bb1b15-01a7-402f-a2a8-2bd003d3d8df/MUNICIPALITY","sourceSha256":"6f6ff734d7011ab494b4aeecbb06d772c9310a312ea31da7d7617a8eed91f9e4","retrievedAt":"2026-10-04T05:43:30.212086+00:00","boundaryVintage":null,"geometryStatus":"native_source_polygon_display_simplified","simplificationToleranceDegrees":0.00015,"simplificationPreservesTopology":true,"invalidSourceRepair":"make_valid; retain polygonal components; discard zero-area collapsed lines","legalBoundaryIndependentlyVerified":false,"areaId":"d9bb1b15-01a7-402f-a2a8-2bd003d3d8df"},"geometry":{"type":"Polygon","coordinates":[[[103.453929,16.628443],[103.452448,16.625263],[103.449007,16.619432],[103.446655,16.61616],[103.442369,16.617337],[103.434422,16.620005],[103.428988,16.622838],[103.42754,16.622965],[103.424541,16.62273],[103.421909,16.619559],[103.417911,16.617814],[103.416871,16.617054],[103.412038,16.606594],[103.38735,16.614892],[103.373836,16.618772],[103.370047,16.618214],[103.363056,16.61556],[103.353327,16.614674],[103.347915,16.613572],[103.340423,16.61378],[103.333201,16.612171],[103.333255,16.612455],[103.333736,16.612648],[103.333495,16.618339],[103.336941,16.629223],[103.336832,16.63128],[103.336378,16.633562],[103.331811,16.636285],[103.326628,16.644393],[103.326799,16.644311],[103.327616,16.658589],[103.338974,16.669912],[103.345436,16.672188],[103.349696,16.678083],[103.354668,16.679124],[103.358458,16.684994],[103.362993,16.68733],[103.374517,16.689331],[103.391421,16.685955],[103.392063,16.682261],[103.395278,16.679217],[103.406862,16.671687],[103.42240365459436,16.65773631004723],[103.427601,16.655214],[103.435077,16.653337],[103.444233,16.65389],[103.446172,16.657895],[103.446866,16.656101],[103.44755,16.655292],[103.451835,16.652191],[103.453275,16.6508],[103.45439,16.649257],[103.455629,16.646073],[103.456484,16.640821],[103.456434,16.637807],[103.455966,16.634703],[103.453929,16.628443]],[[103.422054,16.657906],[103.422404,16.657736],[103.42240365459436,16.65773631004723],[103.422054,16.657906]]]},"bbox":[103.326628,16.606594,103.456515,16.689331]},{"type":"Feature","id":"9af20219-a2ba-4701-badc-11a0f05bcba6","properties":{"id":"9af20219-a2ba-4701-badc-11a0f05bcba6","code":"06461209","provinceCode":"46","nameTh":"องค์การบริหารส่วนตำบล หนองหิน","nameEn":null,"geometryType":"MUNICIPALITY","sourceUrl":"https://landometer.com/api/v2/citymeter-v3/grocery/info/geom/9af20219-a2ba-4701-badc-11a0f05bcba6/MUNICIPALITY","sourceSha256":"60aea967fb4e628405b6308a7242aa224da7e975571367cf83b906765b232390","retrievedAt":"2026-10-04T05:43:30.378672+00:00","boundaryVintage":null,"geometryStatus":"native_source_polygon_display_simplified","simplificationToleranceDegrees":0.00015,"simplificationPreservesTopology":true,"invalidSourceRepair":"make_valid; retain polygonal components; discard zero-area collapsed lines","legalBoundaryIndependentlyVerified":false,"areaId":"9af20219-a2ba-4701-badc-11a0f05bcba6"},"geometry":{"type":"Polygon","coordinates":[[[103.408468,16.792097],[103.405531,16.791741],[103.398657,16.794544],[103.395554,16.7921],[103.392186,16.792571],[103.390722,16.790874],[103.383314,16.789444],[103.379135,16.790799],[103.375488,16.795307],[103.3709,16.794331],[103.370282,16.793574],[103.37024,16.793646],[103.379347,16.804414],[103.380029,16.813242],[103.378255,16.81454],[103.364898,16.81464],[103.366617,16.806035],[103.361057,16.800407],[103.358196,16.799584],[103.357468,16.796826],[103.351589,16.790962],[103.345966,16.792988],[103.346029,16.793327],[103.345126,16.793983],[103.345994,16.799099],[103.341905,16.801906],[103.339613,16.80591],[103.334944,16.808585],[103.325906,16.820846],[103.325356,16.829271],[103.325012,16.829327],[103.329141,16.83148],[103.329877,16.831667],[103.33015,16.831631],[103.330425,16.83106],[103.330254,16.830242],[103.331119,16.829843],[103.33162,16.82914],[103.333357,16.830409],[103.334391,16.830279],[103.335528,16.832126],[103.336454,16.832868],[103.336067,16.83363],[103.3362,16.833924],[103.336523,16.834404],[103.337304,16.834849],[103.337262,16.835203],[103.336661,16.835425],[103.336583,16.836185],[103.337073,16.83636],[103.337465,16.837298],[103.337495,16.839061],[103.337109,16.839206],[103.337157,16.839494],[103.337941,16.839322],[103.338463,16.839797],[103.338656,16.840474],[103.33918,16.840321],[103.339901,16.840951],[103.34108,16.840276],[103.341275,16.839867],[103.341886,16.840365],[103.343683,16.84035],[103.344117,16.840729],[103.344093,16.842274],[103.344459,16.842519],[103.344767,16.84253],[103.345151,16.842081],[103.345703,16.841882],[103.346355,16.842242],[103.347441,16.842347],[103.347744,16.842772],[103.348116,16.842807],[103.348897,16.842453],[103.34943,16.842671],[103.349778,16.841955],[103.350162,16.841991],[103.350822,16.842421],[103.350981,16.843391],[103.351519,16.843592],[103.351487,16.844352],[103.352732,16.844614],[103.353327,16.844259],[103.353703,16.843202],[103.354177,16.842978],[103.354502,16.843225],[103.354828,16.844133],[103.355781,16.844132],[103.356276,16.843846],[103.356109,16.842787],[103.357403,16.842633],[103.357241,16.841595],[103.358415,16.840048],[103.358345,16.839385],[103.359321,16.838969],[103.360417,16.838041],[103.361502,16.837997],[103.361946,16.836715],[103.362866,16.83611],[103.363177,16.835264],[103.364207,16.834845],[103.364014,16.834335],[103.364439,16.834192],[103.365263,16.834912],[103.365822,16.833914],[103.366496,16.834702],[103.367037,16.83424],[103.368143,16.834189],[103.368668,16.833737],[103.368461,16.833145],[103.36932,16.83256],[103.369342,16.831937],[103.369735,16.831576],[103.371059,16.831473],[103.371657,16.831758],[103.372761,16.831271],[103.373408,16.831368],[103.373955,16.831014],[103.374829,16.831215],[103.374929,16.830701],[103.375897,16.830607],[103.375702,16.829927],[103.376586,16.829958],[103.376934,16.829537],[103.377833,16.829443],[103.378534,16.828759],[103.379333,16.828646],[103.379846,16.828864],[103.380418,16.828463],[103.381093,16.828995],[103.381006,16.829655],[103.381264,16.830462],[103.381895,16.830878],[103.382065,16.831579],[103.382539,16.831865],[103.382818,16.832418],[103.383292,16.832285],[103.383575,16.832718],[103.384247,16.832205],[103.384757,16.832748],[103.384938,16.832478],[103.385296,16.832756],[103.385356,16.833248],[103.385034,16.833491],[103.385598,16.833837],[103.385194,16.83413],[103.385622,16.834875],[103.385568,16.83556],[103.386952,16.836392],[103.388499,16.838381],[103.391013,16.843647],[103.396207,16.851159],[103.39706,16.852045],[103.400761,16.854806],[103.40819,16.850747],[103.409344,16.849607],[103.40985,16.848136],[103.410044,16.844161],[103.410364,16.842605],[103.415184,16.832959],[103.415958,16.830884],[103.416895,16.826611],[103.417983,16.819475],[103.417732,16.816765],[103.417344,16.815806],[103.413257,16.810966],[103.412825,16.810051],[103.412741,16.808381],[103.413132,16.807536],[103.41366,16.807005],[103.41562,16.806037],[103.415747,16.805115],[103.415655,16.804852],[103.4147532716731,16.805302864163444],[103.414287,16.804418],[103.413545,16.804789],[103.411604,16.80304],[103.411348,16.793868],[103.408468,16.792097]],[[103.414804,16.805447],[103.414753,16.805303],[103.4147532716731,16.805302864163444],[103.414804,16.805447]]]},"bbox":[103.325012,16.789444,103.417983,16.854806]},{"type":"Feature","id":"b094fe05-de55-42a7-b562-fb86db6db877","properties":{"id":"b094fe05-de55-42a7-b562-fb86db6db877","code":"06461302","provinceCode":"46","nameTh":"องค์การบริหารส่วนตำบล สมเด็จ","nameEn":null,"geometryType":"MUNICIPALITY","sourceUrl":"https://landometer.com/api/v2/citymeter-v3/grocery/info/geom/b094fe05-de55-42a7-b562-fb86db6db877/MUNICIPALITY","sourceSha256":"364ecaafe8e4347ce9b6904182c5fc3eff4a65c506f0e8b67d307e44b577c9b8","retrievedAt":"2026-10-04T05:43:30.367521+00:00","boundaryVintage":null,"geometryStatus":"native_source_polygon_display_simplified","simplificationToleranceDegrees":0.00015,"simplificationPreservesTopology":true,"invalidSourceRepair":"make_valid; retain polygonal components; discard zero-area collapsed lines","legalBoundaryIndependentlyVerified":false,"areaId":"b094fe05-de55-42a7-b562-fb86db6db877"},"geometry":{"type":"Polygon","coordinates":[[[103.772059,16.675461],[103.769844,16.676521],[103.768427,16.676776],[103.768137,16.67606],[103.767633,16.675847],[103.765738,16.675632],[103.765447,16.67591],[103.764751,16.675305],[103.764336,16.67526],[103.76401,16.674824],[103.763674,16.674981],[103.760363,16.673786],[103.759713,16.674032],[103.759056,16.67384],[103.758939,16.674224],[103.757664,16.674502],[103.756794,16.674027],[103.754538,16.673945],[103.75281,16.674661],[103.751951,16.673953],[103.75184,16.673364],[103.751315,16.673197],[103.746893,16.672889],[103.743121,16.673108],[103.737846,16.673855],[103.735737,16.674491],[103.734035,16.675706],[103.732672,16.677433],[103.727559,16.678921],[103.731811,16.69434],[103.730389,16.697627],[103.729683,16.715337],[103.733251,16.723271],[103.736534,16.724926],[103.74337,16.721964],[103.755199,16.72287],[103.758543,16.73482],[103.760638,16.735788],[103.760792,16.736817],[103.762629,16.736707],[103.765784,16.738164],[103.766305,16.738805],[103.765315,16.739695],[103.770035,16.739979],[103.772764,16.732437],[103.766623,16.695091],[103.770318,16.688312],[103.773735,16.685978],[103.774775,16.681254],[103.771744,16.678778],[103.772059,16.675461]],[[103.754769,16.683067],[103.759209,16.697501],[103.761932,16.696706],[103.767188,16.703413],[103.755877,16.70405],[103.757443,16.71008],[103.752844,16.712037],[103.750714,16.708536],[103.746004,16.709461],[103.741656,16.705891],[103.733062,16.695065],[103.746084,16.682504],[103.756262,16.677038],[103.754769,16.683067]]]},"bbox":[103.727559,16.672889,103.774775,16.739979]},{"type":"Feature","id":"467d5f1b-6ff0-410f-8abd-afe95da6cf7a","properties":{"id":"467d5f1b-6ff0-410f-8abd-afe95da6cf7a","code":"06461306","provinceCode":"46","nameTh":"องค์การบริหารส่วนตำบล หนองแวง","nameEn":null,"geometryType":"MUNICIPALITY","sourceUrl":"https://landometer.com/api/v2/citymeter-v3/grocery/info/geom/467d5f1b-6ff0-410f-8abd-afe95da6cf7a/MUNICIPALITY","sourceSha256":"75e36d39ae3b19ba3373bc3a17a33671df92cc1e0076a847b99c91764f6d1ef0","retrievedAt":"2026-10-04T05:43:30.366625+00:00","boundaryVintage":null,"geometryStatus":"native_source_polygon_display_simplified","simplificationToleranceDegrees":0.00015,"simplificationPreservesTopology":true,"invalidSourceRepair":"make_valid; retain polygonal components; discard zero-area collapsed lines","legalBoundaryIndependentlyVerified":false,"areaId":"467d5f1b-6ff0-410f-8abd-afe95da6cf7a"},"geometry":{"type":"MultiPolygon","coordinates":[[[[103.716147,16.672686],[103.717312,16.669122],[103.717808,16.66668],[103.71807,16.663153],[103.717925,16.657977],[103.718823,16.653214],[103.686932,16.598102],[103.683429,16.599406],[103.677901,16.600517],[103.66911,16.604789],[103.66723,16.605949],[103.66606,16.606895],[103.664542,16.608967],[103.662388,16.612893],[103.660855,16.616693],[103.661061,16.61728],[103.66404,16.619948],[103.664816,16.621132],[103.665064,16.622707],[103.664756,16.624735],[103.663705,16.62673],[103.661495,16.629811],[103.660035,16.633445],[103.656843,16.642924],[103.652807,16.651818],[103.651795,16.655732],[103.652215,16.660799],[103.654095,16.665727],[103.656521,16.668975],[103.657001,16.669995],[103.658787,16.6719],[103.659787,16.674451],[103.660316,16.674584],[103.660441,16.677418],[103.661269,16.677706],[103.662363,16.685431],[103.663086,16.68874],[103.664095,16.691484],[103.666802,16.697059],[103.668233,16.698658],[103.669566,16.69932],[103.67102,16.699586],[103.674654,16.699277],[103.675913,16.69993],[103.676822,16.701189],[103.677574,16.703918],[103.678538,16.705672],[103.681514,16.707717],[103.684674,16.708647],[103.686485,16.709694],[103.688743,16.710198],[103.688437,16.714783],[103.693929,16.715667],[103.69626807161553,16.718039951019428],[103.730155,16.703508],[103.730389,16.697627],[103.731811,16.69434],[103.727559,16.678921],[103.731681,16.677693],[103.726112,16.67912],[103.722922,16.678734],[103.72026,16.677973],[103.718254,16.677046],[103.716251,16.675516],[103.715833,16.674772],[103.716147,16.672686]]],[[[103.696315,16.718082],[103.69626807161553,16.718039951019428],[103.696268,16.71804],[103.696315,16.718082]]]]},"bbox":[103.651795,16.597998,103.731811,16.718082]},{"type":"Feature","id":"08c593ce-4043-498d-91d7-97d068ae0cad","properties":{"id":"08c593ce-4043-498d-91d7-97d068ae0cad","code":"06461307","provinceCode":"46","nameTh":"องค์การบริหารส่วนตำบล หมูม่น","nameEn":null,"geometryType":"MUNICIPALITY","sourceUrl":"https://landometer.com/api/v2/citymeter-v3/grocery/info/geom/08c593ce-4043-498d-91d7-97d068ae0cad/MUNICIPALITY","sourceSha256":"f39b55e3559395b41333fd011d76a731c076220d6847142ea29125a93af55d3c","retrievedAt":"2026-10-04T05:43:30.368363+00:00","boundaryVintage":null,"geometryStatus":"native_source_polygon_display_simplified","simplificationToleranceDegrees":0.00015,"simplificationPreservesTopology":true,"invalidSourceRepair":"make_valid; retain polygonal components; discard zero-area collapsed lines","legalBoundaryIndependentlyVerified":false,"areaId":"08c593ce-4043-498d-91d7-97d068ae0cad"},"geometry":{"type":"Polygon","coordinates":[[[103.686518,16.725197],[103.664679,16.741941],[103.642046,16.750023],[103.638942,16.750597],[103.639656,16.752693],[103.639333,16.754064],[103.639357,16.755779],[103.63853,16.757164],[103.637743,16.759178],[103.637314,16.761958],[103.635171,16.764349],[103.634747,16.765282],[103.634871,16.765735],[103.635428,16.765973],[103.635982,16.766647],[103.636306,16.766547],[103.636484,16.766807],[103.637396,16.766892],[103.638963,16.766149],[103.639179,16.76653],[103.63991,16.766506],[103.640579,16.766867],[103.641968,16.766686],[103.64299,16.766305],[103.642972,16.765977],[103.644137,16.765752],[103.644686,16.766685],[103.646725,16.76641],[103.646737,16.767098],[103.647225,16.766865],[103.647386,16.767303],[103.647814,16.767567],[103.647726,16.768143],[103.647995,16.76822],[103.648425,16.767891],[103.648965,16.768059],[103.649534,16.767221],[103.649729,16.766468],[103.650188,16.766353],[103.650647,16.765706],[103.651064,16.765691],[103.651286,16.766026],[103.652052,16.765607],[103.65245,16.765977],[103.652579,16.765676],[103.653036,16.765914],[103.653632,16.765811],[103.653639,16.765256],[103.654165,16.765296],[103.654137,16.764975],[103.65455,16.764741],[103.655423,16.764818],[103.655817,16.765238],[103.656087,16.765149],[103.655942,16.764901],[103.656128,16.764483],[103.657734,16.76552],[103.658086,16.765179],[103.658561,16.765702],[103.659048,16.765573],[103.659159,16.765869],[103.659594,16.765922],[103.659405,16.766331],[103.659567,16.767145],[103.659845,16.767155],[103.659949,16.766758],[103.659786,16.766201],[103.660474,16.765932],[103.660624,16.766376],[103.66118,16.766639],[103.6608,16.766859],[103.661036,16.767349],[103.661582,16.7672],[103.661715,16.766618],[103.662079,16.766943],[103.662574,16.766612],[103.662494,16.766944],[103.6627,16.767089],[103.662515,16.767636],[103.663375,16.767169],[103.663271,16.768134],[103.663907,16.768256],[103.663941,16.769085],[103.664767,16.769096],[103.664763,16.769679],[103.665152,16.769341],[103.666118,16.769328],[103.666175,16.769935],[103.667962,16.770177],[103.668676,16.771195],[103.675742,16.775133],[103.678658,16.774349],[103.679132,16.776012],[103.683032,16.775547],[103.692253,16.779496],[103.696102,16.778878],[103.700639,16.785086],[103.704224,16.785852],[103.706626,16.781982],[103.709753,16.782749],[103.713194,16.779508],[103.713925,16.780909],[103.717418,16.780887],[103.720774,16.784466],[103.722072,16.773578],[103.718749,16.772271],[103.717468,16.769498],[103.711893,16.768553],[103.710556,16.765063],[103.703661,16.759079],[103.696053,16.757644],[103.690345,16.749676],[103.688439,16.738069],[103.689548,16.731317],[103.686275,16.725384],[103.686518,16.725197]]]},"bbox":[103.634747,16.725197,103.722072,16.785852]},{"type":"Feature","id":"be9482ff-a23c-4095-9e92-fef4ce402204","properties":{"id":"be9482ff-a23c-4095-9e92-fef4ce402204","code":"06461309","provinceCode":"46","nameTh":"องค์การบริหารส่วนตำบล ศรีสมเด็จ","nameEn":null,"geometryType":"MUNICIPALITY","sourceUrl":"https://landometer.com/api/v2/citymeter-v3/grocery/info/geom/be9482ff-a23c-4095-9e92-fef4ce402204/MUNICIPALITY","sourceSha256":"08fa6cebc93e0ac43d1856a01db50589c7cee0c1fd1162941c9b0025a64738bf","retrievedAt":"2026-10-04T05:43:30.415798+00:00","boundaryVintage":null,"geometryStatus":"native_source_polygon_display_simplified","simplificationToleranceDegrees":0.00015,"simplificationPreservesTopology":true,"invalidSourceRepair":"make_valid; retain polygonal components; discard zero-area collapsed lines","legalBoundaryIndependentlyVerified":false,"areaId":"be9482ff-a23c-4095-9e92-fef4ce402204"},"geometry":{"type":"Polygon","coordinates":[[[103.760638,16.735788],[103.758543,16.73482],[103.755199,16.72287],[103.74337,16.721964],[103.736534,16.724926],[103.733251,16.723271],[103.729683,16.715337],[103.730155,16.703508],[103.696461,16.717908],[103.696317,16.718312],[103.686275,16.725384],[103.689548,16.731317],[103.688439,16.738069],[103.690345,16.749676],[103.696053,16.757644],[103.703661,16.759079],[103.710556,16.765063],[103.7129,16.761674],[103.715272,16.761282],[103.717698,16.763223],[103.719532,16.761439],[103.726615,16.763923],[103.727696,16.762885],[103.73654,16.767887],[103.742601,16.757408],[103.766305,16.738805],[103.765784,16.738164],[103.762629,16.736707],[103.760792,16.736817],[103.760638,16.735788]]]},"bbox":[103.686275,16.703508,103.766305,16.767887]},{"type":"Feature","id":"8a6c0142-ad53-4ed4-a729-7f217758e887","properties":{"id":"8a6c0142-ad53-4ed4-a729-7f217758e887","code":"06461404","provinceCode":"46","nameTh":"องค์การบริหารส่วนตำบล ไค้นุ่น","nameEn":null,"geometryType":"MUNICIPALITY","sourceUrl":"https://landometer.com/api/v2/citymeter-v3/grocery/info/geom/8a6c0142-ad53-4ed4-a729-7f217758e887/MUNICIPALITY","sourceSha256":"8220a5dc9252886135495bcb90fd5705a86d6377fd77124cb8c8b3e842fc6c00","retrievedAt":"2026-10-04T05:43:30.460563+00:00","boundaryVintage":null,"geometryStatus":"native_source_polygon_display_simplified","simplificationToleranceDegrees":0.00015,"simplificationPreservesTopology":true,"invalidSourceRepair":"make_valid; retain polygonal components; discard zero-area collapsed lines","legalBoundaryIndependentlyVerified":false,"areaId":"8a6c0142-ad53-4ed4-a729-7f217758e887"},"geometry":{"type":"MultiPolygon","coordinates":[[[[103.91699941602374,16.570951832047477],[103.916999,16.570952],[103.917001,16.570955],[103.91699941602374,16.570951832047477]]],[[[103.958777,16.600063],[103.956344,16.598667],[103.957454,16.597887],[103.95758,16.597531],[103.956184,16.597659],[103.95585,16.596974],[103.954735,16.596548],[103.95488,16.596043],[103.954588,16.594788],[103.954673,16.594168],[103.954186,16.593668],[103.954,16.593022],[103.954155,16.592004],[103.9527,16.591515],[103.95198,16.59181],[103.951706,16.591665],[103.951348,16.591163],[103.951703,16.590633],[103.950626,16.589594],[103.950905,16.588753],[103.950751,16.588462],[103.950388,16.588372],[103.949852,16.589187],[103.949717,16.58869],[103.948626,16.588374],[103.9488,16.587936],[103.949502,16.587753],[103.949398,16.587013],[103.949961,16.58689],[103.951195,16.58575],[103.951279,16.585205],[103.950615,16.584897],[103.950226,16.585473],[103.949484,16.585611],[103.9494,16.584609],[103.949175,16.584405],[103.948599,16.584862],[103.948154,16.585889],[103.94781,16.585907],[103.946954,16.584785],[103.94682,16.583596],[103.945992,16.583442],[103.945264,16.58294],[103.945782,16.5824],[103.947029,16.581973],[103.947103,16.581682],[103.946176,16.581396],[103.945097,16.581535],[103.944167,16.580495],[103.943173,16.580408],[103.94275,16.579252],[103.942078,16.57884],[103.942316,16.577845],[103.94193,16.577141],[103.941942,16.57652],[103.942088,16.576147],[103.942568,16.575859],[103.94269,16.575078],[103.942955,16.57503],[103.943933,16.575829],[103.944192,16.575574],[103.943786,16.57474],[103.94508,16.574724],[103.945146,16.573912],[103.94464,16.573007],[103.945301,16.572343],[103.945158,16.570656],[103.944842,16.570601],[103.944045,16.571887],[103.94369,16.572019],[103.942969,16.570943],[103.942128,16.570965],[103.940117,16.570322],[103.940289,16.569072],[103.93981,16.569528],[103.938798,16.569816],[103.938459,16.568859],[103.939119,16.568441],[103.939426,16.567341],[103.938978,16.56716],[103.938449,16.56746],[103.937572,16.565859],[103.93651,16.56624],[103.935897,16.56559],[103.936295,16.565092],[103.935818,16.564011],[103.93528,16.563578],[103.93471,16.56382],[103.934324,16.563625],[103.934401,16.562663],[103.934081,16.562771],[103.933939,16.563252],[103.93319,16.563043],[103.9329,16.563368],[103.93321,16.563763],[103.932884,16.564114],[103.933084,16.564845],[103.93225,16.56521],[103.931627,16.564947],[103.931801,16.565742],[103.931449,16.566093],[103.929326,16.566003],[103.929082,16.565082],[103.928744,16.564974],[103.928015,16.566096],[103.927344,16.566114],[103.927111,16.566856],[103.925737,16.567228],[103.925541,16.568118],[103.925255,16.568089],[103.924864,16.567479],[103.924306,16.567962],[103.923745,16.567832],[103.923623,16.56866],[103.923185,16.569254],[103.92273,16.568934],[103.921759,16.56898],[103.921848,16.56817],[103.921096,16.567896],[103.920515,16.569042],[103.921182,16.569923],[103.921145,16.570214],[103.920631,16.570119],[103.920093,16.569425],[103.919452,16.569715],[103.919425,16.570217],[103.918002,16.570598],[103.917704,16.57046],[103.917835,16.569904],[103.917402,16.569774],[103.916927,16.570035],[103.916785,16.570485],[103.91699941602374,16.570951832047477],[103.9177,16.570669],[103.919731,16.572475],[103.919543,16.574654],[103.913176,16.581216],[103.913099,16.584689],[103.915279,16.584776],[103.913831,16.591345],[103.909766,16.598718],[103.905717,16.597659],[103.900737,16.611569],[103.894558,16.621259],[103.8947,16.624844],[103.910238,16.631997],[103.908455,16.632277],[103.90946,16.63274],[103.917378,16.629464],[103.920062,16.635642],[103.920086,16.64135],[103.920216,16.641451],[103.920167,16.640147],[103.941775,16.656915],[103.947006,16.663306],[103.947016,16.66359],[103.948111,16.660301],[103.949126,16.658215],[103.949649,16.648445],[103.950041,16.647324],[103.950735,16.646787],[103.95109,16.645779],[103.950988,16.645122],[103.951229,16.643977],[103.951711,16.643353],[103.951751,16.642611],[103.955044,16.639239],[103.95647,16.635554],[103.957109,16.635383],[103.957985,16.636568],[103.958452,16.636326],[103.959434,16.637351],[103.959796,16.637241],[103.959326,16.637881],[103.959496,16.638271],[103.960725,16.63818],[103.96081,16.637687],[103.961457,16.637509],[103.962171,16.636885],[103.9624,16.635852],[103.962924,16.635075],[103.963539,16.635189],[103.963682,16.634795],[103.965222,16.634298],[103.965369,16.633676],[103.964696,16.632765],[103.96563,16.632262],[103.965734,16.631992],[103.964694,16.630563],[103.966746,16.629441],[103.966785,16.629026],[103.966031,16.628558],[103.967127,16.62787],[103.967448,16.62731],[103.967008,16.627119],[103.964939,16.628084],[103.964547,16.627643],[103.964896,16.626591],[103.964685,16.625855],[103.964905,16.625304],[103.965725,16.624521],[103.967476,16.623432],[103.968593,16.623222],[103.968793,16.622861],[103.968534,16.622274],[103.967988,16.622304],[103.967682,16.621452],[103.967308,16.62128],[103.966654,16.621704],[103.965957,16.621346],[103.964911,16.620544],[103.964391,16.619512],[103.962411,16.618297],[103.962482,16.617793],[103.963488,16.617833],[103.963873,16.61753],[103.964364,16.6161],[103.963938,16.615194],[103.963552,16.61593],[103.962903,16.616078],[103.962651,16.615564],[103.96308,16.61501],[103.963036,16.614668],[103.962498,16.614409],[103.961826,16.614628],[103.961106,16.613918],[103.961229,16.61304],[103.96161,16.612661],[103.960765,16.612367],[103.960768,16.611491],[103.961391,16.611139],[103.962191,16.611472],[103.962563,16.610985],[103.961779,16.610543],[103.960758,16.610366],[103.961273,16.609772],[103.961748,16.60835],[103.961488,16.608146],[103.960817,16.608472],[103.960436,16.608399],[103.959913,16.606971],[103.960364,16.606024],[103.961362,16.60591],[103.961585,16.60534],[103.962755,16.605154],[103.96276,16.604379],[103.961319,16.602154],[103.960621,16.60166],[103.960115,16.600681],[103.960201,16.600336],[103.960772,16.600303],[103.960742,16.600055],[103.960218,16.59967],[103.958777,16.600063]]]]},"bbox":[103.894558,16.562633,103.968801,16.66359]},{"type":"Feature","id":"46d5e4bc-1f98-42c8-9dbb-a14e27203f71","properties":{"id":"46d5e4bc-1f98-42c8-9dbb-a14e27203f71","code":"06461405","provinceCode":"46","nameTh":"องค์การบริหารส่วนตำบล นิคมห้วยผึ้ง","nameEn":null,"geometryType":"MUNICIPALITY","sourceUrl":"https://landometer.com/api/v2/citymeter-v3/grocery/info/geom/46d5e4bc-1f98-42c8-9dbb-a14e27203f71/MUNICIPALITY","sourceSha256":"c147572aca63133a83dcaa90619a9f8b054e927049d82511b76cd91d79ef70e1","retrievedAt":"2026-10-04T05:43:30.429656+00:00","boundaryVintage":null,"geometryStatus":"native_source_polygon_display_simplified","simplificationToleranceDegrees":0.00015,"simplificationPreservesTopology":true,"invalidSourceRepair":"make_valid; retain polygonal components; discard zero-area collapsed lines","legalBoundaryIndependentlyVerified":false,"areaId":"46d5e4bc-1f98-42c8-9dbb-a14e27203f71"},"geometry":{"type":"MultiPolygon","coordinates":[[[[103.860128,16.63356],[103.86020557134754,16.633519651096826],[103.860163,16.633485],[103.860128,16.63356]]],[[[103.86609,16.653674],[103.870652,16.657912],[103.873947,16.657226],[103.878058,16.658671],[103.874129,16.665163],[103.862483,16.673525],[103.863873,16.679134],[103.864642,16.679821],[103.865101,16.681158],[103.868472,16.683239],[103.872226,16.696871],[103.879647,16.6988],[103.879629,16.70114],[103.88112,16.701924],[103.891631,16.702591],[103.897113,16.71085],[103.903661,16.71134],[103.906916,16.714718],[103.91008,16.713957],[103.916764,16.72039],[103.915839,16.7279],[103.934555,16.739689],[103.936271,16.746029],[103.939324,16.746627],[103.94932099772873,16.758293997349316],[103.950463,16.75533],[103.950367,16.752409],[103.949772,16.749498],[103.947777,16.743317],[103.945143,16.741129],[103.944123,16.739489],[103.943866,16.738322],[103.944016,16.736994],[103.944574,16.735548],[103.945509,16.734489],[103.946691,16.733642],[103.947912,16.733217],[103.949551,16.733095],[103.954023,16.73352],[103.95625,16.733098],[103.957961,16.731365],[103.958283,16.730702],[103.958547,16.728652],[103.958198,16.727419],[103.957345,16.726448],[103.949264,16.722389],[103.947123,16.720892],[103.945699,16.718837],[103.94397,16.716945],[103.943413,16.71515],[103.943462,16.71165],[103.943719,16.710703],[103.94349,16.708531],[103.944138,16.706866],[103.944175,16.704284],[103.947748,16.700358],[103.950017,16.696914],[103.949869,16.693749],[103.947362,16.686231],[103.946335,16.681794],[103.946294,16.675036],[103.947006,16.663306],[103.941775,16.656915],[103.920167,16.640147],[103.920995,16.661969],[103.914269,16.665638],[103.910805,16.663841],[103.908084,16.659391],[103.904055,16.662074],[103.901167,16.658131],[103.896457,16.656409],[103.893682,16.659242],[103.887231,16.655714],[103.886776,16.646943],[103.883728,16.640627],[103.882021,16.640867],[103.880429,16.638087],[103.888039,16.636878],[103.892726,16.638447],[103.892043,16.634523],[103.901388,16.638541],[103.904045,16.635003],[103.903731,16.63302],[103.910238,16.631997],[103.8947,16.624844],[103.894558,16.621259],[103.900737,16.611569],[103.905717,16.597659],[103.909766,16.598718],[103.913831,16.591345],[103.915279,16.584776],[103.913099,16.584689],[103.902857,16.581829],[103.899773,16.583161],[103.899768,16.59359],[103.886155,16.620022],[103.860206,16.63352],[103.860128,16.63356],[103.860067,16.633592],[103.864019,16.645624],[103.860408,16.652135],[103.86609,16.653674]]],[[[103.94932099772873,16.758293997349316],[103.949282,16.758382],[103.949321,16.758294],[103.94932099772873,16.758293997349316]]]]},"bbox":[103.860067,16.581829,103.958547,16.758382]},{"type":"Feature","id":"3430fea4-76d1-4257-b4aa-5f7178b4f383","properties":{"id":"3430fea4-76d1-4257-b4aa-5f7178b4f383","code":"06461501","provinceCode":"46","nameTh":"องค์การบริหารส่วนตำบล คำสร้างเที่ยง","nameEn":null,"geometryType":"MUNICIPALITY","sourceUrl":"https://landometer.com/api/v2/citymeter-v3/grocery/info/geom/3430fea4-76d1-4257-b4aa-5f7178b4f383/MUNICIPALITY","sourceSha256":"e5720227962b7e95fba886f314221083ca6f474f7e2b61ba39eab2fe440a02a2","retrievedAt":"2026-10-04T05:43:30.461039+00:00","boundaryVintage":null,"geometryStatus":"native_source_polygon_display_simplified","simplificationToleranceDegrees":0.00015,"simplificationPreservesTopology":true,"invalidSourceRepair":"make_valid; retain polygonal components; discard zero-area collapsed lines","legalBoundaryIndependentlyVerified":false,"areaId":"3430fea4-76d1-4257-b4aa-5f7178b4f383"},"geometry":{"type":"Polygon","coordinates":[[[103.568096,16.803966],[103.567627,16.80192],[103.567118,16.801719],[103.566505,16.802028],[103.566802,16.802837],[103.566077,16.804273],[103.56394,16.804592],[103.563553,16.80436],[103.563917,16.803789],[103.564908,16.803144],[103.564869,16.802575],[103.565293,16.80179],[103.565135,16.801451],[103.564242,16.801378],[103.564289,16.800945],[103.566397,16.799486],[103.566875,16.798629],[103.567848,16.798331],[103.567971,16.798063],[103.567486,16.796448],[103.566511,16.795909],[103.567074,16.795198],[103.566931,16.794862],[103.565912,16.79448],[103.565335,16.795668],[103.563014,16.796058],[103.562273,16.795873],[103.561465,16.795091],[103.561512,16.79383],[103.563394,16.790757],[103.563811,16.789477],[103.563919,16.787532],[103.563629,16.785899],[103.563302,16.78529],[103.561793,16.783694],[103.558412,16.781673],[103.553306,16.778047],[103.54071,16.767727],[103.53968,16.766325],[103.539615,16.765259],[103.527301,16.764823],[103.523324,16.764911],[103.516427,16.765609],[103.523573,16.765616],[103.52434,16.766033],[103.524437,16.7666],[103.523527,16.766615],[103.509337,16.772356],[103.50943,16.772892],[103.509109,16.773035],[103.509903,16.775618],[103.513199,16.777434],[103.514796,16.783059],[103.518958,16.785316],[103.52108,16.79793],[103.519699,16.800805],[103.520565,16.804078],[103.517154,16.810665],[103.521056,16.819195],[103.520448,16.821718],[103.528209,16.824829],[103.525619,16.825545],[103.526699,16.830458],[103.525306,16.83081],[103.53197,16.83975],[103.530836,16.843666],[103.53239,16.849394],[103.529216,16.854533],[103.531908,16.860869],[103.535477,16.859726],[103.537962,16.862434],[103.554739,16.858673],[103.554086,16.855122],[103.564066,16.849173],[103.565565,16.846531],[103.568573,16.85013],[103.572723,16.845157],[103.576571,16.84381],[103.58331,16.847448],[103.583321,16.850027],[103.590008,16.849433],[103.590201,16.848788],[103.591138,16.848709],[103.591036,16.846215],[103.590533,16.845584],[103.590644,16.844874],[103.591249,16.844615],[103.59133,16.844002],[103.59211,16.843569],[103.591652,16.842431],[103.592149,16.841655],[103.592094,16.840811],[103.591791,16.840653],[103.590808,16.840785],[103.589833,16.840116],[103.589359,16.840542],[103.589277,16.841689],[103.58893,16.841759],[103.588122,16.84054],[103.588454,16.839681],[103.587076,16.839339],[103.586013,16.837349],[103.584397,16.836625],[103.583757,16.83688],[103.583352,16.837678],[103.583064,16.837631],[103.582386,16.836485],[103.581622,16.835737],[103.581842,16.83385],[103.581358,16.83364],[103.580708,16.833756],[103.580445,16.833521],[103.580785,16.831493],[103.58051,16.829292],[103.581052,16.828789],[103.580895,16.828464],[103.580032,16.828003],[103.580724,16.82745],[103.580797,16.826904],[103.579556,16.827302],[103.57863,16.827093],[103.578276,16.82673],[103.578364,16.826115],[103.577967,16.825921],[103.577074,16.826676],[103.576942,16.828049],[103.576427,16.828394],[103.57564,16.827662],[103.574987,16.827551],[103.573825,16.826331],[103.572439,16.825395],[103.572405,16.824743],[103.573131,16.823816],[103.572029,16.822422],[103.571929,16.821964],[103.572064,16.821501],[103.573244,16.820558],[103.572422,16.819971],[103.572357,16.818994],[103.5718,16.818437],[103.572197,16.817349],[103.57306,16.816639],[103.573687,16.814909],[103.573305,16.814742],[103.572349,16.815232],[103.572293,16.813821],[103.571196,16.814016],[103.569766,16.813494],[103.569096,16.814186],[103.568481,16.814014],[103.56805,16.813456],[103.569448,16.812325],[103.569307,16.81203],[103.568668,16.811895],[103.568489,16.811273],[103.568814,16.810379],[103.568691,16.809746],[103.567764,16.80897],[103.567868,16.808147],[103.569007,16.807466],[103.568526,16.806116],[103.568675,16.80487],[103.568096,16.803966]]]},"bbox":[103.509109,16.764823,103.592214,16.862434]},{"type":"Feature","id":"9aa487a1-a2cb-4ea6-a6c1-0a026c615b73","properties":{"id":"9aa487a1-a2cb-4ea6-a6c1-0a026c615b73","code":"06461502","provinceCode":"46","nameTh":"องค์การบริหารส่วนตำบล สำราญ","nameEn":null,"geometryType":"MUNICIPALITY","sourceUrl":"https://landometer.com/api/v2/citymeter-v3/grocery/info/geom/9aa487a1-a2cb-4ea6-a6c1-0a026c615b73/MUNICIPALITY","sourceSha256":"1c510f43fb9b2ce865beb1bc1884016719e509c85a8104bf186795bb5c2bed7c","retrievedAt":"2026-10-04T05:43:30.485792+00:00","boundaryVintage":null,"geometryStatus":"native_source_polygon_display_simplified","simplificationToleranceDegrees":0.00015,"simplificationPreservesTopology":true,"invalidSourceRepair":"make_valid; retain polygonal components; discard zero-area collapsed lines","legalBoundaryIndependentlyVerified":false,"areaId":"9aa487a1-a2cb-4ea6-a6c1-0a026c615b73"},"geometry":{"type":"Polygon","coordinates":[[[103.556661,16.876885],[103.552206,16.865715],[103.552697,16.862501],[103.541651,16.867556],[103.540897,16.863807],[103.539021,16.864029],[103.535477,16.859726],[103.531908,16.860869],[103.529216,16.854533],[103.53239,16.849394],[103.532298,16.849056],[103.531055,16.850082],[103.523976,16.848189],[103.516014,16.849525],[103.509342,16.848454],[103.496113,16.850238],[103.482086,16.861751],[103.481114,16.862312],[103.462194,16.869341],[103.461241,16.871199],[103.459836,16.868576],[103.460505,16.870994],[103.463353,16.873025],[103.464406,16.874465],[103.465197,16.874586],[103.468041,16.873986],[103.46878,16.874191],[103.470046,16.875087],[103.470381,16.875972],[103.470103,16.878472],[103.471134,16.881276],[103.470878,16.885144],[103.471501,16.886464],[103.472301,16.886549],[103.473759,16.883888],[103.474435,16.883722],[103.475446,16.884332],[103.475817,16.885573],[103.476176,16.885974],[103.478835,16.886589],[103.479833,16.887449],[103.479956,16.888161],[103.479765,16.888737],[103.478132,16.890263],[103.478191,16.891507],[103.480458,16.895124],[103.48262,16.897397],[103.483184,16.8996],[103.483319,16.901844],[103.484083,16.903626],[103.484798,16.904129],[103.485503,16.90417],[103.489252,16.901954],[103.490271,16.902053],[103.490993,16.902759],[103.491661,16.907027],[103.491131,16.908149],[103.48924,16.909293],[103.48808,16.911086],[103.488498,16.911714],[103.49058,16.913067],[103.490593,16.917132],[103.490236,16.919091],[103.49045,16.920974],[103.492775,16.922744],[103.493804,16.927409],[103.492872,16.9288],[103.491797,16.929601],[103.489033,16.92973],[103.48836,16.931424],[103.48741,16.932041],[103.487068,16.934482],[103.487185,16.938071],[103.486744,16.940181],[103.487061,16.941718],[103.487719,16.943008],[103.490068,16.944562],[103.491204,16.946201],[103.49243,16.947297],[103.494049,16.95239],[103.493794,16.954276],[103.491551,16.955897],[103.491585,16.957128],[103.492956,16.959478],[103.493172,16.960757],[103.494495,16.96335],[103.495357,16.963705],[103.496715,16.963761],[103.497029,16.964125],[103.496695,16.964723],[103.494834,16.966104],[103.494819,16.966412],[103.495731,16.967216],[103.495964,16.967735],[103.495818,16.968118],[103.494628,16.969146],[103.494379,16.969912],[103.495053,16.970636],[103.496214,16.970556],[103.498441,16.969794],[103.498759,16.968591],[103.49908,16.968229],[103.499982,16.96806],[103.500346,16.968262],[103.500634,16.968972],[103.500354,16.969873],[103.498329,16.971429],[103.498112,16.972087],[103.498646,16.972429],[103.501634,16.972361],[103.501979,16.973859],[103.502883,16.974893],[103.502383,16.977536],[103.502607,16.978784],[103.503223,16.979381],[103.503339,16.98061],[103.502197,16.98179],[103.501979,16.982613],[103.505588,16.983128],[103.505942,16.983962],[103.506085,16.985356],[103.506765,16.986641],[103.509296,16.987196],[103.51367,16.989398],[103.513531,16.991229],[103.51405,16.991757],[103.514723,16.991579],[103.515167,16.992187],[103.515211,16.993379],[103.51493,16.994773],[103.515386,16.995933],[103.516075,16.99681],[103.518106,16.997351],[103.519066,16.998146],[103.519751,16.99794],[103.520043,16.998741],[103.520054,16.999779],[103.518567,17.001763],[103.517992,17.003151],[103.518195,17.004172],[103.519547,17.006865],[103.518299,17.010468],[103.518077,17.013362],[103.517089,17.015939],[103.516316,17.019807],[103.516493,17.022999],[103.516875,17.025137],[103.515709,17.025683],[103.515251,17.026977],[103.51559,17.028384],[103.516407,17.029704],[103.517492,17.030651],[103.518387,17.03242],[103.518669,17.034175],[103.517538,17.03502],[103.515962,17.035497],[103.512319,17.035724],[103.51125,17.03628],[103.51145,17.037166],[103.512655,17.037825],[103.515461,17.041474],[103.515407,17.042164],[103.514234,17.043539],[103.513783,17.043856],[103.513023,17.043849],[103.510004,17.043246],[103.507874,17.043485],[103.507488,17.043739],[103.507411,17.044084],[103.510323,17.04658],[103.511102,17.047546],[103.511544,17.049509],[103.511939,17.049887],[103.514097,17.050604],[103.515616,17.049114],[103.517123,17.048373],[103.518426,17.049228],[103.519127,17.05017],[103.519583,17.051517],[103.518997,17.052054],[103.516705,17.052499],[103.516627,17.052957],[103.51756,17.054524],[103.519802,17.056686],[103.519698,17.059144],[103.520147,17.05936],[103.521608,17.059155],[103.523125,17.057942],[103.525393,17.058594],[103.52714,17.063337],[103.52947,17.062425],[103.530382,17.062742],[103.531013,17.062512],[103.532396,17.061425],[103.533186,17.060343],[103.533404,17.059159],[103.534157,17.05877],[103.535482,17.057158],[103.536132,17.057027],[103.536212,17.056769],[103.536521,17.056853],[103.536759,17.056211],[103.53744,17.055946],[103.537836,17.055208],[103.538605,17.054678],[103.538537,17.054329],[103.539101,17.05388],[103.539306,17.05236],[103.53911,17.051188],[103.539563,17.049087],[103.543421,17.042629],[103.544165,17.042282],[103.54387,17.041708],[103.544548,17.040556],[103.545525,17.04034],[103.54618,17.039868],[103.546751,17.038914],[103.547223,17.037419],[103.548442,17.037319],[103.549496,17.036451],[103.550506,17.036341],[103.551919,17.03406],[103.551256,17.033281],[103.552693,17.033591],[103.553048,17.032819],[103.553629,17.032357],[103.553966,17.03102],[103.555007,17.029223],[103.556743,17.028673],[103.557503,17.028035],[103.558412,17.028116],[103.559707,17.025494],[103.560874,17.024719],[103.560375,17.023646],[103.560608,17.023161],[103.561575,17.02266],[103.561355,17.021622],[103.562134,17.021137],[103.56175,17.020973],[103.562248,17.020418],[103.562205,17.019984],[103.562775,17.019876],[103.562544,17.019437],[103.562211,17.019469],[103.562368,17.019076],[103.562703,17.01917],[103.562767,17.018762],[103.563933,17.018322],[103.564421,17.0184],[103.565008,17.016964],[103.564938,17.016568],[103.565553,17.016657],[103.566229,17.015829],[103.565877,17.015496],[103.566316,17.015048],[103.5661,17.014693],[103.566249,17.014254],[103.567084,17.013268],[103.567743,17.013288],[103.567851,17.012464],[103.567233,17.012366],[103.567533,17.011368],[103.569323,17.010468],[103.569424,17.010103],[103.569231,17.009821],[103.569474,17.009199],[103.569124,17.008939],[103.569741,17.008413],[103.570391,17.008599],[103.572762,17.008133],[103.573339,17.007454],[103.57584,17.006818],[103.580648,17.003745],[103.582214,17.001826],[103.583004,16.997881],[103.582707,16.995686],[103.581521,16.992365],[103.580275,16.99159],[103.57939,16.98986],[103.578937,16.989749],[103.576485,16.990743],[103.575864,16.991752],[103.575524,16.991904],[103.574309,16.991226],[103.572132,16.991032],[103.570888,16.990292],[103.568885,16.990268],[103.567695,16.989888],[103.567515,16.989554],[103.567893,16.989158],[103.567973,16.988625],[103.567035,16.987624],[103.566181,16.987293],[103.566239,16.987025],[103.563626,16.982119],[103.551582,16.972078],[103.549069,16.96534],[103.549933,16.953453],[103.546004,16.950188],[103.544471,16.945782],[103.550226,16.937417],[103.55273,16.92902],[103.552666,16.91395],[103.554388,16.90843],[103.551132,16.904117],[103.55056,16.900593],[103.555894,16.891892],[103.555327,16.882759],[103.556661,16.876885]]]},"bbox":[103.459836,16.848189,103.583007,17.063343]},{"type":"Feature","id":"b8a53c11-4a19-476f-82a7-21120f2694e2","properties":{"id":"b8a53c11-4a19-476f-82a7-21120f2694e2","code":"06461503","provinceCode":"46","nameTh":"องค์การบริหารส่วนตำบล สำราญใต้","nameEn":null,"geometryType":"MUNICIPALITY","sourceUrl":"https://landometer.com/api/v2/citymeter-v3/grocery/info/geom/b8a53c11-4a19-476f-82a7-21120f2694e2/MUNICIPALITY","sourceSha256":"2ac064714d9e86504adb275bd2a42f76e3a5d984e5cd6b927fa9f173bc45e8cb","retrievedAt":"2026-10-04T05:43:30.441823+00:00","boundaryVintage":null,"geometryStatus":"native_source_polygon_display_simplified","simplificationToleranceDegrees":0.00015,"simplificationPreservesTopology":true,"invalidSourceRepair":"make_valid; retain polygonal components; discard zero-area collapsed lines","legalBoundaryIndependentlyVerified":false,"areaId":"b8a53c11-4a19-476f-82a7-21120f2694e2"},"geometry":{"type":"Polygon","coordinates":[[[103.466676,16.775788],[103.462838,16.776578],[103.450697,16.776019],[103.44879,16.776576],[103.446521,16.778528],[103.44016,16.788008],[103.437907,16.790524],[103.435691,16.791926],[103.427344,16.795687],[103.426147,16.796615],[103.421625,16.803074],[103.432578,16.813099],[103.436687,16.817415],[103.438705,16.820193],[103.441792,16.825868],[103.445278,16.828787],[103.44646,16.830989],[103.449729,16.834482],[103.44994,16.835839],[103.449493,16.837581],[103.448891,16.838213],[103.446975,16.83914],[103.446048,16.841554],[103.444172,16.842947],[103.443359,16.843993],[103.443136,16.845],[103.44322,16.847351],[103.44382,16.848282],[103.44619,16.849123],[103.447679,16.851337],[103.44988,16.851823],[103.450468,16.852288],[103.453331,16.859801],[103.454217,16.864245],[103.455118,16.865928],[103.456609,16.867184],[103.459618,16.868191],[103.460185,16.869955],[103.459859,16.868665],[103.461241,16.871199],[103.462194,16.869341],[103.481114,16.862312],[103.481605,16.861917],[103.462649,16.868453],[103.482086,16.861751],[103.496113,16.850238],[103.509342,16.848454],[103.516014,16.849525],[103.523976,16.848189],[103.531055,16.850082],[103.532298,16.849056],[103.530836,16.843666],[103.53197,16.83975],[103.525306,16.83081],[103.526699,16.830458],[103.525619,16.825545],[103.528209,16.824829],[103.520448,16.821718],[103.521056,16.819195],[103.517154,16.810665],[103.520565,16.804078],[103.519699,16.800805],[103.52108,16.79793],[103.518958,16.785316],[103.514796,16.783059],[103.513199,16.777434],[103.509903,16.775618],[103.509109,16.773035],[103.50943,16.772892],[103.509337,16.772356],[103.523527,16.766615],[103.524437,16.7666],[103.52434,16.766033],[103.523573,16.765616],[103.516427,16.765609],[103.499379,16.767933],[103.498006,16.767944],[103.495411,16.767488],[103.49296,16.766473],[103.486958,16.762544],[103.484789,16.761486],[103.481014,16.760362],[103.477384,16.7597],[103.477005,16.761272],[103.474631,16.766139],[103.46998,16.773461],[103.468898,16.774676],[103.466676,16.775788]]]},"bbox":[103.421625,16.7597,103.532298,16.871199]},{"type":"Feature","id":"35a48373-bded-43a8-ad97-e43b552548d5","properties":{"id":"35a48373-bded-43a8-ad97-e43b552548d5","code":"06461504","provinceCode":"46","nameTh":"องค์การบริหารส่วนตำบล หนองช้าง","nameEn":null,"geometryType":"MUNICIPALITY","sourceUrl":"https://landometer.com/api/v2/citymeter-v3/grocery/info/geom/35a48373-bded-43a8-ad97-e43b552548d5/MUNICIPALITY","sourceSha256":"57ae69d33772f34bf05810b36b28fc18681705e1a87ceb8fa789433d9c287e2b","retrievedAt":"2026-10-04T05:43:30.495224+00:00","boundaryVintage":null,"geometryStatus":"native_source_polygon_display_simplified","simplificationToleranceDegrees":0.00015,"simplificationPreservesTopology":true,"invalidSourceRepair":"make_valid; retain polygonal components; discard zero-area collapsed lines","legalBoundaryIndependentlyVerified":false,"areaId":"35a48373-bded-43a8-ad97-e43b552548d5"},"geometry":{"type":"Polygon","coordinates":[[[103.588211,16.919182],[103.587303,16.918067],[103.587552,16.917719],[103.588604,16.917428],[103.590704,16.9159],[103.590538,16.915578],[103.589771,16.91517],[103.58941,16.914522],[103.591481,16.913557],[103.591001,16.912848],[103.590988,16.910872],[103.589035,16.910213],[103.588034,16.908726],[103.588056,16.908095],[103.588975,16.907407],[103.59036,16.907386],[103.590972,16.906059],[103.592036,16.906501],[103.59255,16.906349],[103.591118,16.902467],[103.593142,16.901346],[103.593373,16.901014],[103.593257,16.900733],[103.591776,16.900358],[103.592554,16.897949],[103.591994,16.897029],[103.590696,16.895716],[103.590502,16.894315],[103.590643,16.893847],[103.592375,16.892845],[103.593556,16.891577],[103.593483,16.891131],[103.592526,16.889956],[103.592426,16.888349],[103.591247,16.888126],[103.590195,16.88934],[103.589499,16.889332],[103.589209,16.888733],[103.589495,16.887287],[103.588798,16.88685],[103.587839,16.887008],[103.587609,16.886565],[103.588036,16.885193],[103.588758,16.885066],[103.588322,16.884097],[103.589761,16.883604],[103.590241,16.882698],[103.590158,16.882518],[103.588789,16.88228],[103.589796,16.879407],[103.5892,16.879164],[103.588591,16.879481],[103.588309,16.879393],[103.588011,16.878598],[103.588088,16.87807],[103.588599,16.877575],[103.589354,16.878333],[103.589967,16.87846],[103.590633,16.878309],[103.590918,16.877905],[103.589906,16.87689],[103.589167,16.876769],[103.589374,16.876062],[103.588797,16.875083],[103.5872,16.87545],[103.586779,16.875341],[103.58661,16.875042],[103.58716,16.874232],[103.586527,16.87348],[103.586988,16.872827],[103.587886,16.873592],[103.588425,16.873573],[103.587238,16.872245],[103.586694,16.870565],[103.587011,16.869958],[103.587798,16.869559],[103.587943,16.868868],[103.588577,16.868073],[103.58933,16.868111],[103.589354,16.869122],[103.589972,16.86956],[103.590634,16.868672],[103.590315,16.86809],[103.591129,16.867907],[103.591488,16.868139],[103.591504,16.869364],[103.592287,16.869635],[103.592565,16.86916],[103.592964,16.869433],[103.593221,16.869337],[103.593075,16.868123],[103.5927,16.867745],[103.592627,16.867177],[103.592022,16.866754],[103.592646,16.864446],[103.592353,16.864061],[103.592502,16.863722],[103.593464,16.863271],[103.594389,16.863482],[103.595129,16.862605],[103.594799,16.861794],[103.594733,16.860383],[103.592815,16.859642],[103.592052,16.858944],[103.592385,16.85784],[103.593224,16.857854],[103.592442,16.856783],[103.593454,16.855662],[103.592505,16.854989],[103.592521,16.853176],[103.592797,16.852323],[103.591974,16.852159],[103.591796,16.851765],[103.592209,16.850655],[103.591231,16.85005],[103.590861,16.850926],[103.589567,16.851084],[103.58935,16.850853],[103.589372,16.849969],[103.590008,16.849433],[103.583321,16.850027],[103.58331,16.847448],[103.576571,16.84381],[103.572723,16.845157],[103.568573,16.85013],[103.565565,16.846531],[103.564066,16.849173],[103.554086,16.855122],[103.554739,16.858673],[103.537962,16.862434],[103.537221,16.861843],[103.539021,16.864029],[103.540897,16.863807],[103.541651,16.867556],[103.552697,16.862501],[103.552206,16.865715],[103.556661,16.876885],[103.555327,16.882759],[103.555894,16.891892],[103.55056,16.900593],[103.551132,16.904117],[103.554388,16.90843],[103.552666,16.91395],[103.55273,16.92902],[103.550226,16.937417],[103.544471,16.945782],[103.546004,16.950188],[103.549933,16.953453],[103.549069,16.96534],[103.551582,16.972078],[103.563626,16.982119],[103.566239,16.987025],[103.566473,16.985666],[103.564837,16.98353],[103.565336,16.982159],[103.56808,16.97724],[103.569863,16.974886],[103.571385,16.973209],[103.57252,16.972343],[103.578544,16.970825],[103.58164,16.969368],[103.582343,16.969298],[103.58378,16.968657],[103.58575,16.967334],[103.585875,16.965961],[103.587316,16.9658],[103.587088,16.965545],[103.587873,16.965318],[103.587899,16.964775],[103.588198,16.964396],[103.587995,16.963763],[103.5885,16.963104],[103.589529,16.962577],[103.58943,16.962326],[103.589961,16.962361],[103.589979,16.962181],[103.590257,16.96224],[103.592873,16.960928],[103.592469,16.958949],[103.592943,16.958119],[103.592728,16.957387],[103.59245,16.957514],[103.592436,16.957149],[103.591757,16.95671],[103.5915,16.95589],[103.591629,16.955187],[103.592293,16.955082],[103.592187,16.954838],[103.592485,16.954181],[103.592273,16.953702],[103.592895,16.954062],[103.593585,16.953662],[103.594042,16.953901],[103.594299,16.95335],[103.595517,16.952755],[103.595209,16.952314],[103.596289,16.952242],[103.596219,16.951699],[103.596727,16.951498],[103.596632,16.950864],[103.597426,16.95058],[103.597315,16.950217],[103.597594,16.949253],[103.597111,16.948708],[103.597042,16.947823],[103.596473,16.94649],[103.595392,16.945811],[103.59405,16.944416],[103.594303,16.939401],[103.59385,16.937846],[103.593249,16.937799],[103.592297,16.938782],[103.591417,16.938733],[103.591294,16.937472],[103.590455,16.936769],[103.590805,16.933472],[103.589753,16.931988],[103.59003,16.931306],[103.590914,16.930488],[103.590662,16.928941],[103.590839,16.927977],[103.589453,16.927046],[103.5888,16.925306],[103.587796,16.924219],[103.587719,16.92368],[103.588609,16.92221],[103.588762,16.92091],[103.588211,16.919182]]]},"bbox":[103.537221,16.84381,103.597594,16.987025]},{"type":"Feature","id":"8ae875d0-7578-461d-9886-fa400a782829","properties":{"id":"8ae875d0-7578-461d-9886-fa400a782829","code":"06461602","provinceCode":"46","nameTh":"องค์การบริหารส่วนตำบล นาคู","nameEn":null,"geometryType":"MUNICIPALITY","sourceUrl":"https://landometer.com/api/v2/citymeter-v3/grocery/info/geom/8ae875d0-7578-461d-9886-fa400a782829/MUNICIPALITY","sourceSha256":"bcb8cb72ef2cc9d32c92bcfa0d518eb027f6603d2d5f2de0bc3ed6823072ce94","retrievedAt":"2026-10-04T05:43:30.466350+00:00","boundaryVintage":null,"geometryStatus":"native_source_polygon_display_simplified","simplificationToleranceDegrees":0.00015,"simplificationPreservesTopology":true,"invalidSourceRepair":"make_valid; retain polygonal components; discard zero-area collapsed lines","legalBoundaryIndependentlyVerified":false,"areaId":"8ae875d0-7578-461d-9886-fa400a782829"},"geometry":{"type":"Polygon","coordinates":[[[104.068935,16.793394],[104.065064,16.783552],[104.055752,16.775802],[104.054136,16.771194],[104.056196,16.769982],[104.051135,16.767641],[104.04742,16.760824],[104.043868,16.760211],[104.044375,16.761899],[104.033301,16.766706],[104.02971,16.770888],[104.019948,16.767209],[104.019604,16.764317],[104.021573,16.763807],[104.021172,16.762251],[104.019053,16.762198],[104.019604,16.759318],[104.017168,16.759195],[104.018146,16.757028],[104.016691,16.755154],[104.014849,16.755886],[104.019032,16.750626],[104.018096,16.749593],[104.014881,16.751781],[104.006963,16.754559],[104.009038,16.760729],[104.006402,16.763054],[104.0153,16.770288],[104.018825,16.779392],[104.021613,16.780351],[104.022131,16.782533],[104.026663,16.783312],[104.025862,16.785191],[104.027351,16.786648],[104.032254,16.788434],[104.03252,16.791514],[104.036421,16.79508],[104.038495,16.799716],[104.036558,16.804821],[104.036805,16.81288],[104.033745,16.81759],[104.025773,16.821955],[104.023963,16.826619],[104.025279,16.827948],[104.022606,16.831139],[104.024802,16.837555],[104.024031,16.843403],[104.021795,16.84662],[104.022876,16.855905],[104.029886,16.852058],[104.032042,16.85008],[104.035734,16.846112],[104.039846,16.844951],[104.042368,16.843914],[104.044515,16.842639],[104.046063,16.842242],[104.052045,16.842403],[104.055977,16.84126],[104.058385,16.840801],[104.059982,16.840802],[104.060694,16.840409],[104.062369,16.840356],[104.063943,16.839465],[104.066867,16.838878],[104.068712,16.83804],[104.069214,16.83747],[104.069473,16.836641],[104.069457,16.835115],[104.068955,16.833351],[104.068055,16.832332],[104.067574,16.830864],[104.067445,16.828361],[104.067928,16.825645],[104.069417,16.822393],[104.073548,16.815646],[104.077149,16.812698],[104.078632,16.810893],[104.083373,16.809336],[104.0846,16.809295],[104.089281,16.810776],[104.091056,16.810942],[104.091304,16.810905],[104.091538,16.810813],[104.091848,16.810553],[104.091939,16.809663],[104.091202,16.810916],[104.087822,16.804774],[104.080991,16.800859],[104.07798,16.796321],[104.072367,16.795573],[104.068935,16.793394]]]},"bbox":[104.006402,16.749593,104.091945,16.855905]},{"type":"Feature","id":"b8d0d0f9-437d-4075-8979-e5b786039684","properties":{"id":"b8d0d0f9-437d-4075-8979-e5b786039684","code":"06461603","provinceCode":"46","nameTh":"องค์การบริหารส่วนตำบล โนนนาจาน","nameEn":null,"geometryType":"MUNICIPALITY","sourceUrl":"https://landometer.com/api/v2/citymeter-v3/grocery/info/geom/b8d0d0f9-437d-4075-8979-e5b786039684/MUNICIPALITY","sourceSha256":"adbfc7c6f0dba237d33a556c9c41954752643e3080ff2a0cbb217ccd8bbd225e","retrievedAt":"2026-10-04T05:43:30.501806+00:00","boundaryVintage":null,"geometryStatus":"native_source_polygon_display_simplified","simplificationToleranceDegrees":0.00015,"simplificationPreservesTopology":true,"invalidSourceRepair":"make_valid; retain polygonal components; discard zero-area collapsed lines","legalBoundaryIndependentlyVerified":false,"areaId":"b8d0d0f9-437d-4075-8979-e5b786039684"},"geometry":{"type":"MultiPolygon","coordinates":[[[[104.020662,16.702885],[104.02066189059578,16.702885984637973],[104.020662,16.702886],[104.020662,16.702885]]],[[[104.020826,16.72672],[104.020554,16.727176],[104.020778,16.727098],[104.020826,16.72672]]],[[[104.02839,16.70651],[104.028753,16.70618],[104.029371,16.706177],[104.029678,16.705681],[104.029203,16.705411],[104.029144,16.705088],[104.027203,16.703863],[104.023295,16.703845],[104.021001,16.703447],[104.02066189059578,16.702885984637973],[104.006504,16.700898],[104.002568,16.70257],[103.99927,16.707433],[103.998506,16.713801],[103.992908,16.718865],[103.984597,16.719917],[103.981491,16.724247],[103.977836,16.725385],[103.975074,16.728664],[103.966058,16.727222],[103.964061,16.727863],[103.958188,16.727405],[103.958547,16.728652],[103.958283,16.730702],[103.95755,16.731907],[103.95625,16.733098],[103.954928,16.733457],[103.953244,16.733525],[103.948588,16.733064],[103.946035,16.734026],[103.944574,16.735548],[103.944016,16.736994],[103.943866,16.738322],[103.944123,16.739489],[103.945143,16.741129],[103.947777,16.743317],[103.949772,16.749498],[103.950271,16.751795],[103.950463,16.75533],[103.949282,16.758382],[103.949658,16.759851],[103.949829,16.762494],[103.949073,16.766693],[103.949436,16.768991],[103.950228,16.760016],[103.970759,16.757883],[103.97703,16.750499],[103.994265,16.743927],[103.998792,16.737663],[104.001204,16.738029],[104.008273,16.734393],[104.008154,16.731514],[104.013109,16.723281],[104.016088,16.723288],[104.014428,16.725605],[104.015251,16.726898],[104.020678,16.725016],[104.019881,16.726351],[104.022162,16.72556],[104.022683,16.725144],[104.02278,16.724117],[104.023257,16.723546],[104.025007,16.722537],[104.023252,16.718171],[104.025035,16.717067],[104.02545,16.712232],[104.029402,16.713744],[104.031196,16.710899],[104.030882,16.710191],[104.030032,16.710157],[104.030056,16.709775],[104.029349,16.709327],[104.029443,16.708678],[104.029196,16.708574],[104.028944,16.707449],[104.029139,16.706782],[104.02881,16.706882],[104.028714,16.706549],[104.02839,16.70651]]]]},"bbox":[103.943866,16.700898,104.031196,16.768991]},{"type":"Feature","id":"8b44a7fe-e51e-431e-88e0-0db3a46c6eba","properties":{"id":"8b44a7fe-e51e-431e-88e0-0db3a46c6eba","code":"06461604","provinceCode":"46","nameTh":"องค์การบริหารส่วนตำบล บ่อแก้ว","nameEn":null,"geometryType":"MUNICIPALITY","sourceUrl":"https://landometer.com/api/v2/citymeter-v3/grocery/info/geom/8b44a7fe-e51e-431e-88e0-0db3a46c6eba/MUNICIPALITY","sourceSha256":"044e53a61f1e1c97979263a3fad7b33b75e947d228f35fb0e3711c6d0b7190e8","retrievedAt":"2026-10-04T05:43:30.500426+00:00","boundaryVintage":null,"geometryStatus":"native_source_polygon_display_simplified","simplificationToleranceDegrees":0.00015,"simplificationPreservesTopology":true,"invalidSourceRepair":"make_valid; retain polygonal components; discard zero-area collapsed lines","legalBoundaryIndependentlyVerified":false,"areaId":"8b44a7fe-e51e-431e-88e0-0db3a46c6eba"},"geometry":{"type":"Polygon","coordinates":[[[104.021613,16.780351],[104.018825,16.779392],[104.0153,16.770288],[104.006402,16.763054],[104.009038,16.760729],[104.006963,16.754559],[104.014881,16.751781],[104.018096,16.749593],[104.015717,16.746967],[104.016275,16.743413],[104.017267,16.743165],[104.017215,16.741638],[104.018152,16.740881],[104.022187,16.739871],[104.022684,16.738438],[104.022563,16.735179],[104.02213,16.734552],[104.020828,16.730727],[104.020727,16.729765],[104.02037,16.729435],[104.020745,16.728806],[104.020778,16.727098],[104.020554,16.727176],[104.02135,16.725841],[104.019881,16.726351],[104.020678,16.725016],[104.015251,16.726898],[104.014428,16.725605],[104.016088,16.723288],[104.013109,16.723281],[104.008154,16.731514],[104.008273,16.734393],[104.001204,16.738029],[103.998792,16.737663],[103.994265,16.743927],[103.97703,16.750499],[103.970759,16.757883],[103.950228,16.760016],[103.949436,16.768991],[103.949342,16.768515],[103.94947,16.769165],[103.949607,16.769707],[103.949845,16.770319],[103.951607,16.773625],[103.951324,16.774629],[103.950298,16.776065],[103.950993,16.776563],[103.951993,16.7779],[103.952751,16.779561],[103.95252,16.780589],[103.949233,16.78651],[103.949044,16.788572],[103.949228,16.789771],[103.951094,16.793876],[103.954805,16.79936],[103.955066,16.800187],[103.954725,16.802186],[103.953735,16.805279],[103.954123,16.808437],[103.955348,16.81241],[103.955267,16.816623],[103.955715,16.818387],[103.956584,16.819359],[103.957915,16.82003],[103.958761,16.82012],[103.961167,16.819602],[103.961897,16.818877],[103.962853,16.816951],[103.966573,16.814009],[103.967765,16.811623],[103.96868,16.811288],[103.969492,16.811579],[103.971939,16.81318],[103.974526,16.815358],[103.975546,16.816562],[103.977692,16.819935],[103.980447,16.82821],[103.981387,16.834713],[103.981744,16.835087],[103.982236,16.835345],[103.982968,16.835324],[103.987463,16.833561],[103.989562,16.83332],[103.992474,16.834687],[103.995876,16.835365],[104.000185,16.837035],[104.004957,16.84162],[104.006835,16.842491],[104.010222,16.843257],[104.011375,16.843837],[104.013327,16.846184],[104.014286,16.849373],[104.021392,16.855052],[104.022876,16.855905],[104.021795,16.84662],[104.024031,16.843403],[104.024802,16.837555],[104.022606,16.831139],[104.025279,16.827948],[104.023963,16.826619],[104.025773,16.821955],[104.033745,16.81759],[104.036805,16.81288],[104.036558,16.804821],[104.038495,16.799716],[104.036421,16.79508],[104.03252,16.791514],[104.032254,16.788434],[104.027351,16.786648],[104.025862,16.785191],[104.026663,16.783312],[104.022131,16.782533],[104.021613,16.780351]]]},"bbox":[103.949044,16.723281,104.038495,16.855939]},{"type":"Feature","id":"412de82c-4117-432d-a30b-b84245ef2c48","properties":{"id":"412de82c-4117-432d-a30b-b84245ef2c48","code":"06461606","provinceCode":"46","nameTh":"องค์การบริหารส่วนตำบล สายนาวัง","nameEn":null,"geometryType":"MUNICIPALITY","sourceUrl":"https://landometer.com/api/v2/citymeter-v3/grocery/info/geom/412de82c-4117-432d-a30b-b84245ef2c48/MUNICIPALITY","sourceSha256":"4d47513b1c134de99af67d1d4d591b59b1ae3ab4f1843da405a4020574a9fe55","retrievedAt":"2026-10-04T05:43:30.531884+00:00","boundaryVintage":null,"geometryStatus":"native_source_polygon_display_simplified","simplificationToleranceDegrees":0.00015,"simplificationPreservesTopology":true,"invalidSourceRepair":"make_valid; retain polygonal components; discard zero-area collapsed lines","legalBoundaryIndependentlyVerified":false,"areaId":"412de82c-4117-432d-a30b-b84245ef2c48"},"geometry":{"type":"MultiPolygon","coordinates":[[[[104.067442,16.747932],[104.066846,16.746393],[104.067027,16.746077],[104.06662,16.74589],[104.066509,16.745114],[104.066795,16.744593],[104.066629,16.743889],[104.066852,16.743337],[104.066282,16.742828],[104.066114,16.741987],[104.065408,16.740914],[104.064815,16.740704],[104.064369,16.740741],[104.064356,16.741072],[104.061972,16.740885],[104.061661,16.741498],[104.061118,16.741726],[104.060702,16.742151],[104.060787,16.742376],[104.059683,16.743317],[104.059191,16.743285],[104.058677,16.742603],[104.058037,16.742357],[104.057578,16.742703],[104.056974,16.742688],[104.056345,16.741981],[104.05633,16.741628],[104.054432,16.741987],[104.05293,16.740061],[104.052308,16.739899],[104.052292,16.739286],[104.051154,16.739133],[104.049267,16.73732],[104.047472,16.73672],[104.047038,16.736324],[104.047252,16.735857],[104.047044,16.735187],[104.045888,16.735119],[104.04563,16.734897],[104.045338,16.735053],[104.042333,16.733156],[104.040684,16.732579],[104.039395,16.731683],[104.038862,16.731564],[104.038693,16.731903],[104.038277,16.732001],[104.037948,16.73121],[104.036463,16.730175],[104.036069,16.728863],[104.035578,16.728291],[104.03575,16.728025],[104.035505,16.727415],[104.035593,16.726467],[104.036197,16.725159],[104.035921,16.72484],[104.036493,16.724463],[104.036971,16.721868],[104.035916,16.721324],[104.034976,16.720261],[104.034229,16.720302],[104.033117,16.719503],[104.033049,16.719226],[104.032649,16.719165],[104.032213,16.717658],[104.031594,16.71692],[104.031945,16.716731],[104.031964,16.715752],[104.031523,16.715501],[104.031657,16.7146],[104.032387,16.714435],[104.032631,16.71369],[104.032124,16.712709],[104.032495,16.712121],[104.032194,16.711917],[104.032138,16.711398],[104.03171,16.711276],[104.03159,16.710772],[104.031195,16.710899],[104.029402,16.713744],[104.02545,16.712232],[104.025035,16.717067],[104.023252,16.718171],[104.025007,16.722537],[104.023257,16.723546],[104.02278,16.724117],[104.022683,16.725144],[104.02135,16.725841],[104.020826,16.72672],[104.020745,16.728806],[104.02037,16.729435],[104.020727,16.729765],[104.020828,16.730727],[104.02213,16.734552],[104.022563,16.735179],[104.022628,16.738729],[104.02551,16.738161],[104.025375,16.738836],[104.02559,16.74005],[104.026588,16.7398],[104.027161,16.740687],[104.028727,16.740295],[104.030169,16.74345],[104.033808,16.744108],[104.0396,16.748737],[104.038485,16.755424],[104.039645,16.754795],[104.040377,16.757256],[104.043249,16.758151],[104.043868,16.760211],[104.04742,16.760824],[104.051135,16.767641],[104.056196,16.769982],[104.054136,16.771194],[104.055752,16.775802],[104.065064,16.783552],[104.068935,16.793394],[104.072367,16.795573],[104.07798,16.796321],[104.080991,16.800859],[104.087822,16.804774],[104.091202,16.810916],[104.09193880302426,16.809663334885474],[104.091323,16.801793],[104.091371,16.797619],[104.092346,16.794704],[104.094276,16.79033],[104.098713,16.784213],[104.094299,16.782994],[104.091762,16.781966],[104.090003,16.78094],[104.087538,16.778313],[104.080522,16.768856],[104.078179,16.765112],[104.073125,16.759565],[104.072405,16.758045],[104.071847,16.75587],[104.07097,16.754811],[104.071599,16.751206],[104.071219,16.75088],[104.071175,16.750384],[104.069951,16.749583],[104.069071,16.749789],[104.068934,16.74947],[104.068249,16.749465],[104.067555,16.7499],[104.06725,16.749851],[104.066666,16.749084],[104.067442,16.747932]]],[[[104.091939,16.809663],[104.09193880302426,16.809663334885474],[104.091943,16.809723],[104.091939,16.809663]]]]},"bbox":[104.02037,16.710755,104.098713,16.810916]},{"type":"Feature","id":"33bd7414-051c-425f-a522-2324ad777ea2","properties":{"id":"33bd7414-051c-425f-a522-2324ad777ea2","code":"06461703","provinceCode":"46","nameTh":"องค์การบริหารส่วนตำบล ดงพยุง","nameEn":null,"geometryType":"MUNICIPALITY","sourceUrl":"https://landometer.com/api/v2/citymeter-v3/grocery/info/geom/33bd7414-051c-425f-a522-2324ad777ea2/MUNICIPALITY","sourceSha256":"e4356f9601e8360593b8ff66621992729487b01b3e2d5444b10aec5fda434add","retrievedAt":"2026-10-04T05:43:30.537468+00:00","boundaryVintage":null,"geometryStatus":"native_source_polygon_display_simplified","simplificationToleranceDegrees":0.00015,"simplificationPreservesTopology":true,"invalidSourceRepair":"make_valid; retain polygonal components; discard zero-area collapsed lines","legalBoundaryIndependentlyVerified":false,"areaId":"33bd7414-051c-425f-a522-2324ad777ea2"},"geometry":{"type":"Polygon","coordinates":[[[103.723698,16.498844],[103.713189,16.495275],[103.692014,16.494713],[103.68345,16.492428],[103.674331,16.49389],[103.672888,16.496381],[103.666472,16.49626],[103.662541,16.4996],[103.661237,16.503582],[103.658767,16.503282],[103.658678,16.503534],[103.659609,16.505224],[103.661511,16.507663],[103.662575,16.507572],[103.662756,16.508121],[103.663771,16.508319],[103.664213,16.509035],[103.664469,16.510031],[103.664333,16.511818],[103.664621,16.512629],[103.664673,16.513906],[103.665565,16.516569],[103.665152,16.517619],[103.664651,16.525603],[103.665387,16.532399],[103.669337,16.540017],[103.669916,16.540302],[103.676039,16.541498],[103.676335,16.542321],[103.67639,16.54376],[103.677884,16.544628],[103.678281,16.543979],[103.681331,16.543733],[103.683835,16.544112],[103.683807,16.545072],[103.683274,16.545007],[103.683408,16.545454],[103.682553,16.545572],[103.68229,16.54599],[103.682419,16.54634],[103.681945,16.546417],[103.682229,16.546661],[103.681909,16.54712],[103.682626,16.547612],[103.682285,16.547252],[103.682316,16.546754],[103.682645,16.54662],[103.682961,16.545993],[103.684851,16.545632],[103.685358,16.545732],[103.685983,16.546289],[103.686,16.545623],[103.686586,16.545364],[103.687261,16.545507],[103.687578,16.544893],[103.689821,16.543323],[103.691164,16.543453],[103.691987,16.54394],[103.692777,16.545805],[103.692629,16.547645],[103.693867,16.548134],[103.694202,16.5485],[103.694327,16.550339],[103.694101,16.55087],[103.693527,16.55134],[103.692062,16.551663],[103.690777,16.551571],[103.690218,16.55197],[103.690139,16.552225],[103.689644,16.55193],[103.68978,16.552103],[103.689436,16.552174],[103.689745,16.552572],[103.689315,16.552433],[103.689128,16.552827],[103.689324,16.552474],[103.689789,16.552644],[103.689661,16.552218],[103.690241,16.552256],[103.690803,16.551646],[103.691222,16.552238],[103.692847,16.552679],[103.694275,16.554211],[103.694882,16.554557],[103.695146,16.554502],[103.695938,16.55345],[103.696895,16.553288],[103.698545,16.553642],[103.699812,16.554372],[103.700428,16.556153],[103.699383,16.558321],[103.700169,16.558037],[103.701028,16.558181],[103.702247,16.559084],[103.702353,16.559828],[103.701044,16.561797],[103.700387,16.562118],[103.700307,16.562496],[103.699594,16.562766],[103.699755,16.563183],[103.700251,16.563334],[103.699757,16.563635],[103.699811,16.563913],[103.699808,16.563715],[103.700601,16.563289],[103.700921,16.562698],[103.703176,16.561759],[103.70384,16.56171],[103.70407,16.561171],[103.705163,16.560516],[103.705553,16.560715],[103.705646,16.561428],[103.704882,16.56213],[103.705529,16.562859],[103.70564,16.564837],[103.704574,16.566955],[103.704403,16.568928],[103.706126,16.568107],[103.706665,16.566941],[103.70746,16.56636],[103.711766,16.56551],[103.715783,16.565778],[103.718856,16.564615],[103.722307,16.566023],[103.726951,16.56648],[103.727644,16.565783],[103.727721,16.563971],[103.728328,16.563541],[103.729457,16.56184],[103.732197,16.561056],[103.732314,16.558845],[103.731214,16.558651],[103.731814,16.557392],[103.732584,16.556774],[103.733658,16.554246],[103.740413,16.54973],[103.74258,16.547798],[103.746443,16.54366],[103.747977,16.54272],[103.749389,16.540878],[103.749953,16.539703],[103.751504,16.539595],[103.751378,16.538984],[103.7526,16.538419],[103.754801,16.536672],[103.757452,16.53317],[103.756392,16.533464],[103.756106,16.533191],[103.756699,16.532512],[103.754481,16.526607],[103.735283,16.50895],[103.73475,16.508491],[103.726388,16.505887],[103.724927,16.499869],[103.723698,16.498844]]]},"bbox":[103.658678,16.492428,103.757452,16.568928]},{"type":"Feature","id":"b280edf3-be41-499d-b8aa-74633cd09220","properties":{"id":"b280edf3-be41-499d-b8aa-74633cd09220","code":"06461704","provinceCode":"46","nameTh":"องค์การบริหารส่วนตำบล นาจำปา","nameEn":null,"geometryType":"MUNICIPALITY","sourceUrl":"https://landometer.com/api/v2/citymeter-v3/grocery/info/geom/b280edf3-be41-499d-b8aa-74633cd09220/MUNICIPALITY","sourceSha256":"4c73e4ac50c47b9cb3bb8532d733065c98267b451793defab977ca25f990dbe2","retrievedAt":"2026-10-04T05:43:30.535847+00:00","boundaryVintage":null,"geometryStatus":"native_source_polygon_display_simplified","simplificationToleranceDegrees":0.00015,"simplificationPreservesTopology":true,"invalidSourceRepair":"make_valid; retain polygonal components; discard zero-area collapsed lines","legalBoundaryIndependentlyVerified":false,"areaId":"b280edf3-be41-499d-b8aa-74633cd09220"},"geometry":{"type":"MultiPolygon","coordinates":[[[[103.738455,16.47304],[103.7391258766249,16.47334543105127],[103.739126,16.473345],[103.738455,16.47304]]],[[[103.737959,16.473225],[103.733227,16.468646],[103.722252,16.46582],[103.719316,16.461004],[103.710082,16.46485],[103.697158,16.463517],[103.695587,16.464337],[103.691539,16.464643],[103.691248,16.464604],[103.687025,16.456089],[103.684643,16.454397],[103.676441,16.453873],[103.668826,16.458092],[103.668833,16.458662],[103.670904,16.458851],[103.668556,16.464677],[103.669369,16.46763],[103.674363,16.467773],[103.679966,16.464915],[103.681806,16.465875],[103.67885,16.469703],[103.678802,16.478257],[103.672601,16.476739],[103.668974,16.479126],[103.671425,16.480696],[103.669527,16.48396],[103.674927,16.487787],[103.675034,16.492677],[103.674331,16.49389],[103.68345,16.492428],[103.692014,16.494713],[103.713189,16.495275],[103.723698,16.498844],[103.724927,16.499869],[103.726388,16.505887],[103.73475,16.508491],[103.754481,16.526607],[103.756699,16.532512],[103.756106,16.533191],[103.756392,16.533464],[103.757364,16.53327],[103.756375,16.534404],[103.756583,16.534447],[103.759003,16.532662],[103.760679,16.53204],[103.762799,16.530548],[103.763978,16.530183],[103.764559,16.530411],[103.765484,16.531898],[103.767795,16.532244],[103.768165,16.531004],[103.767828,16.530022],[103.767784,16.52872],[103.769464,16.527836],[103.769667,16.527457],[103.769459,16.524095],[103.769964,16.519714],[103.772417,16.516664],[103.776814,16.512799],[103.777146,16.512055],[103.776877,16.511452],[103.776146,16.512055],[103.773536,16.509714],[103.77159,16.503133],[103.771448,16.496125],[103.765453,16.491245],[103.760027,16.490641],[103.751632,16.487977],[103.753937,16.480825],[103.748366,16.473491],[103.742837,16.475035],[103.7391258766249,16.47334543105127],[103.739045,16.473628],[103.737959,16.473225]]]]},"bbox":[103.668556,16.453873,103.777146,16.534454]},{"type":"Feature","id":"a904026b-1c34-48cb-8166-341250a66c49","properties":{"id":"a904026b-1c34-48cb-8166-341250a66c49","code":"06461705","provinceCode":"46","nameTh":"องค์การบริหารส่วนตำบล สะอาดไชยศรี","nameEn":null,"geometryType":"MUNICIPALITY","sourceUrl":"https://landometer.com/api/v2/citymeter-v3/grocery/info/geom/a904026b-1c34-48cb-8166-341250a66c49/MUNICIPALITY","sourceSha256":"a18b60b4060ede20c42941dbfcdcc42762bf3f99a985eaedeb53d900fb145528","retrievedAt":"2026-10-04T05:43:30.546441+00:00","boundaryVintage":null,"geometryStatus":"native_source_polygon_display_simplified","simplificationToleranceDegrees":0.00015,"simplificationPreservesTopology":true,"invalidSourceRepair":"make_valid; retain polygonal components; discard zero-area collapsed lines","legalBoundaryIndependentlyVerified":false,"areaId":"a904026b-1c34-48cb-8166-341250a66c49"},"geometry":{"type":"MultiPolygon","coordinates":[[[[103.745995,16.413796],[103.742259,16.41105],[103.74192502846172,16.411913751378417],[103.745995,16.413796]]],[[[103.71402572756972,16.43365512300446],[103.714154,16.431592],[103.713787,16.437491],[103.71402572756972,16.43365512300446]]],[[[103.741839,16.418322],[103.719386,16.430639],[103.714184,16.431112],[103.71402572756972,16.43365512300446],[103.713582,16.440792],[103.71636,16.443059],[103.719327,16.450941],[103.728771,16.454448],[103.733871,16.453661],[103.735411,16.460172],[103.73667,16.461437],[103.737818,16.470347],[103.738455,16.47304],[103.742837,16.475035],[103.748366,16.473491],[103.753937,16.480825],[103.751632,16.487977],[103.760027,16.490641],[103.765453,16.491245],[103.771448,16.496125],[103.77159,16.503133],[103.773536,16.509714],[103.776146,16.512055],[103.776877,16.511452],[103.777146,16.512055],[103.776814,16.512799],[103.772715,16.516478],[103.777434,16.513693],[103.779804,16.512587],[103.780621,16.511644],[103.784178,16.510658],[103.7843,16.509484],[103.785395,16.508922],[103.792905,16.503535],[103.794658,16.501277],[103.797278,16.501764],[103.799746,16.501043],[103.800751,16.50194],[103.801826,16.501966],[103.803171,16.500922],[103.804652,16.500469],[103.806377,16.498978],[103.807277,16.496991],[103.808623,16.495788],[103.810172,16.495539],[103.813016,16.496149],[103.815478,16.495507],[103.816281,16.495116],[103.816645,16.494253],[103.817942,16.492493],[103.819162,16.491866],[103.821076,16.492961],[103.82352,16.492764],[103.825881,16.493449],[103.827117,16.493511],[103.828811,16.491882],[103.829832,16.489822],[103.832005,16.489048],[103.82994,16.488422],[103.826904,16.487939],[103.821736,16.487613],[103.820125,16.487279],[103.815959,16.485642],[103.813741,16.484126],[103.813256,16.483519],[103.812581,16.482437],[103.812462,16.481468],[103.812708,16.480397],[103.81323,16.479597],[103.814035,16.478706],[103.818828,16.475492],[103.819957,16.474496],[103.821264,16.472878],[103.822838,16.470103],[103.816419,16.468848],[103.815728,16.468103],[103.814639,16.46767],[103.81287,16.466045],[103.81277,16.465675],[103.811794,16.465072],[103.811389,16.464153],[103.810404,16.463776],[103.809698,16.462404],[103.810315,16.462162],[103.809742,16.461294],[103.810318,16.460875],[103.810358,16.460324],[103.809733,16.459837],[103.809542,16.459056],[103.80868,16.458593],[103.807944,16.456367],[103.807433,16.456214],[103.806739,16.45552],[103.806647,16.454698],[103.806333,16.454254],[103.804252,16.45297],[103.803555,16.453057],[103.802402,16.452612],[103.802721,16.452148],[103.802401,16.452139],[103.802336,16.45164],[103.801966,16.451759],[103.801054,16.451453],[103.800856,16.450867],[103.799953,16.450788],[103.799677,16.450193],[103.800007,16.449808],[103.799456,16.449371],[103.799019,16.449481],[103.799075,16.449098],[103.798234,16.449132],[103.798113,16.448781],[103.797435,16.448998],[103.797199,16.448636],[103.796579,16.448787],[103.79605,16.448051],[103.79528,16.447723],[103.795023,16.447827],[103.795181,16.448183],[103.79425,16.448175],[103.793762,16.447135],[103.793839,16.44673],[103.793043,16.446401],[103.793039,16.445797],[103.792515,16.445395],[103.791908,16.445494],[103.791665,16.445144],[103.790942,16.445054],[103.790818,16.44483],[103.791103,16.444747],[103.791084,16.444459],[103.790596,16.44396],[103.790011,16.443865],[103.790105,16.444348],[103.789707,16.444426],[103.789486,16.444332],[103.789554,16.44406],[103.789137,16.444303],[103.788466,16.443916],[103.788243,16.444148],[103.787896,16.443745],[103.787133,16.443507],[103.786128,16.443659],[103.784882,16.44071],[103.783825,16.440218],[103.78285,16.43942],[103.782975,16.437719],[103.782379,16.43695],[103.780905,16.437511],[103.77977,16.436153],[103.778409,16.436325],[103.777872,16.435905],[103.777099,16.436198],[103.776266,16.435916],[103.775384,16.436072],[103.775058,16.435757],[103.773853,16.435516],[103.773973,16.435099],[103.773625,16.434734],[103.773705,16.434226],[103.772937,16.433318],[103.771065,16.431946],[103.770357,16.432053],[103.769849,16.431797],[103.770062,16.431222],[103.769553,16.430231],[103.769672,16.429379],[103.769193,16.429184],[103.769026,16.428576],[103.768657,16.428398],[103.769035,16.427686],[103.768761,16.427188],[103.768992,16.426045],[103.768516,16.425445],[103.768515,16.424949],[103.767614,16.424924],[103.766712,16.4242],[103.766297,16.424493],[103.765935,16.423681],[103.764315,16.423429],[103.763223,16.422428],[103.760867,16.422433],[103.75962,16.421679],[103.758856,16.421792],[103.75897,16.420969],[103.758397,16.420311],[103.75842,16.419919],[103.757027,16.419434],[103.749763,16.415648],[103.746747,16.41439],[103.745995,16.413796],[103.741925,16.411914],[103.741052,16.41151],[103.738673,16.415546],[103.741839,16.418322]]]]},"bbox":[103.713582,16.41105,103.832005,16.516478]},{"type":"Feature","id":"0e043f99-0f66-4090-80b5-1180d55b493b","properties":{"id":"0e043f99-0f66-4090-80b5-1180d55b493b","code":"06461802","provinceCode":"46","nameTh":"องค์การบริหารส่วนตำบล โคกสะอาด","nameEn":null,"geometryType":"MUNICIPALITY","sourceUrl":"https://landometer.com/api/v2/citymeter-v3/grocery/info/geom/0e043f99-0f66-4090-80b5-1180d55b493b/MUNICIPALITY","sourceSha256":"29bf7eec949eac0d264259b85aa40a4d652e490415b9a9d865cdf59e2a33583d","retrievedAt":"2026-10-04T05:43:30.559947+00:00","boundaryVintage":null,"geometryStatus":"native_source_polygon_display_simplified","simplificationToleranceDegrees":0.00015,"simplificationPreservesTopology":true,"invalidSourceRepair":"make_valid; retain polygonal components; discard zero-area collapsed lines","legalBoundaryIndependentlyVerified":false,"areaId":"0e043f99-0f66-4090-80b5-1180d55b493b"},"geometry":{"type":"MultiPolygon","coordinates":[[[[103.45602882754143,16.27699933020493],[103.456029,16.277],[103.456152,16.277047],[103.45602882754143,16.27699933020493]]],[[[103.415565,16.239398],[103.414903,16.238992],[103.414259,16.239695],[103.413959,16.239705],[103.413948,16.240211],[103.413408,16.240469],[103.413395,16.241317],[103.412864,16.242826],[103.41207,16.243812],[103.411679,16.245712],[103.411359,16.246012],[103.411481,16.246716],[103.410804,16.246773],[103.411038,16.24725],[103.410308,16.248509],[103.410541,16.249281],[103.410277,16.249808],[103.408834,16.250106],[103.408995,16.251591],[103.408503,16.251531],[103.408579,16.252219],[103.407794,16.252238],[103.406776,16.253725],[103.406547,16.254364],[103.406772,16.255203],[103.40633,16.255344],[103.405187,16.255083],[103.404428,16.25677],[103.409411,16.262386],[103.409231,16.26532],[103.408086,16.266979],[103.407065,16.269716],[103.407407,16.272612],[103.408575,16.274534],[103.412101,16.277913],[103.412709,16.278923],[103.413082,16.281234],[103.412359,16.282663],[103.411334,16.2839],[103.411611,16.284237],[103.411318,16.285813],[103.411073,16.286002],[103.411617,16.287071],[103.411697,16.288342],[103.413726,16.296159],[103.417735,16.306363],[103.421379,16.312763],[103.422033,16.313571],[103.423449,16.31462],[103.430088,16.317144],[103.438797,16.319226],[103.451236,16.319377],[103.453473,16.320355],[103.457236,16.322475],[103.461999,16.325744],[103.46437,16.327732],[103.462342,16.324467],[103.463776,16.321987],[103.463486,16.313053],[103.462486,16.313049],[103.46253171573085,16.312049630843855],[103.461499,16.312046],[103.46192,16.310984],[103.462613,16.310424],[103.463641,16.310234],[103.458858,16.295122],[103.452546,16.276692],[103.45262,16.275994],[103.45311,16.275917],[103.45602882754143,16.27699933020493],[103.454041,16.269279],[103.448707,16.258528],[103.416403,16.245213],[103.415411,16.239391],[103.415565,16.239398]]],[[[103.462532,16.312049],[103.46253171573085,16.312049630843855],[103.46349,16.312053],[103.462532,16.312049]]]]},"bbox":[103.404428,16.238992,103.46437,16.327732]},{"type":"Feature","id":"ac446b61-97c0-4ef9-a360-9d0973e067b9","properties":{"id":"ac446b61-97c0-4ef9-a360-9d0973e067b9","code":"06461803","provinceCode":"46","nameTh":"องค์การบริหารส่วนตำบล โนนศิลาเลิง","nameEn":null,"geometryType":"MUNICIPALITY","sourceUrl":"https://landometer.com/api/v2/citymeter-v3/grocery/info/geom/ac446b61-97c0-4ef9-a360-9d0973e067b9/MUNICIPALITY","sourceSha256":"d481e7cfd9635ea9b1bf465ac5386fec82e6d9ba03b83fbf682d969480f77672","retrievedAt":"2026-10-04T05:43:30.587506+00:00","boundaryVintage":null,"geometryStatus":"native_source_polygon_display_simplified","simplificationToleranceDegrees":0.00015,"simplificationPreservesTopology":true,"invalidSourceRepair":"make_valid; retain polygonal components; discard zero-area collapsed lines","legalBoundaryIndependentlyVerified":false,"areaId":"ac446b61-97c0-4ef9-a360-9d0973e067b9"},"geometry":{"type":"Polygon","coordinates":[[[103.462342,16.324467],[103.467437,16.33198],[103.468859,16.333284],[103.47026,16.334029],[103.472588,16.334701],[103.473947,16.333576],[103.474963,16.333323],[103.475692,16.333506],[103.476251,16.334113],[103.475885,16.335991],[103.476048,16.336496],[103.477001,16.337044],[103.47924,16.337704],[103.482141,16.340023],[103.48302,16.339966],[103.486149,16.338324],[103.48745,16.338013],[103.489555,16.338001],[103.491471,16.338501],[103.493436,16.33967],[103.494372,16.3406],[103.495929,16.343221],[103.496532,16.343739],[103.497391,16.344052],[103.500238,16.343844],[103.503738,16.342043],[103.507069,16.341638],[103.50854,16.341124],[103.509729,16.341013],[103.511152,16.340228],[103.512247,16.340762],[103.513459,16.342689],[103.514725,16.342224],[103.515056,16.342519],[103.51503,16.343169],[103.515425,16.343279],[103.516507,16.342563],[103.517344,16.342843],[103.518206,16.34051],[103.517932,16.338424],[103.518027,16.334616],[103.517306,16.332226],[103.517302,16.329958],[103.517561,16.328837],[103.518331,16.327209],[103.518394,16.32659],[103.520415,16.325525],[103.522657,16.323936],[103.523306,16.320022],[103.523801,16.319838],[103.523858,16.317587],[103.522376,16.317129],[103.517862,16.314942],[103.49797,16.301123],[103.46398,16.311246],[103.463641,16.310234],[103.462613,16.310424],[103.46192,16.310984],[103.461499,16.312046],[103.462532,16.312049],[103.462829,16.311401],[103.462459,16.312211],[103.462486,16.313049],[103.463486,16.313053],[103.463458,16.312178],[103.463776,16.321987],[103.462342,16.324467]]]},"bbox":[103.461499,16.301123,103.523887,16.344135]},{"type":"Feature","id":"2403cf4c-e838-464e-a225-15128709c395","properties":{"id":"2403cf4c-e838-464e-a225-15128709c395","code":"06461804","provinceCode":"46","nameTh":"องค์การบริหารส่วนตำบล ลำชี","nameEn":null,"geometryType":"MUNICIPALITY","sourceUrl":"https://landometer.com/api/v2/citymeter-v3/grocery/info/geom/2403cf4c-e838-464e-a225-15128709c395/MUNICIPALITY","sourceSha256":"969b7ab54c2f5eccf6ba5a7b2dda085cd89f7e04010f8e8cb6ac6a80013d60f3","retrievedAt":"2026-10-04T05:43:30.581084+00:00","boundaryVintage":null,"geometryStatus":"native_source_polygon_display_simplified","simplificationToleranceDegrees":0.00015,"simplificationPreservesTopology":true,"invalidSourceRepair":"make_valid; retain polygonal components; discard zero-area collapsed lines","legalBoundaryIndependentlyVerified":false,"areaId":"2403cf4c-e838-464e-a225-15128709c395"},"geometry":{"type":"Polygon","coordinates":[[[103.496065,16.208161],[103.495621,16.207851],[103.495396,16.207302],[103.495729,16.204793],[103.4954,16.203613],[103.494437,16.202905],[103.492299,16.20266],[103.49089,16.20311],[103.490396,16.20371],[103.489229,16.206336],[103.488183,16.207131],[103.487009,16.207181],[103.484705,16.205684],[103.483467,16.205378],[103.482432,16.205846],[103.48111,16.208058],[103.480537,16.208312],[103.479693,16.208267],[103.478918,16.207513],[103.477676,16.204709],[103.471893,16.197569],[103.471676,16.196809],[103.472339,16.193794],[103.47215,16.19287],[103.471748,16.192268],[103.471253,16.192066],[103.470347,16.192161],[103.46775,16.193901],[103.466616,16.193885],[103.466054,16.193334],[103.465299,16.190857],[103.464571,16.189796],[103.463564,16.189085],[103.460373,16.188074],[103.45857,16.187176],[103.457605,16.186291],[103.456586,16.184091],[103.455299,16.182558],[103.453978,16.181802],[103.453309,16.181673],[103.452505,16.181886],[103.452023,16.182235],[103.451627,16.183055],[103.451255,16.186325],[103.450905,16.187422],[103.44835,16.190481],[103.448097,16.191095],[103.448165,16.191747],[103.448653,16.192212],[103.449421,16.19216],[103.452543,16.1901],[103.454392,16.189544],[103.45504,16.189648],[103.455695,16.190086],[103.456046,16.191012],[103.455874,16.191732],[103.453609,16.193306],[103.451979,16.195559],[103.450166,16.196341],[103.445605,16.19657],[103.444552,16.197306],[103.444167,16.198315],[103.444711,16.19939],[103.44841,16.201516],[103.449572,16.202491],[103.450587,16.204033],[103.45057,16.20478],[103.449827,16.205298],[103.446852,16.204657],[103.441336,16.204961],[103.440493,16.205306],[103.44019,16.206079],[103.440335,16.206793],[103.441608,16.209226],[103.442513,16.210201],[103.444163,16.211074],[103.447559,16.21192],[103.448473,16.212701],[103.448452,16.213393],[103.447994,16.21377],[103.445043,16.21424],[103.444149,16.21471],[103.443498,16.21545],[103.442999,16.216613],[103.443095,16.217293],[103.443517,16.217741],[103.444489,16.217691],[103.447165,16.216961],[103.447832,16.217181],[103.448165,16.217625],[103.448176,16.218499],[103.446642,16.220768],[103.44616,16.222126],[103.44618,16.222708],[103.447485,16.226171],[103.4471,16.227551],[103.447238,16.236324],[103.449965,16.237452],[103.451421,16.235482],[103.461267,16.233811],[103.463603,16.233871],[103.468817,16.237654],[103.475928,16.237212],[103.487303,16.228014],[103.505386,16.218729],[103.514282,16.223647],[103.54247,16.227797],[103.547651,16.229763],[103.549234,16.229366],[103.549763,16.228413],[103.550118,16.224689],[103.549431,16.224107],[103.548353,16.224153],[103.547904,16.223932],[103.54704,16.219872],[103.547653,16.217663],[103.547875,16.21376],[103.545603,16.213826],[103.54242,16.213414],[103.538383,16.211495],[103.537178,16.211432],[103.535232,16.212886],[103.535216,16.214302],[103.535942,16.215469],[103.53732,16.216836],[103.539246,16.217987],[103.540899,16.218301],[103.541236,16.218569],[103.541461,16.22001],[103.540855,16.222045],[103.540442,16.22241],[103.539901,16.222461],[103.536758,16.220392],[103.534008,16.220151],[103.532794,16.21964],[103.531649,16.218217],[103.530864,16.216602],[103.530546,16.21533],[103.530505,16.212677],[103.529273,16.209544],[103.528366,16.208669],[103.52574,16.207454],[103.525268,16.20696],[103.525259,16.205278],[103.525976,16.203109],[103.525892,16.202112],[103.525502,16.201584],[103.524775,16.201357],[103.5223,16.201962],[103.52154,16.201579],[103.521337,16.200428],[103.522006,16.197938],[103.522038,16.19681],[103.521397,16.195902],[103.520269,16.195348],[103.517777,16.194954],[103.516611,16.195211],[103.515676,16.196246],[103.514856,16.199027],[103.514236,16.199911],[103.513617,16.20027],[103.512632,16.200218],[103.510528,16.198091],[103.509095,16.197666],[103.507473,16.198052],[103.504928,16.199257],[103.502281,16.199651],[103.501654,16.199952],[103.50069,16.201281],[103.5006,16.202422],[103.501216,16.203547],[103.503372,16.206083],[103.503999,16.207636],[103.503949,16.208343],[103.503638,16.20865],[103.503138,16.208655],[103.500889,16.207506],[103.499932,16.207258],[103.498571,16.207554],[103.497319,16.208212],[103.496065,16.208161]]]},"bbox":[103.44019,16.181673,103.550154,16.237654]},{"type":"Feature","id":"c221d9e9-7f81-453c-baca-530fb388e5c8","properties":{"id":"c221d9e9-7f81-453c-baca-530fb388e5c8","code":"06461805","provinceCode":"46","nameTh":"องค์การบริหารส่วนตำบล เหล่ากลาง","nameEn":null,"geometryType":"MUNICIPALITY","sourceUrl":"https://landometer.com/api/v2/citymeter-v3/grocery/info/geom/c221d9e9-7f81-453c-baca-530fb388e5c8/MUNICIPALITY","sourceSha256":"839f9eb19b5343d81b60c27700e157102abf7f3873cfaa718da5d6d9ca3122db","retrievedAt":"2026-10-04T05:43:30.575171+00:00","boundaryVintage":null,"geometryStatus":"native_source_polygon_display_simplified","simplificationToleranceDegrees":0.00015,"simplificationPreservesTopology":true,"invalidSourceRepair":"make_valid; retain polygonal components; discard zero-area collapsed lines","legalBoundaryIndependentlyVerified":false,"areaId":"c221d9e9-7f81-453c-baca-530fb388e5c8"},"geometry":{"type":"MultiPolygon","coordinates":[[[[103.54826,16.230941],[103.549332,16.230222],[103.549234,16.229366],[103.547651,16.229763],[103.54247,16.227797],[103.514282,16.223647],[103.505386,16.218729],[103.487303,16.228014],[103.480487,16.233582],[103.485479,16.23047],[103.490739,16.229952],[103.493737,16.232069],[103.494165,16.237185],[103.496479,16.237638],[103.4952,16.243613],[103.497669,16.244339],[103.497549,16.25127],[103.49476,16.258932],[103.498119,16.271994],[103.496842,16.271042],[103.497151,16.272243],[103.497554,16.272819],[103.50228594947089,16.27601998709895],[103.509832,16.267994],[103.50978,16.267129],[103.511834,16.266381],[103.513057,16.265386],[103.519367,16.268318],[103.519208,16.269393],[103.520476,16.26978],[103.522636,16.269651],[103.522843,16.27079],[103.525225,16.270405],[103.527297,16.270614],[103.528,16.270523],[103.529401,16.269859],[103.529795,16.268316],[103.529277,16.267002],[103.536981,16.263109],[103.537122,16.261951],[103.536692,16.26025],[103.538858,16.259367],[103.538421,16.255657],[103.538838,16.255455],[103.538776,16.254095],[103.539604,16.253836],[103.54002,16.251879],[103.539786,16.25134],[103.539968,16.249594],[103.539752,16.247553],[103.540864,16.244169],[103.542396,16.244076],[103.542513,16.24064],[103.542281,16.237448],[103.542786,16.234829],[103.544875,16.233451],[103.545782,16.233574],[103.546674,16.232386],[103.547328,16.232265],[103.548061,16.232484],[103.547975,16.231682],[103.54826,16.230941]]],[[[103.502286,16.27602],[103.50228594947089,16.27601998709895],[103.501317,16.277051],[103.502286,16.27602]]]]},"bbox":[103.480487,16.218729,103.549347,16.277051]}]}
