{"type":"FeatureCollection","metadata":{"provinceCode":"55","source":"CityMETER native source fine polygons","retrievedAt":"2026-10-04T05:48:04.465006+00:00","total":99,"retrieved":99,"displaySimplificationToleranceDegrees":0.00015,"legalBoundaryIndependentlyVerified":false},"features":[{"type":"Feature","id":"e70180c9-a7cf-4df1-88ca-eb7c8a029ff7","properties":{"id":"e70180c9-a7cf-4df1-88ca-eb7c8a029ff7","code":"04550102","provinceCode":"55","nameTh":"เทศบาลเมือง น่าน","nameEn":null,"geometryType":"MUNICIPALITY","sourceUrl":"https://landometer.com/api/v2/citymeter-v3/grocery/info/geom/e70180c9-a7cf-4df1-88ca-eb7c8a029ff7/MUNICIPALITY","sourceSha256":"7a54652457fc231b15accae2583dc796272449b85e48fbba466168ad44c8a010","retrievedAt":"2026-10-04T05:43:53.790418+00:00","boundaryVintage":null,"geometryStatus":"native_source_polygon_display_simplified","simplificationToleranceDegrees":0.00015,"simplificationPreservesTopology":true,"invalidSourceRepair":"make_valid; retain polygonal components; discard zero-area collapsed lines","legalBoundaryIndependentlyVerified":false,"areaId":"e70180c9-a7cf-4df1-88ca-eb7c8a029ff7"},"geometry":{"type":"Polygon","coordinates":[[[100.779366,18.79495],[100.785711,18.806173],[100.78612,18.805666],[100.79403,18.80094],[100.792016,18.798787],[100.791062,18.796044],[100.790901,18.792522],[100.791411,18.789925],[100.79108,18.788536],[100.789148,18.785752],[100.786665,18.78341],[100.784684,18.780938],[100.783162,18.778637],[100.782199,18.776649],[100.781258,18.775895],[100.777528,18.773867],[100.775778,18.772415],[100.774821,18.771065],[100.773821,18.768063],[100.773046,18.767223],[100.771188,18.766487],[100.767531,18.765977],[100.766686,18.765644],[100.76585,18.764935],[100.764745,18.767535],[100.767294,18.770526],[100.764961,18.770928],[100.762521,18.773926],[100.76347,18.776642],[100.779719,18.792835],[100.779366,18.79495]]]},"bbox":[100.762521,18.764935,100.79403,18.806173]},{"type":"Feature","id":"74feacc8-8b03-4cd9-943e-15460e67ecb9","properties":{"id":"74feacc8-8b03-4cd9-943e-15460e67ecb9","code":"05550103","provinceCode":"55","nameTh":"เทศบาลตำบล ดู่ใต้","nameEn":null,"geometryType":"MUNICIPALITY","sourceUrl":"https://landometer.com/api/v2/citymeter-v3/grocery/info/geom/74feacc8-8b03-4cd9-943e-15460e67ecb9/MUNICIPALITY","sourceSha256":"241ae0ca2944654647665278bb307902f75898e45c4b680996a9074f4ff64561","retrievedAt":"2026-10-04T05:43:53.798595+00:00","boundaryVintage":null,"geometryStatus":"native_source_polygon_display_simplified","simplificationToleranceDegrees":0.00015,"simplificationPreservesTopology":true,"invalidSourceRepair":"make_valid; retain polygonal components; discard zero-area collapsed lines","legalBoundaryIndependentlyVerified":false,"areaId":"74feacc8-8b03-4cd9-943e-15460e67ecb9"},"geometry":{"type":"Polygon","coordinates":[[[100.762564,18.774958],[100.763171,18.775785],[100.762521,18.773926],[100.764961,18.770928],[100.767294,18.770526],[100.764745,18.767535],[100.76585,18.764935],[100.766231,18.761776],[100.767669,18.759855],[100.768075,18.756782],[100.770543,18.751758],[100.77072,18.750891],[100.770574,18.750087],[100.770102,18.74942],[100.768959,18.748908],[100.767227,18.748937],[100.766321,18.747819],[100.765761,18.746398],[100.765057,18.742109],[100.764055,18.740785],[100.762996,18.740222],[100.761692,18.740069],[100.760741,18.740309],[100.759303,18.741167],[100.757822,18.741259],[100.756884,18.740773],[100.756204,18.739564],[100.756125,18.738186],[100.756673,18.736364],[100.75852,18.735087],[100.761178,18.734623],[100.761978,18.733687],[100.762386,18.73208],[100.762479,18.73025],[100.76147,18.726334],[100.763386,18.722843],[100.764728,18.721138],[100.765503,18.71893],[100.765508,18.717055],[100.764975,18.716026],[100.763376,18.71473],[100.76174,18.714244],[100.758547,18.715982],[100.757791,18.718215],[100.759147,18.721983],[100.756859,18.723887],[100.753519,18.719332],[100.753333,18.715958],[100.759075,18.705049],[100.755264,18.702053],[100.749634,18.701679],[100.748628,18.697376],[100.745246,18.696265],[100.718038,18.70349],[100.705846,18.702683],[100.70502,18.716706],[100.707805,18.721051],[100.712408,18.722207],[100.716165,18.728066],[100.725843,18.729129],[100.734781,18.734251],[100.734201,18.740973],[100.734418,18.740939],[100.736782,18.750522],[100.733529,18.754063],[100.738366,18.752362],[100.740773,18.754963],[100.739755,18.763391],[100.742248,18.766616],[100.743987,18.773889],[100.749088,18.774966],[100.747052,18.778551],[100.750701,18.779709],[100.758224,18.776508],[100.76157,18.776664],[100.762564,18.774958]]]},"bbox":[100.70502,18.696265,100.770726,18.779709]},{"type":"Feature","id":"afbf51fc-4ef1-4872-bc1b-586269a544a6","properties":{"id":"afbf51fc-4ef1-4872-bc1b-586269a544a6","code":"05550111","provinceCode":"55","nameTh":"เทศบาลตำบล กองควาย","nameEn":null,"geometryType":"MUNICIPALITY","sourceUrl":"https://landometer.com/api/v2/citymeter-v3/grocery/info/geom/afbf51fc-4ef1-4872-bc1b-586269a544a6/MUNICIPALITY","sourceSha256":"c9c56e046283c99256af7323d9d686248e0c42092fd4cd752f52c9b16f1483bf","retrievedAt":"2026-10-04T05:43:53.788569+00:00","boundaryVintage":null,"geometryStatus":"native_source_polygon_display_simplified","simplificationToleranceDegrees":0.00015,"simplificationPreservesTopology":true,"invalidSourceRepair":"make_valid; retain polygonal components; discard zero-area collapsed lines","legalBoundaryIndependentlyVerified":false,"areaId":"afbf51fc-4ef1-4872-bc1b-586269a544a6"},"geometry":{"type":"Polygon","coordinates":[[[100.72077,18.679198],[100.718392,18.681009],[100.717557,18.681966],[100.716333,18.68374],[100.714815,18.686772],[100.713671,18.690037],[100.713057,18.693126],[100.711142,18.696027],[100.710841,18.699076],[100.710231,18.699751],[100.709231,18.700348],[100.706294,18.701535],[100.705846,18.702683],[100.718038,18.70349],[100.745246,18.696265],[100.748591,18.697221],[100.745819,18.696429],[100.748628,18.697376],[100.749634,18.701679],[100.755264,18.702053],[100.759075,18.705049],[100.753333,18.715958],[100.753519,18.719332],[100.756859,18.723887],[100.759147,18.721983],[100.757727,18.718403],[100.758353,18.719981],[100.757791,18.718215],[100.758547,18.715982],[100.761732,18.71434],[100.761279,18.714238],[100.761147,18.713679],[100.761027,18.711127],[100.76323,18.709827],[100.765341,18.709195],[100.766385,18.709082],[100.767234,18.709242],[100.767841,18.709649],[100.769325,18.709904],[100.769573,18.709555],[100.770922,18.709369],[100.772493,18.708507],[100.773232,18.709346],[100.773952,18.708348],[100.77432,18.708314],[100.774625,18.707341],[100.775461,18.707313],[100.777359,18.708073],[100.778284,18.707765],[100.778818,18.70715],[100.779168,18.706483],[100.779549,18.702629],[100.778739,18.696974],[100.778911,18.693422],[100.781655,18.690687],[100.785697,18.687234],[100.788751,18.682151],[100.791403,18.680416],[100.792344,18.679526],[100.793182,18.677934],[100.793539,18.675414],[100.785561,18.674745],[100.771136,18.674403],[100.749026,18.674651],[100.748156,18.673718],[100.746909,18.673606],[100.746171,18.674165],[100.745135,18.674092],[100.743726,18.672871],[100.742767,18.672696],[100.741945,18.671299],[100.741928,18.670455],[100.740469,18.669091],[100.739028,18.668709],[100.738216,18.669088],[100.73778,18.668984],[100.736709,18.669253],[100.736028,18.668882],[100.735093,18.668836],[100.734567,18.668184],[100.733029,18.668069],[100.73088,18.668619],[100.730187,18.668568],[100.729513,18.669239],[100.728021,18.66972],[100.728014,18.670827],[100.725636,18.67226],[100.725726,18.673205],[100.724379,18.674962],[100.724339,18.675582],[100.723141,18.678681],[100.72077,18.679198]],[[100.755857,18.702092],[100.758236,18.704278],[100.75823571706607,18.70427778818036],[100.755857,18.702092]]]},"bbox":[100.705846,18.668068,100.793539,18.723887]},{"type":"Feature","id":"3001d11c-3e3a-4179-bb81-de9600b5f56b","properties":{"id":"3001d11c-3e3a-4179-bb81-de9600b5f56b","code":"05550201","provinceCode":"55","nameTh":"เทศบาลตำบล หนองแดง","nameEn":null,"geometryType":"MUNICIPALITY","sourceUrl":"https://landometer.com/api/v2/citymeter-v3/grocery/info/geom/3001d11c-3e3a-4179-bb81-de9600b5f56b/MUNICIPALITY","sourceSha256":"6118f4eb2ebb68227f93c226e3afbd6c208461e704fd6c3f4bb3d4c4bc902169","retrievedAt":"2026-10-04T05:43:53.785353+00:00","boundaryVintage":null,"geometryStatus":"native_source_polygon_display_simplified","simplificationToleranceDegrees":0.00015,"simplificationPreservesTopology":true,"invalidSourceRepair":"make_valid; retain polygonal components; discard zero-area collapsed lines","legalBoundaryIndependentlyVerified":false,"areaId":"3001d11c-3e3a-4179-bb81-de9600b5f56b"},"geometry":{"type":"Polygon","coordinates":[[[101.016251,18.711131],[101.01262,18.705887],[101.012272,18.700871],[101.008943,18.692845],[100.998302,18.702043],[101.000306,18.710538],[101.001414,18.717795],[101.004421,18.723375],[101.005185,18.732946],[101.016794,18.728243],[101.015476,18.725237],[101.016944,18.719236],[101.016251,18.711131]]]},"bbox":[100.998302,18.692845,101.016944,18.732946]},{"type":"Feature","id":"68441657-cfd3-451e-9dc0-385612f61995","properties":{"id":"68441657-cfd3-451e-9dc0-385612f61995","code":"05550401","provinceCode":"55","nameTh":"เทศบาลตำบล นาน้อย","nameEn":null,"geometryType":"MUNICIPALITY","sourceUrl":"https://landometer.com/api/v2/citymeter-v3/grocery/info/geom/68441657-cfd3-451e-9dc0-385612f61995/MUNICIPALITY","sourceSha256":"71f5233bc46e024b8e058124257f79ef9095982a471e7ad2a82c139cbca9cea0","retrievedAt":"2026-10-04T05:43:53.796438+00:00","boundaryVintage":null,"geometryStatus":"native_source_polygon_display_simplified","simplificationToleranceDegrees":0.00015,"simplificationPreservesTopology":true,"invalidSourceRepair":"make_valid; retain polygonal components; discard zero-area collapsed lines","legalBoundaryIndependentlyVerified":false,"areaId":"68441657-cfd3-451e-9dc0-385612f61995"},"geometry":{"type":"Polygon","coordinates":[[[100.720391,18.319029],[100.71615613777495,18.318649012362332],[100.710742,18.312914],[100.707542,18.312205],[100.708113,18.309492],[100.703518,18.311966],[100.701224,18.31889],[100.710639,18.326679],[100.712367,18.332552],[100.725031,18.33029],[100.722953,18.323691],[100.720592,18.32237],[100.720391,18.319029]],[[100.716192,18.318687],[100.716156,18.318649],[100.71615613777495,18.318649012362332],[100.716192,18.318687]]]},"bbox":[100.701224,18.309492,100.725031,18.332552]},{"type":"Feature","id":"46b7119c-ad1b-459d-9440-ce35fc954f4b","properties":{"id":"46b7119c-ad1b-459d-9440-ce35fc954f4b","code":"05550402","provinceCode":"55","nameTh":"เทศบาลตำบล ศรีษะเกษ","nameEn":null,"geometryType":"MUNICIPALITY","sourceUrl":"https://landometer.com/api/v2/citymeter-v3/grocery/info/geom/46b7119c-ad1b-459d-9440-ce35fc954f4b/MUNICIPALITY","sourceSha256":"21fec3b2074640375b5b2963b3ef2754745c02e5d76276082bd6caa2d2bf3e43","retrievedAt":"2026-10-04T05:43:53.803030+00:00","boundaryVintage":null,"geometryStatus":"native_source_polygon_display_simplified","simplificationToleranceDegrees":0.00015,"simplificationPreservesTopology":true,"invalidSourceRepair":"make_valid; retain polygonal components; discard zero-area collapsed lines","legalBoundaryIndependentlyVerified":false,"areaId":"46b7119c-ad1b-459d-9440-ce35fc954f4b"},"geometry":{"type":"Polygon","coordinates":[[[100.715878,18.430812],[100.715637,18.429992],[100.716234,18.428965],[100.716212,18.428543],[100.714714,18.426582],[100.714582,18.425832],[100.715302,18.422439],[100.716454,18.421509],[100.717829,18.421264],[100.720021,18.422321],[100.721325,18.421849],[100.723005,18.420412],[100.723756,18.420097],[100.724857,18.420303],[100.725524,18.421292],[100.726156,18.421595],[100.72689,18.421328],[100.728953,18.419681],[100.73125,18.420407],[100.734318,18.419535],[100.734897,18.419944],[100.734031,18.422147],[100.734182,18.423176],[100.734604,18.423522],[100.73559,18.423467],[100.737625,18.424113],[100.739266,18.423261],[100.742201,18.422391],[100.754989,18.421129],[100.755861,18.421577],[100.75756,18.424252],[100.758797,18.425357],[100.760802,18.425254],[100.762115,18.426026],[100.763039,18.425966],[100.764381,18.426582],[100.76514,18.426321],[100.766901,18.424759],[100.767673,18.42459],[100.770099,18.424792],[100.771248,18.424228],[100.772464,18.424978],[100.773908,18.425426],[100.775441,18.426398],[100.77743,18.426472],[100.77923,18.425774],[100.781472,18.423976],[100.782078,18.424086],[100.783967,18.425557],[100.785072,18.426037],[100.787979,18.426079],[100.789341,18.425668],[100.791036,18.423581],[100.793855,18.423271],[100.794389,18.423462],[100.795563,18.424744],[100.795572,18.426797],[100.796456,18.428681],[100.796965,18.428774],[100.798958,18.428034],[100.802361,18.427495],[100.802678,18.427751],[100.802789,18.429054],[100.8037,18.429507],[100.805742,18.428841],[100.807975,18.42683],[100.808578,18.426605],[100.812656,18.428188],[100.813495,18.429651],[100.814924,18.429752],[100.81615,18.429236],[100.817867,18.427265],[100.818971,18.426598],[100.821772,18.426492],[100.82326,18.427819],[100.824659,18.427986],[100.825857,18.427628],[100.829911,18.425238],[100.831428,18.425029],[100.833012,18.425641],[100.834588,18.424379],[100.835203,18.424264],[100.836115,18.424734],[100.836331,18.42517],[100.835623,18.427361],[100.835629,18.427967],[100.835944,18.428447],[100.837786,18.428343],[100.839652,18.428952],[100.841651,18.428731],[100.845822,18.429809],[100.846063,18.427995],[100.845783,18.425136],[100.845945,18.423777],[100.846554,18.421916],[100.848827,18.417607],[100.849355,18.416067],[100.849177,18.414602],[100.848289,18.413691],[100.848092,18.413186],[100.847981,18.408271],[100.848209,18.404831],[100.848002,18.403163],[100.847125,18.40006],[100.84773,18.398217],[100.847292,18.394876],[100.84863,18.391036],[100.851199,18.389165],[100.853243,18.386318],[100.855606,18.384978],[100.85687,18.384526],[100.857629,18.383926],[100.857757,18.383171],[100.857427,18.382428],[100.857298,18.380137],[100.856783,18.378681],[100.856826,18.378188],[100.858306,18.375751],[100.86155,18.371688],[100.863102,18.371465],[100.865966,18.371776],[100.869195,18.36939],[100.871534,18.368183],[100.872836,18.367901],[100.875845,18.36831],[100.876527,18.368064],[100.877229,18.367396],[100.877519,18.366616],[100.877303,18.363095],[100.877946,18.359243],[100.879576,18.356443],[100.880369,18.354589],[100.881923,18.349289],[100.88237,18.345954],[100.882986,18.344094],[100.886085,18.338822],[100.889459,18.338744],[100.888655,18.337092],[100.8889,18.33657],[100.890647,18.337663],[100.893549,18.338314],[100.893843,18.338654],[100.893985,18.339719],[100.894457,18.340192],[100.896068,18.340091],[100.897106,18.340621],[100.89822,18.343472],[100.898741,18.346225],[100.899184,18.346756],[100.899775,18.346821],[100.899998,18.346574],[100.899295,18.343946],[100.899591,18.343048],[100.90063,18.343009],[100.903162,18.344009],[100.903496,18.344821],[100.902264,18.346351],[100.902121,18.34708],[100.904473,18.348193],[100.90593,18.350313],[100.906638,18.350018],[100.906851,18.348273],[100.90673,18.34569],[100.907245,18.345068],[100.908181,18.345103],[100.909568,18.345687],[100.909549,18.346448],[100.908321,18.348291],[100.909286,18.349209],[100.911194,18.350116],[100.911926,18.350227],[100.913253,18.349833],[100.913499,18.348894],[100.914119,18.348077],[100.914766,18.34779],[100.915402,18.347972],[100.91575,18.348677],[100.915441,18.349732],[100.913953,18.351948],[100.913054,18.352762],[100.912913,18.353295],[100.913422,18.353519],[100.914259,18.353049],[100.914643,18.353096],[100.914788,18.353638],[100.91444,18.354682],[100.914611,18.355175],[100.916017,18.356092],[100.917704,18.356489],[100.918254,18.35683],[100.918445,18.357457],[100.91809,18.358635],[100.918547,18.359472],[100.919246,18.359378],[100.921703,18.357202],[100.922447,18.357033],[100.923766,18.357636],[100.925236,18.357324],[100.928309,18.35755],[100.929888,18.360094],[100.931576,18.361759],[100.932883,18.360915],[100.936581,18.360261],[100.939817,18.359125],[100.940591,18.359297],[100.94267,18.361056],[100.943385,18.361131],[100.944611,18.360796],[100.945653,18.361899],[100.946927,18.362749],[100.947236,18.363844],[100.94853,18.363978],[100.94944,18.36452],[100.950462,18.366372],[100.952275,18.366364],[100.953502,18.366636],[100.957089,18.3688],[100.959911,18.371517],[100.960592,18.373553],[100.961745,18.375414],[100.963428,18.3765],[100.963939,18.377248],[100.964399,18.377467],[100.965607,18.377526],[100.966546,18.377085],[100.967985,18.376906],[100.968611,18.376414],[100.969746,18.376375],[100.971539,18.375685],[100.971994,18.375778],[100.972835,18.376657],[100.973939,18.376135],[100.976286,18.375817],[100.977319,18.375272],[100.977526,18.376179],[100.978763,18.377321],[100.981499,18.377376],[100.98205,18.378246],[100.983097,18.378388],[100.98487,18.37922],[100.985604,18.378393],[100.986151,18.378232],[100.988754,18.381889],[100.989511,18.382547],[100.991018,18.38338],[100.993691,18.383982],[100.996431,18.383772],[101.002527,18.380738],[101.009045,18.378015],[101.01048,18.378],[101.012592,18.378426],[101.01418,18.37967],[101.017485,18.380047],[101.021658,18.383057],[101.022122,18.383646],[101.022256,18.384287],[101.021943,18.38572],[101.020918,18.3882],[101.020935,18.389019],[101.02225,18.390153],[101.022314,18.391071],[101.022857,18.391536],[101.023129,18.392278],[101.023842,18.393147],[101.02435,18.395238],[101.025977,18.3979],[101.028547,18.398097],[101.032238,18.399837],[101.033633,18.400153],[101.034353,18.400661],[101.034866,18.401756],[101.035842,18.402823],[101.036548,18.405769],[101.037469,18.407291],[101.039559,18.409121],[101.040863,18.409456],[101.0431,18.410772],[101.044358,18.41091],[101.047239,18.413022],[101.049483,18.415986],[101.052484,18.418637],[101.053793,18.420297],[101.054908,18.423824],[101.05768,18.423046],[101.058656,18.422357],[101.064657,18.416707],[101.067835,18.412707],[101.069385,18.409716],[101.070389,18.409078],[101.072236,18.408523],[101.076333,18.407918],[101.077257,18.407438],[101.079573,18.404543],[101.082677,18.39903],[101.084167,18.395621],[101.08382,18.394059],[101.082654,18.392611],[101.082665,18.391254],[101.083332,18.387594],[101.082917,18.384885],[101.083336,18.383368],[101.08441,18.38179],[101.085416,18.381016],[101.084687,18.378433],[101.084772,18.377],[101.084503,18.376596],[101.08255,18.375649],[101.082055,18.374854],[101.082149,18.370581],[101.081837,18.368996],[101.08135,18.368555],[101.079305,18.367846],[101.076968,18.365109],[101.075527,18.361729],[101.074633,18.361219],[101.073897,18.36004],[101.073659,18.358919],[101.074026,18.358084],[101.074155,18.356944],[101.07349,18.356266],[101.072802,18.356342],[101.071227,18.357539],[101.069835,18.357708],[101.069009,18.357577],[101.067352,18.356592],[101.065905,18.356102],[101.061427,18.356642],[101.058374,18.355903],[101.056271,18.356086],[101.055666,18.355591],[101.055052,18.353524],[101.054291,18.352233],[101.052853,18.350672],[101.051061,18.352396],[101.047498,18.351684],[101.033313,18.355732],[101.025836,18.354969],[101.01646,18.349911],[101.014951,18.343287],[101.008796,18.334883],[101.004374,18.334704],[101.003055,18.33666],[100.996743,18.335099],[100.9964,18.338119],[100.987792,18.33846],[100.981315,18.33734],[100.980482,18.335674],[100.978166,18.337773],[100.975114,18.337183],[100.969823,18.339977],[100.968636,18.339181],[100.967844,18.341452],[100.964595,18.338484],[100.957871,18.339418],[100.953589,18.333481],[100.950133,18.336506],[100.949949,18.334624],[100.945852,18.334746],[100.94441,18.330993],[100.943045,18.330857],[100.942451,18.333342],[100.937801,18.329677],[100.935559,18.330496],[100.934819,18.326805],[100.931307,18.326405],[100.930664,18.330798],[100.927153,18.32868],[100.928995,18.324835],[100.923947,18.327222],[100.924555,18.324287],[100.920161,18.324112],[100.919581,18.318186],[100.917664,18.319259],[100.913783,18.318268],[100.916697,18.316287],[100.913474,18.311918],[100.910049,18.316361],[100.906532,18.312889],[100.900194,18.312778],[100.891642,18.315706],[100.88344,18.307792],[100.86708,18.321743],[100.864839,18.325807],[100.856624,18.333569],[100.847619,18.335769],[100.843218,18.339106],[100.830731,18.343514],[100.827906,18.338202],[100.828188,18.333795],[100.820483,18.325094],[100.819895,18.319442],[100.807663,18.317754],[100.804548,18.315565],[100.788591,18.315148],[100.784215,18.316964],[100.779868,18.316235],[100.777952,18.313586],[100.774839,18.314963],[100.767911,18.314383],[100.762094,18.312139],[100.752024,18.317881],[100.748887,18.317208],[100.747908,18.318837],[100.74341,18.319969],[100.741418,18.325351],[100.734388,18.324422],[100.734107,18.324545],[100.730277,18.327503],[100.730787,18.3305],[100.725237,18.330298],[100.712367,18.332552],[100.703372,18.33542],[100.702316,18.337609],[100.694537,18.337765],[100.691393,18.343287],[100.691413,18.349581],[100.695422,18.361155],[100.690706,18.373695],[100.700139,18.380116],[100.701761,18.383526],[100.711451,18.38458],[100.710624,18.387393],[100.708081,18.388603],[100.706745,18.395096],[100.701792,18.404466],[100.679884,18.408586],[100.67844,18.409752],[100.677498,18.416929],[100.673063,18.418463],[100.672313,18.42226],[100.667198,18.422496],[100.665833,18.425022],[100.66146,18.426845],[100.661791,18.427791],[100.662019,18.427887],[100.663949,18.427848],[100.66447,18.428111],[100.664843,18.429442],[100.665191,18.432571],[100.665918,18.433064],[100.667009,18.433113],[100.667231,18.433326],[100.668763,18.436193],[100.669317,18.436751],[100.671921,18.437462],[100.673035,18.437532],[100.677163,18.439137],[100.679141,18.438852],[100.680821,18.439274],[100.682612,18.438887],[100.68449,18.439871],[100.685811,18.439261],[100.686119,18.438808],[100.686121,18.438285],[100.686783,18.437352],[100.690261,18.437743],[100.690926,18.437076],[100.691077,18.435811],[100.691431,18.435347],[100.692391,18.435214],[100.693758,18.435521],[100.694449,18.435345],[100.695168,18.433646],[100.696541,18.433443],[100.697353,18.432293],[100.698729,18.432035],[100.698173,18.431258],[100.698297,18.430879],[100.699684,18.431099],[100.70022,18.430661],[100.701479,18.430373],[100.702207,18.430581],[100.703392,18.431613],[100.705592,18.432912],[100.70715,18.435386],[100.711662,18.437168],[100.71346,18.437281],[100.714995,18.436045],[100.716594,18.436204],[100.717092,18.436053],[100.717971,18.435045],[100.718597,18.432984],[100.718308,18.431818],[100.717443,18.430917],[100.715878,18.430812]]]},"bbox":[100.66146,18.307792,101.085416,18.439874]},{"type":"Feature","id":"edf92f3c-f44c-4ef0-bf42-860f667ec49f","properties":{"id":"edf92f3c-f44c-4ef0-bf42-860f667ec49f","code":"05550501","provinceCode":"55","nameTh":"เทศบาลตำบล ปัว","nameEn":null,"geometryType":"MUNICIPALITY","sourceUrl":"https://landometer.com/api/v2/citymeter-v3/grocery/info/geom/edf92f3c-f44c-4ef0-bf42-860f667ec49f/MUNICIPALITY","sourceSha256":"14d0f0822acad914e6b14835b2da4d9075f5d1df98e878bf8928bab57ecc773c","retrievedAt":"2026-10-04T05:43:53.790289+00:00","boundaryVintage":null,"geometryStatus":"native_source_polygon_display_simplified","simplificationToleranceDegrees":0.00015,"simplificationPreservesTopology":true,"invalidSourceRepair":"make_valid; retain polygonal components; discard zero-area collapsed lines","legalBoundaryIndependentlyVerified":false,"areaId":"edf92f3c-f44c-4ef0-bf42-860f667ec49f"},"geometry":{"type":"Polygon","coordinates":[[[100.927306,19.192542],[100.923715,19.181781],[100.929388,19.17849],[100.932814,19.171057],[100.936011,19.169034],[100.920872,19.16202],[100.912951,19.171902],[100.911082,19.17184],[100.910236,19.146401],[100.899095,19.14659],[100.898895,19.15585],[100.898015,19.156131],[100.898228,19.156569],[100.902607,19.15585],[100.908274,19.171758],[100.893912,19.177163],[100.886431,19.177404],[100.875078,19.173302],[100.870741,19.185244],[100.873532,19.185148],[100.872627,19.181974],[100.873934,19.180467],[100.880913,19.182421],[100.881905,19.183683],[100.877539,19.189902],[100.881728,19.195493],[100.886959,19.19556],[100.890409,19.19052],[100.895156,19.194049],[100.896015,19.19034],[100.902122,19.187842],[100.903622,19.189149],[100.903298,19.192811],[100.905365,19.194193],[100.909036,19.193302],[100.911658,19.189276],[100.913715,19.191495],[100.911848,19.191006],[100.912576,19.192453],[100.920915,19.195043],[100.919261,19.198358],[100.921736,19.199258],[100.92389,19.202655],[100.927035,19.203007],[100.929146,19.196642],[100.927562,19.192308],[100.927306,19.192542]]]},"bbox":[100.870741,19.146401,100.936011,19.203007]},{"type":"Feature","id":"9fa93a81-f599-4f73-8f4e-e71e91ad4e61","properties":{"id":"9fa93a81-f599-4f73-8f4e-e71e91ad4e61","code":"05550502","provinceCode":"55","nameTh":"เทศบาลตำบล ศิลาแลง","nameEn":null,"geometryType":"MUNICIPALITY","sourceUrl":"https://landometer.com/api/v2/citymeter-v3/grocery/info/geom/9fa93a81-f599-4f73-8f4e-e71e91ad4e61/MUNICIPALITY","sourceSha256":"bd710af39b22655cb180617d80078ccaa4acf0b133fe02bee80d93b736962e64","retrievedAt":"2026-10-04T05:43:53.803505+00:00","boundaryVintage":null,"geometryStatus":"native_source_polygon_display_simplified","simplificationToleranceDegrees":0.00015,"simplificationPreservesTopology":true,"invalidSourceRepair":"make_valid; retain polygonal components; discard zero-area collapsed lines","legalBoundaryIndependentlyVerified":false,"areaId":"9fa93a81-f599-4f73-8f4e-e71e91ad4e61"},"geometry":{"type":"Polygon","coordinates":[[[100.994741,19.183508],[100.998651,19.184428],[101.002777,19.157474],[101.0009,19.151873],[101.004128,19.134395],[101.006898,19.130609],[100.998806,19.130443],[100.998727,19.129553],[100.991587,19.128432],[100.98994,19.125871],[100.983226,19.122389],[100.972115,19.12017],[100.965451,19.12246],[100.954754,19.117152],[100.949357,19.117474],[100.946904,19.123952],[100.948653,19.1304],[100.946858,19.135473],[100.931383,19.143345],[100.926647,19.148075],[100.924153,19.153208],[100.92536,19.159382],[100.932629,19.163506],[100.93379,19.165267],[100.931385,19.166197],[100.937246,19.167869],[100.937729,19.174814],[100.941731,19.174518],[100.943829,19.180602],[100.947991,19.177478],[100.954904,19.175682],[100.957392,19.17628],[100.959676,19.18046],[100.960733,19.180046],[100.964784,19.176656],[100.965632,19.175366],[100.973299,19.182047],[100.975365,19.182225],[100.977468,19.17943],[100.981597,19.185789],[100.988624,19.186127],[100.991713,19.185852],[100.995132,19.182459],[100.994741,19.183508]]]},"bbox":[100.924153,19.117152,101.006898,19.186127]},{"type":"Feature","id":"1f1989a8-6c03-4713-9eea-166ede56f6ad","properties":{"id":"1f1989a8-6c03-4713-9eea-166ede56f6ad","code":"05550601","provinceCode":"55","nameTh":"เทศบาลตำบล ท่าวังผา","nameEn":null,"geometryType":"MUNICIPALITY","sourceUrl":"https://landometer.com/api/v2/citymeter-v3/grocery/info/geom/1f1989a8-6c03-4713-9eea-166ede56f6ad/MUNICIPALITY","sourceSha256":"d4f1452123406dc30abc9acc3ee1259c4dc4d5defb85d50d7dd6619b618df29c","retrievedAt":"2026-10-04T05:43:54.011853+00:00","boundaryVintage":null,"geometryStatus":"native_source_polygon_display_simplified","simplificationToleranceDegrees":0.00015,"simplificationPreservesTopology":true,"invalidSourceRepair":"make_valid; retain polygonal components; discard zero-area collapsed lines","legalBoundaryIndependentlyVerified":false,"areaId":"1f1989a8-6c03-4713-9eea-166ede56f6ad"},"geometry":{"type":"Polygon","coordinates":[[[100.811993,19.130024],[100.813027,19.130781],[100.81274,19.131809],[100.813602,19.13244],[100.813315,19.133469],[100.814177,19.1341],[100.813889,19.135128],[100.814751,19.135759],[100.814464,19.136788],[100.815326,19.137419],[100.815039,19.138448],[100.815901,19.139078],[100.815614,19.140107],[100.816476,19.140738],[100.815901,19.142795],[100.816893,19.143381],[100.816516,19.144311],[100.818399,19.145005],[100.818186,19.145699],[100.818918,19.145915],[100.820482,19.146937],[100.82284,19.147396],[100.825874,19.147242],[100.827411,19.146903],[100.829085,19.147297],[100.831983,19.147291],[100.834939,19.146341],[100.836793,19.146636],[100.838717,19.147293],[100.841365,19.14717],[100.84234,19.14735],[100.843634,19.147143],[100.838363,19.13959],[100.838716,19.138344],[100.837935,19.137186],[100.838125,19.13546],[100.83723,19.133196],[100.83657,19.130245],[100.835652,19.129847],[100.836068,19.128937],[100.835151,19.128539],[100.835567,19.127629],[100.833735,19.126826],[100.834755,19.125097],[100.832854,19.124272],[100.833718,19.123557],[100.832821,19.123001],[100.834256,19.12161],[100.83251,19.120663],[100.833717,19.119152],[100.832906,19.118535],[100.833284,19.117476],[100.831081,19.1146],[100.830604,19.112332],[100.829225,19.110633],[100.82877,19.108472],[100.827695,19.108219],[100.822762,19.097602],[100.826357,19.094677],[100.825294,19.09261],[100.822405,19.091922],[100.825406,19.09091],[100.821603,19.089065],[100.821112,19.08951],[100.814317,19.09265],[100.812043,19.090678],[100.805098,19.090118],[100.799964,19.09196],[100.808071,19.107819],[100.803477,19.111193],[100.802094,19.114991],[100.811783,19.126148],[100.811993,19.130024]]]},"bbox":[100.799964,19.089065,100.843634,19.147404]},{"type":"Feature","id":"38e8f10a-7f5e-4431-9220-65019d0614e0","properties":{"id":"38e8f10a-7f5e-4431-9220-65019d0614e0","code":"05550701","provinceCode":"55","nameTh":"เทศบาลตำบล เวียงสา","nameEn":null,"geometryType":"MUNICIPALITY","sourceUrl":"https://landometer.com/api/v2/citymeter-v3/grocery/info/geom/38e8f10a-7f5e-4431-9220-65019d0614e0/MUNICIPALITY","sourceSha256":"3372d9bed09eddfa100991abe22753418c3fd22deada7a1a066c4a8d6e33a102","retrievedAt":"2026-10-04T05:43:54.005963+00:00","boundaryVintage":null,"geometryStatus":"native_source_polygon_display_simplified","simplificationToleranceDegrees":0.00015,"simplificationPreservesTopology":true,"invalidSourceRepair":"make_valid; retain polygonal components; discard zero-area collapsed lines","legalBoundaryIndependentlyVerified":false,"areaId":"38e8f10a-7f5e-4431-9220-65019d0614e0"},"geometry":{"type":"Polygon","coordinates":[[[100.756631,18.569069],[100.742305,18.567876],[100.742533,18.571929],[100.745125,18.575229],[100.745078,18.580726],[100.749664,18.578458],[100.750554,18.575022],[100.756631,18.569069]]]},"bbox":[100.742305,18.567876,100.756631,18.580726]},{"type":"Feature","id":"444b034c-73df-4968-b740-923156f76ad5","properties":{"id":"444b034c-73df-4968-b740-923156f76ad5","code":"05550702","provinceCode":"55","nameTh":"เทศบาลตำบล กลางเวียง","nameEn":null,"geometryType":"MUNICIPALITY","sourceUrl":"https://landometer.com/api/v2/citymeter-v3/grocery/info/geom/444b034c-73df-4968-b740-923156f76ad5/MUNICIPALITY","sourceSha256":"01588f5e6f57827753a69d6de1e4d1c7a97b11b3eca4d38d404aa2bba1d6e483","retrievedAt":"2026-10-04T05:43:54.004226+00:00","boundaryVintage":null,"geometryStatus":"native_source_polygon_display_simplified","simplificationToleranceDegrees":0.00015,"simplificationPreservesTopology":true,"invalidSourceRepair":"make_valid; retain polygonal components; discard zero-area collapsed lines","legalBoundaryIndependentlyVerified":false,"areaId":"444b034c-73df-4968-b740-923156f76ad5"},"geometry":{"type":"Polygon","coordinates":[[[100.76488,18.571666],[100.76915,18.57094],[100.769512,18.566009],[100.769026,18.565458],[100.76901,18.564744],[100.763465,18.559674],[100.7642,18.554698],[100.755603,18.554115],[100.75568,18.552749],[100.750912,18.550729],[100.745852,18.544375],[100.743749,18.54398],[100.74376,18.542341],[100.741454,18.541511],[100.741384,18.541894],[100.739126,18.541469],[100.738469,18.54667],[100.734178,18.547168],[100.732006,18.545009],[100.726299,18.545523],[100.71738,18.551533],[100.715446,18.555531],[100.706233,18.560219],[100.70613,18.560568],[100.707105,18.560574],[100.706804,18.568894],[100.716258,18.568799],[100.730459,18.57597],[100.726128,18.577987],[100.724464,18.575807],[100.720779,18.575986],[100.721057,18.579743],[100.723444,18.580614],[100.724226,18.583702],[100.722618,18.583481],[100.720444,18.586934],[100.717568,18.583414],[100.71463,18.583417],[100.71357,18.584446],[100.714421,18.588546],[100.710751,18.59069],[100.707008,18.590906],[100.707084,18.586712],[100.705615,18.585757],[100.700756,18.587123],[100.697697,18.583439],[100.691549,18.582473],[100.691506,18.587039],[100.686203,18.58494],[100.684285,18.582693],[100.687505,18.581712],[100.687432,18.577811],[100.686261,18.576584],[100.684272,18.577321],[100.683844,18.574052],[100.672448,18.573396],[100.670219,18.576855],[100.66615,18.578958],[100.659326,18.579163],[100.653711,18.576434],[100.642647,18.576681],[100.641108,18.575609],[100.642293,18.573804],[100.64056,18.572566],[100.640767,18.570519],[100.634093,18.56797],[100.632441,18.565165],[100.625785,18.571255],[100.626462,18.573777],[100.623104,18.57865],[100.61947,18.575791],[100.613964,18.577614],[100.610668,18.582258],[100.601804,18.586353],[100.599294,18.581846],[100.595524,18.582096],[100.596013,18.580665],[100.595386,18.582034],[100.592274,18.571887],[100.589447,18.571433],[100.589204,18.571865],[100.589676,18.572252],[100.588118,18.576544],[100.586182,18.576408],[100.585372,18.580796],[100.583402,18.579675],[100.580938,18.581922],[100.57692,18.590733],[100.575759,18.58993],[100.576658,18.587354],[100.57532,18.586997],[100.574637,18.591632],[100.568862,18.591313],[100.570545,18.594335],[100.566745,18.595125],[100.565872,18.597618],[100.563366,18.596955],[100.563156,18.598593],[100.566057,18.601773],[100.570091,18.601328],[100.568406,18.606213],[100.57112,18.606064],[100.581782,18.610863],[100.578431,18.624921],[100.586415,18.631447],[100.59706,18.633918],[100.607545,18.63945],[100.612964,18.637657],[100.617321,18.638749],[100.621491,18.630823],[100.630249,18.627972],[100.633881,18.629244],[100.637952,18.626354],[100.641229,18.627377],[100.642722,18.623902],[100.646884,18.625019],[100.653626,18.623353],[100.658589,18.617218],[100.661043,18.617632],[100.663448,18.614413],[100.66247,18.610984],[100.666012,18.609258],[100.667409,18.605558],[100.673053,18.602857],[100.687531,18.616069],[100.693077,18.613634],[100.705657,18.618208],[100.709021,18.615822],[100.72563,18.611433],[100.729741,18.614108],[100.731134,18.61743],[100.73673,18.616272],[100.740151,18.621334],[100.746703,18.618847],[100.744029,18.614099],[100.744778,18.611081],[100.748878,18.60994],[100.752287,18.610901],[100.761127,18.603123],[100.761761,18.603843],[100.762019,18.603272],[100.758987,18.598805],[100.759064,18.595523],[100.765531,18.586309],[100.761177,18.582457],[100.754667,18.581897],[100.753845,18.581131],[100.752798,18.578616],[100.752789,18.578022],[100.75673,18.573526],[100.757195,18.56614],[100.759468,18.565003],[100.763196,18.566502],[100.76488,18.571666]],[[100.749664,18.578458],[100.745078,18.580726],[100.745125,18.575229],[100.742533,18.571929],[100.742305,18.567876],[100.756631,18.569069],[100.750554,18.575022],[100.749664,18.578458]]]},"bbox":[100.563156,18.541469,100.769512,18.63945]},{"type":"Feature","id":"a57c9849-9f9c-4190-8ce6-37965bef9f35","properties":{"id":"a57c9849-9f9c-4190-8ce6-37965bef9f35","code":"05550703","provinceCode":"55","nameTh":"เทศบาลตำบล ขึ่ง","nameEn":null,"geometryType":"MUNICIPALITY","sourceUrl":"https://landometer.com/api/v2/citymeter-v3/grocery/info/geom/a57c9849-9f9c-4190-8ce6-37965bef9f35/MUNICIPALITY","sourceSha256":"4e947613c1570c242b696e6fed9aeed44736de0c9f936ee2470afd52a6ed3f2a","retrievedAt":"2026-10-04T05:43:54.013167+00:00","boundaryVintage":null,"geometryStatus":"native_source_polygon_display_simplified","simplificationToleranceDegrees":0.00015,"simplificationPreservesTopology":true,"invalidSourceRepair":"make_valid; retain polygonal components; discard zero-area collapsed lines","legalBoundaryIndependentlyVerified":false,"areaId":"a57c9849-9f9c-4190-8ce6-37965bef9f35"},"geometry":{"type":"Polygon","coordinates":[[[100.851088,18.588739],[100.856436,18.587255],[100.854385,18.58392],[100.856504,18.579488],[100.860157,18.578098],[100.859705,18.574699],[100.865688,18.574514],[100.863386,18.57121],[100.864325,18.568045],[100.868659,18.569961],[100.87322,18.568977],[100.875702,18.571271],[100.879507,18.568696],[100.884571,18.570831],[100.886979,18.569167],[100.889836,18.569803],[100.891497,18.565422],[100.889899,18.563966],[100.889288,18.564675],[100.887478,18.560122],[100.888261,18.555534],[100.898739,18.541687],[100.903535,18.537817],[100.901862,18.536931],[100.883189,18.541564],[100.875465,18.54149],[100.855907,18.533794],[100.854046,18.530566],[100.855639,18.525364],[100.854288,18.513475],[100.860923,18.505126],[100.858271,18.504207],[100.858765,18.498956],[100.853044,18.502809],[100.854476,18.500713],[100.853751,18.49817],[100.851846,18.497497],[100.853569,18.495954],[100.851503,18.49618],[100.851624,18.494056],[100.849469,18.494478],[100.849757,18.492742],[100.847397,18.492649],[100.848304,18.490997],[100.846572,18.488305],[100.844114,18.487711],[100.843992,18.485007],[100.837778,18.483463],[100.83567146194024,18.4856415644499],[100.834512,18.484703],[100.832622,18.485869],[100.829637,18.482055],[100.827014,18.482817],[100.827724,18.480913],[100.82404,18.482006],[100.825314,18.479],[100.822071,18.480956],[100.820905,18.479829],[100.819948,18.482778],[100.821175,18.487718],[100.82649473322735,18.493808095926994],[100.812768,18.498744],[100.807995,18.496355],[100.8064,18.49919],[100.799645,18.502158],[100.79381,18.50101],[100.790884,18.503453],[100.789794,18.51127],[100.786762,18.515271],[100.780378,18.519906],[100.776582,18.516915],[100.774814,18.517485],[100.775034,18.527662],[100.765949,18.533936],[100.765663,18.543744],[100.760894,18.548678],[100.764296,18.554048],[100.763465,18.559674],[100.765828,18.561834],[100.765602,18.561578],[100.77209,18.559596],[100.774371,18.564974],[100.779509,18.566685],[100.781614,18.56585],[100.784036,18.56199],[100.782296,18.556299],[100.786054,18.54756],[100.795219,18.542121],[100.79987724254654,18.53585430165918],[100.80119,18.537487],[100.79854,18.547457],[100.80275,18.546483],[100.809472,18.541866],[100.81289,18.545453],[100.806352,18.549798],[100.807473,18.552853],[100.813743,18.557956],[100.816661,18.557713],[100.822555,18.560434],[100.828111,18.557868],[100.831778,18.561693],[100.831968,18.563022],[100.828317,18.564401],[100.829343,18.570511],[100.825564,18.571399],[100.824634,18.575259],[100.81694,18.574217],[100.815046,18.578396],[100.822789,18.580939],[100.825243,18.57642],[100.829068,18.577838],[100.835612,18.572614],[100.83618,18.576499],[100.839889,18.576659],[100.841347,18.579092],[100.838927,18.581412],[100.83863,18.591097],[100.844562,18.586823],[100.84741,18.582697],[100.850167,18.58439],[100.849561,18.587681],[100.851088,18.588739]],[[100.835672,18.485642],[100.835526,18.485792],[100.83567146194024,18.4856415644499],[100.835672,18.485642]],[[100.826495,18.493808],[100.826582,18.493908],[100.82649473322735,18.493808095926994],[100.826495,18.493808]],[[100.799877,18.535854],[100.800041,18.535634],[100.79987724254654,18.53585430165918],[100.799877,18.535854]]]},"bbox":[100.760894,18.479,100.903535,18.591097]},{"type":"Feature","id":"ae2f7512-e794-435e-ab26-adfc3afaa8fe","properties":{"id":"ae2f7512-e794-435e-ab26-adfc3afaa8fe","code":"05550801","provinceCode":"55","nameTh":"เทศบาลตำบล ทุ่งช้าง","nameEn":null,"geometryType":"MUNICIPALITY","sourceUrl":"https://landometer.com/api/v2/citymeter-v3/grocery/info/geom/ae2f7512-e794-435e-ab26-adfc3afaa8fe/MUNICIPALITY","sourceSha256":"8ed61d9cc7b6336d04037720784967e6f8f9f64461e6f5415b8cdd534196b29a","retrievedAt":"2026-10-04T05:43:54.009599+00:00","boundaryVintage":null,"geometryStatus":"native_source_polygon_display_simplified","simplificationToleranceDegrees":0.00015,"simplificationPreservesTopology":true,"invalidSourceRepair":"make_valid; retain polygonal components; discard zero-area collapsed lines","legalBoundaryIndependentlyVerified":false,"areaId":"ae2f7512-e794-435e-ab26-adfc3afaa8fe"},"geometry":{"type":"Polygon","coordinates":[[[100.880326,19.417503],[100.890959,19.391435],[100.886169,19.38284],[100.882941,19.383517],[100.879885,19.381834],[100.874319,19.384179],[100.871585,19.414069],[100.873765,19.415755],[100.878214,19.415526],[100.878297,19.417479],[100.880326,19.417503]]]},"bbox":[100.871585,19.381834,100.890959,19.417503]},{"type":"Feature","id":"17e3f093-7854-4c9d-9f41-45ad7741ac9e","properties":{"id":"17e3f093-7854-4c9d-9f41-45ad7741ac9e","code":"05550802","provinceCode":"55","nameTh":"เทศบาลตำบล งอบ","nameEn":null,"geometryType":"MUNICIPALITY","sourceUrl":"https://landometer.com/api/v2/citymeter-v3/grocery/info/geom/17e3f093-7854-4c9d-9f41-45ad7741ac9e/MUNICIPALITY","sourceSha256":"5438fe4aba815f0a17920151591a25d82bd96e7d22f517d17700523edfbb1432","retrievedAt":"2026-10-04T05:43:54.027542+00:00","boundaryVintage":null,"geometryStatus":"native_source_polygon_display_simplified","simplificationToleranceDegrees":0.00015,"simplificationPreservesTopology":true,"invalidSourceRepair":"make_valid; retain polygonal components; discard zero-area collapsed lines","legalBoundaryIndependentlyVerified":false,"areaId":"17e3f093-7854-4c9d-9f41-45ad7741ac9e"},"geometry":{"type":"Polygon","coordinates":[[[100.915924,19.501731],[100.951157,19.495724],[100.964091,19.500769],[100.969966,19.501277],[100.97791,19.499824],[100.994189,19.492404],[100.999665,19.498221],[101.000172,19.498401],[101.000823,19.498146],[101.001647,19.497409],[101.004882,19.500845],[101.005142,19.501469],[101.005643,19.501603],[101.006021,19.502034],[101.006799,19.50199],[101.009009,19.501238],[101.008699,19.502411],[101.00877,19.502748],[101.009047,19.502823],[101.010164,19.502437],[101.010645,19.501842],[101.010424,19.49994],[101.009708,19.498937],[101.009705,19.498527],[101.010327,19.498315],[101.011717,19.498547],[101.011911,19.497704],[101.011598,19.496404],[101.012036,19.49621],[101.013347,19.496297],[101.013786,19.495854],[101.01381,19.493713],[101.013114,19.492633],[101.01211,19.491952],[101.011978,19.491124],[101.012699,19.489036],[101.014228,19.488373],[101.015044,19.487755],[101.015698,19.487591],[101.016173,19.487913],[101.016525,19.487494],[101.016937,19.487455],[101.018299,19.488089],[101.019644,19.487397],[101.020398,19.487954],[101.020305,19.488941],[101.020475,19.489249],[101.020837,19.489177],[101.021208,19.488584],[101.022178,19.488358],[101.023004,19.488553],[101.024445,19.489542],[101.02485,19.49067],[101.025179,19.490985],[101.026739,19.49082],[101.029084,19.491239],[101.02994,19.49254],[101.031764,19.491926],[101.033288,19.493119],[101.034148,19.492648],[101.034859,19.49259],[101.035363,19.490794],[101.038272,19.488515],[101.038434,19.487757],[101.03891,19.487432],[101.0389,19.487091],[101.038476,19.486979],[101.038343,19.486581],[101.038741,19.486172],[101.038047,19.485383],[101.038148,19.484916],[101.039135,19.483712],[101.038863,19.480931],[101.039744,19.478333],[101.041376,19.476154],[101.04268,19.476133],[101.044501,19.476942],[101.047382,19.477456],[101.048715,19.477235],[101.04971,19.476731],[101.054707,19.476376],[101.056904,19.47558],[101.058282,19.474811],[101.059652,19.473687],[101.061195,19.47182],[101.062984,19.468825],[101.066031,19.467579],[101.067437,19.46756],[101.071071,19.468481],[101.071979,19.469597],[101.072704,19.470066],[101.076905,19.469781],[101.078475,19.4699],[101.079407,19.468708],[101.079097,19.466105],[101.080333,19.463208],[101.079994,19.460163],[101.079691,19.459404],[101.080377,19.456839],[101.080246,19.456148],[101.081049,19.455469],[101.081913,19.453831],[101.081729,19.451557],[101.081884,19.450781],[101.083113,19.449983],[101.083596,19.448845],[101.083549,19.448156],[101.082925,19.447439],[101.082566,19.446132],[101.083189,19.445799],[101.083565,19.445255],[101.084642,19.445368],[101.085492,19.44455],[101.085396,19.442828],[101.086231,19.440126],[101.085174,19.438852],[101.085073,19.438391],[101.085313,19.438085],[101.086577,19.437682],[101.086998,19.437048],[101.089019,19.43685],[101.090951,19.435914],[101.092578,19.435965],[101.093208,19.435652],[101.093295,19.435253],[101.092771,19.434132],[101.093438,19.432264],[101.094858,19.429643],[101.095971,19.429279],[101.096199,19.428838],[101.095967,19.425333],[101.095323,19.424533],[101.094636,19.424936],[101.09364,19.424508],[101.094523,19.423942],[101.091305,19.421266],[101.080305,19.417381],[101.054255,19.413586],[101.04158,19.404601],[101.027145,19.399754],[101.021357,19.402801],[101.016171,19.418555],[101.011291,19.421476],[100.994156,19.423268],[100.990543,19.425105],[100.983727,19.424905],[100.963232,19.43524],[100.946506,19.435963],[100.938729,19.443509],[100.907914,19.442586],[100.899489,19.446597],[100.894333,19.445127],[100.877426,19.445625],[100.866753,19.449947],[100.861496,19.449967],[100.856487,19.452868],[100.848242,19.452749],[100.833365,19.457242],[100.824766,19.465436],[100.817877,19.466505],[100.808424,19.465323],[100.805506,19.466573],[100.801272,19.46536],[100.795072,19.470748],[100.791992,19.46749],[100.782214,19.467627],[100.77149,19.465202],[100.771987,19.474309],[100.76862,19.476968],[100.767805,19.480384],[100.766742,19.483334],[100.767087,19.48764],[100.768069,19.488682],[100.770533,19.487424],[100.771688,19.487565],[100.774267,19.490149],[100.775004,19.491618],[100.775513,19.492105],[100.778835,19.492769],[100.780242,19.49389],[100.781927,19.496101],[100.784046,19.501335],[100.785946,19.503221],[100.786212,19.504409],[100.788076,19.506072],[100.790514,19.510203],[100.792223,19.510992],[100.792909,19.511792],[100.794301,19.512543],[100.795226,19.513942],[100.795743,19.5143],[100.796528,19.514459],[100.797567,19.513849],[100.798787,19.513751],[100.800126,19.514743],[100.802599,19.515601],[100.804034,19.516981],[100.804471,19.517878],[100.807318,19.519334],[100.808251,19.521133],[100.810069,19.521909],[100.812442,19.523784],[100.814019,19.524599],[100.815106,19.524655],[100.816461,19.525112],[100.816996,19.526255],[100.816863,19.527556],[100.818693,19.530433],[100.818997,19.533466],[100.822911,19.535413],[100.825431,19.538399],[100.826267,19.540198],[100.826768,19.543371],[100.827051,19.543677],[100.827805,19.543987],[100.830242,19.544308],[100.831855,19.54537],[100.832291,19.545919],[100.834767,19.551322],[100.836064,19.55148],[100.837155,19.551917],[100.838624,19.552948],[100.839274,19.554049],[100.839871,19.55801],[100.840287,19.558877],[100.842063,19.560537],[100.843671,19.562891],[100.844102,19.564001],[100.846803,19.566088],[100.84739,19.567799],[100.848132,19.568906],[100.849466,19.569687],[100.850808,19.570006],[100.853718,19.570005],[100.856394,19.566657],[100.868826,19.560115],[100.872253,19.555026],[100.875941,19.554793],[100.881221,19.550462],[100.886995,19.535631],[100.888125,19.527068],[100.898445,19.512741],[100.910878,19.50709],[100.915924,19.501731]]]},"bbox":[100.766742,19.399754,101.096244,19.570013]},{"type":"Feature","id":"6118a730-41c3-45bb-8ce3-7e2e5038ae7d","properties":{"id":"6118a730-41c3-45bb-8ce3-7e2e5038ae7d","code":"05550901","provinceCode":"55","nameTh":"เทศบาลตำบล เชียงกลาง","nameEn":null,"geometryType":"MUNICIPALITY","sourceUrl":"https://landometer.com/api/v2/citymeter-v3/grocery/info/geom/6118a730-41c3-45bb-8ce3-7e2e5038ae7d/MUNICIPALITY","sourceSha256":"2ec3b25241670b3d8739013d7831da958aa1330d53ce7cfbaf25c6f5853c46d1","retrievedAt":"2026-10-04T05:43:54.018805+00:00","boundaryVintage":null,"geometryStatus":"native_source_polygon_display_simplified","simplificationToleranceDegrees":0.00015,"simplificationPreservesTopology":true,"invalidSourceRepair":"make_valid; retain polygonal components; discard zero-area collapsed lines","legalBoundaryIndependentlyVerified":false,"areaId":"6118a730-41c3-45bb-8ce3-7e2e5038ae7d"},"geometry":{"type":"MultiPolygon","coordinates":[[[[100.866532,19.328817],[100.868774,19.327397],[100.868058,19.326847],[100.90145,19.288397],[100.901225,19.285246],[100.894126,19.272613],[100.879254,19.269727],[100.867177,19.272797],[100.861835,19.280096],[100.859138,19.279271],[100.857813,19.276467],[100.855746,19.276424],[100.854532,19.28328],[100.857759,19.285933],[100.853817,19.293676],[100.850984,19.29547],[100.844252,19.292796],[100.850619,19.309401],[100.845249,19.318382],[100.853067,19.32223],[100.857296,19.327376],[100.859897,19.326101],[100.866532,19.328817]]],[[[100.856327,19.286543],[100.856169,19.286852],[100.856157,19.286877],[100.856327,19.286543]]]]},"bbox":[100.844252,19.269727,100.90145,19.32882]},{"type":"Feature","id":"e8cdb84a-eaad-413a-8b21-253d2ae0be64","properties":{"id":"e8cdb84a-eaad-413a-8b21-253d2ae0be64","code":"05550902","provinceCode":"55","nameTh":"เทศบาลตำบล พระพุทธบาทเชียงคาน","nameEn":null,"geometryType":"MUNICIPALITY","sourceUrl":"https://landometer.com/api/v2/citymeter-v3/grocery/info/geom/e8cdb84a-eaad-413a-8b21-253d2ae0be64/MUNICIPALITY","sourceSha256":"8092ec5b301a99230114627e3f7dc6798a0d3601acb2170f819ca044f00e4187","retrievedAt":"2026-10-04T05:43:54.027316+00:00","boundaryVintage":null,"geometryStatus":"native_source_polygon_display_simplified","simplificationToleranceDegrees":0.00015,"simplificationPreservesTopology":true,"invalidSourceRepair":"make_valid; retain polygonal components; discard zero-area collapsed lines","legalBoundaryIndependentlyVerified":false,"areaId":"e8cdb84a-eaad-413a-8b21-253d2ae0be64"},"geometry":{"type":"Polygon","coordinates":[[[100.855341,19.278712],[100.853726,19.278389],[100.853472,19.276337],[100.85691,19.271281],[100.867229,19.263223],[100.868489,19.258112],[100.866705,19.254819],[100.867063,19.254186],[100.868272,19.253512],[100.86278,19.243371],[100.86732,19.251754],[100.88499,19.242068],[100.884038,19.241611],[100.883081,19.24194],[100.882427,19.241903],[100.881491,19.239984],[100.879927,19.239236],[100.878893,19.238121],[100.876998,19.23812],[100.876527,19.237335],[100.875503,19.236974],[100.875459,19.236077],[100.87518,19.235695],[100.873875,19.235858],[100.872683,19.23644],[100.872234,19.236377],[100.871456,19.235585],[100.870933,19.234503],[100.87031,19.233965],[100.866216,19.231992],[100.86558,19.23114],[100.864459,19.228576],[100.862525,19.226657],[100.862495,19.224923],[100.861348,19.223822],[100.860989,19.222443],[100.859826,19.221852],[100.857902,19.221425],[100.856699,19.220628],[100.853296,19.220265],[100.849775,19.219053],[100.845084,19.218143],[100.842865,19.218605],[100.840465,19.21826],[100.838117,19.218532],[100.836707,19.217242],[100.8332,19.216043],[100.828678,19.217038],[100.827115,19.218421],[100.825418,19.219198],[100.823386,19.219076],[100.822244,19.219797],[100.820642,19.220018],[100.819402,19.221328],[100.818556,19.221755],[100.814312,19.222038],[100.811907,19.223948],[100.809594,19.224772],[100.808818,19.224837],[100.807344,19.224497],[100.805807,19.224604],[100.800869,19.221512],[100.799875,19.221379],[100.79852,19.221684],[100.798061,19.222035],[100.79815,19.223354],[100.79797,19.223951],[100.796345,19.225562],[100.794846,19.228406],[100.794773,19.229251],[100.795376,19.232131],[100.794978,19.232596],[100.793179,19.233315],[100.791932,19.234243],[100.793123,19.235184],[100.793616,19.2362],[100.793559,19.237971],[100.79292,19.239675],[100.791784,19.240972],[100.788886,19.241079],[100.78848,19.241632],[100.788423,19.242606],[100.788167,19.24294],[100.785918,19.243931],[100.782926,19.246842],[100.779925,19.247534],[100.779388,19.24794],[100.778744,19.249063],[100.77854,19.24994],[100.778703,19.251778],[100.778141,19.25276],[100.77802,19.25417],[100.776944,19.257011],[100.777588,19.257635],[100.778416,19.257751],[100.779272,19.257458],[100.781056,19.258213],[100.781859,19.259002],[100.782089,19.259859],[100.781926,19.260392],[100.780629,19.261999],[100.78035,19.263312],[100.780514,19.264033],[100.781173,19.264768],[100.78084,19.266533],[100.781556,19.267712],[100.781729,19.26865],[100.781331,19.269791],[100.779983,19.271344],[100.784555,19.272676],[100.787562,19.27077],[100.788435,19.270556],[100.789509,19.270645],[100.79091,19.27145],[100.792835,19.273741],[100.797036,19.274586],[100.80224,19.278208],[100.808848,19.277569],[100.811338,19.27805],[100.823673,19.28285],[100.82415681191742,19.283295826684235],[100.822481,19.284257],[100.822258,19.284445],[100.823394,19.284887],[100.822557,19.285634],[100.832727,19.290672],[100.842439,19.286735],[100.857111,19.287202],[100.856926,19.287569],[100.857759,19.285933],[100.854532,19.28328],[100.855341,19.278712]],[[100.824629,19.283025],[100.823311,19.283782],[100.82415681191742,19.283295826684235],[100.824629,19.283025]]]},"bbox":[100.776936,19.216043,100.88499,19.290672]},{"type":"Feature","id":"e911238a-1f21-4af2-bfb8-86b4da1d124d","properties":{"id":"e911238a-1f21-4af2-bfb8-86b4da1d124d","code":"05551001","provinceCode":"55","nameTh":"เทศบาลตำบล บ่อแก้ว","nameEn":null,"geometryType":"MUNICIPALITY","sourceUrl":"https://landometer.com/api/v2/citymeter-v3/grocery/info/geom/e911238a-1f21-4af2-bfb8-86b4da1d124d/MUNICIPALITY","sourceSha256":"469b5d9acd0e27ef686cb4443413de504e9e609a4b936793ed075f5eea77de82","retrievedAt":"2026-10-04T05:43:54.092536+00:00","boundaryVintage":null,"geometryStatus":"native_source_polygon_display_simplified","simplificationToleranceDegrees":0.00015,"simplificationPreservesTopology":true,"invalidSourceRepair":"make_valid; retain polygonal components; discard zero-area collapsed lines","legalBoundaryIndependentlyVerified":false,"areaId":"e911238a-1f21-4af2-bfb8-86b4da1d124d"},"geometry":{"type":"Polygon","coordinates":[[[100.6662,18.235772],[100.666968,18.235292],[100.669314,18.235413],[100.669449,18.234785],[100.670282,18.234306],[100.671586,18.234967],[100.672706,18.234294],[100.673552,18.234143],[100.673633,18.233666],[100.674297,18.23305],[100.674382,18.232646],[100.676301,18.23111],[100.676995,18.229692],[100.674977,18.227725],[100.674422,18.225515],[100.674473,18.224706],[100.678802,18.223324],[100.682814,18.222833],[100.684549,18.22078],[100.684782,18.219637],[100.686151,18.218998],[100.685275,18.217987],[100.684531,18.216614],[100.684207,18.215417],[100.683554,18.214428],[100.683503,18.213709],[100.683806,18.213013],[100.684707,18.212811],[100.684794,18.212156],[100.684401,18.211521],[100.684603,18.211173],[100.685125,18.211111],[100.685646,18.210441],[100.685968,18.210477],[100.686195,18.210994],[100.687894,18.210588],[100.688375,18.209876],[100.689358,18.209384],[100.688991,18.208939],[100.689692,18.208736],[100.689654,18.208026],[100.690037,18.207595],[100.690152,18.206534],[100.690713,18.205789],[100.69086,18.204838],[100.690408,18.203008],[100.690969,18.202507],[100.690833,18.201977],[100.691367,18.201948],[100.692379,18.200975],[100.692477,18.200463],[100.693224,18.200146],[100.692873,18.199409],[100.69212,18.199398],[100.692264,18.198757],[100.69173,18.198168],[100.692474,18.196835],[100.692353,18.196368],[100.691566,18.196315],[100.691894,18.196082],[100.69143,18.195566],[100.691583,18.193239],[100.692288,18.192797],[100.692703,18.192088],[100.693185,18.192511],[100.693933,18.191683],[100.694613,18.191635],[100.695214,18.19106],[100.69608,18.191067],[100.696619,18.190593],[100.697324,18.190557],[100.69755,18.190006],[100.698183,18.190141],[100.698545,18.189866],[100.699333,18.189865],[100.699795,18.189207],[100.701757,18.18855],[100.70349,18.188442],[100.704434,18.188852],[100.705337,18.188518],[100.706942,18.188797],[100.707416,18.188637],[100.708089,18.189417],[100.710433,18.189166],[100.711488,18.189757],[100.711953,18.189639],[100.712606,18.190028],[100.713881,18.18918],[100.715207,18.189296],[100.716766,18.188617],[100.717982,18.187698],[100.718244,18.186856],[100.719383,18.186193],[100.720552,18.185971],[100.72202,18.186165],[100.723401,18.186778],[100.724737,18.187948],[100.728165,18.187973],[100.728713,18.188187],[100.729678,18.189305],[100.732453,18.189743],[100.73336,18.188276],[100.735059,18.186877],[100.735394,18.186008],[100.737749,18.184593],[100.739401,18.184693],[100.74055,18.18406],[100.743383,18.184055],[100.744674,18.18352],[100.746955,18.183564],[100.748379,18.182272],[100.750453,18.182363],[100.751243,18.181604],[100.753431,18.18103],[100.754439,18.179677],[100.755693,18.178844],[100.755105,18.177319],[100.75502,18.175335],[100.755456,18.174038],[100.75522,18.172534],[100.756525,18.171546],[100.757096,18.170103],[100.758595,18.170295],[100.759723,18.171834],[100.760352,18.172207],[100.76457,18.171049],[100.766851,18.17198],[100.76819,18.171855],[100.771124,18.171038],[100.773712,18.171487],[100.775409,18.170657],[100.776809,18.169437],[100.778178,18.169082],[100.778673,18.168511],[100.781402,18.166788],[100.784994,18.166082],[100.788525,18.166479],[100.789792,18.166249],[100.790903,18.166441],[100.787447,18.158305],[100.783127,18.155923],[100.779792,18.151352],[100.772221,18.148425],[100.76554,18.143301],[100.753928,18.144794],[100.746759,18.150648],[100.743096,18.150563],[100.741846,18.148205],[100.735439,18.146788],[100.721101,18.149781],[100.721424,18.151711],[100.719019,18.152447],[100.716582,18.151448],[100.708596,18.152585],[100.706636,18.149919],[100.702359,18.152817],[100.697751,18.152375],[100.694311,18.155172],[100.690117,18.154498],[100.672726,18.165799],[100.675141,18.171889],[100.675105,18.17823],[100.673204,18.184441],[100.668689,18.188023],[100.667437,18.191342],[100.65094,18.193142],[100.646805,18.19218],[100.643787,18.194125],[100.641607,18.198708],[100.635404,18.197568],[100.630654,18.198607],[100.628978,18.191599],[100.623568,18.190034],[100.622428,18.187509],[100.615477,18.186698],[100.609598,18.189288],[100.604911,18.187692],[100.600185,18.192192],[100.58707,18.19936],[100.585031,18.210939],[100.580323,18.216432],[100.580469,18.220874],[100.573347,18.219833],[100.568223,18.222475],[100.562534,18.222216],[100.555318,18.228852],[100.554037,18.235071],[100.553887,18.235028],[100.554473,18.23538],[100.5554,18.235398],[100.556659,18.235893],[100.558044,18.235314],[100.559118,18.23518],[100.559469,18.235377],[100.559914,18.23618],[100.560461,18.236313],[100.562238,18.235605],[100.565386,18.235655],[100.566328,18.235334],[100.568215,18.235962],[100.568278,18.236162],[100.569389,18.236378],[100.570182,18.235937],[100.570895,18.236167],[100.571883,18.235993],[100.57304,18.236704],[100.574873,18.236279],[100.57637,18.237675],[100.57721,18.237735],[100.577707,18.238086],[100.578625,18.238083],[100.579063,18.238714],[100.579471,18.238832],[100.579536,18.239439],[100.580541,18.239277],[100.581358,18.23969],[100.581732,18.239446],[100.581592,18.239205],[100.582272,18.238946],[100.584438,18.239132],[100.5847,18.238726],[100.58534,18.238858],[100.586049,18.238093],[100.586926,18.238283],[100.587663,18.238124],[100.588702,18.238487],[100.590749,18.238278],[100.591663,18.238022],[100.591898,18.237736],[100.593429,18.237439],[100.593613,18.237035],[100.59425,18.237069],[100.59458,18.236615],[100.595009,18.236494],[100.597885,18.237095],[100.59871,18.23669],[100.599606,18.237002],[100.60091,18.236414],[100.602562,18.236881],[100.605696,18.237214],[100.607067,18.236931],[100.608141,18.236205],[100.609033,18.236158],[100.609709,18.236454],[100.610413,18.237367],[100.611645,18.237864],[100.613707,18.236923],[100.615099,18.237015],[100.617698,18.235938],[100.620095,18.235803],[100.622402,18.235346],[100.623103,18.235569],[100.625275,18.237153],[100.626414,18.237528],[100.628319,18.237625],[100.629612,18.236897],[100.631239,18.236603],[100.633063,18.236806],[100.63435,18.237368],[100.635057,18.238014],[100.636262,18.24104],[100.637243,18.242186],[100.637188,18.242637],[100.635856,18.243725],[100.635842,18.244197],[100.636748,18.245077],[100.638097,18.245915],[100.640632,18.246217],[100.642836,18.245588],[100.643176,18.245182],[100.643724,18.245016],[100.644442,18.244012],[100.645595,18.243442],[100.646562,18.243583],[100.646905,18.243068],[100.647628,18.242957],[100.648345,18.243287],[100.650803,18.242313],[100.651831,18.242641],[100.654088,18.242702],[100.654616,18.242435],[100.655186,18.242689],[100.655899,18.241517],[100.65668,18.24123],[100.658924,18.242225],[100.659476,18.241258],[100.660465,18.240619],[100.661213,18.239691],[100.663104,18.239553],[100.665483,18.23812],[100.666024,18.237253],[100.6662,18.235772]]]},"bbox":[100.553887,18.143301,100.790903,18.246217]},{"type":"Feature","id":"7508f03d-6cc5-4947-ad57-8b8a277f76d9","properties":{"id":"7508f03d-6cc5-4947-ad57-8b8a277f76d9","code":"05551201","provinceCode":"55","nameTh":"เทศบาลตำบล บ่อเกลือใต้","nameEn":null,"geometryType":"MUNICIPALITY","sourceUrl":"https://landometer.com/api/v2/citymeter-v3/grocery/info/geom/7508f03d-6cc5-4947-ad57-8b8a277f76d9/MUNICIPALITY","sourceSha256":"96d9bf0219a3d97d9710b36cfc28f556e315974c88ee56ee7e5ee7a2d06dc077","retrievedAt":"2026-10-04T05:43:54.117582+00:00","boundaryVintage":null,"geometryStatus":"native_source_polygon_display_simplified","simplificationToleranceDegrees":0.00015,"simplificationPreservesTopology":true,"invalidSourceRepair":"make_valid; retain polygonal components; discard zero-area collapsed lines","legalBoundaryIndependentlyVerified":false,"areaId":"7508f03d-6cc5-4947-ad57-8b8a277f76d9"},"geometry":{"type":"Polygon","coordinates":[[[101.213747,19.16437],[101.218498,19.159233],[101.220878,19.1539],[101.223412,19.152882],[101.224152,19.149139],[101.222453,19.145823],[101.224308,19.144195],[101.228612,19.145569],[101.238851,19.161161],[101.246851,19.162666],[101.248294,19.164227],[101.250761,19.171916],[101.250405,19.172458],[101.252143,19.171532],[101.25302,19.170782],[101.253213,19.170007],[101.252433,19.167442],[101.253163,19.1627],[101.253901,19.160795],[101.254237,19.158668],[101.254872,19.1575],[101.254435,19.155254],[101.254499,19.154206],[101.255746,19.152192],[101.257416,19.15039],[101.257942,19.149225],[101.257799,19.14095],[101.258023,19.140131],[101.258689,19.139432],[101.258615,19.138918],[101.257512,19.137581],[101.256124,19.135022],[101.254748,19.133431],[101.254301,19.132012],[101.256026,19.127815],[101.256445,19.125253],[101.256748,19.12465],[101.25991,19.124105],[101.261292,19.122272],[101.26357,19.121048],[101.266036,19.117316],[101.268027,19.116743],[101.269778,19.115375],[101.272121,19.114018],[101.275076,19.113531],[101.278313,19.11207],[101.285304,19.109948],[101.286104,19.109037],[101.286482,19.107036],[101.286748,19.106647],[101.289223,19.104428],[101.29291,19.104429],[101.29397,19.103951],[101.296284,19.100928],[101.298124,19.096915],[101.297842,19.096147],[101.297091,19.095641],[101.296675,19.094937],[101.297487,19.093873],[101.302241,19.091136],[101.304387,19.08963],[101.305651,19.08807],[101.309344,19.085833],[101.315882,19.08012],[101.317262,19.079922],[101.31952,19.080994],[101.321049,19.081313],[101.323488,19.081085],[101.325287,19.080556],[101.325841,19.079971],[101.326066,19.079124],[101.325443,19.075254],[101.326806,19.072697],[101.327791,19.072277],[101.330649,19.072297],[101.332018,19.071787],[101.332641,19.07085],[101.332322,19.068528],[101.33286,19.068059],[101.334199,19.068121],[101.337059,19.069391],[101.338423,19.07041],[101.339405,19.070397],[101.341195,19.068955],[101.342058,19.067723],[101.343219,19.063718],[101.344008,19.062033],[101.344354,19.061627],[101.346762,19.060519],[101.347671,19.059479],[101.348215,19.057989],[101.348605,19.055845],[101.349481,19.054516],[101.350324,19.05238],[101.351856,19.05191],[101.354165,19.051881],[101.355846,19.051437],[101.358212,19.051295],[101.358147,19.050901],[101.356074,19.048943],[101.354651,19.048833],[101.354376,19.048516],[101.354365,19.047744],[101.355363,19.046507],[101.355353,19.045798],[101.354386,19.044395],[101.353089,19.043639],[101.352743,19.043129],[101.352729,19.042099],[101.35224,19.041013],[101.351147,19.040255],[101.350923,19.038776],[101.350362,19.037368],[101.348852,19.035906],[101.348641,19.03533],[101.34875,19.033462],[101.348456,19.031858],[101.347901,19.030833],[101.346258,19.029504],[101.346162,19.027446],[101.345814,19.026807],[101.345665,19.025779],[101.34518,19.025013],[101.342659,19.023821],[101.340661,19.021207],[101.339963,19.018869],[101.340338,19.017478],[101.340354,19.013809],[101.339721,19.012144],[101.339761,19.01015],[101.339481,19.00951],[101.338521,19.008556],[101.33817,19.007659],[101.33666,19.006134],[101.336506,19.004783],[101.33616,19.00421],[101.335342,19.003834],[101.332022,19.003424],[101.329044,19.003398],[101.32816,19.003087],[101.326929,19.002201],[101.325912,19.002022],[101.321318,19.002529],[101.318941,19.001852],[101.314953,19.00216],[101.313455,19.001535],[101.310897,19.002402],[101.309742,19.002096],[101.308332,18.999654],[101.306173,18.997491],[101.304781,18.988138],[101.290892,18.989536],[101.268986,18.998677],[101.239343,19.005425],[101.234166,19.010101],[101.231439,19.020334],[101.227675,19.024152],[101.22907,19.029176],[101.220646,19.029372],[101.215246,19.027583],[101.212908,19.023446],[101.203472,19.026704],[101.198121,19.022666],[101.194986,19.025917],[101.196626,19.029135],[101.193516,19.033408],[101.19083,19.03616],[101.188031,19.03491],[101.191418,19.038226],[101.190866,19.039996],[101.188736,19.042166],[101.183614,19.043214],[101.182272,19.042148],[101.179362,19.048744],[101.175978,19.045299],[101.172035,19.052558],[101.169503,19.05264],[101.170704,19.054597],[101.165704,19.061674],[101.159525,19.063392],[101.15541,19.058833],[101.140183,19.051656],[101.133224,19.044339],[101.122465,19.04381],[101.121749,19.033263],[101.120708,19.031906],[101.114379,19.032689],[101.113117,19.031388],[101.113443,19.028646],[101.119968,19.022819],[101.115982,19.020173],[101.118781,19.017577],[101.11739,19.015276],[101.119045,19.013711],[101.118812,19.008594],[101.120967,19.00391],[101.117604,19.000865],[101.116098,18.996164],[101.111045,18.992281],[101.110333,18.989617],[101.113337,18.984259],[101.111079,18.980731],[101.113705,18.977833],[101.112692,18.972897],[101.110663,18.973591],[101.111252,18.970596],[101.108446,18.969628],[101.110126,18.966034],[101.114107,18.964646],[101.111867,18.960355],[101.111726,18.960626],[101.111431,18.960438],[101.108855,18.95832],[101.108217,18.95836],[101.107412,18.959349],[101.105757,18.959388],[101.101807,18.957714],[101.101526,18.956652],[101.100231,18.955836],[101.09904,18.954556],[101.097757,18.954086],[101.096771,18.954326],[101.094944,18.955994],[101.092243,18.960881],[101.091815,18.961258],[101.09128,18.961326],[101.090054,18.96278],[101.088263,18.963694],[101.085652,18.964121],[101.084406,18.964089],[101.083378,18.964736],[101.082245,18.964861],[101.082146,18.96717],[101.081314,18.967444],[101.081235,18.967779],[101.080898,18.967947],[101.080811,18.968605],[101.080305,18.968605],[101.080096,18.968877],[101.079731,18.972197],[101.078956,18.972544],[101.078358,18.974103],[101.077448,18.974388],[101.076572,18.975987],[101.075288,18.976557],[101.07478,18.977612],[101.07492,18.978848],[101.074482,18.979441],[101.073909,18.979609],[101.073439,18.979411],[101.073195,18.977299],[101.072261,18.976361],[101.071598,18.976372],[101.071845,18.977988],[101.071392,18.978061],[101.070631,18.97737],[101.07027,18.977341],[101.070055,18.977656],[101.070085,18.97832],[101.069055,18.978894],[101.071853,18.980442],[101.072034,18.980942],[101.071839,18.981337],[101.071156,18.981375],[101.069669,18.980734],[101.069517,18.980512],[101.069666,18.980172],[101.069173,18.980076],[101.067188,18.98143],[101.067103,18.981821],[101.067514,18.982731],[101.066134,18.982638],[101.066269,18.98406],[101.066082,18.984496],[101.065738,18.984608],[101.064568,18.984262],[101.063786,18.985213],[101.06304,18.984818],[101.062581,18.985186],[101.062499,18.985787],[101.062725,18.986154],[101.064113,18.986653],[101.064627,18.987274],[101.064352,18.987522],[101.063287,18.987256],[101.062491,18.9874],[101.06188,18.988132],[101.062596,18.989215],[101.063528,18.989709],[101.064078,18.989489],[101.065963,18.989498],[101.06688,18.98917],[101.066991,18.989438],[101.06644,18.990303],[101.066719,18.990699],[101.06806,18.989604],[101.069151,18.989731],[101.069833,18.990083],[101.070016,18.990478],[101.069559,18.991024],[101.070719,18.991759],[101.07029,18.992328],[101.070368,18.992672],[101.071058,18.993119],[101.072585,18.993021],[101.072936,18.993307],[101.072811,18.993591],[101.071976,18.994009],[101.070762,18.994102],[101.071008,18.994614],[101.071459,18.994869],[101.071501,18.996645],[101.071161,18.997503],[101.073568,18.999018],[101.07436,19.001027],[101.075456,19.001166],[101.07675,19.000924],[101.077136,19.001215],[101.077206,19.002305],[101.075969,19.002988],[101.076952,19.003595],[101.077042,19.004237],[101.076363,19.004676],[101.076436,19.005678],[101.075815,19.005997],[101.07535,19.006631],[101.074577,19.006832],[101.07512,19.008038],[101.074353,19.008722],[101.074868,19.009362],[101.076012,19.009007],[101.07687,19.01035],[101.076849,19.010981],[101.077657,19.010839],[101.078024,19.011411],[101.077989,19.011761],[101.076926,19.012461],[101.077546,19.013414],[101.077037,19.013875],[101.077236,19.015211],[101.076573,19.016344],[101.075683,19.017043],[101.075761,19.017647],[101.075468,19.018577],[101.075586,19.020164],[101.07631,19.022203],[101.077885,19.023501],[101.078236,19.02461],[101.07602,19.026506],[101.075656,19.027594],[101.074816,19.028583],[101.075019,19.029262],[101.074877,19.029437],[101.072839,19.029867],[101.07172,19.03086],[101.070569,19.030813],[101.068921,19.032224],[101.069008,19.032992],[101.069768,19.033826],[101.070363,19.033474],[101.070887,19.033544],[101.072875,19.03532],[101.072629,19.035655],[101.071302,19.035468],[101.069452,19.035672],[101.069101,19.035901],[101.069936,19.037057],[101.071904,19.0369],[101.072808,19.037886],[101.072586,19.039031],[101.070745,19.038911],[101.069909,19.039947],[101.069228,19.040173],[101.068057,19.041279],[101.068585,19.043005],[101.069235,19.043586],[101.069274,19.045783],[101.069707,19.046988],[101.068407,19.047647],[101.066802,19.047486],[101.065632,19.048189],[101.064645,19.048413],[101.064301,19.048747],[101.064166,19.049763],[101.063309,19.05003],[101.062493,19.050779],[101.060991,19.051184],[101.059534,19.05215],[101.059877,19.052407],[101.06124,19.05242],[101.061585,19.052709],[101.061598,19.053342],[101.062831,19.05376],[101.064213,19.054637],[101.06462,19.057438],[101.065709,19.05803],[101.06622,19.059176],[101.065587,19.06043],[101.066561,19.061558],[101.06725,19.061949],[101.067537,19.062826],[101.068027,19.063216],[101.067219,19.063632],[101.067111,19.063999],[101.067831,19.064559],[101.068636,19.065936],[101.07027,19.067472],[101.072466,19.070331],[101.07334,19.074837],[101.075277,19.080209],[101.075268,19.080923],[101.074663,19.082281],[101.075827,19.083851],[101.076137,19.084991],[101.07446,19.087215],[101.072694,19.088206],[101.071175,19.089733],[101.070453,19.091063],[101.070577,19.093121],[101.071336,19.093797],[101.071634,19.09549],[101.072558,19.096562],[101.072884,19.097511],[101.072061,19.100106],[101.07057,19.101954],[101.070635,19.104691],[101.069809,19.107099],[101.071353,19.109749],[101.071802,19.111177],[101.071581,19.111947],[101.070639,19.11303],[101.071656,19.11767],[101.071149,19.1194],[101.071758,19.122337],[101.071415,19.124962],[101.070891,19.126851],[101.071088,19.127855],[101.071697,19.128545],[101.074576,19.129664],[101.075277,19.130358],[101.075962,19.131593],[101.076007,19.132163],[101.075593,19.133491],[101.076009,19.134744],[101.077381,19.135599],[101.078091,19.136995],[101.07873,19.137609],[101.080312,19.138608],[101.084756,19.139596],[101.085816,19.140081],[101.085687,19.142086],[101.086395,19.143263],[101.086622,19.14481],[101.087849,19.146961],[101.087897,19.148906],[101.088385,19.15037],[101.090431,19.150968],[101.091005,19.151927],[101.092245,19.152607],[101.092755,19.154006],[101.09358,19.155364],[101.093744,19.156824],[101.094184,19.157506],[101.095295,19.158357],[101.098306,19.159719],[101.098526,19.160126],[101.098444,19.161516],[101.10001,19.16307],[101.099611,19.164399],[101.100151,19.165657],[101.100634,19.166178],[101.102479,19.166625],[101.10303,19.167007],[101.103807,19.168804],[101.102959,19.169881],[101.103555,19.171381],[101.109185,19.178365],[101.109422,19.179474],[101.109212,19.180515],[101.10777,19.181453],[101.10733,19.181999],[101.107615,19.18378],[101.106864,19.185251],[101.106848,19.18705],[101.104411,19.188305],[101.104749,19.189492],[101.105648,19.190985],[101.105791,19.193256],[101.107256,19.194015],[101.108,19.195311],[101.109381,19.195896],[101.10992,19.196467],[101.110999,19.19625],[101.112282,19.196608],[101.113603,19.196497],[101.114613,19.196834],[101.115768,19.197689],[101.118521,19.198051],[101.119207,19.198741],[101.120457,19.200975],[101.122253,19.202355],[101.122047,19.203608],[101.122194,19.204147],[101.123826,19.205072],[101.125238,19.2071],[101.128397,19.20795],[101.129454,19.209013],[101.12949,19.209608],[101.129004,19.211066],[101.12966,19.212723],[101.129613,19.214066],[101.128438,19.218574],[101.128081,19.224135],[101.127061,19.226953],[101.127012,19.228072],[101.127831,19.228884],[101.127249,19.230327],[101.128144,19.231692],[101.128061,19.232882],[101.128586,19.233953],[101.128748,19.236174],[101.129045,19.236968],[101.129706,19.236835],[101.129475,19.235836],[101.133613,19.23385],[101.149311,19.231869],[101.153302,19.229689],[101.15546,19.222926],[101.155243,19.215862],[101.155696,19.21595],[101.155242,19.21585],[101.155972,19.207759],[101.157958,19.205939],[101.174509,19.201939],[101.178838,19.193789],[101.185127,19.187703],[101.192241,19.177421],[101.200883,19.173511],[101.211202,19.174008],[101.214523,19.172751],[101.215432,19.167127],[101.213747,19.16437]]]},"bbox":[101.059534,18.954086,101.35824,19.237086]},{"type":"Feature","id":"924e2d32-c208-4a3a-803f-cbc3ea09d8d8","properties":{"id":"924e2d32-c208-4a3a-803f-cbc3ea09d8d8","code":"05551301","provinceCode":"55","nameTh":"เทศบาลตำบล ยอด","nameEn":null,"geometryType":"MUNICIPALITY","sourceUrl":"https://landometer.com/api/v2/citymeter-v3/grocery/info/geom/924e2d32-c208-4a3a-803f-cbc3ea09d8d8/MUNICIPALITY","sourceSha256":"120ab047c9160b56bcfd649289979c2c1541c372b50a8af7967daebb5fb24811","retrievedAt":"2026-10-04T05:43:54.099277+00:00","boundaryVintage":null,"geometryStatus":"native_source_polygon_display_simplified","simplificationToleranceDegrees":0.00015,"simplificationPreservesTopology":true,"invalidSourceRepair":"make_valid; retain polygonal components; discard zero-area collapsed lines","legalBoundaryIndependentlyVerified":false,"areaId":"924e2d32-c208-4a3a-803f-cbc3ea09d8d8"},"geometry":{"type":"Polygon","coordinates":[[[100.616446,19.442494],[100.621857,19.431946],[100.636127,19.419662],[100.635831,19.41368],[100.629689,19.406898],[100.640805,19.3977],[100.643872,19.374838],[100.647153,19.366399],[100.630921,19.348365],[100.614227,19.341435],[100.607101,19.333232],[100.607431,19.333328],[100.601194,19.32949],[100.599831,19.327954],[100.598628,19.327139],[100.595336,19.326198],[100.593446,19.326338],[100.592017,19.326949],[100.591209,19.326647],[100.590879,19.326196],[100.590956,19.320726],[100.589945,19.319599],[100.588329,19.318747],[100.58767,19.318051],[100.587088,19.316384],[100.586988,19.314961],[100.586305,19.314017],[100.583345,19.312553],[100.582238,19.311485],[100.580595,19.310523],[100.578545,19.310535],[100.577945,19.310339],[100.576836,19.308502],[100.574128,19.308159],[100.57319,19.306587],[100.571596,19.306062],[100.571053,19.3047],[100.56998,19.304602],[100.568694,19.305661],[100.568531,19.308159],[100.56676,19.308701],[100.565624,19.310546],[100.561565,19.311355],[100.561158,19.311642],[100.561154,19.313515],[100.56162,19.315909],[100.558812,19.319026],[100.558047,19.321284],[100.558091,19.323546],[100.559477,19.328363],[100.558404,19.330844],[100.558195,19.334549],[100.558488,19.335073],[100.562736,19.338866],[100.562885,19.339474],[100.559641,19.340901],[100.554152,19.34058],[100.551206,19.342677],[100.5489,19.344905],[100.547504,19.346671],[100.546491,19.348706],[100.546138,19.348989],[100.544194,19.349154],[100.54076,19.350667],[100.535709,19.350308],[100.533557,19.351427],[100.532698,19.352258],[100.531666,19.352404],[100.531129,19.353081],[100.529993,19.353223],[100.530086,19.354111],[100.531456,19.354793],[100.530844,19.35613],[100.53115,19.35697],[100.532143,19.358056],[100.531837,19.358856],[100.531958,19.359927],[100.533468,19.360536],[100.533931,19.361102],[100.532815,19.361601],[100.532573,19.362449],[100.532847,19.364186],[100.533988,19.365239],[100.533933,19.365501],[100.533618,19.365572],[100.533653,19.36629],[100.533352,19.366354],[100.533879,19.367364],[100.533578,19.367971],[100.533261,19.367677],[100.533118,19.367967],[100.5328,19.367838],[100.532718,19.368067],[100.532091,19.368066],[100.531801,19.368803],[100.531328,19.36926],[100.528908,19.370733],[100.528225,19.370993],[100.526953,19.370975],[100.526211,19.371349],[100.524732,19.373653],[100.522959,19.375356],[100.52288,19.378582],[100.522187,19.379927],[100.52121,19.380737],[100.519411,19.380686],[100.515292,19.378994],[100.513287,19.377289],[100.511737,19.374942],[100.509999,19.374486],[100.508798,19.373256],[100.505688,19.371328],[100.504694,19.371202],[100.503107,19.371812],[100.501629,19.371997],[100.496694,19.371191],[100.495987,19.371399],[100.495671,19.372373],[100.495978,19.376257],[100.495863,19.377856],[100.495526,19.378686],[100.494474,19.3801],[100.493961,19.380546],[100.492829,19.380921],[100.488443,19.381046],[100.486669,19.381567],[100.485947,19.381881],[100.484796,19.38304],[100.48483,19.383976],[100.485589,19.385096],[100.488954,19.38713],[100.489272,19.387744],[100.489008,19.388895],[100.487816,19.390064],[100.487335,19.39115],[100.488583,19.393501],[100.488534,19.394886],[100.487805,19.396951],[100.488095,19.399551],[100.490071,19.399485],[100.490795,19.399],[100.492212,19.398789],[100.495515,19.400016],[100.497339,19.400404],[100.500327,19.401899],[100.501868,19.401922],[100.504262,19.402731],[100.506127,19.40303],[100.507329,19.403724],[100.508578,19.405986],[100.509998,19.406528],[100.513007,19.406774],[100.513743,19.406116],[100.515576,19.406331],[100.517841,19.405883],[100.520513,19.406574],[100.52358,19.408023],[100.526358,19.408966],[100.529078,19.411438],[100.534718,19.41467],[100.53666,19.415492],[100.539956,19.416101],[100.541896,19.417371],[100.544859,19.420045],[100.54689,19.421175],[100.548581,19.422889],[100.5497,19.424469],[100.55147,19.426043],[100.555211,19.428092],[100.557665,19.430278],[100.561358,19.432781],[100.562539,19.434454],[100.564755,19.436195],[100.565276,19.437856],[100.564939,19.442916],[100.565377,19.453923],[100.566285,19.455757],[100.568855,19.457463],[100.569521,19.458284],[100.570427,19.461964],[100.571241,19.463584],[100.574327,19.465121],[100.575358,19.465882],[100.576988,19.469361],[100.580637,19.472647],[100.58201,19.474451],[100.583136,19.475456],[100.584314,19.47557],[100.587142,19.474858],[100.58799,19.474904],[100.590452,19.476213],[100.593488,19.477251],[100.594448,19.47735],[100.597447,19.476956],[100.598684,19.477111],[100.602516,19.479214],[100.603359,19.481932],[100.603444,19.483205],[100.603401,19.485134],[100.602663,19.486737],[100.60243,19.487899],[100.605741,19.485365],[100.606797,19.481275],[100.606522,19.478832],[100.602399,19.476621],[100.60302,19.472131],[100.609459,19.468387],[100.61245,19.464414],[100.609849,19.451428],[100.610075,19.450075],[100.616446,19.442494]]]},"bbox":[100.48475,19.304515,100.647153,19.487899]},{"type":"Feature","id":"c9bdd44d-2af0-40cd-9475-7f438f0ecce5","properties":{"id":"c9bdd44d-2af0-40cd-9475-7f438f0ecce5","code":"06550104","provinceCode":"55","nameTh":"องค์การบริหารส่วนตำบล ไชยสถาน","nameEn":null,"geometryType":"MUNICIPALITY","sourceUrl":"https://landometer.com/api/v2/citymeter-v3/grocery/info/geom/c9bdd44d-2af0-40cd-9475-7f438f0ecce5/MUNICIPALITY","sourceSha256":"1bd0f56d369d6f3edf6ce867b0dd198defd356a0f93d4374619b5090e9099bb9","retrievedAt":"2026-10-04T05:43:54.091880+00:00","boundaryVintage":null,"geometryStatus":"native_source_polygon_display_simplified","simplificationToleranceDegrees":0.00015,"simplificationPreservesTopology":true,"invalidSourceRepair":"make_valid; retain polygonal components; discard zero-area collapsed lines","legalBoundaryIndependentlyVerified":false,"areaId":"c9bdd44d-2af0-40cd-9475-7f438f0ecce5"},"geometry":{"type":"Polygon","coordinates":[[[100.76347,18.776642],[100.763171,18.775785],[100.762487,18.774853],[100.76157,18.776664],[100.758224,18.776508],[100.750701,18.779709],[100.747052,18.778551],[100.749088,18.774966],[100.743987,18.773889],[100.742248,18.766616],[100.739755,18.763391],[100.740773,18.754963],[100.738366,18.752362],[100.733529,18.754063],[100.736782,18.750522],[100.734418,18.740939],[100.723877,18.74256],[100.717289,18.745088],[100.717127,18.745696],[100.712958,18.747632],[100.708264,18.756806],[100.701315,18.76249],[100.7034,18.765345],[100.699632,18.77112],[100.702121,18.774693],[100.699584,18.77465],[100.697794,18.777779],[100.702925,18.783136],[100.704146,18.784036],[100.717882,18.782848],[100.722605,18.784525],[100.722559,18.790417],[100.720528,18.793108],[100.721957,18.796251],[100.725111,18.796448],[100.725755,18.805868],[100.727225,18.812764],[100.735167,18.810599],[100.748148,18.796156],[100.756867,18.789303],[100.764227,18.777396],[100.76347,18.776642]]]},"bbox":[100.697794,18.740939,100.764227,18.812764]},{"type":"Feature","id":"793b5c3c-620c-4b0e-9319-dc52f4ceec17","properties":{"id":"793b5c3c-620c-4b0e-9319-dc52f4ceec17","code":"06550105","provinceCode":"55","nameTh":"องค์การบริหารส่วนตำบล ถืมตอง","nameEn":null,"geometryType":"MUNICIPALITY","sourceUrl":"https://landometer.com/api/v2/citymeter-v3/grocery/info/geom/793b5c3c-620c-4b0e-9319-dc52f4ceec17/MUNICIPALITY","sourceSha256":"b4de1a273552d5b7584be9f3633ca6c1c43749343769a6ef248d5afa761b72f6","retrievedAt":"2026-10-04T05:43:54.088687+00:00","boundaryVintage":null,"geometryStatus":"native_source_polygon_display_simplified","simplificationToleranceDegrees":0.00015,"simplificationPreservesTopology":true,"invalidSourceRepair":"make_valid; retain polygonal components; discard zero-area collapsed lines","legalBoundaryIndependentlyVerified":false,"areaId":"793b5c3c-620c-4b0e-9319-dc52f4ceec17"},"geometry":{"type":"Polygon","coordinates":[[[100.721957,18.796251],[100.720528,18.793108],[100.722559,18.790417],[100.722605,18.784525],[100.717882,18.782848],[100.704146,18.784036],[100.702925,18.783136],[100.697794,18.777779],[100.68393,18.788139],[100.679291,18.788993],[100.679571,18.793739],[100.673277,18.801123],[100.666261,18.802464],[100.671208,18.80887],[100.674923,18.807576],[100.67878,18.809409],[100.686614,18.802376],[100.700504,18.80363],[100.700436,18.805468],[100.704648,18.808968],[100.707397,18.808364],[100.722943,18.81395],[100.727225,18.812764],[100.725755,18.805868],[100.725111,18.796448],[100.721957,18.796251]]]},"bbox":[100.666261,18.777779,100.727225,18.81395]},{"type":"Feature","id":"dd6428bb-5478-47e1-b06b-8692fb8aa2cf","properties":{"id":"dd6428bb-5478-47e1-b06b-8692fb8aa2cf","code":"06550106","provinceCode":"55","nameTh":"องค์การบริหารส่วนตำบล บ่อ","nameEn":null,"geometryType":"MUNICIPALITY","sourceUrl":"https://landometer.com/api/v2/citymeter-v3/grocery/info/geom/dd6428bb-5478-47e1-b06b-8692fb8aa2cf/MUNICIPALITY","sourceSha256":"e1927adeca65eb5e6909708c7034a7788981d579cdf0ade275c08434a49c7b33","retrievedAt":"2026-10-04T05:43:54.132793+00:00","boundaryVintage":null,"geometryStatus":"native_source_polygon_display_simplified","simplificationToleranceDegrees":0.00015,"simplificationPreservesTopology":true,"invalidSourceRepair":"make_valid; retain polygonal components; discard zero-area collapsed lines","legalBoundaryIndependentlyVerified":false,"areaId":"dd6428bb-5478-47e1-b06b-8692fb8aa2cf"},"geometry":{"type":"Polygon","coordinates":[[[100.684527,19.044937],[100.687546,19.043643],[100.688711,19.043424],[100.693895,19.044358],[100.696432,19.044037],[100.696756,19.044257],[100.69762,19.043863],[100.699244,19.044439],[100.700202,19.043891],[100.701058,19.045202],[100.702432,19.045364],[100.705378,19.046342],[100.707227,19.045257],[100.707407,19.044844],[100.707833,19.044649],[100.708609,19.044668],[100.709435,19.045104],[100.709855,19.045652],[100.710212,19.045615],[100.710492,19.044947],[100.709745,19.044498],[100.709822,19.04378],[100.709522,19.043157],[100.71015,19.042894],[100.711045,19.042924],[100.710653,19.042202],[100.71109,19.040451],[100.712205,19.03883],[100.713091,19.038032],[100.713113,19.036988],[100.712331,19.03645],[100.712397,19.036131],[100.71283,19.036008],[100.713991,19.036291],[100.716111,19.034166],[100.716541,19.034444],[100.717718,19.033971],[100.717842,19.033014],[100.718307,19.032428],[100.719434,19.031864],[100.720643,19.031905],[100.722134,19.029895],[100.724152,19.029574],[100.72544,19.027815],[100.727488,19.027062],[100.72779,19.025768],[100.727865,19.023614],[100.72678,19.022211],[100.726694,19.020251],[100.727097,19.019357],[100.727116,19.018541],[100.726405,19.016768],[100.726201,19.015423],[100.726329,19.014689],[100.727303,19.013289],[100.728928,19.011709],[100.730493,19.011506],[100.731737,19.011046],[100.732808,19.009664],[100.734207,19.008374],[100.735136,19.00823],[100.736566,19.009593],[100.740199,19.01114],[100.742913,19.013362],[100.743806,19.014586],[100.746559,19.016031],[100.748485,19.015716],[100.749919,19.014752],[100.75392,19.016519],[100.754911,19.016384],[100.75559,19.016625],[100.756372,19.016017],[100.757114,19.016307],[100.757433,19.015954],[100.75867,19.015781],[100.759346,19.015141],[100.759942,19.015393],[100.760999,19.015337],[100.761847,19.014512],[100.762502,19.014488],[100.762953,19.014808],[100.764013,19.014615],[100.765075,19.014942],[100.765402,19.014571],[100.765677,19.014804],[100.766041,19.014527],[100.768611,19.014473],[100.768771,19.014054],[100.769239,19.013768],[100.769468,19.012599],[100.770863,19.012055],[100.771008,19.011523],[100.771253,19.011427],[100.771759,19.012593],[100.773386,19.011954],[100.773628,19.01234],[100.773943,19.012189],[100.774953,19.012798],[100.775301,19.01274],[100.776081,19.013444],[100.776139,19.013812],[100.776568,19.013767],[100.778238,19.015111],[100.780188,19.015429],[100.781422,19.011668],[100.786256,19.009354],[100.787381,19.009231],[100.788032,19.008792],[100.789093,19.00977],[100.78988,19.009968],[100.790662,19.009668],[100.791302,19.008844],[100.792298,19.009115],[100.793405,19.008729],[100.795228,19.008953],[100.796888,19.008573],[100.797727,19.007605],[100.798723,19.006956],[100.799984,19.006538],[100.801412,19.005362],[100.802055,19.005109],[100.802734,19.005091],[100.803408,19.006258],[100.805685,19.006495],[100.806223,19.006174],[100.806395,19.004895],[100.807741,19.003481],[100.810864,19.003275],[100.814526,19.003579],[100.817163,19.002249],[100.817295,19.001965],[100.818992,19.00142],[100.819533,19.001534],[100.819994,19.00102],[100.819978,19.000709],[100.820508,19.000741],[100.820319,19.000327],[100.8215,19.000155],[100.822431,18.999575],[100.82302,18.998655],[100.823571,18.998343],[100.82415,18.998484],[100.824659,18.997785],[100.82554,18.997769],[100.826032,18.99677],[100.827786,18.996138],[100.828012,18.995607],[100.828411,18.995343],[100.828125,18.995115],[100.828242,18.994915],[100.828983,18.994929],[100.82954,18.995229],[100.829612,18.99452],[100.83111,18.993987],[100.830636,18.992841],[100.830616,18.991581],[100.832428,18.991597],[100.834443,18.99052],[100.834608,18.989724],[100.834071,18.986653],[100.833059,18.985666],[100.833002,18.985075],[100.833171,18.984826],[100.833787,18.984761],[100.834789,18.985177],[100.836589,18.984491],[100.836649,18.983229],[100.835702,18.98197],[100.836109,18.9795],[100.835265,18.977966],[100.834071,18.976902],[100.833757,18.975935],[100.832419,18.975243],[100.830931,18.970997],[100.829527,18.968154],[100.828363,18.966684],[100.828207,18.965913],[100.827608,18.965501],[100.826957,18.965914],[100.826145,18.968406],[100.825679,18.968809],[100.823051,18.969004],[100.821667,18.968445],[100.821708,18.967506],[100.822026,18.966899],[100.823675,18.965975],[100.823182,18.964414],[100.822622,18.964079],[100.820522,18.963867],[100.820064,18.962916],[100.81958,18.962476],[100.816377,18.962203],[100.816369,18.96101],[100.817008,18.960325],[100.817113,18.958711],[100.817945,18.957707],[100.818214,18.956134],[100.817617,18.955714],[100.816597,18.955752],[100.815821,18.95454],[100.816124,18.953808],[100.815932,18.953251],[100.815587,18.952742],[100.814647,18.952159],[100.813922,18.952269],[100.813895,18.953383],[100.813315,18.953823],[100.812078,18.953667],[100.811528,18.952881],[100.811429,18.952127],[100.810557,18.95053],[100.810683,18.949912],[100.811712,18.948454],[100.811934,18.94746],[100.811698,18.946512],[100.810043,18.945766],[100.809759,18.945346],[100.80991,18.943526],[100.810737,18.942084],[100.810116,18.940225],[100.811151,18.938595],[100.810793,18.937906],[100.809856,18.937159],[100.810068,18.935742],[100.81129,18.934202],[100.812348,18.933334],[100.81411,18.933666],[100.815064,18.933401],[100.815649,18.932735],[100.815223,18.931085],[100.813371,18.92969],[100.81306,18.928725],[100.812452,18.927909],[100.812077,18.927861],[100.811493,18.92685],[100.81101,18.926869],[100.809834,18.927625],[100.808599,18.927763],[100.805525,18.926347],[100.803426,18.925831],[100.80202,18.925856],[100.800882,18.926304],[100.800453,18.927096],[100.800547,18.928432],[100.800261,18.929367],[100.799592,18.929495],[100.799192,18.929243],[100.798759,18.927051],[100.799907,18.924914],[100.799902,18.924136],[100.799566,18.923282],[100.798506,18.92229],[100.797652,18.920307],[100.799099,18.918822],[100.799255,18.917778],[100.79844,18.917025],[100.797062,18.918116],[100.796633,18.918065],[100.79615,18.917416],[100.796005,18.916282],[100.797255,18.915591],[100.797637,18.915726],[100.798958,18.915523],[100.800031,18.914777],[100.80016,18.914401],[100.802621,18.914153],[100.80297,18.91323],[100.801297,18.911818],[100.799974,18.911329],[100.799187,18.911407],[100.798471,18.911113],[100.795795,18.908921],[100.793353,18.907515],[100.792969,18.907061],[100.792929,18.906173],[100.793717,18.904736],[100.794652,18.904118],[100.795559,18.903994],[100.796256,18.903418],[100.795648,18.902299],[100.794914,18.901554],[100.794596,18.901601],[100.794454,18.90221],[100.794129,18.9025],[100.790619,18.904104],[100.78904,18.904526],[100.786181,18.907109],[100.784545,18.905868],[100.783111,18.903298],[100.782741,18.901334],[100.783256,18.898863],[100.784598,18.897133],[100.785108,18.895908],[100.785026,18.893774],[100.784633,18.891949],[100.784876,18.891563],[100.777731,18.894087],[100.776569,18.897256],[100.770413,18.898202],[100.762297,18.903499],[100.751223,18.908332],[100.750806,18.904653],[100.749077,18.903438],[100.741242,18.905681],[100.734782,18.903058],[100.726963,18.903012],[100.721262,18.909826],[100.714973,18.912331],[100.71693,18.919751],[100.716089,18.921525],[100.709548,18.923452],[100.706242,18.921424],[100.703769,18.923327],[100.697311,18.923151],[100.698214,18.926131],[100.695549,18.935024],[100.689327,18.93602],[100.673015,18.94646],[100.669042,18.947215],[100.668706,18.949687],[100.67089,18.952415],[100.663554,18.956937],[100.664571,18.961354],[100.66189,18.966166],[100.650981,18.97351],[100.637634,18.993419],[100.62843,18.994306],[100.625837,18.993225],[100.627595,19.002003],[100.622634,19.00493],[100.622454,19.008467],[100.618431,19.013049],[100.605496,19.020335],[100.607635,19.022538],[100.609931,19.02669],[100.610536,19.027158],[100.613021,19.028004],[100.614079,19.028627],[100.614786,19.03016],[100.615638,19.031022],[100.618214,19.032618],[100.619289,19.033648],[100.619281,19.034254],[100.618505,19.035576],[100.6175,19.038118],[100.615329,19.040146],[100.614541,19.041909],[100.616111,19.043185],[100.617245,19.044746],[100.619222,19.046574],[100.620478,19.049775],[100.623496,19.053305],[100.624992,19.054435],[100.626267,19.055065],[100.630504,19.056235],[100.631536,19.056791],[100.632003,19.057634],[100.632443,19.061148],[100.633056,19.061758],[100.638526,19.061902],[100.640465,19.061346],[100.644468,19.05932],[100.645465,19.059029],[100.648353,19.058939],[100.651279,19.059638],[100.65609,19.058631],[100.657351,19.058728],[100.663027,19.061233],[100.664667,19.061183],[100.665724,19.060617],[100.66783,19.058452],[100.66889,19.056465],[100.669282,19.055152],[100.670623,19.052868],[100.672053,19.051391],[100.67321,19.050983],[100.675721,19.05096],[100.676946,19.050654],[100.679573,19.048717],[100.682501,19.046131],[100.684527,19.044937]]]},"bbox":[100.605496,18.891495,100.836698,19.061959]},{"type":"Feature","id":"458e2b79-9980-4011-932b-e77fea7ff50b","properties":{"id":"458e2b79-9980-4011-932b-e77fea7ff50b","code":"06550107","provinceCode":"55","nameTh":"องค์การบริหารส่วนตำบล ผาสิงห์","nameEn":null,"geometryType":"MUNICIPALITY","sourceUrl":"https://landometer.com/api/v2/citymeter-v3/grocery/info/geom/458e2b79-9980-4011-932b-e77fea7ff50b/MUNICIPALITY","sourceSha256":"4756e7e48b4486fad45eb387d27ef53cce27eff4fdf832fd373efd15e349ea32","retrievedAt":"2026-10-04T05:43:54.119562+00:00","boundaryVintage":null,"geometryStatus":"native_source_polygon_display_simplified","simplificationToleranceDegrees":0.00015,"simplificationPreservesTopology":true,"invalidSourceRepair":"make_valid; retain polygonal components; discard zero-area collapsed lines","legalBoundaryIndependentlyVerified":false,"areaId":"458e2b79-9980-4011-932b-e77fea7ff50b"},"geometry":{"type":"Polygon","coordinates":[[[100.777731,18.894087],[100.784964,18.891377],[100.784888,18.890663],[100.782845,18.890095],[100.78044,18.888237],[100.780304,18.885778],[100.781365,18.884155],[100.781671,18.88326],[100.781537,18.882373],[100.781968,18.881684],[100.781977,18.881155],[100.783415,18.8798],[100.783781,18.8792],[100.783733,18.878651],[100.784392,18.878134],[100.784771,18.878178],[100.78494,18.87776],[100.785288,18.87808],[100.787002,18.877923],[100.787464,18.87745],[100.787505,18.876836],[100.78827,18.87647],[100.788744,18.874836],[100.788596,18.873143],[100.789216,18.87305],[100.789285,18.872647],[100.789191,18.871995],[100.788443,18.871263],[100.788896,18.871025],[100.789086,18.870483],[100.790851,18.869799],[100.791285,18.869926],[100.791767,18.868847],[100.791568,18.868],[100.790495,18.867735],[100.788217,18.865298],[100.788074,18.862437],[100.786979,18.859906],[100.786661,18.857011],[100.786033,18.855935],[100.785471,18.852767],[100.784799,18.85153],[100.784256,18.851046],[100.782167,18.850573],[100.779825,18.848557],[100.779977,18.848029],[100.781944,18.847011],[100.78275,18.846072],[100.783058,18.843052],[100.783,18.839435],[100.785041,18.838043],[100.786017,18.836439],[100.785506,18.833424],[100.785983,18.830215],[100.787436,18.827349],[100.787469,18.826123],[100.788017,18.823995],[100.787743,18.822689],[100.78708,18.82183],[100.786812,18.82105],[100.786649,18.819903],[100.786862,18.816152],[100.786059,18.813945],[100.785489,18.810142],[100.786086,18.805937],[100.785711,18.806173],[100.779366,18.79495],[100.779719,18.792835],[100.764227,18.777396],[100.756867,18.789303],[100.748148,18.796156],[100.735167,18.810599],[100.722974,18.813941],[100.722998,18.823959],[100.715647,18.828042],[100.712211,18.831854],[100.701275,18.854627],[100.70403,18.861304],[100.708134,18.864882],[100.706865,18.871691],[100.712174,18.8784],[100.706192,18.8828],[100.714254,18.890865],[100.72333,18.893916],[100.724614,18.900099],[100.726963,18.903012],[100.734782,18.903058],[100.741242,18.905681],[100.749077,18.903438],[100.750806,18.904653],[100.751223,18.908332],[100.762297,18.903499],[100.770413,18.898202],[100.776569,18.897256],[100.777731,18.894087]]]},"bbox":[100.701275,18.777396,100.791767,18.908332]},{"type":"Feature","id":"732f7df3-dd3e-4daf-b69f-6584f8a668d1","properties":{"id":"732f7df3-dd3e-4daf-b69f-6584f8a668d1","code":"06550108","provinceCode":"55","nameTh":"องค์การบริหารส่วนตำบล เรือง","nameEn":null,"geometryType":"MUNICIPALITY","sourceUrl":"https://landometer.com/api/v2/citymeter-v3/grocery/info/geom/732f7df3-dd3e-4daf-b69f-6584f8a668d1/MUNICIPALITY","sourceSha256":"0d4c05631622b436b6a258179f88831eeae08cf422c1cda2871200ebb210fb38","retrievedAt":"2026-10-04T05:43:54.118296+00:00","boundaryVintage":null,"geometryStatus":"native_source_polygon_display_simplified","simplificationToleranceDegrees":0.00015,"simplificationPreservesTopology":true,"invalidSourceRepair":"make_valid; retain polygonal components; discard zero-area collapsed lines","legalBoundaryIndependentlyVerified":false,"areaId":"732f7df3-dd3e-4daf-b69f-6584f8a668d1"},"geometry":{"type":"Polygon","coordinates":[[[100.697794,18.777779],[100.699584,18.77465],[100.702121,18.774693],[100.699632,18.77112],[100.7034,18.765345],[100.701315,18.76249],[100.664757,18.754342],[100.656362,18.760463],[100.65352,18.760689],[100.650601,18.757925],[100.647334,18.760457],[100.645426,18.764927],[100.647545,18.772256],[100.64111,18.774021],[100.638946,18.7743],[100.631797,18.773436],[100.627419,18.771179],[100.614476,18.771279],[100.607525,18.777213],[100.608026,18.777472],[100.60431,18.780287],[100.601945,18.78138],[100.599687,18.780704],[100.598279,18.780869],[100.595431,18.782001],[100.591145,18.784212],[100.586413,18.79037],[100.585583,18.794973],[100.586795,18.798323],[100.593802,18.796232],[100.598585,18.798081],[100.606708,18.794225],[100.617886,18.795874],[100.626161,18.792822],[100.639034,18.792073],[100.646265,18.796395],[100.646806,18.799363],[100.655832,18.798175],[100.666261,18.802464],[100.673277,18.801123],[100.679571,18.793739],[100.679291,18.788993],[100.68393,18.788139],[100.697794,18.777779]]]},"bbox":[100.585583,18.754342,100.7034,18.802464]},{"type":"Feature","id":"aa71600d-8b84-456a-88db-d4d8b0c1bbcc","properties":{"id":"aa71600d-8b84-456a-88db-d4d8b0c1bbcc","code":"06550109","provinceCode":"55","nameTh":"องค์การบริหารส่วนตำบล บ่อสวก","nameEn":null,"geometryType":"MUNICIPALITY","sourceUrl":"https://landometer.com/api/v2/citymeter-v3/grocery/info/geom/aa71600d-8b84-456a-88db-d4d8b0c1bbcc/MUNICIPALITY","sourceSha256":"e0060cd580f46965ad56a3d23c850a3a908f4a8893bd61c356c942aaf064f34a","retrievedAt":"2026-10-04T05:43:54.170322+00:00","boundaryVintage":null,"geometryStatus":"native_source_polygon_display_simplified","simplificationToleranceDegrees":0.00015,"simplificationPreservesTopology":true,"invalidSourceRepair":"make_valid; retain polygonal components; discard zero-area collapsed lines","legalBoundaryIndependentlyVerified":false,"areaId":"aa71600d-8b84-456a-88db-d4d8b0c1bbcc"},"geometry":{"type":"Polygon","coordinates":[[[100.631797,18.773436],[100.638946,18.7743],[100.64111,18.774021],[100.647545,18.772256],[100.645426,18.764927],[100.647334,18.760457],[100.650601,18.757925],[100.65352,18.760689],[100.656362,18.760463],[100.664757,18.754342],[100.701315,18.76249],[100.708264,18.756806],[100.712958,18.747632],[100.717127,18.745696],[100.717289,18.745088],[100.716529,18.745392],[100.717088,18.74083],[100.714835,18.741912],[100.713411,18.739126],[100.704602,18.739045],[100.699867,18.735905],[100.700116,18.73364],[100.697714,18.731657],[100.679336,18.72004],[100.671356,18.7238],[100.662221,18.715196],[100.659692,18.706459],[100.662758,18.704425],[100.659224,18.702621],[100.646893,18.707021],[100.636093,18.708184],[100.625281,18.712279],[100.620181,18.715861],[100.615534,18.71488],[100.614246,18.717543],[100.605812,18.717448],[100.596865,18.721336],[100.59684,18.721838],[100.59489,18.723832],[100.593781,18.72621],[100.593593,18.728609],[100.594495,18.734187],[100.594226,18.734772],[100.592962,18.735235],[100.592645,18.736499],[100.595524,18.742429],[100.597459,18.743689],[100.598662,18.746004],[100.601055,18.746671],[100.602702,18.747824],[100.605008,18.747562],[100.605588,18.748056],[100.605578,18.749014],[100.604108,18.751393],[100.603707,18.753064],[100.603822,18.753945],[100.605263,18.756076],[100.605257,18.756992],[100.604643,18.757844],[100.602396,18.759738],[100.601797,18.760589],[100.601539,18.761452],[100.602166,18.768257],[100.603523,18.77397],[100.603975,18.774812],[100.605037,18.776001],[100.607525,18.777213],[100.614476,18.771279],[100.627419,18.771179],[100.631797,18.773436]]]},"bbox":[100.59263,18.702621,100.717289,18.777213]},{"type":"Feature","id":"2a23223e-ca5a-47ed-aebc-bfce3e3acadb","properties":{"id":"2a23223e-ca5a-47ed-aebc-bfce3e3acadb","code":"06550110","provinceCode":"55","nameTh":"องค์การบริหารส่วนตำบล สะเนียน","nameEn":null,"geometryType":"MUNICIPALITY","sourceUrl":"https://landometer.com/api/v2/citymeter-v3/grocery/info/geom/2a23223e-ca5a-47ed-aebc-bfce3e3acadb/MUNICIPALITY","sourceSha256":"f4389f637f9176227878a9a857d0ec5b760929e0b7c937c71adb64348457bc3a","retrievedAt":"2026-10-04T05:43:54.199561+00:00","boundaryVintage":null,"geometryStatus":"native_source_polygon_display_simplified","simplificationToleranceDegrees":0.00015,"simplificationPreservesTopology":true,"invalidSourceRepair":"make_valid; retain polygonal components; discard zero-area collapsed lines","legalBoundaryIndependentlyVerified":false,"areaId":"2a23223e-ca5a-47ed-aebc-bfce3e3acadb"},"geometry":{"type":"Polygon","coordinates":[[[100.514271,19.044798],[100.516082,19.044349],[100.518772,19.044582],[100.521349,19.044433],[100.524061,19.043133],[100.526685,19.042786],[100.531388,19.041318],[100.532414,19.041286],[100.533446,19.041905],[100.535326,19.045735],[100.535919,19.046369],[100.538257,19.046919],[100.541043,19.046931],[100.543126,19.046263],[100.545833,19.044334],[100.546485,19.043492],[100.54752,19.040897],[100.548243,19.040404],[100.549137,19.040303],[100.550485,19.040498],[100.551682,19.041236],[100.553104,19.044029],[100.553829,19.044743],[100.554873,19.044959],[100.556788,19.044737],[100.557901,19.043802],[100.559233,19.041416],[100.560283,19.038235],[100.561821,19.034746],[100.562788,19.033519],[100.565798,19.031366],[100.567841,19.030595],[100.570962,19.030325],[100.579805,19.03149],[100.580835,19.031526],[100.58345,19.031057],[100.584383,19.030411],[100.585697,19.028383],[100.586328,19.027893],[100.590189,19.027921],[100.592513,19.027259],[100.597179,19.024141],[100.599697,19.023736],[100.600802,19.023225],[100.60338,19.02065],[100.605477,19.020335],[100.605594,19.020651],[100.605496,19.020335],[100.618431,19.013049],[100.622454,19.008467],[100.622634,19.00493],[100.627595,19.002003],[100.625837,18.993225],[100.62843,18.994306],[100.637634,18.993419],[100.650981,18.97351],[100.66189,18.966166],[100.664571,18.961354],[100.663554,18.956937],[100.67089,18.952415],[100.668706,18.949687],[100.669042,18.947215],[100.673015,18.94646],[100.689327,18.93602],[100.695549,18.935024],[100.698214,18.926131],[100.697311,18.923151],[100.703769,18.923327],[100.706242,18.921424],[100.709548,18.923452],[100.716089,18.921525],[100.71693,18.919751],[100.714973,18.912331],[100.721262,18.909826],[100.726963,18.903012],[100.724614,18.900099],[100.72333,18.893916],[100.714254,18.890865],[100.706192,18.8828],[100.712174,18.8784],[100.706865,18.871691],[100.708134,18.864882],[100.70403,18.861304],[100.701275,18.854627],[100.712211,18.831854],[100.715647,18.828042],[100.722998,18.823959],[100.723024,18.813959],[100.707397,18.808364],[100.704648,18.808968],[100.700436,18.805468],[100.700504,18.80363],[100.686614,18.802376],[100.67878,18.809409],[100.674923,18.807576],[100.671208,18.80887],[100.666261,18.802464],[100.655832,18.798175],[100.646806,18.799363],[100.646265,18.796395],[100.639034,18.792073],[100.626161,18.792822],[100.617886,18.795874],[100.606708,18.794225],[100.598585,18.798081],[100.593802,18.796232],[100.586795,18.798323],[100.585583,18.794973],[100.586413,18.79037],[100.591145,18.784212],[100.591477,18.78405],[100.590787,18.784103],[100.590325,18.783718],[100.589,18.779831],[100.587745,18.777356],[100.582125,18.771378],[100.580956,18.77074],[100.577901,18.770268],[100.577554,18.769943],[100.577371,18.769117],[100.574493,18.767888],[100.574199,18.767365],[100.574111,18.766318],[100.57274,18.765796],[100.570577,18.765453],[100.567807,18.765524],[100.566173,18.766],[100.564576,18.767067],[100.56236,18.76753],[100.559489,18.764992],[100.55492,18.764559],[100.552588,18.763883],[100.55032,18.762123],[100.548185,18.759972],[100.546592,18.75883],[100.545208,18.756367],[100.542563,18.755175],[100.540468,18.753853],[100.54023,18.752392],[100.541246,18.75186],[100.541835,18.752013],[100.542,18.751761],[100.541235,18.750067],[100.54144,18.749278],[100.541946,18.748714],[100.541765,18.747332],[100.542138,18.746245],[100.541972,18.745664],[100.541361,18.745729],[100.540983,18.746378],[100.541077,18.74763],[100.540187,18.747475],[100.539855,18.748242],[100.539281,18.74835],[100.538549,18.747843],[100.53863,18.74755],[100.539293,18.747135],[100.539009,18.746745],[100.538607,18.746856],[100.538403,18.746664],[100.538576,18.744718],[100.537349,18.74461],[100.536812,18.744049],[100.53566,18.743899],[100.534968,18.743971],[100.534297,18.744459],[100.533901,18.743691],[100.53346,18.743695],[100.533207,18.744203],[100.531833,18.743873],[100.531681,18.743324],[100.53106,18.743173],[100.530789,18.743395],[100.530039,18.743089],[100.530001,18.74265],[100.529338,18.742137],[100.529708,18.741165],[100.526795,18.742129],[100.526052,18.742147],[100.524361,18.741482],[100.523465,18.741906],[100.522547,18.74146],[100.521869,18.741554],[100.521486,18.74208],[100.520634,18.741419],[100.51978,18.741209],[100.519389,18.740595],[100.518371,18.741016],[100.517774,18.740233],[100.515566,18.739861],[100.513574,18.74031],[100.512831,18.739786],[100.51202,18.739853],[100.511437,18.739441],[100.51077,18.739459],[100.509915,18.738966],[100.509488,18.738342],[100.507225,18.737326],[100.506638,18.737413],[100.506275,18.738002],[100.505656,18.738049],[100.505278,18.737706],[100.505204,18.736692],[100.504731,18.736038],[100.504855,18.735159],[100.50581,18.733912],[100.505725,18.732379],[100.505324,18.730767],[100.504481,18.729316],[100.502315,18.727428],[100.501533,18.727258],[100.500736,18.727731],[100.499621,18.730347],[100.497319,18.73153],[100.496452,18.732239],[100.494533,18.734813],[100.493169,18.735606],[100.492713,18.73739],[100.492423,18.740071],[100.492813,18.74119],[100.495743,18.743993],[100.49857,18.749094],[100.498808,18.752503],[100.499288,18.754615],[100.501325,18.757883],[100.501446,18.760185],[100.500237,18.762095],[100.500153,18.763404],[100.500594,18.76451],[100.502915,18.767785],[100.502641,18.772837],[100.503017,18.775202],[100.503843,18.778178],[100.503473,18.780405],[100.503418,18.783343],[100.504114,18.784778],[100.506682,18.787298],[100.506566,18.789683],[100.50685,18.790663],[100.509051,18.793755],[100.509088,18.794561],[100.5081,18.79863],[100.507088,18.800764],[100.507573,18.807317],[100.508537,18.810066],[100.508694,18.812114],[100.508447,18.815605],[100.507169,18.818353],[100.506983,18.820202],[100.512814,18.821295],[100.514204,18.822436],[100.514792,18.823704],[100.515897,18.824606],[100.516662,18.82615],[100.517333,18.826893],[100.518131,18.827321],[100.520432,18.827311],[100.521835,18.829053],[100.523227,18.829557],[100.524154,18.830461],[100.525639,18.831005],[100.526876,18.833403],[100.528481,18.834325],[100.528877,18.834862],[100.529002,18.835829],[100.528057,18.837522],[100.528211,18.838204],[100.52911,18.839431],[100.532482,18.841448],[100.53224,18.84362],[100.530366,18.844935],[100.530188,18.845315],[100.530351,18.845611],[100.53214,18.846093],[100.531802,18.847729],[100.531932,18.85067],[100.530265,18.851362],[100.529453,18.853255],[100.528134,18.854916],[100.527819,18.85581],[100.528239,18.857038],[100.531444,18.860243],[100.531835,18.860894],[100.532001,18.862022],[100.531886,18.862914],[100.530984,18.865092],[100.531094,18.866028],[100.531555,18.866931],[100.531498,18.868315],[100.530577,18.870129],[100.529481,18.874068],[100.530536,18.87505],[100.530998,18.876905],[100.530788,18.87794],[100.529859,18.879613],[100.529874,18.882148],[100.529398,18.883958],[100.529485,18.884902],[100.530247,18.887101],[100.530102,18.89252],[100.529827,18.894354],[100.528532,18.897344],[100.52713,18.899049],[100.527012,18.899551],[100.528869,18.903204],[100.530344,18.903899],[100.530293,18.905052],[100.530868,18.9084],[100.532135,18.909883],[100.532228,18.911043],[100.531828,18.912021],[100.530515,18.913876],[100.530861,18.914708],[100.530409,18.915478],[100.530968,18.916103],[100.530906,18.916488],[100.527844,18.918312],[100.524323,18.919402],[100.523733,18.919794],[100.523464,18.920287],[100.523212,18.923552],[100.521717,18.925795],[100.519464,18.927827],[100.518336,18.930935],[100.518862,18.931549],[100.519859,18.931674],[100.530129,18.932049],[100.530688,18.933044],[100.530619,18.935334],[100.532421,18.937541],[100.533618,18.94045],[100.534944,18.940927],[100.536823,18.940292],[100.537577,18.940616],[100.537937,18.941078],[100.538597,18.942761],[100.538858,18.944172],[100.539096,18.945845],[100.539011,18.947095],[100.538286,18.948733],[100.536601,18.950526],[100.535678,18.954982],[100.534418,18.956744],[100.533398,18.957321],[100.529563,18.957921],[100.527454,18.959461],[100.526143,18.960916],[100.524276,18.961585],[100.5216,18.964591],[100.510354,18.972986],[100.508136,18.975993],[100.506472,18.978919],[100.504292,18.980619],[100.502458,18.982812],[100.500978,18.985698],[100.501061,18.988491],[100.501417,18.989754],[100.503055,18.990687],[100.503598,18.991401],[100.504518,18.994513],[100.504506,18.99529],[100.504121,18.995774],[100.498468,18.997143],[100.495954,18.997498],[100.492751,18.999272],[100.48864,19.000495],[100.485475,19.002041],[100.481947,19.002654],[100.479922,19.002522],[100.479215,19.001965],[100.478596,19.002035],[100.478466,19.002485],[100.478042,19.002676],[100.477209,19.002116],[100.476377,19.002613],[100.474019,19.002022],[100.472972,19.003214],[100.471716,19.003623],[100.470871,19.003554],[100.46945,19.002349],[100.468719,19.002158],[100.466207,19.002577],[100.463618,19.002422],[100.462163,19.002948],[100.461079,19.002703],[100.459546,19.002888],[100.458718,19.003675],[100.457833,19.004107],[100.457582,19.005492],[100.456857,19.005769],[100.45626,19.006434],[100.455167,19.007038],[100.455397,19.007546],[100.456219,19.007647],[100.455742,19.008687],[100.456386,19.009451],[100.45829,19.009614],[100.459523,19.010368],[100.459814,19.011894],[100.460354,19.012716],[100.462461,19.013144],[100.462939,19.013529],[100.463156,19.014187],[100.464234,19.01472],[100.46553,19.014217],[100.466144,19.014309],[100.466434,19.015821],[100.465908,19.017464],[100.466257,19.0181],[100.466946,19.018421],[100.468247,19.018501],[100.468902,19.018322],[100.469518,19.017789],[100.469942,19.017793],[100.470266,19.018179],[100.471102,19.021013],[100.471435,19.02149],[100.474383,19.022105],[100.476186,19.022966],[100.477727,19.024308],[100.478194,19.025044],[100.478306,19.025916],[100.479658,19.026794],[100.479858,19.027187],[100.479655,19.027989],[100.47925,19.028176],[100.478614,19.027426],[100.477901,19.027467],[100.47782,19.027806],[100.478162,19.028195],[100.477792,19.029133],[100.480351,19.029862],[100.480746,19.030509],[100.48061,19.031415],[100.482185,19.03175],[100.481711,19.032724],[100.481613,19.033618],[100.481975,19.035147],[100.481763,19.035284],[100.480895,19.034903],[100.480411,19.035004],[100.479996,19.035676],[100.479875,19.036543],[100.48136,19.035928],[100.482583,19.036012],[100.482922,19.036376],[100.482923,19.036798],[100.482381,19.0371],[100.482081,19.036653],[100.481828,19.036665],[100.481423,19.037722],[100.484696,19.037842],[100.485513,19.03932],[100.485566,19.040466],[100.485829,19.040903],[100.486138,19.040843],[100.486316,19.039906],[100.487149,19.039213],[100.487979,19.038966],[100.48897,19.03929],[100.48941,19.038989],[100.489904,19.03902],[100.490198,19.039466],[100.490077,19.040376],[100.491957,19.043303],[100.492457,19.043347],[100.4926,19.042527],[100.493167,19.042713],[100.493219,19.043341],[100.492817,19.044227],[100.493286,19.044757],[100.492957,19.045439],[100.493505,19.047059],[100.493022,19.048076],[100.493214,19.048526],[100.493884,19.048623],[100.494095,19.048937],[100.493711,19.049208],[100.493073,19.05067],[100.493212,19.051136],[100.493979,19.051694],[100.493694,19.052361],[100.495458,19.052265],[100.496782,19.051729],[100.497871,19.051804],[100.499718,19.050655],[100.500535,19.050588],[100.502911,19.051219],[100.504549,19.049939],[100.506217,19.049286],[100.508436,19.048745],[100.511634,19.048382],[100.512873,19.047594],[100.513573,19.045311],[100.514271,19.044798]]]},"bbox":[100.455167,18.727257,100.726963,19.052412]},{"type":"Feature","id":"c1ad262a-47ab-4189-92c6-8595694f54b6","properties":{"id":"c1ad262a-47ab-4189-92c6-8595694f54b6","code":"06550112","provinceCode":"55","nameTh":"องค์การบริหารส่วนตำบล นาซาว","nameEn":null,"geometryType":"MUNICIPALITY","sourceUrl":"https://landometer.com/api/v2/citymeter-v3/grocery/info/geom/c1ad262a-47ab-4189-92c6-8595694f54b6/MUNICIPALITY","sourceSha256":"18f6b22946e87f3b65187266779ba2c3b722cef1b85052dfd227f3c17c205f59","retrievedAt":"2026-10-04T05:43:54.185629+00:00","boundaryVintage":null,"geometryStatus":"native_source_polygon_display_simplified","simplificationToleranceDegrees":0.00015,"simplificationPreservesTopology":true,"invalidSourceRepair":"make_valid; retain polygonal components; discard zero-area collapsed lines","legalBoundaryIndependentlyVerified":false,"areaId":"c1ad262a-47ab-4189-92c6-8595694f54b6"},"geometry":{"type":"Polygon","coordinates":[[[100.692678,18.687311],[100.690926,18.687133],[100.690336,18.687442],[100.688178,18.69033],[100.688227,18.691069],[100.688784,18.692289],[100.690491,18.694059],[100.690199,18.695551],[100.689443,18.696019],[100.685114,18.694253],[100.679608,18.692406],[100.677315,18.690722],[100.675434,18.689977],[100.672547,18.690026],[100.668243,18.688709],[100.662873,18.688908],[100.660886,18.689775],[100.659047,18.690268],[100.653537,18.690722],[100.651229,18.691621],[100.645772,18.691145],[100.644867,18.691398],[100.642765,18.692599],[100.641806,18.692329],[100.640605,18.690587],[100.639335,18.690516],[100.637682,18.691356],[100.635646,18.693461],[100.634023,18.694666],[100.631955,18.695541],[100.631923,18.6973],[100.632371,18.69976],[100.633261,18.701552],[100.633385,18.703116],[100.63304,18.704349],[100.632422,18.705363],[100.630973,18.706899],[100.630245,18.707347],[100.629462,18.707077],[100.627971,18.705521],[100.626136,18.70491],[100.62304,18.701795],[100.621148,18.701171],[100.620672,18.701206],[100.620197,18.701289],[100.619805,18.701417],[100.618434,18.702245],[100.61624,18.704183],[100.611174,18.709836],[100.610089,18.710312],[100.608881,18.710039],[100.60661,18.708891],[100.604276,18.707097],[100.601505,18.706673],[100.599975,18.705498],[100.597977,18.704522],[100.595152,18.704434],[100.59264,18.702665],[100.59134,18.702131],[100.59045,18.70225],[100.589477,18.703213],[100.589117,18.703881],[100.589135,18.704879],[100.589714,18.706549],[100.591097,18.708934],[100.591917,18.709623],[100.593352,18.710008],[100.594384,18.710601],[100.595741,18.711965],[100.596214,18.714171],[100.596191,18.715402],[100.594769,18.717105],[100.594469,18.718411],[100.594629,18.718868],[100.596435,18.720438],[100.596873,18.721395],[100.605812,18.717448],[100.614246,18.717543],[100.615534,18.71488],[100.620181,18.715861],[100.625281,18.712279],[100.636093,18.708184],[100.646893,18.707021],[100.659224,18.702621],[100.662758,18.704425],[100.659692,18.706459],[100.662221,18.715196],[100.671356,18.7238],[100.679336,18.72004],[100.697714,18.731657],[100.700116,18.73364],[100.699867,18.735905],[100.704602,18.739045],[100.713411,18.739126],[100.714835,18.741912],[100.717088,18.74083],[100.716529,18.745392],[100.723877,18.74256],[100.734201,18.740973],[100.734781,18.734251],[100.725843,18.729129],[100.716165,18.728066],[100.712408,18.722207],[100.707805,18.721051],[100.70502,18.716706],[100.705846,18.702683],[100.706294,18.701535],[100.705983,18.701699],[100.705831,18.701297],[100.704205,18.699991],[100.703428,18.699009],[100.702206,18.696565],[100.701218,18.693411],[100.700204,18.691834],[100.698688,18.690731],[100.692678,18.687311]],[[100.621083,18.701176],[100.621014,18.701181],[100.62105228571401,18.701178142857163],[100.621083,18.701176]]]},"bbox":[100.5891,18.687045,100.734781,18.745392]},{"type":"Feature","id":"d3fc84e4-7edf-47ad-941b-96ec19c232c3","properties":{"id":"d3fc84e4-7edf-47ad-941b-96ec19c232c3","code":"06550202","provinceCode":"55","nameTh":"องค์การบริหารส่วนตำบล น้ำพาง","nameEn":null,"geometryType":"MUNICIPALITY","sourceUrl":"https://landometer.com/api/v2/citymeter-v3/grocery/info/geom/d3fc84e4-7edf-47ad-941b-96ec19c232c3/MUNICIPALITY","sourceSha256":"2d053d490d456a25164b0c9eefe111f941208fe62c9faaad5fd5124bb05edd13","retrievedAt":"2026-10-04T05:43:54.207307+00:00","boundaryVintage":null,"geometryStatus":"native_source_polygon_display_simplified","simplificationToleranceDegrees":0.00015,"simplificationPreservesTopology":true,"invalidSourceRepair":"make_valid; retain polygonal components; discard zero-area collapsed lines","legalBoundaryIndependentlyVerified":false,"areaId":"d3fc84e4-7edf-47ad-941b-96ec19c232c3"},"geometry":{"type":"Polygon","coordinates":[[[101.236213,18.741655],[101.23541,18.740189],[101.230257,18.737413],[101.224476,18.733625],[101.224063,18.733021],[101.223968,18.731317],[101.226469,18.728609],[101.227277,18.72749],[101.227821,18.72599],[101.229369,18.724983],[101.229665,18.724264],[101.230158,18.723881],[101.232308,18.723594],[101.233032,18.723088],[101.233287,18.722624],[101.233561,18.721564],[101.233478,18.720271],[101.232615,18.717159],[101.23296,18.71463],[101.233619,18.713117],[101.234507,18.712124],[101.235559,18.711751],[101.240557,18.711567],[101.243917,18.711962],[101.246651,18.711479],[101.248283,18.710913],[101.249437,18.710226],[101.251444,18.708145],[101.253221,18.705855],[101.254191,18.70554],[101.256438,18.705868],[101.257223,18.705622],[101.260069,18.701077],[101.260727,18.700515],[101.261839,18.699908],[101.264994,18.699831],[101.267015,18.698817],[101.267919,18.698094],[101.268408,18.697415],[101.269332,18.69511],[101.27097,18.693428],[101.270935,18.690777],[101.272488,18.688899],[101.272413,18.688465],[101.27268,18.687945],[101.272088,18.687653],[101.269499,18.687287],[101.267623,18.686538],[101.266881,18.685701],[101.266394,18.683355],[101.265794,18.682518],[101.26329,18.68067],[101.262079,18.678931],[101.259456,18.677905],[101.258994,18.677525],[101.258739,18.675929],[101.258753,18.673792],[101.258199,18.669644],[101.257898,18.668777],[101.25693,18.667561],[101.254108,18.665899],[101.253785,18.665425],[101.250131,18.65671],[101.248634,18.655674],[101.246491,18.654788],[101.24331,18.652973],[101.241659,18.651337],[101.241323,18.649949],[101.241646,18.646585],[101.242855,18.64356],[101.242916,18.642902],[101.242872,18.641509],[101.242425,18.640258],[101.24132,18.638799],[101.239327,18.637104],[101.23902,18.636598],[101.237459,18.635678],[101.235882,18.635426],[101.235158,18.634941],[101.233463,18.631459],[101.229251,18.628179],[101.226707,18.624569],[101.225373,18.623605],[101.223242,18.62349],[101.220167,18.624238],[101.218874,18.62428],[101.217768,18.62351],[101.215493,18.620571],[101.214154,18.619256],[101.212879,18.618741],[101.210543,18.618249],[101.207109,18.618523],[101.203386,18.618143],[101.200126,18.616201],[101.194591,18.615],[101.191109,18.615127],[101.190037,18.614953],[101.186242,18.613007],[101.182985,18.612373],[101.182301,18.611921],[101.180098,18.606983],[101.179553,18.605186],[101.179765,18.604412],[101.181828,18.603672],[101.182466,18.602403],[101.181398,18.597415],[101.18135,18.594666],[101.180298,18.587929],[101.182608,18.587069],[101.186614,18.580897],[101.186918,18.579598],[101.186903,18.578408],[101.185559,18.576673],[101.185264,18.575087],[101.185293,18.573036],[101.184452,18.570456],[101.183694,18.569786],[101.182301,18.569087],[101.181926,18.568104],[101.181963,18.565843],[101.183377,18.560946],[101.183149,18.560319],[101.182553,18.559696],[101.179517,18.558203],[101.178163,18.558443],[101.175767,18.559752],[101.174125,18.559808],[101.17297,18.559352],[101.17092,18.556959],[101.170486,18.55674],[101.166842,18.557025],[101.160932,18.554607],[101.159466,18.554777],[101.158194,18.555347],[101.15723,18.555358],[101.154741,18.554458],[101.152911,18.554275],[101.151345,18.553726],[101.148794,18.552398],[101.148308,18.551986],[101.148117,18.550859],[101.149474,18.546525],[101.149464,18.545747],[101.148454,18.542219],[101.146241,18.540162],[101.144109,18.538941],[101.142764,18.538448],[101.142166,18.5379],[101.142132,18.53514],[101.141828,18.534576],[101.141243,18.534299],[101.140192,18.532991],[101.139155,18.52859],[101.138479,18.527375],[101.135112,18.52714],[101.133529,18.526747],[101.132417,18.526214],[101.131545,18.525348],[101.128505,18.524353],[101.127358,18.524378],[101.124934,18.524927],[101.12402,18.525514],[101.121281,18.526487],[101.118925,18.526837],[101.115767,18.526723],[101.111065,18.525719],[101.109878,18.525732],[101.10846,18.525181],[101.106875,18.522934],[101.104854,18.52222],[101.103982,18.521406],[101.102488,18.52374],[101.100207,18.525815],[101.098748,18.52767],[101.096758,18.529522],[101.093728,18.531783],[101.092829,18.531947],[101.090375,18.531639],[101.088712,18.5323],[101.086996,18.532437],[101.08441,18.534074],[101.082005,18.534557],[101.082015,18.535363],[101.08071,18.535802],[101.079478,18.535567],[101.078849,18.535902],[101.078761,18.536201],[101.079219,18.536995],[101.078846,18.538298],[101.07801,18.538727],[101.076605,18.538603],[101.076814,18.539945],[101.075584,18.540342],[101.074396,18.541473],[101.0734,18.541899],[101.073156,18.542796],[101.072788,18.542941],[101.072026,18.544058],[101.070777,18.545118],[101.070751,18.545702],[101.071141,18.546409],[101.069796,18.546553],[101.069358,18.547366],[101.067559,18.547919],[101.067031,18.547693],[101.067084,18.547085],[101.065808,18.547182],[101.065658,18.547418],[101.066214,18.547693],[101.066249,18.548128],[101.064732,18.548136],[101.065592,18.548949],[101.064919,18.549005],[101.064128,18.548352],[101.06333,18.549175],[101.0626,18.548673],[101.0624,18.55005],[101.060925,18.549473],[101.060619,18.548856],[101.05967,18.549288],[101.058894,18.548727],[101.058469,18.549027],[101.058747,18.549873],[101.058592,18.550062],[101.057059,18.549569],[101.056493,18.550537],[101.055676,18.55],[101.055838,18.550847],[101.055011,18.55094],[101.054367,18.551717],[101.052957,18.552221],[101.052719,18.552814],[101.050843,18.553292],[101.050266,18.554004],[101.049527,18.553302],[101.048942,18.553386],[101.048862,18.553726],[101.049339,18.554133],[101.049367,18.554464],[101.047584,18.555105],[101.048235,18.555895],[101.047206,18.556016],[101.047172,18.556789],[101.046946,18.556963],[101.046276,18.556734],[101.046258,18.55552],[101.045982,18.555192],[101.045365,18.555396],[101.044816,18.55634],[101.044344,18.556277],[101.044159,18.555732],[101.044292,18.554436],[101.043842,18.554245],[101.043076,18.554631],[101.042552,18.555521],[101.040944,18.555853],[101.041145,18.556932],[101.039275,18.556699],[101.038166,18.555781],[101.036479,18.557246],[101.03581,18.557242],[101.035498,18.557876],[101.036154,18.559578],[101.03602,18.560169],[101.034077,18.560301],[101.034149,18.559273],[101.033711,18.5589],[101.033241,18.559142],[101.033359,18.559895],[101.033127,18.560095],[101.032383,18.560275],[101.031814,18.559629],[101.031402,18.559638],[101.030211,18.560674],[101.031361,18.561728],[101.03166,18.562417],[101.031575,18.562748],[101.027394,18.5642],[101.027093,18.564646],[101.027533,18.565142],[101.027495,18.565417],[101.026928,18.56622],[101.026328,18.566498],[101.025632,18.56753],[101.025669,18.568069],[101.027292,18.570077],[101.026319,18.571134],[101.025953,18.571202],[101.026153,18.569743],[101.025757,18.569515],[101.024776,18.569579],[101.02414,18.568686],[101.023871,18.568671],[101.023358,18.569965],[101.023563,18.571142],[101.022986,18.571745],[101.023611,18.572392],[101.022784,18.57274],[101.021905,18.574153],[101.021406,18.574136],[101.018618,18.572848],[101.018091,18.571207],[101.016678,18.570952],[101.016402,18.571286],[101.015462,18.571472],[101.014263,18.570802],[101.012843,18.571667],[101.012589,18.571441],[101.012226,18.570119],[101.011836,18.569914],[101.010855,18.571437],[101.008587,18.572196],[101.008142,18.572773],[101.007546,18.573023],[101.007199,18.574425],[101.005761,18.574474],[101.004556,18.575607],[101.003342,18.575639],[101.001497,18.57676],[101.000385,18.576684],[100.999767,18.57706],[100.999407,18.577769],[100.999304,18.579537],[100.99865,18.579675],[100.997186,18.579228],[100.996646,18.579348],[100.996497,18.579773],[100.997068,18.581789],[100.996582,18.582669],[100.99595,18.582648],[100.994272,18.580476],[100.993525,18.580479],[100.993199,18.580857],[100.993045,18.581815],[100.994296,18.583068],[100.994312,18.583421],[100.993189,18.584922],[100.992396,18.584816],[100.992097,18.585075],[100.993117,18.586026],[100.99306,18.587419],[100.992489,18.587677],[100.991937,18.587017],[100.991605,18.586935],[100.990529,18.588107],[100.990727,18.588433],[100.991969,18.588969],[100.991988,18.589306],[100.988678,18.58948],[100.988446,18.590518],[100.986959,18.591588],[100.986308,18.591737],[100.986875,18.592625],[100.987098,18.593483],[100.987579,18.593957],[100.988408,18.594116],[100.98862,18.594901],[100.985753,18.59905],[100.985902,18.60061],[100.985442,18.601161],[100.985814,18.600983],[100.987221,18.60553],[100.992413,18.60728],[100.993065,18.613328],[100.995951,18.61001],[101.000215,18.611757],[101.00559,18.611148],[101.004903,18.616145],[101.000963,18.624119],[101.005789,18.625081],[101.007101,18.627755],[101.005641,18.630725],[100.999536,18.632654],[100.999592,18.643702],[101.002138,18.645403],[101.002586,18.65259],[101.005132,18.659429],[101.010287,18.664854],[101.009404,18.670748],[101.015111,18.679382],[101.018248,18.678452],[101.02076,18.669485],[101.023163,18.66831],[101.03703,18.671161],[101.038542,18.672661],[101.049775,18.666578],[101.062169,18.672869],[101.067565,18.681754],[101.06667,18.70172],[101.067009,18.702963],[101.067167,18.702923],[101.067033,18.701536],[101.077792,18.699266],[101.080491,18.702208],[101.087634,18.703016],[101.088409,18.707882],[101.091076,18.7098],[101.069931,18.769306],[101.069102,18.769811],[101.070754,18.768998],[101.085378,18.773843],[101.090614,18.773447],[101.094115,18.775723],[101.101373,18.788986],[101.128448,18.718545],[101.131094,18.720291],[101.131405,18.723556],[101.134636,18.726545],[101.138459,18.725891],[101.140374,18.728388],[101.15131,18.728108],[101.159243,18.733664],[101.172992,18.737778],[101.176827,18.740607],[101.175098,18.742015],[101.178213,18.743658],[101.180057,18.743847],[101.178619,18.741625],[101.183395,18.743343],[101.185341,18.742594],[101.186369,18.744891],[101.184446,18.746724],[101.188159,18.750153],[101.188887,18.74874],[101.194124,18.750318],[101.194623,18.749032],[101.196402,18.750359],[101.200061,18.749298],[101.200994,18.75339],[101.206391,18.751207],[101.210527,18.753557],[101.210334,18.755059],[101.212453,18.75225],[101.216306,18.754088],[101.218805,18.753313],[101.220654,18.760238],[101.218656,18.762922],[101.222832,18.766071],[101.220296,18.767259],[101.221698,18.770706],[101.227623,18.771674],[101.231716,18.775808],[101.235733,18.775669],[101.24718,18.783133],[101.251717,18.78368],[101.25089,18.786221],[101.251911,18.785189],[101.252046,18.783987],[101.250542,18.780834],[101.251014,18.778379],[101.249838,18.777193],[101.249166,18.775904],[101.249259,18.775326],[101.25105,18.773479],[101.253002,18.772447],[101.251994,18.771038],[101.250983,18.770503],[101.244721,18.770423],[101.243958,18.769865],[101.242595,18.767611],[101.240436,18.764798],[101.239619,18.761743],[101.238711,18.760265],[101.237951,18.755054],[101.238348,18.753415],[101.238713,18.752858],[101.238746,18.752092],[101.238045,18.748931],[101.236622,18.745463],[101.236213,18.741655]]]},"bbox":[100.985442,18.521406,101.272695,18.788986]},{"type":"Feature","id":"489df034-5065-4387-a999-6e503021de13","properties":{"id":"489df034-5065-4387-a999-6e503021de13","code":"06550203","provinceCode":"55","nameTh":"องค์การบริหารส่วนตำบล แม่จริม","nameEn":null,"geometryType":"MUNICIPALITY","sourceUrl":"https://landometer.com/api/v2/citymeter-v3/grocery/info/geom/489df034-5065-4387-a999-6e503021de13/MUNICIPALITY","sourceSha256":"fc60ce765ddd235d2026e3e2b753d58710c8a70300778d43d25f7e158231e8c6","retrievedAt":"2026-10-04T05:43:54.261692+00:00","boundaryVintage":null,"geometryStatus":"native_source_polygon_display_simplified","simplificationToleranceDegrees":0.00015,"simplificationPreservesTopology":true,"invalidSourceRepair":"make_valid; retain polygonal components; discard zero-area collapsed lines","legalBoundaryIndependentlyVerified":false,"areaId":"489df034-5065-4387-a999-6e503021de13"},"geometry":{"type":"Polygon","coordinates":[[[101.21041,18.895601],[101.212278,18.896536],[101.213278,18.896684],[101.216775,18.894247],[101.217529,18.894043],[101.218507,18.89422],[101.220144,18.896811],[101.2204,18.899506],[101.220665,18.90014],[101.221136,18.900543],[101.223051,18.899976],[101.22446,18.898897],[101.227546,18.898644],[101.229676,18.897577],[101.231093,18.897219],[101.233494,18.895654],[101.23439,18.895425],[101.236243,18.895455],[101.239122,18.894059],[101.239747,18.894138],[101.241309,18.89501],[101.243032,18.894919],[101.246549,18.89664],[101.248985,18.895971],[101.248461,18.893303],[101.247622,18.892484],[101.247107,18.891373],[101.246285,18.887629],[101.246254,18.886322],[101.246686,18.885407],[101.248695,18.884027],[101.248784,18.883051],[101.248507,18.881494],[101.24901,18.876952],[101.249853,18.874846],[101.251917,18.872188],[101.252578,18.867938],[101.253336,18.867149],[101.25333,18.86672],[101.253989,18.86623],[101.254503,18.866354],[101.254654,18.866109],[101.254639,18.864988],[101.254429,18.864649],[101.252823,18.863302],[101.252093,18.862337],[101.252995,18.860814],[101.253738,18.858904],[101.253487,18.856538],[101.252384,18.854406],[101.253825,18.849459],[101.254699,18.848491],[101.254876,18.847708],[101.25468,18.847082],[101.251065,18.843424],[101.250598,18.841674],[101.246966,18.839376],[101.246113,18.838482],[101.245646,18.837478],[101.245609,18.83474],[101.245369,18.834137],[101.245761,18.832073],[101.245632,18.827969],[101.246604,18.826082],[101.245948,18.826877],[101.234309,18.825681],[101.226577,18.827507],[101.221493,18.829217],[101.20323,18.824259],[101.201283,18.817702],[101.196908,18.81262],[101.189696,18.811991],[101.18234,18.803429],[101.171451,18.798397],[101.165789,18.792505],[101.157003,18.789915],[101.130297,18.790441],[101.12748,18.788616],[101.117847,18.791102],[101.111346,18.790595],[101.10743,18.793011],[101.104475,18.792828],[101.103658,18.795458],[101.100077,18.79486],[101.101902,18.789953],[101.094115,18.775723],[101.090614,18.773447],[101.085378,18.773843],[101.070754,18.768998],[101.055299,18.776472],[101.03796,18.777973],[101.032729,18.774032],[101.030385,18.775162],[101.029233,18.77372],[101.013612,18.770914],[101.010641,18.77196],[101.006821,18.777038],[100.995137,18.777613],[100.989264,18.778563],[100.973551,18.789531],[100.973593,18.789987],[100.974349,18.7904],[100.974888,18.791429],[100.975917,18.792407],[100.975587,18.793329],[100.975835,18.795629],[100.975385,18.797229],[100.976156,18.797578],[100.976263,18.79848],[100.978183,18.798428],[100.978745,18.798936],[100.978572,18.799668],[100.977946,18.800535],[100.9756,18.801988],[100.975137,18.802679],[100.975211,18.803209],[100.975957,18.803877],[100.976733,18.804188],[100.978585,18.803205],[100.980051,18.803758],[100.980158,18.805574],[100.981337,18.806384],[100.981444,18.807222],[100.982532,18.807524],[100.982432,18.808435],[100.983477,18.81057],[100.983316,18.810934],[100.982414,18.811517],[100.982302,18.812113],[100.982618,18.81244],[100.984217,18.812672],[100.984504,18.812939],[100.984659,18.814045],[100.984301,18.814856],[100.984769,18.815688],[100.984046,18.816761],[100.984816,18.817447],[100.984265,18.819046],[100.983142,18.820991],[100.983962,18.821875],[100.984922,18.822357],[100.985355,18.823433],[100.985137,18.825749],[100.984837,18.826523],[100.985086,18.827256],[100.984219,18.827839],[100.983899,18.828694],[100.982852,18.82937],[100.982682,18.831751],[100.982161,18.8327],[100.983575,18.833796],[100.983277,18.835621],[100.984775,18.83664],[100.98408,18.837834],[100.983952,18.839606],[100.983063,18.840539],[100.982582,18.841817],[100.982837,18.842677],[100.982619,18.843618],[100.983038,18.844816],[100.984037,18.84549],[100.983787,18.847924],[100.988979,18.846125],[100.991377,18.846099],[100.992667,18.845595],[100.993992,18.845947],[100.994998,18.84668],[100.995864,18.848058],[100.995994,18.849603],[100.998052,18.849569],[100.998938,18.850283],[100.998841,18.850981],[100.998167,18.852121],[100.996516,18.853603],[100.996709,18.85415],[100.998275,18.855006],[101.000512,18.855419],[101.002109,18.855272],[101.003954,18.853476],[101.005611,18.853056],[101.006274,18.852506],[101.007558,18.854647],[101.010118,18.854637],[101.010636,18.854974],[101.0113,18.856011],[101.013572,18.85566],[101.01413,18.854872],[101.014602,18.854804],[101.015152,18.855084],[101.014584,18.855837],[101.01507,18.855943],[101.014928,18.856227],[101.015267,18.856456],[101.016058,18.85662],[101.016648,18.855988],[101.017514,18.856225],[101.018444,18.856119],[101.018805,18.856443],[101.018773,18.856778],[101.019478,18.857269],[101.019116,18.858032],[101.019281,18.858384],[101.018964,18.858776],[101.019101,18.859029],[101.020668,18.857939],[101.021817,18.857492],[101.023535,18.857938],[101.024289,18.857547],[101.025761,18.857803],[101.026565,18.857519],[101.026893,18.858513],[101.027948,18.859152],[101.027996,18.859978],[101.028761,18.860856],[101.030975,18.86154],[101.031288,18.86127],[101.031806,18.861373],[101.031602,18.862422],[101.030977,18.862664],[101.03117,18.863714],[101.031034,18.864448],[101.030722,18.864749],[101.03248,18.865926],[101.03296,18.865612],[101.033197,18.866138],[101.033752,18.865986],[101.034305,18.866787],[101.033283,18.868028],[101.032325,18.86861],[101.032279,18.869204],[101.03517,18.870274],[101.035812,18.870267],[101.036738,18.871068],[101.038261,18.871781],[101.041649,18.871986],[101.04317,18.871391],[101.044708,18.871744],[101.046319,18.870862],[101.047018,18.870205],[101.047978,18.869848],[101.048943,18.868902],[101.050161,18.869139],[101.05113,18.868526],[101.05218,18.868401],[101.053346,18.86852],[101.054926,18.869235],[101.056011,18.869366],[101.058323,18.871063],[101.06044,18.871474],[101.061831,18.871212],[101.063533,18.870446],[101.064159,18.86978],[101.065089,18.867974],[101.067572,18.866961],[101.06889,18.8655],[101.069992,18.864828],[101.070433,18.863996],[101.072742,18.86312],[101.073393,18.862414],[101.074167,18.860871],[101.074581,18.860557],[101.075614,18.860434],[101.078817,18.860867],[101.080889,18.860375],[101.087765,18.857541],[101.08797,18.857252],[101.087744,18.855801],[101.088137,18.8552],[101.091773,18.853618],[101.097668,18.853075],[101.101421,18.853509],[101.103225,18.854244],[101.104279,18.853787],[101.106384,18.851935],[101.108543,18.85106],[101.108906,18.851319],[101.109127,18.852341],[101.111513,18.852942],[101.111435,18.853364],[101.110487,18.854336],[101.111454,18.854889],[101.111813,18.855577],[101.112342,18.855754],[101.113173,18.855474],[101.114563,18.85589],[101.11485,18.856347],[101.115754,18.856489],[101.116569,18.857105],[101.116842,18.857893],[101.117686,18.857464],[101.118153,18.857597],[101.118154,18.85808],[101.117606,18.858533],[101.117699,18.859582],[101.117978,18.859749],[101.118647,18.859536],[101.118917,18.859725],[101.118846,18.861934],[101.119121,18.862194],[101.120234,18.862204],[101.121495,18.863535],[101.121373,18.864636],[101.122373,18.864643],[101.122724,18.864951],[101.122799,18.865626],[101.122353,18.866373],[101.122578,18.867143],[101.123045,18.86733],[101.124016,18.867212],[101.125097,18.868398],[101.125127,18.869327],[101.124529,18.870277],[101.124512,18.870796],[101.125252,18.87106],[101.126052,18.870814],[101.126743,18.870891],[101.127306,18.871935],[101.128747,18.872249],[101.128583,18.872649],[101.127347,18.873329],[101.127287,18.873821],[101.127845,18.874834],[101.128967,18.875206],[101.130107,18.874701],[101.131439,18.87537],[101.13339,18.874766],[101.133764,18.875745],[101.134774,18.876592],[101.134935,18.877395],[101.137306,18.879258],[101.13878,18.879594],[101.140207,18.879529],[101.141157,18.880787],[101.1416,18.881984],[101.142146,18.882447],[101.142641,18.883684],[101.145653,18.885262],[101.146557,18.886479],[101.147882,18.886738],[101.148977,18.887697],[101.150753,18.888534],[101.155052,18.888829],[101.156502,18.890794],[101.159722,18.892254],[101.160358,18.893685],[101.16237,18.894324],[101.163341,18.895062],[101.164869,18.895718],[101.165307,18.89686],[101.166267,18.897296],[101.167315,18.898446],[101.167993,18.898826],[101.169023,18.899094],[101.1698,18.899588],[101.171905,18.900052],[101.17378,18.900903],[101.174851,18.900925],[101.17564,18.900623],[101.178025,18.898947],[101.180248,18.897803],[101.181453,18.896804],[101.182106,18.893388],[101.182584,18.892328],[101.183393,18.891355],[101.18475,18.890738],[101.187641,18.890208],[101.18945,18.888783],[101.19048,18.888445],[101.192548,18.888788],[101.193921,18.888562],[101.195654,18.889284],[101.197525,18.889305],[101.201401,18.891835],[101.20405,18.892344],[101.205747,18.89311],[101.206896,18.893987],[101.20818,18.895642],[101.21041,18.895601]],[[101.254642,18.865261],[101.254641,18.865189],[101.25464180851064,18.86524357446785],[101.254642,18.865261]]]},"bbox":[100.97349,18.768998,101.254876,18.900958]},{"type":"Feature","id":"e10eba12-5ffc-4229-a55f-4a365ca25c1e","properties":{"id":"e10eba12-5ffc-4229-a55f-4a365ca25c1e","code":"06550204","provinceCode":"55","nameTh":"องค์การบริหารส่วนตำบล หนองแดง","nameEn":null,"geometryType":"MUNICIPALITY","sourceUrl":"https://landometer.com/api/v2/citymeter-v3/grocery/info/geom/e10eba12-5ffc-4229-a55f-4a365ca25c1e/MUNICIPALITY","sourceSha256":"267f9389e71db4011029bd4c7f58f32601cdb443fe6f42c9ae4cf154db76a282","retrievedAt":"2026-10-04T05:43:54.209919+00:00","boundaryVintage":null,"geometryStatus":"native_source_polygon_display_simplified","simplificationToleranceDegrees":0.00015,"simplificationPreservesTopology":true,"invalidSourceRepair":"make_valid; retain polygonal components; discard zero-area collapsed lines","legalBoundaryIndependentlyVerified":false,"areaId":"e10eba12-5ffc-4229-a55f-4a365ca25c1e"},"geometry":{"type":"MultiPolygon","coordinates":[[[[100.957308,18.741915],[100.957543,18.744637],[100.95567,18.747607],[100.95556,18.74978],[100.955956,18.750136],[100.957658,18.750537],[100.958448,18.753949],[100.960521,18.754888],[100.961224,18.756568],[100.961986,18.757604],[100.962186,18.759077],[100.961724,18.761207],[100.961756,18.762856],[100.961968,18.763595],[100.963139,18.76547],[100.963075,18.767545],[100.962101,18.768734],[100.96255,18.772987],[100.963811,18.774745],[100.964498,18.776356],[100.965679,18.777624],[100.9665,18.779186],[100.96908,18.779996],[100.969523,18.780354],[100.969936,18.782419],[100.969157,18.783876],[100.969027,18.784914],[100.967964,18.786607],[100.968359,18.787375],[100.968801,18.787616],[100.971726,18.788403],[100.97354,18.788568],[100.974479,18.78897],[100.989264,18.778563],[100.995137,18.777613],[101.006821,18.777038],[101.010641,18.77196],[101.013612,18.770914],[101.029233,18.77372],[101.030385,18.775162],[101.032729,18.774032],[101.03796,18.777973],[101.055299,18.776472],[101.069931,18.769306],[101.091076,18.7098],[101.088409,18.707882],[101.087634,18.703016],[101.080491,18.702208],[101.077792,18.699266],[101.067033,18.701536],[101.067167,18.702923],[101.067009,18.702963],[101.068153,18.707161],[101.053906,18.715922],[101.032755,18.744606],[101.028127,18.739208],[101.027552,18.735791],[101.016759,18.72731],[101.016392,18.727327],[101.016794,18.728243],[101.005185,18.732946],[101.004421,18.723375],[101.001414,18.717795],[101.000306,18.710538],[100.986862,18.71769],[100.984456,18.722543],[100.97588,18.720067],[100.959821,18.729039],[100.953966,18.734078],[100.955248,18.735662],[100.955137,18.738362],[100.957696,18.740346],[100.957308,18.741915]]],[[[101.200994,18.75339],[101.200061,18.749298],[101.196402,18.750359],[101.194623,18.749032],[101.194124,18.750318],[101.188887,18.74874],[101.188159,18.750153],[101.184446,18.746724],[101.186369,18.744891],[101.185341,18.742594],[101.183395,18.743343],[101.178619,18.741625],[101.180057,18.743847],[101.178213,18.743658],[101.175098,18.742015],[101.176827,18.740607],[101.172992,18.737778],[101.159243,18.733664],[101.15131,18.728108],[101.140374,18.728388],[101.138459,18.725891],[101.134636,18.726545],[101.131405,18.723556],[101.131094,18.720291],[101.128448,18.718545],[101.101373,18.788986],[101.101902,18.789953],[101.100077,18.79486],[101.103658,18.795458],[101.104475,18.792828],[101.10743,18.793011],[101.111346,18.790595],[101.117847,18.791102],[101.12748,18.788616],[101.130297,18.790441],[101.157003,18.789915],[101.165789,18.792505],[101.171451,18.798397],[101.18234,18.803429],[101.189696,18.811991],[101.196908,18.81262],[101.201283,18.817702],[101.20323,18.824259],[101.221493,18.829217],[101.226577,18.827507],[101.234309,18.825681],[101.245948,18.826877],[101.246604,18.826082],[101.247606,18.825542],[101.247323,18.823288],[101.247372,18.819348],[101.247513,18.81873],[101.248341,18.817693],[101.248648,18.816885],[101.252515,18.815396],[101.254943,18.8121],[101.256688,18.81059],[101.258291,18.809801],[101.258489,18.809462],[101.258425,18.808504],[101.258065,18.80798],[101.255818,18.805893],[101.254278,18.803846],[101.253893,18.801497],[101.252459,18.799832],[101.252681,18.797573],[101.252413,18.796375],[101.250876,18.794616],[101.24943,18.791992],[101.249008,18.790652],[101.249236,18.788824],[101.249774,18.787568],[101.25089,18.786221],[101.251717,18.78368],[101.24718,18.783133],[101.235733,18.775669],[101.231716,18.775808],[101.227623,18.771674],[101.221698,18.770706],[101.220296,18.767259],[101.222832,18.766071],[101.218656,18.762922],[101.220654,18.760238],[101.218805,18.753313],[101.216306,18.754088],[101.212453,18.75225],[101.210334,18.755059],[101.210527,18.753557],[101.206391,18.751207],[101.200994,18.75339]]]]},"bbox":[100.953966,18.699266,101.258533,18.829217]},{"type":"Feature","id":"160ac8b2-d18d-48f7-aadc-2fac8f6356f7","properties":{"id":"160ac8b2-d18d-48f7-aadc-2fac8f6356f7","code":"06550205","provinceCode":"55","nameTh":"องค์การบริหารส่วนตำบล หมอเมือง","nameEn":null,"geometryType":"MUNICIPALITY","sourceUrl":"https://landometer.com/api/v2/citymeter-v3/grocery/info/geom/160ac8b2-d18d-48f7-aadc-2fac8f6356f7/MUNICIPALITY","sourceSha256":"328942ba14e0641589a31e8481a0d8351ed48f88a2aeee6d5695fce4c78b0e41","retrievedAt":"2026-10-04T05:43:54.205763+00:00","boundaryVintage":null,"geometryStatus":"native_source_polygon_display_simplified","simplificationToleranceDegrees":0.00015,"simplificationPreservesTopology":true,"invalidSourceRepair":"make_valid; retain polygonal components; discard zero-area collapsed lines","legalBoundaryIndependentlyVerified":false,"areaId":"160ac8b2-d18d-48f7-aadc-2fac8f6356f7"},"geometry":{"type":"MultiPolygon","coordinates":[[[[101.023163,18.66831],[101.02076,18.669485],[101.018248,18.678452],[101.015111,18.679382],[101.009404,18.670748],[101.010287,18.664854],[101.005132,18.659429],[101.002586,18.65259],[101.002138,18.645403],[100.999592,18.643702],[100.999536,18.632654],[101.005641,18.630725],[101.007101,18.627755],[101.005789,18.625081],[101.000963,18.624119],[101.004903,18.616145],[101.00559,18.611148],[101.000215,18.611757],[100.995951,18.61001],[100.993065,18.613328],[100.992413,18.60728],[100.987221,18.60553],[100.985814,18.600983],[100.985153,18.601648],[100.983424,18.601491],[100.981467,18.600854],[100.980308,18.601354],[100.978468,18.600892],[100.97769,18.601397],[100.977652,18.600326],[100.976377,18.600048],[100.974627,18.601675],[100.972804,18.601181],[100.971779,18.601632],[100.970802,18.60326],[100.969616,18.603901],[100.968584,18.604842],[100.968163,18.605691],[100.96706,18.606824],[100.966132,18.606629],[100.964407,18.606754],[100.96382,18.606348],[100.963497,18.606893],[100.963953,18.607186],[100.963791,18.607718],[100.963591,18.607794],[100.963227,18.607454],[100.962924,18.607549],[100.962886,18.608],[100.962123,18.608844],[100.960584,18.60958],[100.960205,18.610031],[100.959352,18.609898],[100.959139,18.610552],[100.958507,18.610238],[100.95784,18.610492],[100.957651,18.611925],[100.957006,18.612453],[100.956711,18.612434],[100.956021,18.611683],[100.955609,18.61195],[100.955321,18.6116],[100.954761,18.611749],[100.954656,18.611379],[100.954217,18.611582],[100.954405,18.611871],[100.954173,18.612675],[100.953538,18.612945],[100.953523,18.613668],[100.951884,18.614016],[100.951799,18.614566],[100.951206,18.614397],[100.950777,18.614839],[100.949857,18.614917],[100.949019,18.614139],[100.948777,18.614848],[100.947866,18.614814],[100.947747,18.615567],[100.947203,18.615745],[100.94683,18.616323],[100.945794,18.616658],[100.945692,18.617354],[100.94483,18.617897],[100.944774,18.618611],[100.944196,18.61981],[100.943867,18.619871],[100.943562,18.619549],[100.943002,18.620014],[100.942516,18.619917],[100.942247,18.620304],[100.941546,18.620417],[100.9418,18.620663],[100.941515,18.620918],[100.941716,18.621147],[100.941649,18.621695],[100.941225,18.622537],[100.940733,18.622941],[100.939061,18.623195],[100.936185,18.622738],[100.933823,18.62268],[100.927037,18.624331],[100.926967,18.624838],[100.927301,18.625901],[100.927039,18.627133],[100.928124,18.628797],[100.928175,18.629229],[100.926861,18.630235],[100.925941,18.631303],[100.926698,18.63259],[100.92562,18.633645],[100.92535,18.634473],[100.923821,18.634789],[100.923099,18.635524],[100.921581,18.636418],[100.921533,18.637119],[100.922385,18.63846],[100.92242,18.639611],[100.920288,18.642796],[100.919719,18.645088],[100.919865,18.646088],[100.921238,18.64828],[100.921734,18.650512],[100.922782,18.651776],[100.923014,18.652384],[100.922457,18.653321],[100.922487,18.654509],[100.921659,18.656279],[100.922505,18.658594],[100.922599,18.65946],[100.921362,18.660827],[100.921212,18.662711],[100.919082,18.664758],[100.918633,18.668265],[100.91885,18.669011],[100.918775,18.670322],[100.917035,18.672491],[100.915647,18.673207],[100.915368,18.674328],[100.914271,18.675544],[100.914824,18.67659],[100.914535,18.678016],[100.914997,18.678951],[100.915916,18.679789],[100.918155,18.680031],[100.918623,18.680271],[100.91889,18.680586],[100.919111,18.681742],[100.919829,18.682555],[100.919982,18.6844],[100.919776,18.685892],[100.920053,18.687007],[100.919919,18.688709],[100.920931,18.690896],[100.920791,18.691638],[100.920961,18.692943],[100.920621,18.69433],[100.920927,18.695139],[100.922618,18.696618],[100.923213,18.696838],[100.923931,18.696788],[100.92545,18.696144],[100.9322,18.69695],[100.934028,18.697468],[100.937904,18.701473],[100.938714,18.702968],[100.941008,18.703424],[100.941899,18.704234],[100.942673,18.705871],[100.944637,18.706417],[100.945058,18.709103],[100.948815,18.710111],[100.949834,18.711173],[100.951312,18.711903],[100.952205,18.7133],[100.952971,18.713963],[100.954202,18.716357],[100.953489,18.717268],[100.954299,18.718348],[100.954378,18.718818],[100.953182,18.720165],[100.953451,18.721378],[100.952458,18.722664],[100.952209,18.723962],[100.951376,18.72443],[100.951119,18.725582],[100.949155,18.726101],[100.94843,18.726598],[100.947632,18.729551],[100.948502,18.731094],[100.950632,18.732322],[100.9516,18.733581],[100.95209,18.733801],[100.953483,18.733825],[100.954089,18.734231],[100.959821,18.729039],[100.97588,18.720067],[100.984456,18.722543],[100.986862,18.71769],[101.000306,18.710538],[100.998302,18.702043],[101.008943,18.692845],[101.012272,18.700871],[101.01262,18.705887],[101.016251,18.711131],[101.016944,18.719236],[101.015476,18.725237],[101.01639231541003,18.727326866557295],[101.016759,18.72731],[101.027552,18.735791],[101.028127,18.739208],[101.032755,18.744606],[101.053906,18.715922],[101.068153,18.707161],[101.06667,18.70172],[101.067565,18.681754],[101.062169,18.672869],[101.049775,18.666578],[101.038542,18.672661],[101.03703,18.671161],[101.023163,18.66831]]],[[[101.016794,18.728243],[101.01639231541003,18.727326866557295],[101.016392,18.727327],[101.016794,18.728243]]]]},"bbox":[100.914271,18.600046,101.068153,18.744606]},{"type":"Feature","id":"16685e8f-342e-4bd9-a2f1-3a2c21acda97","properties":{"id":"16685e8f-342e-4bd9-a2f1-3a2c21acda97","code":"06550301","provinceCode":"55","nameTh":"องค์การบริหารส่วนตำบล บ้านพี้","nameEn":null,"geometryType":"MUNICIPALITY","sourceUrl":"https://landometer.com/api/v2/citymeter-v3/grocery/info/geom/16685e8f-342e-4bd9-a2f1-3a2c21acda97/MUNICIPALITY","sourceSha256":"d927f220aa39c96fb3e38aefb9776b70c3b555910bdd71269c5e2c7c193ab067","retrievedAt":"2026-10-04T05:43:54.214557+00:00","boundaryVintage":null,"geometryStatus":"native_source_polygon_display_simplified","simplificationToleranceDegrees":0.00015,"simplificationPreservesTopology":true,"invalidSourceRepair":"make_valid; retain polygonal components; discard zero-area collapsed lines","legalBoundaryIndependentlyVerified":false,"areaId":"16685e8f-342e-4bd9-a2f1-3a2c21acda97"},"geometry":{"type":"Polygon","coordinates":[[[100.529563,18.957921],[100.533475,18.957289],[100.534418,18.956744],[100.535476,18.95541],[100.535971,18.953948],[100.53643,18.950903],[100.536821,18.950214],[100.538286,18.948733],[100.539011,18.947095],[100.539096,18.945845],[100.538297,18.941809],[100.537577,18.940616],[100.537012,18.940325],[100.536428,18.940315],[100.534944,18.940927],[100.533618,18.94045],[100.532421,18.937541],[100.530619,18.935334],[100.530688,18.933044],[100.530129,18.932049],[100.519859,18.931674],[100.518862,18.931549],[100.518336,18.930935],[100.519464,18.927827],[100.521717,18.925795],[100.523212,18.923552],[100.523464,18.920287],[100.523733,18.919794],[100.524323,18.919402],[100.527844,18.918312],[100.530906,18.916488],[100.530968,18.916103],[100.530409,18.915478],[100.530861,18.914708],[100.530515,18.913876],[100.531828,18.912021],[100.532228,18.911043],[100.532135,18.909883],[100.530868,18.9084],[100.530293,18.905052],[100.530344,18.903899],[100.528869,18.903204],[100.527012,18.899551],[100.52713,18.899049],[100.528532,18.897344],[100.529827,18.894354],[100.530102,18.89252],[100.530247,18.887101],[100.529485,18.884902],[100.529398,18.883958],[100.529874,18.882148],[100.529859,18.879613],[100.530788,18.87794],[100.530998,18.876905],[100.530631,18.87525],[100.529481,18.874068],[100.529592,18.873629],[100.520705,18.871455],[100.50174,18.874276],[100.494894,18.872538],[100.486902,18.875608],[100.470147,18.867957],[100.464383,18.863458],[100.461985,18.859397],[100.455828,18.859532],[100.449568,18.866691],[100.44686,18.867727],[100.437524,18.867523],[100.438885,18.864917],[100.437689,18.863431],[100.436017,18.862663],[100.4271,18.866955],[100.423766,18.866054],[100.419632,18.868004],[100.419508,18.870781],[100.416629,18.869207],[100.412796,18.870818],[100.408333,18.876024],[100.409555,18.878463],[100.404523,18.879624],[100.401932,18.877044],[100.400104,18.877601],[100.401109,18.882598],[100.397788,18.879085],[100.394695,18.882842],[100.391616,18.881526],[100.388631,18.883043],[100.389452,18.887359],[100.386472,18.891409],[100.386728,18.892536],[100.388323,18.893593],[100.388517,18.894028],[100.388163,18.895967],[100.388388,18.898916],[100.388142,18.900441],[100.388827,18.902596],[100.388859,18.903892],[100.389434,18.905389],[100.389441,18.906887],[100.390122,18.908473],[100.391646,18.90941],[100.391311,18.911913],[100.391603,18.913909],[100.391089,18.916982],[100.391267,18.919121],[100.390326,18.920684],[100.390868,18.922966],[100.390983,18.925732],[100.391682,18.927038],[100.393852,18.928213],[100.394197,18.929444],[100.394532,18.929781],[100.396507,18.929985],[100.397536,18.930636],[100.398501,18.932425],[100.401143,18.932763],[100.403012,18.933936],[100.404814,18.934154],[100.406712,18.935679],[100.407398,18.937136],[100.407433,18.939233],[100.407222,18.939817],[100.405028,18.942626],[100.404728,18.94363],[100.404841,18.944299],[100.405193,18.944729],[100.406469,18.945015],[100.410342,18.945189],[100.413783,18.945029],[100.416091,18.945301],[100.421848,18.947281],[100.423885,18.948524],[100.424455,18.948295],[100.426359,18.945687],[100.427094,18.94533],[100.428877,18.945317],[100.433435,18.946291],[100.435057,18.945398],[100.43776,18.945391],[100.439475,18.944711],[100.441913,18.944221],[100.443239,18.94336],[100.447582,18.938795],[100.451406,18.935213],[100.452712,18.934698],[100.454157,18.93469],[100.455655,18.93588],[100.456642,18.939175],[100.45756,18.941223],[100.458581,18.942489],[100.464566,18.945106],[100.470228,18.946966],[100.471807,18.947689],[100.474012,18.949251],[100.477654,18.949465],[100.479748,18.950048],[100.480857,18.950602],[100.482167,18.951838],[100.482651,18.952875],[100.482607,18.954014],[100.480268,18.959725],[100.480434,18.961871],[100.481397,18.96613],[100.482291,18.966612],[100.48496,18.966639],[100.486864,18.968078],[100.488873,18.968421],[100.489466,18.968904],[100.490024,18.96992],[100.490672,18.973319],[100.491271,18.974141],[100.49251,18.974802],[100.49493,18.976674],[100.49669,18.977224],[100.497857,18.977873],[100.498972,18.979238],[100.500923,18.986143],[100.501491,18.98438],[100.502458,18.982812],[100.504292,18.980619],[100.506472,18.978919],[100.508136,18.975993],[100.510354,18.972986],[100.5216,18.964591],[100.524276,18.961585],[100.526143,18.960916],[100.527454,18.959461],[100.529563,18.957921]]]},"bbox":[100.386472,18.859397,100.5391,18.986143]},{"type":"Feature","id":"a4ad6265-2532-4a90-b3e4-b86d07d79560","properties":{"id":"a4ad6265-2532-4a90-b3e4-b86d07d79560","code":"06550302","provinceCode":"55","nameTh":"องค์การบริหารส่วนตำบล บ้านฟ้า","nameEn":null,"geometryType":"MUNICIPALITY","sourceUrl":"https://landometer.com/api/v2/citymeter-v3/grocery/info/geom/a4ad6265-2532-4a90-b3e4-b86d07d79560/MUNICIPALITY","sourceSha256":"5d1f079579ef481ec48fe8dda577b36e3bcc31e34de849089acfe22c185b94c4","retrievedAt":"2026-10-04T05:43:54.255256+00:00","boundaryVintage":null,"geometryStatus":"native_source_polygon_display_simplified","simplificationToleranceDegrees":0.00015,"simplificationPreservesTopology":true,"invalidSourceRepair":"make_valid; retain polygonal components; discard zero-area collapsed lines","legalBoundaryIndependentlyVerified":false,"areaId":"a4ad6265-2532-4a90-b3e4-b86d07d79560"},"geometry":{"type":"Polygon","coordinates":[[[100.410096,18.814047],[100.424197,18.812848],[100.433316,18.815628],[100.440332,18.824734],[100.446042,18.822702],[100.456317,18.82821],[100.46701,18.82459],[100.477454,18.825235],[100.487995,18.821864],[100.493216,18.822222],[100.498636,18.818078],[100.506471,18.819496],[100.506989,18.819761],[100.507169,18.818353],[100.508447,18.815605],[100.508694,18.812114],[100.508537,18.810066],[100.507573,18.807317],[100.507088,18.800764],[100.5081,18.79863],[100.509127,18.794194],[100.508771,18.79319],[100.50685,18.790663],[100.506566,18.789683],[100.506682,18.787298],[100.504114,18.784778],[100.503559,18.78387],[100.503337,18.782092],[100.503843,18.778178],[100.503012,18.775181],[100.502641,18.772837],[100.502915,18.767785],[100.500594,18.76451],[100.500153,18.763404],[100.500237,18.762095],[100.501446,18.760185],[100.501325,18.757883],[100.499288,18.754615],[100.498808,18.752503],[100.49857,18.749094],[100.495743,18.743993],[100.492563,18.740803],[100.492427,18.739483],[100.493169,18.735606],[100.492608,18.734782],[100.489655,18.732807],[100.486121,18.73238],[100.480396,18.728841],[100.47921,18.728413],[100.477344,18.728175],[100.47555,18.728243],[100.471983,18.729119],[100.469885,18.729387],[100.463722,18.728422],[100.462484,18.72889],[100.461253,18.729913],[100.458627,18.735053],[100.456828,18.73739],[100.455562,18.738207],[100.4535,18.738794],[100.452556,18.739408],[100.451975,18.741103],[100.452219,18.745116],[100.451857,18.745812],[100.450971,18.746242],[100.449571,18.746091],[100.446609,18.743965],[100.44582,18.743927],[100.443938,18.744472],[100.442952,18.744201],[100.441189,18.743002],[100.438797,18.740394],[100.437467,18.740045],[100.435752,18.740549],[100.433392,18.742552],[100.432531,18.742944],[100.430433,18.742803],[100.428461,18.743929],[100.426298,18.743113],[100.425128,18.743173],[100.420068,18.746501],[100.417808,18.747017],[100.417309,18.746878],[100.416071,18.745163],[100.415372,18.744731],[100.409451,18.74333],[100.407019,18.740056],[100.405874,18.738981],[100.405122,18.738672],[100.401065,18.738117],[100.399049,18.738071],[100.394302,18.739484],[100.391369,18.739383],[100.390932,18.74076],[100.390215,18.741215],[100.38881,18.740954],[100.385039,18.7392],[100.383866,18.739095],[100.381037,18.739824],[100.37769,18.73999],[100.374147,18.740767],[100.372712,18.741525],[100.371783,18.742828],[100.369301,18.745228],[100.368162,18.745627],[100.365435,18.745892],[100.36329,18.747214],[100.362789,18.747979],[100.361762,18.748531],[100.360848,18.749875],[100.358281,18.750559],[100.357694,18.752245],[100.357769,18.754319],[100.358197,18.755757],[100.357499,18.757747],[100.357642,18.758663],[100.357309,18.761211],[100.357985,18.762879],[100.361223,18.767382],[100.3591,18.770871],[100.358953,18.771475],[100.359352,18.772839],[100.362327,18.775967],[100.362467,18.777313],[100.362028,18.778587],[100.36037,18.7799],[100.357905,18.781288],[100.357594,18.781739],[100.357025,18.783892],[100.356043,18.784598],[100.35166,18.784566],[100.348418,18.786088],[100.346786,18.786405],[100.345118,18.786086],[100.343013,18.784691],[100.341838,18.784607],[100.336985,18.78714],[100.337116,18.789386],[100.337485,18.790643],[100.336771,18.792333],[100.336762,18.79344],[100.335916,18.79439],[100.335968,18.795042],[100.338752,18.799896],[100.3389,18.803518],[100.339244,18.804981],[100.341741,18.806896],[100.34328,18.811093],[100.34506,18.813917],[100.344268,18.814509],[100.345117,18.813979],[100.352751,18.81436],[100.357857,18.821665],[100.36255,18.820573],[100.379454,18.828355],[100.387959,18.824961],[100.396051,18.82458],[100.40436,18.820894],[100.405692,18.819532],[100.405104,18.816667],[100.410096,18.814047]]]},"bbox":[100.335898,18.728167,100.509127,18.828355]},{"type":"Feature","id":"a9c806ff-0763-425e-867b-aa9584050aef","properties":{"id":"a9c806ff-0763-425e-867b-aa9584050aef","code":"06550303","provinceCode":"55","nameTh":"องค์การบริหารส่วนตำบล ป่าคาหลวง","nameEn":null,"geometryType":"MUNICIPALITY","sourceUrl":"https://landometer.com/api/v2/citymeter-v3/grocery/info/geom/a9c806ff-0763-425e-867b-aa9584050aef/MUNICIPALITY","sourceSha256":"f2ad575cb3bc7d639ccba3bad3048a7a5b68bf0ec4b09c2753f6498ea8dec6cf","retrievedAt":"2026-10-04T05:43:54.256770+00:00","boundaryVintage":null,"geometryStatus":"native_source_polygon_display_simplified","simplificationToleranceDegrees":0.00015,"simplificationPreservesTopology":true,"invalidSourceRepair":"make_valid; retain polygonal components; discard zero-area collapsed lines","legalBoundaryIndependentlyVerified":false,"areaId":"a9c806ff-0763-425e-867b-aa9584050aef"},"geometry":{"type":"Polygon","coordinates":[[[100.401109,18.882598],[100.400104,18.877601],[100.401932,18.877044],[100.404523,18.879624],[100.409555,18.878463],[100.408333,18.876024],[100.412796,18.870818],[100.416629,18.869207],[100.419508,18.870781],[100.419632,18.868004],[100.423766,18.866054],[100.4271,18.866955],[100.436017,18.862663],[100.437689,18.863431],[100.438885,18.864917],[100.437524,18.867523],[100.44686,18.867727],[100.449568,18.866691],[100.455828,18.859532],[100.462775,18.859379],[100.455274,18.848035],[100.44922,18.84353],[100.440095,18.841441],[100.438579,18.839665],[100.432939,18.840913],[100.41275,18.840684],[100.408472,18.839428],[100.405102,18.836296],[100.400751,18.83563],[100.392176,18.837729],[100.389089,18.835828],[100.383241,18.836443],[100.377462,18.833252],[100.363146,18.833099],[100.359866,18.830206],[100.356965,18.830814],[100.353999,18.828707],[100.348091,18.829279],[100.34773,18.829125],[100.34789,18.829312],[100.346876,18.830715],[100.346704,18.832871],[100.346851,18.833258],[100.353071,18.838366],[100.354749,18.840501],[100.356394,18.841784],[100.357071,18.84317],[100.360764,18.845337],[100.363736,18.848079],[100.364312,18.849562],[100.364487,18.850565],[100.364326,18.85138],[100.366226,18.853017],[100.366269,18.853584],[100.365072,18.85617],[100.364892,18.858676],[100.363153,18.860148],[100.362985,18.860818],[100.363749,18.862209],[100.364063,18.86488],[100.365343,18.866206],[100.365796,18.869062],[100.366946,18.871725],[100.370839,18.874062],[100.372013,18.875342],[100.372888,18.876971],[100.375854,18.880384],[100.378144,18.881855],[100.382386,18.885261],[100.384254,18.887676],[100.385521,18.888639],[100.385966,18.889301],[100.386472,18.891409],[100.389452,18.887359],[100.388631,18.883043],[100.391616,18.881526],[100.394695,18.882842],[100.397788,18.879085],[100.401109,18.882598]]]},"bbox":[100.346704,18.828707,100.462775,18.891409]},{"type":"Feature","id":"a8822ac4-0cd5-4527-a2a8-5f0760704e2c","properties":{"id":"a8822ac4-0cd5-4527-a2a8-5f0760704e2c","code":"06550304","provinceCode":"55","nameTh":"องค์การบริหารส่วนตำบล สวด","nameEn":null,"geometryType":"MUNICIPALITY","sourceUrl":"https://landometer.com/api/v2/citymeter-v3/grocery/info/geom/a8822ac4-0cd5-4527-a2a8-5f0760704e2c/MUNICIPALITY","sourceSha256":"24d88f93b02bad24044359ae5a557799aff69c2e045be24923256ff4fa2cd0fe","retrievedAt":"2026-10-04T05:43:54.282918+00:00","boundaryVintage":null,"geometryStatus":"native_source_polygon_display_simplified","simplificationToleranceDegrees":0.00015,"simplificationPreservesTopology":true,"invalidSourceRepair":"make_valid; retain polygonal components; discard zero-area collapsed lines","legalBoundaryIndependentlyVerified":false,"areaId":"a8822ac4-0cd5-4527-a2a8-5f0760704e2c"},"geometry":{"type":"Polygon","coordinates":[[[100.529592,18.873629],[100.530577,18.870129],[100.531564,18.867927],[100.531555,18.866931],[100.531094,18.866028],[100.530984,18.865092],[100.531886,18.862914],[100.531965,18.861517],[100.531444,18.860243],[100.528239,18.857038],[100.527819,18.85581],[100.528134,18.854916],[100.529453,18.853255],[100.530265,18.851362],[100.531932,18.85067],[100.531802,18.847729],[100.53214,18.846093],[100.530351,18.845611],[100.530188,18.845315],[100.530366,18.844935],[100.53224,18.84362],[100.532482,18.841448],[100.52911,18.839431],[100.528211,18.838204],[100.528057,18.837522],[100.529002,18.835829],[100.528877,18.834862],[100.528481,18.834325],[100.526876,18.833403],[100.525639,18.831005],[100.524154,18.830461],[100.523227,18.829557],[100.521835,18.829053],[100.520432,18.827311],[100.518131,18.827321],[100.517333,18.826893],[100.516662,18.82615],[100.515897,18.824606],[100.514792,18.823704],[100.514204,18.822436],[100.512814,18.821295],[100.506983,18.820202],[100.506989,18.819761],[100.506471,18.819496],[100.498636,18.818078],[100.493216,18.822222],[100.487995,18.821864],[100.477454,18.825235],[100.46701,18.82459],[100.456317,18.82821],[100.446042,18.822702],[100.440332,18.824734],[100.433316,18.815628],[100.424197,18.812848],[100.410096,18.814047],[100.405104,18.816667],[100.405692,18.819532],[100.40436,18.820894],[100.396051,18.82458],[100.387959,18.824961],[100.379454,18.828355],[100.36255,18.820573],[100.357857,18.821665],[100.352751,18.81436],[100.345117,18.813979],[100.344268,18.814509],[100.34506,18.813917],[100.339438,18.817419],[100.336479,18.818158],[100.336088,18.818876],[100.336282,18.819632],[100.338137,18.820709],[100.338779,18.821966],[100.339906,18.822657],[100.339893,18.823317],[100.339091,18.824677],[100.339188,18.825436],[100.339606,18.825804],[100.340982,18.826148],[100.344407,18.826416],[100.345823,18.827224],[100.348091,18.829279],[100.353999,18.828707],[100.356965,18.830814],[100.359866,18.830206],[100.363146,18.833099],[100.377462,18.833252],[100.383241,18.836443],[100.389089,18.835828],[100.392176,18.837729],[100.401131,18.835688],[100.405102,18.836296],[100.408472,18.839428],[100.41275,18.840684],[100.432939,18.840913],[100.438579,18.839665],[100.440095,18.841441],[100.44922,18.84353],[100.455274,18.848035],[100.462775,18.859379],[100.461985,18.859397],[100.464383,18.863458],[100.470147,18.867957],[100.486902,18.875608],[100.494894,18.872538],[100.50174,18.874276],[100.520705,18.871455],[100.529592,18.873629]]]},"bbox":[100.336088,18.812848,100.532482,18.875608]},{"type":"Feature","id":"ceb9be99-7d43-43e7-9c3b-0cfee3d34ac0","properties":{"id":"ceb9be99-7d43-43e7-9c3b-0cfee3d34ac0","code":"06550403","provinceCode":"55","nameTh":"องค์การบริหารส่วนตำบล นาน้อย","nameEn":null,"geometryType":"MUNICIPALITY","sourceUrl":"https://landometer.com/api/v2/citymeter-v3/grocery/info/geom/ceb9be99-7d43-43e7-9c3b-0cfee3d34ac0/MUNICIPALITY","sourceSha256":"83247dee112e306c65a35eec6d9d6a3eff5b04407e6e7e61f8ff9a006a5a38df","retrievedAt":"2026-10-04T05:43:54.276634+00:00","boundaryVintage":null,"geometryStatus":"native_source_polygon_display_simplified","simplificationToleranceDegrees":0.00015,"simplificationPreservesTopology":true,"invalidSourceRepair":"make_valid; retain polygonal components; discard zero-area collapsed lines","legalBoundaryIndependentlyVerified":false,"areaId":"ceb9be99-7d43-43e7-9c3b-0cfee3d34ac0"},"geometry":{"type":"Polygon","coordinates":[[[100.68808,18.35069],[100.691413,18.349581],[100.691393,18.343287],[100.694537,18.337765],[100.702316,18.337609],[100.703372,18.33542],[100.712367,18.332552],[100.710639,18.326679],[100.701224,18.31889],[100.703518,18.311966],[100.708113,18.309492],[100.707542,18.312205],[100.710742,18.312914],[100.716156,18.318649],[100.720391,18.319029],[100.717333,18.315323],[100.714894,18.305672],[100.71654,18.291831],[100.711743,18.290352],[100.698954,18.276406],[100.686993,18.271291],[100.680226,18.274878],[100.667639,18.276511],[100.659809,18.282326],[100.654819,18.280879],[100.648642,18.282935],[100.649904,18.285078],[100.64881,18.28979],[100.652005,18.292085],[100.654615,18.298794],[100.647773,18.302506],[100.649971,18.304902],[100.651137,18.311711],[100.649411,18.313893],[100.645029,18.314816],[100.645238,18.318703],[100.641233,18.323731],[100.642894,18.335625],[100.645986,18.335964],[100.651118,18.333513],[100.652153,18.334338],[100.652383,18.338598],[100.65758,18.339309],[100.658777,18.342876],[100.657546,18.344852],[100.65889,18.346694],[100.653246,18.346753],[100.650978,18.348558],[100.654004,18.352952],[100.658854,18.352914],[100.664528,18.356409],[100.666231,18.353411],[100.668952,18.352841],[100.671714,18.349454],[100.676589,18.349233],[100.680156,18.346744],[100.68808,18.35069]]]},"bbox":[100.641233,18.271291,100.720391,18.356409]},{"type":"Feature","id":"7bbe09dd-b021-4324-9925-35ceb7497c73","properties":{"id":"7bbe09dd-b021-4324-9925-35ceb7497c73","code":"06550404","provinceCode":"55","nameTh":"องค์การบริหารส่วนตำบล เชียงของ","nameEn":null,"geometryType":"MUNICIPALITY","sourceUrl":"https://landometer.com/api/v2/citymeter-v3/grocery/info/geom/7bbe09dd-b021-4324-9925-35ceb7497c73/MUNICIPALITY","sourceSha256":"ddc72b0fa07bf98dd202a7e07e2c99cb30d97a6d5c6a211b7283dcc5e11a47a7","retrievedAt":"2026-10-04T05:43:54.293840+00:00","boundaryVintage":null,"geometryStatus":"native_source_polygon_display_simplified","simplificationToleranceDegrees":0.00015,"simplificationPreservesTopology":true,"invalidSourceRepair":"make_valid; retain polygonal components; discard zero-area collapsed lines","legalBoundaryIndependentlyVerified":false,"areaId":"7bbe09dd-b021-4324-9925-35ceb7497c73"},"geometry":{"type":"MultiPolygon","coordinates":[[[[100.919581,18.318186],[100.920161,18.324112],[100.924555,18.324287],[100.923947,18.327222],[100.928995,18.324835],[100.927153,18.32868],[100.930664,18.330798],[100.931307,18.326405],[100.934819,18.326805],[100.935559,18.330496],[100.937801,18.329677],[100.942451,18.333342],[100.943045,18.330857],[100.94441,18.330993],[100.945852,18.334746],[100.949949,18.334624],[100.950133,18.336506],[100.953589,18.333481],[100.957871,18.339418],[100.964595,18.338484],[100.967844,18.341452],[100.968636,18.339181],[100.969823,18.339977],[100.975114,18.337183],[100.978166,18.337773],[100.980482,18.335674],[100.981315,18.33734],[100.987792,18.33846],[100.9964,18.338119],[100.996743,18.335099],[101.003055,18.33666],[101.004374,18.334704],[101.008796,18.334883],[101.014951,18.343287],[101.01646,18.349911],[101.025836,18.354969],[101.033313,18.355732],[101.047498,18.351684],[101.051061,18.352396],[101.052853,18.350672],[101.051591,18.349098],[101.048929,18.347058],[101.046812,18.34641],[101.046136,18.345912],[101.044579,18.341458],[101.043201,18.339672],[101.038491,18.338226],[101.036283,18.33554],[101.034228,18.333609],[101.032594,18.333198],[101.02936,18.333113],[101.02743,18.332194],[101.023938,18.328061],[101.023867,18.326461],[101.023531,18.325936],[101.019953,18.322893],[101.019159,18.322693],[101.01772,18.32148],[101.014501,18.321501],[101.011119,18.319445],[101.008371,18.318516],[101.006683,18.318585],[101.005157,18.317763],[101.003557,18.316349],[101.002506,18.315006],[101.00149,18.313278],[101.000662,18.311226],[100.999048,18.309145],[100.997179,18.30839],[100.994883,18.30818],[100.993292,18.308361],[100.992122,18.309182],[100.991415,18.309308],[100.98575,18.307389],[100.985161,18.307503],[100.984374,18.308126],[100.983812,18.308183],[100.982147,18.306627],[100.97953,18.305742],[100.978743,18.304485],[100.978001,18.302382],[100.979171,18.298832],[100.978208,18.297837],[100.977277,18.295169],[100.974924,18.294531],[100.974032,18.294068],[100.971303,18.291173],[100.970909,18.290514],[100.97073,18.288548],[100.970198,18.287673],[100.968918,18.286442],[100.96656,18.284964],[100.965311,18.283651],[100.964965,18.282808],[100.964784,18.280077],[100.964267,18.279283],[100.96337,18.278343],[100.962119,18.277706],[100.960908,18.277493],[100.959479,18.277611],[100.959004,18.277404],[100.958735,18.27699],[100.958733,18.274216],[100.958381,18.273509],[100.956819,18.272456],[100.955837,18.271223],[100.954426,18.270608],[100.953556,18.269308],[100.952468,18.268858],[100.952059,18.268198],[100.951689,18.266431],[100.951318,18.265794],[100.949868,18.265738],[100.947308,18.265085],[100.946784,18.263977],[100.94533,18.263145],[100.944187,18.262111],[100.943885,18.260998],[100.94283,18.260318],[100.940592,18.2573],[100.940431,18.255879],[100.939359,18.254287],[100.937431,18.253671],[100.935092,18.252375],[100.932609,18.251963],[100.930106,18.250719],[100.926083,18.2507],[100.923909,18.24782],[100.922414,18.246262],[100.920897,18.243888],[100.918761,18.242663],[100.918535,18.241393],[100.918747,18.238848],[100.916853,18.236288],[100.91619,18.232568],[100.91585,18.231865],[100.9145,18.230672],[100.913635,18.2289],[100.912574,18.227747],[100.910369,18.229547],[100.902128,18.228244],[100.895795,18.229616],[100.879498,18.240833],[100.87552,18.241698],[100.861956,18.236588],[100.849109,18.227449],[100.843171,18.226603],[100.831721,18.230774],[100.834559,18.234395],[100.80921,18.240171],[100.802509,18.249478],[100.79806,18.250742],[100.794699,18.255594],[100.7868,18.259786],[100.779183,18.260694],[100.767731,18.259173],[100.763618,18.261475],[100.761036,18.254282],[100.753606,18.253996],[100.739243,18.267581],[100.732782,18.268089],[100.729992,18.275789],[100.723562,18.278906],[100.722425,18.283021],[100.720318,18.28442],[100.720758,18.287791],[100.717398,18.290004],[100.715185,18.289311],[100.714269,18.291131],[100.71654,18.291831],[100.714894,18.305672],[100.717333,18.315323],[100.720391,18.319029],[100.720592,18.32237],[100.722953,18.323691],[100.725031,18.33029],[100.730787,18.3305],[100.730277,18.327503],[100.734388,18.324422],[100.741418,18.325351],[100.74341,18.319969],[100.747908,18.318837],[100.748887,18.317208],[100.752024,18.317881],[100.762094,18.312139],[100.767911,18.314383],[100.774839,18.314963],[100.777952,18.313586],[100.779868,18.316235],[100.784215,18.316964],[100.788591,18.315148],[100.804548,18.315565],[100.807663,18.317754],[100.819895,18.319442],[100.820483,18.325094],[100.828188,18.333795],[100.827906,18.338202],[100.830731,18.343514],[100.843218,18.339106],[100.847619,18.335769],[100.856624,18.333569],[100.864839,18.325807],[100.86708,18.321743],[100.88344,18.307792],[100.891642,18.315706],[100.900194,18.312778],[100.899124,18.312759],[100.906532,18.312889],[100.910049,18.316361],[100.913474,18.311918],[100.916697,18.316287],[100.913783,18.318268],[100.917664,18.319259],[100.919581,18.318186]]],[[[100.725031,18.33029],[100.724075,18.330501],[100.725237,18.330298],[100.725031,18.33029]]]]},"bbox":[100.714269,18.226603,101.052853,18.355732]},{"type":"Feature","id":"4acf99ba-a585-4035-abf6-dd8760bddd97","properties":{"id":"4acf99ba-a585-4035-abf6-dd8760bddd97","code":"06550405","provinceCode":"55","nameTh":"องค์การบริหารส่วนตำบล น้ำตก","nameEn":null,"geometryType":"MUNICIPALITY","sourceUrl":"https://landometer.com/api/v2/citymeter-v3/grocery/info/geom/4acf99ba-a585-4035-abf6-dd8760bddd97/MUNICIPALITY","sourceSha256":"efd4d8f3232c1d9e2cc42535c119dec802e57dae06ec25fbb250dda4c1510b4a","retrievedAt":"2026-10-04T05:43:54.276419+00:00","boundaryVintage":null,"geometryStatus":"native_source_polygon_display_simplified","simplificationToleranceDegrees":0.00015,"simplificationPreservesTopology":true,"invalidSourceRepair":"make_valid; retain polygonal components; discard zero-area collapsed lines","legalBoundaryIndependentlyVerified":false,"areaId":"4acf99ba-a585-4035-abf6-dd8760bddd97"},"geometry":{"type":"MultiPolygon","coordinates":[[[[100.6514889904415,18.3493],[100.651489,18.3493],[100.650978,18.348558],[100.6514889904415,18.3493]]],[[[100.627652,18.352614],[100.624102,18.355526],[100.619754,18.357012],[100.623223,18.361354],[100.620484,18.364464],[100.620538,18.367615],[100.612326,18.374464],[100.608219,18.37542],[100.606521,18.381419],[100.603503,18.385322],[100.599459,18.384784],[100.590485,18.387386],[100.571251,18.386055],[100.566056,18.383674],[100.556666,18.38402],[100.536372,18.390659],[100.537263,18.396139],[100.537944,18.397084],[100.539165,18.397967],[100.539837,18.399525],[100.540194,18.401833],[100.540953,18.403313],[100.541187,18.404861],[100.541761,18.405345],[100.545354,18.40644],[100.546223,18.407144],[100.546675,18.408607],[100.547846,18.410371],[100.547777,18.414133],[100.548236,18.414759],[100.549972,18.415889],[100.550506,18.416751],[100.550399,18.419308],[100.552815,18.418887],[100.554057,18.419052],[100.555748,18.420422],[100.557284,18.422155],[100.559274,18.422827],[100.559404,18.423932],[100.560214,18.424542],[100.561661,18.424953],[100.562618,18.424963],[100.563438,18.425337],[100.564694,18.424856],[100.566333,18.425368],[100.568374,18.424904],[100.570439,18.424929],[100.57129,18.425146],[100.573786,18.426624],[100.573936,18.427155],[100.573631,18.427696],[100.571704,18.428201],[100.571614,18.430148],[100.572387,18.431581],[100.573811,18.432893],[100.574002,18.433671],[100.575223,18.434247],[100.574476,18.435638],[100.575416,18.436573],[100.574764,18.438749],[100.575395,18.43982],[100.575454,18.440732],[100.574325,18.444072],[100.574561,18.444959],[100.574978,18.445517],[100.577057,18.447241],[100.578509,18.447277],[100.582233,18.445094],[100.584403,18.444121],[100.586237,18.441742],[100.586587,18.439853],[100.588146,18.435808],[100.590094,18.43411],[100.592107,18.433647],[100.593659,18.431888],[100.597053,18.431731],[100.600426,18.431186],[100.601327,18.431248],[100.603424,18.431987],[100.604396,18.43191],[100.605517,18.431376],[100.606942,18.431671],[100.608871,18.429818],[100.611368,18.429515],[100.613661,18.428092],[100.614769,18.427876],[100.616272,18.426846],[100.617713,18.42663],[100.618774,18.426842],[100.619956,18.426028],[100.62184,18.42644],[100.623641,18.425986],[100.624771,18.426038],[100.626804,18.424932],[100.628429,18.4248],[100.630863,18.422684],[100.632785,18.422472],[100.634021,18.421249],[100.634898,18.420736],[100.637258,18.420659],[100.638506,18.419451],[100.639034,18.419241],[100.641927,18.419463],[100.643303,18.420916],[100.644926,18.421743],[100.6463,18.421814],[100.648231,18.421472],[100.64866,18.42169],[100.649083,18.422367],[100.649408,18.422426],[100.649799,18.422129],[100.649686,18.421041],[100.650429,18.420725],[100.650646,18.419682],[100.651293,18.41948],[100.652387,18.419759],[100.65367,18.419423],[100.65428,18.419918],[100.654446,18.42149],[100.656139,18.424988],[100.657324,18.425127],[100.65978,18.426034],[100.661846,18.427768],[100.66146,18.426845],[100.665833,18.425022],[100.667198,18.422496],[100.672313,18.42226],[100.673063,18.418463],[100.677498,18.416929],[100.67844,18.409752],[100.679884,18.408586],[100.701792,18.404466],[100.706745,18.395096],[100.708081,18.388603],[100.710624,18.387393],[100.711451,18.38458],[100.701761,18.383526],[100.700139,18.380116],[100.690706,18.373695],[100.695422,18.361155],[100.691413,18.349581],[100.68808,18.35069],[100.680156,18.346744],[100.676589,18.349233],[100.671714,18.349454],[100.668952,18.352841],[100.666231,18.353411],[100.664528,18.356409],[100.658854,18.352914],[100.654004,18.352952],[100.650355,18.347655],[100.650829,18.345208],[100.64674,18.344394],[100.647706,18.3422],[100.643966,18.343064],[100.642557,18.341568],[100.63721,18.348998],[100.632073,18.349615],[100.627565,18.351497],[100.628309,18.352499],[100.627652,18.352614]]]]},"bbox":[100.536372,18.341568,100.711451,18.447398]},{"type":"Feature","id":"162332fd-cc76-48ef-9369-6bec40c016f4","properties":{"id":"162332fd-cc76-48ef-9369-6bec40c016f4","code":"06550406","provinceCode":"55","nameTh":"องค์การบริหารส่วนตำบล บัวใหญ่","nameEn":null,"geometryType":"MUNICIPALITY","sourceUrl":"https://landometer.com/api/v2/citymeter-v3/grocery/info/geom/162332fd-cc76-48ef-9369-6bec40c016f4/MUNICIPALITY","sourceSha256":"01adbff34ea9b43b18961a31177c4fdabcb112ee81bb0aa77d7886326e97afc1","retrievedAt":"2026-10-04T05:43:54.300143+00:00","boundaryVintage":null,"geometryStatus":"native_source_polygon_display_simplified","simplificationToleranceDegrees":0.00015,"simplificationPreservesTopology":true,"invalidSourceRepair":"make_valid; retain polygonal components; discard zero-area collapsed lines","legalBoundaryIndependentlyVerified":false,"areaId":"162332fd-cc76-48ef-9369-6bec40c016f4"},"geometry":{"type":"Polygon","coordinates":[[[100.534551,18.390556],[100.535603,18.390407],[100.53648,18.390947],[100.536372,18.390659],[100.556666,18.38402],[100.566056,18.383674],[100.571251,18.386055],[100.590485,18.387386],[100.599459,18.384784],[100.603503,18.385322],[100.606521,18.381419],[100.608219,18.37542],[100.612326,18.374464],[100.620538,18.367615],[100.620484,18.364464],[100.623223,18.361354],[100.619754,18.357012],[100.624102,18.355526],[100.627652,18.352614],[100.628309,18.352499],[100.627565,18.351497],[100.632073,18.349615],[100.63721,18.348998],[100.642557,18.341568],[100.643966,18.343064],[100.647706,18.3422],[100.64674,18.344394],[100.650829,18.345208],[100.650355,18.347655],[100.651488,18.3493],[100.650978,18.348558],[100.653246,18.346753],[100.65889,18.346694],[100.657546,18.344852],[100.658777,18.342876],[100.65758,18.339309],[100.652383,18.338598],[100.652153,18.334338],[100.651118,18.333513],[100.645986,18.335964],[100.642894,18.335625],[100.641233,18.323731],[100.645238,18.318703],[100.645029,18.314816],[100.645484,18.31472],[100.646298,18.313808],[100.640407,18.309816],[100.630812,18.312166],[100.624077,18.310737],[100.608016,18.314947],[100.599797,18.315182],[100.593449,18.318157],[100.582633,18.311935],[100.575018,18.311136],[100.560788,18.318703],[100.559043,18.323713],[100.556293,18.326247],[100.548532,18.325918],[100.539873,18.328139],[100.534542,18.332921],[100.521339,18.337601],[100.509477,18.344608],[100.50335,18.344971],[100.493294,18.337944],[100.492289,18.338942],[100.490051,18.339585],[100.488281,18.341697],[100.487512,18.342213],[100.483347,18.341781],[100.482814,18.341922],[100.482791,18.343681],[100.483448,18.345745],[100.483523,18.346692],[100.48265,18.348366],[100.481456,18.349406],[100.48345,18.350482],[100.485629,18.35019],[100.487226,18.350446],[100.489914,18.352015],[100.49081,18.352114],[100.492371,18.351354],[100.493239,18.351373],[100.494615,18.351844],[100.495293,18.352614],[100.495799,18.352824],[100.497802,18.352982],[100.497566,18.354855],[100.498236,18.35628],[100.498218,18.357415],[100.501395,18.358267],[100.503765,18.360813],[100.505468,18.362244],[100.505735,18.362773],[100.50565,18.364079],[100.50622,18.36642],[100.506183,18.367188],[100.505683,18.368476],[100.505975,18.37015],[100.506553,18.371039],[100.50675,18.371874],[100.507959,18.373023],[100.508659,18.37447],[100.510368,18.375908],[100.510561,18.376354],[100.510597,18.376996],[100.510031,18.379199],[100.510315,18.381612],[100.511336,18.383],[100.511765,18.385273],[100.512581,18.386551],[100.512929,18.387792],[100.517149,18.392197],[100.51825,18.392634],[100.521085,18.392431],[100.526976,18.390561],[100.527811,18.39061],[100.530553,18.391481],[100.531635,18.391529],[100.532853,18.392007],[100.533714,18.391708],[100.534551,18.390556]]]},"bbox":[100.481456,18.309816,100.65889,18.392658]},{"type":"Feature","id":"fca1def4-b213-4325-acc6-c7b7530aa332","properties":{"id":"fca1def4-b213-4325-acc6-c7b7530aa332","code":"06550407","provinceCode":"55","nameTh":"องค์การบริหารส่วนตำบล สถาน","nameEn":null,"geometryType":"MUNICIPALITY","sourceUrl":"https://landometer.com/api/v2/citymeter-v3/grocery/info/geom/fca1def4-b213-4325-acc6-c7b7530aa332/MUNICIPALITY","sourceSha256":"30422783a77e03e4d92043ac5552b4cb40243ae5e11f8bf5317a05b1e97066b4","retrievedAt":"2026-10-04T05:43:54.491913+00:00","boundaryVintage":null,"geometryStatus":"native_source_polygon_display_simplified","simplificationToleranceDegrees":0.00015,"simplificationPreservesTopology":true,"invalidSourceRepair":"make_valid; retain polygonal components; discard zero-area collapsed lines","legalBoundaryIndependentlyVerified":false,"areaId":"fca1def4-b213-4325-acc6-c7b7530aa332"},"geometry":{"type":"Polygon","coordinates":[[[100.914355,18.221937],[100.916539,18.221305],[100.917027,18.219418],[100.918062,18.217644],[100.9192,18.21707],[100.921439,18.217118],[100.922508,18.21629],[100.925304,18.212504],[100.925442,18.211496],[100.924779,18.208366],[100.923591,18.208095],[100.923096,18.207627],[100.923483,18.206605],[100.923285,18.205806],[100.920973,18.203944],[100.919189,18.202983],[100.918694,18.200988],[100.915855,18.200652],[100.914238,18.199933],[100.907505,18.193863],[100.907246,18.191476],[100.908314,18.189885],[100.908712,18.188202],[100.907212,18.18457],[100.906291,18.180662],[100.90628,18.178926],[100.90568,18.176777],[100.906825,18.17402],[100.907009,18.171589],[100.909143,18.169984],[100.908871,18.168417],[100.90916,18.165186],[100.909881,18.164354],[100.912187,18.162851],[100.913523,18.160106],[100.913214,18.159291],[100.912998,18.158966],[100.911411,18.158204],[100.910742,18.157474],[100.908596,18.157555],[100.906929,18.155519],[100.904995,18.155576],[100.904466,18.1554],[100.90162,18.152653],[100.899785,18.152506],[100.898462,18.151632],[100.896612,18.151477],[100.895078,18.150755],[100.893671,18.14937],[100.892348,18.149255],[100.889906,18.149648],[100.888293,18.148167],[100.887298,18.147854],[100.88661,18.148251],[100.883999,18.151393],[100.88333,18.151505],[100.882703,18.151106],[100.880957,18.148584],[100.88063,18.146709],[100.879809,18.145527],[100.877106,18.142699],[100.875482,18.142539],[100.875202,18.141195],[100.873115,18.139374],[100.872583,18.137201],[100.871527,18.135258],[100.871557,18.134147],[100.872494,18.130403],[100.872167,18.129263],[100.872379,18.127749],[100.871655,18.126981],[100.871593,18.126584],[100.873502,18.124594],[100.874368,18.123246],[100.874562,18.122304],[100.874389,18.121123],[100.874792,18.119803],[100.874568,18.118988],[100.873838,18.119379],[100.872105,18.119654],[100.870856,18.121244],[100.870187,18.121548],[100.866607,18.121231],[100.866084,18.121668],[100.864795,18.12199],[100.862794,18.121205],[100.86138,18.121836],[100.859141,18.121706],[100.85816,18.122275],[100.857709,18.122839],[100.85593,18.123573],[100.855187,18.123627],[100.854355,18.123332],[100.853434,18.123854],[100.853242,18.124206],[100.851486,18.124608],[100.8503,18.12553],[100.848149,18.126024],[100.846679,18.127605],[100.846441,18.128139],[100.845435,18.128149],[100.843045,18.129097],[100.842212,18.128879],[100.842001,18.127715],[100.841725,18.127528],[100.838785,18.127615],[100.837957,18.12787],[100.838926,18.12875],[100.840449,18.131577],[100.84175,18.133376],[100.841361,18.136377],[100.841848,18.139243],[100.841476,18.140121],[100.837554,18.141547],[100.835528,18.141374],[100.833022,18.1437],[100.831921,18.145681],[100.829706,18.147323],[100.827878,18.149135],[100.826776,18.149245],[100.825123,18.150368],[100.824213,18.150248],[100.823708,18.150918],[100.823095,18.151232],[100.822034,18.151219],[100.821045,18.151654],[100.820167,18.151686],[100.818045,18.1511],[100.817032,18.150351],[100.81591,18.150333],[100.813528,18.151748],[100.813006,18.152552],[100.812015,18.152876],[100.811684,18.153281],[100.809561,18.153703],[100.809351,18.154009],[100.809492,18.156555],[100.807302,18.159646],[100.806717,18.162596],[100.801234,18.163058],[100.799473,18.164329],[100.797804,18.164809],[100.794779,18.164766],[100.79323,18.164989],[100.792394,18.165369],[100.791128,18.16643],[100.789792,18.166249],[100.788525,18.166479],[100.784994,18.166082],[100.781402,18.166788],[100.778673,18.168511],[100.778178,18.169082],[100.776809,18.169437],[100.775409,18.170657],[100.773712,18.171487],[100.771124,18.171038],[100.76819,18.171855],[100.766851,18.17198],[100.76457,18.171049],[100.760352,18.172207],[100.759723,18.171834],[100.758595,18.170295],[100.757096,18.170103],[100.756525,18.171546],[100.75522,18.172534],[100.755456,18.174038],[100.75502,18.175335],[100.755105,18.177319],[100.755693,18.178844],[100.754439,18.179677],[100.753431,18.18103],[100.751243,18.181604],[100.750453,18.182363],[100.748379,18.182272],[100.746955,18.183564],[100.744674,18.18352],[100.743383,18.184055],[100.74055,18.18406],[100.739401,18.184693],[100.737749,18.184593],[100.735394,18.186008],[100.735059,18.186877],[100.733592,18.18803],[100.732695,18.189541],[100.732312,18.189784],[100.729678,18.189305],[100.728713,18.188187],[100.728165,18.187973],[100.724737,18.187948],[100.723401,18.186778],[100.72202,18.186165],[100.720552,18.185971],[100.719383,18.186193],[100.718244,18.186856],[100.717982,18.187698],[100.716766,18.188617],[100.715207,18.189296],[100.713881,18.18918],[100.712606,18.190028],[100.711953,18.189639],[100.711488,18.189757],[100.710433,18.189166],[100.708089,18.189417],[100.707416,18.188637],[100.706942,18.188797],[100.705337,18.188518],[100.704434,18.188852],[100.70349,18.188442],[100.701757,18.18855],[100.699795,18.189207],[100.699333,18.189865],[100.698545,18.189866],[100.698183,18.190141],[100.69755,18.190006],[100.697324,18.190557],[100.696619,18.190593],[100.69608,18.191067],[100.695214,18.19106],[100.694613,18.191635],[100.693933,18.191683],[100.693185,18.192511],[100.692743,18.192064],[100.692288,18.192797],[100.691583,18.193239],[100.69143,18.195566],[100.691894,18.196082],[100.691566,18.196315],[100.692353,18.196368],[100.692474,18.196835],[100.69173,18.198168],[100.692264,18.198757],[100.69212,18.199398],[100.692873,18.199409],[100.693224,18.200146],[100.692477,18.200463],[100.692379,18.200975],[100.691367,18.201948],[100.690833,18.201977],[100.690969,18.202507],[100.690408,18.203008],[100.69086,18.204838],[100.690713,18.205789],[100.690152,18.206534],[100.690037,18.207595],[100.689654,18.208026],[100.689692,18.208736],[100.688991,18.208939],[100.689358,18.209384],[100.688375,18.209876],[100.687894,18.210588],[100.686195,18.210994],[100.685968,18.210477],[100.685646,18.210441],[100.685125,18.211111],[100.684603,18.211173],[100.684401,18.211521],[100.684794,18.212156],[100.684707,18.212811],[100.683806,18.213013],[100.683503,18.213709],[100.683554,18.214428],[100.684207,18.215417],[100.684531,18.216614],[100.686123,18.21904],[100.684782,18.219637],[100.684549,18.22078],[100.682814,18.222833],[100.678802,18.223324],[100.674473,18.224706],[100.674422,18.225515],[100.674977,18.227725],[100.676995,18.229692],[100.676301,18.23111],[100.674382,18.232646],[100.674297,18.23305],[100.673633,18.233666],[100.673552,18.234143],[100.672706,18.234294],[100.671586,18.234967],[100.670282,18.234306],[100.669449,18.234785],[100.669314,18.235413],[100.666851,18.235326],[100.6662,18.235772],[100.666024,18.237253],[100.665483,18.23812],[100.663104,18.239553],[100.661213,18.239691],[100.660465,18.240619],[100.659476,18.241258],[100.658924,18.242225],[100.65668,18.24123],[100.655899,18.241517],[100.655186,18.242689],[100.654616,18.242435],[100.654088,18.242702],[100.651831,18.242641],[100.650803,18.242313],[100.648345,18.243287],[100.647628,18.242957],[100.646905,18.243068],[100.646562,18.243583],[100.645595,18.243442],[100.644442,18.244012],[100.643724,18.245016],[100.643176,18.245182],[100.642836,18.245588],[100.640732,18.246203],[100.63961,18.246125],[100.637913,18.245837],[100.635842,18.244197],[100.635856,18.243725],[100.637188,18.242637],[100.637243,18.242186],[100.636262,18.24104],[100.635057,18.238014],[100.63435,18.237368],[100.633063,18.236806],[100.630782,18.236629],[100.629612,18.236897],[100.628319,18.237625],[100.626414,18.237528],[100.624832,18.2369],[100.623103,18.235569],[100.622025,18.235343],[100.620095,18.235803],[100.617698,18.235938],[100.615099,18.237015],[100.613707,18.236923],[100.611645,18.237864],[100.610413,18.237367],[100.609709,18.236454],[100.609033,18.236158],[100.608141,18.236205],[100.607067,18.236931],[100.60603,18.237193],[100.601258,18.236654],[100.602088,18.24109],[100.60581,18.245766],[100.613034,18.247901],[100.622007,18.246199],[100.62508,18.252533],[100.630592,18.256671],[100.631506,18.262746],[100.626131,18.267403],[100.624874,18.272659],[100.632787,18.277075],[100.63929,18.274076],[100.643379,18.274314],[100.647429,18.276713],[100.64707,18.281163],[100.648642,18.282935],[100.654819,18.280879],[100.659809,18.282326],[100.667639,18.276511],[100.680226,18.274878],[100.686993,18.271291],[100.698954,18.276406],[100.711743,18.290352],[100.714269,18.291131],[100.715185,18.289311],[100.717398,18.290004],[100.720758,18.287791],[100.720318,18.28442],[100.722425,18.283021],[100.723562,18.278906],[100.729992,18.275789],[100.732782,18.268089],[100.739243,18.267581],[100.753606,18.253996],[100.761036,18.254282],[100.763618,18.261475],[100.767731,18.259173],[100.779183,18.260694],[100.7868,18.259786],[100.794699,18.255594],[100.79806,18.250742],[100.802509,18.249478],[100.80921,18.240171],[100.834559,18.234395],[100.831721,18.230774],[100.843171,18.226603],[100.849109,18.227449],[100.861956,18.236588],[100.87552,18.241698],[100.879498,18.240833],[100.895795,18.229616],[100.902128,18.228244],[100.910369,18.229547],[100.912574,18.227747],[100.912278,18.227457],[100.912435,18.226598],[100.913303,18.223487],[100.914027,18.222203],[100.914355,18.221937]]]},"bbox":[100.601258,18.118988,100.925442,18.291131]},{"type":"Feature","id":"3eae1d58-6c97-4046-96a3-021d0c462e67","properties":{"id":"3eae1d58-6c97-4046-96a3-021d0c462e67","code":"06550408","provinceCode":"55","nameTh":"องค์การบริหารส่วนตำบล สันทะ","nameEn":null,"geometryType":"MUNICIPALITY","sourceUrl":"https://landometer.com/api/v2/citymeter-v3/grocery/info/geom/3eae1d58-6c97-4046-96a3-021d0c462e67/MUNICIPALITY","sourceSha256":"66f6db6c51ca44fa3e50a4b925bc7fbf3938e806c5b5abaa054f24a896e0aecf","retrievedAt":"2026-10-04T05:43:54.331058+00:00","boundaryVintage":null,"geometryStatus":"native_source_polygon_display_simplified","simplificationToleranceDegrees":0.00015,"simplificationPreservesTopology":true,"invalidSourceRepair":"make_valid; retain polygonal components; discard zero-area collapsed lines","legalBoundaryIndependentlyVerified":false,"areaId":"3eae1d58-6c97-4046-96a3-021d0c462e67"},"geometry":{"type":"Polygon","coordinates":[[[100.593449,18.318157],[100.599797,18.315182],[100.608016,18.314947],[100.624077,18.310737],[100.630812,18.312166],[100.640407,18.309816],[100.646298,18.313808],[100.645484,18.31472],[100.649411,18.313893],[100.651137,18.311711],[100.649971,18.304902],[100.647773,18.302506],[100.654615,18.298794],[100.652005,18.292085],[100.64881,18.28979],[100.649904,18.285078],[100.648642,18.282935],[100.64707,18.281163],[100.647429,18.276713],[100.643379,18.274314],[100.63929,18.274076],[100.632787,18.277075],[100.624796,18.272988],[100.629378,18.275331],[100.624874,18.272659],[100.626131,18.267403],[100.631506,18.262746],[100.630592,18.256671],[100.62508,18.252533],[100.622007,18.246199],[100.613034,18.247901],[100.60581,18.245766],[100.602088,18.24109],[100.601258,18.236654],[100.601665,18.236679],[100.60091,18.236414],[100.599606,18.237002],[100.59871,18.23669],[100.597885,18.237095],[100.59659,18.236677],[100.594794,18.236522],[100.59425,18.237069],[100.593541,18.237083],[100.593429,18.237439],[100.591898,18.237736],[100.591663,18.238022],[100.590749,18.238278],[100.588702,18.238487],[100.587663,18.238124],[100.586926,18.238283],[100.586049,18.238093],[100.58534,18.238858],[100.5847,18.238726],[100.584438,18.239132],[100.582272,18.238946],[100.581592,18.239205],[100.581732,18.239446],[100.581358,18.23969],[100.580541,18.239277],[100.579536,18.239439],[100.579471,18.238832],[100.579063,18.238714],[100.578625,18.238083],[100.577707,18.238086],[100.57721,18.237735],[100.57637,18.237675],[100.574873,18.236279],[100.57304,18.236704],[100.571883,18.235993],[100.570895,18.236167],[100.570182,18.235937],[100.569389,18.236378],[100.568278,18.236162],[100.568215,18.235962],[100.566328,18.235334],[100.565386,18.235655],[100.562238,18.235605],[100.560461,18.236313],[100.559914,18.23618],[100.559469,18.235377],[100.559118,18.23518],[100.558044,18.235314],[100.556659,18.235893],[100.5554,18.235398],[100.554473,18.23538],[100.553887,18.235028],[100.553113,18.235285],[100.552822,18.236043],[100.551543,18.23673],[100.550729,18.238074],[100.548773,18.238322],[100.547399,18.239517],[100.54512,18.239961],[100.544428,18.241312],[100.541354,18.242443],[100.540539,18.243641],[100.538657,18.245102],[100.53772,18.2462],[100.537314,18.247031],[100.537092,18.249325],[100.535912,18.249805],[100.534788,18.251763],[100.533474,18.252139],[100.531975,18.251553],[100.529976,18.251343],[100.527955,18.251498],[100.52661,18.251103],[100.526192,18.251205],[100.525768,18.253465],[100.524399,18.25521],[100.524374,18.255733],[100.523416,18.257312],[100.524333,18.258884],[100.524388,18.259428],[100.524171,18.259662],[100.521499,18.25916],[100.519852,18.257388],[100.519099,18.256977],[100.513943,18.256392],[100.513447,18.256097],[100.512926,18.255131],[100.512345,18.254828],[100.507142,18.254398],[100.503485,18.253828],[100.497507,18.251482],[100.495821,18.251776],[100.486864,18.256025],[100.486158,18.256683],[100.484237,18.259489],[100.482238,18.26091],[100.481538,18.260921],[100.480489,18.260535],[100.478861,18.260744],[100.476473,18.260219],[100.476793,18.261038],[100.475908,18.262794],[100.475668,18.263878],[100.476196,18.265025],[100.476661,18.265275],[100.477597,18.266957],[100.478622,18.267662],[100.480407,18.267484],[100.481265,18.267717],[100.482353,18.269032],[100.485021,18.270499],[100.48551,18.271223],[100.4858,18.272899],[100.486503,18.273853],[100.487642,18.274798],[100.487749,18.275388],[100.488654,18.275465],[100.489656,18.276085],[100.490547,18.276048],[100.492012,18.276857],[100.493673,18.277993],[100.494032,18.278908],[100.492893,18.283663],[100.492445,18.284015],[100.492152,18.284725],[100.490727,18.284718],[100.488826,18.285281],[100.488521,18.285824],[100.487358,18.286789],[100.486503,18.287114],[100.485797,18.287926],[100.485208,18.288182],[100.484779,18.289458],[100.483434,18.29014],[100.483059,18.291749],[100.483399,18.295569],[100.483937,18.296206],[100.486076,18.297687],[100.486361,18.2983],[100.486143,18.298996],[100.485285,18.300099],[100.484629,18.30178],[100.484995,18.304407],[100.484647,18.304604],[100.483826,18.304544],[100.483214,18.305164],[100.48238,18.305539],[100.48151,18.309232],[100.481725,18.313116],[100.480509,18.314668],[100.48067,18.315913],[100.479834,18.318518],[100.480342,18.320831],[100.481039,18.321462],[100.481068,18.323579],[100.482017,18.324079],[100.484224,18.324231],[100.485029,18.324747],[100.485465,18.326205],[100.487064,18.327382],[100.487354,18.328625],[100.48841,18.329729],[100.488464,18.331052],[100.489338,18.334033],[100.489854,18.334808],[100.490883,18.33519],[100.492903,18.336707],[100.493096,18.337285],[100.492953,18.338229],[100.493294,18.337944],[100.50335,18.344971],[100.509477,18.344608],[100.521339,18.337601],[100.534542,18.332921],[100.539873,18.328139],[100.548532,18.325918],[100.556293,18.326247],[100.559043,18.323713],[100.560788,18.318703],[100.575018,18.311136],[100.582633,18.311935],[100.593449,18.318157]]]},"bbox":[100.475632,18.235028,100.654615,18.344971]},{"type":"Feature","id":"e427907e-9791-4db3-a709-a82d205f3c0b","properties":{"id":"e427907e-9791-4db3-a709-a82d205f3c0b","code":"06550503","provinceCode":"55","nameTh":"องค์การบริหารส่วนตำบล แงง","nameEn":null,"geometryType":"MUNICIPALITY","sourceUrl":"https://landometer.com/api/v2/citymeter-v3/grocery/info/geom/e427907e-9791-4db3-a709-a82d205f3c0b/MUNICIPALITY","sourceSha256":"d45aeb083690afd4c0dfcd27465c3dcebfe9229c737548aec582d15dee740e4b","retrievedAt":"2026-10-04T05:43:54.480567+00:00","boundaryVintage":null,"geometryStatus":"native_source_polygon_display_simplified","simplificationToleranceDegrees":0.00015,"simplificationPreservesTopology":true,"invalidSourceRepair":"make_valid; retain polygonal components; discard zero-area collapsed lines","legalBoundaryIndependentlyVerified":false,"areaId":"e427907e-9791-4db3-a709-a82d205f3c0b"},"geometry":{"type":"Polygon","coordinates":[[[100.879145,19.216814],[100.87946,19.21644],[100.885221,19.213723],[100.88546,19.211196],[100.878085,19.205989],[100.882494,19.199693],[100.882619,19.196916],[100.886959,19.19556],[100.881728,19.195493],[100.877539,19.189902],[100.881905,19.183683],[100.880913,19.182421],[100.873934,19.180467],[100.872627,19.181974],[100.873532,19.185148],[100.870741,19.185244],[100.870801,19.185079],[100.867237,19.18312],[100.857769,19.185597],[100.855657,19.181752],[100.855437,19.17628],[100.851396,19.174922],[100.84772,19.175865],[100.845823,19.172801],[100.836863,19.178025],[100.837264,19.180704],[100.834052,19.180101],[100.833729,19.188587],[100.827979,19.194603],[100.828929,19.204661],[100.83064,19.204787],[100.828815,19.208994],[100.826251,19.209492],[100.823381,19.205229],[100.820678,19.204267],[100.821934,19.210592],[100.817186,19.210359],[100.816739,19.216384],[100.812486,19.222615],[100.812983,19.222994],[100.814602,19.221936],[100.818556,19.221755],[100.819402,19.221328],[100.820642,19.220018],[100.822244,19.219797],[100.823386,19.219076],[100.825693,19.21911],[100.827115,19.218421],[100.828678,19.217038],[100.832939,19.216053],[100.836346,19.217068],[100.838117,19.218532],[100.840465,19.21826],[100.842865,19.218605],[100.845084,19.218143],[100.849775,19.219053],[100.853296,19.220265],[100.856429,19.220525],[100.857902,19.221425],[100.859826,19.221852],[100.860989,19.222443],[100.861348,19.223822],[100.862495,19.224923],[100.862525,19.226657],[100.864459,19.228576],[100.86558,19.23114],[100.866216,19.231992],[100.87031,19.233965],[100.870933,19.234503],[100.871456,19.235585],[100.872234,19.236377],[100.872683,19.23644],[100.873875,19.235858],[100.87518,19.235695],[100.875459,19.236077],[100.875503,19.236974],[100.876527,19.237335],[100.876998,19.23812],[100.878893,19.238121],[100.879927,19.239236],[100.881644,19.240147],[100.882287,19.241805],[100.882897,19.241969],[100.88387,19.241613],[100.884474,19.241777],[100.885594,19.242628],[100.886471,19.243878],[100.887084,19.242907],[100.879597,19.228336],[100.880735,19.224689],[100.878798,19.218968],[100.879221,19.217353],[100.879145,19.216814]]]},"bbox":[100.812486,19.172801,100.887084,19.243878]},{"type":"Feature","id":"f2e13b0f-1925-4262-89c1-595cc3b79c56","properties":{"id":"f2e13b0f-1925-4262-89c1-595cc3b79c56","code":"06550504","provinceCode":"55","nameTh":"องค์การบริหารส่วนตำบล ไชยวัฒนา","nameEn":null,"geometryType":"MUNICIPALITY","sourceUrl":"https://landometer.com/api/v2/citymeter-v3/grocery/info/geom/f2e13b0f-1925-4262-89c1-595cc3b79c56/MUNICIPALITY","sourceSha256":"659a12dd66a4ee781c5d779fee8db89759790e94a37ae43e4dd10827c57ec72a","retrievedAt":"2026-10-04T05:43:54.483553+00:00","boundaryVintage":null,"geometryStatus":"native_source_polygon_display_simplified","simplificationToleranceDegrees":0.00015,"simplificationPreservesTopology":true,"invalidSourceRepair":"make_valid; retain polygonal components; discard zero-area collapsed lines","legalBoundaryIndependentlyVerified":false,"areaId":"f2e13b0f-1925-4262-89c1-595cc3b79c56"},"geometry":{"type":"Polygon","coordinates":[[[100.926003,19.238647],[100.922336,19.22138],[100.923272,19.205419],[100.921846,19.19943],[100.919261,19.198358],[100.920886,19.1951],[100.912576,19.192453],[100.911848,19.191006],[100.913715,19.191495],[100.911658,19.189276],[100.909036,19.193302],[100.905365,19.194193],[100.903298,19.192811],[100.903622,19.189149],[100.902122,19.187842],[100.896015,19.19034],[100.895156,19.194049],[100.890409,19.19052],[100.886959,19.19556],[100.882619,19.196916],[100.882494,19.199693],[100.878085,19.205989],[100.88546,19.211196],[100.885221,19.213723],[100.87946,19.21644],[100.879145,19.216814],[100.879221,19.217353],[100.878798,19.218968],[100.880735,19.224689],[100.879597,19.228336],[100.887084,19.242907],[100.886471,19.243878],[100.887392,19.244577],[100.888517,19.246615],[100.889615,19.247136],[100.892485,19.249328],[100.893727,19.249882],[100.894856,19.250907],[100.897029,19.252045],[100.898303,19.252302],[100.900406,19.25218],[100.904315,19.252995],[100.905766,19.253554],[100.907207,19.25334],[100.907959,19.253784],[100.909294,19.253945],[100.910439,19.254795],[100.912535,19.255617],[100.914551,19.257352],[100.91616,19.257346],[100.917337,19.257927],[100.917617,19.25855],[100.92125,19.259155],[100.923122,19.260295],[100.923495,19.261128],[100.926589,19.260826],[100.928061,19.261819],[100.931867,19.262551],[100.934179,19.264448],[100.938909,19.266929],[100.939501,19.267031],[100.940123,19.266798],[100.941766,19.264853],[100.944137,19.265359],[100.944939,19.262859],[100.943917,19.251619],[100.925477,19.242855],[100.926003,19.238647]]]},"bbox":[100.878085,19.187842,100.944939,19.267031]},{"type":"Feature","id":"27d15a70-15c4-4b21-af1a-100b253b8a72","properties":{"id":"27d15a70-15c4-4b21-af1a-100b253b8a72","code":"06550505","provinceCode":"55","nameTh":"องค์การบริหารส่วนตำบล ป่ากลาง","nameEn":null,"geometryType":"MUNICIPALITY","sourceUrl":"https://landometer.com/api/v2/citymeter-v3/grocery/info/geom/27d15a70-15c4-4b21-af1a-100b253b8a72/MUNICIPALITY","sourceSha256":"a9ae2ea9bb42129c81dd351bf3ea8567d4bbc9ac6887f3d3efd54df96a3de702","retrievedAt":"2026-10-04T05:43:54.483718+00:00","boundaryVintage":null,"geometryStatus":"native_source_polygon_display_simplified","simplificationToleranceDegrees":0.00015,"simplificationPreservesTopology":true,"invalidSourceRepair":"make_valid; retain polygonal components; discard zero-area collapsed lines","legalBoundaryIndependentlyVerified":false,"areaId":"27d15a70-15c4-4b21-af1a-100b253b8a72"},"geometry":{"type":"MultiPolygon","coordinates":[[[[100.948653,19.1304],[100.946985,19.124049],[100.942792,19.119052],[100.939261,19.117698],[100.937168,19.11851],[100.93368,19.119229],[100.932725,19.118967],[100.933257,19.119344],[100.932857,19.122565],[100.932331,19.123437],[100.928633,19.124033],[100.925836,19.123729],[100.923966,19.124119],[100.922338,19.123054],[100.920585,19.12253],[100.916206,19.122548],[100.915303,19.121331],[100.913426,19.121535],[100.911498,19.120887],[100.910593,19.119822],[100.909214,19.119387],[100.907439,19.120514],[100.906952,19.120481],[100.905237,19.119416],[100.904632,19.117345],[100.903569,19.116321],[100.90123,19.114854],[100.899738,19.114438],[100.898267,19.114365],[100.897589,19.115315],[100.897325,19.118971],[100.894845,19.122916],[100.89094,19.12804],[100.888204,19.132384],[100.887189,19.133244],[100.884447,19.134417],[100.883897,19.135121],[100.883561,19.136715],[100.881901,19.139092],[100.881122,19.141047],[100.878664,19.140697],[100.87819,19.1416],[100.878154,19.142312],[100.87769,19.142362],[100.876658,19.143097],[100.875585,19.144325],[100.875904,19.145021],[100.875326,19.14513],[100.875545,19.145868],[100.874654,19.146005],[100.87384,19.146561],[100.875058,19.14645],[100.875695,19.146084],[100.87635,19.152877],[100.884928,19.158754],[100.888712,19.159104],[100.898015,19.156131],[100.898895,19.15585],[100.899095,19.14659],[100.910236,19.146401],[100.924153,19.153208],[100.926647,19.148075],[100.931383,19.143345],[100.946858,19.135473],[100.948653,19.1304]]],[[[100.89801508149311,19.15613120644923],[100.898895,19.15585],[100.89801507218357,19.156131182865035],[100.89801508149311,19.15613120644923]]],[[[100.898228,19.156569],[100.89801508149311,19.15613120644923],[100.894968,19.157105],[100.898228,19.156569]]]]},"bbox":[100.87384,19.114337,100.948653,19.159104]},{"type":"Feature","id":"24be5f97-07e2-426c-bee1-1870101456a7","properties":{"id":"24be5f97-07e2-426c-bee1-1870101456a7","code":"06550506","provinceCode":"55","nameTh":"องค์การบริหารส่วนตำบล วรนคร","nameEn":null,"geometryType":"MUNICIPALITY","sourceUrl":"https://landometer.com/api/v2/citymeter-v3/grocery/info/geom/24be5f97-07e2-426c-bee1-1870101456a7/MUNICIPALITY","sourceSha256":"ada6cdcc19e80fcf0fd2a3f3983ae4a73faf6478dd301146eea5b767a74fdb9a","retrievedAt":"2026-10-04T05:43:54.482738+00:00","boundaryVintage":null,"geometryStatus":"native_source_polygon_display_simplified","simplificationToleranceDegrees":0.00015,"simplificationPreservesTopology":true,"invalidSourceRepair":"make_valid; retain polygonal components; discard zero-area collapsed lines","legalBoundaryIndependentlyVerified":false,"areaId":"24be5f97-07e2-426c-bee1-1870101456a7"},"geometry":{"type":"Polygon","coordinates":[[[100.978553,19.181082],[100.977374,19.179371],[100.975365,19.182225],[100.973299,19.182047],[100.965632,19.175366],[100.964784,19.176656],[100.960733,19.180046],[100.959676,19.18046],[100.957392,19.17628],[100.954904,19.175682],[100.947991,19.177478],[100.943829,19.180602],[100.941731,19.174518],[100.937729,19.174814],[100.937246,19.167869],[100.931385,19.166197],[100.93379,19.165267],[100.932629,19.163506],[100.92536,19.159382],[100.924153,19.153208],[100.910236,19.146401],[100.911082,19.17184],[100.912951,19.171902],[100.920872,19.16202],[100.936011,19.169034],[100.932814,19.171057],[100.929388,19.17849],[100.923715,19.181781],[100.927306,19.192542],[100.932635,19.187678],[100.933469,19.192543],[100.935869,19.192438],[100.940896,19.188207],[100.953356,19.193917],[100.958477,19.193008],[100.966023,19.195582],[100.973587,19.195157],[100.973843,19.195793],[100.974288,19.195573],[100.9737,19.18596],[100.978553,19.181082]]]},"bbox":[100.910236,19.146401,100.978553,19.195793]},{"type":"Feature","id":"e89f7710-88d0-4997-9aa5-9dc31daca86b","properties":{"id":"e89f7710-88d0-4997-9aa5-9dc31daca86b","code":"06550507","provinceCode":"55","nameTh":"องค์การบริหารส่วนตำบล ศิลาเพชร","nameEn":null,"geometryType":"MUNICIPALITY","sourceUrl":"https://landometer.com/api/v2/citymeter-v3/grocery/info/geom/e89f7710-88d0-4997-9aa5-9dc31daca86b/MUNICIPALITY","sourceSha256":"567399764411abdde0d657817c66d72734d3761280c3e315c6455f6760f56b0d","retrievedAt":"2026-10-04T05:43:54.485615+00:00","boundaryVintage":null,"geometryStatus":"native_source_polygon_display_simplified","simplificationToleranceDegrees":0.00015,"simplificationPreservesTopology":true,"invalidSourceRepair":"make_valid; retain polygonal components; discard zero-area collapsed lines","legalBoundaryIndependentlyVerified":false,"areaId":"e89f7710-88d0-4997-9aa5-9dc31daca86b"},"geometry":{"type":"Polygon","coordinates":[[[101.025169,19.11799],[101.027122,19.119757],[101.030552,19.118457],[101.041104,19.120639],[101.042416,19.122232],[101.051592,19.116003],[101.061305,19.116132],[101.070922,19.127297],[101.071758,19.122337],[101.071149,19.119401],[101.071634,19.117319],[101.070639,19.11303],[101.071581,19.111947],[101.071775,19.110848],[101.069809,19.107099],[101.070537,19.105236],[101.070742,19.103912],[101.070529,19.102101],[101.070773,19.101666],[101.070318,19.097793],[101.066104,19.081961],[101.060807,19.080981],[101.056839,19.076168],[101.048226,19.070792],[101.016737,19.076302],[101.008074,19.074375],[101.004735,19.076225],[100.991354,19.073773],[100.983863,19.069103],[100.982537,19.068832],[100.981406,19.067602],[100.980986,19.067553],[100.979234,19.068167],[100.977373,19.067135],[100.973115,19.065669],[100.971547,19.064749],[100.96956,19.064943],[100.967921,19.064184],[100.964919,19.066199],[100.962467,19.065794],[100.961674,19.065939],[100.961213,19.067788],[100.960437,19.068466],[100.958539,19.068651],[100.957348,19.06915],[100.955222,19.069269],[100.951665,19.070185],[100.948888,19.070384],[100.947833,19.070774],[100.943845,19.073289],[100.941648,19.073804],[100.939691,19.07459],[100.938622,19.07462],[100.937503,19.074049],[100.93597,19.073785],[100.934584,19.072614],[100.933688,19.072718],[100.932553,19.072173],[100.931731,19.072481],[100.930432,19.073825],[100.929186,19.074562],[100.929129,19.075091],[100.92863,19.075565],[100.927211,19.075905],[100.926581,19.076869],[100.926037,19.076967],[100.925814,19.077394],[100.925334,19.077554],[100.925116,19.07841],[100.925362,19.078744],[100.92366,19.079752],[100.922377,19.081831],[100.922247,19.083845],[100.921625,19.084537],[100.921777,19.085943],[100.922463,19.086564],[100.92142,19.087159],[100.921243,19.087628],[100.921647,19.088539],[100.922075,19.088825],[100.920491,19.089854],[100.921217,19.090191],[100.920577,19.091351],[100.921037,19.091836],[100.921044,19.092419],[100.920572,19.092687],[100.920561,19.093297],[100.918937,19.094602],[100.918384,19.095375],[100.917964,19.097529],[100.917433,19.097966],[100.917424,19.098947],[100.91613,19.10024],[100.916283,19.100632],[100.916033,19.101174],[100.91614,19.101598],[100.91668,19.101907],[100.917363,19.103085],[100.917797,19.103362],[100.918135,19.103223],[100.918325,19.103593],[100.918141,19.104202],[100.91896,19.105006],[100.919476,19.107236],[100.920062,19.107547],[100.91962,19.108308],[100.919905,19.108809],[100.919811,19.109108],[100.920689,19.109544],[100.921209,19.109357],[100.921729,19.10972],[100.922438,19.11129],[100.923348,19.112311],[100.923167,19.113248],[100.924643,19.114848],[100.927646,19.116527],[100.928315,19.117645],[100.929421,19.118376],[100.931426,19.118353],[100.93368,19.119229],[100.937168,19.11851],[100.939261,19.117698],[100.942792,19.119052],[100.946904,19.123952],[100.949357,19.117474],[100.954754,19.117152],[100.965451,19.12246],[100.972115,19.12017],[100.983226,19.122389],[100.98994,19.125871],[100.991587,19.128432],[100.99926,19.129637],[100.998501,19.126741],[101.004269,19.119824],[101.006385,19.11318],[101.009179,19.116013],[101.025169,19.11799]]]},"bbox":[100.916025,19.064177,101.071802,19.129637]},{"type":"Feature","id":"63fea432-35ce-4b01-918c-783963e26df5","properties":{"id":"63fea432-35ce-4b01-918c-783963e26df5","code":"06550508","provinceCode":"55","nameTh":"องค์การบริหารส่วนตำบล สถาน","nameEn":null,"geometryType":"MUNICIPALITY","sourceUrl":"https://landometer.com/api/v2/citymeter-v3/grocery/info/geom/63fea432-35ce-4b01-918c-783963e26df5/MUNICIPALITY","sourceSha256":"f27503d9560ca36c309ffe4bd3379e8184bb3dd978e6b3ed84fcc9ad14e7ae41","retrievedAt":"2026-10-04T05:43:54.483432+00:00","boundaryVintage":null,"geometryStatus":"native_source_polygon_display_simplified","simplificationToleranceDegrees":0.00015,"simplificationPreservesTopology":true,"invalidSourceRepair":"make_valid; retain polygonal components; discard zero-area collapsed lines","legalBoundaryIndependentlyVerified":false,"areaId":"63fea432-35ce-4b01-918c-783963e26df5"},"geometry":{"type":"MultiPolygon","coordinates":[[[[100.97384328236339,19.19579286040462],[100.97384343712666,19.19579278389244],[100.973587,19.195157],[100.97384328236339,19.19579286040462]]],[[[100.974384,19.197133],[100.974288,19.195573],[100.97384343712666,19.19579278389244],[100.974384,19.197133]]],[[[100.940896,19.188207],[100.935869,19.192438],[100.933469,19.192543],[100.932635,19.187678],[100.927562,19.192308],[100.929146,19.196642],[100.927035,19.203007],[100.92389,19.202655],[100.921846,19.19943],[100.923272,19.205419],[100.922336,19.22138],[100.926003,19.238647],[100.925477,19.242855],[100.943917,19.251619],[100.944939,19.262859],[100.944137,19.265359],[100.942391,19.264874],[100.946351,19.266219],[100.947137,19.266297],[100.948466,19.265781],[100.951557,19.26381],[100.954912,19.265243],[100.955617,19.265339],[100.956674,19.264564],[100.957063,19.262823],[100.958353,19.261548],[100.961388,19.262395],[100.966156,19.262277],[100.970495,19.263917],[100.97236702171584,19.263609666812737],[100.973361,19.248359],[100.967871,19.243684],[100.968469,19.236041],[100.972399,19.22711],[100.983314,19.225375],[100.981552,19.225484],[100.984366,19.2139],[100.979881,19.210773],[100.973587,19.195157],[100.966023,19.195582],[100.958477,19.193008],[100.953356,19.193917],[100.940896,19.188207]]],[[[100.972367,19.26361],[100.972404,19.263599],[100.97236702171584,19.263609666812737],[100.972367,19.26361]]]]},"bbox":[100.921846,19.187678,100.984366,19.266321]},{"type":"Feature","id":"270d7751-d996-4890-bf0d-df05c2c25f55","properties":{"id":"270d7751-d996-4890-bf0d-df05c2c25f55","code":"06550509","provinceCode":"55","nameTh":"องค์การบริหารส่วนตำบล เจดีย์ชัย","nameEn":null,"geometryType":"MUNICIPALITY","sourceUrl":"https://landometer.com/api/v2/citymeter-v3/grocery/info/geom/270d7751-d996-4890-bf0d-df05c2c25f55/MUNICIPALITY","sourceSha256":"a3339f7ac81c23690cd40e9a95c89e655794f747dcecaa3ba580854ba7fb7069","retrievedAt":"2026-10-04T05:43:54.541388+00:00","boundaryVintage":null,"geometryStatus":"native_source_polygon_display_simplified","simplificationToleranceDegrees":0.00015,"simplificationPreservesTopology":true,"invalidSourceRepair":"make_valid; retain polygonal components; discard zero-area collapsed lines","legalBoundaryIndependentlyVerified":false,"areaId":"270d7751-d996-4890-bf0d-df05c2c25f55"},"geometry":{"type":"MultiPolygon","coordinates":[[[[100.823381,19.205229],[100.826251,19.209492],[100.828815,19.208994],[100.83064,19.204787],[100.828929,19.204661],[100.827979,19.194603],[100.833729,19.188587],[100.834052,19.180101],[100.837264,19.180704],[100.836863,19.178025],[100.845823,19.172801],[100.84772,19.175865],[100.851396,19.174922],[100.855437,19.17628],[100.855657,19.181752],[100.857769,19.185597],[100.867237,19.18312],[100.870801,19.185079],[100.875078,19.173302],[100.886431,19.177404],[100.893912,19.177163],[100.908274,19.171758],[100.902607,19.15585],[100.894968,19.157105],[100.888712,19.159104],[100.884928,19.158754],[100.87635,19.152877],[100.875695,19.146084],[100.875058,19.14645],[100.873265,19.14669],[100.870512,19.146695],[100.869309,19.147275],[100.868711,19.1473],[100.864791,19.146179],[100.863339,19.146693],[100.860678,19.146274],[100.859251,19.146325],[100.858004,19.146081],[100.85625,19.145264],[100.854311,19.145145],[100.852614,19.145495],[100.850873,19.144808],[100.849142,19.145054],[100.846845,19.146318],[100.844874,19.146922],[100.84234,19.14735],[100.841365,19.14717],[100.838579,19.147279],[100.836793,19.146636],[100.834939,19.146341],[100.831983,19.147291],[100.829085,19.147297],[100.827411,19.146903],[100.82346,19.147404],[100.821116,19.147162],[100.818918,19.145915],[100.81719,19.145373],[100.816319,19.145389],[100.815319,19.146608],[100.81396,19.14763],[100.813039,19.148941],[100.811523,19.149938],[100.812011,19.151403],[100.812,19.152308],[100.811442,19.152655],[100.810372,19.152629],[100.809724,19.153278],[100.808664,19.1569],[100.808778,19.158349],[100.808587,19.159377],[100.807082,19.160962],[100.805851,19.162714],[100.804732,19.163723],[100.80406,19.16599],[100.802987,19.167982],[100.801351,19.168838],[100.800291,19.169093],[100.79951,19.16984],[100.797099,19.170512],[100.796888,19.171743],[100.795542,19.172485],[100.79498,19.173331],[100.793543,19.173988],[100.793358,19.17491],[100.792502,19.175535],[100.793728,19.177581],[100.794712,19.17855],[100.795203,19.17945],[100.7965,19.180293],[100.797666,19.181473],[100.797666,19.182005],[100.796907,19.182762],[100.796759,19.184019],[100.795911,19.18591],[100.796078,19.186307],[100.797506,19.187561],[100.797178,19.18888],[100.797287,19.190514],[100.796177,19.193331],[100.795375,19.19621],[100.793514,19.199459],[100.793254,19.201237],[100.79143,19.202764],[100.791382,19.203496],[100.791904,19.205206],[100.790927,19.206704],[100.79169,19.20804],[100.791455,19.208308],[100.789396,19.20876],[100.788671,19.209724],[100.788603,19.210996],[100.78926,19.212577],[100.789171,19.213429],[100.789545,19.21429],[100.789441,19.215028],[100.78843,19.21668],[100.787867,19.218321],[100.785625,19.218729],[100.784993,19.219194],[100.783938,19.221956],[100.784049,19.222533],[100.784636,19.223126],[100.78708,19.223873],[100.788115,19.224488],[100.789826,19.224737],[100.791079,19.225469],[100.791063,19.227198],[100.791647,19.228788],[100.790829,19.229527],[100.791136,19.230687],[100.790119,19.231781],[100.791055,19.233553],[100.791932,19.234243],[100.793179,19.233315],[100.794978,19.232596],[100.795376,19.232131],[100.794773,19.229251],[100.794846,19.228406],[100.796345,19.225562],[100.79797,19.223951],[100.79815,19.223354],[100.798061,19.222035],[100.798289,19.221778],[100.799875,19.221379],[100.800869,19.221512],[100.805807,19.224604],[100.807344,19.224497],[100.809147,19.224834],[100.811431,19.224173],[100.812218,19.223718],[100.81298239706388,19.222993540215715],[100.812486,19.222615],[100.816739,19.216384],[100.817186,19.210359],[100.821934,19.210592],[100.820678,19.204267],[100.823381,19.205229]]],[[[100.813089,19.222894],[100.81298239706388,19.222993540215715],[100.812983,19.222994],[100.813089,19.222894]]]]},"bbox":[100.783938,19.144808,100.908274,19.234243]},{"type":"Feature","id":"52e1f7a7-299c-4814-ae9e-2de2ba8d7c6b","properties":{"id":"52e1f7a7-299c-4814-ae9e-2de2ba8d7c6b","code":"06550510","provinceCode":"55","nameTh":"องค์การบริหารส่วนตำบล ภูคา","nameEn":null,"geometryType":"MUNICIPALITY","sourceUrl":"https://landometer.com/api/v2/citymeter-v3/grocery/info/geom/52e1f7a7-299c-4814-ae9e-2de2ba8d7c6b/MUNICIPALITY","sourceSha256":"a370b3f1b6c543274b6705b918f7c52ee749a38d84d50f6057e90d81302578a7","retrievedAt":"2026-10-04T05:43:54.564588+00:00","boundaryVintage":null,"geometryStatus":"native_source_polygon_display_simplified","simplificationToleranceDegrees":0.00015,"simplificationPreservesTopology":true,"invalidSourceRepair":"make_valid; retain polygonal components; discard zero-area collapsed lines","legalBoundaryIndependentlyVerified":false,"areaId":"52e1f7a7-299c-4814-ae9e-2de2ba8d7c6b"},"geometry":{"type":"MultiPolygon","coordinates":[[[[101.08206,19.380134],[101.083846,19.376705],[101.087266,19.374553],[101.089111,19.372834],[101.08975,19.371856],[101.089865,19.37135],[101.089507,19.369678],[101.089697,19.368513],[101.091567,19.365376],[101.09162,19.362831],[101.093197,19.361135],[101.09359,19.360415],[101.093566,19.359157],[101.092591,19.357717],[101.092539,19.357193],[101.093544,19.354984],[101.094509,19.353741],[101.095356,19.352953],[101.096392,19.352401],[101.099873,19.352099],[101.101004,19.350866],[101.102307,19.348538],[101.103011,19.347748],[101.104873,19.346766],[101.106715,19.346513],[101.110415,19.346841],[101.113138,19.346463],[101.1122,19.343231],[101.112775,19.3427],[101.112823,19.341334],[101.113744,19.340089],[101.11367,19.338324],[101.11416,19.335738],[101.113994,19.334651],[101.113013,19.332441],[101.113521,19.331235],[101.113196,19.330231],[101.113048,19.328343],[101.11326,19.326754],[101.112504,19.325066],[101.113326,19.322332],[101.113133,19.320879],[101.114156,19.319046],[101.112631,19.316284],[101.112203,19.310088],[101.112673,19.309379],[101.114231,19.308499],[101.117267,19.307829],[101.117605,19.307563],[101.117651,19.304376],[101.119175,19.302578],[101.11914,19.300385],[101.121619,19.299446],[101.122498,19.297746],[101.122476,19.296622],[101.122945,19.295182],[101.121822,19.294333],[101.121764,19.293733],[101.121992,19.293461],[101.123166,19.293234],[101.12419,19.292601],[101.125052,19.291294],[101.128202,19.289982],[101.128798,19.288906],[101.128671,19.288059],[101.127866,19.28644],[101.128249,19.283518],[101.127975,19.283052],[101.126764,19.282429],[101.126399,19.281978],[101.126544,19.280937],[101.127389,19.279763],[101.127614,19.278208],[101.128581,19.276293],[101.128645,19.272401],[101.129042,19.270891],[101.128072,19.2685],[101.12788,19.267085],[101.126927,19.265322],[101.125625,19.261699],[101.126554,19.259204],[101.126322,19.257809],[101.126752,19.256193],[101.126681,19.254719],[101.128194,19.254351],[101.12893,19.253778],[101.129433,19.252945],[101.129606,19.251101],[101.129552,19.250532],[101.128612,19.248745],[101.129215,19.24545],[101.128633,19.244114],[101.128423,19.242637],[101.128716,19.241882],[101.129855,19.241119],[101.130283,19.240242],[101.129414,19.239099],[101.129702,19.237789],[101.128813,19.236537],[101.128586,19.233953],[101.128061,19.232882],[101.128144,19.231692],[101.127274,19.230486],[101.127831,19.228884],[101.127012,19.228072],[101.127061,19.226953],[101.128081,19.224135],[101.128438,19.218574],[101.129613,19.214066],[101.12966,19.212723],[101.129004,19.211066],[101.129514,19.209163],[101.128397,19.20795],[101.125238,19.2071],[101.123826,19.205072],[101.122194,19.204147],[101.122047,19.203608],[101.122253,19.202355],[101.120457,19.200975],[101.119207,19.198741],[101.118521,19.198051],[101.115768,19.197689],[101.114613,19.196834],[101.113603,19.196497],[101.112282,19.196608],[101.110999,19.19625],[101.10992,19.196467],[101.109381,19.195896],[101.108,19.195311],[101.107256,19.194015],[101.105791,19.193256],[101.105648,19.190985],[101.104749,19.189492],[101.104411,19.188305],[101.106848,19.18705],[101.106864,19.185251],[101.107615,19.18378],[101.10733,19.181999],[101.10777,19.181453],[101.109069,19.180721],[101.109376,19.180052],[101.109402,19.179057],[101.108941,19.177922],[101.107569,19.176577],[101.103555,19.171381],[101.102953,19.170042],[101.103807,19.168804],[101.103203,19.16729],[101.102479,19.166625],[101.100828,19.166264],[101.1003,19.165868],[101.099611,19.164399],[101.10001,19.16307],[101.098444,19.161516],[101.098462,19.159937],[101.097661,19.159266],[101.095295,19.158357],[101.094184,19.157506],[101.093744,19.156824],[101.09358,19.155364],[101.092755,19.154006],[101.092245,19.152607],[101.091005,19.151927],[101.090431,19.150968],[101.088385,19.15037],[101.087897,19.148906],[101.087849,19.146961],[101.086622,19.14481],[101.086395,19.143263],[101.085687,19.142086],[101.085816,19.140081],[101.084756,19.139596],[101.080312,19.138608],[101.078333,19.137263],[101.077381,19.135599],[101.076009,19.134744],[101.075593,19.133491],[101.076007,19.132163],[101.075962,19.131593],[101.075277,19.130358],[101.074576,19.129664],[101.071446,19.128353],[101.070922,19.127297],[101.061305,19.116132],[101.051592,19.116003],[101.042416,19.122232],[101.041104,19.120639],[101.030552,19.118457],[101.027122,19.119757],[101.025169,19.11799],[101.009179,19.116013],[101.006385,19.11318],[101.004269,19.119824],[100.998501,19.126741],[100.99926,19.129637],[100.998727,19.129553],[100.998806,19.130443],[101.006898,19.130609],[101.004128,19.134395],[101.0009,19.151873],[101.002777,19.157474],[100.998651,19.184428],[100.994741,19.183508],[100.995132,19.182459],[100.991713,19.185852],[100.988624,19.186127],[100.981597,19.185789],[100.978521,19.181114],[100.9737,19.18596],[100.974384,19.197133],[100.979881,19.210773],[100.984366,19.2139],[100.981552,19.225484],[100.984295,19.22522],[100.986846,19.22857],[100.988542,19.227034],[100.991357,19.227259],[100.993165,19.228779],[100.992624,19.231726],[100.996807,19.235079],[101.014045,19.233506],[101.015351,19.236497],[101.022216,19.239813],[101.021483,19.242027],[101.025365,19.248233],[101.030815,19.248396],[101.037163,19.250929],[101.038208,19.252919],[101.042357,19.252791],[101.047387,19.263708],[101.046355,19.26584],[101.052008,19.270692],[101.048574,19.275629],[101.049145,19.278362],[101.043081,19.282912],[101.03978401953188,19.2991579037628],[101.041307,19.299798],[101.042135,19.30167],[101.045447,19.305736],[101.045513,19.3065],[101.044348,19.307103],[101.044152,19.307665],[101.046791,19.311172],[101.046265,19.312671],[101.046301,19.313758],[101.046066,19.314252],[101.04636,19.314921],[101.046248,19.315894],[101.046631,19.316805],[101.046293,19.317587],[101.046412,19.318221],[101.045782,19.31885],[101.045962,19.320748],[101.045074,19.321374],[101.043611,19.320668],[101.042353,19.320739],[101.041934,19.321788],[101.041601,19.322035],[101.040007,19.322431],[101.038048,19.3224],[101.037463,19.323014],[101.034907,19.322975],[101.032905,19.324446],[101.031823,19.323639],[101.030681,19.32348],[101.030107,19.323935],[101.028963,19.323974],[101.028112,19.324799],[101.027383,19.325145],[101.026133,19.325365],[101.023624,19.324125],[101.023121,19.324343],[101.022098,19.324166],[101.02108,19.324709],[101.020518,19.324637],[101.020269,19.323812],[101.019156,19.323571],[101.018135,19.322482],[101.017187,19.320615],[101.016135,19.320553],[101.014702,19.319601],[101.012472,19.319041],[101.011402,19.318926],[101.010642,19.319208],[101.010055,19.319673],[101.010167,19.321191],[101.009101,19.3217],[101.008738,19.322242],[101.011047,19.324762],[101.010018,19.3278],[101.010213,19.329069],[101.010927,19.33077],[101.010583,19.332465],[101.010615,19.33356],[101.010228,19.334142],[101.009344,19.334378],[101.008753,19.33562],[101.009027,19.336188],[101.009896,19.336896],[101.010129,19.338079],[101.010745,19.338842],[101.010353,19.341618],[101.010827,19.342073],[101.010995,19.342796],[101.012009,19.343155],[101.01297,19.344801],[101.014085,19.345276],[101.013681,19.34698],[101.014648,19.348169],[101.016562,19.348734],[101.017669,19.347891],[101.018547,19.34794],[101.019261,19.348651],[101.021381,19.34977],[101.021572,19.349471],[101.021206,19.348957],[101.021928,19.348614],[101.02232,19.349441],[101.023514,19.350691],[101.024006,19.351938],[101.025306,19.352962],[101.024901,19.353864],[101.025986,19.354961],[101.026584,19.355238],[101.02774,19.354977],[101.028568,19.355474],[101.029008,19.354944],[101.029587,19.35517],[101.030246,19.354836],[101.031773,19.355784],[101.032085,19.356489],[101.033434,19.356645],[101.03417,19.356171],[101.034164,19.357223],[101.035197,19.357899],[101.035463,19.358951],[101.036498,19.359627],[101.03665,19.360448],[101.036926,19.36047],[101.037572,19.359592],[101.037838,19.359536],[101.037858,19.360087],[101.037506,19.360751],[101.037633,19.362082],[101.038356,19.362561],[101.038106,19.363866],[101.038866,19.364785],[101.039054,19.365413],[101.038864,19.3682],[101.03833,19.369584],[101.038452,19.369963],[101.038886,19.37022],[101.04099,19.370107],[101.042923,19.370655],[101.044485,19.370111],[101.04549,19.370059],[101.048944,19.371754],[101.05221,19.372261],[101.053767,19.373296],[101.055251,19.374779],[101.057831,19.378539],[101.058748,19.379299],[101.060694,19.380151],[101.067019,19.381679],[101.068896,19.381983],[101.072077,19.381707],[101.074554,19.382545],[101.076392,19.382733],[101.079833,19.381817],[101.081709,19.381915],[101.08206,19.380134]]],[[[101.039784,19.299158],[101.03978401953188,19.2991579037628],[101.039683,19.299084],[101.039784,19.299158]]]]},"bbox":[100.9737,19.11318,101.130283,19.382733]},{"type":"Feature","id":"3c1404be-6f05-438a-8396-9f1b9e0db831","properties":{"id":"3c1404be-6f05-438a-8396-9f1b9e0db831","code":"06550511","provinceCode":"55","nameTh":"องค์การบริหารส่วนตำบล สกาด","nameEn":null,"geometryType":"MUNICIPALITY","sourceUrl":"https://landometer.com/api/v2/citymeter-v3/grocery/info/geom/3c1404be-6f05-438a-8396-9f1b9e0db831/MUNICIPALITY","sourceSha256":"6a4f211211d11fe62488d008de85c4e5ea9f8ecc5c109e25fd87ff6d90a74547","retrievedAt":"2026-10-04T05:43:54.552350+00:00","boundaryVintage":null,"geometryStatus":"native_source_polygon_display_simplified","simplificationToleranceDegrees":0.00015,"simplificationPreservesTopology":true,"invalidSourceRepair":"make_valid; retain polygonal components; discard zero-area collapsed lines","legalBoundaryIndependentlyVerified":false,"areaId":"3c1404be-6f05-438a-8396-9f1b9e0db831"},"geometry":{"type":"MultiPolygon","coordinates":[[[[101.038208,19.252919],[101.037163,19.250929],[101.030815,19.248396],[101.025365,19.248233],[101.021483,19.242027],[101.022216,19.239813],[101.015351,19.236497],[101.014045,19.233506],[100.996807,19.235079],[100.992624,19.231726],[100.993165,19.228779],[100.991357,19.227259],[100.988542,19.227034],[100.986846,19.22857],[100.984295,19.22522],[100.972399,19.22711],[100.968469,19.236041],[100.967841,19.243658],[100.973361,19.248359],[100.97236702171584,19.263609666812737],[100.972515,19.263593],[100.972652,19.263611],[100.973223,19.263749],[100.974319,19.26377],[100.975892,19.264491],[100.977551,19.264421],[100.978405,19.264915],[100.981634,19.26442],[100.983055,19.265042],[100.985312,19.26554],[100.987215,19.264747],[100.98834,19.264749],[100.989159,19.264463],[100.990196,19.264614],[100.992329,19.265474],[100.993164,19.266052],[100.993793,19.266883],[100.994708,19.267441],[100.994971,19.269145],[100.9971,19.26992],[100.998326,19.271813],[100.9982,19.273279],[100.998965,19.274864],[100.998159,19.276193],[100.999065,19.277575],[100.998882,19.279586],[100.999026,19.279959],[100.999992,19.280277],[101.000754,19.280241],[101.001665,19.281422],[101.003079,19.281687],[101.003673,19.282713],[101.004844,19.283755],[101.006508,19.284538],[101.007872,19.284582],[101.008086,19.284113],[101.008862,19.283588],[101.009117,19.283015],[101.010299,19.283047],[101.010787,19.28273],[101.011765,19.282809],[101.012126,19.281891],[101.012471,19.281652],[101.014708,19.281754],[101.015482,19.281483],[101.016213,19.28166],[101.017128,19.282388],[101.017474,19.283],[101.019715,19.283831],[101.022784,19.284055],[101.023061,19.285242],[101.024521,19.286159],[101.025881,19.286633],[101.026831,19.287885],[101.027472,19.28805],[101.027614,19.288741],[101.028575,19.289016],[101.029331,19.289564],[101.030033,19.291186],[101.031248,19.291526],[101.032935,19.292679],[101.033884,19.293013],[101.034859,19.295563],[101.036156,19.29611],[101.036813,19.296867],[101.038864,19.298172],[101.03978401953076,19.29915790376198],[101.043081,19.282912],[101.049145,19.278362],[101.048574,19.275629],[101.052008,19.270692],[101.046355,19.26584],[101.047387,19.263708],[101.042357,19.252791],[101.038208,19.252919]]],[[[100.972367,19.26361],[100.97236702171584,19.263609666812737],[100.972248,19.263644],[100.972367,19.26361]]],[[[101.039873,19.299223],[101.03978401953076,19.29915790376198],[101.039784,19.299158],[101.039873,19.299223]]]]},"bbox":[100.967841,19.22522,101.052008,19.299223]},{"type":"Feature","id":"e812eac3-6b5c-4e84-8de5-340704c34bc7","properties":{"id":"e812eac3-6b5c-4e84-8de5-340704c34bc7","code":"06550512","provinceCode":"55","nameTh":"องค์การบริหารส่วนตำบล อวน","nameEn":null,"geometryType":"MUNICIPALITY","sourceUrl":"https://landometer.com/api/v2/citymeter-v3/grocery/info/geom/e812eac3-6b5c-4e84-8de5-340704c34bc7/MUNICIPALITY","sourceSha256":"44b702f6ae3e3ad6014934e07ec8445b6afac8598e585206fea43c76f8a4431b","retrievedAt":"2026-10-04T05:43:54.582682+00:00","boundaryVintage":null,"geometryStatus":"native_source_polygon_display_simplified","simplificationToleranceDegrees":0.00015,"simplificationPreservesTopology":true,"invalidSourceRepair":"make_valid; retain polygonal components; discard zero-area collapsed lines","legalBoundaryIndependentlyVerified":false,"areaId":"e812eac3-6b5c-4e84-8de5-340704c34bc7"},"geometry":{"type":"MultiPolygon","coordinates":[[[[101.0764,19.016512],[101.077236,19.015211],[101.077037,19.013875],[101.077539,19.01348],[101.076926,19.012461],[101.077989,19.011761],[101.078024,19.011411],[101.077657,19.010839],[101.076849,19.010981],[101.07687,19.01035],[101.076012,19.009007],[101.074868,19.009362],[101.074352,19.00866],[101.07512,19.008038],[101.074577,19.006832],[101.07535,19.006631],[101.075815,19.005997],[101.076436,19.005678],[101.076363,19.004676],[101.077042,19.004237],[101.076952,19.003595],[101.075969,19.002988],[101.077206,19.002305],[101.077083,19.001108],[101.076639,19.00092],[101.075456,19.001166],[101.07436,19.001027],[101.073568,18.999018],[101.071161,18.997503],[101.071501,18.996645],[101.071459,18.994869],[101.071008,18.994614],[101.070762,18.994102],[101.071976,18.994009],[101.072811,18.993591],[101.072936,18.993307],[101.072585,18.993021],[101.071058,18.993119],[101.070368,18.992672],[101.07029,18.992328],[101.070719,18.991759],[101.069559,18.991024],[101.070016,18.990478],[101.069833,18.990083],[101.069151,18.989731],[101.06806,18.989604],[101.066657,18.990687],[101.066449,18.990232],[101.066991,18.989438],[101.066938,18.989191],[101.065963,18.989498],[101.064078,18.989489],[101.063414,18.989697],[101.062596,18.989215],[101.06189,18.988061],[101.06276,18.987285],[101.064572,18.987434],[101.064296,18.986777],[101.062631,18.986053],[101.062643,18.985029],[101.06304,18.984818],[101.063786,18.985213],[101.064568,18.984262],[101.065738,18.984608],[101.066082,18.984496],[101.066269,18.98406],[101.066134,18.982638],[101.067514,18.982731],[101.067136,18.981563],[101.068233,18.980652],[101.069465,18.980045],[101.069666,18.980172],[101.069517,18.980512],[101.069669,18.980734],[101.071156,18.981375],[101.071924,18.981245],[101.072036,18.980789],[101.071853,18.980442],[101.069055,18.978894],[101.070085,18.97832],[101.070055,18.977656],[101.07027,18.977341],[101.070631,18.97737],[101.071392,18.978061],[101.071845,18.977988],[101.071598,18.976372],[101.072261,18.976361],[101.073195,18.977299],[101.073534,18.979511],[101.074043,18.979612],[101.074631,18.979304],[101.074954,18.978703],[101.07478,18.977612],[101.075288,18.976557],[101.076572,18.975987],[101.077448,18.974388],[101.078358,18.974103],[101.078956,18.972544],[101.079731,18.972197],[101.080096,18.968877],[101.080305,18.968605],[101.080811,18.968605],[101.080898,18.967947],[101.081235,18.967779],[101.081314,18.967444],[101.082146,18.96717],[101.082341,18.964767],[101.083378,18.964736],[101.084406,18.964089],[101.085652,18.964121],[101.088263,18.963694],[101.090604,18.962271],[101.09128,18.961326],[101.088807,18.959678],[101.087543,18.95913],[101.085826,18.959149],[101.08318,18.960133],[101.080448,18.960222],[101.078641,18.96127],[101.077213,18.960486],[101.075259,18.960142],[101.074544,18.960344],[101.073255,18.961352],[101.069686,18.96154],[101.068879,18.961207],[101.068244,18.961228],[101.067285,18.96027],[101.066368,18.960225],[101.064534,18.959428],[101.062887,18.959138],[101.061458,18.959361],[101.060075,18.96036],[101.05776,18.959841],[101.056747,18.960036],[101.056137,18.960505],[101.055075,18.960268],[101.052934,18.960291],[101.050218,18.960623],[101.048325,18.962611],[101.04811,18.963383],[101.047102,18.964478],[101.045875,18.965463],[101.043776,18.965924],[101.042725,18.966391],[101.042225,18.967036],[101.042232,18.968443],[101.041616,18.968924],[101.040562,18.96913],[101.040061,18.970078],[101.038912,18.970181],[101.03785,18.971372],[101.037976,18.973124],[101.037533,18.973513],[101.034549,18.973958],[101.033375,18.973866],[101.03225,18.974201],[101.031458,18.974013],[101.030559,18.973337],[101.029049,18.973628],[101.026264,18.972585],[101.021451,18.972718],[101.019391,18.97405],[101.018266,18.974044],[101.017344,18.974597],[101.016158,18.97484],[101.012395,18.975267],[101.010847,18.975889],[101.010752,18.976737],[101.009978,18.976924],[101.008603,18.976835],[101.004699,18.978653],[101.003628,18.978821],[101.002455,18.980226],[101.000631,18.980844],[100.998291,18.98254],[100.996734,18.981622],[100.995505,18.981522],[100.994006,18.980704],[100.993436,18.979719],[100.993357,18.97846],[100.992293,18.975733],[100.991961,18.975717],[100.991654,18.976547],[100.991404,18.976622],[100.991473,18.975228],[100.990602,18.974403],[100.987701,18.973647],[100.986627,18.972907],[100.981342,18.972798],[100.980923,18.972184],[100.980601,18.972715],[100.979909,18.972502],[100.978226,18.97306],[100.977273,18.972545],[100.976708,18.972628],[100.974791,18.9721],[100.973443,18.972785],[100.971581,18.972324],[100.97098,18.97248],[100.969782,18.974753],[100.966999,18.976885],[100.967201,18.979095],[100.966337,18.980626],[100.965102,18.981489],[100.963387,18.981847],[100.959814,18.980223],[100.955726,18.9801],[100.953463,18.981086],[100.951854,18.981298],[100.95115,18.982224],[100.949854,18.982896],[100.948598,18.982257],[100.946407,18.982682],[100.94326,18.982261],[100.942161,18.982601],[100.940138,18.984256],[100.936686,18.983545],[100.935999,18.982987],[100.935108,18.981357],[100.933944,18.98094],[100.933484,18.980444],[100.932993,18.977738],[100.933424,18.977215],[100.932996,18.976364],[100.933265,18.975623],[100.932504,18.974962],[100.931909,18.975017],[100.931889,18.974676],[100.931437,18.974538],[100.930875,18.973948],[100.93087,18.973546],[100.931309,18.972897],[100.93093,18.972338],[100.931171,18.972098],[100.931108,18.971597],[100.930424,18.971538],[100.930442,18.971232],[100.92963,18.970531],[100.929328,18.969555],[100.927979,18.969509],[100.928559,18.968904],[100.928226,18.967995],[100.927343,18.967932],[100.926901,18.967415],[100.924981,18.966576],[100.924249,18.966744],[100.923886,18.96738],[100.923153,18.967407],[100.922904,18.967934],[100.922373,18.968107],[100.92193,18.967706],[100.920374,18.967404],[100.919886,18.966714],[100.919405,18.966651],[100.91905,18.967288],[100.919157,18.967939],[100.918281,18.968626],[100.916656,18.966874],[100.91547,18.967184],[100.913017,18.967292],[100.91275,18.967772],[100.913155,18.968555],[100.91299,18.969005],[100.912311,18.969277],[100.910816,18.968874],[100.910501,18.969455],[100.910601,18.969849],[100.911736,18.970952],[100.911889,18.972457],[100.911482,18.972891],[100.91097,18.972802],[100.909952,18.971583],[100.909064,18.971215],[100.908449,18.971369],[100.907793,18.972266],[100.907138,18.972358],[100.906955,18.972104],[100.907081,18.971242],[100.906404,18.971042],[100.905745,18.973276],[100.904859,18.97444],[100.904782,18.975906],[100.903498,18.976785],[100.903339,18.97866],[100.902665,18.98002],[100.901746,18.980841],[100.902167,18.981559],[100.904268,18.981942],[100.905834,18.982793],[100.907108,18.983229],[100.907826,18.983212],[100.90867,18.983971],[100.908821,18.984755],[100.908112,18.985785],[100.90762,18.986339],[100.905126,18.987942],[100.904812,18.988864],[100.905211,18.989249],[100.906484,18.989495],[100.909015,18.988225],[100.91033,18.988389],[100.910769,18.98966],[100.909752,18.992876],[100.909997,18.99346],[100.910901,18.993756],[100.9118,18.99354],[100.913274,18.994687],[100.915234,18.99512],[100.915845,18.994661],[100.916839,18.993125],[100.916927,18.992531],[100.918082,18.990962],[100.918528,18.990707],[100.919192,18.990781],[100.919567,18.991016],[100.919615,18.991477],[100.918813,18.99261],[100.918715,18.9931],[100.919237,18.994666],[100.921739,18.99607],[100.922703,18.997016],[100.923905,18.997387],[100.924613,18.997296],[100.925414,18.996064],[100.926816,18.99598],[100.927216,18.995362],[100.927844,18.995342],[100.929334,18.997584],[100.931712,18.999002],[100.931242,19.000568],[100.92905,19.001482],[100.928688,19.002385],[100.926987,19.004772],[100.927502,19.005578],[100.928219,19.006048],[100.928844,19.007298],[100.928647,19.007975],[100.928235,19.008374],[100.92712,19.00867],[100.926417,19.010705],[100.926811,19.012246],[100.927636,19.012971],[100.927629,19.013902],[100.927307,19.014607],[100.927832,19.015633],[100.928572,19.016027],[100.928775,19.016826],[100.929065,19.016992],[100.930913,19.01665],[100.931444,19.01749],[100.931435,19.01794],[100.931671,19.017959],[100.931698,19.01824],[100.930983,19.018814],[100.931538,19.019684],[100.931313,19.020344],[100.929574,19.021737],[100.929513,19.022811],[100.928892,19.024269],[100.928763,19.02538],[100.929316,19.02662],[100.930316,19.027606],[100.931638,19.029885],[100.931782,19.03068],[100.931411,19.03246],[100.933007,19.035147],[100.932983,19.035944],[100.932548,19.036646],[100.932523,19.037264],[100.933177,19.038985],[100.935847,19.040473],[100.937876,19.040579],[100.941262,19.041885],[100.942699,19.041642],[100.942991,19.041283],[100.943094,19.040514],[100.943428,19.040343],[100.94489,19.041495],[100.945685,19.041721],[100.946118,19.041318],[100.945972,19.040299],[100.946501,19.039478],[100.947005,19.039274],[100.947795,19.039761],[100.94908,19.038865],[100.949474,19.039035],[100.950158,19.03993],[100.950396,19.04088],[100.951386,19.040509],[100.95192,19.039883],[100.953419,19.039352],[100.953667,19.040339],[100.95437,19.041285],[100.95473,19.041415],[100.955939,19.040614],[100.957056,19.039199],[100.958319,19.038963],[100.958464,19.038298],[100.959232,19.03716],[100.960022,19.03693],[100.960381,19.037185],[100.960788,19.038974],[100.962964,19.03946],[100.963814,19.03926],[100.964533,19.03985],[100.965185,19.04],[100.966037,19.042028],[100.967784,19.043467],[100.968641,19.042898],[100.96932,19.043378],[100.969841,19.042974],[100.971048,19.043198],[100.97202,19.044551],[100.975205,19.045622],[100.976687,19.045414],[100.977988,19.046872],[100.977754,19.047675],[100.977949,19.048555],[100.977808,19.049435],[100.977418,19.050073],[100.976505,19.050477],[100.976339,19.050801],[100.977167,19.052577],[100.976583,19.053128],[100.976492,19.053619],[100.977113,19.056118],[100.979568,19.058048],[100.980538,19.06029],[100.984501,19.062591],[100.985473,19.064804],[100.985496,19.06598],[100.985757,19.066542],[100.988004,19.067871],[100.988882,19.068825],[100.989861,19.072483],[100.984734,19.069393],[100.983863,19.069103],[100.991354,19.073773],[101.004735,19.076225],[101.008074,19.074375],[101.016737,19.076302],[101.048226,19.070792],[101.056839,19.076168],[101.060807,19.080981],[101.066104,19.081961],[101.070318,19.097793],[101.07077296698392,19.101665718964288],[101.072061,19.100106],[101.072884,19.097511],[101.072558,19.096562],[101.071634,19.09549],[101.071336,19.093797],[101.070577,19.093121],[101.070453,19.091063],[101.070884,19.090087],[101.07211,19.088751],[101.07446,19.087215],[101.076115,19.085202],[101.075827,19.083851],[101.074663,19.082281],[101.075268,19.080923],[101.075277,19.080209],[101.07334,19.074837],[101.072466,19.070331],[101.07027,19.067472],[101.068636,19.065936],[101.067831,19.064559],[101.067111,19.063999],[101.067219,19.063632],[101.068027,19.063216],[101.067537,19.062826],[101.06725,19.061949],[101.066561,19.061558],[101.065587,19.06043],[101.06622,19.059176],[101.065709,19.05803],[101.06462,19.057438],[101.064213,19.054637],[101.062831,19.05376],[101.061598,19.053342],[101.061585,19.052709],[101.06124,19.05242],[101.059765,19.052383],[101.059539,19.052038],[101.061376,19.05101],[101.062493,19.050779],[101.063309,19.05003],[101.064166,19.049763],[101.064301,19.048747],[101.064645,19.048413],[101.065632,19.048189],[101.066802,19.047486],[101.068407,19.047647],[101.069707,19.046988],[101.069274,19.045783],[101.069235,19.043586],[101.068585,19.043005],[101.068057,19.041279],[101.069228,19.040173],[101.069909,19.039947],[101.070745,19.038911],[101.072586,19.039031],[101.072808,19.037886],[101.071904,19.0369],[101.069936,19.037057],[101.069101,19.035901],[101.069452,19.035672],[101.071302,19.035468],[101.072629,19.035655],[101.072875,19.03532],[101.070887,19.033544],[101.070363,19.033474],[101.069768,19.033826],[101.069008,19.032992],[101.068884,19.03235],[101.070569,19.030813],[101.07172,19.03086],[101.072839,19.029867],[101.074877,19.029437],[101.075019,19.029262],[101.074816,19.028583],[101.075656,19.027594],[101.07602,19.026506],[101.07821,19.024721],[101.077885,19.023501],[101.07634,19.022267],[101.075586,19.020164],[101.075468,19.018577],[101.075761,19.017647],[101.075683,19.017043],[101.0764,19.016512]]],[[[101.070773,19.101666],[101.07077296698392,19.101665718964288],[101.070672,19.101772],[101.070773,19.101666]]]]},"bbox":[100.901737,18.959048,101.09128,19.101772]},{"type":"Feature","id":"5dfbfd6d-c6d1-43dc-a4a9-39ca619a67e4","properties":{"id":"5dfbfd6d-c6d1-43dc-a4a9-39ca619a67e4","code":"06550602","provinceCode":"55","nameTh":"องค์การบริหารส่วนตำบล ตาลชุม","nameEn":null,"geometryType":"MUNICIPALITY","sourceUrl":"https://landometer.com/api/v2/citymeter-v3/grocery/info/geom/5dfbfd6d-c6d1-43dc-a4a9-39ca619a67e4/MUNICIPALITY","sourceSha256":"15e301da5a028045745e6c4a8f44253e42a15ea20878ee2d3880f41b99ea80df","retrievedAt":"2026-10-04T05:43:54.586873+00:00","boundaryVintage":null,"geometryStatus":"native_source_polygon_display_simplified","simplificationToleranceDegrees":0.00015,"simplificationPreservesTopology":true,"invalidSourceRepair":"make_valid; retain polygonal components; discard zero-area collapsed lines","legalBoundaryIndependentlyVerified":false,"areaId":"5dfbfd6d-c6d1-43dc-a4a9-39ca619a67e4"},"geometry":{"type":"Polygon","coordinates":[[[100.84194,19.043633],[100.842997,19.053248],[100.845519,19.05769],[100.850018,19.06085],[100.855521,19.058457],[100.860994,19.060267],[100.867092,19.056735],[100.874596,19.0587],[100.880026,19.051788],[100.888893,19.046666],[100.894316,19.045901],[100.90392,19.036976],[100.908726,19.039567],[100.908704,19.039978],[100.909703,19.040019],[100.909649,19.041044],[100.910758,19.040544],[100.912569,19.041538],[100.913179,19.040397],[100.913445,19.039279],[100.913463,19.033714],[100.921212,19.026144],[100.924996,19.018637],[100.928716,19.016554],[100.928572,19.016027],[100.927832,19.015633],[100.927345,19.014802],[100.927636,19.012971],[100.926811,19.012246],[100.926416,19.01062],[100.92712,19.00867],[100.928368,19.008268],[100.928832,19.007127],[100.928219,19.006048],[100.927502,19.005578],[100.926987,19.004772],[100.928688,19.002385],[100.92905,19.001482],[100.931242,19.000568],[100.931712,18.999002],[100.929334,18.997584],[100.927844,18.995342],[100.927216,18.995362],[100.926816,18.99598],[100.925414,18.996064],[100.924613,18.997296],[100.923905,18.997387],[100.922703,18.997016],[100.921739,18.99607],[100.919237,18.994666],[100.918715,18.9931],[100.918813,18.99261],[100.919615,18.991477],[100.919567,18.991016],[100.919192,18.990781],[100.918528,18.990707],[100.918082,18.990962],[100.916927,18.992531],[100.916839,18.993125],[100.915845,18.994661],[100.915234,18.99512],[100.913274,18.994687],[100.9118,18.99354],[100.910901,18.993756],[100.909997,18.99346],[100.909752,18.992876],[100.910769,18.98966],[100.91033,18.988389],[100.909015,18.988225],[100.906484,18.989495],[100.905447,18.989337],[100.904844,18.988968],[100.905008,18.988071],[100.907755,18.986214],[100.90874,18.984912],[100.908854,18.984406],[100.907912,18.983246],[100.907108,18.983229],[100.905093,18.98251],[100.904381,18.981976],[100.90228,18.9816],[100.90187,18.98127],[100.901772,18.980771],[100.902665,18.98002],[100.903381,18.978553],[100.903474,18.976834],[100.904099,18.97621],[100.90387,18.97535],[100.902515,18.975257],[100.901452,18.975895],[100.901588,18.977859],[100.901409,18.979302],[100.898654,18.982371],[100.898121,18.982487],[100.897609,18.982248],[100.897138,18.980961],[100.895829,18.979224],[100.89421,18.979157],[100.893293,18.979499],[100.891256,18.978623],[100.890336,18.979592],[100.890428,18.980521],[100.887621,18.98342],[100.887525,18.985147],[100.886768,18.985599],[100.885867,18.985512],[100.885424,18.984714],[100.885411,18.983796],[100.88603,18.982714],[100.885781,18.981995],[100.885176,18.981537],[100.88414,18.981355],[100.883044,18.981976],[100.881351,18.983697],[100.881274,18.98412],[100.881572,18.984701],[100.880907,18.985713],[100.880302,18.98598],[100.879633,18.985985],[100.876332,18.985082],[100.874793,18.985744],[100.872074,18.98579],[100.870476,18.986327],[100.870097,18.98684],[100.869561,18.986931],[100.868179,18.986448],[100.867018,18.985644],[100.865987,18.98642],[100.864092,18.986394],[100.863676,18.986705],[100.862373,18.986587],[100.861587,18.986055],[100.859325,18.987225],[100.857148,18.987577],[100.856785,18.987259],[100.855941,18.987467],[100.853411,18.988901],[100.851568,18.988836],[100.849544,18.989124],[100.848169,18.990171],[100.846461,18.990304],[100.845365,18.989748],[100.8435,18.989677],[100.843103,18.989437],[100.841067,18.990028],[100.840473,18.990013],[100.83976,18.989598],[100.837692,18.990754],[100.836949,18.991674],[100.8353,18.992246],[100.833879,18.993127],[100.829637,18.994504],[100.82954,18.995229],[100.828983,18.994929],[100.828242,18.994915],[100.828125,18.995115],[100.828411,18.995343],[100.828012,18.995607],[100.827882,18.996056],[100.826032,18.99677],[100.82554,18.997769],[100.824626,18.997797],[100.82415,18.998484],[100.823571,18.998343],[100.82302,18.998655],[100.822431,18.999575],[100.821532,19.000137],[100.820319,19.000327],[100.820508,19.000741],[100.819978,19.000709],[100.819994,19.00102],[100.819564,19.001519],[100.818992,19.00142],[100.817295,19.001965],[100.817163,19.002249],[100.814595,19.003556],[100.811255,19.003283],[100.808159,19.003375],[100.807365,19.003731],[100.806484,19.004769],[100.806223,19.006174],[100.805746,19.00648],[100.803408,19.006258],[100.802783,19.005133],[100.802281,19.00506],[100.801412,19.005362],[100.799984,19.006538],[100.798136,19.007332],[100.796888,19.008573],[100.795228,19.008953],[100.793405,19.008729],[100.792298,19.009115],[100.791302,19.008844],[100.790662,19.009668],[100.78988,19.009968],[100.789093,19.00977],[100.788032,19.008792],[100.787381,19.009231],[100.786256,19.009354],[100.781422,19.011668],[100.780188,19.015429],[100.778238,19.015111],[100.776568,19.013767],[100.776139,19.013812],[100.776081,19.013444],[100.775301,19.01274],[100.774953,19.012798],[100.773943,19.012189],[100.773628,19.01234],[100.773386,19.011954],[100.771759,19.012593],[100.771253,19.011427],[100.771008,19.011523],[100.770863,19.012055],[100.769468,19.012599],[100.769239,19.013768],[100.768771,19.014054],[100.768611,19.014473],[100.766041,19.014527],[100.765677,19.014804],[100.765402,19.014571],[100.765075,19.014942],[100.764013,19.014615],[100.762953,19.014808],[100.762502,19.014488],[100.761847,19.014512],[100.760999,19.015337],[100.759942,19.015393],[100.759346,19.015141],[100.75867,19.015781],[100.757433,19.015954],[100.757114,19.016307],[100.756372,19.016017],[100.75559,19.016625],[100.754911,19.016384],[100.75392,19.016519],[100.749919,19.014752],[100.748485,19.015716],[100.746559,19.016031],[100.743806,19.014586],[100.742913,19.013362],[100.740199,19.01114],[100.736566,19.009593],[100.734963,19.008212],[100.733893,19.008529],[100.731737,19.011046],[100.730493,19.011506],[100.728928,19.011709],[100.727303,19.013289],[100.726329,19.014689],[100.726201,19.015423],[100.726405,19.016768],[100.727116,19.018541],[100.727097,19.019357],[100.726694,19.020251],[100.72678,19.022211],[100.727865,19.023614],[100.727575,19.02688],[100.727338,19.027233],[100.726432,19.027423],[100.731546,19.028548],[100.733086,19.031752],[100.741451,19.037713],[100.745177,19.042382],[100.750281,19.042709],[100.755731,19.046592],[100.763906,19.045818],[100.769631,19.047769],[100.775284,19.043611],[100.77933,19.043793],[100.787853,19.054823],[100.792888,19.052161],[100.801656,19.061941],[100.814731,19.061729],[100.818232,19.058574],[100.819028,19.053025],[100.824647,19.050822],[100.824314,19.047309],[100.834501,19.047664],[100.84194,19.043633]]]},"bbox":[100.726201,18.97523,100.931749,19.061941]},{"type":"Feature","id":"ccc3d059-87b6-43dc-a36b-d7be9fe51b01","properties":{"id":"ccc3d059-87b6-43dc-a36b-d7be9fe51b01","code":"06550603","provinceCode":"55","nameTh":"องค์การบริหารส่วนตำบล ริม","nameEn":null,"geometryType":"MUNICIPALITY","sourceUrl":"https://landometer.com/api/v2/citymeter-v3/grocery/info/geom/ccc3d059-87b6-43dc-a36b-d7be9fe51b01/MUNICIPALITY","sourceSha256":"f54d77ae2d6169c086b0f3f5069aa06c7f9d70a791892751450ce909d07f29c4","retrievedAt":"2026-10-04T05:43:54.574344+00:00","boundaryVintage":null,"geometryStatus":"native_source_polygon_display_simplified","simplificationToleranceDegrees":0.00015,"simplificationPreservesTopology":true,"invalidSourceRepair":"make_valid; retain polygonal components; discard zero-area collapsed lines","legalBoundaryIndependentlyVerified":false,"areaId":"ccc3d059-87b6-43dc-a36b-d7be9fe51b01"},"geometry":{"type":"MultiPolygon","coordinates":[[[[100.79119,19.126657],[100.794983,19.126417],[100.797303,19.128942],[100.799163,19.14312],[100.794694,19.149045],[100.795016,19.15276],[100.797561,19.156423],[100.80636,19.155119],[100.806213,19.154372],[100.806842,19.154532],[100.807236,19.155173],[100.807471,19.156581],[100.807721,19.156535],[100.808155,19.155905],[100.808247,19.154352],[100.808932,19.154579],[100.809233,19.155282],[100.809461,19.15386],[100.809932,19.153017],[100.810372,19.152629],[100.811442,19.152655],[100.811972,19.152366],[100.812011,19.151403],[100.811509,19.150201],[100.811631,19.14979],[100.813039,19.148941],[100.81396,19.14763],[100.815319,19.146608],[100.816319,19.145389],[100.816978,19.145332],[100.818186,19.145699],[100.818399,19.145005],[100.816516,19.144311],[100.81679075625047,19.143327872180127],[100.815901,19.142795],[100.816476,19.140738],[100.815614,19.140107],[100.814351,19.144628],[100.815901,19.139078],[100.815039,19.138448],[100.813388,19.144359],[100.815326,19.137419],[100.814464,19.136788],[100.812425,19.14409],[100.814751,19.135759],[100.81388964906436,19.135128475127157],[100.814177,19.1341],[100.813315,19.133469],[100.810498,19.143552],[100.813602,19.13244],[100.81274,19.131809],[100.813027,19.130781],[100.811993,19.130024],[100.811783,19.126148],[100.802094,19.114991],[100.803477,19.111193],[100.808071,19.107819],[100.800065,19.092158],[100.798378,19.090042],[100.790496,19.088497],[100.787103,19.094036],[100.789085,19.099388],[100.782079,19.099869],[100.779917,19.102803],[100.789587,19.111665],[100.78862,19.117476],[100.782935,19.118482],[100.781551,19.121346],[100.78467,19.128954],[100.787434,19.129584],[100.79119,19.126657]],[[100.811461,19.143821],[100.813889,19.135128],[100.81388964906436,19.135128475127157],[100.811461,19.143821]]],[[[100.81679075625047,19.143327872180127],[100.816791,19.143328],[100.817066,19.142343],[100.81679075625047,19.143327872180127]]]]},"bbox":[100.779917,19.088497,100.818399,19.156581]},{"type":"Feature","id":"f4ea97e3-98fc-4b8a-858b-959422ee8e73","properties":{"id":"f4ea97e3-98fc-4b8a-858b-959422ee8e73","code":"06550604","provinceCode":"55","nameTh":"องค์การบริหารส่วนตำบล จอมพระ","nameEn":null,"geometryType":"MUNICIPALITY","sourceUrl":"https://landometer.com/api/v2/citymeter-v3/grocery/info/geom/f4ea97e3-98fc-4b8a-858b-959422ee8e73/MUNICIPALITY","sourceSha256":"b89d310411b8108b077ce9a5678ed2bc11a8c0a67eb5caf641762ff4ea195232","retrievedAt":"2026-10-04T05:43:54.568104+00:00","boundaryVintage":null,"geometryStatus":"native_source_polygon_display_simplified","simplificationToleranceDegrees":0.00015,"simplificationPreservesTopology":true,"invalidSourceRepair":"make_valid; retain polygonal components; discard zero-area collapsed lines","legalBoundaryIndependentlyVerified":false,"areaId":"f4ea97e3-98fc-4b8a-858b-959422ee8e73"},"geometry":{"type":"MultiPolygon","coordinates":[[[[100.90970294686473,19.040019009570333],[100.909703,19.040019],[100.909724,19.039619],[100.90970294686473,19.040019009570333]]],[[[100.909657,19.040896],[100.90964920788359,19.041043962659945],[100.9096492691932,19.04104395164751],[100.909657,19.040896]]],[[[100.911657,19.040952],[100.910758,19.040544],[100.9096492691932,19.04104395164751],[100.909599,19.042006],[100.910567,19.042629],[100.91062801243748,19.041479007996443],[100.911597,19.042102],[100.911657,19.040952]],[[100.910628,19.041479],[100.910666,19.040763],[100.91062801243748,19.041479007996443],[100.910628,19.041479]]],[[[100.82170439462362,19.089235819130838],[100.821704,19.089236],[100.824233,19.090461],[100.82170439462362,19.089235819130838]]],[[[100.909372,19.043049],[100.90970294686473,19.040019009570333],[100.908704,19.039978],[100.908726,19.039567],[100.90392,19.036976],[100.894316,19.045901],[100.888893,19.046666],[100.880026,19.051788],[100.874596,19.0587],[100.867092,19.056735],[100.860994,19.060267],[100.855521,19.058457],[100.850018,19.06085],[100.845519,19.05769],[100.842997,19.053248],[100.843016,19.053429],[100.84194,19.043633],[100.834501,19.047664],[100.824314,19.047309],[100.825305,19.057769],[100.823688,19.058833],[100.823878,19.062398],[100.826005,19.064669],[100.82403,19.066592],[100.826967,19.068544],[100.827941,19.072805],[100.827286,19.074939],[100.821409,19.078593],[100.822963,19.081258],[100.821583,19.089177],[100.825406,19.09091],[100.822405,19.091922],[100.825294,19.09261],[100.826357,19.094677],[100.822762,19.097602],[100.827695,19.108219],[100.82877,19.108472],[100.829225,19.110633],[100.830604,19.112332],[100.831081,19.1146],[100.83328378247792,19.117476621125018],[100.832906,19.118535],[100.833717,19.119152],[100.83251,19.120663],[100.834256,19.12161],[100.832821,19.123001],[100.833718,19.123557],[100.832854,19.124272],[100.834755,19.125097],[100.833735,19.126826],[100.835567,19.127629],[100.835151,19.128539],[100.836068,19.128937],[100.835652,19.129847],[100.836986,19.130425],[100.836559,19.130269],[100.83723,19.133196],[100.838125,19.13546],[100.837935,19.137186],[100.838716,19.138344],[100.838364,19.139588],[100.837635,19.138543],[100.843634,19.147143],[100.846845,19.146318],[100.848773,19.145193],[100.850474,19.14482],[100.851191,19.144848],[100.852614,19.145495],[100.854311,19.145145],[100.85625,19.145264],[100.858004,19.146081],[100.859251,19.146325],[100.860678,19.146274],[100.863339,19.146693],[100.864791,19.146179],[100.86904,19.147316],[100.870758,19.146655],[100.87358,19.146645],[100.874654,19.146005],[100.875545,19.145868],[100.875326,19.14513],[100.875904,19.145021],[100.875585,19.144325],[100.876658,19.143097],[100.87769,19.142362],[100.878154,19.142312],[100.87819,19.1416],[100.878664,19.140697],[100.881122,19.141047],[100.881901,19.139092],[100.883561,19.136715],[100.883804,19.135387],[100.884251,19.134613],[100.884737,19.13422],[100.887189,19.133244],[100.888204,19.132384],[100.89094,19.12804],[100.894845,19.122916],[100.897091,19.119361],[100.897447,19.118509],[100.897638,19.115112],[100.89848090485532,19.114350320255028],[100.898279,19.114225],[100.897932,19.11174],[100.892825,19.109726],[100.889684,19.103765],[100.890182,19.089929],[100.883716,19.081224],[100.885726,19.077707],[100.897774,19.073839],[100.908638,19.063918],[100.911289,19.058999],[100.908026,19.052849],[100.907741,19.042],[100.909372,19.043049]],[[100.83328378844953,19.117476604073307],[100.833317,19.11752],[100.83328378247792,19.117476621125018],[100.83328378844953,19.117476604073307]],[[100.83243,19.116361],[100.833284,19.117476],[100.83328378844953,19.117476604073307],[100.83243,19.116361]]],[[[100.898675,19.114337],[100.89848090485532,19.114350320255028],[100.898482,19.114351],[100.898675,19.114337]]]]},"bbox":[100.821409,19.036976,100.911657,19.147316]},{"type":"Feature","id":"ee92473b-f448-44da-94b6-01b6e9d09094","properties":{"id":"ee92473b-f448-44da-94b6-01b6e9d09094","code":"06550605","provinceCode":"55","nameTh":"องค์การบริหารส่วนตำบล ป่าคา","nameEn":null,"geometryType":"MUNICIPALITY","sourceUrl":"https://landometer.com/api/v2/citymeter-v3/grocery/info/geom/ee92473b-f448-44da-94b6-01b6e9d09094/MUNICIPALITY","sourceSha256":"2426d4c939749bee80e78349fe138bb20c8db2e9b96bb8936c1cbddbf582cde1","retrievedAt":"2026-10-04T05:43:54.605254+00:00","boundaryVintage":null,"geometryStatus":"native_source_polygon_display_simplified","simplificationToleranceDegrees":0.00015,"simplificationPreservesTopology":true,"invalidSourceRepair":"make_valid; retain polygonal components; discard zero-area collapsed lines","legalBoundaryIndependentlyVerified":false,"areaId":"ee92473b-f448-44da-94b6-01b6e9d09094"},"geometry":{"type":"Polygon","coordinates":[[[100.572182,19.102544],[100.572615,19.103732],[100.573028,19.103964],[100.572766,19.104104],[100.572889,19.104354],[100.576374,19.105251],[100.577321,19.10453],[100.577761,19.103765],[100.578847,19.103552],[100.580225,19.102413],[100.580013,19.101696],[100.580666,19.100922],[100.580377,19.100269],[100.579828,19.099975],[100.580473,19.098248],[100.580015,19.097794],[100.580081,19.097284],[100.580764,19.097247],[100.580919,19.097008],[100.581697,19.097375],[100.582635,19.09675],[100.583799,19.096758],[100.584452,19.09625],[100.584671,19.095626],[100.585483,19.095311],[100.585648,19.097245],[100.58633,19.097103],[100.586683,19.09653],[100.587281,19.096559],[100.58697,19.097377],[100.587146,19.097656],[100.588234,19.097648],[100.588545,19.097245],[100.588891,19.097455],[100.58893,19.09808],[100.588599,19.098738],[100.588895,19.098895],[100.591298,19.098014],[100.59372,19.09955],[100.594001,19.100134],[100.59313,19.101102],[100.593314,19.10142],[100.595933,19.101817],[100.596373,19.101363],[100.597006,19.101392],[100.599062,19.102601],[100.599842,19.104042],[100.601151,19.104411],[100.601517,19.104312],[100.601882,19.104757],[100.602574,19.104182],[100.601794,19.103412],[100.602751,19.103485],[100.603596,19.103947],[100.604545,19.102863],[100.605836,19.102012],[100.606167,19.102307],[100.606467,19.103722],[100.607635,19.103699],[100.608478,19.103212],[100.608804,19.103926],[100.609179,19.103877],[100.608958,19.102959],[100.609564,19.101518],[100.609962,19.103542],[100.609438,19.104547],[100.609575,19.104964],[100.610098,19.104969],[100.610514,19.104232],[100.611158,19.104066],[100.612854,19.106104],[100.613286,19.106243],[100.613909,19.105905],[100.615651,19.106934],[100.616532,19.107806],[100.618041,19.108212],[100.618613,19.108691],[100.618605,19.109165],[100.619521,19.109208],[100.620479,19.109844],[100.620556,19.11018],[100.620144,19.110487],[100.62038,19.11069],[100.620847,19.110858],[100.621748,19.110182],[100.622203,19.110232],[100.622317,19.111137],[100.623286,19.111406],[100.623304,19.111835],[100.622842,19.112287],[100.623464,19.113103],[100.623154,19.11344],[100.623161,19.113963],[100.623755,19.116123],[100.62442,19.117455],[100.624691,19.120383],[100.625497,19.121863],[100.625246,19.122231],[100.625963,19.123111],[100.625428,19.123777],[100.624891,19.125266],[100.624664,19.129046],[100.623788,19.131208],[100.623531,19.13351],[100.62326,19.13404],[100.62257,19.134571],[100.622865,19.136087],[100.622577,19.138564],[100.623184,19.13934],[100.623269,19.140092],[100.624551,19.141231],[100.624822,19.145429],[100.626788,19.147043],[100.627567,19.14944],[100.628779,19.150839],[100.628979,19.154379],[100.628784,19.155758],[100.628185,19.157346],[100.628261,19.159349],[100.628045,19.160537],[100.626481,19.163673],[100.626378,19.164517],[100.625939,19.165017],[100.625327,19.166856],[100.625822,19.170895],[100.625711,19.171997],[100.624111,19.173723],[100.622882,19.17354],[100.622377,19.173682],[100.622519,19.176022],[100.622322,19.176699],[100.62074,19.179016],[100.618707,19.181008],[100.618033,19.182278],[100.618029,19.183694],[100.626383,19.185207],[100.637488,19.1818],[100.64905,19.185103],[100.647782,19.181329],[100.658302,19.174799],[100.660144,19.170475],[100.664994,19.165474],[100.672149,19.164593],[100.67319,19.160211],[100.678179,19.156116],[100.676627,19.147301],[100.678088,19.143346],[100.693199,19.13743],[100.700128,19.138722],[100.707065,19.135911],[100.718857,19.126026],[100.727635,19.125871],[100.735507,19.128051],[100.74042,19.124023],[100.746763,19.115254],[100.75334,19.113753],[100.757546,19.110076],[100.764139,19.107377],[100.76888,19.107981],[100.771067,19.105287],[100.769787,19.102684],[100.772072,19.101969],[100.774002,19.096895],[100.787103,19.094036],[100.790496,19.088497],[100.798378,19.090042],[100.800065,19.092158],[100.799964,19.09196],[100.805098,19.090118],[100.812043,19.090678],[100.814317,19.09265],[100.821112,19.08951],[100.821603,19.089065],[100.822963,19.081258],[100.821409,19.078593],[100.827286,19.074939],[100.827941,19.072805],[100.826967,19.068544],[100.82403,19.066592],[100.826005,19.064669],[100.825818,19.064468],[100.815145,19.069413],[100.798604,19.072314],[100.786652,19.067243],[100.786438,19.069129],[100.781086,19.070901],[100.783891,19.079509],[100.77979,19.084942],[100.775864,19.085456],[100.773529,19.083586],[100.769898,19.085766],[100.766454,19.089214],[100.767193,19.09133],[100.763968,19.095345],[100.756571,19.093189],[100.754918,19.09634],[100.749615,19.093553],[100.7442,19.095511],[100.740718,19.093297],[100.737942,19.095292],[100.737813,19.101137],[100.73549,19.104018],[100.728962,19.106629],[100.708081,19.100927],[100.699803,19.102537],[100.697183,19.096391],[100.688128,19.090843],[100.681771,19.092049],[100.670493,19.090701],[100.653225,19.081231],[100.646429,19.082118],[100.645553,19.073742],[100.656173,19.058632],[100.651279,19.059638],[100.648353,19.058939],[100.645465,19.059029],[100.644468,19.05932],[100.640465,19.061346],[100.638526,19.061902],[100.633056,19.061758],[100.632443,19.061148],[100.632003,19.057634],[100.631536,19.056791],[100.630504,19.056235],[100.626267,19.055065],[100.624992,19.054435],[100.623496,19.053305],[100.620478,19.049775],[100.619222,19.046574],[100.617245,19.044746],[100.616111,19.043185],[100.614541,19.041909],[100.613504,19.043231],[100.609429,19.046157],[100.604333,19.047991],[100.603223,19.048787],[100.601818,19.049209],[100.598877,19.049551],[100.593477,19.054112],[100.591822,19.054883],[100.589605,19.055019],[100.588127,19.055948],[100.584863,19.058114],[100.582142,19.060696],[100.581805,19.061266],[100.581378,19.063278],[100.580497,19.064371],[100.575731,19.066788],[100.574496,19.067822],[100.573716,19.069057],[100.572686,19.06994],[100.57164,19.070327],[100.570407,19.071162],[100.567815,19.0718],[100.565864,19.07274],[100.565872,19.073132],[100.566819,19.073734],[100.566678,19.074239],[100.564605,19.074369],[100.563907,19.07469],[100.564007,19.076372],[100.567664,19.07789],[100.568207,19.078336],[100.568186,19.078827],[100.56788,19.078997],[100.567063,19.078533],[100.566609,19.078825],[100.565752,19.078626],[100.564348,19.078876],[100.563614,19.079287],[100.563519,19.079757],[100.564423,19.080379],[100.565192,19.081329],[100.565229,19.082094],[100.565645,19.082563],[100.565745,19.08322],[100.566547,19.084162],[100.566287,19.08441],[100.565889,19.084386],[100.565661,19.084106],[100.565469,19.084228],[100.565758,19.085219],[100.567097,19.086417],[100.567537,19.085896],[100.567736,19.085943],[100.568686,19.087211],[100.569903,19.086975],[100.569379,19.087949],[100.569535,19.088896],[100.570633,19.08977],[100.571367,19.089721],[100.571262,19.090781],[100.572251,19.091727],[100.571262,19.091898],[100.571322,19.092174],[100.571715,19.092311],[100.57163,19.092604],[100.570767,19.092713],[100.570428,19.092468],[100.569545,19.09247],[100.568439,19.092941],[100.568916,19.093838],[100.568399,19.094356],[100.56891,19.095234],[100.568485,19.095599],[100.568469,19.096309],[100.56878,19.097058],[100.569245,19.097422],[100.568522,19.098619],[100.568893,19.099601],[100.56966,19.099705],[100.569796,19.100664],[100.570589,19.100903],[100.570456,19.101706],[100.570824,19.101821],[100.571201,19.102393],[100.572182,19.102544]]]},"bbox":[100.563511,19.041909,100.827941,19.185207]},{"type":"Feature","id":"b9bf3cd1-2c09-4b45-845a-c05547c300ed","properties":{"id":"b9bf3cd1-2c09-4b45-845a-c05547c300ed","code":"06550606","provinceCode":"55","nameTh":"องค์การบริหารส่วนตำบล ยม","nameEn":null,"geometryType":"MUNICIPALITY","sourceUrl":"https://landometer.com/api/v2/citymeter-v3/grocery/info/geom/b9bf3cd1-2c09-4b45-845a-c05547c300ed/MUNICIPALITY","sourceSha256":"da5eb58afbdf5d503b37e2a0f248d86a7f7bf49ce4be65d535ff4834ce1c62be","retrievedAt":"2026-10-04T05:43:54.627240+00:00","boundaryVintage":null,"geometryStatus":"native_source_polygon_display_simplified","simplificationToleranceDegrees":0.00015,"simplificationPreservesTopology":true,"invalidSourceRepair":"make_valid; retain polygonal components; discard zero-area collapsed lines","legalBoundaryIndependentlyVerified":false,"areaId":"b9bf3cd1-2c09-4b45-845a-c05547c300ed"},"geometry":{"type":"MultiPolygon","coordinates":[[[[100.957644,19.06909],[100.958539,19.068651],[100.959683,19.068639],[100.960765,19.068298],[100.961213,19.067788],[100.961479,19.06619],[100.961895,19.065831],[100.964919,19.066199],[100.968083,19.064177],[100.96956,19.064943],[100.971547,19.064749],[100.973115,19.065669],[100.977373,19.067135],[100.979234,19.068167],[100.980986,19.067553],[100.981406,19.067602],[100.982537,19.068832],[100.984475,19.069263],[100.989861,19.072483],[100.988882,19.068825],[100.988004,19.067871],[100.985757,19.066542],[100.985496,19.06598],[100.985473,19.064804],[100.984501,19.062591],[100.980538,19.06029],[100.979568,19.058048],[100.977113,19.056118],[100.976492,19.053619],[100.976583,19.053128],[100.977167,19.052577],[100.976339,19.050801],[100.976505,19.050477],[100.977418,19.050073],[100.977808,19.049435],[100.977949,19.048555],[100.977754,19.047675],[100.977988,19.046872],[100.976807,19.045487],[100.976308,19.045347],[100.975205,19.045622],[100.97202,19.044551],[100.971048,19.043198],[100.969841,19.042974],[100.96932,19.043378],[100.968641,19.042898],[100.967784,19.043467],[100.966037,19.042028],[100.965185,19.04],[100.964533,19.03985],[100.963814,19.03926],[100.962964,19.03946],[100.960788,19.038974],[100.960381,19.037185],[100.960022,19.03693],[100.959232,19.03716],[100.958464,19.038298],[100.958319,19.038963],[100.957056,19.039199],[100.955939,19.040614],[100.95473,19.041415],[100.95385,19.040619],[100.953362,19.039329],[100.951768,19.03997],[100.951386,19.040509],[100.950324,19.040861],[100.950204,19.040006],[100.949173,19.038864],[100.947795,19.039761],[100.947005,19.039274],[100.946501,19.039478],[100.945972,19.040299],[100.946118,19.041318],[100.945685,19.041721],[100.94489,19.041495],[100.943511,19.040349],[100.943094,19.040514],[100.942991,19.041283],[100.942699,19.041642],[100.941472,19.041908],[100.937876,19.040579],[100.935607,19.040361],[100.933177,19.038985],[100.932641,19.037929],[100.932548,19.036646],[100.932937,19.036087],[100.93303,19.035304],[100.931442,19.032599],[100.931389,19.03192],[100.93179,19.030575],[100.931638,19.029885],[100.930316,19.027606],[100.929472,19.026828],[100.928807,19.025691],[100.928826,19.024536],[100.929513,19.022811],[100.929624,19.02162],[100.931277,19.020382],[100.931521,19.019786],[100.930979,19.018852],[100.931698,19.01824],[100.931659,19.017936],[100.93142,19.017909],[100.931444,19.01749],[100.930849,19.016618],[100.929283,19.017019],[100.928829,19.016883],[100.928716,19.016554],[100.924996,19.018637],[100.921212,19.026144],[100.913463,19.033714],[100.913445,19.039279],[100.913179,19.040397],[100.912569,19.041538],[100.915963,19.04372],[100.911657,19.040952],[100.911597,19.042102],[100.910628,19.041479],[100.910567,19.042629],[100.909599,19.042006],[100.9093720586926,19.043048861353714],[100.907741,19.042],[100.908026,19.052849],[100.91120576489452,19.05884255684834],[100.908638,19.063918],[100.897774,19.073839],[100.885726,19.077707],[100.883374,19.081822],[100.890182,19.089929],[100.889684,19.103765],[100.892825,19.109726],[100.897932,19.11174],[100.898279,19.114225],[100.90123,19.114854],[100.903569,19.116321],[100.904632,19.117345],[100.905237,19.119416],[100.906952,19.120481],[100.907439,19.120514],[100.909214,19.119387],[100.910593,19.119822],[100.911498,19.120887],[100.913426,19.121535],[100.915303,19.121331],[100.916206,19.122548],[100.920585,19.12253],[100.922338,19.123054],[100.923966,19.124119],[100.925836,19.123729],[100.928633,19.124033],[100.932331,19.123437],[100.932857,19.122565],[100.933257,19.119344],[100.931426,19.118353],[100.929335,19.118345],[100.928315,19.117645],[100.927646,19.116527],[100.924079,19.114361],[100.923167,19.113248],[100.923348,19.112311],[100.922438,19.11129],[100.921729,19.10972],[100.921209,19.109357],[100.920689,19.109544],[100.919811,19.109108],[100.919905,19.108809],[100.91962,19.108308],[100.920079,19.107606],[100.919476,19.107236],[100.91896,19.105006],[100.918141,19.104202],[100.918304,19.103511],[100.918066,19.103151],[100.917797,19.103362],[100.917162,19.102913],[100.91668,19.101907],[100.916195,19.101676],[100.916025,19.10125],[100.916278,19.100683],[100.916161,19.100164],[100.917424,19.098947],[100.917433,19.097966],[100.917964,19.097529],[100.918384,19.095375],[100.918937,19.094602],[100.920561,19.093297],[100.920572,19.092687],[100.921044,19.092419],[100.921037,19.091836],[100.920577,19.091351],[100.921217,19.090191],[100.920491,19.089854],[100.922075,19.088825],[100.921647,19.088539],[100.921243,19.087628],[100.92142,19.087159],[100.922463,19.086564],[100.921777,19.085943],[100.921625,19.084537],[100.922247,19.083845],[100.922325,19.08194],[100.92366,19.079752],[100.925362,19.078744],[100.925116,19.07841],[100.925334,19.077554],[100.925814,19.077394],[100.926037,19.076967],[100.926581,19.076869],[100.927211,19.075905],[100.92863,19.075565],[100.929129,19.075091],[100.929186,19.074562],[100.930384,19.073863],[100.93217,19.072242],[100.932743,19.0722],[100.933688,19.072718],[100.93471,19.072653],[100.93597,19.073785],[100.937503,19.074049],[100.939158,19.074668],[100.943845,19.073289],[100.947833,19.070774],[100.948888,19.070384],[100.951665,19.070185],[100.955222,19.069269],[100.957644,19.06909]],[[100.914941,19.04663],[100.909372,19.043049],[100.9093720586926,19.043048861353714],[100.914941,19.04663]],[[100.911373,19.058512],[100.911206,19.058843],[100.91120576489452,19.05884255684834],[100.911373,19.058512]]],[[[100.898267,19.114365],[100.898482,19.114351],[100.89848090485532,19.114350320255028],[100.898267,19.114365]]]]},"bbox":[100.883374,19.016554,100.989861,19.124119]},{"type":"Feature","id":"44319b31-4f70-4401-a5ca-11e427e58e07","properties":{"id":"44319b31-4f70-4401-a5ca-11e427e58e07","code":"06550607","provinceCode":"55","nameTh":"องค์การบริหารส่วนตำบล ศรีภูมิ","nameEn":null,"geometryType":"MUNICIPALITY","sourceUrl":"https://landometer.com/api/v2/citymeter-v3/grocery/info/geom/44319b31-4f70-4401-a5ca-11e427e58e07/MUNICIPALITY","sourceSha256":"d2b784bd42a06047dd58ad58e8e0416c3b4c162fa6343e15d5ad30c095b87cf0","retrievedAt":"2026-10-04T05:43:54.625428+00:00","boundaryVintage":null,"geometryStatus":"native_source_polygon_display_simplified","simplificationToleranceDegrees":0.00015,"simplificationPreservesTopology":true,"invalidSourceRepair":"make_valid; retain polygonal components; discard zero-area collapsed lines","legalBoundaryIndependentlyVerified":false,"areaId":"44319b31-4f70-4401-a5ca-11e427e58e07"},"geometry":{"type":"Polygon","coordinates":[[[100.754918,19.09634],[100.756571,19.093189],[100.763968,19.095345],[100.767193,19.09133],[100.766454,19.089214],[100.769898,19.085766],[100.773529,19.083586],[100.775864,19.085456],[100.77979,19.084942],[100.783891,19.079509],[100.781086,19.070901],[100.786438,19.069129],[100.786652,19.067243],[100.798604,19.072314],[100.815145,19.069413],[100.825818,19.064468],[100.823878,19.062398],[100.823688,19.058833],[100.825305,19.057769],[100.824647,19.050822],[100.819028,19.053025],[100.818232,19.058574],[100.814731,19.061729],[100.801656,19.061941],[100.792888,19.052161],[100.787853,19.054823],[100.77933,19.043793],[100.775284,19.043611],[100.769631,19.047769],[100.763906,19.045818],[100.755731,19.046592],[100.750281,19.042709],[100.745177,19.042382],[100.741451,19.037713],[100.733086,19.031752],[100.731546,19.028548],[100.726366,19.027431],[100.725279,19.027957],[100.724193,19.029551],[100.722134,19.029895],[100.720643,19.031905],[100.719434,19.031864],[100.718307,19.032428],[100.717842,19.033014],[100.717718,19.033971],[100.716541,19.034444],[100.716111,19.034166],[100.713991,19.036291],[100.71283,19.036008],[100.71236,19.036171],[100.712331,19.03645],[100.713113,19.036988],[100.713091,19.038032],[100.712205,19.03883],[100.71109,19.040451],[100.710653,19.042202],[100.711045,19.042924],[100.71015,19.042894],[100.709522,19.043157],[100.709822,19.04378],[100.709745,19.044498],[100.710492,19.044947],[100.710193,19.045625],[100.709855,19.045652],[100.709435,19.045104],[100.708609,19.044668],[100.707833,19.044649],[100.707407,19.044844],[100.707227,19.045257],[100.705378,19.046342],[100.702432,19.045364],[100.701058,19.045202],[100.700202,19.043891],[100.699244,19.044439],[100.69762,19.043863],[100.696756,19.044257],[100.696432,19.044037],[100.693895,19.044358],[100.689147,19.04345],[100.687918,19.043535],[100.683451,19.04548],[100.676946,19.050654],[100.675721,19.05096],[100.67321,19.050983],[100.672053,19.051391],[100.670623,19.052868],[100.669282,19.055152],[100.66889,19.056465],[100.66783,19.058452],[100.665257,19.060939],[100.664402,19.061243],[100.663027,19.061233],[100.657351,19.058728],[100.656173,19.058632],[100.645553,19.073742],[100.646429,19.082118],[100.653225,19.081231],[100.670493,19.090701],[100.681771,19.092049],[100.688128,19.090843],[100.697183,19.096391],[100.699803,19.102537],[100.708081,19.100927],[100.728962,19.106629],[100.73549,19.104018],[100.737813,19.101137],[100.737942,19.095292],[100.740718,19.093297],[100.7442,19.095511],[100.749615,19.093553],[100.754918,19.09634]]]},"bbox":[100.645553,19.027423,100.825818,19.106629]},{"type":"Feature","id":"c524bd5a-09a4-4ad2-b023-d035089beca1","properties":{"id":"c524bd5a-09a4-4ad2-b023-d035089beca1","code":"06550608","provinceCode":"55","nameTh":"องค์การบริหารส่วนตำบล ผาตอ","nameEn":null,"geometryType":"MUNICIPALITY","sourceUrl":"https://landometer.com/api/v2/citymeter-v3/grocery/info/geom/c524bd5a-09a4-4ad2-b023-d035089beca1/MUNICIPALITY","sourceSha256":"faa525fbc739ecfceddcdf0c46ae434f3773cb0fd56f8627502f6c62617a0125","retrievedAt":"2026-10-04T05:43:54.646643+00:00","boundaryVintage":null,"geometryStatus":"native_source_polygon_display_simplified","simplificationToleranceDegrees":0.00015,"simplificationPreservesTopology":true,"invalidSourceRepair":"make_valid; retain polygonal components; discard zero-area collapsed lines","legalBoundaryIndependentlyVerified":false,"areaId":"c524bd5a-09a4-4ad2-b023-d035089beca1"},"geometry":{"type":"Polygon","coordinates":[[[100.778548,19.249737],[100.778922,19.248666],[100.779646,19.247725],[100.780645,19.247245],[100.78305,19.246757],[100.785918,19.243931],[100.788301,19.24283],[100.78848,19.241632],[100.789041,19.240989],[100.791918,19.240886],[100.79292,19.239675],[100.793375,19.238611],[100.793699,19.236699],[100.793383,19.235565],[100.791055,19.233553],[100.79073,19.232672],[100.79012,19.231907],[100.791136,19.230687],[100.790884,19.229413],[100.791647,19.228788],[100.791063,19.227198],[100.791079,19.225469],[100.789826,19.224737],[100.788115,19.224488],[100.78708,19.223873],[100.784636,19.223126],[100.784049,19.222533],[100.783938,19.221956],[100.784993,19.219194],[100.785625,19.218729],[100.787867,19.218321],[100.78843,19.21668],[100.789441,19.215028],[100.789545,19.21429],[100.789171,19.213429],[100.78926,19.212577],[100.788603,19.210996],[100.788671,19.209724],[100.789396,19.20876],[100.791455,19.208308],[100.79169,19.20804],[100.790927,19.206704],[100.791904,19.205206],[100.791382,19.203496],[100.79143,19.202764],[100.793254,19.201237],[100.793514,19.199459],[100.795375,19.19621],[100.796177,19.193331],[100.797287,19.190514],[100.797178,19.18888],[100.797506,19.187561],[100.796078,19.186307],[100.795911,19.18591],[100.796759,19.184019],[100.796907,19.182762],[100.797666,19.182005],[100.797666,19.181473],[100.7965,19.180293],[100.795203,19.17945],[100.792481,19.175636],[100.793358,19.17491],[100.793543,19.173988],[100.79498,19.173331],[100.795542,19.172485],[100.796888,19.171743],[100.797099,19.170512],[100.79951,19.16984],[100.800291,19.169093],[100.801351,19.168838],[100.802987,19.167982],[100.80406,19.16599],[100.804732,19.163723],[100.805851,19.162714],[100.807082,19.160962],[100.808537,19.159486],[100.808758,19.158787],[100.808664,19.1569],[100.809233,19.155282],[100.808932,19.154579],[100.808247,19.154352],[100.808155,19.155905],[100.807471,19.156581],[100.807236,19.155173],[100.806842,19.154532],[100.806213,19.154372],[100.80636,19.155119],[100.797561,19.156423],[100.795016,19.15276],[100.794694,19.149045],[100.799163,19.14312],[100.797303,19.128942],[100.794983,19.126417],[100.795302,19.127992],[100.785041,19.138348],[100.784758,19.142265],[100.788506,19.141474],[100.789307,19.142605],[100.786509,19.143531],[100.782161,19.150771],[100.781481,19.152765],[100.779967,19.155546],[100.780382,19.15599],[100.777977,19.163043],[100.772665,19.167815],[100.76393,19.168186],[100.770093,19.178701],[100.770769,19.184404],[100.766498,19.188608],[100.760234,19.189768],[100.761678,19.199416],[100.755501,19.202956],[100.758614,19.203888],[100.757115,19.206538],[100.758713,19.208795],[100.758587,19.212805],[100.760849,19.214803],[100.758704,19.218934],[100.755067,19.220766],[100.754756,19.223597],[100.749211,19.226139],[100.74879,19.231067],[100.752362,19.228609],[100.754609,19.229468],[100.752365,19.238183],[100.747441,19.246176],[100.748691,19.251277],[100.746732,19.253256],[100.743478,19.250586],[100.737939,19.258627],[100.73123,19.264059],[100.731373,19.264846],[100.730906,19.265289],[100.732049,19.268661],[100.7347,19.269827],[100.73816,19.267918],[100.738745,19.268065],[100.740371,19.267904],[100.740569,19.26809],[100.742467,19.267755],[100.743538,19.268368],[100.744575,19.268442],[100.745963,19.267725],[100.747101,19.268656],[100.748283,19.268792],[100.749851,19.268426],[100.749896,19.269019],[100.751546,19.269415],[100.752887,19.270551],[100.752622,19.272761],[100.753649,19.275223],[100.754533,19.275816],[100.756186,19.276322],[100.757742,19.276311],[100.761984,19.275581],[100.762965,19.275862],[100.765815,19.277436],[100.767612,19.277585],[100.769459,19.277266],[100.777152,19.274404],[100.777707,19.27405],[100.780991,19.270239],[100.781729,19.26865],[100.781556,19.267712],[100.78084,19.266533],[100.781173,19.264768],[100.780514,19.264033],[100.78035,19.263312],[100.780629,19.261999],[100.782046,19.260125],[100.782005,19.259285],[100.781056,19.258213],[100.779272,19.257458],[100.778416,19.257751],[100.777588,19.257635],[100.776944,19.257011],[100.77802,19.25417],[100.778141,19.25276],[100.778703,19.251778],[100.778548,19.249737]]]},"bbox":[100.730906,19.126417,100.809247,19.277633]},{"type":"Feature","id":"7972a087-a30b-4d51-b7e1-16c92f93752b","properties":{"id":"7972a087-a30b-4d51-b7e1-16c92f93752b","code":"06550609","provinceCode":"55","nameTh":"องค์การบริหารส่วนตำบล ผาทอง","nameEn":null,"geometryType":"MUNICIPALITY","sourceUrl":"https://landometer.com/api/v2/citymeter-v3/grocery/info/geom/7972a087-a30b-4d51-b7e1-16c92f93752b/MUNICIPALITY","sourceSha256":"a345d57b41ab9dfadfac9eb013550dfc4d96e34e85f8d5c3b76b84e0f27fb2f3","retrievedAt":"2026-10-04T05:43:54.665542+00:00","boundaryVintage":null,"geometryStatus":"native_source_polygon_display_simplified","simplificationToleranceDegrees":0.00015,"simplificationPreservesTopology":true,"invalidSourceRepair":"make_valid; retain polygonal components; discard zero-area collapsed lines","legalBoundaryIndependentlyVerified":false,"areaId":"7972a087-a30b-4d51-b7e1-16c92f93752b"},"geometry":{"type":"Polygon","coordinates":[[[100.615885,19.222033],[100.615711,19.223486],[100.616821,19.225108],[100.616665,19.22726],[100.615667,19.228833],[100.614627,19.22949],[100.614029,19.230963],[100.612449,19.231862],[100.611487,19.232913],[100.610827,19.235594],[100.610138,19.237113],[100.608228,19.238882],[100.605984,19.243516],[100.604558,19.245583],[100.602406,19.247682],[100.60169,19.248684],[100.601283,19.24936],[100.600748,19.251397],[100.600139,19.252205],[100.600315,19.25272],[100.603191,19.25636],[100.603742,19.256818],[100.604638,19.256762],[100.604929,19.256996],[100.6054,19.259783],[100.605373,19.262206],[100.605768,19.264753],[100.605104,19.266761],[100.604357,19.268002],[100.604375,19.268939],[100.605753,19.273566],[100.607552,19.276346],[100.607739,19.278252],[100.609349,19.279329],[100.610083,19.280581],[100.610206,19.281334],[100.609889,19.285591],[100.611837,19.288358],[100.611796,19.289404],[100.610286,19.293417],[100.610043,19.296105],[100.611333,19.300969],[100.611607,19.309318],[100.612403,19.312505],[100.615731,19.311431],[100.616558,19.310875],[100.617145,19.310063],[100.618408,19.307103],[100.619352,19.306137],[100.626878,19.304386],[100.62781,19.302546],[100.628388,19.30209],[100.631239,19.30119],[100.634511,19.300728],[100.636657,19.299899],[100.639704,19.299487],[100.640758,19.29888],[100.641909,19.299491],[100.644604,19.299455],[100.646235,19.298166],[100.64714,19.297793],[100.648143,19.297893],[100.650711,19.297493],[100.651734,19.298276],[100.652279,19.298399],[100.653371,19.297978],[100.654688,19.297962],[100.655274,19.297289],[100.656409,19.297426],[100.657853,19.296725],[100.658364,19.29621],[100.65912,19.296025],[100.659302,19.294619],[100.6596,19.294399],[100.660026,19.294452],[100.661274,19.295468],[100.662941,19.295879],[100.663219,19.295595],[100.663097,19.295051],[100.662556,19.294411],[100.661676,19.293976],[100.6615,19.293566],[100.66276,19.292411],[100.663786,19.29201],[100.665425,19.292115],[100.666646,19.293545],[100.667333,19.293718],[100.667684,19.293508],[100.667818,19.292401],[100.668212,19.292062],[100.66938,19.292258],[100.669901,19.292013],[100.670673,19.292386],[100.671217,19.292371],[100.672929,19.291248],[100.674423,19.291932],[100.675404,19.291239],[100.676591,19.291287],[100.677152,19.290678],[100.677389,19.291406],[100.677762,19.291477],[100.680282,19.290337],[100.681377,19.290554],[100.681865,19.290253],[100.682775,19.290309],[100.685648,19.289463],[100.686353,19.289472],[100.686842,19.29012],[100.687257,19.290205],[100.688511,19.289484],[100.687825,19.288812],[100.687893,19.288499],[100.689567,19.288167],[100.689676,19.287743],[100.689036,19.287558],[100.690147,19.28697],[100.691542,19.28874],[100.69313,19.289549],[100.69363,19.289253],[100.694041,19.288365],[100.694949,19.287819],[100.695877,19.28809],[100.696488,19.288705],[100.698141,19.287503],[100.699027,19.288294],[100.700279,19.287943],[100.701897,19.289153],[100.702147,19.288932],[100.70198,19.288015],[100.702157,19.287861],[100.703595,19.28826],[100.704012,19.288664],[100.704805,19.288233],[100.705706,19.288563],[100.706157,19.288019],[100.706132,19.287253],[100.706449,19.286824],[100.709856,19.286894],[100.71054,19.286275],[100.710843,19.285465],[100.71177,19.285156],[100.71296,19.285253],[100.71353,19.284842],[100.714031,19.284966],[100.715642,19.283525],[100.716968,19.283001],[100.717653,19.282145],[100.717983,19.280987],[100.719136,19.280949],[100.719128,19.27979],[100.71953,19.279431],[100.720299,19.27928],[100.721848,19.279678],[100.722713,19.27947],[100.722961,19.279776],[100.722983,19.280505],[100.723296,19.280648],[100.723753,19.28008],[100.724657,19.280003],[100.725338,19.279588],[100.725705,19.27734],[100.725209,19.276266],[100.725589,19.274486],[100.726794,19.274008],[100.727595,19.272465],[100.730356,19.269217],[100.731252,19.268639],[100.732049,19.268661],[100.730906,19.265289],[100.731373,19.264846],[100.73123,19.264059],[100.737939,19.258627],[100.743478,19.250586],[100.746732,19.253256],[100.748691,19.251277],[100.747441,19.246176],[100.752365,19.238183],[100.754609,19.229468],[100.752362,19.228609],[100.74879,19.231067],[100.749211,19.226139],[100.754756,19.223597],[100.755067,19.220766],[100.758704,19.218934],[100.760849,19.214803],[100.758587,19.212805],[100.758713,19.208795],[100.757115,19.206538],[100.758614,19.203888],[100.755501,19.202956],[100.761678,19.199416],[100.760234,19.189768],[100.766498,19.188608],[100.770769,19.184404],[100.770093,19.178701],[100.76393,19.168186],[100.772665,19.167815],[100.777977,19.163043],[100.780375,19.155952],[100.779967,19.155546],[100.779491,19.15642],[100.772514,19.152748],[100.767753,19.15304],[100.754953,19.159437],[100.752065,19.166109],[100.743738,19.162358],[100.743305,19.163986],[100.738855,19.165146],[100.733378,19.169557],[100.730294,19.175413],[100.723034,19.173417],[100.716921,19.176002],[100.713361,19.179703],[100.713608,19.186903],[100.707243,19.188824],[100.706827,19.193817],[100.686671,19.187476],[100.67418,19.187056],[100.673145,19.187134],[100.670253,19.18972],[100.668689,19.189034],[100.655287,19.194047],[100.650352,19.200899],[100.645449,19.200781],[100.639746,19.195282],[100.635983,19.19402],[100.626071,19.193563],[100.619382,19.195949],[100.620817,19.197287],[100.6217,19.199678],[100.621241,19.200981],[100.621174,19.202328],[100.620813,19.203035],[100.620523,19.207277],[100.61995,19.208138],[100.619729,19.209127],[100.619105,19.209874],[100.618704,19.213953],[100.616946,19.215848],[100.617256,19.219517],[100.615885,19.222033]]]},"bbox":[100.600139,19.152748,100.780382,19.312505]},{"type":"Feature","id":"b1fb3ce9-92b4-4ca5-871a-0d4f32185a07","properties":{"id":"b1fb3ce9-92b4-4ca5-871a-0d4f32185a07","code":"06550610","provinceCode":"55","nameTh":"องค์การบริหารส่วนตำบล แสนทอง","nameEn":null,"geometryType":"MUNICIPALITY","sourceUrl":"https://landometer.com/api/v2/citymeter-v3/grocery/info/geom/b1fb3ce9-92b4-4ca5-871a-0d4f32185a07/MUNICIPALITY","sourceSha256":"be3d1939b890d0a3ac3eceb9d100ab47a18ffa619a4f0243011be0b6f41adb96","retrievedAt":"2026-10-04T05:43:54.647339+00:00","boundaryVintage":null,"geometryStatus":"native_source_polygon_display_simplified","simplificationToleranceDegrees":0.00015,"simplificationPreservesTopology":true,"invalidSourceRepair":"make_valid; retain polygonal components; discard zero-area collapsed lines","legalBoundaryIndependentlyVerified":false,"areaId":"b1fb3ce9-92b4-4ca5-871a-0d4f32185a07"},"geometry":{"type":"Polygon","coordinates":[[[100.67314510697535,19.18713399193809],[100.686671,19.187476],[100.706827,19.193817],[100.707243,19.188824],[100.713608,19.186903],[100.713361,19.179703],[100.716921,19.176002],[100.723034,19.173417],[100.730294,19.175413],[100.733378,19.169557],[100.738855,19.165146],[100.743305,19.163986],[100.743738,19.162358],[100.752065,19.166109],[100.754953,19.159437],[100.767753,19.15304],[100.772514,19.152748],[100.779491,19.15642],[100.781481,19.152765],[100.782161,19.150771],[100.786509,19.143531],[100.789307,19.142605],[100.788506,19.141474],[100.784758,19.142265],[100.785041,19.138348],[100.795302,19.127992],[100.794983,19.126417],[100.79119,19.126657],[100.787434,19.129584],[100.78467,19.128954],[100.781551,19.121346],[100.782935,19.118482],[100.78862,19.117476],[100.789587,19.111665],[100.779917,19.102803],[100.782079,19.099869],[100.789085,19.099388],[100.787103,19.094036],[100.774002,19.096895],[100.772072,19.101969],[100.769787,19.102684],[100.771067,19.105287],[100.76888,19.107981],[100.764139,19.107377],[100.757546,19.110076],[100.75334,19.113753],[100.746763,19.115254],[100.74042,19.124023],[100.735507,19.128051],[100.727635,19.125871],[100.718857,19.126026],[100.707065,19.135911],[100.700128,19.138722],[100.693199,19.13743],[100.678088,19.143346],[100.676627,19.147301],[100.678179,19.156116],[100.67319,19.160211],[100.672149,19.164593],[100.664994,19.165474],[100.660144,19.170475],[100.658302,19.174799],[100.647782,19.181329],[100.64905,19.185103],[100.637488,19.1818],[100.626383,19.185207],[100.618029,19.183694],[100.618075,19.186653],[100.618933,19.189165],[100.61814,19.192533],[100.618284,19.193113],[100.619047,19.194828],[100.619351,19.195974],[100.619477,19.19619],[100.619382,19.195949],[100.626071,19.193563],[100.635983,19.19402],[100.639746,19.195282],[100.645449,19.200781],[100.650352,19.200899],[100.655287,19.194047],[100.668689,19.189034],[100.670253,19.18972],[100.67314510697535,19.18713399193809]],[[100.673145,19.187134],[100.673267,19.187025],[100.67314510697535,19.18713399193809],[100.673145,19.187134]]]},"bbox":[100.617931,19.094036,100.795302,19.200899]},{"type":"Feature","id":"ccfa3c81-151f-4d45-a93a-576971ad03d8","properties":{"id":"ccfa3c81-151f-4d45-a93a-576971ad03d8","code":"06550704","provinceCode":"55","nameTh":"องค์การบริหารส่วนตำบล จอมจันทร์","nameEn":null,"geometryType":"MUNICIPALITY","sourceUrl":"https://landometer.com/api/v2/citymeter-v3/grocery/info/geom/ccfa3c81-151f-4d45-a93a-576971ad03d8/MUNICIPALITY","sourceSha256":"ea0d2568921aa905479ad5a9293eba71a347516a6692c94f463125aa86ca670c","retrievedAt":"2026-10-04T05:43:54.663205+00:00","boundaryVintage":null,"geometryStatus":"native_source_polygon_display_simplified","simplificationToleranceDegrees":0.00015,"simplificationPreservesTopology":true,"invalidSourceRepair":"make_valid; retain polygonal components; discard zero-area collapsed lines","legalBoundaryIndependentlyVerified":false,"areaId":"ccfa3c81-151f-4d45-a93a-576971ad03d8"},"geometry":{"type":"Polygon","coordinates":[[[100.871543,18.657303],[100.873558,18.660567],[100.87824,18.657547],[100.88257,18.660583],[100.891775,18.658531],[100.898552,18.659522],[100.906399,18.657002],[100.921301,18.660696],[100.92189,18.660004],[100.922213,18.660085],[100.922599,18.65946],[100.922505,18.658594],[100.921659,18.656279],[100.922487,18.654509],[100.922457,18.653321],[100.923014,18.652384],[100.922782,18.651776],[100.921734,18.650512],[100.921238,18.64828],[100.919865,18.646088],[100.919797,18.644557],[100.920426,18.642522],[100.92242,18.639611],[100.922385,18.63846],[100.921533,18.637119],[100.921581,18.636418],[100.923099,18.635524],[100.923821,18.634789],[100.925272,18.634538],[100.92562,18.633645],[100.926678,18.632691],[100.925916,18.631419],[100.926724,18.630425],[100.927121,18.629257],[100.926912,18.624153],[100.916356,18.617074],[100.903925,18.617224],[100.892469,18.613725],[100.886983,18.614464],[100.885875,18.612677],[100.879248,18.614869],[100.871768,18.613172],[100.868386,18.614531],[100.86636,18.611221],[100.862076,18.612496],[100.858534,18.610706],[100.857876,18.611908],[100.85149,18.608607],[100.840539,18.609061],[100.837117,18.612822],[100.82615,18.616515],[100.817247,18.612061],[100.800801,18.609655],[100.807431,18.631345],[100.812335,18.65967],[100.812003,18.666868],[100.815306,18.667474],[100.82677,18.668364],[100.836738,18.668481],[100.856247,18.663938],[100.861066,18.665759],[100.867986,18.665098],[100.871191,18.663299],[100.869957,18.660269],[100.871543,18.657303]]]},"bbox":[100.800801,18.608607,100.927121,18.668481]},{"type":"Feature","id":"91c8681f-3d3f-4f5d-870a-e6b4dc69b47e","properties":{"id":"91c8681f-3d3f-4f5d-870a-e6b4dc69b47e","code":"06550705","provinceCode":"55","nameTh":"องค์การบริหารส่วนตำบล ตาลชุม","nameEn":null,"geometryType":"MUNICIPALITY","sourceUrl":"https://landometer.com/api/v2/citymeter-v3/grocery/info/geom/91c8681f-3d3f-4f5d-870a-e6b4dc69b47e/MUNICIPALITY","sourceSha256":"9deb24d44b5741f40a9fe30848b14855d14cdc6473b048b72eeea4155d948c69","retrievedAt":"2026-10-04T05:43:54.671854+00:00","boundaryVintage":null,"geometryStatus":"native_source_polygon_display_simplified","simplificationToleranceDegrees":0.00015,"simplificationPreservesTopology":true,"invalidSourceRepair":"make_valid; retain polygonal components; discard zero-area collapsed lines","legalBoundaryIndependentlyVerified":false,"areaId":"91c8681f-3d3f-4f5d-870a-e6b4dc69b47e"},"geometry":{"type":"Polygon","coordinates":[[[100.807431,18.631345],[100.800801,18.609655],[100.788407,18.610955],[100.780447,18.607343],[100.775664,18.609187],[100.772146,18.612739],[100.764905,18.612016],[100.766083,18.616759],[100.750434,18.623706],[100.749658,18.626069],[100.752959,18.629411],[100.753181,18.632022],[100.745379,18.643109],[100.745617,18.647294],[100.758835,18.646619],[100.763936,18.649364],[100.766518,18.648874],[100.76856,18.651873],[100.767936,18.652522],[100.768181,18.652701],[100.771324,18.650801],[100.771973,18.654322],[100.78729,18.664231],[100.79009,18.668833],[100.79259,18.669677],[100.802791,18.665176],[100.812003,18.666868],[100.812335,18.65967],[100.807431,18.631345]]]},"bbox":[100.745379,18.607343,100.812335,18.669677]},{"type":"Feature","id":"0a263001-9410-4b6c-9aea-074ae8f746a8","properties":{"id":"0a263001-9410-4b6c-9aea-074ae8f746a8","code":"06550706","provinceCode":"55","nameTh":"องค์การบริหารส่วนตำบล ทุ่งศรีทอง","nameEn":null,"geometryType":"MUNICIPALITY","sourceUrl":"https://landometer.com/api/v2/citymeter-v3/grocery/info/geom/0a263001-9410-4b6c-9aea-074ae8f746a8/MUNICIPALITY","sourceSha256":"54f344dd14cfdf74073c0f629a4fedfb8f3c32874574c57a9c8bfcb877b9201a","retrievedAt":"2026-10-04T05:43:54.685394+00:00","boundaryVintage":null,"geometryStatus":"native_source_polygon_display_simplified","simplificationToleranceDegrees":0.00015,"simplificationPreservesTopology":true,"invalidSourceRepair":"make_valid; retain polygonal components; discard zero-area collapsed lines","legalBoundaryIndependentlyVerified":false,"areaId":"0a263001-9410-4b6c-9aea-074ae8f746a8"},"geometry":{"type":"Polygon","coordinates":[[[100.621591,18.701214],[100.62304,18.701795],[100.626465,18.70514],[100.628132,18.705625],[100.629673,18.707239],[100.630644,18.707183],[100.632689,18.704985],[100.633385,18.703116],[100.633261,18.701552],[100.632371,18.69976],[100.631923,18.6973],[100.631955,18.695541],[100.634023,18.694666],[100.635646,18.693461],[100.637833,18.691242],[100.639764,18.690443],[100.640765,18.690686],[100.641806,18.692329],[100.642765,18.692599],[100.644867,18.691398],[100.645772,18.691145],[100.651229,18.691621],[100.653537,18.690722],[100.659047,18.690268],[100.660886,18.689775],[100.662873,18.688908],[100.668243,18.688709],[100.672547,18.690026],[100.675434,18.689977],[100.677315,18.690722],[100.679608,18.692406],[100.685114,18.694253],[100.688957,18.695945],[100.689576,18.695996],[100.690199,18.695551],[100.690491,18.694059],[100.688784,18.692289],[100.688227,18.691069],[100.688178,18.69033],[100.690336,18.687442],[100.691561,18.687045],[100.692678,18.687311],[100.698688,18.690731],[100.700204,18.691834],[100.701218,18.693411],[100.702206,18.696565],[100.703172,18.698577],[100.703931,18.699724],[100.705831,18.701297],[100.705983,18.701699],[100.709231,18.700348],[100.710475,18.699541],[100.710943,18.69884],[100.711142,18.696027],[100.713057,18.693126],[100.713671,18.690037],[100.714658,18.687172],[100.716547,18.683376],[100.718392,18.681009],[100.720556,18.679328],[100.723141,18.678681],[100.724339,18.675582],[100.724379,18.674962],[100.725726,18.673205],[100.725636,18.67226],[100.728093,18.670727],[100.727542,18.670622],[100.727951,18.669498],[100.727766,18.668372],[100.727171,18.668991],[100.72561,18.661407],[100.721855,18.657499],[100.724113,18.650662],[100.717834,18.6484],[100.709649,18.639692],[100.706831,18.638687],[100.704022,18.640436],[100.698958,18.638896],[100.695552,18.635044],[100.685796,18.635487],[100.683683,18.633906],[100.684248,18.632742],[100.679333,18.631502],[100.673748,18.633877],[100.666718,18.630017],[100.663261,18.630374],[100.658854,18.627176],[100.657623,18.621755],[100.655443,18.621263],[100.653626,18.623353],[100.646884,18.625019],[100.642722,18.623902],[100.641229,18.627377],[100.637952,18.626354],[100.633881,18.629244],[100.630249,18.627972],[100.621491,18.630823],[100.617321,18.638749],[100.612964,18.637657],[100.607545,18.63945],[100.59706,18.633918],[100.599292,18.643695],[100.596108,18.650018],[100.593217,18.663726],[100.589956,18.668417],[100.590837,18.670662],[100.595921,18.673392],[100.59699,18.676719],[100.588679,18.687498],[100.590303,18.693482],[100.587041,18.700864],[100.589477,18.703213],[100.59045,18.70225],[100.591572,18.702192],[100.59264,18.702665],[100.595152,18.704434],[100.597977,18.704522],[100.599975,18.705498],[100.601505,18.706673],[100.604276,18.707097],[100.60661,18.708891],[100.608881,18.710039],[100.60993,18.710318],[100.611174,18.709836],[100.61624,18.704183],[100.618434,18.702245],[100.619805,18.701417],[100.621591,18.701214]]]},"bbox":[100.587041,18.621263,100.728112,18.710318]},{"type":"Feature","id":"eecd5058-a04a-4351-8234-0f48fb1535eb","properties":{"id":"eecd5058-a04a-4351-8234-0f48fb1535eb","code":"06550707","provinceCode":"55","nameTh":"องค์การบริหารส่วนตำบล นาเหลือง","nameEn":null,"geometryType":"MUNICIPALITY","sourceUrl":"https://landometer.com/api/v2/citymeter-v3/grocery/info/geom/eecd5058-a04a-4351-8234-0f48fb1535eb/MUNICIPALITY","sourceSha256":"efd38fe1e8025502c1d9c5280f58b061aff51c90e93cdf310b3b3bad75ae4887","retrievedAt":"2026-10-04T05:43:54.716972+00:00","boundaryVintage":null,"geometryStatus":"native_source_polygon_display_simplified","simplificationToleranceDegrees":0.00015,"simplificationPreservesTopology":true,"invalidSourceRepair":"make_valid; retain polygonal components; discard zero-area collapsed lines","legalBoundaryIndependentlyVerified":false,"areaId":"eecd5058-a04a-4351-8234-0f48fb1535eb"},"geometry":{"type":"Polygon","coordinates":[[[100.861948,18.672521],[100.862263,18.67264],[100.862735,18.672401],[100.863408,18.672628],[100.863588,18.673311],[100.864705,18.67352],[100.864993,18.673778],[100.866205,18.673778],[100.867324,18.674544],[100.86777,18.674496],[100.868168,18.673974],[100.868075,18.673689],[100.868741,18.673333],[100.868542,18.6737],[100.868744,18.674176],[100.869664,18.674075],[100.869918,18.674355],[100.869457,18.674594],[100.869412,18.674902],[100.870259,18.675004],[100.871071,18.675843],[100.871352,18.675754],[100.871377,18.675031],[100.87232,18.676022],[100.872488,18.675154],[100.873577,18.675282],[100.873516,18.675908],[100.874253,18.675534],[100.874499,18.676217],[100.874377,18.67706],[100.874845,18.677317],[100.874782,18.677691],[100.875299,18.677924],[100.875726,18.677893],[100.875779,18.677442],[100.876601,18.678006],[100.877448,18.6777],[100.879015,18.676471],[100.87937,18.676781],[100.880587,18.676286],[100.881164,18.675573],[100.88227,18.675894],[100.883831,18.675709],[100.88474,18.676469],[100.885823,18.675643],[100.886397,18.675595],[100.886826,18.675125],[100.887594,18.675112],[100.887983,18.674426],[100.889535,18.67492],[100.890435,18.674749],[100.891099,18.675203],[100.891503,18.674673],[100.891261,18.673787],[100.892396,18.672989],[100.895496,18.673087],[100.897133,18.673456],[100.898266,18.67335],[100.899301,18.672862],[100.902139,18.672644],[100.902996,18.671792],[100.904114,18.671138],[100.905487,18.670899],[100.906662,18.669419],[100.90732,18.66952],[100.907683,18.670334],[100.908319,18.670618],[100.90896,18.670495],[100.909777,18.669813],[100.911242,18.6702],[100.912052,18.669972],[100.914831,18.669968],[100.916878,18.669514],[100.918633,18.668265],[100.919082,18.664758],[100.921212,18.662711],[100.921362,18.660827],[100.922107,18.660177],[100.92189,18.660004],[100.921301,18.660696],[100.906399,18.657002],[100.898552,18.659522],[100.891775,18.658531],[100.88257,18.660583],[100.87824,18.657547],[100.873558,18.660567],[100.871543,18.657303],[100.869957,18.660269],[100.871191,18.663299],[100.867986,18.665098],[100.861066,18.665759],[100.856247,18.663938],[100.836738,18.668481],[100.82677,18.668364],[100.815306,18.667474],[100.802791,18.665176],[100.79259,18.669677],[100.79009,18.668833],[100.78729,18.664231],[100.771973,18.654322],[100.771324,18.650801],[100.766677,18.65361],[100.762429,18.651216],[100.758694,18.651239],[100.754626,18.655788],[100.753323,18.666043],[100.768969,18.668623],[100.772461,18.672427],[100.771271,18.674407],[100.785561,18.674745],[100.793539,18.675414],[100.798063,18.67512],[100.801145,18.675967],[100.803515,18.677739],[100.807366,18.680124],[100.813885,18.68219],[100.820853,18.682688],[100.824575,18.683243],[100.827728,18.683212],[100.828785,18.683702],[100.830454,18.685296],[100.831678,18.687413],[100.832761,18.68869],[100.834458,18.689697],[100.836849,18.689992],[100.838838,18.689937],[100.843225,18.688833],[100.845497,18.687363],[100.846326,18.686347],[100.846652,18.687332],[100.847326,18.687006],[100.847403,18.686418],[100.8478,18.686306],[100.848047,18.686775],[100.848749,18.687032],[100.848597,18.687701],[100.849275,18.687619],[100.849488,18.686368],[100.850213,18.685989],[100.850321,18.68571],[100.850024,18.685191],[100.850184,18.684881],[100.849782,18.684625],[100.850219,18.684428],[100.850687,18.683226],[100.851258,18.682843],[100.851284,18.68244],[100.850782,18.681942],[100.849735,18.681984],[100.848965,18.680702],[100.848313,18.680224],[100.847266,18.680268],[100.846789,18.680041],[100.846251,18.678953],[100.846969,18.678307],[100.846485,18.677606],[100.84629,18.675585],[100.846758,18.6755],[100.847031,18.67512],[100.848518,18.674767],[100.850517,18.674921],[100.852284,18.674573],[100.852373,18.674117],[100.852774,18.674],[100.853019,18.673506],[100.853722,18.673398],[100.853987,18.673028],[100.854854,18.672973],[100.855047,18.672104],[100.855601,18.671956],[100.855836,18.672381],[100.8562,18.672435],[100.856899,18.671527],[100.858146,18.67124],[100.858752,18.670798],[100.859212,18.671577],[100.859705,18.671766],[100.859592,18.672267],[100.85987,18.672546],[100.860959,18.67299],[100.861948,18.672521]]]},"bbox":[100.753323,18.650801,100.922107,18.690053]},{"type":"Feature","id":"57f094e2-5e05-4fe7-a0e8-933f10a3e9e7","properties":{"id":"57f094e2-5e05-4fe7-a0e8-933f10a3e9e7","code":"06550708","provinceCode":"55","nameTh":"องค์การบริหารส่วนตำบล น้ำปั้ว","nameEn":null,"geometryType":"MUNICIPALITY","sourceUrl":"https://landometer.com/api/v2/citymeter-v3/grocery/info/geom/57f094e2-5e05-4fe7-a0e8-933f10a3e9e7/MUNICIPALITY","sourceSha256":"58e0c03d87a3af8fb517ab334dbe81becd3d7c77d875fefaaa0b04576a36cc3a","retrievedAt":"2026-10-04T05:43:54.699248+00:00","boundaryVintage":null,"geometryStatus":"native_source_polygon_display_simplified","simplificationToleranceDegrees":0.00015,"simplificationPreservesTopology":true,"invalidSourceRepair":"make_valid; retain polygonal components; discard zero-area collapsed lines","legalBoundaryIndependentlyVerified":false,"areaId":"57f094e2-5e05-4fe7-a0e8-933f10a3e9e7"},"geometry":{"type":"Polygon","coordinates":[[[100.754626,18.655788],[100.758694,18.651239],[100.762429,18.651216],[100.766677,18.65361],[100.768181,18.652701],[100.767936,18.652522],[100.76856,18.651873],[100.766518,18.648874],[100.763936,18.649364],[100.758835,18.646619],[100.745617,18.647294],[100.745379,18.643109],[100.753181,18.632022],[100.752959,18.629411],[100.749658,18.626069],[100.750434,18.623706],[100.766083,18.616759],[100.764905,18.612016],[100.765339,18.612059],[100.764024,18.606413],[100.761127,18.603123],[100.752287,18.610901],[100.748878,18.60994],[100.744778,18.611081],[100.744029,18.614099],[100.746703,18.618847],[100.740151,18.621334],[100.73673,18.616272],[100.731134,18.61743],[100.729741,18.614108],[100.72563,18.611433],[100.709021,18.615822],[100.705657,18.618208],[100.693077,18.613634],[100.687531,18.616069],[100.673053,18.602857],[100.667409,18.605558],[100.666012,18.609258],[100.66247,18.610984],[100.663448,18.614413],[100.661043,18.617632],[100.658589,18.617218],[100.655633,18.620763],[100.655497,18.621275],[100.657623,18.621755],[100.658854,18.627176],[100.663261,18.630374],[100.666718,18.630017],[100.673748,18.633877],[100.679333,18.631502],[100.684248,18.632742],[100.683683,18.633906],[100.685796,18.635487],[100.695552,18.635044],[100.698958,18.638896],[100.704022,18.640436],[100.706831,18.638687],[100.709649,18.639692],[100.717834,18.6484],[100.724113,18.650662],[100.721855,18.657499],[100.72561,18.661407],[100.727171,18.668991],[100.727766,18.668372],[100.727951,18.669498],[100.727646,18.670698],[100.728112,18.670644],[100.728067,18.669679],[100.729513,18.669239],[100.730187,18.668568],[100.73088,18.668619],[100.733029,18.668069],[100.734292,18.668099],[100.734767,18.668298],[100.735093,18.668836],[100.736028,18.668882],[100.736634,18.669242],[100.738216,18.669088],[100.739028,18.668709],[100.740469,18.669091],[100.741928,18.670455],[100.741945,18.671299],[100.742767,18.672696],[100.743726,18.672871],[100.745135,18.674092],[100.746171,18.674165],[100.746909,18.673606],[100.748156,18.673718],[100.748878,18.674602],[100.749344,18.674662],[100.771271,18.674407],[100.772461,18.672427],[100.768969,18.668623],[100.753323,18.666043],[100.754626,18.655788]]]},"bbox":[100.655497,18.602857,100.772461,18.674662]},{"type":"Feature","id":"4cdd2574-c951-4889-836b-d895f6d5aef4","properties":{"id":"4cdd2574-c951-4889-836b-d895f6d5aef4","code":"06550709","provinceCode":"55","nameTh":"องค์การบริหารส่วนตำบล แม่สา","nameEn":null,"geometryType":"MUNICIPALITY","sourceUrl":"https://landometer.com/api/v2/citymeter-v3/grocery/info/geom/4cdd2574-c951-4889-836b-d895f6d5aef4/MUNICIPALITY","sourceSha256":"0fd40c75e24cc29eca0a2dfc74170518c5116842ebbd37a528e9d15ad4f062ee","retrievedAt":"2026-10-04T05:43:54.728841+00:00","boundaryVintage":null,"geometryStatus":"native_source_polygon_display_simplified","simplificationToleranceDegrees":0.00015,"simplificationPreservesTopology":true,"invalidSourceRepair":"make_valid; retain polygonal components; discard zero-area collapsed lines","legalBoundaryIndependentlyVerified":false,"areaId":"4cdd2574-c951-4889-836b-d895f6d5aef4"},"geometry":{"type":"Polygon","coordinates":[[[100.714421,18.588546],[100.71357,18.584446],[100.71463,18.583417],[100.717568,18.583414],[100.720444,18.586934],[100.722618,18.583481],[100.724226,18.583702],[100.723444,18.580614],[100.721057,18.579743],[100.720779,18.575986],[100.724464,18.575807],[100.726128,18.577987],[100.730459,18.57597],[100.716258,18.568799],[100.706804,18.568894],[100.707105,18.560574],[100.684248,18.560431],[100.666133,18.554239],[100.659462,18.548895],[100.650175,18.550465],[100.641743,18.54615],[100.62535,18.543293],[100.617946,18.546328],[100.60924,18.54163],[100.605767,18.543011],[100.601445,18.548756],[100.596257,18.548647],[100.59362,18.554215],[100.597482,18.562781],[100.604147,18.566551],[100.60463,18.567157],[100.603509,18.571942],[100.59772,18.576935],[100.595524,18.582096],[100.599294,18.581846],[100.601804,18.586353],[100.610668,18.582258],[100.613964,18.577614],[100.61947,18.575791],[100.623104,18.57865],[100.626462,18.573777],[100.625785,18.571255],[100.632441,18.565165],[100.634093,18.56797],[100.640767,18.570519],[100.64056,18.572566],[100.642293,18.573804],[100.641108,18.575609],[100.642647,18.576681],[100.653711,18.576434],[100.659326,18.579163],[100.66615,18.578958],[100.670219,18.576855],[100.672448,18.573396],[100.683844,18.574052],[100.684272,18.577321],[100.686261,18.576584],[100.687432,18.577811],[100.687505,18.581712],[100.684285,18.582693],[100.686203,18.58494],[100.691506,18.587039],[100.691549,18.582473],[100.697697,18.583439],[100.700756,18.587123],[100.705615,18.585757],[100.707084,18.586712],[100.707008,18.590906],[100.710751,18.59069],[100.714421,18.588546]]]},"bbox":[100.59362,18.54163,100.730459,18.590906]},{"type":"Feature","id":"73de51c3-a5bb-4659-98d6-f4dc9bdf4dac","properties":{"id":"73de51c3-a5bb-4659-98d6-f4dc9bdf4dac","code":"06550710","provinceCode":"55","nameTh":"องค์การบริหารส่วนตำบล ส้าน","nameEn":null,"geometryType":"MUNICIPALITY","sourceUrl":"https://landometer.com/api/v2/citymeter-v3/grocery/info/geom/73de51c3-a5bb-4659-98d6-f4dc9bdf4dac/MUNICIPALITY","sourceSha256":"5752342c0962b9a45ae65b4ff2b58b357fea77569a2d65745384c1d6b70bda5b","retrievedAt":"2026-10-04T05:43:54.729658+00:00","boundaryVintage":null,"geometryStatus":"native_source_polygon_display_simplified","simplificationToleranceDegrees":0.00015,"simplificationPreservesTopology":true,"invalidSourceRepair":"make_valid; retain polygonal components; discard zero-area collapsed lines","legalBoundaryIndependentlyVerified":false,"areaId":"73de51c3-a5bb-4659-98d6-f4dc9bdf4dac"},"geometry":{"type":"Polygon","coordinates":[[[100.774814,18.517485],[100.776582,18.516915],[100.780378,18.519906],[100.786762,18.515271],[100.789794,18.51127],[100.790884,18.503453],[100.79381,18.50101],[100.799645,18.502158],[100.8064,18.49919],[100.807995,18.496355],[100.812768,18.498744],[100.826495,18.493808],[100.821175,18.487718],[100.819948,18.482778],[100.820905,18.479829],[100.821026,18.479947],[100.825236,18.475301],[100.83225,18.471469],[100.830962,18.461803],[100.832506,18.456376],[100.830998,18.449672],[100.840562,18.44114],[100.845267,18.431831],[100.845576,18.429759],[100.841651,18.428731],[100.839652,18.428952],[100.837786,18.428343],[100.835944,18.428447],[100.835629,18.427967],[100.835623,18.427361],[100.836331,18.42517],[100.836115,18.424734],[100.835203,18.424264],[100.834588,18.424379],[100.833012,18.425641],[100.831428,18.425029],[100.829911,18.425238],[100.825857,18.427628],[100.824659,18.427986],[100.82326,18.427819],[100.821772,18.426492],[100.818971,18.426598],[100.817867,18.427265],[100.81615,18.429236],[100.814924,18.429752],[100.813495,18.429651],[100.812656,18.428188],[100.808578,18.426605],[100.807975,18.42683],[100.805742,18.428841],[100.8037,18.429507],[100.802789,18.429054],[100.802678,18.427751],[100.802361,18.427495],[100.798958,18.428034],[100.796965,18.428774],[100.796456,18.428681],[100.795572,18.426797],[100.795563,18.424744],[100.794389,18.423462],[100.793855,18.423271],[100.791036,18.423581],[100.789341,18.425668],[100.787979,18.426079],[100.785072,18.426037],[100.783967,18.425557],[100.782078,18.424086],[100.781472,18.423976],[100.77923,18.425774],[100.77743,18.426472],[100.775441,18.426398],[100.773908,18.425426],[100.772464,18.424978],[100.771248,18.424228],[100.770099,18.424792],[100.767673,18.42459],[100.766901,18.424759],[100.76514,18.426321],[100.764381,18.426582],[100.763039,18.425966],[100.762115,18.426026],[100.760802,18.425254],[100.758797,18.425357],[100.75756,18.424252],[100.755861,18.421577],[100.754989,18.421129],[100.742201,18.422391],[100.739266,18.423261],[100.737454,18.424106],[100.735702,18.423492],[100.734604,18.423522],[100.734273,18.423326],[100.734047,18.421973],[100.734873,18.420175],[100.734665,18.419646],[100.733803,18.419589],[100.73125,18.420407],[100.729129,18.419647],[100.726394,18.421582],[100.725701,18.421458],[100.72464,18.420175],[100.723756,18.420097],[100.723005,18.420412],[100.721804,18.421558],[100.720213,18.422292],[100.719623,18.422238],[100.718511,18.421502],[100.717505,18.421224],[100.716454,18.421509],[100.715397,18.422292],[100.714675,18.424987],[100.714585,18.42614],[100.714887,18.426857],[100.716212,18.428543],[100.71567,18.430403],[100.716003,18.430881],[100.717261,18.430865],[100.717762,18.431104],[100.718308,18.431818],[100.718578,18.432767],[100.717971,18.435045],[100.717575,18.43567],[100.716843,18.436164],[100.714995,18.436045],[100.713149,18.437355],[100.710987,18.436931],[100.70715,18.435386],[100.705592,18.432912],[100.703392,18.431613],[100.702207,18.430581],[100.701479,18.430373],[100.70022,18.430661],[100.699684,18.431099],[100.698297,18.430879],[100.698173,18.431258],[100.698729,18.432035],[100.697353,18.432293],[100.696541,18.433443],[100.695168,18.433646],[100.694449,18.435345],[100.693758,18.435521],[100.692868,18.435325],[100.691786,18.435877],[100.690046,18.438921],[100.696832,18.449315],[100.696504,18.459088],[100.695137,18.461004],[100.695307,18.461021],[100.695182,18.461979],[100.70501,18.47144],[100.704861,18.474188],[100.707691,18.476302],[100.709284,18.480116],[100.707413,18.490255],[100.719502,18.500575],[100.720634,18.503348],[100.727821,18.508795],[100.731226,18.508803],[100.729139,18.510542],[100.732217,18.511117],[100.730193,18.514928],[100.731699,18.521152],[100.749183,18.538186],[100.748591,18.541688],[100.741553,18.538296],[100.739228,18.540709],[100.74376,18.542341],[100.743749,18.54398],[100.745852,18.544375],[100.750912,18.550729],[100.75568,18.552749],[100.755603,18.554115],[100.7642,18.554698],[100.764296,18.554048],[100.760894,18.548678],[100.765663,18.543744],[100.765949,18.533936],[100.775034,18.527662],[100.774814,18.517485]]]},"bbox":[100.690046,18.419535,100.845576,18.554698]},{"type":"Feature","id":"3af75bc9-7902-44a9-af00-87644a35e2fc","properties":{"id":"3af75bc9-7902-44a9-af00-87644a35e2fc","code":"06550711","provinceCode":"55","nameTh":"องค์การบริหารส่วนตำบล ไหล่น่าน","nameEn":null,"geometryType":"MUNICIPALITY","sourceUrl":"https://landometer.com/api/v2/citymeter-v3/grocery/info/geom/3af75bc9-7902-44a9-af00-87644a35e2fc/MUNICIPALITY","sourceSha256":"f8d923fd743d27f2b8ea06baa9c814249a528a5ba9edc06ce8c2e0879de0480e","retrievedAt":"2026-10-04T05:43:54.741946+00:00","boundaryVintage":null,"geometryStatus":"native_source_polygon_display_simplified","simplificationToleranceDegrees":0.00015,"simplificationPreservesTopology":true,"invalidSourceRepair":"make_valid; retain polygonal components; discard zero-area collapsed lines","legalBoundaryIndependentlyVerified":false,"areaId":"3af75bc9-7902-44a9-af00-87644a35e2fc"},"geometry":{"type":"MultiPolygon","coordinates":[[[[100.941715,18.621171],[100.941515,18.620918],[100.9418,18.620663],[100.941559,18.620405],[100.942247,18.620304],[100.942516,18.619917],[100.943002,18.620014],[100.943562,18.619549],[100.943892,18.61988],[100.944239,18.619771],[100.944325,18.619226],[100.944774,18.618611],[100.94483,18.617897],[100.945692,18.617354],[100.945794,18.616658],[100.94683,18.616323],[100.947203,18.615745],[100.947747,18.615567],[100.947866,18.614814],[100.948777,18.614848],[100.949019,18.614139],[100.949857,18.614917],[100.950777,18.614839],[100.951206,18.614397],[100.951799,18.614566],[100.951884,18.614016],[100.953523,18.613668],[100.953538,18.612945],[100.954173,18.612675],[100.954405,18.611871],[100.954217,18.611582],[100.954656,18.611379],[100.954761,18.611749],[100.955321,18.6116],[100.955609,18.61195],[100.956021,18.611683],[100.956711,18.612434],[100.957006,18.612453],[100.957651,18.611925],[100.95784,18.610492],[100.958507,18.610238],[100.959139,18.610552],[100.959352,18.609898],[100.960205,18.610031],[100.960584,18.60958],[100.962123,18.608844],[100.962886,18.608],[100.962924,18.607549],[100.963227,18.607454],[100.963591,18.607794],[100.963791,18.607718],[100.963953,18.607186],[100.963497,18.606893],[100.96382,18.606348],[100.964407,18.606754],[100.966081,18.606628],[100.967098,18.606803],[100.968163,18.605691],[100.968514,18.604909],[100.969616,18.603901],[100.970467,18.603592],[100.971745,18.601657],[100.972567,18.601228],[100.974582,18.601689],[100.97649,18.600048],[100.977014,18.600334],[100.977652,18.600326],[100.97769,18.601397],[100.978468,18.600892],[100.980308,18.601354],[100.981467,18.600854],[100.983424,18.601491],[100.985153,18.601648],[100.98589,18.600665],[100.985753,18.59905],[100.986945,18.597179],[100.98822,18.595728],[100.988611,18.594799],[100.988408,18.594116],[100.987579,18.593957],[100.987098,18.593483],[100.986875,18.592625],[100.986308,18.591737],[100.986959,18.591588],[100.987578,18.591119],[100.983205,18.577538],[100.977043,18.576885],[100.972452,18.57353],[100.958219,18.579466],[100.952567,18.574173],[100.940691,18.574684],[100.947677,18.56647],[100.947165,18.563502],[100.937894,18.559464],[100.937553,18.564117],[100.935668,18.565245],[100.931885,18.562559],[100.933168,18.558612],[100.93058,18.556471],[100.928921,18.557991],[100.928545,18.564276],[100.926213,18.563676],[100.924131,18.559655],[100.92087,18.563073],[100.917219,18.559766],[100.915511,18.56709],[100.912892,18.568144],[100.908984,18.56541],[100.909032,18.569238],[100.891514,18.563164],[100.88974,18.563821],[100.891497,18.565422],[100.889836,18.569803],[100.886979,18.569167],[100.884571,18.570831],[100.879507,18.568696],[100.875702,18.571271],[100.87322,18.568977],[100.868659,18.569961],[100.864325,18.568045],[100.863386,18.57121],[100.865688,18.574514],[100.859705,18.574699],[100.860157,18.578098],[100.856504,18.579488],[100.854385,18.58392],[100.856436,18.587255],[100.851088,18.588739],[100.849561,18.587681],[100.850167,18.58439],[100.84741,18.582697],[100.844562,18.586823],[100.83863,18.591097],[100.838927,18.581412],[100.841347,18.579092],[100.839889,18.576659],[100.83618,18.576499],[100.835612,18.572614],[100.829068,18.577838],[100.825243,18.57642],[100.822789,18.580939],[100.815046,18.578396],[100.81694,18.574217],[100.824634,18.575259],[100.825564,18.571399],[100.829343,18.570511],[100.828317,18.564401],[100.831968,18.563022],[100.831778,18.561693],[100.828111,18.557868],[100.822555,18.560434],[100.816661,18.557713],[100.813743,18.557956],[100.807473,18.552853],[100.806352,18.549798],[100.81289,18.545453],[100.809472,18.541866],[100.80275,18.546483],[100.79854,18.547457],[100.80119,18.537487],[100.799877,18.535854],[100.795219,18.542121],[100.786054,18.54756],[100.782296,18.556299],[100.784036,18.56199],[100.781614,18.56585],[100.779509,18.566685],[100.774371,18.564974],[100.77209,18.559596],[100.765602,18.561578],[100.76901,18.564744],[100.769026,18.565458],[100.769512,18.566009],[100.76915,18.57094],[100.76488,18.571666],[100.763196,18.566502],[100.759468,18.565003],[100.757195,18.56614],[100.75673,18.573526],[100.752789,18.578022],[100.752798,18.578616],[100.753845,18.581131],[100.754667,18.581897],[100.761177,18.582457],[100.765531,18.586309],[100.759064,18.595523],[100.758987,18.598805],[100.762019,18.603272],[100.76176102184269,18.603842959915088],[100.764024,18.606413],[100.765339,18.612059],[100.772146,18.612739],[100.775664,18.609187],[100.780447,18.607343],[100.788407,18.610955],[100.800801,18.609655],[100.817247,18.612061],[100.82615,18.616515],[100.837117,18.612822],[100.840539,18.609061],[100.85149,18.608607],[100.857876,18.611908],[100.858534,18.610706],[100.862076,18.612496],[100.86636,18.611221],[100.868386,18.614531],[100.871768,18.613172],[100.879248,18.614869],[100.885875,18.612677],[100.886983,18.614464],[100.892469,18.613725],[100.903925,18.617224],[100.916356,18.617074],[100.926912,18.624153],[100.927121,18.629257],[100.926724,18.630425],[100.928206,18.629104],[100.927039,18.627133],[100.927301,18.625901],[100.926967,18.624838],[100.927037,18.624331],[100.933823,18.62268],[100.936185,18.622738],[100.939061,18.623195],[100.940385,18.623082],[100.941225,18.622537],[100.941715,18.621171]]],[[[100.76176102184269,18.603842959915088],[100.761127,18.603123],[100.761761,18.603843],[100.76176102184269,18.603842959915088]]]]},"bbox":[100.752789,18.535854,100.98862,18.630425]},{"type":"Feature","id":"6babc343-1846-4128-a6d6-4771dbf6a9cd","properties":{"id":"6babc343-1846-4128-a6d6-4771dbf6a9cd","code":"06550712","provinceCode":"55","nameTh":"องค์การบริหารส่วนตำบล อ่ายนาไลย","nameEn":null,"geometryType":"MUNICIPALITY","sourceUrl":"https://landometer.com/api/v2/citymeter-v3/grocery/info/geom/6babc343-1846-4128-a6d6-4771dbf6a9cd/MUNICIPALITY","sourceSha256":"575ceae56dc81f63acc8f768eb821b4ee664c296c99c28f3e891b0842535e195","retrievedAt":"2026-10-04T05:43:54.739721+00:00","boundaryVintage":null,"geometryStatus":"native_source_polygon_display_simplified","simplificationToleranceDegrees":0.00015,"simplificationPreservesTopology":true,"invalidSourceRepair":"make_valid; retain polygonal components; discard zero-area collapsed lines","legalBoundaryIndependentlyVerified":false,"areaId":"6babc343-1846-4128-a6d6-4771dbf6a9cd"},"geometry":{"type":"Polygon","coordinates":[[[100.596257,18.548647],[100.601445,18.548756],[100.605767,18.543011],[100.60924,18.54163],[100.617946,18.546328],[100.62535,18.543293],[100.641743,18.54615],[100.650175,18.550465],[100.659462,18.548895],[100.666133,18.554239],[100.684248,18.560431],[100.70613,18.560568],[100.706233,18.560219],[100.715446,18.555531],[100.71738,18.551533],[100.726299,18.545523],[100.732006,18.545009],[100.734178,18.547168],[100.738469,18.54667],[100.739126,18.541469],[100.741384,18.541894],[100.741505,18.541636],[100.739228,18.540709],[100.741553,18.538296],[100.748591,18.541688],[100.749183,18.538186],[100.731699,18.521152],[100.730193,18.514928],[100.732217,18.511117],[100.729139,18.510542],[100.731226,18.508803],[100.727821,18.508795],[100.720634,18.503348],[100.719502,18.500575],[100.707413,18.490255],[100.709284,18.480116],[100.707691,18.476302],[100.704861,18.474188],[100.70501,18.47144],[100.695182,18.461979],[100.695207,18.460979],[100.691614,18.465945],[100.685369,18.470522],[100.688276,18.474426],[100.685678,18.47948],[100.684999,18.48962],[100.67401,18.498398],[100.667496,18.499016],[100.674103,18.505929],[100.673381,18.508973],[100.66696,18.516346],[100.671242,18.519889],[100.669539,18.524333],[100.666925,18.528097],[100.663033,18.529142],[100.663022,18.534788],[100.657967,18.531668],[100.643446,18.530404],[100.638842,18.534851],[100.620452,18.526273],[100.615424,18.525623],[100.610459,18.521733],[100.611674,18.518966],[100.614287,18.518641],[100.614052,18.517249],[100.606731,18.51558],[100.605233,18.514023],[100.60586,18.510978],[100.604039,18.511938],[100.598066,18.510021],[100.598843,18.499542],[100.586537,18.497503],[100.589182,18.490742],[100.580194,18.484772],[100.582911,18.471543],[100.580316,18.468524],[100.580377,18.468214],[100.59296,18.452344],[100.589681,18.449433],[100.584109,18.448098],[100.584424,18.444094],[100.578181,18.447365],[100.577057,18.447241],[100.574722,18.445217],[100.574316,18.44383],[100.575407,18.441137],[100.57546,18.440043],[100.574764,18.438749],[100.575416,18.436573],[100.574476,18.435638],[100.575223,18.434247],[100.574002,18.433671],[100.573811,18.432893],[100.572387,18.431581],[100.571614,18.430148],[100.571704,18.428201],[100.573744,18.427604],[100.573922,18.426986],[100.573626,18.426456],[100.57129,18.425146],[100.570439,18.424929],[100.568374,18.424904],[100.566333,18.425368],[100.564694,18.424856],[100.563438,18.425337],[100.562618,18.424963],[100.561661,18.424953],[100.560214,18.424542],[100.559404,18.423932],[100.559274,18.422827],[100.557284,18.422155],[100.555748,18.420422],[100.554057,18.419052],[100.552815,18.418887],[100.550399,18.419308],[100.550919,18.420321],[100.551234,18.422789],[100.549878,18.426563],[100.551267,18.42903],[100.551294,18.429462],[100.550426,18.430614],[100.548764,18.4312],[100.54833,18.431735],[100.547309,18.438591],[100.547847,18.443152],[100.549567,18.445803],[100.549293,18.44776],[100.550579,18.449299],[100.550599,18.449927],[100.549579,18.452002],[100.549659,18.455959],[100.549372,18.458251],[100.548781,18.459289],[100.545777,18.461981],[100.545653,18.462735],[100.546427,18.464306],[100.546555,18.465451],[100.545396,18.467082],[100.543182,18.469436],[100.543806,18.472216],[100.543335,18.47511],[100.543573,18.477244],[100.543044,18.478624],[100.543222,18.480464],[100.542673,18.481898],[100.542975,18.48403],[100.542399,18.487167],[100.541865,18.489225],[100.541491,18.489846],[100.540647,18.490342],[100.536851,18.491334],[100.5346,18.49068],[100.533854,18.489728],[100.533376,18.487155],[100.532618,18.485863],[100.531698,18.485321],[100.529222,18.484513],[100.527559,18.483417],[100.52572,18.483538],[100.524781,18.483225],[100.524426,18.482822],[100.524252,18.481246],[100.523787,18.480007],[100.522348,18.479474],[100.521053,18.478522],[100.519355,18.47647],[100.517563,18.475704],[100.516885,18.475512],[100.515145,18.475623],[100.514182,18.475883],[100.512857,18.476734],[100.512127,18.476789],[100.510993,18.476299],[100.509286,18.47486],[100.505583,18.472977],[100.504618,18.47311],[100.50418,18.474887],[100.502974,18.475504],[100.500519,18.475183],[100.498364,18.474495],[100.495805,18.474777],[100.494578,18.474039],[100.493929,18.474061],[100.49214,18.475193],[100.490629,18.476596],[100.488237,18.477514],[100.486544,18.479126],[100.48436,18.480366],[100.483576,18.481389],[100.482241,18.482098],[100.48066,18.484566],[100.48063,18.485671],[100.480371,18.486259],[100.477342,18.488609],[100.477196,18.489367],[100.477672,18.493246],[100.477253,18.494451],[100.476545,18.494891],[100.476423,18.495599],[100.47593,18.495274],[100.475455,18.49557],[100.473419,18.502606],[100.471713,18.516024],[100.47905,18.520227],[100.486051,18.528195],[100.489674,18.529106],[100.492495,18.533807],[100.497131,18.529315],[100.498486,18.532736],[100.504905,18.539175],[100.505967,18.539465],[100.506407,18.53986],[100.513933,18.541637],[100.515694,18.538378],[100.526161,18.536946],[100.538972,18.538729],[100.54212,18.537189],[100.544647,18.533097],[100.552728,18.531306],[100.562171,18.535053],[100.565903,18.532457],[100.579815,18.543279],[100.576377,18.552637],[100.577576,18.559012],[100.587706,18.571153],[100.588491,18.571279],[100.589204,18.571865],[100.589447,18.571433],[100.592274,18.571887],[100.595386,18.582034],[100.59772,18.576935],[100.603509,18.571942],[100.60463,18.567157],[100.604147,18.566551],[100.597482,18.562781],[100.59362,18.554215],[100.596257,18.548647]]]},"bbox":[100.471713,18.418866,100.749183,18.582034]},{"type":"Feature","id":"b31a1c6c-0adc-412d-8965-f886c2747ec6","properties":{"id":"b31a1c6c-0adc-412d-8965-f886c2747ec6","code":"06550713","provinceCode":"55","nameTh":"องค์การบริหารส่วนตำบล น้ำมวบ","nameEn":null,"geometryType":"MUNICIPALITY","sourceUrl":"https://landometer.com/api/v2/citymeter-v3/grocery/info/geom/b31a1c6c-0adc-412d-8965-f886c2747ec6/MUNICIPALITY","sourceSha256":"5f7536ffe98ceb404da6b608b939e44f90de02cb6059d05ebb7979aaaf6f8fa9","retrievedAt":"2026-10-04T05:43:54.762227+00:00","boundaryVintage":null,"geometryStatus":"native_source_polygon_display_simplified","simplificationToleranceDegrees":0.00015,"simplificationPreservesTopology":true,"invalidSourceRepair":"make_valid; retain polygonal components; discard zero-area collapsed lines","legalBoundaryIndependentlyVerified":false,"areaId":"b31a1c6c-0adc-412d-8965-f886c2747ec6"},"geometry":{"type":"Polygon","coordinates":[[[100.993087,18.581961],[100.993199,18.580857],[100.993923,18.58036],[100.99445,18.580621],[100.99595,18.582648],[100.996763,18.582553],[100.997068,18.581789],[100.996497,18.579773],[100.996646,18.579348],[100.997186,18.579228],[100.99865,18.579675],[100.999304,18.579537],[100.999407,18.577769],[100.999767,18.57706],[101.000385,18.576684],[101.001497,18.57676],[101.003342,18.575639],[101.004556,18.575607],[101.005761,18.574474],[101.007199,18.574425],[101.007546,18.573023],[101.008142,18.572773],[101.008587,18.572196],[101.010855,18.571437],[101.01172,18.569942],[101.012226,18.570119],[101.012589,18.571441],[101.012843,18.571667],[101.014263,18.570802],[101.015462,18.571472],[101.016402,18.571286],[101.016678,18.570952],[101.018091,18.571207],[101.018618,18.572848],[101.021406,18.574136],[101.021905,18.574153],[101.022784,18.57274],[101.023611,18.572392],[101.022986,18.571745],[101.023563,18.571142],[101.023358,18.569965],[101.023871,18.568671],[101.02414,18.568686],[101.024776,18.569579],[101.025757,18.569515],[101.026153,18.569743],[101.025953,18.571202],[101.026319,18.571134],[101.027292,18.570077],[101.025669,18.568069],[101.025632,18.56753],[101.026328,18.566498],[101.026928,18.56622],[101.027495,18.565417],[101.027533,18.565142],[101.027093,18.564646],[101.027394,18.5642],[101.031575,18.562748],[101.03166,18.562417],[101.031361,18.561728],[101.030211,18.560674],[101.031402,18.559638],[101.031814,18.559629],[101.032383,18.560275],[101.033127,18.560095],[101.033359,18.559895],[101.033241,18.559142],[101.033711,18.5589],[101.034149,18.559273],[101.034077,18.560301],[101.03602,18.560169],[101.036154,18.559578],[101.035498,18.557876],[101.03581,18.557242],[101.036479,18.557246],[101.038166,18.555781],[101.039275,18.556699],[101.041145,18.556932],[101.040944,18.555853],[101.042552,18.555521],[101.043076,18.554631],[101.043842,18.554245],[101.044292,18.554436],[101.044159,18.555732],[101.044344,18.556277],[101.044816,18.55634],[101.045365,18.555396],[101.045982,18.555192],[101.046258,18.55552],[101.046276,18.556734],[101.046946,18.556963],[101.047172,18.556789],[101.047206,18.556016],[101.048235,18.555895],[101.047584,18.555105],[101.049367,18.554464],[101.049339,18.554133],[101.048862,18.553726],[101.048942,18.553386],[101.049527,18.553302],[101.050266,18.554004],[101.050843,18.553292],[101.052719,18.552814],[101.052957,18.552221],[101.054367,18.551717],[101.055011,18.55094],[101.055838,18.550847],[101.055676,18.55],[101.056493,18.550537],[101.057059,18.549569],[101.058592,18.550062],[101.058747,18.549873],[101.058469,18.549027],[101.058894,18.548727],[101.05967,18.549288],[101.060619,18.548856],[101.060925,18.549473],[101.0624,18.55005],[101.0626,18.548673],[101.06333,18.549175],[101.064128,18.548352],[101.064919,18.549005],[101.065592,18.548949],[101.064732,18.548136],[101.066249,18.548128],[101.066214,18.547693],[101.065658,18.547418],[101.065808,18.547182],[101.067084,18.547085],[101.067031,18.547693],[101.067559,18.547919],[101.069317,18.547387],[101.069796,18.546553],[101.071141,18.546409],[101.070751,18.545702],[101.070777,18.545118],[101.072026,18.544058],[101.072788,18.542941],[101.073156,18.542796],[101.0734,18.541899],[101.074396,18.541473],[101.075584,18.540342],[101.076814,18.539945],[101.076605,18.538603],[101.07801,18.538727],[101.078846,18.538298],[101.079219,18.536995],[101.078761,18.536201],[101.079044,18.535759],[101.079618,18.535554],[101.08071,18.535802],[101.081923,18.535402],[101.082005,18.534557],[101.08441,18.534074],[101.086996,18.532437],[101.088712,18.5323],[101.090375,18.531639],[101.093474,18.531904],[101.096758,18.529522],[101.098748,18.52767],[101.100207,18.525815],[101.102488,18.52374],[101.103982,18.521406],[101.10296,18.519665],[101.102672,18.517712],[101.099901,18.512397],[101.098972,18.509847],[101.098247,18.506451],[101.098898,18.504897],[101.099031,18.503551],[101.098453,18.502447],[101.097385,18.501464],[101.092358,18.499827],[101.09182,18.499486],[101.091538,18.498862],[101.091182,18.49203],[101.091843,18.490197],[101.092738,18.488712],[101.09364,18.48501],[101.094079,18.482341],[101.093599,18.479428],[101.093154,18.478806],[101.091742,18.477696],[101.089706,18.477201],[101.087025,18.477031],[101.084474,18.475786],[101.082423,18.475361],[101.08168,18.472419],[101.077256,18.467678],[101.075128,18.466427],[101.074336,18.466284],[101.073473,18.46342],[101.072616,18.462262],[101.072042,18.46191],[101.07051,18.461674],[101.068083,18.460817],[101.067473,18.460146],[101.067247,18.45947],[101.066607,18.456294],[101.065622,18.455305],[101.063602,18.454959],[101.062918,18.454194],[101.062398,18.451799],[101.061952,18.451126],[101.059601,18.449391],[101.05784,18.445186],[101.055087,18.44284],[101.054103,18.4417],[101.054097,18.441192],[101.054471,18.44051],[101.056354,18.437932],[101.056716,18.436154],[101.056256,18.43428],[101.054197,18.431172],[101.052739,18.428213],[101.052396,18.426912],[101.052707,18.425499],[101.054908,18.423824],[101.053793,18.420297],[101.052484,18.418637],[101.049483,18.415986],[101.047011,18.412827],[101.044358,18.41091],[101.0431,18.410772],[101.040863,18.409456],[101.039559,18.409121],[101.037469,18.407291],[101.036548,18.405769],[101.035842,18.402823],[101.033996,18.400368],[101.032238,18.399837],[101.028331,18.398029],[101.025977,18.3979],[101.02435,18.395238],[101.023842,18.393147],[101.023129,18.392278],[101.022857,18.391536],[101.022314,18.391071],[101.02225,18.390153],[101.020935,18.389019],[101.020918,18.3882],[101.021943,18.38572],[101.022256,18.384287],[101.022122,18.383646],[101.021658,18.383057],[101.018009,18.380381],[101.016912,18.379896],[101.01418,18.37967],[101.012592,18.378426],[101.01048,18.378],[101.009045,18.378015],[101.002527,18.380738],[100.996431,18.383772],[100.993691,18.383982],[100.991018,18.38338],[100.989511,18.382547],[100.988754,18.381889],[100.986151,18.378232],[100.985604,18.378393],[100.98487,18.37922],[100.983097,18.378388],[100.98205,18.378246],[100.981499,18.377376],[100.978763,18.377321],[100.977526,18.376179],[100.977319,18.375272],[100.976286,18.375817],[100.973939,18.376135],[100.972835,18.376657],[100.971994,18.375778],[100.971539,18.375685],[100.969746,18.376375],[100.968611,18.376414],[100.967985,18.376906],[100.966546,18.377085],[100.965607,18.377526],[100.964399,18.377467],[100.963939,18.377248],[100.963428,18.3765],[100.961745,18.375414],[100.960592,18.373553],[100.959911,18.371517],[100.957089,18.3688],[100.953502,18.366636],[100.952275,18.366364],[100.950462,18.366372],[100.94944,18.36452],[100.94853,18.363978],[100.947236,18.363844],[100.946927,18.362749],[100.945653,18.361899],[100.944611,18.360796],[100.943385,18.361131],[100.94267,18.361056],[100.940591,18.359297],[100.939817,18.359125],[100.936581,18.360261],[100.932883,18.360915],[100.931576,18.361759],[100.929888,18.360094],[100.928309,18.35755],[100.925236,18.357324],[100.923766,18.357636],[100.922447,18.357033],[100.921703,18.357202],[100.919246,18.359378],[100.918547,18.359472],[100.91809,18.358635],[100.918445,18.357457],[100.918254,18.35683],[100.917704,18.356489],[100.916017,18.356092],[100.914611,18.355175],[100.91444,18.354682],[100.914788,18.353638],[100.914643,18.353096],[100.914259,18.353049],[100.913422,18.353519],[100.912913,18.353295],[100.913054,18.352762],[100.913953,18.351948],[100.915441,18.349732],[100.91575,18.348677],[100.915402,18.347972],[100.914766,18.34779],[100.914119,18.348077],[100.913499,18.348894],[100.913253,18.349833],[100.911926,18.350227],[100.911194,18.350116],[100.909286,18.349209],[100.908321,18.348291],[100.909549,18.346448],[100.909568,18.345687],[100.908181,18.345103],[100.907245,18.345068],[100.90673,18.34569],[100.906851,18.348273],[100.906638,18.350018],[100.90593,18.350313],[100.904473,18.348193],[100.902121,18.34708],[100.902264,18.346351],[100.903496,18.344821],[100.903162,18.344009],[100.90063,18.343009],[100.899591,18.343048],[100.899295,18.343946],[100.899998,18.346574],[100.899775,18.346821],[100.899184,18.346756],[100.898741,18.346225],[100.89822,18.343472],[100.897106,18.340621],[100.896068,18.340091],[100.894457,18.340192],[100.893985,18.339719],[100.893843,18.338654],[100.893549,18.338314],[100.890647,18.337663],[100.888838,18.336583],[100.888655,18.337092],[100.889459,18.338744],[100.886085,18.338822],[100.882986,18.344094],[100.88237,18.345954],[100.881923,18.349289],[100.880369,18.354589],[100.879576,18.356443],[100.877946,18.359243],[100.877303,18.363095],[100.877519,18.366616],[100.877229,18.367396],[100.876527,18.368064],[100.875845,18.36831],[100.872836,18.367901],[100.871534,18.368183],[100.869195,18.36939],[100.865966,18.371776],[100.863102,18.371465],[100.86155,18.371688],[100.858306,18.375751],[100.856826,18.378188],[100.856783,18.378681],[100.857298,18.380137],[100.857427,18.382428],[100.857757,18.383171],[100.857629,18.383926],[100.85687,18.384526],[100.855606,18.384978],[100.853243,18.386318],[100.851199,18.389165],[100.84863,18.391036],[100.847292,18.394876],[100.84773,18.398217],[100.847125,18.40006],[100.848002,18.403163],[100.848209,18.404831],[100.847981,18.408271],[100.848092,18.413186],[100.848289,18.413691],[100.849177,18.414602],[100.849355,18.416067],[100.848827,18.417607],[100.846554,18.421916],[100.845945,18.423777],[100.845783,18.425136],[100.846063,18.427995],[100.845822,18.429809],[100.845576,18.429759],[100.845447,18.431285],[100.840562,18.44114],[100.830998,18.449672],[100.832506,18.456376],[100.830962,18.461803],[100.83225,18.471469],[100.825236,18.475301],[100.821026,18.479947],[100.822071,18.480956],[100.825314,18.479],[100.82404,18.482006],[100.827724,18.480913],[100.827014,18.482817],[100.829637,18.482055],[100.832622,18.485869],[100.834512,18.484703],[100.835672,18.485642],[100.837778,18.483463],[100.843992,18.485007],[100.844114,18.487711],[100.846572,18.488305],[100.848304,18.490997],[100.847397,18.492649],[100.849757,18.492742],[100.849469,18.494478],[100.851624,18.494056],[100.851503,18.49618],[100.853569,18.495954],[100.851846,18.497497],[100.853751,18.49817],[100.854476,18.500713],[100.853044,18.502809],[100.858765,18.498956],[100.858271,18.504207],[100.860923,18.505126],[100.854288,18.513475],[100.855639,18.525364],[100.854046,18.530566],[100.855907,18.533794],[100.875465,18.54149],[100.883189,18.541564],[100.901862,18.536931],[100.903535,18.537817],[100.898739,18.541687],[100.888261,18.555534],[100.887478,18.560122],[100.889288,18.564675],[100.889899,18.563966],[100.88974,18.563821],[100.891514,18.563164],[100.909032,18.569238],[100.908984,18.56541],[100.912892,18.568144],[100.915511,18.56709],[100.917219,18.559766],[100.92087,18.563073],[100.924131,18.559655],[100.926213,18.563676],[100.928545,18.564276],[100.928921,18.557991],[100.93058,18.556471],[100.933168,18.558612],[100.931885,18.562559],[100.935668,18.565245],[100.937553,18.564117],[100.937894,18.559464],[100.947165,18.563502],[100.947677,18.56647],[100.940691,18.574684],[100.952567,18.574173],[100.958219,18.579466],[100.972452,18.57353],[100.977043,18.576885],[100.983205,18.577538],[100.987578,18.591119],[100.988446,18.590518],[100.988678,18.58948],[100.991988,18.589306],[100.991969,18.588969],[100.990727,18.588433],[100.990529,18.588107],[100.991605,18.586935],[100.991937,18.587017],[100.992489,18.587677],[100.99306,18.587419],[100.993117,18.586026],[100.992139,18.585248],[100.992119,18.584988],[100.992396,18.584816],[100.993189,18.584922],[100.994344,18.58329],[100.993087,18.581961]]]},"bbox":[100.821026,18.33657,101.103982,18.591119]},{"type":"Feature","id":"fcb229dd-66c6-4e9d-afb2-b7693829f35e","properties":{"id":"fcb229dd-66c6-4e9d-afb2-b7693829f35e","code":"06550714","provinceCode":"55","nameTh":"องค์การบริหารส่วนตำบล แม่ขะนิง","nameEn":null,"geometryType":"MUNICIPALITY","sourceUrl":"https://landometer.com/api/v2/citymeter-v3/grocery/info/geom/fcb229dd-66c6-4e9d-afb2-b7693829f35e/MUNICIPALITY","sourceSha256":"723ecf07c12419c7017ec0724b2bc9fc79968afa90965cd4bbcb67e474cf6237","retrievedAt":"2026-10-04T05:43:54.770430+00:00","boundaryVintage":null,"geometryStatus":"native_source_polygon_display_simplified","simplificationToleranceDegrees":0.00015,"simplificationPreservesTopology":true,"invalidSourceRepair":"make_valid; retain polygonal components; discard zero-area collapsed lines","legalBoundaryIndependentlyVerified":false,"areaId":"fcb229dd-66c6-4e9d-afb2-b7693829f35e"},"geometry":{"type":"MultiPolygon","coordinates":[[[[100.59823,18.634548],[100.598226,18.634534],[100.59706,18.633918],[100.59823,18.634548]]],[[[100.597329,18.78116],[100.599687,18.780704],[100.601574,18.781383],[100.60234,18.781282],[100.604704,18.780024],[100.608026,18.777472],[100.605037,18.776001],[100.603523,18.77397],[100.602166,18.768257],[100.601667,18.764017],[100.601539,18.761452],[100.601797,18.760589],[100.602396,18.759738],[100.604643,18.757844],[100.605257,18.756992],[100.605263,18.756076],[100.603822,18.753945],[100.603707,18.753064],[100.604108,18.751393],[100.605578,18.749014],[100.605666,18.748363],[100.605152,18.747596],[100.602842,18.747861],[100.601055,18.746671],[100.598662,18.746004],[100.597459,18.743689],[100.595524,18.742429],[100.594345,18.740228],[100.593833,18.738723],[100.592726,18.736868],[100.59263,18.736129],[100.592858,18.735373],[100.594226,18.734772],[100.594495,18.734187],[100.593593,18.728609],[100.593781,18.72621],[100.594149,18.725244],[100.594345,18.724851],[100.594639,18.724267],[100.595109,18.723503],[100.59687,18.721671],[100.596647,18.720706],[100.594629,18.718868],[100.594469,18.718411],[100.594769,18.717105],[100.596118,18.715613],[100.596171,18.713889],[100.595741,18.711965],[100.594752,18.710902],[100.593352,18.710008],[100.591783,18.709547],[100.590819,18.708582],[100.589714,18.706549],[100.589135,18.704879],[100.589117,18.703881],[100.58949,18.703198],[100.587041,18.700864],[100.590303,18.693482],[100.588679,18.687498],[100.59699,18.676719],[100.595921,18.673392],[100.590837,18.670662],[100.589956,18.668417],[100.593217,18.663726],[100.596108,18.650018],[100.599292,18.643695],[100.59706,18.633918],[100.586415,18.631447],[100.578431,18.624921],[100.581782,18.610863],[100.57112,18.606064],[100.568406,18.606213],[100.570091,18.601328],[100.566057,18.601773],[100.563156,18.598593],[100.563366,18.596955],[100.565872,18.597618],[100.566745,18.595125],[100.570545,18.594335],[100.568862,18.591313],[100.574637,18.591632],[100.57532,18.586997],[100.576658,18.587354],[100.575759,18.58993],[100.57692,18.590733],[100.57957,18.584921],[100.57553,18.58539],[100.571087,18.582903],[100.564634,18.582846],[100.566589,18.576599],[100.560399,18.571748],[100.557831,18.572544],[100.559081,18.575618],[100.554808,18.575418],[100.549835,18.580609],[100.548295,18.58042],[100.546699,18.576815],[100.536419,18.584384],[100.533818,18.584255],[100.531149,18.589704],[100.531833,18.601577],[100.523482,18.613902],[100.509108,18.630508],[100.501168,18.65029],[100.497745,18.667411],[100.487615,18.679213],[100.479948,18.692701],[100.480359,18.699055],[100.475704,18.703853],[100.476389,18.710855],[100.474883,18.718764],[100.468859,18.724858],[100.468048,18.729203],[100.470788,18.729301],[100.476065,18.728199],[100.47921,18.728413],[100.480396,18.728841],[100.486121,18.73238],[100.489874,18.732889],[100.49253,18.734705],[100.493169,18.735606],[100.494533,18.734813],[100.496452,18.732239],[100.497319,18.73153],[100.499621,18.730347],[100.500876,18.727581],[100.501342,18.727287],[100.502102,18.727342],[100.504561,18.729396],[100.505324,18.730767],[100.505725,18.732379],[100.50581,18.733912],[100.504855,18.735159],[100.504731,18.736038],[100.505204,18.736692],[100.505278,18.737706],[100.505616,18.738027],[100.506219,18.738027],[100.506678,18.737385],[100.507225,18.737326],[100.509488,18.738342],[100.509915,18.738966],[100.51077,18.739459],[100.511437,18.739441],[100.51202,18.739853],[100.512831,18.739786],[100.513574,18.74031],[100.515566,18.739861],[100.517774,18.740233],[100.518371,18.741016],[100.519389,18.740595],[100.51978,18.741209],[100.520634,18.741419],[100.521486,18.74208],[100.521869,18.741554],[100.522547,18.74146],[100.523465,18.741906],[100.524361,18.741482],[100.526052,18.742147],[100.526795,18.742129],[100.529708,18.741165],[100.529338,18.742137],[100.530001,18.74265],[100.530039,18.743089],[100.530789,18.743395],[100.53106,18.743173],[100.531681,18.743324],[100.531833,18.743873],[100.533207,18.744203],[100.53346,18.743695],[100.533901,18.743691],[100.534297,18.744459],[100.534968,18.743971],[100.53566,18.743899],[100.536812,18.744049],[100.537349,18.74461],[100.538576,18.744718],[100.538403,18.746664],[100.538607,18.746856],[100.539009,18.746745],[100.539293,18.747135],[100.53863,18.74755],[100.538549,18.747843],[100.539281,18.74835],[100.539855,18.748242],[100.540187,18.747475],[100.541077,18.74763],[100.540983,18.746378],[100.541361,18.745729],[100.541972,18.745664],[100.542138,18.746245],[100.541765,18.747332],[100.541946,18.748714],[100.54144,18.749278],[100.541235,18.750067],[100.542,18.751761],[100.541835,18.752013],[100.541246,18.75186],[100.54023,18.752392],[100.540468,18.753853],[100.542563,18.755175],[100.545208,18.756367],[100.546592,18.75883],[100.548185,18.759972],[100.552128,18.763616],[100.554338,18.764458],[100.559489,18.764992],[100.56236,18.76753],[100.564576,18.767067],[100.566173,18.766],[100.567807,18.765524],[100.571095,18.765488],[100.573953,18.766196],[100.574411,18.767807],[100.577371,18.769117],[100.577809,18.77021],[100.57872,18.770538],[100.580956,18.77074],[100.582125,18.771378],[100.585587,18.775269],[100.587181,18.776662],[100.588484,18.778631],[100.590178,18.783452],[100.590576,18.78401],[100.591319,18.784098],[100.592145,18.783797],[100.597329,18.78116]]],[[[100.594413,18.724717],[100.594418,18.724707],[100.59441380459768,18.72471527586212],[100.594413,18.724717]]]]},"bbox":[100.468048,18.571748,100.608026,18.784124]},{"type":"Feature","id":"96a7618c-bdf2-48ea-93f9-283d786be703","properties":{"id":"96a7618c-bdf2-48ea-93f9-283d786be703","code":"06550715","provinceCode":"55","nameTh":"องค์การบริหารส่วนตำบล แม่สาคร","nameEn":null,"geometryType":"MUNICIPALITY","sourceUrl":"https://landometer.com/api/v2/citymeter-v3/grocery/info/geom/96a7618c-bdf2-48ea-93f9-283d786be703/MUNICIPALITY","sourceSha256":"f47028df23696b20a67d59281d58945846a89f66ceb6a6adb0debb7da79e5172","retrievedAt":"2026-10-04T05:43:54.791215+00:00","boundaryVintage":null,"geometryStatus":"native_source_polygon_display_simplified","simplificationToleranceDegrees":0.00015,"simplificationPreservesTopology":true,"invalidSourceRepair":"make_valid; retain polygonal components; discard zero-area collapsed lines","legalBoundaryIndependentlyVerified":false,"areaId":"96a7618c-bdf2-48ea-93f9-283d786be703"},"geometry":{"type":"Polygon","coordinates":[[[100.671242,18.519889],[100.66696,18.516346],[100.673381,18.508973],[100.674103,18.505929],[100.667496,18.499016],[100.67401,18.498398],[100.684999,18.48962],[100.685678,18.47948],[100.688276,18.474426],[100.685369,18.470522],[100.691614,18.465945],[100.696504,18.459088],[100.696832,18.449315],[100.690046,18.438921],[100.691786,18.435877],[100.692868,18.435325],[100.692039,18.435207],[100.691302,18.435446],[100.690926,18.437076],[100.690261,18.437743],[100.686783,18.437352],[100.686121,18.438285],[100.685951,18.439093],[100.684769,18.439858],[100.683368,18.439435],[100.682612,18.438887],[100.680821,18.439274],[100.679141,18.438852],[100.677621,18.439181],[100.676476,18.438966],[100.673035,18.437532],[100.671921,18.437462],[100.669237,18.436704],[100.667231,18.433326],[100.667009,18.433113],[100.665918,18.433064],[100.665191,18.432571],[100.664843,18.429442],[100.66447,18.428111],[100.663949,18.427848],[100.662019,18.427887],[100.65978,18.426034],[100.657324,18.425127],[100.656139,18.424988],[100.654629,18.421968],[100.654323,18.421089],[100.65428,18.419918],[100.653871,18.419509],[100.653254,18.419406],[100.652203,18.419771],[100.651504,18.419499],[100.650802,18.419577],[100.650561,18.419806],[100.650429,18.420725],[100.649686,18.421041],[100.649799,18.422129],[100.649408,18.422426],[100.648963,18.422265],[100.64841,18.421501],[100.645814,18.421849],[100.644542,18.421623],[100.643025,18.420692],[100.641927,18.419463],[100.639763,18.419157],[100.638506,18.419451],[100.637258,18.420659],[100.634898,18.420736],[100.634021,18.421249],[100.632785,18.422472],[100.631267,18.422557],[100.630599,18.422826],[100.628429,18.4248],[100.626804,18.424932],[100.625014,18.425984],[100.623641,18.425986],[100.62184,18.42644],[100.619956,18.426028],[100.618774,18.426842],[100.617713,18.42663],[100.616272,18.426846],[100.614769,18.427876],[100.613661,18.428092],[100.611368,18.429515],[100.608871,18.429818],[100.606942,18.431671],[100.605517,18.431376],[100.604396,18.43191],[100.603424,18.431987],[100.601327,18.431248],[100.600426,18.431186],[100.596333,18.431797],[100.593991,18.431774],[100.593211,18.432236],[100.592107,18.433647],[100.590094,18.43411],[100.588359,18.435546],[100.586587,18.439853],[100.586237,18.441742],[100.584424,18.444094],[100.584109,18.448098],[100.589681,18.449433],[100.59296,18.452344],[100.580377,18.468214],[100.580316,18.468524],[100.582911,18.471543],[100.580194,18.484772],[100.589182,18.490742],[100.586537,18.497503],[100.598843,18.499542],[100.598066,18.510021],[100.604039,18.511938],[100.60586,18.510978],[100.605233,18.514023],[100.606731,18.51558],[100.614052,18.517249],[100.614287,18.518641],[100.611674,18.518966],[100.610459,18.521733],[100.615424,18.525623],[100.620452,18.526273],[100.638842,18.534851],[100.643446,18.530404],[100.657967,18.531668],[100.663022,18.534788],[100.663033,18.529142],[100.666925,18.528097],[100.669539,18.524333],[100.671242,18.519889]]]},"bbox":[100.580194,18.419157,100.696832,18.534851]},{"type":"Feature","id":"e60472f7-2df6-4913-9cda-262ba31397b5","properties":{"id":"e60472f7-2df6-4913-9cda-262ba31397b5","code":"06550716","provinceCode":"55","nameTh":"องค์การบริหารส่วนตำบล ยาบหัวนา","nameEn":null,"geometryType":"MUNICIPALITY","sourceUrl":"https://landometer.com/api/v2/citymeter-v3/grocery/info/geom/e60472f7-2df6-4913-9cda-262ba31397b5/MUNICIPALITY","sourceSha256":"dce261ea685dc3272546cde25ea96968d363b4a128625d84eca1e566ed15f6ca","retrievedAt":"2026-10-04T05:43:54.808102+00:00","boundaryVintage":null,"geometryStatus":"native_source_polygon_display_simplified","simplificationToleranceDegrees":0.00015,"simplificationPreservesTopology":true,"invalidSourceRepair":"make_valid; retain polygonal components; discard zero-area collapsed lines","legalBoundaryIndependentlyVerified":false,"areaId":"e60472f7-2df6-4913-9cda-262ba31397b5"},"geometry":{"type":"Polygon","coordinates":[[[100.45148,18.74607],[100.452032,18.745624],[100.452219,18.745116],[100.451975,18.741103],[100.452556,18.739408],[100.4535,18.738794],[100.455562,18.738207],[100.456828,18.73739],[100.458627,18.735053],[100.460625,18.730847],[100.46149,18.729637],[100.462484,18.72889],[100.464118,18.728422],[100.465421,18.728618],[100.467183,18.729037],[100.468047,18.729203],[100.468275,18.72923],[100.468048,18.729203],[100.468859,18.724858],[100.474883,18.718764],[100.476389,18.710855],[100.475704,18.703853],[100.480359,18.699055],[100.479948,18.692701],[100.487615,18.679213],[100.497745,18.667411],[100.501168,18.65029],[100.509108,18.630508],[100.523482,18.613902],[100.531833,18.601577],[100.531149,18.589704],[100.533818,18.584255],[100.536423,18.584382],[100.546699,18.576815],[100.548295,18.58042],[100.549835,18.580609],[100.554808,18.575418],[100.559081,18.575618],[100.557831,18.572544],[100.560399,18.571748],[100.566589,18.576599],[100.564634,18.582846],[100.571087,18.582903],[100.57553,18.58539],[100.57957,18.584921],[100.580938,18.581922],[100.583402,18.579675],[100.585372,18.580796],[100.586182,18.576408],[100.588118,18.576544],[100.589676,18.572252],[100.588491,18.571279],[100.587706,18.571153],[100.577576,18.559012],[100.576377,18.552637],[100.579815,18.543279],[100.565903,18.532457],[100.562171,18.535053],[100.552728,18.531306],[100.544647,18.533097],[100.54212,18.537189],[100.538972,18.538729],[100.526161,18.536946],[100.515694,18.538378],[100.513933,18.541637],[100.506407,18.53986],[100.505967,18.539465],[100.504905,18.539175],[100.498486,18.532736],[100.497131,18.529315],[100.492495,18.533807],[100.489674,18.529106],[100.486051,18.528195],[100.47905,18.520227],[100.471713,18.516024],[100.473419,18.502606],[100.475455,18.49557],[100.47593,18.495274],[100.476423,18.495599],[100.476545,18.494891],[100.477253,18.494451],[100.477294,18.493879],[100.476761,18.494743],[100.476386,18.494804],[100.474489,18.494336],[100.473836,18.493773],[100.472846,18.492314],[100.471489,18.491867],[100.468837,18.491832],[100.467073,18.491116],[100.466645,18.49115],[100.465505,18.491905],[100.463942,18.490892],[100.462121,18.491007],[100.460181,18.490539],[100.457232,18.493652],[100.455535,18.494945],[100.454569,18.496058],[100.45405,18.496062],[100.453161,18.495517],[100.451124,18.496201],[100.448353,18.495677],[100.446761,18.496055],[100.445599,18.4954],[100.445766,18.493508],[100.445354,18.491591],[100.44464,18.490105],[100.44406,18.489875],[100.44127,18.492998],[100.440446,18.494318],[100.438943,18.49522],[100.437965,18.497219],[100.438135,18.499549],[100.437599,18.500239],[100.436982,18.501804],[100.436462,18.501938],[100.435917,18.501812],[100.433967,18.5],[100.432704,18.499367],[100.431084,18.498942],[100.429535,18.497748],[100.424541,18.496694],[100.423008,18.495544],[100.42168,18.495589],[100.419725,18.49278],[100.4195,18.491481],[100.418327,18.490079],[100.418508,18.488542],[100.41909,18.487995],[100.418773,18.486175],[100.41737,18.484058],[100.416883,18.482628],[100.414666,18.480521],[100.414239,18.480553],[100.412695,18.481874],[100.412185,18.482779],[100.411155,18.483689],[100.408592,18.483446],[100.407954,18.483684],[100.406957,18.484825],[100.404838,18.484671],[100.402891,18.485116],[100.401661,18.484847],[100.399315,18.48575],[100.399081,18.486581],[100.39928,18.489276],[100.400438,18.49299],[100.40014,18.493806],[100.399519,18.494341],[100.397697,18.495236],[100.396205,18.495508],[100.395567,18.495862],[100.395754,18.496327],[100.397437,18.49707],[100.39703,18.498817],[100.396019,18.499999],[100.396493,18.501904],[100.395961,18.5036],[100.395693,18.504095],[100.394363,18.504939],[100.394177,18.505616],[100.3924,18.508571],[100.391343,18.50949],[100.38956,18.511638],[100.387159,18.511694],[100.386916,18.511983],[100.386859,18.513343],[100.3902,18.520014],[100.392453,18.523511],[100.394173,18.524579],[100.394072,18.525028],[100.394678,18.525669],[100.394941,18.526662],[100.395685,18.527563],[100.395711,18.528216],[100.395093,18.528707],[100.394856,18.529428],[100.394837,18.530473],[100.395461,18.531333],[100.395284,18.533021],[100.394042,18.533098],[100.393175,18.533837],[100.392899,18.535468],[100.391507,18.53681],[100.391151,18.537623],[100.390463,18.537821],[100.389828,18.538456],[100.389944,18.540298],[100.389594,18.540398],[100.3887,18.541604],[100.387352,18.542191],[100.386889,18.542717],[100.387261,18.543882],[100.387219,18.545259],[100.387471,18.546457],[100.38716,18.547218],[100.387589,18.550252],[100.38736,18.554448],[100.387972,18.555099],[100.387936,18.557239],[100.387238,18.557669],[100.387559,18.558415],[100.385847,18.558473],[100.384191,18.559498],[100.383615,18.559606],[100.382988,18.560409],[100.380824,18.560912],[100.380185,18.561483],[100.379486,18.56165],[100.378894,18.562794],[100.377907,18.563249],[100.376071,18.564743],[100.371946,18.565953],[100.371522,18.56617],[100.370954,18.567002],[100.37101,18.567449],[100.372434,18.569576],[100.373695,18.570859],[100.37448,18.573053],[100.375734,18.574372],[100.376152,18.575187],[100.37586,18.575746],[100.37634,18.578957],[100.376176,18.581022],[100.377176,18.58277],[100.376821,18.583151],[100.376849,18.583639],[100.377164,18.584297],[100.378239,18.585089],[100.377703,18.585951],[100.378945,18.586723],[100.379323,18.58727],[100.37877,18.588574],[100.377742,18.589002],[100.377289,18.591249],[100.376628,18.592071],[100.376736,18.592497],[100.377778,18.593141],[100.377361,18.594861],[100.378099,18.599047],[100.377648,18.599644],[100.377219,18.601885],[100.376818,18.602792],[100.377187,18.603385],[100.377763,18.603679],[100.378187,18.604521],[100.377825,18.607695],[100.378128,18.609392],[100.37781,18.610994],[100.378185,18.613204],[100.379323,18.615557],[100.381205,18.616874],[100.38048,18.619037],[100.380652,18.621141],[100.381106,18.622185],[100.381906,18.623138],[100.383083,18.624322],[100.384673,18.625053],[100.387728,18.624686],[100.389789,18.625187],[100.391738,18.626827],[100.392231,18.627686],[100.39224,18.628781],[100.391653,18.629985],[100.391489,18.631481],[100.392521,18.634063],[100.392589,18.638394],[100.392418,18.63874],[100.391795,18.638938],[100.39056,18.637967],[100.388971,18.637475],[100.387401,18.639116],[100.386846,18.639386],[100.38604,18.639392],[100.377267,18.63727],[100.375069,18.637074],[100.373599,18.637456],[100.372299,18.638234],[100.369271,18.638495],[100.368578,18.638764],[100.366187,18.642108],[100.364615,18.643736],[100.363806,18.643317],[100.361307,18.643679],[100.360415,18.646892],[100.359615,18.647707],[100.359264,18.64906],[100.360206,18.652101],[100.360153,18.653724],[100.360498,18.654622],[100.360398,18.65517],[100.359622,18.655871],[100.359521,18.656269],[100.359701,18.658531],[100.35937,18.658851],[100.357508,18.658918],[100.355706,18.659594],[100.354224,18.661989],[100.355154,18.663545],[100.357032,18.6654],[100.357569,18.666536],[100.356964,18.667388],[100.355249,18.66854],[100.354507,18.669579],[100.354681,18.670505],[100.355241,18.671058],[100.356176,18.673172],[100.355177,18.67351],[100.354404,18.674124],[100.354289,18.67518],[100.35475,18.676834],[100.354224,18.677375],[100.353205,18.677552],[100.352148,18.679904],[100.35158,18.680554],[100.35263,18.681441],[100.352949,18.682234],[100.355423,18.685148],[100.356008,18.686585],[100.357096,18.68754],[100.358896,18.690005],[100.359151,18.690639],[100.359025,18.692217],[100.359625,18.694279],[100.360196,18.699549],[100.361762,18.70065],[100.363873,18.703802],[100.36396,18.704305],[100.363334,18.706058],[100.363316,18.707224],[100.36368,18.707593],[100.365102,18.708033],[100.36776,18.710093],[100.369554,18.710158],[100.370902,18.709934],[100.371699,18.711718],[100.372487,18.712457],[100.372915,18.713746],[100.375201,18.715485],[100.376354,18.717079],[100.377569,18.719429],[100.377815,18.722867],[100.378519,18.723343],[100.380136,18.723809],[100.380613,18.724308],[100.380149,18.725398],[100.383913,18.726589],[100.384594,18.726526],[100.385219,18.725956],[100.385639,18.725903],[100.387723,18.726845],[100.388398,18.727465],[100.388515,18.728152],[100.387989,18.728894],[100.387625,18.730078],[100.387418,18.732011],[100.387892,18.733089],[100.38891,18.733944],[100.389409,18.734778],[100.389849,18.737839],[100.391369,18.739383],[100.394302,18.739484],[100.399049,18.738071],[100.401065,18.738117],[100.405122,18.738672],[100.406424,18.739394],[100.409451,18.74333],[100.415372,18.744731],[100.416071,18.745163],[100.417309,18.746878],[100.417808,18.747017],[100.420068,18.746501],[100.425128,18.743173],[100.426298,18.743113],[100.428461,18.743929],[100.430433,18.742803],[100.432531,18.742944],[100.433392,18.742552],[100.435752,18.740549],[100.437467,18.740045],[100.438797,18.740394],[100.441189,18.743002],[100.44343,18.744418],[100.444291,18.744439],[100.446393,18.743916],[100.447062,18.744179],[100.449715,18.746152],[100.450717,18.746276],[100.45148,18.74607]],[[100.389363,18.518338],[100.389454,18.518493],[100.389432,18.518457],[100.389363,18.518338]]]},"bbox":[100.35158,18.480521,100.589676,18.747017]},{"type":"Feature","id":"bd563b50-6c1a-4992-96f7-0e2e77659694","properties":{"id":"bd563b50-6c1a-4992-96f7-0e2e77659694","code":"06550803","provinceCode":"55","nameTh":"องค์การบริหารส่วนตำบล ทุ่งช้าง","nameEn":null,"geometryType":"MUNICIPALITY","sourceUrl":"https://landometer.com/api/v2/citymeter-v3/grocery/info/geom/bd563b50-6c1a-4992-96f7-0e2e77659694/MUNICIPALITY","sourceSha256":"f4309eef3a2c194940cc3291059e2b58434792218c6d0d223070c277da368bd8","retrievedAt":"2026-10-04T05:43:54.815346+00:00","boundaryVintage":null,"geometryStatus":"native_source_polygon_display_simplified","simplificationToleranceDegrees":0.00015,"simplificationPreservesTopology":true,"invalidSourceRepair":"make_valid; retain polygonal components; discard zero-area collapsed lines","legalBoundaryIndependentlyVerified":false,"areaId":"bd563b50-6c1a-4992-96f7-0e2e77659694"},"geometry":{"type":"MultiPolygon","coordinates":[[[[100.858273,19.421495],[100.856737,19.420061],[100.861251,19.410326],[100.870844,19.407842],[100.872134,19.408069],[100.874319,19.384179],[100.879885,19.381834],[100.882941,19.383517],[100.886169,19.38284],[100.890959,19.391435],[100.886678,19.40193],[100.893425,19.399072],[100.899044,19.402175],[100.914324,19.403986],[100.925734,19.408251],[100.933013,19.408147],[100.945646,19.412721],[100.94821,19.415478],[100.955454,19.415804],[100.96456,19.419104],[100.987983,19.412463],[100.991863,19.410284],[100.995563,19.405133],[101.003047,19.401018],[101.007533,19.401009],[101.013304,19.403897],[101.021357,19.402801],[101.027145,19.399754],[101.04158,19.404601],[101.054255,19.413586],[101.080305,19.417381],[101.091305,19.421266],[101.094523,19.423942],[101.09364,19.424508],[101.093883,19.424711],[101.094636,19.424936],[101.095323,19.424533],[101.094981,19.424041],[101.095019,19.421823],[101.094044,19.418557],[101.092375,19.410377],[101.091808,19.409405],[101.088022,19.405579],[101.086966,19.402847],[101.086683,19.401294],[101.085517,19.399434],[101.085044,19.393292],[101.082788,19.38889],[101.0826,19.386796],[101.081382,19.385829],[101.081088,19.385276],[101.081088,19.383846],[101.081709,19.381915],[101.079833,19.381817],[101.077117,19.382618],[101.075414,19.382701],[101.072077,19.381707],[101.068535,19.381967],[101.060694,19.380151],[101.059317,19.379628],[101.058089,19.378815],[101.055251,19.374779],[101.053767,19.373296],[101.05221,19.372261],[101.048944,19.371754],[101.04549,19.370059],[101.044485,19.370111],[101.042923,19.370655],[101.04099,19.370107],[101.039687,19.370327],[101.038616,19.370081],[101.03833,19.369584],[101.038864,19.3682],[101.039073,19.365681],[101.038866,19.364785],[101.038106,19.363866],[101.038356,19.362561],[101.037633,19.362082],[101.037506,19.360751],[101.037909,19.359651],[101.037572,19.359592],[101.037028,19.360381],[101.03665,19.360448],[101.036498,19.359627],[101.035463,19.358951],[101.035197,19.357899],[101.034164,19.357223],[101.034234,19.356217],[101.033885,19.356187],[101.033434,19.356645],[101.032085,19.356489],[101.031773,19.355784],[101.030246,19.354836],[101.029587,19.35517],[101.029008,19.354944],[101.028568,19.355474],[101.02774,19.354977],[101.027051,19.355237],[101.026197,19.355095],[101.025009,19.35408],[101.024899,19.353785],[101.025315,19.352977],[101.024006,19.351938],[101.023514,19.350691],[101.02232,19.349441],[101.021928,19.348614],[101.021206,19.348957],[101.021572,19.349471],[101.021381,19.34977],[101.019261,19.348651],[101.018547,19.34794],[101.017669,19.347891],[101.016562,19.348734],[101.015201,19.348438],[101.014386,19.347984],[101.013666,19.346896],[101.014085,19.345276],[101.01297,19.344801],[101.012009,19.343155],[101.010995,19.342796],[101.010827,19.342073],[101.010392,19.341728],[101.010799,19.339314],[101.010706,19.338739],[101.010171,19.33815],[101.007269,19.338401],[101.00551,19.33761],[101.002594,19.33745],[100.999635,19.338453],[100.998485,19.339442],[100.997984,19.342081],[100.995612,19.344181],[100.994884,19.346266],[100.993598,19.347355],[100.993119,19.350454],[100.992367,19.351565],[100.990792,19.352066],[100.987085,19.352216],[100.984243,19.353887],[100.981434,19.354703],[100.978763,19.355092],[100.977834,19.355658],[100.977796,19.356412],[100.978459,19.357513],[100.978831,19.358957],[100.978804,19.359839],[100.978334,19.361279],[100.978404,19.362294],[100.97974,19.365584],[100.981911,19.368333],[100.982599,19.369902],[100.984154,19.371646],[100.983983,19.373678],[100.984857,19.376742],[100.98475,19.377723],[100.983533,19.379738],[100.983074,19.381394],[100.982669,19.381849],[100.981284,19.382474],[100.979996,19.382341],[100.979583,19.381935],[100.97923,19.379652],[100.977655,19.377246],[100.977244,19.376172],[100.977103,19.37376],[100.976524,19.372626],[100.972421,19.370513],[100.971627,19.369896],[100.969857,19.365585],[100.968202,19.363419],[100.965475,19.361716],[100.961332,19.361286],[100.957948,19.360211],[100.954687,19.35732],[100.95296,19.356322],[100.948376,19.355454],[100.946967,19.355752],[100.944255,19.356812],[100.942544,19.357967],[100.938444,19.36368],[100.93609,19.365586],[100.93314,19.366695],[100.932502,19.366578],[100.932155,19.366109],[100.932274,19.362892],[100.931661,19.362121],[100.929358,19.360235],[100.928425,19.358707],[100.927211,19.358356],[100.926338,19.35748],[100.924995,19.35747],[100.924,19.357123],[100.922852,19.357058],[100.921377,19.356509],[100.91849,19.356932],[100.917269,19.356693],[100.913682,19.358806],[100.91084,19.35911],[100.907644,19.359983],[100.905904,19.360018],[100.904034,19.361055],[100.901235,19.36046],[100.900319,19.360469],[100.897568,19.361863],[100.894184,19.362261],[100.891236,19.363244],[100.888983,19.363508],[100.885266,19.363328],[100.884693,19.362602],[100.883738,19.362478],[100.883452,19.362132],[100.882556,19.36211],[100.881749,19.361547],[100.880847,19.361607],[100.880468,19.361264],[100.879528,19.361524],[100.877827,19.361196],[100.876373,19.361967],[100.87558,19.361998],[100.873835,19.361159],[100.873646,19.361502],[100.873386,19.361263],[100.87307,19.361352],[100.872767,19.360966],[100.872146,19.361405],[100.872071,19.360918],[100.870964,19.360809],[100.870562,19.360333],[100.870714,19.359959],[100.869745,19.35974],[100.868555,19.358747],[100.868148,19.359005],[100.867763,19.358556],[100.866989,19.358736],[100.866077,19.358448],[100.866148,19.357848],[100.866953,19.357186],[100.865257,19.356611],[100.865104,19.355784],[100.863786,19.356773],[100.862649,19.358339],[100.861744,19.358986],[100.856314,19.361601],[100.854207,19.362216],[100.853842,19.362597],[100.853108,19.362643],[100.852394,19.363585],[100.850296,19.36202],[100.848792,19.361558],[100.848419,19.361229],[100.844979,19.361357],[100.843076,19.361904],[100.839296,19.361498],[100.836559,19.360481],[100.835806,19.36045],[100.830499,19.363993],[100.827819,19.364359],[100.824682,19.366817],[100.82389,19.366851],[100.822083,19.36602],[100.821435,19.366048],[100.812822,19.369607],[100.806791,19.371254],[100.805336,19.372427],[100.804345,19.373631],[100.802672,19.376417],[100.801999,19.376339],[100.799935,19.374875],[100.798724,19.374625],[100.796606,19.375066],[100.791374,19.377078],[100.786118,19.377503],[100.783749,19.377975],[100.783176,19.378702],[100.783686,19.382201],[100.782571,19.385585],[100.782055,19.390979],[100.781546,19.391796],[100.780827,19.392308],[100.77643,19.393556],[100.774249,19.395328],[100.773745,19.39605],[100.773537,19.396809],[100.773311,19.403173],[100.772888,19.404564],[100.772425,19.405227],[100.771417,19.405942],[100.767028,19.407556],[100.760295,19.407879],[100.757791,19.408275],[100.75666,19.408829],[100.7548,19.41028],[100.753985,19.411348],[100.753427,19.412749],[100.753433,19.413671],[100.755901,19.417504],[100.756683,19.419993],[100.756537,19.421464],[100.755638,19.424788],[100.755631,19.426406],[100.75607,19.428713],[100.75607,19.430932],[100.755524,19.431635],[100.751254,19.43403],[100.750656,19.43503],[100.749716,19.438321],[100.749086,19.439331],[100.747814,19.440397],[100.747593,19.441572],[100.749425,19.443276],[100.751303,19.444302],[100.75122209654373,19.445072907646537],[100.751798,19.444522],[100.783856,19.442635],[100.809117,19.431138],[100.815353,19.4222],[100.826489,19.423195],[100.831667,19.418129],[100.84488,19.41811],[100.849871,19.421328],[100.856754,19.422251],[100.858273,19.421495]]],[[[100.75122209654373,19.445072907646537],[100.751222,19.445073],[100.751216,19.445131],[100.75122209654373,19.445072907646537]]]]},"bbox":[100.747552,19.33745,101.095323,19.445131]},{"type":"Feature","id":"77124539-98cd-47bb-99a5-d6b93670b77c","properties":{"id":"77124539-98cd-47bb-99a5-d6b93670b77c","code":"06550804","provinceCode":"55","nameTh":"องค์การบริหารส่วนตำบล ปอน","nameEn":null,"geometryType":"MUNICIPALITY","sourceUrl":"https://landometer.com/api/v2/citymeter-v3/grocery/info/geom/77124539-98cd-47bb-99a5-d6b93670b77c/MUNICIPALITY","sourceSha256":"05556153c20abd2266d362f51cf2ee591840f0bdf8abed082cbd829267bda275","retrievedAt":"2026-10-04T05:43:54.804650+00:00","boundaryVintage":null,"geometryStatus":"native_source_polygon_display_simplified","simplificationToleranceDegrees":0.00015,"simplificationPreservesTopology":true,"invalidSourceRepair":"make_valid; retain polygonal components; discard zero-area collapsed lines","legalBoundaryIndependentlyVerified":false,"areaId":"77124539-98cd-47bb-99a5-d6b93670b77c"},"geometry":{"type":"MultiPolygon","coordinates":[[[[100.917874,19.621682],[100.919902,19.623134],[100.921277,19.624857],[100.925662,19.625765],[100.925822,19.625763],[100.926352,19.625757],[100.929925,19.625926],[100.930522,19.625827],[100.930921,19.625374],[100.931379,19.624089],[100.932083,19.623224],[100.933913,19.622366],[100.935081,19.622662],[100.936499,19.624368],[100.937817,19.625501],[100.939703,19.626071],[100.940566,19.625983],[100.941756,19.625389],[100.943781,19.625615],[100.947782,19.62407],[100.948701,19.624104],[100.949688,19.624881],[100.950724,19.625279],[100.951905,19.625082],[100.952588,19.624266],[100.954102,19.624002],[100.955643,19.624249],[100.956763,19.62487],[100.957796,19.62511],[100.961334,19.62443],[100.963247,19.624404],[100.964843,19.623938],[100.967315,19.62271],[100.967464,19.621977],[100.968206,19.621038],[100.972729,19.619338],[100.974109,19.619323],[100.974785,19.619748],[100.977232,19.617399],[100.977462,19.616472],[100.977255,19.614204],[100.973439,19.612226],[100.973022,19.610591],[100.972036,19.608294],[100.972108,19.607476],[100.974348,19.604756],[100.974447,19.604023],[100.974208,19.603217],[100.973915,19.602988],[100.972138,19.602807],[100.971355,19.602495],[100.970944,19.60119],[100.970277,19.600544],[100.964772,19.59897],[100.964236,19.598463],[100.963555,19.593034],[100.961641,19.590952],[100.96241,19.58988],[100.96379,19.589213],[100.964376,19.588367],[100.962647,19.585659],[100.962938,19.583607],[100.961931,19.582803],[100.961379,19.581963],[100.961403,19.579651],[100.962136,19.577975],[100.962362,19.575727],[100.963047,19.574955],[100.964154,19.574799],[100.965461,19.574269],[100.968071,19.573984],[100.970335,19.574738],[100.974193,19.573508],[100.975083,19.573337],[100.976629,19.573451],[100.978815,19.572621],[100.980105,19.573118],[100.981479,19.57297],[100.982012,19.572541],[100.982303,19.571837],[100.983463,19.567687],[100.9846,19.566614],[100.990899,19.563233],[100.995641,19.560059],[101.00115,19.558321],[101.003116,19.556634],[101.004946,19.553846],[101.005613,19.551895],[101.005435,19.551016],[101.00289,19.546042],[101.002607,19.544993],[101.002686,19.542885],[101.003982,19.540442],[101.003318,19.533397],[101.003535,19.533065],[101.004366,19.532782],[101.007435,19.532205],[101.008625,19.531632],[101.010413,19.529437],[101.012324,19.525676],[101.015279,19.522104],[101.013843,19.520815],[101.012333,19.520671],[101.01233,19.521364],[101.012992,19.522188],[101.012834,19.523381],[101.012473,19.523819],[101.012075,19.523852],[101.011005,19.523029],[101.010518,19.523007],[101.010933,19.524142],[101.009665,19.525323],[101.009026,19.524596],[101.008204,19.522077],[101.00857,19.520709],[101.009801,19.519213],[101.010268,19.518265],[101.010448,19.517629],[101.010099,19.517176],[101.009726,19.517011],[101.009257,19.517199],[101.008827,19.518365],[101.008975,19.519219],[101.00741,19.520175],[101.006623,19.519784],[101.00593,19.520186],[101.005224,19.520181],[101.004955,19.520769],[101.0043,19.521055],[101.003762,19.520888],[101.003771,19.520319],[101.005216,19.519079],[101.005442,19.517781],[101.005375,19.517058],[101.004886,19.51635],[101.004466,19.516255],[101.004008,19.516735],[101.004249,19.517525],[101.004203,19.518328],[101.003947,19.518704],[101.003114,19.517957],[101.002652,19.518577],[101.000379,19.518605],[100.999677,19.518139],[100.99965,19.517207],[100.999894,19.516761],[101.000789,19.515664],[101.001864,19.515101],[101.002233,19.514481],[101.00377,19.514395],[101.004847,19.513965],[101.003986,19.512273],[101.003672,19.512129],[101.002622,19.512452],[101.00233,19.51164],[101.002411,19.510987],[101.003443,19.510597],[101.003604,19.510085],[101.001138,19.510131],[101.00044,19.509776],[101.000927,19.509463],[101.000871,19.509211],[100.999518,19.509038],[100.999332,19.508836],[100.999625,19.508612],[101.001888,19.508348],[101.00307,19.507805],[101.003023,19.507518],[101.002115,19.507199],[101.000966,19.506282],[101.000983,19.505721],[101.00212,19.505139],[101.001969,19.504838],[101.001368,19.504699],[101.001311,19.504373],[101.003615,19.502708],[101.003593,19.501714],[101.005142,19.501469],[101.004882,19.500845],[101.001647,19.497409],[101.000823,19.498146],[101.000172,19.498401],[100.999665,19.498221],[100.994189,19.492404],[100.97791,19.499824],[100.969966,19.501277],[100.964091,19.500769],[100.951157,19.495724],[100.915924,19.501731],[100.910878,19.50709],[100.898445,19.512741],[100.888125,19.527068],[100.886995,19.535631],[100.881221,19.550462],[100.875941,19.554793],[100.872253,19.555026],[100.868826,19.560115],[100.856394,19.566657],[100.85371806662351,19.570004916645917],[100.854876,19.571156],[100.857963,19.572713],[100.859425,19.572935],[100.860063,19.573584],[100.860589,19.57693],[100.859109,19.578307],[100.858488,19.579302],[100.857909,19.58187],[100.858036,19.582606],[100.858478,19.582858],[100.86022,19.582819],[100.861775,19.583314],[100.865801,19.585124],[100.866448,19.586021],[100.866018,19.587568],[100.865283,19.588608],[100.865224,19.589134],[100.865881,19.589556],[100.867761,19.589519],[100.86913,19.590068],[100.869552,19.59194],[100.870339,19.593572],[100.870319,19.595581],[100.871247,19.596401],[100.873393,19.597317],[100.87362,19.59771],[100.873327,19.598512],[100.872377,19.599618],[100.872285,19.60007],[100.872506,19.600478],[100.872843,19.600598],[100.87444,19.600291],[100.875485,19.600878],[100.877632,19.600794],[100.87852,19.601634],[100.878669,19.602427],[100.878409,19.603041],[100.877032,19.604644],[100.877182,19.605452],[100.878454,19.606043],[100.881761,19.605804],[100.882788,19.606613],[100.883371,19.610236],[100.885144,19.615732],[100.886823,19.618629],[100.886686,19.620871],[100.887152,19.6247],[100.888515,19.627896],[100.890944,19.629559],[100.891961,19.63199],[100.892184,19.634403],[100.891786,19.637231],[100.892185,19.638018],[100.892983,19.637818],[100.893644,19.635324],[100.89415,19.634567],[100.895186,19.634312],[100.897912,19.634937],[100.899692,19.633705],[100.901137,19.633478],[100.902796,19.631853],[100.904849,19.631181],[100.907955,19.629219],[100.908322,19.628729],[100.908099,19.628093],[100.908219,19.627509],[100.908815,19.627091],[100.910075,19.626816],[100.912655,19.62706],[100.913614,19.626931],[100.915784,19.624361],[100.916602,19.621713],[100.917041,19.621532],[100.917874,19.621682]]],[[[100.85371806662351,19.570004916645917],[100.85366,19.569977],[100.853718,19.570005],[100.85371806662351,19.570004916645917]]],[[[100.92575,19.625764],[100.925868,19.625763],[100.925822,19.625763],[100.92575,19.625764]]]]},"bbox":[100.85366,19.492404,101.015279,19.638082]},{"type":"Feature","id":"383765c4-7d3e-4b0f-8417-7843e08d5610","properties":{"id":"383765c4-7d3e-4b0f-8417-7843e08d5610","code":"06550805","provinceCode":"55","nameTh":"องค์การบริหารส่วนตำบล และ","nameEn":null,"geometryType":"MUNICIPALITY","sourceUrl":"https://landometer.com/api/v2/citymeter-v3/grocery/info/geom/383765c4-7d3e-4b0f-8417-7843e08d5610/MUNICIPALITY","sourceSha256":"a69fdc4774d78b1a4d3121fbe78acb73614a4fbb887589cca9f58cf22f286d92","retrievedAt":"2026-10-04T05:43:54.822391+00:00","boundaryVintage":null,"geometryStatus":"native_source_polygon_display_simplified","simplificationToleranceDegrees":0.00015,"simplificationPreservesTopology":true,"invalidSourceRepair":"make_valid; retain polygonal components; discard zero-area collapsed lines","legalBoundaryIndependentlyVerified":false,"areaId":"383765c4-7d3e-4b0f-8417-7843e08d5610"},"geometry":{"type":"Polygon","coordinates":[[[100.805506,19.466573],[100.808424,19.465323],[100.817877,19.466505],[100.824766,19.465436],[100.833365,19.457242],[100.848242,19.452749],[100.856487,19.452868],[100.861496,19.449967],[100.866753,19.449947],[100.877426,19.445625],[100.894333,19.445127],[100.899489,19.446597],[100.907914,19.442586],[100.938729,19.443509],[100.946506,19.435963],[100.963232,19.43524],[100.983727,19.424905],[100.990543,19.425105],[100.994156,19.423268],[101.011291,19.421476],[101.016171,19.418555],[101.021357,19.402801],[101.013304,19.403897],[101.007533,19.401009],[101.003047,19.401018],[100.995563,19.405133],[100.991863,19.410284],[100.987983,19.412463],[100.96456,19.419104],[100.955454,19.415804],[100.94821,19.415478],[100.945646,19.412721],[100.933013,19.408147],[100.925734,19.408251],[100.914324,19.403986],[100.899044,19.402175],[100.893425,19.399072],[100.886678,19.40193],[100.880326,19.417503],[100.878297,19.417479],[100.878214,19.415526],[100.873765,19.415755],[100.871585,19.414069],[100.872134,19.408069],[100.870844,19.407842],[100.861251,19.410326],[100.856737,19.420061],[100.858273,19.421495],[100.856754,19.422251],[100.849871,19.421328],[100.84488,19.41811],[100.831667,19.418129],[100.826489,19.423195],[100.815353,19.4222],[100.809117,19.431138],[100.783856,19.442635],[100.751798,19.444522],[100.751222,19.445073],[100.751066,19.445814],[100.750513,19.446474],[100.747451,19.448818],[100.746819,19.45177],[100.74596,19.453289],[100.744168,19.455507],[100.742936,19.459493],[100.743182,19.460719],[100.745078,19.462733],[100.74535,19.463316],[100.745385,19.464892],[100.744406,19.467454],[100.744375,19.469],[100.746715,19.472872],[100.747789,19.475327],[100.750927,19.478368],[100.754053,19.480226],[100.75506,19.480589],[100.758326,19.480581],[100.759316,19.480855],[100.762365,19.482965],[100.767087,19.48764],[100.766742,19.483334],[100.767805,19.480384],[100.76862,19.476968],[100.771987,19.474309],[100.77149,19.465202],[100.782214,19.467627],[100.791992,19.46749],[100.795072,19.470748],[100.801272,19.46536],[100.805506,19.466573]]]},"bbox":[100.742936,19.399072,101.021357,19.48764]},{"type":"Feature","id":"e8fde6ef-60f7-444c-af8c-5bcc985b1e9a","properties":{"id":"e8fde6ef-60f7-444c-af8c-5bcc985b1e9a","code":"06550903","provinceCode":"55","nameTh":"องค์การบริหารส่วนตำบล เชียงกลางพญาแก้ว","nameEn":null,"geometryType":"MUNICIPALITY","sourceUrl":"https://landometer.com/api/v2/citymeter-v3/grocery/info/geom/e8fde6ef-60f7-444c-af8c-5bcc985b1e9a/MUNICIPALITY","sourceSha256":"4ccfd48a933cad996a4e69ebe84392997cfc6e0cc16ecb589fae74cc5fede35c","retrievedAt":"2026-10-04T05:43:54.821792+00:00","boundaryVintage":null,"geometryStatus":"native_source_polygon_display_simplified","simplificationToleranceDegrees":0.00015,"simplificationPreservesTopology":true,"invalidSourceRepair":"make_valid; retain polygonal components; discard zero-area collapsed lines","legalBoundaryIndependentlyVerified":false,"areaId":"e8fde6ef-60f7-444c-af8c-5bcc985b1e9a"},"geometry":{"type":"Polygon","coordinates":[[[100.993792,19.347116],[100.994884,19.346266],[100.995612,19.344181],[100.997923,19.342174],[100.998485,19.339442],[100.999635,19.338453],[101.002594,19.33745],[101.00551,19.33761],[101.007269,19.338401],[101.010171,19.33815],[101.009896,19.336896],[101.009027,19.336188],[101.008757,19.335552],[101.009344,19.334378],[101.010228,19.334142],[101.010615,19.33356],[101.010583,19.332465],[101.010927,19.33077],[101.010213,19.329069],[101.010018,19.3278],[101.011047,19.324762],[101.008739,19.322179],[101.009101,19.3217],[101.010167,19.321191],[101.010055,19.319673],[101.010779,19.319133],[101.011798,19.318931],[101.013773,19.319518],[101.014259,19.319446],[101.01493,19.319708],[101.015638,19.320356],[101.017251,19.320651],[101.018135,19.322482],[101.019156,19.323571],[101.020269,19.323812],[101.020518,19.324637],[101.02108,19.324709],[101.022098,19.324166],[101.023121,19.324343],[101.023624,19.324125],[101.026133,19.325365],[101.027383,19.325145],[101.028112,19.324799],[101.028963,19.323974],[101.030107,19.323935],[101.030681,19.32348],[101.031823,19.323639],[101.032905,19.324446],[101.034907,19.322975],[101.037463,19.323014],[101.038048,19.3224],[101.040007,19.322431],[101.041691,19.322008],[101.042353,19.320739],[101.043611,19.320668],[101.045074,19.321374],[101.045997,19.320672],[101.045782,19.31885],[101.046412,19.318221],[101.046293,19.317587],[101.046631,19.316805],[101.046248,19.315894],[101.04636,19.314921],[101.046066,19.314252],[101.046301,19.313758],[101.046265,19.312671],[101.046791,19.311172],[101.044152,19.307665],[101.044348,19.307103],[101.045513,19.3065],[101.04533,19.305533],[101.042135,19.30167],[101.041307,19.299798],[101.039873,19.299223],[101.038864,19.298172],[101.036813,19.296867],[101.036156,19.29611],[101.034859,19.295563],[101.033994,19.293107],[101.032935,19.292679],[101.031248,19.291526],[101.030033,19.291186],[101.029331,19.289564],[101.028575,19.289016],[101.027614,19.288741],[101.027472,19.28805],[101.026831,19.287885],[101.025881,19.286633],[101.024521,19.286159],[101.023061,19.285242],[101.022784,19.284055],[101.019715,19.283831],[101.017474,19.283],[101.017128,19.282388],[101.016213,19.28166],[101.015482,19.281483],[101.014708,19.281754],[101.012471,19.281652],[101.012126,19.281891],[101.011765,19.282809],[101.010787,19.28273],[101.010299,19.283047],[101.009036,19.283048],[101.008862,19.283588],[101.008086,19.284113],[101.007797,19.284623],[101.006508,19.284538],[101.005201,19.284027],[101.003673,19.282713],[101.003079,19.281687],[101.001665,19.281422],[101.000754,19.280241],[100.999992,19.280277],[100.998949,19.279869],[100.999065,19.277575],[100.998159,19.276193],[100.99895,19.275033],[100.998946,19.274687],[100.998253,19.273528],[100.998326,19.271813],[100.99784,19.270901],[100.996802,19.269732],[100.994971,19.269145],[100.994708,19.267441],[100.993793,19.266883],[100.99298,19.265888],[100.990196,19.264614],[100.989159,19.264463],[100.98834,19.264749],[100.987522,19.264682],[100.985312,19.26554],[100.983055,19.265042],[100.981634,19.26442],[100.978405,19.264915],[100.977658,19.264448],[100.975892,19.264491],[100.974066,19.26373],[100.972515,19.263593],[100.970495,19.263917],[100.966156,19.262277],[100.961388,19.262395],[100.958353,19.261548],[100.957063,19.262823],[100.956674,19.264564],[100.955617,19.265339],[100.954912,19.265243],[100.951557,19.26381],[100.948466,19.265781],[100.947137,19.266297],[100.941766,19.264853],[100.940371,19.26659],[100.939739,19.266991],[100.939239,19.267012],[100.934179,19.264448],[100.931867,19.262551],[100.928061,19.261819],[100.926589,19.260826],[100.923495,19.261128],[100.923122,19.260295],[100.92125,19.259155],[100.917617,19.25855],[100.917337,19.257927],[100.91616,19.257346],[100.914551,19.257352],[100.912535,19.255617],[100.910439,19.254795],[100.909294,19.253945],[100.907959,19.253784],[100.907207,19.25334],[100.905766,19.253554],[100.904315,19.252995],[100.900406,19.25218],[100.898303,19.252302],[100.897029,19.252045],[100.894856,19.250907],[100.893727,19.249882],[100.892485,19.249328],[100.889615,19.247136],[100.888622,19.246723],[100.887392,19.244577],[100.88647,19.243877],[100.884992,19.242068],[100.86732,19.251754],[100.868272,19.253512],[100.867063,19.254186],[100.866705,19.254819],[100.868489,19.258112],[100.867229,19.263223],[100.85691,19.271281],[100.853472,19.276337],[100.853726,19.278389],[100.855341,19.278711],[100.855746,19.276424],[100.857813,19.276467],[100.859138,19.279271],[100.861835,19.280096],[100.867177,19.272797],[100.879254,19.269727],[100.894126,19.272613],[100.901225,19.285246],[100.90145,19.288397],[100.882911,19.309743],[100.883131,19.310133],[100.883778,19.309408],[100.885674,19.310862],[100.888071,19.311147],[100.890289,19.310621],[100.895243,19.312001],[100.900689,19.309967],[100.906805,19.315014],[100.914323,19.312805],[100.927048,19.316145],[100.947428,19.329406],[100.954549,19.329447],[100.957285,19.331238],[100.964648,19.344354],[100.978568,19.354219],[100.978488,19.355174],[100.981434,19.354703],[100.984243,19.353887],[100.987085,19.352216],[100.990792,19.352066],[100.992367,19.351565],[100.993119,19.350454],[100.993435,19.347757],[100.993792,19.347116]]]},"bbox":[100.853472,19.242068,101.046802,19.355174]},{"type":"Feature","id":"b0dfac38-12c8-4aa3-8c91-3f0b6eb449b4","properties":{"id":"b0dfac38-12c8-4aa3-8c91-3f0b6eb449b4","code":"06550904","provinceCode":"55","nameTh":"องค์การบริหารส่วนตำบล พระธาตุ","nameEn":null,"geometryType":"MUNICIPALITY","sourceUrl":"https://landometer.com/api/v2/citymeter-v3/grocery/info/geom/b0dfac38-12c8-4aa3-8c91-3f0b6eb449b4/MUNICIPALITY","sourceSha256":"c5bbde0d806fe551616339e63fcfb9df63913b35bd2110dd164e3281f0bb282a","retrievedAt":"2026-10-04T05:43:54.849302+00:00","boundaryVintage":null,"geometryStatus":"native_source_polygon_display_simplified","simplificationToleranceDegrees":0.00015,"simplificationPreservesTopology":true,"invalidSourceRepair":"make_valid; retain polygonal components; discard zero-area collapsed lines","legalBoundaryIndependentlyVerified":false,"areaId":"b0dfac38-12c8-4aa3-8c91-3f0b6eb449b4"},"geometry":{"type":"MultiPolygon","coordinates":[[[[100.882911,19.309743],[100.88291116720652,19.309743296411572],[100.88399,19.308501],[100.882911,19.309743]]],[[[100.977834,19.355658],[100.978488,19.355174],[100.978568,19.354219],[100.964648,19.344354],[100.957285,19.331238],[100.954549,19.329447],[100.947428,19.329406],[100.927048,19.316145],[100.914323,19.312805],[100.906805,19.315014],[100.900689,19.309967],[100.895243,19.312001],[100.890289,19.310621],[100.888071,19.311147],[100.885674,19.310862],[100.883778,19.309408],[100.883131,19.310133],[100.88291116720652,19.309743296411572],[100.868058,19.326847],[100.868774,19.327397],[100.869751,19.326778],[100.881085,19.332673],[100.889753,19.342511],[100.90539,19.351643],[100.91061,19.359003],[100.911519,19.358745],[100.911523,19.359008],[100.913682,19.358806],[100.917269,19.356693],[100.91849,19.356932],[100.921377,19.356509],[100.922852,19.357058],[100.924,19.357123],[100.924995,19.35747],[100.926338,19.35748],[100.927211,19.358356],[100.928425,19.358707],[100.929358,19.360235],[100.931977,19.362435],[100.932333,19.363157],[100.932155,19.366109],[100.932264,19.366391],[100.932878,19.366689],[100.93384,19.366556],[100.93609,19.365586],[100.938444,19.36368],[100.942544,19.357967],[100.944255,19.356812],[100.946967,19.355752],[100.948376,19.355454],[100.95228,19.356104],[100.9536,19.356593],[100.954687,19.35732],[100.957454,19.359876],[100.958806,19.360584],[100.961332,19.361286],[100.965132,19.361622],[100.966253,19.36205],[100.968202,19.363419],[100.969289,19.364616],[100.971627,19.369896],[100.972421,19.370513],[100.976524,19.372626],[100.977103,19.37376],[100.977244,19.376172],[100.977655,19.377246],[100.97923,19.379652],[100.979583,19.381935],[100.979996,19.382341],[100.981284,19.382474],[100.982669,19.381849],[100.983074,19.381394],[100.983533,19.379738],[100.98475,19.377723],[100.984857,19.376742],[100.983983,19.373678],[100.984154,19.371646],[100.982599,19.369902],[100.981911,19.368333],[100.97974,19.365584],[100.978404,19.362294],[100.978334,19.361279],[100.978804,19.359839],[100.978831,19.358957],[100.978459,19.357513],[100.977796,19.356412],[100.977834,19.355658]]]]},"bbox":[100.868058,19.308501,100.984868,19.382497]},{"type":"Feature","id":"c52caa1f-d7df-4fe3-bfbc-2cc513b9de3e","properties":{"id":"c52caa1f-d7df-4fe3-bfbc-2cc513b9de3e","code":"06550905","provinceCode":"55","nameTh":"องค์การบริหารส่วนตำบล เปือ","nameEn":null,"geometryType":"MUNICIPALITY","sourceUrl":"https://landometer.com/api/v2/citymeter-v3/grocery/info/geom/c52caa1f-d7df-4fe3-bfbc-2cc513b9de3e/MUNICIPALITY","sourceSha256":"3c18226b05e258546ac776a39c4ab4b36fa34d0f24648b4d40eeebd2813f72e9","retrievedAt":"2026-10-04T05:43:54.856763+00:00","boundaryVintage":null,"geometryStatus":"native_source_polygon_display_simplified","simplificationToleranceDegrees":0.00015,"simplificationPreservesTopology":true,"invalidSourceRepair":"make_valid; retain polygonal components; discard zero-area collapsed lines","legalBoundaryIndependentlyVerified":false,"areaId":"c52caa1f-d7df-4fe3-bfbc-2cc513b9de3e"},"geometry":{"type":"Polygon","coordinates":[[[100.807477,19.37097],[100.812822,19.369607],[100.821435,19.366048],[100.822083,19.36602],[100.82389,19.366851],[100.824682,19.366817],[100.827819,19.364359],[100.830499,19.363993],[100.835806,19.36045],[100.836559,19.360481],[100.839296,19.361498],[100.843076,19.361904],[100.844979,19.361357],[100.848419,19.361229],[100.848792,19.361558],[100.850296,19.36202],[100.852394,19.363585],[100.853108,19.362643],[100.853842,19.362597],[100.854207,19.362216],[100.856314,19.361601],[100.861744,19.358986],[100.862649,19.358339],[100.863786,19.356773],[100.865119,19.355782],[100.865257,19.356611],[100.866953,19.357186],[100.866148,19.357848],[100.866077,19.358448],[100.866989,19.358736],[100.867763,19.358556],[100.868148,19.359005],[100.868555,19.358747],[100.869745,19.35974],[100.870714,19.359959],[100.870562,19.360333],[100.870964,19.360809],[100.872071,19.360918],[100.872146,19.361405],[100.872767,19.360966],[100.87307,19.361352],[100.873386,19.361263],[100.873646,19.361502],[100.873835,19.361159],[100.87558,19.361998],[100.876373,19.361967],[100.877827,19.361196],[100.879528,19.361524],[100.880468,19.361264],[100.880847,19.361607],[100.881749,19.361547],[100.882556,19.36211],[100.883452,19.362132],[100.883738,19.362478],[100.884693,19.362602],[100.885332,19.363339],[100.890621,19.363368],[100.894184,19.362261],[100.897568,19.361863],[100.900006,19.360527],[100.901235,19.36046],[100.903815,19.361091],[100.905904,19.360018],[100.907644,19.359983],[100.911594,19.359003],[100.911519,19.358745],[100.91061,19.359003],[100.90539,19.351643],[100.889753,19.342511],[100.881085,19.332673],[100.869751,19.326778],[100.866532,19.328817],[100.859897,19.326101],[100.857296,19.327376],[100.853067,19.32223],[100.845249,19.318382],[100.850619,19.309401],[100.844252,19.292796],[100.850984,19.29547],[100.853817,19.293676],[100.857425,19.286589],[100.856926,19.287569],[100.857111,19.287202],[100.842439,19.286735],[100.832727,19.290672],[100.822557,19.285634],[100.823394,19.284887],[100.822258,19.284445],[100.824157,19.283296],[100.823673,19.28285],[100.811338,19.27805],[100.808848,19.277569],[100.80224,19.278208],[100.797036,19.274586],[100.792835,19.273741],[100.79091,19.27145],[100.789509,19.270645],[100.788435,19.270556],[100.787562,19.27077],[100.784555,19.272676],[100.779983,19.271344],[100.777707,19.27405],[100.778356,19.274495],[100.780088,19.276544],[100.780116,19.277611],[100.779578,19.2791],[100.779721,19.282112],[100.779453,19.282761],[100.77893,19.283202],[100.778935,19.285137],[100.776277,19.289314],[100.776125,19.290383],[100.775619,19.29141],[100.775745,19.292183],[100.777569,19.294022],[100.779064,19.297754],[100.779544,19.298281],[100.782162,19.299325],[100.784584,19.29946],[100.785297,19.299165],[100.786096,19.299168],[100.789076,19.300062],[100.789298,19.301334],[100.790477,19.302794],[100.79118,19.303303],[100.790701,19.305861],[100.793012,19.307811],[100.793785,19.310266],[100.793885,19.311971],[100.795076,19.313177],[100.795549,19.314099],[100.796653,19.314874],[100.795947,19.31649],[100.795921,19.317479],[100.797569,19.320195],[100.797606,19.321581],[100.798511,19.322521],[100.798082,19.323516],[100.797091,19.324759],[100.795836,19.32569],[100.795142,19.326999],[100.79191,19.329317],[100.791809,19.329686],[100.792219,19.331055],[100.790678,19.333551],[100.785398,19.335735],[100.784749,19.336847],[100.783595,19.337832],[100.781957,19.339777],[100.781536,19.340714],[100.779356,19.341861],[100.778914,19.342318],[100.778914,19.343012],[100.77935,19.343354],[100.780494,19.343577],[100.783572,19.343525],[100.787515,19.346098],[100.789365,19.346823],[100.791188,19.347173],[100.791551,19.347665],[100.791476,19.348919],[100.791957,19.349983],[100.791231,19.351304],[100.791215,19.352371],[100.79047,19.352768],[100.791485,19.355091],[100.790966,19.355886],[100.789104,19.357263],[100.789136,19.357795],[100.78963,19.358367],[100.78906,19.35893],[100.789231,19.359774],[100.787892,19.360479],[100.786558,19.360771],[100.785352,19.362261],[100.784309,19.362804],[100.784185,19.363949],[100.785514,19.364603],[100.78551,19.366166],[100.785123,19.36723],[100.78423,19.367567],[100.784237,19.368852],[100.784757,19.369494],[100.784827,19.370263],[100.784606,19.370677],[100.783591,19.37112],[100.783291,19.373021],[100.782483,19.375535],[100.783762,19.376456],[100.78396,19.377896],[100.786118,19.377503],[100.791374,19.377078],[100.796606,19.375066],[100.798724,19.374625],[100.799935,19.374875],[100.801999,19.376339],[100.802672,19.376417],[100.804345,19.373631],[100.806019,19.371799],[100.807477,19.37097]]]},"bbox":[100.775619,19.270542,100.911594,19.377896]},{"type":"Feature","id":"63fc52ed-3689-4804-ad50-2ca227afe7f8","properties":{"id":"63fc52ed-3689-4804-ad50-2ca227afe7f8","code":"06551002","provinceCode":"55","nameTh":"องค์การบริหารส่วนตำบล นาทะนุง","nameEn":null,"geometryType":"MUNICIPALITY","sourceUrl":"https://landometer.com/api/v2/citymeter-v3/grocery/info/geom/63fc52ed-3689-4804-ad50-2ca227afe7f8/MUNICIPALITY","sourceSha256":"08001e7f4a707c4eba4fc0ca47945f219901e4561d8eca9a6ecbd673d5c6b51b","retrievedAt":"2026-10-04T05:43:55.015557+00:00","boundaryVintage":null,"geometryStatus":"native_source_polygon_display_simplified","simplificationToleranceDegrees":0.00015,"simplificationPreservesTopology":true,"invalidSourceRepair":"make_valid; retain polygonal components; discard zero-area collapsed lines","legalBoundaryIndependentlyVerified":false,"areaId":"63fc52ed-3689-4804-ad50-2ca227afe7f8"},"geometry":{"type":"MultiPolygon","coordinates":[[[[100.604911,18.187692],[100.609598,18.189288],[100.615477,18.186698],[100.622428,18.187509],[100.623568,18.190034],[100.628978,18.191599],[100.630654,18.198607],[100.635404,18.197568],[100.641607,18.198708],[100.643787,18.194125],[100.646805,18.19218],[100.65094,18.193142],[100.667437,18.191342],[100.668689,18.188023],[100.673204,18.184441],[100.675105,18.17823],[100.675141,18.171889],[100.672726,18.165799],[100.690117,18.154498],[100.694311,18.155172],[100.697751,18.152375],[100.702359,18.152817],[100.706636,18.149919],[100.708596,18.152585],[100.716582,18.151448],[100.719019,18.152447],[100.721424,18.151711],[100.721101,18.149781],[100.735439,18.146788],[100.741846,18.148205],[100.743096,18.150563],[100.746759,18.150648],[100.753928,18.144794],[100.76554,18.143301],[100.772221,18.148425],[100.779792,18.151352],[100.783127,18.155923],[100.787447,18.158305],[100.790903,18.166441],[100.79323,18.164989],[100.794779,18.164766],[100.797804,18.164809],[100.799473,18.164329],[100.801234,18.163058],[100.806717,18.162596],[100.807302,18.159646],[100.809492,18.156555],[100.809351,18.154009],[100.809561,18.153703],[100.811684,18.153281],[100.812015,18.152876],[100.813006,18.152552],[100.813528,18.151748],[100.81591,18.150333],[100.817032,18.150351],[100.818045,18.1511],[100.820167,18.151686],[100.821045,18.151654],[100.822034,18.151219],[100.823095,18.151232],[100.823708,18.150918],[100.824213,18.150248],[100.825123,18.150368],[100.826776,18.149245],[100.827878,18.149135],[100.829706,18.147323],[100.831921,18.145681],[100.833022,18.1437],[100.835528,18.141374],[100.837554,18.141547],[100.841476,18.140121],[100.841848,18.139243],[100.841361,18.136377],[100.84175,18.133376],[100.840449,18.131577],[100.838926,18.12875],[100.837957,18.12787],[100.838785,18.127615],[100.841725,18.127528],[100.842001,18.127715],[100.842212,18.128879],[100.843045,18.129097],[100.845435,18.128149],[100.846441,18.128139],[100.846679,18.127605],[100.848149,18.126024],[100.8503,18.12553],[100.851486,18.124608],[100.853242,18.124206],[100.853434,18.123854],[100.854355,18.123332],[100.855187,18.123627],[100.85593,18.123573],[100.857709,18.122839],[100.85816,18.122275],[100.859141,18.121706],[100.86138,18.121836],[100.862794,18.121205],[100.864795,18.12199],[100.866084,18.121668],[100.866607,18.121231],[100.870187,18.121548],[100.870856,18.121244],[100.872105,18.119654],[100.873838,18.119379],[100.874568,18.118988],[100.873349,18.117653],[100.87091,18.116894],[100.87045,18.115778],[100.868754,18.115268],[100.865873,18.113529],[100.86526,18.112173],[100.861344,18.109263],[100.860411,18.107971],[100.859484,18.105912],[100.855853,18.102367],[100.855448,18.100543],[100.854599,18.099062],[100.854608,18.097551],[100.852902,18.095697],[100.852464,18.094732],[100.851014,18.093242],[100.850455,18.091557],[100.84917,18.089547],[100.848965,18.08677],[100.850653,18.085207],[100.850992,18.08453],[100.849402,18.081888],[100.845466,18.080535],[100.843253,18.079481],[100.84164,18.080317],[100.840149,18.079882],[100.839335,18.080114],[100.837976,18.081094],[100.835534,18.08133],[100.834886,18.081174],[100.833854,18.0802],[100.833188,18.080015],[100.831661,18.081755],[100.831098,18.081918],[100.828548,18.081296],[100.82696,18.080569],[100.824583,18.080265],[100.822935,18.080579],[100.819759,18.083121],[100.819097,18.083222],[100.818058,18.082799],[100.817636,18.081213],[100.815647,18.079782],[100.811745,18.078504],[100.809,18.076681],[100.808674,18.075807],[100.808966,18.074512],[100.808064,18.072509],[100.808274,18.071164],[100.807566,18.069771],[100.807638,18.067068],[100.807245,18.064829],[100.806043,18.063346],[100.805459,18.061395],[100.803556,18.057969],[100.801964,18.056764],[100.801399,18.05501],[100.80088,18.054217],[100.799544,18.053392],[100.797664,18.053359],[100.796307,18.050467],[100.795564,18.049614],[100.79397,18.048887],[100.791667,18.04883],[100.790904,18.047707],[100.790637,18.046299],[100.79034,18.04597],[100.785539,18.043542],[100.782757,18.04023],[100.782089,18.038679],[100.780794,18.037775],[100.780678,18.036197],[100.77755,18.034169],[100.777283,18.032688],[100.775377,18.030655],[100.774399,18.029252],[100.773203,18.028776],[100.77112,18.027015],[100.768446,18.025763],[100.767246,18.02549],[100.766075,18.02553],[100.763577,18.026959],[100.761333,18.027164],[100.760052,18.028748],[100.759541,18.029013],[100.758225,18.028935],[100.756411,18.028192],[100.755713,18.028877],[100.753133,18.029869],[100.749337,18.028413],[100.746547,18.028799],[100.745135,18.029599],[100.742266,18.028491],[100.741197,18.028306],[100.740472,18.028274],[100.739732,18.028708],[100.738207,18.028546],[100.73651,18.029311],[100.733789,18.029405],[100.732841,18.03004],[100.731185,18.029683],[100.730572,18.029931],[100.729945,18.030973],[100.728781,18.031218],[100.728518,18.031778],[100.727777,18.031765],[100.726914,18.032446],[100.725866,18.032388],[100.725,18.03275],[100.723828,18.031628],[100.722159,18.031821],[100.721469,18.031389],[100.72035,18.031547],[100.720048,18.031321],[100.719035,18.03131],[100.718576,18.030575],[100.717954,18.030834],[100.717345,18.030011],[100.716411,18.030446],[100.716172,18.030236],[100.716136,18.030655],[100.715603,18.030551],[100.715389,18.029594],[100.71509,18.029903],[100.714969,18.029528],[100.714652,18.029565],[100.71443,18.029233],[100.713879,18.029579],[100.714091,18.029965],[100.713575,18.030475],[100.71375,18.030906],[100.712625,18.031094],[100.7125,18.03173],[100.711704,18.031646],[100.711263,18.031232],[100.710019,18.031539],[100.710153,18.031081],[100.709856,18.030937],[100.708665,18.031206],[100.708433,18.030551],[100.708052,18.03046],[100.708487,18.029688],[100.707788,18.029492],[100.708235,18.02902],[100.708159,18.028713],[100.70771,18.028312],[100.707045,18.028297],[100.706375,18.027227],[100.705478,18.026561],[100.70371,18.026748],[100.703191,18.026368],[100.702249,18.026663],[100.701719,18.027335],[100.700562,18.027034],[100.699924,18.027463],[100.699243,18.027303],[100.698857,18.027516],[100.698818,18.026689],[100.698572,18.026343],[100.698835,18.025605],[100.698443,18.025498],[100.694297,18.026763],[100.694041,18.026372],[100.694485,18.026151],[100.694527,18.025582],[100.693993,18.025076],[100.694003,18.024086],[100.693359,18.023974],[100.692928,18.024493],[100.692327,18.024249],[100.691744,18.02447],[100.69211,18.025978],[100.691891,18.026531],[100.689368,18.026338],[100.688835,18.026568],[100.687325,18.030021],[100.686792,18.030513],[100.685702,18.030577],[100.682507,18.029548],[100.681743,18.029636],[100.681507,18.030044],[100.681731,18.032751],[100.681004,18.033938],[100.676831,18.036243],[100.670938,18.041813],[100.669916,18.04233],[100.667804,18.041978],[100.660789,18.039372],[100.65762,18.038849],[100.655652,18.038865],[100.652383,18.039507],[100.648504,18.041043],[100.641656,18.042096],[100.632385,18.044396],[100.629798,18.044524],[100.625168,18.043822],[100.623487,18.043879],[100.621348,18.044659],[100.615601,18.047649],[100.610158,18.050001],[100.609053,18.050243],[100.607856,18.049957],[100.607211,18.049517],[100.601549,18.04493],[100.599546,18.043613],[100.594931,18.042106],[100.589624,18.039949],[100.587943,18.040047],[100.585738,18.040827],[100.580369,18.044109],[100.579133,18.044437],[100.578623,18.044335],[100.577865,18.043664],[100.575091,18.037676],[100.574268,18.036613],[100.573818,18.036416],[100.572602,18.036448],[100.569136,18.037632],[100.567698,18.037643],[100.566309,18.03694],[100.562937,18.033978],[100.561294,18.033016],[100.559133,18.032656],[100.558014,18.032705],[100.55551,18.03332],[100.550849,18.035312],[100.550031,18.036285],[100.552123,18.035018],[100.553531,18.036115],[100.553205,18.042358],[100.550804,18.046502],[100.552027,18.053902],[100.54924,18.056745],[100.549366,18.062516],[100.547389,18.064156],[100.546767,18.068654],[100.552928,18.081161],[100.552004,18.089965],[100.555746,18.094241],[100.556108,18.102574],[100.56142,18.110856],[100.55862,18.116569],[100.563089,18.130196],[100.567287,18.133798],[100.571344,18.152239],[100.574135,18.155753],[100.570454,18.160855],[100.56958,18.16564],[100.574363,18.172177],[100.565676,18.185303],[100.570111,18.191568],[100.568808,18.194127],[100.5709,18.198284],[100.568447,18.201069],[100.572443,18.203879],[100.574726,18.209744],[100.569266,18.216243],[100.562601,18.221034],[100.563975,18.221277],[100.563657,18.221506],[100.56371821329657,18.222246616936776],[100.568223,18.222475],[100.573347,18.219833],[100.580469,18.220874],[100.580323,18.216432],[100.585031,18.210939],[100.58707,18.19936],[100.600185,18.192192],[100.604911,18.187692]]],[[[100.563718,18.222247],[100.56371821329657,18.222246616936776],[100.562697,18.222066],[100.563718,18.222247]]]]},"bbox":[100.546767,18.02397,100.874568,18.222475]},{"type":"Feature","id":"810b2aeb-14e5-42ae-8a14-a24e11ecb938","properties":{"id":"810b2aeb-14e5-42ae-8a14-a24e11ecb938","code":"06551003","provinceCode":"55","nameTh":"องค์การบริหารส่วนตำบล ปิงหลวง","nameEn":null,"geometryType":"MUNICIPALITY","sourceUrl":"https://landometer.com/api/v2/citymeter-v3/grocery/info/geom/810b2aeb-14e5-42ae-8a14-a24e11ecb938/MUNICIPALITY","sourceSha256":"d5d1087406c66df94dd96bb8b7751116f7a5b870e7bf1c31b13ad36ee768f8b8","retrievedAt":"2026-10-04T05:43:55.010758+00:00","boundaryVintage":null,"geometryStatus":"native_source_polygon_display_simplified","simplificationToleranceDegrees":0.00015,"simplificationPreservesTopology":true,"invalidSourceRepair":"make_valid; retain polygonal components; discard zero-area collapsed lines","legalBoundaryIndependentlyVerified":false,"areaId":"810b2aeb-14e5-42ae-8a14-a24e11ecb938"},"geometry":{"type":"MultiPolygon","coordinates":[[[[100.563089,18.130196],[100.55862,18.116569],[100.56142,18.110856],[100.556108,18.102574],[100.555746,18.094241],[100.552004,18.089965],[100.552928,18.081161],[100.546767,18.068654],[100.547389,18.064156],[100.549366,18.062516],[100.54924,18.056745],[100.552027,18.053902],[100.550804,18.046502],[100.553205,18.042358],[100.553531,18.036115],[100.552123,18.035018],[100.550538,18.03593],[100.547797,18.038041],[100.54285,18.0398],[100.539595,18.041552],[100.53827,18.041587],[100.535158,18.038732],[100.533703,18.038584],[100.531497,18.039303],[100.526788,18.04222],[100.521277,18.043063],[100.515501,18.044559],[100.51449,18.046411],[100.51317,18.046292],[100.51062,18.047584],[100.508505,18.047808],[100.507773,18.049848],[100.506029,18.051487],[100.50325,18.053366],[100.502171,18.053323],[100.500639,18.052673],[100.50029,18.052299],[100.499965,18.050757],[100.499617,18.050461],[100.499033,18.050401],[100.495485,18.051227],[100.493403,18.052989],[100.491257,18.053198],[100.489562,18.053661],[100.488076,18.053627],[100.486745,18.054234],[100.484807,18.054534],[100.482692,18.055524],[100.48177,18.05557],[100.480737,18.055331],[100.479836,18.054741],[100.47805,18.052873],[100.477359,18.05136],[100.476255,18.050719],[100.474761,18.049017],[100.474138,18.045894],[100.473052,18.04502],[100.471739,18.044485],[100.47068,18.044434],[100.467159,18.045272],[100.465374,18.04513],[100.464172,18.045328],[100.462076,18.044103],[100.461529,18.042558],[100.457252,18.042193],[100.456368,18.041899],[100.453166,18.039165],[100.453224,18.037931],[100.451676,18.036614],[100.452003,18.035132],[100.451705,18.034356],[100.448884,18.032891],[100.448463,18.031181],[100.446955,18.029998],[100.44693,18.029524],[100.447743,18.027675],[100.446409,18.025532],[100.443366,18.024662],[100.440528,18.022907],[100.43726,18.021406],[100.433086,18.019969],[100.431103,18.018004],[100.427356,18.01602],[100.427047,18.015568],[100.426889,18.01389],[100.426273,18.01318],[100.425153,18.012994],[100.421863,18.01363],[100.420843,18.014069],[100.417854,18.016482],[100.415723,18.019503],[100.414699,18.020393],[100.414297,18.021697],[100.415332,18.023213],[100.415868,18.025365],[100.417539,18.027543],[100.417729,18.030263],[100.416637,18.032893],[100.415731,18.037238],[100.414128,18.038844],[100.413262,18.040213],[100.412143,18.041067],[100.412109,18.042472],[100.410462,18.044109],[100.409824,18.046194],[100.408372,18.047586],[100.408329,18.049363],[100.407836,18.051356],[100.409182,18.054199],[100.409152,18.057081],[100.407445,18.06042],[100.405511,18.06263],[100.403726,18.064162],[100.40335,18.064983],[100.405194,18.067532],[100.406034,18.06923],[100.406901,18.07011],[100.407383,18.07143],[100.409532,18.074286],[100.40981,18.075316],[100.40921,18.076322],[100.407767,18.077236],[100.405369,18.079591],[100.404657,18.080673],[100.402606,18.081829],[100.401244,18.083282],[100.398958,18.083223],[100.397852,18.082897],[100.39722,18.083018],[100.395837,18.085819],[100.395836,18.086446],[100.396253,18.087108],[100.396293,18.089347],[100.397958,18.090584],[100.397805,18.091156],[100.396399,18.092825],[100.396284,18.093924],[100.396526,18.096032],[100.397362,18.096328],[100.397488,18.097631],[100.398988,18.098373],[100.400058,18.100466],[100.39974,18.101482],[100.399688,18.102795],[100.398767,18.103716],[100.398197,18.106186],[100.397458,18.107972],[100.395231,18.11145],[100.393607,18.112962],[100.393044,18.116027],[100.392502,18.116721],[100.392329,18.118815],[100.393148,18.119783],[100.39426,18.12187],[100.395229,18.124328],[100.395699,18.126496],[100.396434,18.127666],[100.396898,18.131116],[100.397694,18.132714],[100.397906,18.13494],[100.397556,18.136085],[100.397628,18.13656],[100.399499,18.137904],[100.404387,18.139315],[100.405411,18.139943],[100.407729,18.140386],[100.41003,18.141607],[100.411799,18.144627],[100.412056,18.147175],[100.413448,18.148327],[100.413962,18.149226],[100.413907,18.152198],[100.414472,18.153718],[100.416387,18.154104],[100.417832,18.155293],[100.418498,18.155484],[100.419465,18.155086],[100.420632,18.154051],[100.421294,18.153851],[100.424002,18.153831],[100.429255,18.152718],[100.436721,18.152319],[100.440283,18.152926],[100.441348,18.153424],[100.441903,18.153779],[100.443633,18.155868],[100.446789,18.158231],[100.44731,18.159749],[100.448249,18.166396],[100.449485,18.168921],[100.45154,18.171545],[100.452437,18.173123],[100.451733,18.176297],[100.452699,18.180831],[100.451502,18.183037],[100.451419,18.183587],[100.452678,18.186301],[100.454325,18.187704],[100.454715,18.189349],[100.455589,18.19079],[100.45937,18.193686],[100.459942,18.194684],[100.472998,18.192118],[100.475916,18.189924],[100.477996,18.183401],[100.487646,18.182671],[100.492392,18.179457],[100.502462,18.180989],[100.49855,18.184687],[100.499353,18.186871],[100.508372,18.18714],[100.51086,18.194215],[100.520791,18.199156],[100.528696,18.195359],[100.531094,18.191922],[100.541629,18.189274],[100.546213,18.196857],[100.551762,18.201067],[100.562601,18.221034],[100.569266,18.216243],[100.574726,18.209744],[100.572443,18.203879],[100.568447,18.201069],[100.5709,18.198284],[100.568808,18.194127],[100.570111,18.191568],[100.565676,18.185303],[100.574363,18.172177],[100.56958,18.16564],[100.570454,18.160855],[100.574135,18.155753],[100.571344,18.152239],[100.567287,18.133798],[100.563089,18.130196]]],[[[100.5634923325664,18.22119163741895],[100.563492,18.221191],[100.562601,18.221034],[100.5634923325664,18.22119163741895]]],[[[100.563657,18.221506],[100.563975,18.221277],[100.5634923325664,18.22119163741895],[100.563657,18.221506]]]]},"bbox":[100.392292,18.012991,100.574726,18.221506]},{"type":"Feature","id":"1d876829-1513-40e4-81db-2cc4476c310a","properties":{"id":"1d876829-1513-40e4-81db-2cc4476c310a","code":"06551004","provinceCode":"55","nameTh":"องค์การบริหารส่วนตำบล เมืองลี","nameEn":null,"geometryType":"MUNICIPALITY","sourceUrl":"https://landometer.com/api/v2/citymeter-v3/grocery/info/geom/1d876829-1513-40e4-81db-2cc4476c310a/MUNICIPALITY","sourceSha256":"33dc5c9ddc7b7b63d96d7b878031caa902bfa0a1abd62dd6e3b1f16a9bd606d5","retrievedAt":"2026-10-04T05:43:55.009979+00:00","boundaryVintage":null,"geometryStatus":"native_source_polygon_display_simplified","simplificationToleranceDegrees":0.00015,"simplificationPreservesTopology":true,"invalidSourceRepair":"make_valid; retain polygonal components; discard zero-area collapsed lines","legalBoundaryIndependentlyVerified":false,"areaId":"1d876829-1513-40e4-81db-2cc4476c310a"},"geometry":{"type":"Polygon","coordinates":[[[100.52348,18.257165],[100.524374,18.255733],[100.524399,18.25521],[100.525768,18.253465],[100.526192,18.251205],[100.52661,18.251103],[100.527955,18.251498],[100.529976,18.251343],[100.531975,18.251553],[100.533474,18.252139],[100.534546,18.251904],[100.534926,18.251622],[100.535912,18.249805],[100.537092,18.249325],[100.537314,18.247031],[100.53772,18.2462],[100.538657,18.245102],[100.540539,18.243641],[100.541354,18.242443],[100.544428,18.241312],[100.54512,18.239961],[100.547399,18.239517],[100.548773,18.238322],[100.550906,18.237965],[100.55172,18.236566],[100.552822,18.236043],[100.553113,18.235285],[100.554037,18.235071],[100.555318,18.228852],[100.562534,18.222216],[100.563767,18.222159],[100.563492,18.221191],[100.562601,18.221034],[100.551762,18.201067],[100.546213,18.196857],[100.541629,18.189274],[100.531094,18.191922],[100.528696,18.195359],[100.520791,18.199156],[100.51086,18.194215],[100.508372,18.18714],[100.499353,18.186871],[100.49855,18.184687],[100.502462,18.180989],[100.492392,18.179457],[100.487646,18.182671],[100.477996,18.183401],[100.475916,18.189924],[100.472998,18.192118],[100.459942,18.194684],[100.459147,18.198479],[100.45863,18.199486],[100.458912,18.202249],[100.457606,18.205436],[100.457769,18.207113],[100.456597,18.20862],[100.456462,18.209355],[100.455878,18.209802],[100.455219,18.2113],[100.454386,18.212344],[100.454051,18.214649],[100.457175,18.216915],[100.458568,18.217431],[100.461718,18.222854],[100.461818,18.22364],[100.461191,18.224316],[100.460576,18.225773],[100.460814,18.229214],[100.461728,18.230697],[100.463341,18.231923],[100.464922,18.234661],[100.467881,18.237186],[100.467601,18.239118],[100.468137,18.240442],[100.467788,18.241418],[100.468162,18.24227],[100.467835,18.243874],[100.468091,18.244909],[100.469184,18.245314],[100.470064,18.246074],[100.470533,18.248953],[100.471123,18.249872],[100.472541,18.254248],[100.472596,18.255583],[100.473767,18.256856],[100.475799,18.257746],[100.475602,18.259008],[100.476242,18.259997],[100.478298,18.260667],[100.480489,18.260535],[100.481538,18.260921],[100.482238,18.26091],[100.484237,18.259489],[100.486158,18.256683],[100.486864,18.256025],[100.495074,18.252108],[100.497042,18.251495],[100.49881,18.251834],[100.502239,18.25343],[100.504122,18.253968],[100.512345,18.254828],[100.512926,18.255131],[100.513447,18.256097],[100.513943,18.256392],[100.519099,18.256977],[100.519852,18.257388],[100.521499,18.25916],[100.524171,18.259662],[100.52437,18.259012],[100.523511,18.257764],[100.52348,18.257165]]]},"bbox":[100.454047,18.179457,100.563767,18.260973]},{"type":"Feature","id":"bdec7d25-7ccc-4aa5-8da8-1394dc0ff9b7","properties":{"id":"bdec7d25-7ccc-4aa5-8da8-1394dc0ff9b7","code":"06551101","provinceCode":"55","nameTh":"องค์การบริหารส่วนตำบล ดู่พงษ์","nameEn":null,"geometryType":"MUNICIPALITY","sourceUrl":"https://landometer.com/api/v2/citymeter-v3/grocery/info/geom/bdec7d25-7ccc-4aa5-8da8-1394dc0ff9b7/MUNICIPALITY","sourceSha256":"36f81914803d3228081a879f95f13077276dec63a5717495e0c1cc2c0aa24c42","retrievedAt":"2026-10-04T05:43:55.009771+00:00","boundaryVintage":null,"geometryStatus":"native_source_polygon_display_simplified","simplificationToleranceDegrees":0.00015,"simplificationPreservesTopology":true,"invalidSourceRepair":"make_valid; retain polygonal components; discard zero-area collapsed lines","legalBoundaryIndependentlyVerified":false,"areaId":"bdec7d25-7ccc-4aa5-8da8-1394dc0ff9b7"},"geometry":{"type":"Polygon","coordinates":[[[100.903499,18.92536],[100.907675,18.924708],[100.917087,18.928485],[100.919924,18.931622],[100.924524,18.924535],[100.938681,18.926215],[100.946324,18.903508],[100.94221,18.899252],[100.940824,18.892425],[100.936083,18.890203],[100.93103,18.882281],[100.926675,18.881921],[100.925472,18.871634],[100.918826,18.867836],[100.919889,18.864895],[100.924317,18.86484],[100.92548,18.857892],[100.905519,18.861582],[100.901185,18.861157],[100.900187,18.861273],[100.898269,18.862719],[100.897236,18.863152],[100.896758,18.862983],[100.894802,18.861063],[100.893949,18.860627],[100.892033,18.861537],[100.890381,18.861244],[100.889526,18.86206],[100.887783,18.862908],[100.886089,18.863084],[100.884394,18.862528],[100.883298,18.861625],[100.881542,18.857032],[100.880801,18.85664],[100.879135,18.856564],[100.876646,18.858618],[100.875073,18.858521],[100.873957,18.859073],[100.872866,18.859979],[100.872386,18.861399],[100.870306,18.86242],[100.868689,18.864464],[100.866985,18.86513],[100.866621,18.865525],[100.866677,18.866658],[100.870308,18.868718],[100.870741,18.871467],[100.869935,18.873342],[100.87011,18.875568],[100.869376,18.87611],[100.869139,18.877086],[100.867289,18.876987],[100.866501,18.877539],[100.866381,18.878493],[100.865123,18.878695],[100.864794,18.879074],[100.864758,18.880105],[100.865402,18.881183],[100.865217,18.884278],[100.863674,18.885026],[100.86259,18.888418],[100.862676,18.890228],[100.86384,18.893789],[100.863899,18.894639],[100.863593,18.89535],[100.861433,18.897387],[100.860738,18.898413],[100.86067,18.900177],[100.861356,18.901873],[100.860346,18.902471],[100.859759,18.903748],[100.858852,18.904566],[100.85882,18.905366],[100.857958,18.906792],[100.856972,18.910082],[100.855389,18.912556],[100.855254,18.915655],[100.856613,18.916529],[100.855737,18.918013],[100.861407,18.920677],[100.86378,18.926978],[100.869484,18.933098],[100.873262,18.933206],[100.875742,18.928999],[100.886085,18.924322],[100.89157,18.925232],[100.897294,18.929297],[100.903499,18.92536]],[[100.915435,18.859749],[100.912426,18.861185],[100.910764,18.860764],[100.9088,18.861645],[100.905519,18.861582],[100.915435,18.859749]],[[100.85822,18.90657],[100.855259,18.915545],[100.85525902323033,18.91554446588119],[100.85822,18.90657]]]},"bbox":[100.855244,18.85652,100.946324,18.933206]},{"type":"Feature","id":"4d2c2d27-d607-477e-8c06-6329d6e20846","properties":{"id":"4d2c2d27-d607-477e-8c06-6329d6e20846","code":"06551102","provinceCode":"55","nameTh":"องค์การบริหารส่วนตำบล ป่าแลวหลวง","nameEn":null,"geometryType":"MUNICIPALITY","sourceUrl":"https://landometer.com/api/v2/citymeter-v3/grocery/info/geom/4d2c2d27-d607-477e-8c06-6329d6e20846/MUNICIPALITY","sourceSha256":"3aee90b0fc5aadb49e32920c2d25c8986c61684dcbd9ba28fa6ce50ca76d7e09","retrievedAt":"2026-10-04T05:43:55.024024+00:00","boundaryVintage":null,"geometryStatus":"native_source_polygon_display_simplified","simplificationToleranceDegrees":0.00015,"simplificationPreservesTopology":true,"invalidSourceRepair":"make_valid; retain polygonal components; discard zero-area collapsed lines","legalBoundaryIndependentlyVerified":false,"areaId":"4d2c2d27-d607-477e-8c06-6329d6e20846"},"geometry":{"type":"Polygon","coordinates":[[[100.848337,18.99014],[100.849354,18.9892],[100.850108,18.988981],[100.853411,18.988901],[100.856595,18.987264],[100.857148,18.987577],[100.859325,18.987225],[100.861587,18.986055],[100.862373,18.986587],[100.863676,18.986705],[100.864092,18.986394],[100.865987,18.98642],[100.867018,18.985644],[100.868179,18.986448],[100.869561,18.986931],[100.870097,18.98684],[100.870476,18.986327],[100.872074,18.98579],[100.874793,18.985744],[100.876332,18.985082],[100.879633,18.985985],[100.880302,18.98598],[100.880907,18.985713],[100.881572,18.984701],[100.881274,18.98412],[100.881351,18.983697],[100.883044,18.981976],[100.88414,18.981355],[100.885176,18.981537],[100.885781,18.981995],[100.88603,18.982714],[100.885411,18.983796],[100.885424,18.984714],[100.885867,18.985512],[100.886768,18.985599],[100.887525,18.985147],[100.887621,18.98342],[100.890428,18.980521],[100.890336,18.979592],[100.891256,18.978623],[100.893293,18.979499],[100.89421,18.979157],[100.895829,18.979224],[100.897138,18.980961],[100.897609,18.982248],[100.898529,18.982438],[100.899612,18.981473],[100.901474,18.979163],[100.901521,18.975746],[100.902351,18.975284],[100.903268,18.975234],[100.904025,18.975483],[100.904023,18.976175],[100.904415,18.976237],[100.904727,18.976002],[100.904859,18.97444],[100.905817,18.973117],[100.906345,18.971084],[100.907047,18.971183],[100.906955,18.972104],[100.907138,18.972358],[100.907793,18.972266],[100.908449,18.971369],[100.909064,18.971215],[100.909952,18.971583],[100.91097,18.972802],[100.911618,18.972843],[100.911906,18.972315],[100.911781,18.97114],[100.911511,18.970595],[100.910516,18.96972],[100.910718,18.968949],[100.912587,18.969224],[100.91316,18.968714],[100.91275,18.967772],[100.913017,18.967292],[100.91547,18.967184],[100.916439,18.966841],[100.916819,18.966987],[100.91701,18.96746],[100.918281,18.968626],[100.919157,18.967939],[100.91905,18.967288],[100.919464,18.966641],[100.919886,18.966714],[100.920374,18.967404],[100.92193,18.967706],[100.922274,18.968098],[100.922904,18.967934],[100.923153,18.967407],[100.923811,18.967431],[100.924137,18.96683],[100.924815,18.966575],[100.926901,18.967415],[100.927343,18.967932],[100.928146,18.967936],[100.928489,18.968316],[100.92832,18.968587],[100.928559,18.968904],[100.927979,18.969509],[100.929328,18.969555],[100.92963,18.970531],[100.930442,18.971232],[100.930424,18.971538],[100.931108,18.971597],[100.931171,18.972098],[100.93093,18.972338],[100.931309,18.972897],[100.93087,18.973546],[100.930907,18.974006],[100.931889,18.974676],[100.931909,18.975017],[100.932504,18.974962],[100.933212,18.975474],[100.932996,18.976364],[100.933424,18.977215],[100.932993,18.977738],[100.933595,18.98064],[100.935108,18.981357],[100.936425,18.983444],[100.940138,18.984256],[100.942161,18.982601],[100.943079,18.982273],[100.946407,18.982682],[100.948598,18.982257],[100.949925,18.98288],[100.951256,18.982138],[100.951854,18.981298],[100.953463,18.981086],[100.955726,18.9801],[100.959814,18.980223],[100.963387,18.981847],[100.965245,18.981446],[100.966582,18.980341],[100.967201,18.979095],[100.966999,18.976885],[100.969782,18.974753],[100.970853,18.972626],[100.971291,18.972327],[100.973289,18.972799],[100.974897,18.972109],[100.976708,18.972628],[100.977273,18.972545],[100.977755,18.97296],[100.97838,18.973064],[100.979909,18.972502],[100.980601,18.972715],[100.980923,18.972184],[100.981342,18.972798],[100.986627,18.972907],[100.987701,18.973647],[100.990967,18.974616],[100.991473,18.975228],[100.991372,18.976522],[100.991559,18.976638],[100.991961,18.975717],[100.992287,18.975727],[100.996767,18.966041],[100.996838,18.952553],[100.983102,18.947556],[100.980036,18.942556],[100.973012,18.941967],[100.969488,18.936758],[100.963369,18.931905],[100.953242,18.9317],[100.938884,18.926225],[100.924524,18.924535],[100.919924,18.931622],[100.917087,18.928485],[100.907675,18.924708],[100.903499,18.92536],[100.897294,18.929297],[100.89157,18.925232],[100.886085,18.924322],[100.875742,18.928999],[100.873262,18.933206],[100.869484,18.933098],[100.86378,18.926978],[100.861407,18.920677],[100.855737,18.918013],[100.856613,18.916529],[100.855254,18.915655],[100.855389,18.912556],[100.85398,18.914997],[100.852711,18.916267],[100.846538,18.919153],[100.845273,18.920388],[100.840683,18.921115],[100.837463,18.922046],[100.834492,18.923763],[100.83241,18.925449],[100.83081,18.927216],[100.829212,18.929182],[100.829183,18.930607],[100.827856,18.931472],[100.827073,18.93156],[100.827189,18.93099],[100.826313,18.93057],[100.825687,18.930811],[100.824699,18.930296],[100.823896,18.931146],[100.82347,18.931188],[100.823262,18.930717],[100.823629,18.930427],[100.823695,18.929823],[100.824334,18.928809],[100.823243,18.928853],[100.823003,18.928501],[100.823342,18.927869],[100.822878,18.927759],[100.822673,18.927436],[100.823478,18.927056],[100.82332,18.926511],[100.823737,18.925883],[100.823784,18.924692],[100.823474,18.924562],[100.822599,18.925084],[100.82135,18.924913],[100.821092,18.924393],[100.820628,18.924229],[100.820792,18.923715],[100.820369,18.923584],[100.820155,18.922628],[100.815978,18.923582],[100.816082,18.923953],[100.815613,18.924264],[100.813655,18.924338],[100.813603,18.924616],[100.814209,18.924779],[100.813987,18.925223],[100.81424,18.925528],[100.814156,18.92605],[100.8126,18.927295],[100.811604,18.926938],[100.812077,18.927861],[100.812452,18.927909],[100.81306,18.928725],[100.813371,18.92969],[100.8152,18.931049],[100.815649,18.932735],[100.814567,18.933645],[100.812294,18.933361],[100.81129,18.934202],[100.810068,18.935742],[100.809856,18.937159],[100.810793,18.937906],[100.811151,18.938595],[100.810116,18.940225],[100.810737,18.942084],[100.80991,18.943526],[100.809759,18.945346],[100.810043,18.945766],[100.811698,18.946512],[100.811934,18.94746],[100.811712,18.948454],[100.810535,18.950446],[100.811429,18.952127],[100.811528,18.952881],[100.812078,18.953667],[100.813315,18.953823],[100.813895,18.953383],[100.813922,18.952269],[100.814647,18.952159],[100.815587,18.952742],[100.815932,18.953251],[100.816124,18.953808],[100.815821,18.95454],[100.816597,18.955752],[100.817617,18.955714],[100.818214,18.956134],[100.817945,18.957707],[100.817113,18.958711],[100.817008,18.960325],[100.816369,18.96101],[100.816377,18.962203],[100.81958,18.962476],[100.820064,18.962916],[100.820522,18.963867],[100.822622,18.964079],[100.823182,18.964414],[100.823675,18.965975],[100.822026,18.966899],[100.821708,18.967506],[100.821636,18.968413],[100.823051,18.969004],[100.825679,18.968809],[100.826145,18.968406],[100.826893,18.965995],[100.827495,18.965535],[100.827904,18.9656],[100.828236,18.965966],[100.828363,18.966684],[100.829669,18.968394],[100.830931,18.970997],[100.832419,18.975243],[100.833757,18.975935],[100.834071,18.976902],[100.835265,18.977966],[100.836093,18.979452],[100.835702,18.98197],[100.836649,18.983229],[100.836589,18.984491],[100.834789,18.985177],[100.833787,18.984761],[100.833171,18.984826],[100.833002,18.985075],[100.833059,18.985666],[100.834071,18.986653],[100.834555,18.990298],[100.83403,18.990876],[100.832428,18.991597],[100.830616,18.991581],[100.830572,18.992507],[100.830991,18.993777],[100.83111,18.993987],[100.831667,18.99394],[100.834022,18.99307],[100.8353,18.992246],[100.837064,18.991616],[100.837692,18.990754],[100.83976,18.989598],[100.840473,18.990013],[100.841067,18.990028],[100.843103,18.989437],[100.8435,18.989677],[100.845365,18.989748],[100.846643,18.990326],[100.848337,18.99014]]]},"bbox":[100.809734,18.912556,100.996838,18.993995]},{"type":"Feature","id":"5ca9f842-ba25-409e-bdef-bb7d89c59faa","properties":{"id":"5ca9f842-ba25-409e-bdef-bb7d89c59faa","code":"06551103","provinceCode":"55","nameTh":"องค์การบริหารส่วนตำบล พงษ์","nameEn":null,"geometryType":"MUNICIPALITY","sourceUrl":"https://landometer.com/api/v2/citymeter-v3/grocery/info/geom/5ca9f842-ba25-409e-bdef-bb7d89c59faa/MUNICIPALITY","sourceSha256":"9c5bef760622fc51645fe2a4486b9c4f4a4ebd0198b79670553e77bb5c023285","retrievedAt":"2026-10-04T05:43:55.182723+00:00","boundaryVintage":null,"geometryStatus":"native_source_polygon_display_simplified","simplificationToleranceDegrees":0.00015,"simplificationPreservesTopology":true,"invalidSourceRepair":"make_valid; retain polygonal components; discard zero-area collapsed lines","legalBoundaryIndependentlyVerified":false,"areaId":"5ca9f842-ba25-409e-bdef-bb7d89c59faa"},"geometry":{"type":"Polygon","coordinates":[[[101.037976,18.973124],[101.03785,18.971372],[101.038912,18.970181],[101.040061,18.970078],[101.040562,18.96913],[101.041616,18.968924],[101.042232,18.968443],[101.042225,18.967036],[101.042725,18.966391],[101.046036,18.965349],[101.047281,18.964305],[101.04811,18.963383],[101.048325,18.962611],[101.049341,18.961741],[101.050045,18.960738],[101.050454,18.960562],[101.054851,18.960264],[101.056137,18.960505],[101.056747,18.960036],[101.05776,18.959841],[101.060075,18.96036],[101.061458,18.959361],[101.062887,18.959138],[101.064534,18.959428],[101.066368,18.960225],[101.067285,18.96027],[101.068244,18.961228],[101.068879,18.961207],[101.069686,18.96154],[101.073255,18.961352],[101.074544,18.960344],[101.075259,18.960142],[101.077213,18.960486],[101.078641,18.96127],[101.080448,18.960222],[101.08318,18.960133],[101.085826,18.959149],[101.087116,18.95905],[101.088807,18.959678],[101.09091,18.961162],[101.091671,18.961292],[101.092594,18.960367],[101.094944,18.955994],[101.09643,18.954546],[101.097757,18.954086],[101.09904,18.954556],[101.100231,18.955836],[101.101526,18.956652],[101.101682,18.957604],[101.102111,18.957887],[101.106494,18.95951],[101.107412,18.959349],[101.108217,18.95836],[101.108662,18.958263],[101.111726,18.960626],[101.112572,18.959436],[101.11407,18.958807],[101.116539,18.958915],[101.118892,18.95949],[101.120352,18.958861],[101.121949,18.959141],[101.123584,18.958981],[101.124213,18.958273],[101.125149,18.957985],[101.125785,18.956613],[101.126356,18.956079],[101.12763,18.956451],[101.1301,18.955398],[101.132526,18.9556],[101.133868,18.955234],[101.135429,18.955718],[101.136296,18.955185],[101.137285,18.955195],[101.137652,18.95374],[101.137307,18.952573],[101.132906,18.94927],[101.130773,18.948068],[101.127515,18.943678],[101.12576,18.942151],[101.124295,18.94048],[101.123328,18.939899],[101.121934,18.93859],[101.120787,18.937098],[101.119362,18.932157],[101.116795,18.926263],[101.116367,18.924699],[101.116467,18.92335],[101.117782,18.92125],[101.118534,18.91949],[101.118772,18.917268],[101.118573,18.914686],[101.118766,18.914145],[101.12394,18.911621],[101.125887,18.911519],[101.126785,18.91204],[101.128614,18.914373],[101.130398,18.915835],[101.133546,18.917138],[101.134659,18.918203],[101.13666,18.919021],[101.137386,18.919813],[101.139996,18.920702],[101.142261,18.923989],[101.143971,18.924794],[101.144727,18.925926],[101.146617,18.925944],[101.149038,18.92636],[101.150559,18.925463],[101.151531,18.925261],[101.153653,18.925752],[101.155114,18.926654],[101.156655,18.926668],[101.15879,18.927578],[101.159982,18.927628],[101.161205,18.926885],[101.163735,18.924152],[101.164174,18.923315],[101.164389,18.921212],[101.166255,18.92058],[101.167053,18.917899],[101.16897,18.91607],[101.169508,18.913226],[101.169065,18.911178],[101.169132,18.910583],[101.170238,18.909112],[101.172156,18.908043],[101.17269,18.907466],[101.173136,18.902658],[101.17378,18.900903],[101.171905,18.900052],[101.1698,18.899588],[101.169023,18.899094],[101.167694,18.898695],[101.166267,18.897296],[101.165307,18.89686],[101.164869,18.895718],[101.163341,18.895062],[101.16237,18.894324],[101.160358,18.893685],[101.159722,18.892254],[101.156502,18.890794],[101.155052,18.888829],[101.150753,18.888534],[101.148977,18.887697],[101.147882,18.886738],[101.146557,18.886479],[101.145653,18.885262],[101.142641,18.883684],[101.142146,18.882447],[101.1416,18.881984],[101.141157,18.880787],[101.140207,18.879529],[101.13878,18.879594],[101.137306,18.879258],[101.134935,18.877395],[101.134774,18.876592],[101.133764,18.875745],[101.13339,18.874766],[101.131439,18.87537],[101.130107,18.874701],[101.128967,18.875206],[101.127845,18.874834],[101.127287,18.873821],[101.127347,18.873329],[101.128583,18.872649],[101.128747,18.872249],[101.127306,18.871935],[101.126743,18.870891],[101.126052,18.870814],[101.125252,18.87106],[101.124512,18.870796],[101.124529,18.870277],[101.125127,18.869327],[101.125097,18.868398],[101.124016,18.867212],[101.123045,18.86733],[101.122578,18.867143],[101.122353,18.866373],[101.122799,18.865626],[101.122724,18.864951],[101.122373,18.864643],[101.121373,18.864636],[101.121495,18.863535],[101.120234,18.862204],[101.119121,18.862194],[101.118846,18.861934],[101.118917,18.859725],[101.118647,18.859536],[101.117978,18.859749],[101.117699,18.859582],[101.117606,18.858533],[101.118154,18.85808],[101.118153,18.857597],[101.117686,18.857464],[101.116842,18.857893],[101.116569,18.857105],[101.115754,18.856489],[101.11485,18.856347],[101.114563,18.85589],[101.113173,18.855474],[101.112342,18.855754],[101.111813,18.855577],[101.111454,18.854889],[101.110487,18.854336],[101.111435,18.853364],[101.111513,18.852942],[101.109127,18.852341],[101.108906,18.851319],[101.108543,18.85106],[101.106384,18.851935],[101.104279,18.853787],[101.103225,18.854244],[101.101421,18.853509],[101.097668,18.853075],[101.091773,18.853618],[101.088137,18.8552],[101.087744,18.855801],[101.08797,18.857252],[101.087765,18.857541],[101.080889,18.860375],[101.078817,18.860867],[101.075614,18.860434],[101.074581,18.860557],[101.074167,18.860871],[101.073393,18.862414],[101.072742,18.86312],[101.070433,18.863996],[101.069992,18.864828],[101.06889,18.8655],[101.067572,18.866961],[101.065089,18.867974],[101.064159,18.86978],[101.063533,18.870446],[101.061831,18.871212],[101.06044,18.871474],[101.058323,18.871063],[101.056011,18.869366],[101.054926,18.869235],[101.053346,18.86852],[101.05218,18.868401],[101.05113,18.868526],[101.050161,18.869139],[101.048943,18.868902],[101.047978,18.869848],[101.047018,18.870205],[101.046319,18.870862],[101.044708,18.871744],[101.04317,18.871391],[101.041649,18.871986],[101.038001,18.871702],[101.036549,18.870945],[101.035812,18.870267],[101.03517,18.870274],[101.032279,18.869204],[101.032325,18.86861],[101.033283,18.868028],[101.034305,18.866787],[101.033752,18.865986],[101.033197,18.866138],[101.03296,18.865612],[101.03248,18.865926],[101.030722,18.864749],[101.031034,18.864448],[101.03117,18.863714],[101.030977,18.862664],[101.031602,18.862422],[101.031806,18.861373],[101.031288,18.86127],[101.030975,18.86154],[101.028761,18.860856],[101.027996,18.859978],[101.027948,18.859152],[101.026893,18.858513],[101.026565,18.857519],[101.025761,18.857803],[101.024289,18.857547],[101.023535,18.857938],[101.021817,18.857492],[101.020668,18.857939],[101.019101,18.859029],[101.018964,18.858776],[101.019281,18.858384],[101.019116,18.858032],[101.019478,18.857269],[101.018773,18.856778],[101.018805,18.856443],[101.018444,18.856119],[101.017514,18.856225],[101.016648,18.855988],[101.016058,18.85662],[101.015267,18.856456],[101.014928,18.856227],[101.01507,18.855943],[101.014584,18.855837],[101.015152,18.855084],[101.014602,18.854804],[101.01413,18.854872],[101.013572,18.85566],[101.0113,18.856011],[101.010636,18.854974],[101.010118,18.854637],[101.007558,18.854647],[101.006274,18.852506],[101.005611,18.853056],[101.003954,18.853476],[101.002109,18.855272],[101.000512,18.855419],[100.998742,18.855173],[100.997015,18.854377],[100.996506,18.853739],[100.996693,18.853347],[100.998167,18.852121],[100.998925,18.850768],[100.998864,18.850133],[100.998052,18.849569],[100.995994,18.849603],[100.995864,18.848058],[100.994998,18.84668],[100.993992,18.845947],[100.992866,18.845599],[100.991377,18.846099],[100.989709,18.846011],[100.988248,18.846297],[100.982842,18.848256],[100.98199,18.848812],[100.980408,18.850807],[100.976593,18.853188],[100.974657,18.852757],[100.971213,18.854502],[100.969403,18.857667],[100.968083,18.858736],[100.967563,18.859919],[100.967051,18.860128],[100.965898,18.8593],[100.964965,18.859575],[100.964611,18.860176],[100.964005,18.860498],[100.96041,18.860491],[100.957987,18.86153],[100.957541,18.861453],[100.956308,18.860587],[100.955543,18.860414],[100.951928,18.861634],[100.949868,18.859675],[100.949142,18.859566],[100.947639,18.85983],[100.946826,18.859604],[100.945765,18.85966],[100.945574,18.859937],[100.94602,18.860807],[100.945049,18.862035],[100.944519,18.86209],[100.943648,18.861378],[100.94285,18.861192],[100.942336,18.861775],[100.940857,18.861736],[100.939652,18.863237],[100.937719,18.862405],[100.935793,18.862222],[100.932346,18.860704],[100.931676,18.860176],[100.931699,18.858816],[100.931342,18.858002],[100.930551,18.857347],[100.928959,18.856877],[100.926013,18.857468],[100.923984,18.857028],[100.9212,18.856861],[100.920228,18.857143],[100.918827,18.85801],[100.917116,18.858163],[100.916369,18.858699],[100.915435,18.859749],[100.92548,18.857892],[100.924317,18.86484],[100.919889,18.864895],[100.918826,18.867836],[100.925472,18.871634],[100.926675,18.881921],[100.93103,18.882281],[100.936083,18.890203],[100.940824,18.892425],[100.94221,18.899252],[100.946324,18.903508],[100.938686,18.926202],[100.953242,18.9317],[100.963369,18.931905],[100.969488,18.936758],[100.973012,18.941967],[100.980036,18.942556],[100.983102,18.947556],[100.996838,18.952553],[100.996767,18.966041],[100.992287,18.975727],[100.993357,18.97846],[100.993436,18.979719],[100.994006,18.980704],[100.995505,18.981522],[100.996734,18.981622],[100.997763,18.982387],[100.998363,18.982527],[101.000631,18.980844],[101.002455,18.980226],[101.003628,18.978821],[101.004699,18.978653],[101.008603,18.976835],[101.009978,18.976924],[101.010752,18.976737],[101.010847,18.975889],[101.012395,18.975267],[101.016158,18.97484],[101.017344,18.974597],[101.018266,18.974044],[101.019391,18.97405],[101.021451,18.972718],[101.026264,18.972585],[101.029049,18.973628],[101.030559,18.973337],[101.031458,18.974013],[101.03225,18.974201],[101.033375,18.973866],[101.034549,18.973958],[101.037533,18.973513],[101.037976,18.973124]]]},"bbox":[100.915435,18.845595,101.17378,18.982544]},{"type":"Feature","id":"c80993c9-8283-457e-8418-d47932271c1c","properties":{"id":"c80993c9-8283-457e-8418-d47932271c1c","code":"06551202","provinceCode":"55","nameTh":"องค์การบริหารส่วนตำบล ดงพญา","nameEn":null,"geometryType":"MUNICIPALITY","sourceUrl":"https://landometer.com/api/v2/citymeter-v3/grocery/info/geom/c80993c9-8283-457e-8418-d47932271c1c/MUNICIPALITY","sourceSha256":"547fd21fdb0f0dcbb73cfbce1a81f5d23b8a3c74712ee9d0190ddac56607f1ec","retrievedAt":"2026-10-04T05:43:55.064999+00:00","boundaryVintage":null,"geometryStatus":"native_source_polygon_display_simplified","simplificationToleranceDegrees":0.00015,"simplificationPreservesTopology":true,"invalidSourceRepair":"make_valid; retain polygonal components; discard zero-area collapsed lines","legalBoundaryIndependentlyVerified":false,"areaId":"c80993c9-8283-457e-8418-d47932271c1c"},"geometry":{"type":"Polygon","coordinates":[[[101.246809,19.257507],[101.247946,19.2561],[101.247638,19.255124],[101.248134,19.251411],[101.248878,19.249488],[101.249041,19.24843],[101.248789,19.245901],[101.249981,19.24452],[101.250344,19.242925],[101.25092,19.241693],[101.253827,19.239715],[101.255293,19.236376],[101.255461,19.234586],[101.258209,19.232934],[101.259477,19.23137],[101.259792,19.230536],[101.259707,19.229735],[101.258534,19.227416],[101.254328,19.221047],[101.25433,19.217908],[101.253761,19.213219],[101.254699,19.212152],[101.254717,19.21178],[101.254501,19.211557],[101.253646,19.211533],[101.253561,19.210552],[101.253212,19.209784],[101.251707,19.208245],[101.250519,19.206019],[101.250863,19.203792],[101.252446,19.199241],[101.252636,19.197304],[101.252422,19.195749],[101.252707,19.192604],[101.252003,19.190617],[101.249444,19.186787],[101.248616,19.185639],[101.247177,19.184435],[101.24575,19.180731],[101.245656,19.179152],[101.246625,19.178713],[101.247359,19.177867],[101.248597,19.174248],[101.250761,19.171916],[101.248294,19.164227],[101.246851,19.162666],[101.238851,19.161161],[101.228612,19.145569],[101.224308,19.144195],[101.222453,19.145823],[101.224152,19.149139],[101.223412,19.152882],[101.220878,19.1539],[101.218498,19.159233],[101.213747,19.16437],[101.215432,19.167127],[101.214523,19.172751],[101.211202,19.174008],[101.200883,19.173511],[101.192241,19.177421],[101.185127,19.187703],[101.178838,19.193789],[101.174509,19.201939],[101.157958,19.205939],[101.155972,19.207759],[101.155242,19.21585],[101.155696,19.21595],[101.155243,19.215862],[101.15546,19.222926],[101.153302,19.229689],[101.149311,19.231869],[101.133613,19.23385],[101.129475,19.235836],[101.129706,19.236835],[101.12916,19.237086],[101.129703,19.237921],[101.129384,19.238937],[101.13027,19.240356],[101.129855,19.241119],[101.128716,19.241882],[101.128423,19.242637],[101.128633,19.244114],[101.129215,19.24545],[101.128612,19.248745],[101.129601,19.250707],[101.129433,19.252945],[101.128354,19.254273],[101.126681,19.254719],[101.126752,19.256193],[101.126322,19.257809],[101.126554,19.259204],[101.125625,19.261699],[101.126927,19.265322],[101.12788,19.267085],[101.128072,19.2685],[101.128924,19.270224],[101.129039,19.271056],[101.128627,19.272658],[101.128727,19.274172],[101.128825,19.273485],[101.137749,19.268102],[101.152883,19.266583],[101.159535,19.262839],[101.164188,19.262495],[101.166098,19.259853],[101.16979,19.261313],[101.173361,19.259431],[101.171232,19.256135],[101.174878,19.255441],[101.173249,19.252642],[101.173631,19.248223],[101.175604,19.246989],[101.172743,19.241224],[101.174643,19.239894],[101.184199,19.245496],[101.198332,19.247462],[101.196018,19.263712],[101.200464,19.27151],[101.205663,19.275923],[101.212908,19.276783],[101.241491,19.271734],[101.241212,19.272798],[101.241393,19.272766],[101.242078,19.270379],[101.243378,19.268342],[101.243501,19.267541],[101.24308,19.265907],[101.243106,19.264601],[101.243623,19.263543],[101.245019,19.261886],[101.246809,19.257507]]]},"bbox":[101.125625,19.144195,101.259792,19.276783]},{"type":"Feature","id":"14d54100-7bef-4435-9101-6c9bc45571a9","properties":{"id":"14d54100-7bef-4435-9101-6c9bc45571a9","code":"06551203","provinceCode":"55","nameTh":"องค์การบริหารส่วนตำบล บ่อเกลือเหนือ","nameEn":null,"geometryType":"MUNICIPALITY","sourceUrl":"https://landometer.com/api/v2/citymeter-v3/grocery/info/geom/14d54100-7bef-4435-9101-6c9bc45571a9/MUNICIPALITY","sourceSha256":"2ad3fe3762a1aab1bd51f690e75dbf8347572e12d9f13604827636225e0fe337","retrievedAt":"2026-10-04T05:43:55.075244+00:00","boundaryVintage":null,"geometryStatus":"native_source_polygon_display_simplified","simplificationToleranceDegrees":0.00015,"simplificationPreservesTopology":true,"invalidSourceRepair":"make_valid; retain polygonal components; discard zero-area collapsed lines","legalBoundaryIndependentlyVerified":false,"areaId":"14d54100-7bef-4435-9101-6c9bc45571a9"},"geometry":{"type":"Polygon","coordinates":[[[101.160144,19.354449],[101.160921,19.353412],[101.161561,19.353823],[101.162058,19.353724],[101.162328,19.354426],[101.162673,19.354609],[101.163427,19.354491],[101.16399,19.35481],[101.164418,19.354284],[101.164938,19.354226],[101.16601,19.356005],[101.166821,19.355989],[101.167963,19.355682],[101.168156,19.354156],[101.168642,19.353582],[101.169594,19.353966],[101.170116,19.353776],[101.170746,19.353964],[101.171776,19.353621],[101.172263,19.353754],[101.173032,19.352893],[101.173528,19.35303],[101.173905,19.352236],[101.17492,19.351821],[101.175796,19.352027],[101.176105,19.352478],[101.176587,19.352673],[101.177719,19.352688],[101.178397,19.352051],[101.17951,19.352013],[101.182833,19.35313],[101.183669,19.352691],[101.185337,19.352995],[101.18703,19.353008],[101.187752,19.352754],[101.189035,19.352945],[101.189653,19.3536],[101.189652,19.354236],[101.189913,19.354529],[101.190504,19.354888],[101.191124,19.354932],[101.193185,19.356096],[101.194058,19.356054],[101.194876,19.35643],[101.197602,19.356105],[101.200109,19.356273],[101.200805,19.356112],[101.202888,19.354601],[101.204261,19.354119],[101.204466,19.351823],[101.205618,19.349736],[101.207083,19.349048],[101.210345,19.348195],[101.213353,19.348159],[101.214175,19.347925],[101.218018,19.345769],[101.219401,19.343989],[101.220054,19.34408],[101.220939,19.34544],[101.222092,19.345426],[101.223987,19.344687],[101.224979,19.344831],[101.226297,19.346013],[101.22708,19.347174],[101.227949,19.347756],[101.228484,19.347787],[101.228719,19.347012],[101.23061,19.344583],[101.231523,19.342268],[101.232039,19.339417],[101.232884,19.337217],[101.233324,19.334842],[101.234617,19.334335],[101.23564,19.333559],[101.236714,19.332121],[101.239734,19.329307],[101.241128,19.327522],[101.2419,19.325663],[101.241802,19.324949],[101.240866,19.3238],[101.239869,19.323518],[101.237524,19.323578],[101.236657,19.32331],[101.234122,19.32075],[101.232287,19.319386],[101.231475,19.318385],[101.230941,19.314984],[101.230621,19.314231],[101.228994,19.311853],[101.22778,19.310563],[101.227451,19.305898],[101.227698,19.304549],[101.228217,19.303574],[101.228773,19.300137],[101.229678,19.296992],[101.231072,19.295209],[101.232674,19.292412],[101.233633,19.291265],[101.234818,19.290408],[101.2359,19.288545],[101.237383,19.286802],[101.238965,19.285814],[101.239919,19.28433],[101.240954,19.281379],[101.239675,19.279081],[101.240626,19.277674],[101.240556,19.275783],[101.241491,19.271734],[101.212908,19.276783],[101.205663,19.275923],[101.200464,19.27151],[101.196018,19.263712],[101.198332,19.247462],[101.184199,19.245496],[101.174643,19.239894],[101.172743,19.241224],[101.175604,19.246989],[101.173631,19.248223],[101.173249,19.252642],[101.174878,19.255441],[101.171232,19.256135],[101.173361,19.259431],[101.16979,19.261313],[101.166098,19.259853],[101.164188,19.262495],[101.159535,19.262839],[101.152883,19.266583],[101.137749,19.268102],[101.128825,19.273485],[101.128581,19.276293],[101.127614,19.278208],[101.127389,19.279763],[101.126544,19.280937],[101.126399,19.281978],[101.126764,19.282429],[101.127975,19.283052],[101.128249,19.283518],[101.127866,19.28644],[101.128755,19.288341],[101.128695,19.289355],[101.127813,19.290248],[101.125052,19.291294],[101.124347,19.292427],[101.123455,19.293072],[101.121863,19.293573],[101.121822,19.294333],[101.122789,19.294983],[101.122976,19.295368],[101.122476,19.296622],[101.122498,19.297746],[101.121619,19.299446],[101.11914,19.300385],[101.119175,19.302578],[101.117651,19.304376],[101.117605,19.307563],[101.117267,19.307829],[101.114231,19.308499],[101.112673,19.309379],[101.112203,19.310088],[101.112631,19.316284],[101.114156,19.319046],[101.113133,19.320879],[101.113326,19.322332],[101.112504,19.325066],[101.11326,19.326754],[101.113048,19.328343],[101.113196,19.330231],[101.113521,19.331235],[101.113013,19.332441],[101.113994,19.334651],[101.11416,19.335738],[101.11367,19.338324],[101.113744,19.340089],[101.112823,19.341334],[101.112775,19.3427],[101.1122,19.343231],[101.113138,19.346463],[101.114005,19.348413],[101.116231,19.34974],[101.116696,19.350461],[101.117053,19.351854],[101.119636,19.355319],[101.120547,19.356035],[101.125959,19.356422],[101.127026,19.356211],[101.127811,19.355767],[101.129135,19.355708],[101.134469,19.357551],[101.139021,19.358233],[101.142057,19.358043],[101.145137,19.358875],[101.146669,19.358592],[101.147529,19.359284],[101.148972,19.359167],[101.150793,19.359434],[101.151467,19.359773],[101.151965,19.360427],[101.153519,19.360238],[101.155126,19.360766],[101.156061,19.360643],[101.156557,19.361561],[101.157506,19.362486],[101.157959,19.363475],[101.158472,19.363791],[101.161446,19.362896],[101.160374,19.361715],[101.160931,19.359978],[101.159953,19.359425],[101.160079,19.358568],[101.159314,19.358083],[101.158834,19.35645],[101.158906,19.355699],[101.160284,19.354954],[101.160144,19.354449]]]},"bbox":[101.112185,19.239894,101.2419,19.363791]},{"type":"Feature","id":"ca9b5ee0-8fe5-48aa-bb83-ab5d3acd2784","properties":{"id":"ca9b5ee0-8fe5-48aa-bb83-ab5d3acd2784","code":"06551204","provinceCode":"55","nameTh":"องค์การบริหารส่วนตำบล ภูฟ้า","nameEn":null,"geometryType":"MUNICIPALITY","sourceUrl":"https://landometer.com/api/v2/citymeter-v3/grocery/info/geom/ca9b5ee0-8fe5-48aa-bb83-ab5d3acd2784/MUNICIPALITY","sourceSha256":"62435f69d60af0c7c5c6818f8595105298bc601ee124f69556b46b260633e753","retrievedAt":"2026-10-04T05:43:55.084550+00:00","boundaryVintage":null,"geometryStatus":"native_source_polygon_display_simplified","simplificationToleranceDegrees":0.00015,"simplificationPreservesTopology":true,"invalidSourceRepair":"make_valid; retain polygonal components; discard zero-area collapsed lines","legalBoundaryIndependentlyVerified":false,"areaId":"ca9b5ee0-8fe5-48aa-bb83-ab5d3acd2784"},"geometry":{"type":"Polygon","coordinates":[[[101.182272,19.042148],[101.183614,19.043214],[101.188736,19.042166],[101.190866,19.039996],[101.191418,19.038226],[101.188031,19.03491],[101.19083,19.03616],[101.193516,19.033408],[101.196626,19.029135],[101.194986,19.025917],[101.198121,19.022666],[101.203472,19.026704],[101.212908,19.023446],[101.215246,19.027583],[101.220646,19.029372],[101.22907,19.029176],[101.227675,19.024152],[101.231439,19.020334],[101.234166,19.010101],[101.239343,19.005425],[101.268986,18.998677],[101.290892,18.989536],[101.304781,18.988138],[101.306173,18.997491],[101.306468,18.997859],[101.306223,18.99695],[101.306261,18.991123],[101.305321,18.988376],[101.304692,18.987835],[101.301634,18.987186],[101.299289,18.986163],[101.297443,18.984618],[101.293294,18.981984],[101.292514,18.98089],[101.292497,18.978937],[101.291588,18.977551],[101.292018,18.975711],[101.293262,18.974307],[101.293983,18.972426],[101.293842,18.971222],[101.293192,18.970287],[101.292742,18.968835],[101.292638,18.966468],[101.294803,18.962819],[101.29547,18.960569],[101.296425,18.95565],[101.296249,18.953971],[101.294842,18.952995],[101.293776,18.951841],[101.294195,18.949943],[101.296241,18.94654],[101.296635,18.944926],[101.296412,18.942479],[101.294458,18.937987],[101.29356,18.936929],[101.291507,18.935418],[101.289705,18.934707],[101.287432,18.934639],[101.285164,18.935832],[101.282602,18.935816],[101.28155,18.935516],[101.280189,18.934692],[101.279548,18.934004],[101.279367,18.931808],[101.279045,18.931295],[101.275997,18.930889],[101.274256,18.930122],[101.274166,18.928844],[101.274499,18.927059],[101.275047,18.924737],[101.275953,18.922641],[101.275769,18.920032],[101.275259,18.918275],[101.273881,18.916274],[101.27323,18.915706],[101.271872,18.915146],[101.26922,18.913124],[101.268321,18.912883],[101.267618,18.912231],[101.266032,18.911614],[101.264525,18.910287],[101.261243,18.909527],[101.257477,18.906986],[101.256615,18.90666],[101.254721,18.906474],[101.254084,18.906127],[101.252296,18.902665],[101.250499,18.900071],[101.24972,18.898531],[101.248985,18.895971],[101.246549,18.89664],[101.243032,18.894919],[101.241309,18.89501],[101.239747,18.894138],[101.239122,18.894059],[101.236243,18.895455],[101.23439,18.895425],[101.233494,18.895654],[101.231093,18.897219],[101.229676,18.897577],[101.227546,18.898644],[101.22446,18.898897],[101.223051,18.899976],[101.221136,18.900543],[101.220665,18.90014],[101.2204,18.899506],[101.220144,18.896811],[101.218896,18.894635],[101.218263,18.894118],[101.216775,18.894247],[101.213629,18.896541],[101.212669,18.896671],[101.21041,18.895601],[101.20818,18.895642],[101.206896,18.893987],[101.205747,18.89311],[101.20405,18.892344],[101.201401,18.891835],[101.197525,18.889305],[101.195654,18.889284],[101.193921,18.888562],[101.192548,18.888788],[101.190874,18.888467],[101.189776,18.888611],[101.187641,18.890208],[101.18475,18.890738],[101.183393,18.891355],[101.182584,18.892328],[101.182106,18.893388],[101.181582,18.896537],[101.181222,18.897072],[101.17564,18.900623],[101.174851,18.900925],[101.17378,18.900903],[101.173136,18.902658],[101.17269,18.907466],[101.172156,18.908043],[101.170238,18.909112],[101.169132,18.910583],[101.169065,18.911178],[101.169508,18.913226],[101.16897,18.91607],[101.167053,18.917899],[101.166255,18.92058],[101.164389,18.921212],[101.164174,18.923315],[101.163735,18.924152],[101.161205,18.926885],[101.159691,18.927679],[101.15879,18.927578],[101.156655,18.926668],[101.154855,18.926578],[101.153653,18.925752],[101.152032,18.925319],[101.150849,18.92534],[101.149038,18.92636],[101.146617,18.925944],[101.144727,18.925926],[101.143971,18.924794],[101.142261,18.923989],[101.139996,18.920702],[101.137386,18.919813],[101.13666,18.919021],[101.134659,18.918203],[101.133546,18.917138],[101.130398,18.915835],[101.128614,18.914373],[101.126785,18.91204],[101.125887,18.911519],[101.12394,18.911621],[101.119171,18.913831],[101.118644,18.91436],[101.118772,18.917268],[101.118534,18.91949],[101.117782,18.92125],[101.116467,18.92335],[101.116367,18.924699],[101.116795,18.926263],[101.119362,18.932157],[101.120787,18.937098],[101.121934,18.93859],[101.123328,18.939899],[101.124295,18.94048],[101.12576,18.942151],[101.127515,18.943678],[101.130773,18.948068],[101.132906,18.94927],[101.136818,18.952153],[101.137463,18.952766],[101.137652,18.95374],[101.137373,18.955136],[101.136296,18.955185],[101.135429,18.955718],[101.133664,18.955226],[101.132526,18.9556],[101.129886,18.955432],[101.12763,18.956451],[101.126213,18.956112],[101.125149,18.957985],[101.124213,18.958273],[101.123584,18.958981],[101.121949,18.959141],[101.120352,18.958861],[101.118892,18.95949],[101.116539,18.958915],[101.114438,18.958777],[101.112763,18.959309],[101.11186,18.960353],[101.114107,18.964646],[101.110126,18.966034],[101.108446,18.969628],[101.111252,18.970596],[101.110663,18.973591],[101.112692,18.972897],[101.113705,18.977833],[101.111079,18.980731],[101.113337,18.984259],[101.110333,18.989617],[101.111045,18.992281],[101.116098,18.996164],[101.117604,19.000865],[101.120967,19.00391],[101.118812,19.008594],[101.119045,19.013711],[101.11739,19.015276],[101.118781,19.017577],[101.115982,19.020173],[101.119968,19.022819],[101.113443,19.028646],[101.113117,19.031388],[101.114379,19.032689],[101.120708,19.031906],[101.121749,19.033263],[101.122465,19.04381],[101.133224,19.044339],[101.140183,19.051656],[101.15541,19.058833],[101.159525,19.063392],[101.165704,19.061674],[101.170704,19.054597],[101.169503,19.05264],[101.172035,19.052558],[101.175978,19.045299],[101.179362,19.048744],[101.182272,19.042148]]]},"bbox":[101.108446,18.888445,101.306468,19.063392]},{"type":"Feature","id":"b1854cb2-5ffd-4771-a7ee-9b4f66f8153c","properties":{"id":"b1854cb2-5ffd-4771-a7ee-9b4f66f8153c","code":"06551302","provinceCode":"55","nameTh":"องค์การบริหารส่วนตำบล นาไร่หลวง","nameEn":null,"geometryType":"MUNICIPALITY","sourceUrl":"https://landometer.com/api/v2/citymeter-v3/grocery/info/geom/b1854cb2-5ffd-4771-a7ee-9b4f66f8153c/MUNICIPALITY","sourceSha256":"01c6ff1a5aa4e71f9a707cb85cd0203ddd48e2ad6dff4f9202272d18efc26ab8","retrievedAt":"2026-10-04T05:43:55.108485+00:00","boundaryVintage":null,"geometryStatus":"native_source_polygon_display_simplified","simplificationToleranceDegrees":0.00015,"simplificationPreservesTopology":true,"invalidSourceRepair":"make_valid; retain polygonal components; discard zero-area collapsed lines","legalBoundaryIndependentlyVerified":false,"areaId":"b1854cb2-5ffd-4771-a7ee-9b4f66f8153c"},"geometry":{"type":"Polygon","coordinates":[[[100.687294,19.385692],[100.691034,19.385405],[100.707382,19.390442],[100.725206,19.38959],[100.728881,19.391743],[100.740012,19.38534],[100.749717,19.384439],[100.751215,19.382979],[100.751323,19.37618],[100.755765,19.373571],[100.774165,19.376938],[100.779571,19.375013],[100.78396,19.377896],[100.783762,19.376456],[100.782651,19.375804],[100.782458,19.37535],[100.783291,19.373021],[100.783591,19.37112],[100.784606,19.370677],[100.784827,19.370263],[100.784757,19.369494],[100.784237,19.368852],[100.78423,19.367567],[100.785123,19.36723],[100.78551,19.366166],[100.785514,19.364603],[100.784185,19.363949],[100.784309,19.362804],[100.785352,19.362261],[100.786558,19.360771],[100.787892,19.360479],[100.789231,19.359774],[100.78906,19.35893],[100.78963,19.358367],[100.789136,19.357795],[100.789104,19.357263],[100.790966,19.355886],[100.791485,19.355091],[100.79047,19.352768],[100.791215,19.352371],[100.791231,19.351304],[100.791957,19.349983],[100.791476,19.348919],[100.791551,19.347665],[100.791188,19.347173],[100.789365,19.346823],[100.787515,19.346098],[100.783572,19.343525],[100.779695,19.343471],[100.778914,19.343012],[100.778842,19.342566],[100.779356,19.341861],[100.781536,19.340714],[100.781957,19.339777],[100.783595,19.337832],[100.784749,19.336847],[100.785398,19.335735],[100.790678,19.333551],[100.792219,19.331055],[100.791809,19.329686],[100.79191,19.329317],[100.795142,19.326999],[100.795836,19.32569],[100.797091,19.324759],[100.798082,19.323516],[100.798511,19.322521],[100.797606,19.321581],[100.797569,19.320195],[100.795921,19.317479],[100.795948,19.316488],[100.796653,19.314874],[100.795549,19.314099],[100.795076,19.313177],[100.793885,19.311971],[100.793785,19.310266],[100.793012,19.307811],[100.790701,19.305861],[100.79118,19.303303],[100.790477,19.302794],[100.789298,19.301334],[100.789076,19.300062],[100.786096,19.299168],[100.785297,19.299165],[100.784584,19.29946],[100.782162,19.299325],[100.779544,19.298281],[100.779064,19.297754],[100.777569,19.294022],[100.775745,19.292183],[100.775619,19.29141],[100.776125,19.290383],[100.776277,19.289314],[100.779002,19.284996],[100.77891,19.283282],[100.779583,19.282559],[100.77976,19.281835],[100.779578,19.2791],[100.780116,19.277611],[100.780133,19.276744],[100.779766,19.276015],[100.778148,19.274312],[100.777707,19.27405],[100.769459,19.277266],[100.766624,19.277625],[100.765299,19.277244],[100.762965,19.275862],[100.761984,19.275581],[100.756903,19.276366],[100.755807,19.27626],[100.754247,19.275683],[100.75357,19.275103],[100.752759,19.27341],[100.752614,19.272617],[100.752887,19.270551],[100.751546,19.269415],[100.749896,19.269019],[100.749851,19.268426],[100.748283,19.268792],[100.747101,19.268656],[100.745963,19.267725],[100.744575,19.268442],[100.743538,19.268368],[100.742467,19.267755],[100.740569,19.26809],[100.740371,19.267904],[100.738745,19.268065],[100.73816,19.267918],[100.7347,19.269827],[100.733899,19.26963],[100.732278,19.268673],[100.731252,19.268639],[100.729599,19.270012],[100.727561,19.272512],[100.726794,19.274008],[100.725589,19.274486],[100.72521,19.276317],[100.72571,19.277521],[100.725299,19.279621],[100.724605,19.280019],[100.723753,19.28008],[100.723296,19.280648],[100.722983,19.280505],[100.722961,19.279776],[100.722713,19.27947],[100.721848,19.279678],[100.720299,19.27928],[100.71953,19.279431],[100.719128,19.27979],[100.719111,19.280976],[100.718,19.280971],[100.717653,19.282145],[100.716984,19.282985],[100.715642,19.283525],[100.71406,19.284952],[100.713494,19.28485],[100.71296,19.285253],[100.711216,19.285278],[100.710752,19.285527],[100.71054,19.286275],[100.70973,19.286936],[100.708547,19.286725],[100.706449,19.286824],[100.706132,19.287253],[100.706157,19.288019],[100.705717,19.288561],[100.704805,19.288233],[100.704012,19.288664],[100.703611,19.288267],[100.702184,19.287854],[100.70198,19.288015],[100.702147,19.288932],[100.701873,19.289151],[100.700279,19.287943],[100.699027,19.288294],[100.698042,19.287499],[100.696544,19.288699],[100.696267,19.288662],[100.695866,19.288084],[100.694775,19.287874],[100.694041,19.288365],[100.69363,19.289253],[100.693096,19.289548],[100.691542,19.28874],[100.690147,19.28697],[100.689036,19.287558],[100.689676,19.287743],[100.689567,19.288167],[100.687893,19.288499],[100.687825,19.288812],[100.688511,19.289484],[100.687257,19.290205],[100.686842,19.29012],[100.686353,19.289472],[100.685648,19.289463],[100.682775,19.290309],[100.681865,19.290253],[100.681377,19.290554],[100.680282,19.290337],[100.677762,19.291477],[100.677389,19.291406],[100.677152,19.290678],[100.676591,19.291287],[100.675404,19.291239],[100.674423,19.291932],[100.672929,19.291248],[100.671217,19.292371],[100.670673,19.292386],[100.669901,19.292013],[100.66938,19.292258],[100.668212,19.292062],[100.667818,19.292401],[100.667684,19.293508],[100.667333,19.293718],[100.666646,19.293545],[100.665425,19.292115],[100.663786,19.29201],[100.66276,19.292411],[100.6615,19.293566],[100.661676,19.293976],[100.662556,19.294411],[100.663097,19.295051],[100.663219,19.295595],[100.662941,19.295879],[100.661274,19.295468],[100.660026,19.294452],[100.6596,19.294399],[100.659302,19.294619],[100.65912,19.296025],[100.658364,19.29621],[100.657853,19.296725],[100.656409,19.297426],[100.655274,19.297289],[100.654688,19.297962],[100.653371,19.297978],[100.652279,19.298399],[100.651734,19.298276],[100.650711,19.297493],[100.648143,19.297893],[100.64714,19.297793],[100.646235,19.298166],[100.644604,19.299455],[100.641909,19.299491],[100.640758,19.29888],[100.639704,19.299487],[100.636657,19.299899],[100.634511,19.300728],[100.631239,19.30119],[100.628388,19.30209],[100.62781,19.302546],[100.626878,19.304386],[100.619352,19.306137],[100.618408,19.307103],[100.617145,19.310063],[100.616558,19.310875],[100.615731,19.311431],[100.612403,19.312505],[100.612382,19.315866],[100.612706,19.31697],[100.61417,19.318442],[100.616169,19.319341],[100.616317,19.319988],[100.614202,19.324649],[100.613777,19.327702],[100.613302,19.328462],[100.609716,19.331058],[100.609217,19.33413],[100.608565,19.334048],[100.607101,19.333232],[100.614227,19.341435],[100.630921,19.348365],[100.647153,19.366399],[100.643872,19.374838],[100.641035,19.395988],[100.64173,19.394349],[100.652053,19.393989],[100.658244,19.395529],[100.668596,19.392943],[100.674339,19.389968],[100.67813,19.385825],[100.681449,19.386329],[100.68362,19.388967],[100.687294,19.385692]]]},"bbox":[100.607101,19.267725,100.798513,19.395988]},{"type":"Feature","id":"7cff2d0e-c5da-4414-ac56-0f88f3a4bdb1","properties":{"id":"7cff2d0e-c5da-4414-ac56-0f88f3a4bdb1","code":"06551303","provinceCode":"55","nameTh":"องค์การบริหารส่วนตำบล ชนแดน","nameEn":null,"geometryType":"MUNICIPALITY","sourceUrl":"https://landometer.com/api/v2/citymeter-v3/grocery/info/geom/7cff2d0e-c5da-4414-ac56-0f88f3a4bdb1/MUNICIPALITY","sourceSha256":"68baccaf2e5a8907fafc17492c6eb49facc2c8fb7f282a55f056718a56524ccc","retrievedAt":"2026-10-04T05:43:55.100476+00:00","boundaryVintage":null,"geometryStatus":"native_source_polygon_display_simplified","simplificationToleranceDegrees":0.00015,"simplificationPreservesTopology":true,"invalidSourceRepair":"make_valid; retain polygonal components; discard zero-area collapsed lines","legalBoundaryIndependentlyVerified":false,"areaId":"7cff2d0e-c5da-4414-ac56-0f88f3a4bdb1"},"geometry":{"type":"Polygon","coordinates":[[[100.660041,19.548185],[100.661062,19.547624],[100.66182,19.547669],[100.6636,19.548613],[100.66435,19.549298],[100.665734,19.549798],[100.66869,19.549335],[100.671384,19.549733],[100.672801,19.549592],[100.673485,19.548996],[100.674227,19.547605],[100.674763,19.547152],[100.681637,19.545294],[100.683155,19.544344],[100.684845,19.541779],[100.687421,19.541242],[100.689424,19.540185],[100.691791,19.539457],[100.69228,19.538912],[100.692837,19.536821],[100.693194,19.536335],[100.694337,19.535719],[100.698017,19.534749],[100.702272,19.534542],[100.70387,19.534809],[100.706328,19.53599],[100.70745,19.535967],[100.708573,19.535367],[100.709997,19.532688],[100.711169,19.531011],[100.711812,19.530493],[100.712392,19.530423],[100.713737,19.531038],[100.714479,19.530916],[100.717766,19.528617],[100.722141,19.527012],[100.724793,19.527345],[100.728368,19.52676],[100.73342,19.52397],[100.733954,19.523324],[100.734859,19.521284],[100.735219,19.521131],[100.73737,19.521293],[100.740573,19.520505],[100.740931,19.519861],[100.741568,19.516322],[100.744876,19.515281],[100.749357,19.513014],[100.752334,19.510897],[100.752727,19.510721],[100.755614,19.511218],[100.757523,19.512128],[100.758864,19.511141],[100.759462,19.510187],[100.759684,19.509248],[100.758996,19.507125],[100.756466,19.504818],[100.757202,19.503363],[100.759092,19.502259],[100.759941,19.501928],[100.764185,19.50138],[100.764632,19.500459],[100.76523,19.500047],[100.766388,19.491015],[100.766821,19.489806],[100.768069,19.488682],[100.762365,19.482965],[100.759316,19.480855],[100.758326,19.480581],[100.75506,19.480589],[100.754053,19.480226],[100.750927,19.478368],[100.747789,19.475327],[100.746715,19.472872],[100.744375,19.469],[100.744406,19.467454],[100.745385,19.464892],[100.74535,19.463316],[100.745078,19.462733],[100.743182,19.460719],[100.74294,19.459865],[100.743047,19.458881],[100.744168,19.455507],[100.74596,19.453289],[100.746819,19.45177],[100.747451,19.448818],[100.750513,19.446474],[100.751183,19.445522],[100.751303,19.444302],[100.749425,19.443276],[100.747804,19.441956],[100.747555,19.441277],[100.747658,19.440672],[100.749366,19.438989],[100.750656,19.43503],[100.751254,19.43403],[100.755524,19.431635],[100.75607,19.430932],[100.75607,19.428713],[100.755631,19.426406],[100.755638,19.424788],[100.756537,19.421464],[100.756683,19.419993],[100.755901,19.417504],[100.753433,19.413671],[100.753427,19.412749],[100.753985,19.411348],[100.7548,19.41028],[100.75666,19.408829],[100.757791,19.408275],[100.760295,19.407879],[100.767028,19.407556],[100.771417,19.405942],[100.772425,19.405227],[100.772888,19.404564],[100.773311,19.403173],[100.773537,19.396809],[100.773745,19.39605],[100.774249,19.395328],[100.77643,19.393556],[100.780827,19.392308],[100.781546,19.391796],[100.782055,19.390979],[100.782571,19.385585],[100.783686,19.382201],[100.783176,19.378702],[100.783426,19.378165],[100.783811,19.377952],[100.779571,19.375013],[100.774165,19.376938],[100.755765,19.373571],[100.751323,19.37618],[100.751215,19.382979],[100.749717,19.384439],[100.740012,19.38534],[100.728881,19.391743],[100.725206,19.38959],[100.707382,19.390442],[100.691034,19.385405],[100.687294,19.385692],[100.68362,19.388967],[100.681449,19.386329],[100.67813,19.385825],[100.674339,19.389968],[100.668596,19.392943],[100.658244,19.395529],[100.652053,19.393989],[100.64173,19.394349],[100.641035,19.395988],[100.640805,19.3977],[100.629689,19.406898],[100.635831,19.41368],[100.636127,19.419662],[100.621857,19.431946],[100.616446,19.442494],[100.610075,19.450075],[100.609849,19.451428],[100.61245,19.464414],[100.609459,19.468387],[100.60302,19.472131],[100.602399,19.476621],[100.606522,19.478832],[100.606797,19.481275],[100.605741,19.485365],[100.60243,19.487899],[100.6027,19.486668],[100.600341,19.492012],[100.599826,19.495792],[100.599077,19.497866],[100.598758,19.499856],[100.598739,19.502475],[100.599249,19.505487],[100.598548,19.509037],[100.599525,19.513526],[100.601057,19.515505],[100.60144,19.516871],[100.601224,19.520727],[100.602457,19.524665],[100.602529,19.529252],[100.603002,19.530683],[100.604178,19.53198],[100.605481,19.532583],[100.60949,19.533406],[100.610514,19.534422],[100.610951,19.536251],[100.610538,19.539865],[100.608505,19.543638],[100.608037,19.545275],[100.607941,19.54707],[100.60843,19.547844],[100.609193,19.54844],[100.613327,19.550915],[100.617347,19.551532],[100.618963,19.55221],[100.621426,19.552725],[100.622393,19.553266],[100.624065,19.552751],[100.624881,19.552822],[100.626791,19.554939],[100.629435,19.555988],[100.633732,19.556042],[100.636378,19.556498],[100.640283,19.555796],[100.643006,19.554837],[100.644166,19.554771],[100.651604,19.557193],[100.652358,19.556943],[100.655852,19.553631],[100.658202,19.552084],[100.658694,19.551362],[100.659494,19.548946],[100.660041,19.548185]]]},"bbox":[100.598548,19.373571,100.783811,19.557193]},{"type":"Feature","id":"186d3909-0624-4206-ad49-11b1144b8e87","properties":{"id":"186d3909-0624-4206-ad49-11b1144b8e87","code":"06551401","provinceCode":"55","nameTh":"องค์การบริหารส่วนตำบล ฝายแก้ว","nameEn":null,"geometryType":"MUNICIPALITY","sourceUrl":"https://landometer.com/api/v2/citymeter-v3/grocery/info/geom/186d3909-0624-4206-ad49-11b1144b8e87/MUNICIPALITY","sourceSha256":"d6cd33080b75aeca817726f33f1f29543fbf01ad14bfbf62bfa982ccff32df22","retrievedAt":"2026-10-04T05:43:55.106725+00:00","boundaryVintage":null,"geometryStatus":"native_source_polygon_display_simplified","simplificationToleranceDegrees":0.00015,"simplificationPreservesTopology":true,"invalidSourceRepair":"make_valid; retain polygonal components; discard zero-area collapsed lines","legalBoundaryIndependentlyVerified":false,"areaId":"186d3909-0624-4206-ad49-11b1144b8e87"},"geometry":{"type":"Polygon","coordinates":[[[100.915123,18.85998],[100.916887,18.858256],[100.918827,18.85801],[100.920228,18.857143],[100.9212,18.856861],[100.923984,18.857028],[100.926013,18.857468],[100.928959,18.856877],[100.930551,18.857347],[100.931342,18.858002],[100.931699,18.858816],[100.931676,18.860176],[100.932346,18.860704],[100.935793,18.862222],[100.937719,18.862405],[100.939652,18.863237],[100.940857,18.861736],[100.942336,18.861775],[100.94285,18.861192],[100.943648,18.861378],[100.944519,18.86209],[100.945049,18.862035],[100.94602,18.860807],[100.945574,18.859937],[100.945765,18.85966],[100.946826,18.859604],[100.947639,18.85983],[100.949142,18.859566],[100.949868,18.859675],[100.951928,18.861634],[100.955543,18.860414],[100.956308,18.860587],[100.957541,18.861453],[100.957987,18.86153],[100.96041,18.860491],[100.964005,18.860498],[100.964611,18.860176],[100.964965,18.859575],[100.965898,18.8593],[100.967051,18.860128],[100.967563,18.859919],[100.968083,18.858736],[100.969403,18.857667],[100.970578,18.855896],[100.971072,18.854582],[100.974657,18.852757],[100.976593,18.853188],[100.980408,18.850807],[100.982277,18.848538],[100.983787,18.847924],[100.984037,18.84549],[100.983038,18.844816],[100.982619,18.843618],[100.982837,18.842677],[100.982582,18.841817],[100.983063,18.840539],[100.983952,18.839606],[100.98408,18.837834],[100.984775,18.83664],[100.983277,18.835621],[100.983575,18.833796],[100.982161,18.8327],[100.982682,18.831751],[100.982852,18.82937],[100.983899,18.828694],[100.984219,18.827839],[100.985086,18.827256],[100.984837,18.826523],[100.985137,18.825749],[100.985355,18.823433],[100.984922,18.822357],[100.983962,18.821875],[100.983142,18.820991],[100.984265,18.819046],[100.984816,18.817447],[100.984046,18.816761],[100.984769,18.815688],[100.984301,18.814856],[100.984659,18.814045],[100.984475,18.812831],[100.982618,18.81244],[100.982302,18.812113],[100.982414,18.811517],[100.983316,18.810934],[100.983477,18.81057],[100.982614,18.810114],[100.982208,18.80942],[100.982611,18.807988],[100.982532,18.807524],[100.981444,18.807222],[100.981337,18.806384],[100.980158,18.805574],[100.980051,18.803758],[100.978585,18.803205],[100.976733,18.804188],[100.975957,18.803877],[100.975211,18.803209],[100.975137,18.802679],[100.9756,18.801988],[100.977946,18.800535],[100.978572,18.799668],[100.978745,18.798936],[100.978183,18.798428],[100.976263,18.79848],[100.976156,18.797578],[100.975385,18.797229],[100.975835,18.795629],[100.975587,18.793329],[100.975917,18.792407],[100.974888,18.791429],[100.974349,18.7904],[100.973523,18.789887],[100.973551,18.789531],[100.974313,18.788864],[100.968801,18.787616],[100.96807,18.786998],[100.968002,18.786387],[100.969027,18.784914],[100.969157,18.783876],[100.969839,18.782766],[100.969912,18.781815],[100.969361,18.780162],[100.966918,18.779455],[100.966312,18.778986],[100.965808,18.777816],[100.964498,18.776356],[100.963811,18.774745],[100.96255,18.772987],[100.962101,18.768734],[100.963075,18.767545],[100.963139,18.76547],[100.961968,18.763595],[100.961756,18.762856],[100.961724,18.761207],[100.962186,18.759077],[100.961986,18.757604],[100.961224,18.756568],[100.960521,18.754888],[100.958448,18.753949],[100.957658,18.750537],[100.955956,18.750136],[100.95556,18.74978],[100.955519,18.748453],[100.95408,18.741738],[100.948697,18.73747],[100.933925,18.74486],[100.921541,18.743656],[100.91472,18.745413],[100.913681,18.74189],[100.910951,18.742807],[100.909578,18.73995],[100.903403,18.743167],[100.894719,18.742052],[100.888261,18.749405],[100.885315,18.75009],[100.882659,18.757435],[100.876137,18.757354],[100.874207,18.758582],[100.868375,18.754254],[100.864817,18.756088],[100.863966,18.755901],[100.862221,18.760155],[100.842995,18.756699],[100.836429,18.758952],[100.831878,18.762788],[100.818824,18.763663],[100.814891,18.765474],[100.810623,18.764525],[100.80401,18.759401],[100.795022,18.757995],[100.790204,18.75938],[100.786229,18.763883],[100.783363,18.763046],[100.779979,18.766576],[100.778365,18.766209],[100.77422,18.768936],[100.774083,18.768771],[100.774821,18.771065],[100.775778,18.772415],[100.777528,18.773867],[100.781258,18.775895],[100.782199,18.776649],[100.783162,18.778637],[100.784684,18.780938],[100.786665,18.78341],[100.789148,18.785752],[100.79108,18.788536],[100.791411,18.789925],[100.790901,18.792522],[100.791062,18.796044],[100.792016,18.798787],[100.79403,18.80094],[100.78612,18.805666],[100.785489,18.810142],[100.786059,18.813945],[100.786862,18.816152],[100.786649,18.819903],[100.786812,18.82105],[100.78708,18.82183],[100.787743,18.822689],[100.788031,18.8238],[100.787469,18.826123],[100.787436,18.827349],[100.785983,18.830215],[100.785506,18.833424],[100.786024,18.836403],[100.785397,18.837503],[100.78626,18.836719],[100.786733,18.830435],[100.801493,18.832726],[100.80538,18.831469],[100.806598,18.832575],[100.80807,18.830352],[100.81648,18.834039],[100.818677,18.83333],[100.819139,18.831289],[100.823359,18.830988],[100.825764,18.832674],[100.828319,18.829101],[100.834079,18.829366],[100.834688,18.828153],[100.838292,18.831722],[100.858002,18.832126],[100.862065,18.833888],[100.865444,18.846305],[100.8694,18.845142],[100.87131,18.841858],[100.871864,18.844564],[100.878509,18.847548],[100.877933,18.857485],[100.879135,18.856564],[100.880801,18.85664],[100.881542,18.857032],[100.883298,18.861625],[100.885048,18.862838],[100.886089,18.863084],[100.887412,18.863025],[100.889526,18.86206],[100.890381,18.861244],[100.892033,18.861537],[100.893949,18.860627],[100.894802,18.861063],[100.896758,18.862983],[100.897236,18.863152],[100.898269,18.862719],[100.900187,18.861273],[100.901185,18.861157],[100.903821,18.86153],[100.90831,18.861718],[100.910764,18.860764],[100.912726,18.861122],[100.915123,18.85998]]]},"bbox":[100.774083,18.73747,100.985412,18.863237]},{"type":"Feature","id":"a7f96d65-ec5d-4d3a-bc9e-2119448ebf36","properties":{"id":"a7f96d65-ec5d-4d3a-bc9e-2119448ebf36","code":"06551402","provinceCode":"55","nameTh":"องค์การบริหารส่วนตำบล ม่วงตึ๊ด","nameEn":null,"geometryType":"MUNICIPALITY","sourceUrl":"https://landometer.com/api/v2/citymeter-v3/grocery/info/geom/a7f96d65-ec5d-4d3a-bc9e-2119448ebf36/MUNICIPALITY","sourceSha256":"215564cbfae68f5937013134abcdf636866e2c3d4bff36ad5763d4367fe3add8","retrievedAt":"2026-10-04T05:43:55.109674+00:00","boundaryVintage":null,"geometryStatus":"native_source_polygon_display_simplified","simplificationToleranceDegrees":0.00015,"simplificationPreservesTopology":true,"invalidSourceRepair":"make_valid; retain polygonal components; discard zero-area collapsed lines","legalBoundaryIndependentlyVerified":false,"areaId":"a7f96d65-ec5d-4d3a-bc9e-2119448ebf36"},"geometry":{"type":"Polygon","coordinates":[[[100.790204,18.75938],[100.795022,18.757995],[100.80401,18.759401],[100.810623,18.764525],[100.814891,18.765474],[100.818824,18.763663],[100.831878,18.762788],[100.836429,18.758952],[100.842995,18.756699],[100.862221,18.760155],[100.864006,18.755803],[100.853076,18.753363],[100.851013,18.749357],[100.835559,18.749337],[100.829871,18.750832],[100.801759,18.743931],[100.797422,18.746985],[100.791805,18.746985],[100.788804,18.752712],[100.783329,18.751588],[100.781165,18.748082],[100.772797,18.746617],[100.768868,18.748896],[100.770353,18.749684],[100.770719,18.751166],[100.768075,18.756782],[100.767669,18.759855],[100.766231,18.761776],[100.765824,18.7649],[100.766134,18.7653],[100.767531,18.765977],[100.771188,18.766487],[100.773046,18.767223],[100.773588,18.767679],[100.77422,18.768936],[100.778365,18.766209],[100.779979,18.766576],[100.783363,18.763046],[100.786229,18.763883],[100.790204,18.75938]]]},"bbox":[100.765824,18.743931,100.864006,18.768936]},{"type":"Feature","id":"1517fb6f-1997-494a-b36f-e98fb4f4b7b8","properties":{"id":"1517fb6f-1997-494a-b36f-e98fb4f4b7b8","code":"06551403","provinceCode":"55","nameTh":"องค์การบริหารส่วนตำบล เมืองจัง","nameEn":null,"geometryType":"MUNICIPALITY","sourceUrl":"https://landometer.com/api/v2/citymeter-v3/grocery/info/geom/1517fb6f-1997-494a-b36f-e98fb4f4b7b8/MUNICIPALITY","sourceSha256":"834521f3285e678672e1736066831227b5b6b965c24da175c1449a0726f7484f","retrievedAt":"2026-10-04T05:43:55.166634+00:00","boundaryVintage":null,"geometryStatus":"native_source_polygon_display_simplified","simplificationToleranceDegrees":0.00015,"simplificationPreservesTopology":true,"invalidSourceRepair":"make_valid; retain polygonal components; discard zero-area collapsed lines","legalBoundaryIndependentlyVerified":false,"areaId":"1517fb6f-1997-494a-b36f-e98fb4f4b7b8"},"geometry":{"type":"Polygon","coordinates":[[[100.857958,18.906792],[100.85882,18.905366],[100.858852,18.904566],[100.859759,18.903748],[100.860346,18.902471],[100.861356,18.901873],[100.86067,18.900177],[100.860738,18.898413],[100.861433,18.897387],[100.863593,18.89535],[100.863899,18.894639],[100.86384,18.893789],[100.862676,18.890228],[100.86259,18.888418],[100.863674,18.885026],[100.865217,18.884278],[100.865402,18.881183],[100.864758,18.880105],[100.864794,18.879074],[100.865123,18.878695],[100.866381,18.878493],[100.866501,18.877539],[100.867289,18.876987],[100.869139,18.877086],[100.869376,18.87611],[100.87011,18.875568],[100.869935,18.873342],[100.870741,18.871467],[100.870308,18.868718],[100.866677,18.866658],[100.866621,18.865525],[100.866985,18.86513],[100.868689,18.864464],[100.870306,18.86242],[100.872386,18.861399],[100.872866,18.859979],[100.873957,18.859073],[100.875073,18.858521],[100.876532,18.858664],[100.877933,18.857485],[100.878509,18.847548],[100.871864,18.844564],[100.87131,18.841858],[100.8694,18.845142],[100.865444,18.846305],[100.862065,18.833888],[100.858002,18.832126],[100.838292,18.831722],[100.834688,18.828153],[100.834079,18.829366],[100.828319,18.829101],[100.825764,18.832674],[100.823359,18.830988],[100.819139,18.831289],[100.818677,18.83333],[100.81648,18.834039],[100.80807,18.830352],[100.806598,18.832575],[100.80538,18.831469],[100.801493,18.832726],[100.786733,18.830435],[100.78626,18.836719],[100.785041,18.838043],[100.783,18.839435],[100.783058,18.843052],[100.78275,18.846072],[100.781944,18.847011],[100.779977,18.848029],[100.779825,18.848557],[100.782167,18.850573],[100.784256,18.851046],[100.784799,18.85153],[100.785471,18.852767],[100.786033,18.855935],[100.786661,18.857011],[100.786979,18.859906],[100.788074,18.862437],[100.788217,18.865298],[100.790495,18.867735],[100.791628,18.868061],[100.791758,18.869003],[100.791285,18.869926],[100.790851,18.869799],[100.789086,18.870483],[100.788896,18.871025],[100.788427,18.871292],[100.789191,18.871995],[100.789234,18.87303],[100.788603,18.87312],[100.788743,18.873631],[100.788545,18.873845],[100.788794,18.874324],[100.788598,18.874558],[100.788744,18.874836],[100.788493,18.87604],[100.788249,18.876494],[100.787505,18.876836],[100.787274,18.877728],[100.785774,18.878088],[100.78527,18.878076],[100.78494,18.87776],[100.784771,18.878178],[100.784064,18.878294],[100.783702,18.878688],[100.783781,18.8792],[100.783415,18.8798],[100.781977,18.881155],[100.781968,18.881684],[100.781537,18.882373],[100.781671,18.88326],[100.781365,18.884155],[100.780304,18.885778],[100.780325,18.888057],[100.780939,18.888767],[100.781867,18.889164],[100.782845,18.890095],[100.784966,18.89082],[100.784964,18.891377],[100.784633,18.891949],[100.785026,18.893774],[100.785108,18.895908],[100.784598,18.897133],[100.783256,18.898863],[100.782741,18.901334],[100.783111,18.903298],[100.784545,18.905868],[100.786181,18.907109],[100.78904,18.904526],[100.790619,18.904104],[100.794129,18.9025],[100.794454,18.90221],[100.794596,18.901601],[100.794914,18.901554],[100.795648,18.902299],[100.796256,18.903418],[100.795559,18.903994],[100.794652,18.904118],[100.793717,18.904736],[100.792929,18.906173],[100.792969,18.907061],[100.793353,18.907515],[100.795795,18.908921],[100.798471,18.911113],[100.799187,18.911407],[100.799974,18.911329],[100.801297,18.911818],[100.80297,18.91323],[100.802621,18.914153],[100.80016,18.914401],[100.800031,18.914777],[100.798958,18.915523],[100.797637,18.915726],[100.797255,18.915591],[100.796005,18.916282],[100.79615,18.917416],[100.796633,18.918065],[100.797062,18.918116],[100.79844,18.917025],[100.799255,18.917778],[100.799099,18.918822],[100.797652,18.920307],[100.798506,18.92229],[100.799566,18.923282],[100.799902,18.924136],[100.799907,18.924914],[100.798759,18.927051],[100.798844,18.928244],[100.799256,18.92932],[100.799701,18.929506],[100.800261,18.929367],[100.800541,18.928498],[100.800554,18.926724],[100.800993,18.926223],[100.801731,18.925927],[100.803426,18.925831],[100.805398,18.926308],[100.808599,18.927763],[100.809931,18.92759],[100.811162,18.926831],[100.812536,18.927308],[100.814167,18.926031],[100.814235,18.925504],[100.813987,18.925223],[100.814209,18.924779],[100.813603,18.924616],[100.813655,18.924338],[100.815613,18.924264],[100.816082,18.923953],[100.815978,18.923582],[100.820091,18.92262],[100.820376,18.923002],[100.820369,18.923584],[100.820792,18.923715],[100.820628,18.924229],[100.821092,18.924393],[100.82135,18.924913],[100.822599,18.925084],[100.823474,18.924562],[100.823784,18.924692],[100.823737,18.925883],[100.82332,18.926511],[100.823478,18.927056],[100.822673,18.927436],[100.822878,18.927759],[100.823342,18.927869],[100.823003,18.928501],[100.823243,18.928853],[100.824334,18.928809],[100.823695,18.929823],[100.823629,18.930427],[100.823262,18.930717],[100.82347,18.931188],[100.823896,18.931146],[100.824699,18.930296],[100.825687,18.930811],[100.826313,18.93057],[100.827189,18.93099],[100.827073,18.93156],[100.827889,18.93146],[100.829153,18.930649],[100.829212,18.929182],[100.83241,18.925449],[100.836156,18.922659],[100.836953,18.922214],[100.840683,18.921115],[100.845119,18.920467],[100.846538,18.919153],[100.852711,18.916267],[100.85398,18.914997],[100.856972,18.910082],[100.857958,18.906792]]]},"bbox":[100.779824,18.828153,100.878509,18.931589]},{"type":"Feature","id":"d261b8e8-f7a1-41e8-ac36-c6217f55bb67","properties":{"id":"d261b8e8-f7a1-41e8-ac36-c6217f55bb67","code":"06551404","provinceCode":"55","nameTh":"องค์การบริหารส่วนตำบล ท่าน้าว","nameEn":null,"geometryType":"MUNICIPALITY","sourceUrl":"https://landometer.com/api/v2/citymeter-v3/grocery/info/geom/d261b8e8-f7a1-41e8-ac36-c6217f55bb67/MUNICIPALITY","sourceSha256":"a485184fc1dd290da9cb63be999596333852e58d72a3b47934d14f1400108928","retrievedAt":"2026-10-04T05:43:55.156787+00:00","boundaryVintage":null,"geometryStatus":"native_source_polygon_display_simplified","simplificationToleranceDegrees":0.00015,"simplificationPreservesTopology":true,"invalidSourceRepair":"make_valid; retain polygonal components; discard zero-area collapsed lines","legalBoundaryIndependentlyVerified":false,"areaId":"d261b8e8-f7a1-41e8-ac36-c6217f55bb67"},"geometry":{"type":"Polygon","coordinates":[[[100.802743,18.742754],[100.805208,18.738286],[100.810852,18.736089],[100.811373,18.733909],[100.819325,18.732577],[100.821124,18.72868],[100.825339,18.726103],[100.825766,18.722995],[100.821497,18.725143],[100.812553,18.725182],[100.80702021726621,18.72696692990779],[100.809399,18.72283],[100.807139,18.716661],[100.792004,18.714484],[100.782933,18.711156],[100.777695,18.713133],[100.776574,18.716689],[100.774455,18.718032],[100.765492,18.71899],[100.764728,18.721138],[100.763386,18.722843],[100.76147,18.726334],[100.762479,18.73025],[100.762386,18.73208],[100.761978,18.733687],[100.761178,18.734623],[100.758749,18.735006],[100.75693,18.73612],[100.756446,18.736681],[100.756125,18.738186],[100.756416,18.740085],[100.756884,18.740773],[100.757573,18.741188],[100.759085,18.741225],[100.760918,18.740234],[100.761926,18.740054],[100.763289,18.740328],[100.764266,18.740978],[100.765126,18.742341],[100.765946,18.747084],[100.767227,18.748937],[100.768868,18.748896],[100.772797,18.746617],[100.781165,18.748082],[100.783329,18.751588],[100.788804,18.752712],[100.791805,18.746985],[100.797422,18.746985],[100.801759,18.743931],[100.804151,18.744518],[100.802743,18.742754]],[[100.806923,18.727136],[100.80702,18.726967],[100.80702021726621,18.72696692990779],[100.806923,18.727136]]]},"bbox":[100.756104,18.711156,100.825766,18.752712]},{"type":"Feature","id":"24a7208a-69bd-4b24-a27f-9ba6f1655e1a","properties":{"id":"24a7208a-69bd-4b24-a27f-9ba6f1655e1a","code":"06551405","provinceCode":"55","nameTh":"องค์การบริหารส่วนตำบล นาปัง","nameEn":null,"geometryType":"MUNICIPALITY","sourceUrl":"https://landometer.com/api/v2/citymeter-v3/grocery/info/geom/24a7208a-69bd-4b24-a27f-9ba6f1655e1a/MUNICIPALITY","sourceSha256":"5c317489a0a89a0bd41541a583943757da12290fbe13eb649d695c456595ea06","retrievedAt":"2026-10-04T05:43:55.161685+00:00","boundaryVintage":null,"geometryStatus":"native_source_polygon_display_simplified","simplificationToleranceDegrees":0.00015,"simplificationPreservesTopology":true,"invalidSourceRepair":"make_valid; retain polygonal components; discard zero-area collapsed lines","legalBoundaryIndependentlyVerified":false,"areaId":"24a7208a-69bd-4b24-a27f-9ba6f1655e1a"},"geometry":{"type":"Polygon","coordinates":[[[100.777695,18.713133],[100.782933,18.711156],[100.792004,18.714484],[100.807139,18.716661],[100.806545,18.708342],[100.81097,18.704427],[100.810726,18.697749],[100.816727,18.682433],[100.813885,18.68219],[100.807366,18.680124],[100.803515,18.677739],[100.801145,18.675967],[100.800228,18.675579],[100.797186,18.675052],[100.793539,18.675414],[100.793182,18.677934],[100.792344,18.679526],[100.791403,18.680416],[100.788751,18.682151],[100.785697,18.687234],[100.781655,18.690687],[100.778911,18.693422],[100.778736,18.696928],[100.779549,18.702629],[100.779507,18.704033],[100.779168,18.706483],[100.778415,18.707644],[100.777139,18.708063],[100.775461,18.707313],[100.774725,18.707307],[100.77432,18.708314],[100.773952,18.708348],[100.773232,18.709346],[100.772493,18.708507],[100.770922,18.709369],[100.769573,18.709555],[100.769325,18.709904],[100.767841,18.709649],[100.767234,18.709242],[100.766385,18.709082],[100.765341,18.709195],[100.76323,18.709827],[100.761027,18.711127],[100.761279,18.714238],[100.762918,18.714494],[100.764819,18.715844],[100.765468,18.716855],[100.765492,18.71899],[100.774455,18.718032],[100.776574,18.716689],[100.777695,18.713133]]]},"bbox":[100.760989,18.675052,100.816727,18.71899]},{"type":"Feature","id":"4ac7e17e-f3f4-4524-ab4e-0d5366bb7dbc","properties":{"id":"4ac7e17e-f3f4-4524-ab4e-0d5366bb7dbc","code":"06551406","provinceCode":"55","nameTh":"องค์การบริหารส่วนตำบล น้ำเกี๋ยน","nameEn":null,"geometryType":"MUNICIPALITY","sourceUrl":"https://landometer.com/api/v2/citymeter-v3/grocery/info/geom/4ac7e17e-f3f4-4524-ab4e-0d5366bb7dbc/MUNICIPALITY","sourceSha256":"c66b595fdabdb8f4aa8a7b57d4c35dfc5ba489dacaf56d2dc82e684e671be4ed","retrievedAt":"2026-10-04T05:43:55.188300+00:00","boundaryVintage":null,"geometryStatus":"native_source_polygon_display_simplified","simplificationToleranceDegrees":0.00015,"simplificationPreservesTopology":true,"invalidSourceRepair":"make_valid; retain polygonal components; discard zero-area collapsed lines","legalBoundaryIndependentlyVerified":false,"areaId":"4ac7e17e-f3f4-4524-ab4e-0d5366bb7dbc"},"geometry":{"type":"Polygon","coordinates":[[[100.903403,18.743167],[100.909578,18.73995],[100.910951,18.742807],[100.913681,18.74189],[100.91472,18.745413],[100.921541,18.743656],[100.933925,18.74486],[100.948697,18.73747],[100.954253,18.741875],[100.95408,18.741738],[100.955519,18.748453],[100.955821,18.747245],[100.957267,18.74533],[100.957543,18.744637],[100.95729,18.742121],[100.957732,18.740532],[100.957469,18.740032],[100.955137,18.738362],[100.955248,18.735662],[100.953966,18.734078],[100.9516,18.733581],[100.950632,18.732322],[100.948502,18.731094],[100.947753,18.73002],[100.947636,18.729293],[100.948331,18.726767],[100.949143,18.726107],[100.949698,18.72508],[100.951616,18.723094],[100.951309,18.719979],[100.947153,18.713567],[100.936462,18.713868],[100.932498,18.715743],[100.932262,18.718947],[100.928465,18.72087],[100.917929,18.7174],[100.904538,18.725759],[100.899761,18.722726],[100.899354,18.719965],[100.8967,18.718387],[100.896052,18.716063],[100.883246,18.717129],[100.880847,18.719161],[100.879178,18.716257],[100.876189,18.715129],[100.868806,18.724864],[100.845242,18.725096],[100.839199,18.723866],[100.835742,18.725399],[100.825529,18.725924],[100.821124,18.72868],[100.819325,18.732577],[100.811373,18.733909],[100.810852,18.736089],[100.805208,18.738286],[100.802743,18.742754],[100.804151,18.744518],[100.829871,18.750832],[100.835559,18.749337],[100.851013,18.749357],[100.853076,18.753363],[100.864817,18.756088],[100.868375,18.754254],[100.874207,18.758582],[100.876137,18.757354],[100.882659,18.757435],[100.885315,18.75009],[100.888261,18.749405],[100.894719,18.742052],[100.903403,18.743167]]]},"bbox":[100.802743,18.713567,100.957732,18.758582]},{"type":"Feature","id":"3c104e40-df54-4e82-b43e-e8a97f75fd12","properties":{"id":"3c104e40-df54-4e82-b43e-e8a97f75fd12","code":"06551407","provinceCode":"55","nameTh":"องค์การบริหารส่วนตำบล น้ำแก่น","nameEn":null,"geometryType":"MUNICIPALITY","sourceUrl":"https://landometer.com/api/v2/citymeter-v3/grocery/info/geom/3c104e40-df54-4e82-b43e-e8a97f75fd12/MUNICIPALITY","sourceSha256":"74db1f55919066f0d5626e88c11a6e6805e003e4ae702a7c90a30752a1316cc0","retrievedAt":"2026-10-04T05:43:55.190840+00:00","boundaryVintage":null,"geometryStatus":"native_source_polygon_display_simplified","simplificationToleranceDegrees":0.00015,"simplificationPreservesTopology":true,"invalidSourceRepair":"make_valid; retain polygonal components; discard zero-area collapsed lines","legalBoundaryIndependentlyVerified":false,"areaId":"3c104e40-df54-4e82-b43e-e8a97f75fd12"},"geometry":{"type":"Polygon","coordinates":[[[100.938734,18.702985],[100.937904,18.701473],[100.936181,18.699817],[100.934731,18.697997],[100.933678,18.697302],[100.92545,18.696144],[100.923931,18.696788],[100.923213,18.696838],[100.922618,18.696618],[100.920784,18.694971],[100.920621,18.69433],[100.920961,18.692943],[100.920791,18.691638],[100.920931,18.690896],[100.919919,18.688709],[100.920053,18.687007],[100.919776,18.685892],[100.919982,18.6844],[100.919829,18.682555],[100.919111,18.681742],[100.91889,18.680586],[100.918623,18.680271],[100.918155,18.680031],[100.915916,18.679789],[100.914997,18.678951],[100.914535,18.678016],[100.914824,18.67659],[100.914271,18.675544],[100.915368,18.674328],[100.915647,18.673207],[100.917035,18.672491],[100.918775,18.670322],[100.91885,18.669011],[100.918633,18.668265],[100.918226,18.668717],[100.916465,18.66965],[100.911242,18.6702],[100.909777,18.669813],[100.908629,18.67061],[100.907806,18.670437],[100.90732,18.66952],[100.906662,18.669419],[100.905487,18.670899],[100.904114,18.671138],[100.902996,18.671792],[100.902139,18.672644],[100.899301,18.672862],[100.898266,18.67335],[100.897133,18.673456],[100.895741,18.673112],[100.892542,18.672943],[100.891261,18.673787],[100.891511,18.674603],[100.891186,18.675185],[100.89079,18.67516],[100.890435,18.674749],[100.889535,18.67492],[100.887983,18.674426],[100.887594,18.675112],[100.886826,18.675125],[100.886397,18.675595],[100.885823,18.675643],[100.88474,18.676469],[100.883831,18.675709],[100.88227,18.675894],[100.881164,18.675573],[100.880587,18.676286],[100.87937,18.676781],[100.879015,18.676471],[100.87775,18.677542],[100.876631,18.678005],[100.875988,18.677437],[100.875656,18.677518],[100.875658,18.677921],[100.874782,18.677691],[100.874845,18.677317],[100.874365,18.677023],[100.874499,18.676217],[100.874253,18.675534],[100.873516,18.675908],[100.873577,18.675282],[100.872488,18.675154],[100.87232,18.676022],[100.871377,18.675031],[100.871352,18.675754],[100.871029,18.67583],[100.870259,18.675004],[100.869412,18.674902],[100.869457,18.674594],[100.869918,18.674355],[100.869664,18.674075],[100.868744,18.674176],[100.868542,18.6737],[100.868714,18.673326],[100.868075,18.673689],[100.868168,18.673974],[100.867801,18.674468],[100.867415,18.674549],[100.866205,18.673778],[100.864993,18.673778],[100.864705,18.67352],[100.863588,18.673311],[100.863463,18.672665],[100.862758,18.672405],[100.862238,18.672643],[100.861622,18.672522],[100.860818,18.672963],[100.859666,18.672384],[100.859705,18.671766],[100.859212,18.671577],[100.858752,18.670798],[100.858146,18.67124],[100.856899,18.671527],[100.8562,18.672435],[100.855836,18.672381],[100.855601,18.671956],[100.855047,18.672104],[100.854854,18.672973],[100.853987,18.673028],[100.853722,18.673398],[100.853019,18.673506],[100.852774,18.674],[100.852373,18.674117],[100.852284,18.674573],[100.850517,18.674921],[100.848518,18.674767],[100.847031,18.67512],[100.846846,18.675444],[100.846267,18.67561],[100.846491,18.67763],[100.846969,18.678307],[100.846251,18.678953],[100.846789,18.680041],[100.847266,18.680268],[100.848313,18.680224],[100.848965,18.680702],[100.849735,18.681984],[100.850782,18.681942],[100.851299,18.682501],[100.851225,18.682889],[100.850687,18.683226],[100.850187,18.684473],[100.849782,18.684625],[100.850184,18.684881],[100.850024,18.685191],[100.850314,18.685751],[100.849488,18.686368],[100.84911,18.687721],[100.848538,18.687643],[100.848749,18.687032],[100.848047,18.686775],[100.8478,18.686306],[100.847403,18.686418],[100.847326,18.687006],[100.846652,18.687332],[100.846326,18.686347],[100.845497,18.687363],[100.843024,18.688896],[100.837919,18.690053],[100.834744,18.689762],[100.832761,18.68869],[100.831678,18.687413],[100.830454,18.685296],[100.828275,18.683403],[100.827127,18.68311],[100.824575,18.683243],[100.820853,18.682688],[100.816727,18.682433],[100.810726,18.697749],[100.81097,18.704427],[100.806545,18.708342],[100.807139,18.716661],[100.809399,18.72283],[100.80702,18.726967],[100.812553,18.725182],[100.821497,18.725143],[100.825766,18.722995],[100.825348,18.726038],[100.835742,18.725399],[100.839199,18.723866],[100.845242,18.725096],[100.868806,18.724864],[100.876189,18.715129],[100.879178,18.716257],[100.880847,18.719161],[100.883246,18.717129],[100.896052,18.716063],[100.8967,18.718387],[100.899354,18.719965],[100.899761,18.722726],[100.904538,18.725759],[100.917929,18.7174],[100.928465,18.72087],[100.932262,18.718947],[100.932498,18.715743],[100.936462,18.713868],[100.947153,18.713567],[100.951309,18.719979],[100.951616,18.723094],[100.949698,18.72508],[100.949143,18.726107],[100.950995,18.72565],[100.951252,18.725395],[100.951376,18.72443],[100.952209,18.723962],[100.952458,18.722664],[100.953451,18.721378],[100.953182,18.720165],[100.954404,18.718676],[100.953503,18.717384],[100.954202,18.716357],[100.952971,18.713963],[100.952205,18.7133],[100.951312,18.711903],[100.949834,18.711173],[100.948815,18.710111],[100.945058,18.709103],[100.944735,18.706557],[100.944324,18.706223],[100.942673,18.705871],[100.941899,18.704234],[100.941277,18.703598],[100.940465,18.703218],[100.938734,18.702985]]]},"bbox":[100.806545,18.668265,100.954404,18.726967]},{"type":"Feature","id":"15322475-c28e-4b5f-9d77-412b3c79b747","properties":{"id":"15322475-c28e-4b5f-9d77-412b3c79b747","code":"06551501","provinceCode":"55","nameTh":"องค์การบริหารส่วนตำบล ขุนน่าน","nameEn":null,"geometryType":"MUNICIPALITY","sourceUrl":"https://landometer.com/api/v2/citymeter-v3/grocery/info/geom/15322475-c28e-4b5f-9d77-412b3c79b747/MUNICIPALITY","sourceSha256":"08bf050b109daf80df59afe984cb4f74f0363485ae1744c7079d2cb003e362b6","retrievedAt":"2026-10-04T05:43:55.193825+00:00","boundaryVintage":null,"geometryStatus":"native_source_polygon_display_simplified","simplificationToleranceDegrees":0.00015,"simplificationPreservesTopology":true,"invalidSourceRepair":"make_valid; retain polygonal components; discard zero-area collapsed lines","legalBoundaryIndependentlyVerified":false,"areaId":"15322475-c28e-4b5f-9d77-412b3c79b747"},"geometry":{"type":"Polygon","coordinates":[[[101.227753,19.602999],[101.228396,19.602852],[101.230039,19.603325],[101.232613,19.602554],[101.234065,19.602492],[101.237842,19.603518],[101.241073,19.602637],[101.242689,19.603313],[101.244267,19.603437],[101.245703,19.601396],[101.246172,19.60006],[101.246149,19.596111],[101.246912,19.59465],[101.249325,19.594388],[101.255689,19.591177],[101.256318,19.591329],[101.259485,19.59355],[101.260558,19.59374],[101.261627,19.593596],[101.262571,19.593074],[101.264915,19.590917],[101.266917,19.590166],[101.268595,19.589855],[101.270973,19.588216],[101.273216,19.58784],[101.277587,19.583248],[101.278362,19.58289],[101.280741,19.582502],[101.281058,19.582236],[101.281045,19.581279],[101.279774,19.579033],[101.279987,19.577856],[101.281025,19.576522],[101.283426,19.574376],[101.284503,19.572578],[101.287355,19.569756],[101.287757,19.568967],[101.287841,19.568402],[101.287315,19.566973],[101.285166,19.564216],[101.283661,19.561711],[101.280871,19.559179],[101.278533,19.556119],[101.276589,19.554925],[101.27602,19.553627],[101.274485,19.55221],[101.273915,19.550781],[101.274211,19.549365],[101.274896,19.548723],[101.275835,19.547016],[101.276436,19.54405],[101.279107,19.541449],[101.279827,19.540352],[101.280382,19.537699],[101.28164,19.536536],[101.284173,19.535098],[101.284881,19.534282],[101.285329,19.526968],[101.285041,19.526102],[101.28411,19.525111],[101.280776,19.522979],[101.278407,19.52092],[101.277985,19.520316],[101.277443,19.51767],[101.27665,19.516765],[101.275755,19.515079],[101.275173,19.512869],[101.274845,19.512349],[101.27214,19.511071],[101.271195,19.51017],[101.270565,19.508999],[101.270282,19.507665],[101.26756,19.503659],[101.268638,19.500562],[101.268325,19.499276],[101.267658,19.497998],[101.268212,19.49536],[101.267068,19.492707],[101.266846,19.490563],[101.267186,19.48955],[101.269612,19.485713],[101.26978,19.48504],[101.268969,19.481914],[101.26618,19.476631],[101.266031,19.474393],[101.266336,19.470863],[101.266079,19.469922],[101.265446,19.469437],[101.264485,19.469551],[101.262331,19.470723],[101.261172,19.470926],[101.260342,19.47169],[101.254955,19.473565],[101.252267,19.473614],[101.249957,19.472702],[101.24886,19.473736],[101.24785,19.474284],[101.247148,19.474339],[101.246497,19.47416],[101.244345,19.472704],[101.243127,19.472166],[101.239026,19.472665],[101.23778,19.473346],[101.236799,19.474332],[101.236497,19.477784],[101.233772,19.477075],[101.231605,19.47721],[101.228693,19.476457],[101.227744,19.475878],[101.227202,19.475099],[101.226941,19.473311],[101.226551,19.472386],[101.225583,19.471981],[101.22382,19.471786],[101.222258,19.472037],[101.219514,19.473842],[101.217535,19.472389],[101.215519,19.472753],[101.215035,19.47313],[101.214167,19.475306],[101.213695,19.475601],[101.210795,19.473074],[101.210456,19.472394],[101.211497,19.470477],[101.211607,19.469859],[101.210808,19.467518],[101.21153,19.464206],[101.210728,19.463333],[101.208792,19.462505],[101.207291,19.46062],[101.206924,19.459672],[101.205391,19.458218],[101.206472,19.456823],[101.20811,19.45574],[101.209333,19.454492],[101.208278,19.450698],[101.208193,19.448795],[101.208601,19.4484],[101.210537,19.447536],[101.212623,19.444711],[101.212491,19.443649],[101.210756,19.441936],[101.210796,19.440535],[101.210347,19.437854],[101.210693,19.43729],[101.212974,19.435749],[101.215346,19.43225],[101.215397,19.431689],[101.212818,19.428643],[101.211136,19.425605],[101.209215,19.423983],[101.208775,19.422029],[101.208294,19.421364],[101.206925,19.41696],[101.205038,19.416196],[101.203963,19.415257],[101.203308,19.412662],[101.201674,19.411346],[101.199288,19.406476],[101.198604,19.406076],[101.195379,19.406121],[101.194986,19.40585],[101.194743,19.405293],[101.194935,19.404359],[101.196168,19.400705],[101.1971,19.398895],[101.196992,19.398612],[101.193243,19.399981],[101.19221,19.400748],[101.191094,19.402147],[101.190472,19.401449],[101.189432,19.400821],[101.187597,19.400396],[101.187033,19.399389],[101.187206,19.397718],[101.18812,19.395406],[101.188394,19.393836],[101.188573,19.389523],[101.190532,19.386029],[101.190582,19.385355],[101.190072,19.383183],[101.190096,19.381349],[101.190646,19.377665],[101.191227,19.376984],[101.195041,19.374625],[101.197899,19.371968],[101.198987,19.369858],[101.199476,19.366718],[101.200633,19.365081],[101.202327,19.363828],[101.203298,19.361409],[101.203909,19.358658],[101.204602,19.357532],[101.204261,19.354119],[101.202561,19.354781],[101.200493,19.35623],[101.197602,19.356105],[101.194876,19.35643],[101.194058,19.356054],[101.19292,19.356029],[101.191124,19.354932],[101.190241,19.35475],[101.189697,19.354332],[101.189653,19.3536],[101.189035,19.352945],[101.187752,19.352754],[101.18703,19.353008],[101.185337,19.352995],[101.183669,19.352691],[101.182833,19.35313],[101.17951,19.352013],[101.178397,19.352051],[101.177719,19.352688],[101.176587,19.352673],[101.176105,19.352478],[101.175796,19.352027],[101.17492,19.351821],[101.173905,19.352236],[101.173528,19.35303],[101.173032,19.352893],[101.172263,19.353754],[101.171776,19.353621],[101.170746,19.353964],[101.170116,19.353776],[101.169594,19.353966],[101.168604,19.353598],[101.168156,19.354156],[101.167963,19.355682],[101.166083,19.356029],[101.165615,19.355538],[101.165053,19.354273],[101.164418,19.354284],[101.16399,19.35481],[101.163427,19.354491],[101.162673,19.354609],[101.162328,19.354426],[101.162058,19.353724],[101.161561,19.353823],[101.160921,19.353412],[101.160138,19.354292],[101.160284,19.354954],[101.158906,19.355699],[101.158817,19.356246],[101.15926,19.357985],[101.160095,19.358611],[101.159953,19.359425],[101.160931,19.359978],[101.160374,19.361715],[101.161446,19.362896],[101.158472,19.363791],[101.157959,19.363475],[101.157506,19.362486],[101.156557,19.361561],[101.156061,19.360643],[101.155126,19.360766],[101.153519,19.360238],[101.151965,19.360427],[101.151467,19.359773],[101.150793,19.359434],[101.148972,19.359167],[101.147529,19.359284],[101.146669,19.358592],[101.145137,19.358875],[101.142057,19.358043],[101.139021,19.358233],[101.134469,19.357551],[101.129135,19.355708],[101.127811,19.355767],[101.127026,19.356211],[101.125959,19.356422],[101.120547,19.356035],[101.119636,19.355319],[101.117053,19.351854],[101.116696,19.350461],[101.116231,19.34974],[101.114005,19.348413],[101.113138,19.346463],[101.110415,19.346841],[101.106715,19.346513],[101.105456,19.34661],[101.103849,19.34723],[101.102307,19.348538],[101.100331,19.351774],[101.099326,19.352252],[101.096849,19.352319],[101.096011,19.352554],[101.094509,19.353741],[101.093544,19.354984],[101.09252,19.357481],[101.093497,19.358949],[101.09359,19.360415],[101.093197,19.361135],[101.09162,19.362831],[101.091567,19.365376],[101.089697,19.368513],[101.089507,19.369678],[101.089865,19.37135],[101.08975,19.371856],[101.089111,19.372834],[101.087266,19.374553],[101.083846,19.376705],[101.08206,19.380134],[101.081088,19.383846],[101.081152,19.385504],[101.0826,19.386796],[101.082788,19.38889],[101.085044,19.393292],[101.085517,19.399434],[101.086683,19.401294],[101.086966,19.402847],[101.087864,19.405269],[101.088303,19.405978],[101.091808,19.409405],[101.092375,19.410377],[101.094044,19.418557],[101.095019,19.421823],[101.094981,19.424041],[101.095967,19.425333],[101.096244,19.427893],[101.096037,19.429229],[101.094858,19.429643],[101.093438,19.432264],[101.092771,19.434132],[101.093295,19.435253],[101.093087,19.435797],[101.090951,19.435914],[101.089231,19.436799],[101.086998,19.437048],[101.086577,19.437682],[101.08513,19.438247],[101.085174,19.438852],[101.086231,19.440126],[101.085396,19.442828],[101.085492,19.44455],[101.084642,19.445368],[101.083565,19.445255],[101.083189,19.445799],[101.082566,19.446132],[101.082925,19.447439],[101.083549,19.448156],[101.083596,19.448845],[101.083113,19.449983],[101.081884,19.450781],[101.081729,19.451557],[101.081913,19.453831],[101.081049,19.455469],[101.080246,19.456148],[101.080377,19.456839],[101.079691,19.459404],[101.079994,19.460163],[101.080333,19.463208],[101.079097,19.466105],[101.079407,19.468708],[101.078664,19.469674],[101.079441,19.474543],[101.083796,19.477449],[101.078415,19.489709],[101.077336,19.514372],[101.082272,19.51905],[101.09249,19.523353],[101.097594,19.528402],[101.097477,19.530673],[101.099904,19.531225],[101.101153,19.535849],[101.106154,19.538857],[101.104336,19.53895],[101.104897,19.540287],[101.102973,19.541689],[101.108123,19.542729],[101.108459,19.5452],[101.11303,19.546684],[101.121112,19.541608],[101.129549,19.543968],[101.130792,19.54903],[101.132916,19.549323],[101.132501,19.557448],[101.135668,19.558027],[101.133471,19.560275],[101.136357,19.561902],[101.135357,19.56471],[101.138262,19.563883],[101.137096,19.566872],[101.137431,19.567052],[101.140859,19.566489],[101.142353,19.567708],[101.146677,19.565795],[101.145917,19.570823],[101.143436,19.578002],[101.143054,19.578158],[101.144593,19.578166],[101.146287,19.577596],[101.147037,19.577765],[101.149933,19.579857],[101.15387,19.58175],[101.155183,19.58209],[101.156766,19.581768],[101.158607,19.58201],[101.159639,19.581127],[101.160389,19.580986],[101.16112,19.581478],[101.162237,19.582824],[101.162853,19.583041],[101.164559,19.58269],[101.165526,19.581751],[101.166587,19.581188],[101.166942,19.581685],[101.167883,19.585227],[101.168691,19.586083],[101.169439,19.586371],[101.170413,19.585989],[101.17384,19.582768],[101.177866,19.579963],[101.178909,19.578674],[101.179498,19.578346],[101.181597,19.578196],[101.184305,19.579648],[101.184907,19.579727],[101.186814,19.578969],[101.189002,19.578515],[101.191124,19.577424],[101.191512,19.576761],[101.192415,19.577125],[101.19435,19.577398],[101.196576,19.576963],[101.197295,19.577041],[101.197705,19.577432],[101.19871,19.579399],[101.199889,19.580634],[101.200728,19.583827],[101.202524,19.585339],[101.203535,19.586787],[101.203351,19.58956],[101.201999,19.590887],[101.201802,19.591793],[101.203898,19.596146],[101.202774,19.598095],[101.202761,19.598954],[101.203587,19.600289],[101.204967,19.601002],[101.204884,19.602779],[101.205854,19.605449],[101.206794,19.605945],[101.207725,19.605832],[101.210394,19.604147],[101.213586,19.60376],[101.216246,19.602495],[101.216994,19.602384],[101.218928,19.602926],[101.220775,19.602598],[101.224837,19.605462],[101.22562,19.605655],[101.226318,19.605284],[101.226579,19.604546],[101.227753,19.602999]]]},"bbox":[101.077336,19.346463,101.287841,19.605969]},{"type":"Feature","id":"f9987a8e-82a4-4403-aa3b-6131bde2033c","properties":{"id":"f9987a8e-82a4-4403-aa3b-6131bde2033c","code":"06551502","provinceCode":"55","nameTh":"องค์การบริหารส่วนตำบล ห้วยโก๋น","nameEn":null,"geometryType":"MUNICIPALITY","sourceUrl":"https://landometer.com/api/v2/citymeter-v3/grocery/info/geom/f9987a8e-82a4-4403-aa3b-6131bde2033c/MUNICIPALITY","sourceSha256":"11490afb7be7ad1f0bfc0a5008e296372b194f1924b7cb90954f32ee3934a0e9","retrievedAt":"2026-10-04T05:43:55.196047+00:00","boundaryVintage":null,"geometryStatus":"native_source_polygon_display_simplified","simplificationToleranceDegrees":0.00015,"simplificationPreservesTopology":true,"invalidSourceRepair":"make_valid; retain polygonal components; discard zero-area collapsed lines","legalBoundaryIndependentlyVerified":false,"areaId":"f9987a8e-82a4-4403-aa3b-6131bde2033c"},"geometry":{"type":"MultiPolygon","coordinates":[[[[101.042696,19.62543],[101.050641,19.620658],[101.052439,19.620717],[101.054458,19.621736],[101.055769,19.621906],[101.057784,19.620524],[101.060787,19.620081],[101.062655,19.619149],[101.063025,19.618114],[101.061856,19.616915],[101.065615,19.614312],[101.066817,19.612509],[101.066866,19.609785],[101.067576,19.609077],[101.067918,19.608359],[101.066474,19.604851],[101.067084,19.604335],[101.069621,19.603129],[101.070704,19.602879],[101.071348,19.603074],[101.072832,19.604213],[101.074209,19.604752],[101.07871,19.60503],[101.081744,19.602778],[101.082303,19.602101],[101.086672,19.599727],[101.089305,19.597698],[101.090098,19.59693],[101.090488,19.59607],[101.090418,19.594549],[101.089936,19.593101],[101.09117,19.590593],[101.091428,19.587309],[101.092419,19.58665],[101.097312,19.584531],[101.097963,19.584476],[101.098616,19.584515],[101.099122,19.584844],[101.09994,19.586022],[101.100546,19.586347],[101.101749,19.586285],[101.108051,19.584787],[101.110161,19.584999],[101.112828,19.585634],[101.113578,19.585433],[101.116466,19.583833],[101.117402,19.582489],[101.117742,19.581677],[101.11778,19.580726],[101.116279,19.578991],[101.116545,19.578363],[101.117538,19.577542],[101.118612,19.575297],[101.119404,19.574479],[101.122207,19.572876],[101.123364,19.572941],[101.125795,19.574707],[101.127517,19.575465],[101.131934,19.576798],[101.136158,19.577237],[101.137837,19.577863],[101.139901,19.579224],[101.140458,19.579191],[101.142367,19.578227],[101.143436,19.578002],[101.145917,19.570823],[101.146677,19.565795],[101.142378,19.567729],[101.140859,19.566489],[101.137431,19.567052],[101.136908,19.566771],[101.137096,19.566872],[101.138337,19.563981],[101.135357,19.56471],[101.136357,19.561902],[101.133471,19.560275],[101.135668,19.558027],[101.132501,19.557448],[101.132916,19.549323],[101.130792,19.54903],[101.129549,19.543968],[101.121112,19.541608],[101.11303,19.546684],[101.108459,19.5452],[101.108123,19.542729],[101.102973,19.541689],[101.104897,19.540287],[101.104336,19.53895],[101.106154,19.538857],[101.101153,19.535849],[101.099904,19.531225],[101.097477,19.530673],[101.097594,19.528402],[101.09249,19.523353],[101.082272,19.51905],[101.077336,19.514372],[101.078415,19.489709],[101.083796,19.477449],[101.079441,19.474543],[101.078713,19.469615],[101.078475,19.4699],[101.076905,19.469781],[101.072704,19.470066],[101.071979,19.469597],[101.071071,19.468481],[101.067437,19.46756],[101.066031,19.467579],[101.063001,19.46881],[101.061571,19.471287],[101.059423,19.473915],[101.057599,19.475218],[101.054707,19.476376],[101.04971,19.476731],[101.048715,19.477235],[101.047382,19.477456],[101.044501,19.476942],[101.04268,19.476133],[101.04132,19.476184],[101.039744,19.478333],[101.038863,19.480931],[101.039135,19.483712],[101.038148,19.484916],[101.038047,19.485383],[101.038741,19.486172],[101.038343,19.486581],[101.038476,19.486979],[101.0389,19.487091],[101.03891,19.487432],[101.038434,19.487757],[101.038272,19.488515],[101.035363,19.490794],[101.034803,19.492613],[101.034148,19.492648],[101.033288,19.493119],[101.031764,19.491926],[101.02994,19.49254],[101.029084,19.491239],[101.026739,19.49082],[101.025179,19.490985],[101.02485,19.49067],[101.024445,19.489542],[101.023004,19.488553],[101.022178,19.488358],[101.021208,19.488584],[101.020837,19.489177],[101.020475,19.489249],[101.020305,19.488941],[101.020398,19.487954],[101.019644,19.487397],[101.018218,19.488094],[101.016937,19.487455],[101.016525,19.487494],[101.016173,19.487913],[101.015614,19.487588],[101.012699,19.489036],[101.011963,19.491406],[101.012239,19.492127],[101.013114,19.492633],[101.013789,19.493666],[101.013913,19.495269],[101.01342,19.496269],[101.012036,19.49621],[101.011598,19.496404],[101.011911,19.497704],[101.011717,19.498547],[101.010327,19.498315],[101.009705,19.498527],[101.009708,19.498937],[101.010424,19.49994],[101.010651,19.501765],[101.010432,19.502249],[101.00881,19.502789],[101.008947,19.501222],[101.00642,19.502078],[101.005267,19.501481],[101.003593,19.501714],[101.003615,19.502708],[101.001328,19.504328],[101.001368,19.504699],[101.002068,19.504911],[101.002062,19.505283],[101.000966,19.505764],[101.001093,19.506464],[101.002115,19.507199],[101.003023,19.507518],[101.003087,19.507781],[101.001888,19.508348],[100.999335,19.508803],[100.999518,19.509038],[101.000901,19.509233],[101.000927,19.509463],[101.00044,19.509776],[101.001138,19.510131],[101.003604,19.510085],[101.003443,19.510597],[101.002411,19.510987],[101.00233,19.51164],[101.002622,19.512452],[101.003672,19.512129],[101.003986,19.512273],[101.004852,19.51388],[101.004706,19.514144],[101.00377,19.514395],[101.002314,19.514426],[101.001864,19.515101],[101.000789,19.515664],[100.99965,19.517207],[100.999599,19.517957],[100.999906,19.518396],[101.00055,19.518621],[101.002652,19.518577],[101.003043,19.51795],[101.003947,19.518704],[101.004203,19.518328],[101.004249,19.517525],[101.003987,19.516792],[101.004466,19.516255],[101.00474,19.51626],[101.005274,19.516827],[101.005442,19.517781],[101.005216,19.519079],[101.003771,19.520319],[101.003762,19.520888],[101.0043,19.521055],[101.004955,19.520769],[101.005224,19.520181],[101.00593,19.520186],[101.006623,19.519784],[101.00741,19.520175],[101.008975,19.519219],[101.008827,19.518365],[101.009257,19.517199],[101.00966,19.517014],[101.010039,19.517133],[101.010421,19.517543],[101.010372,19.517994],[101.009801,19.519213],[101.00857,19.520709],[101.008204,19.522077],[101.009026,19.524596],[101.009665,19.525323],[101.010933,19.524142],[101.010518,19.523007],[101.011005,19.523029],[101.012075,19.523852],[101.012473,19.523819],[101.012834,19.523381],[101.012992,19.522188],[101.01233,19.521364],[101.012333,19.520671],[101.013843,19.520815],[101.015279,19.522104],[101.012324,19.525676],[101.010413,19.529437],[101.008625,19.531632],[101.007435,19.532205],[101.004366,19.532782],[101.003535,19.533065],[101.003318,19.533397],[101.003982,19.540442],[101.002686,19.542885],[101.002607,19.544993],[101.00289,19.546042],[101.005435,19.551016],[101.005525,19.552506],[101.004946,19.553846],[101.003116,19.556634],[101.00115,19.558321],[100.995641,19.560059],[100.990899,19.563233],[100.9846,19.566614],[100.983463,19.567687],[100.982303,19.571837],[100.981681,19.572861],[100.980105,19.573118],[100.978815,19.572621],[100.976629,19.573451],[100.975083,19.573337],[100.974193,19.573508],[100.970335,19.574738],[100.967806,19.573981],[100.965461,19.574269],[100.964154,19.574799],[100.963047,19.574955],[100.962362,19.575727],[100.962136,19.577975],[100.961403,19.579651],[100.961435,19.582142],[100.962938,19.583607],[100.962647,19.585659],[100.964363,19.588237],[100.964076,19.588988],[100.96241,19.58988],[100.961641,19.590952],[100.963555,19.593034],[100.964236,19.598463],[100.964772,19.59897],[100.970277,19.600544],[100.970944,19.60119],[100.971355,19.602495],[100.972138,19.602807],[100.973915,19.602988],[100.974208,19.603217],[100.974447,19.604023],[100.974348,19.604756],[100.972108,19.607476],[100.972036,19.608294],[100.973022,19.610591],[100.973386,19.612156],[100.97711,19.614047],[100.977389,19.614671],[100.977457,19.616022],[100.977433,19.616907],[100.977116,19.617576],[100.974785,19.619748],[100.976203,19.622481],[100.978178,19.623953],[100.980365,19.625117],[100.980928,19.626734],[100.981267,19.627087],[100.982864,19.627356],[100.985462,19.625863],[100.989443,19.625581],[100.990809,19.625113],[100.992074,19.625541],[100.994704,19.625315],[100.995945,19.626027],[100.996002,19.626643],[100.99624,19.626773],[100.997004,19.626433],[100.998715,19.626468],[100.999199,19.626172],[101.000444,19.624364],[101.001457,19.622138],[101.002977,19.621884],[101.005033,19.622677],[101.005892,19.623705],[101.007233,19.62384],[101.008978,19.623015],[101.010695,19.622559],[101.011044,19.622363],[101.011712,19.62119],[101.014136,19.620094],[101.014992,19.620599],[101.016655,19.622217],[101.018347,19.622792],[101.02016,19.624064],[101.020844,19.626485],[101.022592,19.628154],[101.02358,19.630281],[101.024392,19.630628],[101.028943,19.629283],[101.032796,19.628897],[101.035359,19.628947],[101.036258,19.628262],[101.036501,19.627098],[101.0383,19.624784],[101.039318,19.624825],[101.040337,19.625409],[101.042696,19.62543]]],[[[101.142669,19.567598],[101.142353,19.567708],[101.142378,19.567729],[101.142669,19.567598]]]]},"bbox":[100.961333,19.467522,101.146677,19.630628]}]}
