{"type":"FeatureCollection","metadata":{"provinceCode":"66","source":"CityMETER native source fine polygons","retrievedAt":"2026-10-04T05:48:09.516882+00:00","total":101,"retrieved":101,"displaySimplificationToleranceDegrees":0.00015,"legalBoundaryIndependentlyVerified":false},"features":[{"type":"Feature","id":"ee720507-30d3-411b-9a68-25987d25af85","properties":{"id":"ee720507-30d3-411b-9a68-25987d25af85","code":"04660102","provinceCode":"66","nameTh":"เทศบาลเมือง พิจิตร","nameEn":null,"geometryType":"MUNICIPALITY","sourceUrl":"https://landometer.com/api/v2/citymeter-v3/grocery/info/geom/ee720507-30d3-411b-9a68-25987d25af85/MUNICIPALITY","sourceSha256":"f3e75e272b096f1b3e05df177a732443ebe49bd278d202ac8214b68aec498114","retrievedAt":"2026-10-04T05:44:09.309370+00:00","boundaryVintage":null,"geometryStatus":"native_source_polygon_display_simplified","simplificationToleranceDegrees":0.00015,"simplificationPreservesTopology":true,"invalidSourceRepair":"make_valid; retain polygonal components; discard zero-area collapsed lines","legalBoundaryIndependentlyVerified":false,"areaId":"ee720507-30d3-411b-9a68-25987d25af85"},"geometry":{"type":"Polygon","coordinates":[[[100.368343,16.437689],[100.347217,16.431215],[100.343618,16.418368],[100.332686,16.421037],[100.332654,16.421227],[100.341516,16.432898],[100.33592,16.443793],[100.322353,16.440189],[100.320084,16.446917],[100.31768,16.446335],[100.316546,16.450007],[100.332572,16.45447],[100.330439,16.461217],[100.344137,16.467419],[100.347663,16.458236],[100.344539,16.455467],[100.350496,16.448481],[100.362306,16.445179],[100.368343,16.437689]],[[100.337627,16.427675],[100.340436,16.431447],[100.3404178467336,16.43142315954991],[100.337627,16.427675]]]},"bbox":[100.316546,16.418368,100.368343,16.467419]},{"type":"Feature","id":"4d948afa-be95-4d1b-86e1-1d0607c44280","properties":{"id":"4d948afa-be95-4d1b-86e1-1d0607c44280","code":"04660401","provinceCode":"66","nameTh":"เทศบาลเมือง ตะพานหิน","nameEn":null,"geometryType":"MUNICIPALITY","sourceUrl":"https://landometer.com/api/v2/citymeter-v3/grocery/info/geom/4d948afa-be95-4d1b-86e1-1d0607c44280/MUNICIPALITY","sourceSha256":"1901d988ede82d94e5a24cc2599972354da9354e9d3cb9572e36b3d94378044f","retrievedAt":"2026-10-04T05:44:09.309564+00:00","boundaryVintage":null,"geometryStatus":"native_source_polygon_display_simplified","simplificationToleranceDegrees":0.00015,"simplificationPreservesTopology":true,"invalidSourceRepair":"make_valid; retain polygonal components; discard zero-area collapsed lines","legalBoundaryIndependentlyVerified":false,"areaId":"4d948afa-be95-4d1b-86e1-1d0607c44280"},"geometry":{"type":"Polygon","coordinates":[[[100.43427,16.221032],[100.443045,16.21757],[100.441332,16.212312],[100.430276,16.215785],[100.422855,16.209749],[100.421997,16.20262],[100.414229,16.204063],[100.412911,16.211279],[100.418386,16.216701],[100.408174,16.22078],[100.408646,16.227364],[100.416109,16.228728],[100.425403,16.231973],[100.43427,16.221032]]]},"bbox":[100.408174,16.20262,100.443045,16.231973]},{"type":"Feature","id":"34817fbe-53c6-40ad-b855-16f3bb5bacec","properties":{"id":"34817fbe-53c6-40ad-b855-16f3bb5bacec","code":"04660501","provinceCode":"66","nameTh":"เทศบาลเมือง บางมูลนาก","nameEn":null,"geometryType":"MUNICIPALITY","sourceUrl":"https://landometer.com/api/v2/citymeter-v3/grocery/info/geom/34817fbe-53c6-40ad-b855-16f3bb5bacec/MUNICIPALITY","sourceSha256":"8a7defd1ccb3ed973901daeb8ff82fe38faba6c58a8abe8011312dbb95947274","retrievedAt":"2026-10-04T05:44:09.306930+00:00","boundaryVintage":null,"geometryStatus":"native_source_polygon_display_simplified","simplificationToleranceDegrees":0.00015,"simplificationPreservesTopology":true,"invalidSourceRepair":"make_valid; retain polygonal components; discard zero-area collapsed lines","legalBoundaryIndependentlyVerified":false,"areaId":"34817fbe-53c6-40ad-b855-16f3bb5bacec"},"geometry":{"type":"Polygon","coordinates":[[[100.376773,16.022814],[100.372862,16.021573],[100.368689,16.02346],[100.375063,16.031541],[100.373662,16.042623],[100.389247,16.037128],[100.382142,16.021997],[100.376773,16.022814]]]},"bbox":[100.368689,16.021573,100.389247,16.042623]},{"type":"Feature","id":"f9e49120-c347-47ad-a479-f3c3dfadacec","properties":{"id":"f9e49120-c347-47ad-a479-f3c3dfadacec","code":"05660103","provinceCode":"66","nameTh":"เทศบาลตำบล ท่าฬ่อ","nameEn":null,"geometryType":"MUNICIPALITY","sourceUrl":"https://landometer.com/api/v2/citymeter-v3/grocery/info/geom/f9e49120-c347-47ad-a479-f3c3dfadacec/MUNICIPALITY","sourceSha256":"a5d1aef43248234d5833791f651c5978d427da7b64aa46240257adccff2b5461","retrievedAt":"2026-10-04T05:44:09.313886+00:00","boundaryVintage":null,"geometryStatus":"native_source_polygon_display_simplified","simplificationToleranceDegrees":0.00015,"simplificationPreservesTopology":true,"invalidSourceRepair":"make_valid; retain polygonal components; discard zero-area collapsed lines","legalBoundaryIndependentlyVerified":false,"areaId":"f9e49120-c347-47ad-a479-f3c3dfadacec"},"geometry":{"type":"Polygon","coordinates":[[[100.333343,16.526218],[100.347958,16.509375],[100.324202,16.506065],[100.322226,16.519196],[100.333343,16.526218]]]},"bbox":[100.322226,16.506065,100.347958,16.526218]},{"type":"Feature","id":"22b22755-ccc0-4a99-b96a-ad8f95a42869","properties":{"id":"22b22755-ccc0-4a99-b96a-ad8f95a42869","code":"05660104","provinceCode":"66","nameTh":"เทศบาลตำบล วังกรด","nameEn":null,"geometryType":"MUNICIPALITY","sourceUrl":"https://landometer.com/api/v2/citymeter-v3/grocery/info/geom/22b22755-ccc0-4a99-b96a-ad8f95a42869/MUNICIPALITY","sourceSha256":"9971b20c17cfd2884f743446727ce02b09e68f9326e005cac466719a6d93aed3","retrievedAt":"2026-10-04T05:44:09.301287+00:00","boundaryVintage":null,"geometryStatus":"native_source_polygon_display_simplified","simplificationToleranceDegrees":0.00015,"simplificationPreservesTopology":true,"invalidSourceRepair":"make_valid; retain polygonal components; discard zero-area collapsed lines","legalBoundaryIndependentlyVerified":false,"areaId":"22b22755-ccc0-4a99-b96a-ad8f95a42869"},"geometry":{"type":"Polygon","coordinates":[[[100.384805,16.39056],[100.387539,16.395813],[100.387198,16.399276],[100.383244,16.402767],[100.38124,16.403325],[100.379046,16.403582],[100.379329,16.403857],[100.378363,16.404126],[100.380197,16.40916],[100.39662,16.412428],[100.401428,16.391921],[100.384805,16.39056]]]},"bbox":[100.378363,16.39056,100.401428,16.412428]},{"type":"Feature","id":"d78b693d-b2ac-422f-a866-47c6eae9e593","properties":{"id":"d78b693d-b2ac-422f-a866-47c6eae9e593","code":"05660105","provinceCode":"66","nameTh":"เทศบาลตำบล หัวดง","nameEn":null,"geometryType":"MUNICIPALITY","sourceUrl":"https://landometer.com/api/v2/citymeter-v3/grocery/info/geom/d78b693d-b2ac-422f-a866-47c6eae9e593/MUNICIPALITY","sourceSha256":"45c97dad5625424a7be3d59781be7339caa9669580a730d8fa61ef9737f7650c","retrievedAt":"2026-10-04T05:44:09.311435+00:00","boundaryVintage":null,"geometryStatus":"native_source_polygon_display_simplified","simplificationToleranceDegrees":0.00015,"simplificationPreservesTopology":true,"invalidSourceRepair":"make_valid; retain polygonal components; discard zero-area collapsed lines","legalBoundaryIndependentlyVerified":false,"areaId":"d78b693d-b2ac-422f-a866-47c6eae9e593"},"geometry":{"type":"Polygon","coordinates":[[[100.402827,16.34289],[100.407078,16.337587],[100.402735,16.331794],[100.405223,16.32846],[100.404561,16.323828],[100.401069,16.322352],[100.40224,16.319604],[100.397253,16.320905],[100.396007,16.32271],[100.397462,16.327492],[100.396941,16.328705],[100.394649,16.332154],[100.39467,16.33249],[100.395429,16.332978],[100.396252,16.333063],[100.395684,16.334208],[100.395585,16.33496],[100.398576,16.335314],[100.396574,16.335107],[100.397557,16.335209],[100.39728,16.337392],[100.395233,16.337366],[100.394027,16.338851],[100.392023,16.339634],[100.391389,16.340849],[100.39228061835898,16.341417756554108],[100.392316,16.342182],[100.392678,16.342857],[100.397918,16.346198],[100.39806,16.345725],[100.39762,16.347193],[100.398038,16.34746],[100.39315,16.351415],[100.396887,16.358017],[100.396707,16.356799],[100.403412,16.354622],[100.407431,16.34752],[100.403056,16.34478],[100.402827,16.34289]],[[100.392276,16.341318],[100.392281,16.341418],[100.39228061835898,16.341417756554108],[100.392276,16.341318]]]},"bbox":[100.391389,16.319604,100.407431,16.358017]},{"type":"Feature","id":"161a61b3-2ce1-4ac6-a14d-b26e0d4df44a","properties":{"id":"161a61b3-2ce1-4ac6-a14d-b26e0d4df44a","code":"05660106","provinceCode":"66","nameTh":"เทศบาลตำบล ดงป่าคำ","nameEn":null,"geometryType":"MUNICIPALITY","sourceUrl":"https://landometer.com/api/v2/citymeter-v3/grocery/info/geom/161a61b3-2ce1-4ac6-a14d-b26e0d4df44a/MUNICIPALITY","sourceSha256":"c69a159056688ba95139c3a1bdab3f6ec8b9e7ea2004449d5f66184885d14b8d","retrievedAt":"2026-10-04T05:44:09.314828+00:00","boundaryVintage":null,"geometryStatus":"native_source_polygon_display_simplified","simplificationToleranceDegrees":0.00015,"simplificationPreservesTopology":true,"invalidSourceRepair":"make_valid; retain polygonal components; discard zero-area collapsed lines","legalBoundaryIndependentlyVerified":false,"areaId":"161a61b3-2ce1-4ac6-a14d-b26e0d4df44a"},"geometry":{"type":"Polygon","coordinates":[[[100.362616,16.261156],[100.360997,16.25946],[100.361428,16.256822],[100.362038,16.255855],[100.362408,16.253739],[100.362732,16.253423],[100.362529,16.252563],[100.36307,16.252123],[100.363032,16.251676],[100.355825,16.252335],[100.35549,16.252503],[100.354947,16.253652],[100.353094,16.254992],[100.351171,16.255859],[100.35008,16.257193],[100.34894,16.257278],[100.348356,16.25701],[100.346343,16.258197],[100.345188,16.260983],[100.346122,16.263193],[100.346077,16.264905],[100.346354,16.26623],[100.346065,16.266474],[100.346393,16.268922],[100.349016,16.271897],[100.347033,16.272802],[100.346147,16.27154],[100.345435,16.271911],[100.345069,16.271559],[100.344013,16.272143],[100.343475,16.271358],[100.340188,16.272842],[100.329769,16.274652],[100.321783,16.276325],[100.320031,16.276224],[100.319976,16.275962],[100.318188,16.275199],[100.312797,16.275029],[100.312725,16.275769],[100.312889,16.275866],[100.312577,16.276415],[100.311945,16.277081],[100.310378,16.277854],[100.310786,16.279754],[100.311888,16.282143],[100.311514,16.282345],[100.311965,16.284103],[100.312689,16.284839],[100.312728,16.285988],[100.312898,16.286084],[100.312192,16.2881],[100.311108,16.289557],[100.312197,16.290321],[100.319381,16.300199],[100.319452,16.301363],[100.317706,16.304866],[100.325589,16.306786],[100.325979,16.309455],[100.332975,16.313899],[100.332977,16.314239],[100.333585,16.313894],[100.340594,16.312867],[100.34084,16.313842],[100.347399,16.318218],[100.354411,16.313847],[100.363318,16.321152],[100.37025,16.321066],[100.373332,16.32554],[100.379218,16.335443],[100.389317,16.341637],[100.389165,16.340617],[100.391158,16.341888],[100.391204,16.340731],[100.391389,16.340849],[100.392023,16.339634],[100.394027,16.338851],[100.395233,16.337366],[100.39728,16.337392],[100.397557,16.335209],[100.395585,16.33496],[100.395684,16.334208],[100.396252,16.333063],[100.395429,16.332978],[100.39467,16.33249],[100.394649,16.332154],[100.396941,16.328705],[100.397462,16.327492],[100.396007,16.32271],[100.397253,16.320905],[100.399931,16.320206],[100.402769,16.318872],[100.406063,16.309973],[100.404852,16.30544],[100.408219,16.300754],[100.40786,16.299874],[100.408715,16.299322],[100.40762,16.296637],[100.404444,16.294814],[100.405204,16.294175],[100.406091,16.291896],[100.408545,16.290654],[100.408746,16.289377],[100.408412,16.289159],[100.406358,16.289401],[100.404944,16.288446],[100.403909,16.287166],[100.403692,16.285855],[100.404815,16.285177],[100.404854,16.2846],[100.404247,16.284156],[100.403587,16.28416],[100.402955,16.284496],[100.402033,16.284021],[100.398113,16.278062],[100.396705,16.27525],[100.396355,16.271209],[100.396527,16.270609],[100.38155,16.269656],[100.381152,16.270124],[100.377175,16.26894],[100.37529,16.269434],[100.373436,16.269557],[100.369762,16.270582],[100.369341,16.269533],[100.369455,16.269155],[100.368504,16.263249],[100.364836,16.26201],[100.364548,16.261681],[100.363434,16.261696],[100.362616,16.261156]]]},"bbox":[100.310378,16.251676,100.408782,16.341888]},{"type":"Feature","id":"0918b422-ba94-45ae-8062-6e2284dda90e","properties":{"id":"0918b422-ba94-45ae-8062-6e2284dda90e","code":"05660201","provinceCode":"66","nameTh":"เทศบาลตำบล วังทรายพูน","nameEn":null,"geometryType":"MUNICIPALITY","sourceUrl":"https://landometer.com/api/v2/citymeter-v3/grocery/info/geom/0918b422-ba94-45ae-8062-6e2284dda90e/MUNICIPALITY","sourceSha256":"441d99470328dffb30edbacccad2160e32a837b2f38ca58509af6615d731f80b","retrievedAt":"2026-10-04T05:44:09.303676+00:00","boundaryVintage":null,"geometryStatus":"native_source_polygon_display_simplified","simplificationToleranceDegrees":0.00015,"simplificationPreservesTopology":true,"invalidSourceRepair":"make_valid; retain polygonal components; discard zero-area collapsed lines","legalBoundaryIndependentlyVerified":false,"areaId":"0918b422-ba94-45ae-8062-6e2284dda90e"},"geometry":{"type":"MultiPolygon","coordinates":[[[[100.539873,16.401011],[100.53987314391671,16.401011100741698],[100.540462,16.401083],[100.539873,16.401011]]],[[[100.53596,16.413637],[100.550696,16.411706],[100.55223,16.40955],[100.55097,16.406656],[100.554178,16.402901],[100.53029,16.399841],[100.525759,16.397299],[100.514093,16.418398],[100.518764,16.420882],[100.520313,16.418902],[100.52519,16.417075],[100.527351,16.418754],[100.53596,16.413637]]]]},"bbox":[100.514093,16.397299,100.554178,16.420882]},{"type":"Feature","id":"e44d9878-f1f9-415d-8f71-edfe5a6188d5","properties":{"id":"e44d9878-f1f9-415d-8f71-edfe5a6188d5","code":"05660202","provinceCode":"66","nameTh":"เทศบาลตำบล หนองปล้อง","nameEn":null,"geometryType":"MUNICIPALITY","sourceUrl":"https://landometer.com/api/v2/citymeter-v3/grocery/info/geom/e44d9878-f1f9-415d-8f71-edfe5a6188d5/MUNICIPALITY","sourceSha256":"c4f14fb292d5f46d374b35bd176cc93720fe66bc9154930bd7efe57f1785a0f1","retrievedAt":"2026-10-04T05:44:09.378117+00:00","boundaryVintage":null,"geometryStatus":"native_source_polygon_display_simplified","simplificationToleranceDegrees":0.00015,"simplificationPreservesTopology":true,"invalidSourceRepair":"make_valid; retain polygonal components; discard zero-area collapsed lines","legalBoundaryIndependentlyVerified":false,"areaId":"e44d9878-f1f9-415d-8f71-edfe5a6188d5"},"geometry":{"type":"MultiPolygon","coordinates":[[[[100.534016,16.345409],[100.53428,16.344115],[100.539126,16.344101],[100.538319,16.339872],[100.53886,16.338371],[100.537093,16.333445],[100.536636,16.331049],[100.535245,16.32911],[100.525852,16.326172],[100.525573,16.322271],[100.523578,16.321615],[100.522734,16.319127],[100.523327,16.31321],[100.521291,16.304364],[100.517919,16.300802],[100.515054,16.300715],[100.51048,16.30004],[100.500284,16.298101],[100.494224,16.298209],[100.490988,16.297889],[100.485126,16.2965],[100.481239,16.295205],[100.4792,16.29792],[100.478876,16.299176],[100.480939,16.314412],[100.48132,16.314443],[100.481093,16.319521],[100.480073,16.320751],[100.479038,16.320809],[100.478217,16.321233],[100.477522,16.321231],[100.47712,16.321559],[100.47666,16.321463],[100.476469,16.321822],[100.476035,16.321927],[100.475745,16.321643],[100.475031,16.321559],[100.475019,16.322013],[100.474685,16.322431],[100.474055,16.322378],[100.472814,16.32296],[100.474329,16.327303],[100.474757,16.327292],[100.475864,16.329663],[100.475937,16.332221],[100.476295,16.332233],[100.477722,16.335357],[100.477978,16.335367],[100.477594,16.33947],[100.47703,16.33958],[100.473979,16.339002],[100.472406,16.340547],[100.470415,16.340384],[100.469014,16.339867],[100.468467,16.340996],[100.468334,16.345771],[100.468578,16.346518],[100.467637,16.348052],[100.467297,16.3525],[100.467949,16.352711],[100.468739,16.353662],[100.46835,16.354419],[100.468833,16.354582],[100.469234,16.355146],[100.468686,16.355652],[100.468804,16.356466],[100.46994,16.357675],[100.466777,16.364152],[100.468356,16.364852],[100.468743,16.365393],[100.471439,16.365337],[100.472915,16.371315],[100.474477,16.374005],[100.476723,16.376789],[100.478774,16.380892],[100.482715,16.382837],[100.489108,16.384555],[100.490978,16.384159],[100.494055,16.384167],[100.501826,16.380822],[100.501696,16.380133],[100.505592,16.379027],[100.507929,16.37717],[100.511799,16.376436],[100.514123,16.375354],[100.514978,16.375348],[100.5167725991421,16.375948760343157],[100.517637,16.375636],[100.517899,16.374581],[100.517793,16.372943],[100.519666,16.373255],[100.525503,16.367804],[100.530877,16.360382],[100.538174,16.357822],[100.535853,16.345862],[100.534016,16.345409]]],[[[100.517281,16.376134],[100.5167725991421,16.375948760343157],[100.516772,16.375949],[100.517281,16.376134]]]]},"bbox":[100.466777,16.295205,100.539126,16.384555]},{"type":"Feature","id":"81080033-3bd9-4ed7-9425-393834c4e71b","properties":{"id":"81080033-3bd9-4ed7-9425-393834c4e71b","code":"05660301","provinceCode":"66","nameTh":"เทศบาลตำบล ไผ่รอบ","nameEn":null,"geometryType":"MUNICIPALITY","sourceUrl":"https://landometer.com/api/v2/citymeter-v3/grocery/info/geom/81080033-3bd9-4ed7-9425-393834c4e71b/MUNICIPALITY","sourceSha256":"a1625bcf86d810461c9893f0e67e59ba8fc57743683f46119646ea51cf0c79e5","retrievedAt":"2026-10-04T05:44:09.382870+00:00","boundaryVintage":null,"geometryStatus":"native_source_polygon_display_simplified","simplificationToleranceDegrees":0.00015,"simplificationPreservesTopology":true,"invalidSourceRepair":"make_valid; retain polygonal components; discard zero-area collapsed lines","legalBoundaryIndependentlyVerified":false,"areaId":"81080033-3bd9-4ed7-9425-393834c4e71b"},"geometry":{"type":"Polygon","coordinates":[[[100.236078,16.326576],[100.234993,16.323251],[100.232443,16.322093],[100.221374,16.323364],[100.215797,16.320911],[100.216082,16.323649],[100.211404,16.32313],[100.210106,16.326504],[100.205601,16.328683],[100.201101,16.326479],[100.195648,16.326585],[100.194477,16.324466],[100.191329,16.329097],[100.186931,16.327461],[100.185346,16.329861],[100.175224,16.333292],[100.17076,16.332725],[100.164659,16.338022],[100.156843,16.332442],[100.149235,16.336006],[100.146571,16.334528],[100.140378,16.344894],[100.134612,16.345287],[100.13024,16.343534],[100.127027,16.344295],[100.12487,16.341503],[100.122427,16.343326],[100.113755,16.341501],[100.104704,16.34415],[100.102362,16.342059],[100.099457,16.334283],[100.090717,16.327922],[100.068757,16.321861],[100.066588,16.322863],[100.062104,16.330456],[100.061579,16.33055],[100.062097,16.330521],[100.061692,16.343445],[100.060874,16.350259],[100.062893,16.352135],[100.063135,16.351726],[100.0662,16.352657],[100.065938,16.35486],[100.066096,16.355078],[100.069882,16.356892],[100.074088,16.357577],[100.07546,16.357549],[100.075821,16.358592],[100.07759,16.359167],[100.078133,16.35957],[100.077375,16.36106],[100.077779,16.362216],[100.079003,16.362786],[100.079676,16.363418],[100.080375,16.364995],[100.081614,16.365045],[100.08327,16.364399],[100.084085,16.365348],[100.084413,16.366535],[100.085437,16.367145],[100.086465,16.367175],[100.089413,16.366312],[100.090508,16.366595],[100.091866,16.366338],[100.093056,16.365378],[100.093965,16.362259],[100.094915,16.361511],[100.096504,16.360831],[100.098114,16.361224],[100.100929,16.362729],[100.10187,16.362965],[100.102611,16.36671],[100.101482,16.369277],[100.102908,16.371296],[100.104681,16.374726],[100.108744,16.375519],[100.111935,16.375602],[100.113985,16.377366],[100.115711,16.377773],[100.116931,16.379056],[100.119723,16.380244],[100.120221,16.380294],[100.122263,16.379024],[100.123624,16.378708],[100.125616,16.376732],[100.127294,16.376227],[100.128017,16.376741],[100.12867,16.37847],[100.130219,16.380577],[100.13176,16.381137],[100.140321,16.382796],[100.148619,16.383222],[100.151236,16.384362],[100.152561,16.384544],[100.153526,16.38457],[100.156253,16.383893],[100.158563,16.384716],[100.159774,16.384868],[100.165075,16.381507],[100.166347,16.379725],[100.167098,16.376577],[100.169488,16.373197],[100.170529,16.372576],[100.171049,16.372615],[100.172578,16.373178],[100.17525,16.375098],[100.177675,16.377257],[100.180965,16.377972],[100.183009,16.379729],[100.186179,16.381396],[100.187484,16.382642],[100.190285,16.382164],[100.197833,16.381824],[100.205528,16.382435],[100.20893,16.383115],[100.212219,16.383116],[100.213205,16.383471],[100.215433,16.38594],[100.217143,16.386865],[100.219049,16.388406],[100.23898,16.372061],[100.24231,16.363777],[100.239274,16.359324],[100.239318,16.347061],[100.229401,16.331622],[100.236078,16.326576]]]},"bbox":[100.060874,16.320911,100.24231,16.388406]},{"type":"Feature","id":"db91bc00-7f55-43cc-8df3-bccb9dab604f","properties":{"id":"db91bc00-7f55-43cc-8df3-bccb9dab604f","code":"05660302","provinceCode":"66","nameTh":"เทศบาลตำบล โพธิ์ประทับช้าง","nameEn":null,"geometryType":"MUNICIPALITY","sourceUrl":"https://landometer.com/api/v2/citymeter-v3/grocery/info/geom/db91bc00-7f55-43cc-8df3-bccb9dab604f/MUNICIPALITY","sourceSha256":"b65e83fd0e081eb409f867b2fcc50f558f9c7f6aefe777e256baa23ca5203650","retrievedAt":"2026-10-04T05:44:09.378831+00:00","boundaryVintage":null,"geometryStatus":"native_source_polygon_display_simplified","simplificationToleranceDegrees":0.00015,"simplificationPreservesTopology":true,"invalidSourceRepair":"make_valid; retain polygonal components; discard zero-area collapsed lines","legalBoundaryIndependentlyVerified":false,"areaId":"db91bc00-7f55-43cc-8df3-bccb9dab604f"},"geometry":{"type":"Polygon","coordinates":[[[100.270696,16.386991],[100.271993,16.385123],[100.272108,16.383562],[100.271672,16.382796],[100.270331,16.381497],[100.269991,16.379832],[100.269244,16.378633],[100.269582,16.377781],[100.270247,16.377211],[100.270321,16.375388],[100.270753,16.374941],[100.269933,16.373665],[100.268984,16.372965],[100.269115,16.3715],[100.268066,16.37032],[100.26796,16.369701],[100.268919,16.366618],[100.271632,16.365499],[100.272111,16.364959],[100.272267,16.364484],[100.271799,16.36302],[100.272147,16.360948],[100.279059,16.364062],[100.279177,16.36378],[100.282834,16.363465],[100.298916,16.36335],[100.279476,16.362464],[100.278746,16.361001],[100.276914,16.338047],[100.277933,16.333056],[100.276378,16.325463],[100.287382,16.320529],[100.28334,16.310265],[100.273892,16.296818],[100.283233,16.293516],[100.28394,16.294197],[100.284146,16.293196],[100.282598,16.29217],[100.281031,16.29296],[100.280018,16.29378],[100.277234,16.293618],[100.276146,16.293394],[100.275265,16.292919],[100.274051,16.291423],[100.272975,16.292178],[100.272732,16.293373],[100.271773,16.293207],[100.271084,16.292213],[100.270297,16.291589],[100.270289,16.289542],[100.269795,16.288472],[100.26505,16.284287],[100.265087,16.282531],[100.264329,16.280928],[100.26371,16.28017],[100.26458,16.285886],[100.256247,16.276099],[100.248963,16.273088],[100.237007,16.272768],[100.236392,16.281879],[100.265734,16.308891],[100.261732,16.318489],[100.257323,16.31165],[100.24811,16.314266],[100.235176,16.312514],[100.227267,16.315437],[100.227413,16.315881],[100.227175,16.316244],[100.220318,16.319441],[100.220879,16.323146],[100.221115,16.323302],[100.232443,16.322093],[100.234993,16.323251],[100.236078,16.326576],[100.229401,16.331622],[100.239318,16.347061],[100.239274,16.359324],[100.24231,16.363777],[100.23898,16.372061],[100.219049,16.388406],[100.218765,16.389048],[100.217756,16.388769],[100.217641,16.389615],[100.21851,16.392071],[100.218737,16.393401],[100.218311,16.396081],[100.217266,16.398866],[100.217879,16.40019],[100.219558,16.400399],[100.220668,16.400845],[100.220878,16.401716],[100.220164,16.402757],[100.22016,16.403519],[100.221499,16.404633],[100.223436,16.405306],[100.225911,16.405429],[100.228167,16.405092],[100.228618,16.40485],[100.228867,16.404347],[100.228388,16.40217],[100.228757,16.401346],[100.229259,16.401157],[100.230847,16.401203],[100.236797,16.399306],[100.240355,16.398801],[100.240905,16.398218],[100.240658,16.396309],[100.240826,16.395739],[100.24123,16.395444],[100.242166,16.395696],[100.243788,16.397037],[100.244541,16.39704],[100.24514,16.396308],[100.245652,16.394148],[100.246929,16.392244],[100.248985,16.39133],[100.251539,16.39158],[100.253401,16.388976],[100.25401,16.388448],[100.254948,16.388436],[100.258631,16.389183],[100.26181,16.392227],[100.263636,16.394698],[100.26872,16.394123],[100.269433,16.392805],[100.270921,16.391029],[100.270968,16.389126],[100.270696,16.386991]]]},"bbox":[100.217243,16.272768,100.298916,16.405429]},{"type":"Feature","id":"bf860727-b02d-4f4e-a0bb-6556b94c6e7b","properties":{"id":"bf860727-b02d-4f4e-a0bb-6556b94c6e7b","code":"05660402","provinceCode":"66","nameTh":"เทศบาลตำบล หนองพยอม","nameEn":null,"geometryType":"MUNICIPALITY","sourceUrl":"https://landometer.com/api/v2/citymeter-v3/grocery/info/geom/bf860727-b02d-4f4e-a0bb-6556b94c6e7b/MUNICIPALITY","sourceSha256":"d548ca47169e0ce5601996fc446d1f82595429a06111ad10e708a9df305b21cc","retrievedAt":"2026-10-04T05:44:09.387863+00:00","boundaryVintage":null,"geometryStatus":"native_source_polygon_display_simplified","simplificationToleranceDegrees":0.00015,"simplificationPreservesTopology":true,"invalidSourceRepair":"make_valid; retain polygonal components; discard zero-area collapsed lines","legalBoundaryIndependentlyVerified":false,"areaId":"bf860727-b02d-4f4e-a0bb-6556b94c6e7b"},"geometry":{"type":"Polygon","coordinates":[[[100.5114,16.289939],[100.509446,16.289614],[100.497808,16.278394],[100.496034,16.27834],[100.494973,16.277679],[100.491089,16.277647],[100.489121,16.275642],[100.487042,16.274408],[100.48602,16.27295],[100.486987,16.271143],[100.488502,16.265778],[100.488582,16.264603],[100.488294,16.264465],[100.488286,16.263194],[100.488641,16.260585],[100.488782,16.256023],[100.489015,16.255537],[100.49038,16.25562],[100.490452,16.255381],[100.492101,16.255471],[100.493774,16.255199],[100.494135,16.254298],[100.495931,16.25435],[100.497386,16.25474],[100.501068,16.253311],[100.51209,16.238784],[100.51223,16.238448],[100.511294,16.238179],[100.512654,16.228561],[100.490635,16.225992],[100.490689,16.215976],[100.486871,16.213012],[100.473757,16.213978],[100.474148,16.210104],[100.472989,16.209996],[100.474441,16.206232],[100.471842,16.204553],[100.472304,16.196249],[100.455442,16.197347],[100.454986,16.174942],[100.44976,16.173214],[100.447834,16.170047],[100.448124,16.170905],[100.445921,16.17323],[100.440703,16.174297],[100.437873,16.212778],[100.439101,16.213012],[100.437356,16.21356],[100.441332,16.212312],[100.443045,16.21757],[100.442985,16.21908],[100.444464,16.219162],[100.440442,16.259723],[100.443653,16.260777],[100.443239,16.262513],[100.450043,16.272832],[100.451078,16.272513],[100.450666,16.273757],[100.46095,16.272801],[100.464961,16.277092],[100.454246,16.289113],[100.457682,16.289692],[100.457725,16.289994],[100.457262,16.290607],[100.456515,16.291046],[100.456078,16.290958],[100.458202,16.291386],[100.459687,16.291611],[100.466359,16.292028],[100.469057,16.292857],[100.471935,16.293251],[100.477629,16.293444],[100.482803,16.29577],[100.490988,16.297889],[100.494224,16.298209],[100.500284,16.298101],[100.508606,16.299742],[100.515054,16.300715],[100.517332,16.300842],[100.520429,16.299232],[100.519887,16.298175],[100.519229,16.297592],[100.51916,16.296841],[100.518782,16.296133],[100.514059,16.29082],[100.513094,16.290916],[100.5114,16.289939]]]},"bbox":[100.437356,16.170002,100.520429,16.300847]},{"type":"Feature","id":"76493d22-a387-4745-8a92-e8f9d63dd71f","properties":{"id":"76493d22-a387-4745-8a92-e8f9d63dd71f","code":"05660502","provinceCode":"66","nameTh":"เทศบาลตำบล บางไผ่","nameEn":null,"geometryType":"MUNICIPALITY","sourceUrl":"https://landometer.com/api/v2/citymeter-v3/grocery/info/geom/76493d22-a387-4745-8a92-e8f9d63dd71f/MUNICIPALITY","sourceSha256":"f7af155afb49281101e9544a7d9ac71426169bb4d681ff3820fd2de056d9cb85","retrievedAt":"2026-10-04T05:44:09.385575+00:00","boundaryVintage":null,"geometryStatus":"native_source_polygon_display_simplified","simplificationToleranceDegrees":0.00015,"simplificationPreservesTopology":true,"invalidSourceRepair":"make_valid; retain polygonal components; discard zero-area collapsed lines","legalBoundaryIndependentlyVerified":false,"areaId":"76493d22-a387-4745-8a92-e8f9d63dd71f"},"geometry":{"type":"Polygon","coordinates":[[[100.400342,16.119167],[100.401278,16.131436],[100.404101,16.132002],[100.407571,16.126886],[100.40424,16.125463],[100.404616,16.119781],[100.400342,16.119167]]]},"bbox":[100.400342,16.119167,100.407571,16.132002]},{"type":"Feature","id":"2b8db896-1f54-479f-beb4-073ef8f91339","properties":{"id":"2b8db896-1f54-479f-beb4-073ef8f91339","code":"05660503","provinceCode":"66","nameTh":"เทศบาลตำบล วังตะกู","nameEn":null,"geometryType":"MUNICIPALITY","sourceUrl":"https://landometer.com/api/v2/citymeter-v3/grocery/info/geom/2b8db896-1f54-479f-beb4-073ef8f91339/MUNICIPALITY","sourceSha256":"76a3002477eb39b1a84fda0c2d03aff94ad16e7c98ce2c086443315048d424cc","retrievedAt":"2026-10-04T05:44:09.395603+00:00","boundaryVintage":null,"geometryStatus":"native_source_polygon_display_simplified","simplificationToleranceDegrees":0.00015,"simplificationPreservesTopology":true,"invalidSourceRepair":"make_valid; retain polygonal components; discard zero-area collapsed lines","legalBoundaryIndependentlyVerified":false,"areaId":"2b8db896-1f54-479f-beb4-073ef8f91339"},"geometry":{"type":"Polygon","coordinates":[[[100.499597,16.020548],[100.499552,16.015109],[100.484951,16.019134],[100.485787,16.02417],[100.499597,16.020548]]]},"bbox":[100.484951,16.015109,100.499597,16.02417]},{"type":"Feature","id":"bb0f9858-1062-4f9b-8d47-3e36ee57febd","properties":{"id":"bb0f9858-1062-4f9b-8d47-3e36ee57febd","code":"05660505","provinceCode":"66","nameTh":"เทศบาลตำบล เนินมะกอก","nameEn":null,"geometryType":"MUNICIPALITY","sourceUrl":"https://landometer.com/api/v2/citymeter-v3/grocery/info/geom/bb0f9858-1062-4f9b-8d47-3e36ee57febd/MUNICIPALITY","sourceSha256":"6825138e313673ebf02aa8ab87f0b9cd3f1c5622d7d82e95b93b7c2897364b64","retrievedAt":"2026-10-04T05:44:09.390511+00:00","boundaryVintage":null,"geometryStatus":"native_source_polygon_display_simplified","simplificationToleranceDegrees":0.00015,"simplificationPreservesTopology":true,"invalidSourceRepair":"make_valid; retain polygonal components; discard zero-area collapsed lines","legalBoundaryIndependentlyVerified":false,"areaId":"bb0f9858-1062-4f9b-8d47-3e36ee57febd"},"geometry":{"type":"MultiPolygon","coordinates":[[[[100.388924,15.979696],[100.39026,15.971476],[100.380685,15.95017],[100.388522,15.939191],[100.388633,15.938519],[100.388327,15.938077],[100.387694,15.938731],[100.384291,15.939037],[100.383117,15.939452],[100.381813,15.940358],[100.378419,15.940905],[100.37225,15.940473],[100.362738,15.94058],[100.359132,15.940284],[100.35729,15.939521],[100.355398,15.937375],[100.353759,15.936092],[100.351799,15.935216],[100.349559,15.934865],[100.347277,15.935267],[100.343581,15.936783],[100.338174,15.937803],[100.331189,15.940653],[100.346369,15.973785],[100.346176,15.974356],[100.343427,15.976555],[100.340475,15.977689],[100.337787,15.979118],[100.335385,15.981294],[100.33278,15.982866],[100.331011,15.984635],[100.328998,15.985201],[100.326319,15.985043],[100.325279,15.985511],[100.323042,15.987572],[100.322506,15.987822],[100.321413,15.987609],[100.321026,15.987092],[100.320975,15.986506],[100.321386,15.985627],[100.324092,15.982642],[100.324475,15.981825],[100.324321,15.980188],[100.323294,15.977455],[100.323404,15.974401],[100.320658,15.974369],[100.319229,15.974588],[100.315748,15.975755],[100.315728,15.976176],[100.312652,15.977135],[100.311521,15.976503],[100.30931,15.973527],[100.30687,15.973663],[100.306042,15.973436],[100.304328,15.974428],[100.303798,15.97541],[100.302876,15.975733],[100.302364,15.976209],[100.30104,15.97981],[100.300367,15.982656],[100.300478,15.983038],[100.301996,15.984639],[100.302557,15.986095],[100.302477,15.987247],[100.30919,15.991694],[100.312003,15.993292],[100.314231,15.995668],[100.315867,15.998414],[100.317838,16.000527],[100.318915,16.001034],[100.320317,16.000881],[100.321151,16.000127],[100.321337,15.99906],[100.322405,15.998479],[100.323534,15.998238],[100.324424,15.998706],[100.324913,16.00007],[100.324833,16.000263],[100.324203,16.000269],[100.323859,16.000679],[100.325071,16.000991],[100.325726,16.002215],[100.327048,16.002233],[100.328079,16.001168],[100.328869,16.001289],[100.328888,16.001337],[100.328891,16.001391],[100.328038,16.004866],[100.327801,16.005452],[100.325672,16.005402],[100.330937,16.010925],[100.332532,16.013767],[100.332746,16.014657],[100.332655,16.015836],[100.331398,16.018251],[100.331178,16.019618],[100.331344,16.02061],[100.332458,16.022733],[100.33704558709715,16.023817915857936],[100.351553,16.025835],[100.368797,16.021701],[100.369221,16.023216],[100.372862,16.021573],[100.376773,16.022814],[100.382142,16.021997],[100.389247,16.037128],[100.388342,16.037553],[100.389118,16.038091],[100.392869,16.036991],[100.395837,16.040896],[100.396733,16.045221],[100.40007098685092,16.045512653195807],[100.403368,16.044354],[100.409685,16.041203],[100.410233,16.028386],[100.391698,15.996075],[100.391668,15.995256],[100.391065,15.994179],[100.391259,15.983938],[100.388924,15.979696]]],[[[100.328871,16.001295],[100.328872,16.001297],[100.328872,16.001296999999994],[100.328871,16.001295]]],[[[100.337913,16.024007],[100.33704558709715,16.023817915857936],[100.337039,16.023817],[100.337913,16.024007]]],[[[100.400899,16.045585],[100.40007098685092,16.045512653195807],[100.40007,16.045513],[100.400899,16.045585]]]]},"bbox":[100.300367,15.934865,100.410233,16.045585]},{"type":"Feature","id":"de8282c1-739a-4629-a5e7-5c567da058ff","properties":{"id":"de8282c1-739a-4629-a5e7-5c567da058ff","code":"05660506","provinceCode":"66","nameTh":"เทศบาลตำบล หอไกร","nameEn":null,"geometryType":"MUNICIPALITY","sourceUrl":"https://landometer.com/api/v2/citymeter-v3/grocery/info/geom/de8282c1-739a-4629-a5e7-5c567da058ff/MUNICIPALITY","sourceSha256":"0e303d836f9d2bcd9211bc300b02340612dbf28a2476f3f98e8daddddc89c241","retrievedAt":"2026-10-04T05:44:09.382433+00:00","boundaryVintage":null,"geometryStatus":"native_source_polygon_display_simplified","simplificationToleranceDegrees":0.00015,"simplificationPreservesTopology":true,"invalidSourceRepair":"make_valid; retain polygonal components; discard zero-area collapsed lines","legalBoundaryIndependentlyVerified":false,"areaId":"de8282c1-739a-4629-a5e7-5c567da058ff"},"geometry":{"type":"MultiPolygon","coordinates":[[[[100.4207,16.069049],[100.429105,16.066134],[100.429926,16.066588],[100.430014,16.06615],[100.423352,16.063965],[100.420172,16.059563],[100.400899,16.045585],[100.396733,16.045221],[100.395837,16.040896],[100.392869,16.036991],[100.389118,16.038091],[100.388299,16.037462],[100.373662,16.042623],[100.375063,16.031541],[100.368689,16.02346],[100.370144,16.022802],[100.369221,16.023216],[100.368797,16.021701],[100.351553,16.025835],[100.337039,16.023817],[100.338431,16.02419],[100.337944,16.025449],[100.338024,16.02679],[100.342179,16.033957],[100.342773,16.037619],[100.34243,16.041433],[100.342473,16.046002],[100.340965,16.04722],[100.339651,16.047822],[100.339378,16.048462],[100.339497,16.049421],[100.341323,16.051847],[100.342608,16.056094],[100.343622,16.056869],[100.348097,16.058818],[100.349963,16.059942],[100.351916,16.061847],[100.354179,16.064973],[100.356483,16.069199],[100.357775,16.072554],[100.358054,16.075345],[100.35935,16.076303],[100.360536,16.079831],[100.361344,16.081279],[100.362013,16.081949],[100.362552,16.08403],[100.363,16.084259],[100.364609,16.083509],[100.364932,16.083729],[100.36496,16.084509],[100.364395,16.085463],[100.364838,16.087349],[100.364628,16.08831],[100.364904,16.089165],[100.365428,16.089623],[100.366617,16.089855],[100.36655,16.090663],[100.366814,16.091035],[100.367993,16.090745],[100.368349,16.090889],[100.368742,16.091895],[100.367884,16.093182],[100.365811,16.094185],[100.365667,16.095182],[100.36498,16.096601],[100.365363,16.098245],[100.395272,16.091385],[100.403546,16.092413],[100.405524,16.090705],[100.409264,16.079899],[100.414884,16.078379],[100.420936,16.073852],[100.422116,16.072589],[100.4207,16.069049]]],[[[100.395424,16.091404],[100.402213,16.092248],[100.395272,16.091385],[100.395424,16.091404]]]]},"bbox":[100.337039,16.021701,100.430014,16.098245]},{"type":"Feature","id":"7fa6c4db-c83d-495a-a17d-b0d877d933d9","properties":{"id":"7fa6c4db-c83d-495a-a17d-b0d877d933d9","code":"05660601","provinceCode":"66","nameTh":"เทศบาลตำบล ท่าเสา","nameEn":null,"geometryType":"MUNICIPALITY","sourceUrl":"https://landometer.com/api/v2/citymeter-v3/grocery/info/geom/7fa6c4db-c83d-495a-a17d-b0d877d933d9/MUNICIPALITY","sourceSha256":"b3bd96c8bd58c5c18aec599a624f16f97f1370f248fe46935b74255dbe9f985b","retrievedAt":"2026-10-04T05:44:09.451902+00:00","boundaryVintage":null,"geometryStatus":"native_source_polygon_display_simplified","simplificationToleranceDegrees":0.00015,"simplificationPreservesTopology":true,"invalidSourceRepair":"make_valid; retain polygonal components; discard zero-area collapsed lines","legalBoundaryIndependentlyVerified":false,"areaId":"7fa6c4db-c83d-495a-a17d-b0d877d933d9"},"geometry":{"type":"Polygon","coordinates":[[[100.220745,15.988932],[100.219602,15.990582],[100.216842,15.988892],[100.212457,15.989601],[100.219439,16.010993],[100.227519,16.006821],[100.228383,16.006995],[100.227512,16.006708],[100.227239,16.002408],[100.223622,15.999934],[100.224767,15.99581],[100.223216,15.993613],[100.223509,15.990831],[100.221392,15.990687],[100.220745,15.988932]]]},"bbox":[100.212457,15.988892,100.228383,16.010993]},{"type":"Feature","id":"21edbe09-9ff8-4f7f-bf54-f6de2da204c3","properties":{"id":"21edbe09-9ff8-4f7f-bf54-f6de2da204c3","code":"05660602","provinceCode":"66","nameTh":"เทศบาลตำบล โพทะเล","nameEn":null,"geometryType":"MUNICIPALITY","sourceUrl":"https://landometer.com/api/v2/citymeter-v3/grocery/info/geom/21edbe09-9ff8-4f7f-bf54-f6de2da204c3/MUNICIPALITY","sourceSha256":"1a9b16ba0fe7810cc02bc52f4727858761d06d5f8d6c867a2b59cff29302ce87","retrievedAt":"2026-10-04T05:44:09.454782+00:00","boundaryVintage":null,"geometryStatus":"native_source_polygon_display_simplified","simplificationToleranceDegrees":0.00015,"simplificationPreservesTopology":true,"invalidSourceRepair":"make_valid; retain polygonal components; discard zero-area collapsed lines","legalBoundaryIndependentlyVerified":false,"areaId":"21edbe09-9ff8-4f7f-bf54-f6de2da204c3"},"geometry":{"type":"Polygon","coordinates":[[[100.262282,16.087341],[100.260277,16.084044],[100.253942,16.090551],[100.258555,16.098423],[100.263024,16.097938],[100.262282,16.087341]]]},"bbox":[100.253942,16.084044,100.263024,16.098423]},{"type":"Feature","id":"f189d5df-0446-420d-9f53-5f855076bf3b","properties":{"id":"f189d5df-0446-420d-9f53-5f855076bf3b","code":"05660603","provinceCode":"66","nameTh":"เทศบาลตำบล ทุ่งน้อย","nameEn":null,"geometryType":"MUNICIPALITY","sourceUrl":"https://landometer.com/api/v2/citymeter-v3/grocery/info/geom/f189d5df-0446-420d-9f53-5f855076bf3b/MUNICIPALITY","sourceSha256":"ca070621c7e46d0f869f42a45279dba2bc8e54b465be375846e1ab11f7f47db4","retrievedAt":"2026-10-04T05:44:09.455182+00:00","boundaryVintage":null,"geometryStatus":"native_source_polygon_display_simplified","simplificationToleranceDegrees":0.00015,"simplificationPreservesTopology":true,"invalidSourceRepair":"make_valid; retain polygonal components; discard zero-area collapsed lines","legalBoundaryIndependentlyVerified":false,"areaId":"f189d5df-0446-420d-9f53-5f855076bf3b"},"geometry":{"type":"Polygon","coordinates":[[[100.351392,16.129935],[100.350458,16.129347],[100.34964,16.127287],[100.348847,16.126433],[100.348819,16.125053],[100.34911,16.124107],[100.350054,16.122929],[100.350523,16.12192],[100.352018,16.120457],[100.352194,16.119351],[100.352679,16.118864],[100.354492,16.118545],[100.35561,16.118704],[100.356959,16.118278],[100.358162,16.118368],[100.357867,16.117455],[100.357961,16.116534],[100.34466,16.110151],[100.337883,16.108661],[100.332485,16.103699],[100.323569,16.10409],[100.321769,16.101825],[100.322219,16.096959],[100.316151,16.095424],[100.310261,16.090448],[100.292677,16.101907],[100.2818,16.102315],[100.283509,16.108765],[100.28784,16.110752],[100.288123,16.115674],[100.282753,16.120967],[100.279466,16.119193],[100.275629,16.12148],[100.272881,16.127537],[100.275558,16.136273],[100.276156,16.135141],[100.276267,16.135385],[100.277921,16.13593],[100.279353,16.1331],[100.282932,16.131818],[100.286808,16.132878],[100.291714,16.136803],[100.29706,16.134801],[100.344444,16.140109],[100.344877,16.139962],[100.344576,16.141749],[100.344997,16.141174],[100.34497,16.139822],[100.345949,16.138378],[100.348512,16.136329],[100.349829,16.13222],[100.351433,16.130341],[100.351392,16.129935]]]},"bbox":[100.272881,16.090448,100.358198,16.141749]},{"type":"Feature","id":"4c059336-d580-4d15-ba30-ef71af25067d","properties":{"id":"4c059336-d580-4d15-ba30-ef71af25067d","code":"05660604","provinceCode":"66","nameTh":"เทศบาลตำบล บางคลาน","nameEn":null,"geometryType":"MUNICIPALITY","sourceUrl":"https://landometer.com/api/v2/citymeter-v3/grocery/info/geom/4c059336-d580-4d15-ba30-ef71af25067d/MUNICIPALITY","sourceSha256":"5101c6f74a5d22c224c2aed936acecba6aea24bcc8e758d66f90e0c68f3ebd19","retrievedAt":"2026-10-04T05:44:09.462992+00:00","boundaryVintage":null,"geometryStatus":"native_source_polygon_display_simplified","simplificationToleranceDegrees":0.00015,"simplificationPreservesTopology":true,"invalidSourceRepair":"make_valid; retain polygonal components; discard zero-area collapsed lines","legalBoundaryIndependentlyVerified":false,"areaId":"4c059336-d580-4d15-ba30-ef71af25067d"},"geometry":{"type":"Polygon","coordinates":[[[100.32017,16.014],[100.324691,16.007725],[100.325198,16.008468],[100.326626,16.006396],[100.325742,16.005278],[100.327801,16.005452],[100.328831,16.001242],[100.328079,16.001168],[100.327048,16.002233],[100.325726,16.002215],[100.325071,16.000991],[100.323859,16.000679],[100.324203,16.000269],[100.324833,16.000263],[100.324913,16.00007],[100.324424,15.998706],[100.323534,15.998238],[100.322405,15.998479],[100.321337,15.99906],[100.321151,16.000127],[100.320317,16.000881],[100.318915,16.001034],[100.317838,16.000527],[100.315867,15.998414],[100.314231,15.995668],[100.312003,15.993292],[100.30919,15.991694],[100.302477,15.987247],[100.302557,15.986095],[100.301898,15.984428],[100.301519,15.984006],[100.302446,15.986089],[100.301913,15.990428],[100.303528,15.990617],[100.300229,15.994822],[100.287484,15.987681],[100.264195,15.981758],[100.25954,15.982879],[100.258348,15.986165],[100.254778,15.984313],[100.241356,15.991388],[100.242192,15.993879],[100.243889,15.993721],[100.246375,15.996531],[100.252185,16.01034],[100.255004,16.022399],[100.250022,16.026918],[100.251485,16.033352],[100.247187,16.039849],[100.26438,16.045087],[100.275419,16.026317],[100.283814,16.018343],[100.2968,16.015286],[100.316638,16.016344],[100.32017,16.014]]]},"bbox":[100.241356,15.981758,100.328891,16.045087]},{"type":"Feature","id":"3e9319e8-d387-4d86-b192-d79325688edc","properties":{"id":"3e9319e8-d387-4d86-b192-d79325688edc","code":"05660701","provinceCode":"66","nameTh":"เทศบาลตำบล กำแพงดิน","nameEn":null,"geometryType":"MUNICIPALITY","sourceUrl":"https://landometer.com/api/v2/citymeter-v3/grocery/info/geom/3e9319e8-d387-4d86-b192-d79325688edc/MUNICIPALITY","sourceSha256":"9bd00f5f7d7a001807466fbf0d2dbb73fbcc537e94deaa6c9023b56c81aab043","retrievedAt":"2026-10-04T05:44:09.454844+00:00","boundaryVintage":null,"geometryStatus":"native_source_polygon_display_simplified","simplificationToleranceDegrees":0.00015,"simplificationPreservesTopology":true,"invalidSourceRepair":"make_valid; retain polygonal components; discard zero-area collapsed lines","legalBoundaryIndependentlyVerified":false,"areaId":"3e9319e8-d387-4d86-b192-d79325688edc"},"geometry":{"type":"Polygon","coordinates":[[[100.229123,16.586821],[100.229858,16.577563],[100.215768,16.576104],[100.215624,16.586309],[100.229123,16.586821]]]},"bbox":[100.215624,16.576104,100.229858,16.586821]},{"type":"Feature","id":"6e95d8c4-339a-4618-aff1-3e1295291644","properties":{"id":"6e95d8c4-339a-4618-aff1-3e1295291644","code":"05660702","provinceCode":"66","nameTh":"เทศบาลตำบล สามง่าม","nameEn":null,"geometryType":"MUNICIPALITY","sourceUrl":"https://landometer.com/api/v2/citymeter-v3/grocery/info/geom/6e95d8c4-339a-4618-aff1-3e1295291644/MUNICIPALITY","sourceSha256":"41c8d9f9b3742246daddbdf9f45986959d724fea3cc7ce761ab66dbd83585df9","retrievedAt":"2026-10-04T05:44:09.472077+00:00","boundaryVintage":null,"geometryStatus":"native_source_polygon_display_simplified","simplificationToleranceDegrees":0.00015,"simplificationPreservesTopology":true,"invalidSourceRepair":"make_valid; retain polygonal components; discard zero-area collapsed lines","legalBoundaryIndependentlyVerified":false,"areaId":"6e95d8c4-339a-4618-aff1-3e1295291644"},"geometry":{"type":"Polygon","coordinates":[[[100.183342,16.501641],[100.181859,16.50301],[100.188188,16.508269],[100.188611,16.507321],[100.189396,16.507973],[100.190081,16.507242],[100.204917,16.519573],[100.208738,16.526596],[100.218237,16.524637],[100.21457,16.503556],[100.199966,16.497174],[100.190773,16.497],[100.182494,16.500937],[100.183342,16.501641]]]},"bbox":[100.181859,16.497,100.218237,16.526596]},{"type":"Feature","id":"14e940f5-f3f7-4e2b-bda6-d7604519a97c","properties":{"id":"14e940f5-f3f7-4e2b-bda6-d7604519a97c","code":"05660703","provinceCode":"66","nameTh":"เทศบาลตำบล เนินปอ","nameEn":null,"geometryType":"MUNICIPALITY","sourceUrl":"https://landometer.com/api/v2/citymeter-v3/grocery/info/geom/14e940f5-f3f7-4e2b-bda6-d7604519a97c/MUNICIPALITY","sourceSha256":"f2d06ef902ee6504592b8cb6f7f7b6a9b822fb4a4ef194cb5143eaf3510a7cd6","retrievedAt":"2026-10-04T05:44:09.465781+00:00","boundaryVintage":null,"geometryStatus":"native_source_polygon_display_simplified","simplificationToleranceDegrees":0.00015,"simplificationPreservesTopology":true,"invalidSourceRepair":"make_valid; retain polygonal components; discard zero-area collapsed lines","legalBoundaryIndependentlyVerified":false,"areaId":"14e940f5-f3f7-4e2b-bda6-d7604519a97c"},"geometry":{"type":"MultiPolygon","coordinates":[[[[100.197541,16.381821],[100.190285,16.382164],[100.187807,16.382698],[100.187152,16.382504],[100.186179,16.381396],[100.183009,16.379729],[100.180965,16.377972],[100.177675,16.377257],[100.17525,16.375098],[100.172578,16.373178],[100.170529,16.372576],[100.169488,16.373197],[100.167098,16.376577],[100.166347,16.379725],[100.165075,16.381507],[100.159774,16.384868],[100.158563,16.384716],[100.156253,16.383893],[100.153526,16.38457],[100.152561,16.384544],[100.151236,16.384362],[100.148619,16.383222],[100.140321,16.382796],[100.13176,16.381137],[100.130219,16.380577],[100.12867,16.37847],[100.128017,16.376741],[100.127294,16.376227],[100.125616,16.376732],[100.123624,16.378708],[100.122263,16.379024],[100.120221,16.380294],[100.119723,16.380244],[100.116931,16.379056],[100.115711,16.377773],[100.113985,16.377366],[100.111935,16.375602],[100.108744,16.375519],[100.106749,16.374937],[100.104681,16.374726],[100.102908,16.371296],[100.101482,16.369277],[100.102611,16.36671],[100.10187,16.362965],[100.100929,16.362729],[100.098114,16.361224],[100.096504,16.360831],[100.094915,16.361511],[100.093965,16.362259],[100.093056,16.365378],[100.091866,16.366338],[100.090508,16.366595],[100.089413,16.366312],[100.086465,16.367175],[100.085437,16.367145],[100.084413,16.366535],[100.084085,16.365348],[100.08327,16.364399],[100.081614,16.365045],[100.080375,16.364995],[100.079676,16.363418],[100.079003,16.362786],[100.077779,16.362216],[100.077375,16.36106],[100.078133,16.35957],[100.07759,16.359167],[100.075821,16.358592],[100.07546,16.357549],[100.074088,16.357577],[100.072409,16.357216],[100.072867,16.357321],[100.073141,16.357705],[100.073287,16.358565],[100.073021,16.358859],[100.069831,16.35687],[100.069153,16.36419],[100.071398,16.372162],[100.079328,16.386954],[100.088743,16.399747],[100.086289,16.407313],[100.087546,16.410551],[100.083997,16.419883],[100.079949,16.416272],[100.074332,16.414142],[100.076383,16.425774],[100.081889,16.424255],[100.083737,16.422244],[100.092887,16.422414],[100.092928,16.424471],[100.082787,16.427868],[100.081862,16.431251],[100.077646,16.433362],[100.07739,16.439149],[100.081721,16.4411],[100.088392,16.440353],[100.09187,16.440465],[100.100041,16.441934],[100.11027,16.44576],[100.115607,16.44918],[100.123295,16.448165],[100.128953,16.447899],[100.13466,16.448281],[100.138777,16.448258],[100.145059,16.447284],[100.150052,16.44784],[100.159552,16.451008],[100.161255,16.451216],[100.161744,16.451042],[100.162968,16.448269],[100.163679,16.447524],[100.167065,16.44871],[100.168002,16.448694],[100.170737,16.447248],[100.171941,16.447209],[100.172636,16.447677],[100.177019,16.441756],[100.175319,16.440693],[100.183847,16.429073],[100.189647,16.413396],[100.192889,16.394403],[100.195407,16.388424],[100.199651,16.382458],[100.197541,16.381821]]],[[[100.08925291293833,16.440491663845222],[100.086925,16.440778],[100.089255,16.440492],[100.08925291293833,16.440491663845222]]]]},"bbox":[100.069153,16.35687,100.199651,16.451216]},{"type":"Feature","id":"18d8d1e2-738f-41fb-8aae-aa55673cbb96","properties":{"id":"18d8d1e2-738f-41fb-8aae-aa55673cbb96","code":"05660801","provinceCode":"66","nameTh":"เทศบาลตำบล เขาทราย","nameEn":null,"geometryType":"MUNICIPALITY","sourceUrl":"https://landometer.com/api/v2/citymeter-v3/grocery/info/geom/18d8d1e2-738f-41fb-8aae-aa55673cbb96/MUNICIPALITY","sourceSha256":"d1e95871ce958607d462b74c7f09b4edee10238544561c281bb96c6161af6715","retrievedAt":"2026-10-04T05:44:09.469873+00:00","boundaryVintage":null,"geometryStatus":"native_source_polygon_display_simplified","simplificationToleranceDegrees":0.00015,"simplificationPreservesTopology":true,"invalidSourceRepair":"make_valid; retain polygonal components; discard zero-area collapsed lines","legalBoundaryIndependentlyVerified":false,"areaId":"18d8d1e2-738f-41fb-8aae-aa55673cbb96"},"geometry":{"type":"Polygon","coordinates":[[[100.633208,16.141282],[100.612397,16.147966],[100.618643,16.165233],[100.639145,16.157963],[100.633208,16.141282]]]},"bbox":[100.612397,16.141282,100.639145,16.165233]},{"type":"Feature","id":"d87277b7-bdc3-4307-a1dc-7f9f7a14b209","properties":{"id":"d87277b7-bdc3-4307-a1dc-7f9f7a14b209","code":"05660802","provinceCode":"66","nameTh":"เทศบาลตำบล ทับคล้อ","nameEn":null,"geometryType":"MUNICIPALITY","sourceUrl":"https://landometer.com/api/v2/citymeter-v3/grocery/info/geom/d87277b7-bdc3-4307-a1dc-7f9f7a14b209/MUNICIPALITY","sourceSha256":"39dbcace84fa2de3c0b60de88c84d8cc66df4b72758ad63768879ebaa56cbd0f","retrievedAt":"2026-10-04T05:44:09.524901+00:00","boundaryVintage":null,"geometryStatus":"native_source_polygon_display_simplified","simplificationToleranceDegrees":0.00015,"simplificationPreservesTopology":true,"invalidSourceRepair":"make_valid; retain polygonal components; discard zero-area collapsed lines","legalBoundaryIndependentlyVerified":false,"areaId":"d87277b7-bdc3-4307-a1dc-7f9f7a14b209"},"geometry":{"type":"Polygon","coordinates":[[[100.566754,16.177173],[100.584054,16.17122],[100.581492,16.161892],[100.563469,16.168028],[100.566754,16.177173]]]},"bbox":[100.563469,16.161892,100.584054,16.177173]},{"type":"Feature","id":"c04ec9fe-ed8b-484d-aa8c-87a969a452f1","properties":{"id":"c04ec9fe-ed8b-484d-aa8c-87a969a452f1","code":"05660901","provinceCode":"66","nameTh":"เทศบาลตำบล สากเหล็ก","nameEn":null,"geometryType":"MUNICIPALITY","sourceUrl":"https://landometer.com/api/v2/citymeter-v3/grocery/info/geom/c04ec9fe-ed8b-484d-aa8c-87a969a452f1/MUNICIPALITY","sourceSha256":"79de5257329bd962d797683d54a7829e531f5f6516b1a2f11e4efe3543fc14cd","retrievedAt":"2026-10-04T05:44:09.546540+00:00","boundaryVintage":null,"geometryStatus":"native_source_polygon_display_simplified","simplificationToleranceDegrees":0.00015,"simplificationPreservesTopology":true,"invalidSourceRepair":"make_valid; retain polygonal components; discard zero-area collapsed lines","legalBoundaryIndependentlyVerified":false,"areaId":"c04ec9fe-ed8b-484d-aa8c-87a969a452f1"},"geometry":{"type":"Polygon","coordinates":[[[100.497331,16.515404],[100.492075,16.490802],[100.497617,16.479864],[100.48489,16.475651],[100.483214,16.473016],[100.478747,16.479333],[100.47522,16.476089],[100.473502,16.478063],[100.475692,16.492353],[100.473773,16.500021],[100.485534,16.51821],[100.487128,16.516386],[100.494723,16.517081],[100.497331,16.515404]]]},"bbox":[100.473502,16.473016,100.497617,16.51821]},{"type":"Feature","id":"93290ae6-9e70-46f5-b5f2-ceea9a86e659","properties":{"id":"93290ae6-9e70-46f5-b5f2-ceea9a86e659","code":"05661101","provinceCode":"66","nameTh":"เทศบาลตำบล วังบงค์","nameEn":null,"geometryType":"MUNICIPALITY","sourceUrl":"https://landometer.com/api/v2/citymeter-v3/grocery/info/geom/93290ae6-9e70-46f5-b5f2-ceea9a86e659/MUNICIPALITY","sourceSha256":"0ac4aea9a33dda8e826d9a2db52c3cbb0011e5f68f3b56d671a74ebb1720aa71","retrievedAt":"2026-10-04T05:44:09.693193+00:00","boundaryVintage":null,"geometryStatus":"native_source_polygon_display_simplified","simplificationToleranceDegrees":0.00015,"simplificationPreservesTopology":true,"invalidSourceRepair":"make_valid; retain polygonal components; discard zero-area collapsed lines","legalBoundaryIndependentlyVerified":false,"areaId":"93290ae6-9e70-46f5-b5f2-ceea9a86e659"},"geometry":{"type":"MultiPolygon","coordinates":[[[[100.565271,16.014913],[100.56527130431475,16.0149131217259],[100.565174,16.013971],[100.565271,16.014913]]],[[[100.604405,16.034702],[100.60443,16.034701],[100.604309,16.034705],[100.604405,16.034702]]],[[[100.570655,16.070256],[100.572809,16.069974],[100.574357,16.070944],[100.57509,16.070842],[100.575571,16.070445],[100.57588,16.070774],[100.576162,16.070344],[100.577327,16.070642],[100.577542,16.070057],[100.578075,16.070281],[100.578538,16.069912],[100.578809,16.07047],[100.580009,16.071129],[100.580416,16.070071],[100.581174,16.069787],[100.580769,16.069252],[100.580981,16.068312],[100.581175,16.068258],[100.581251,16.068597],[100.581736,16.068227],[100.582081,16.06827],[100.582425,16.067487],[100.582998,16.067908],[100.583648,16.067087],[100.584794,16.067413],[100.585987,16.066996],[100.586618,16.067496],[100.586789,16.066509],[100.58596,16.066395],[100.585804,16.065516],[100.586706,16.065784],[100.587197,16.065277],[100.587614,16.065247],[100.588388,16.064392],[100.588555,16.064782],[100.588279,16.065064],[100.588592,16.065471],[100.588941,16.064919],[100.589658,16.064917],[100.589911,16.064363],[100.590187,16.064752],[100.590208,16.065499],[100.591279,16.065697],[100.591427,16.065531],[100.591268,16.065122],[100.591722,16.064635],[100.591823,16.063948],[100.592273,16.063918],[100.592094,16.064455],[100.592739,16.064469],[100.592747,16.063653],[100.593518,16.063857],[100.593665,16.064795],[100.594346,16.063902],[100.594546,16.064178],[100.594907,16.063885],[100.59525,16.064303],[100.595808,16.064168],[100.596195,16.064504],[100.596898,16.063268],[100.597091,16.063296],[100.597072,16.063687],[100.597791,16.063836],[100.597969,16.063082],[100.59846,16.063502],[100.598526,16.064154],[100.599187,16.063965],[100.600201,16.064329],[100.60254,16.06408],[100.6044,16.063395],[100.604025,16.062434],[100.605222,16.061052],[100.609913,16.060103],[100.612127,16.061105],[100.614842,16.058322],[100.611372,16.055969],[100.61069,16.035509],[100.602683,16.035755],[100.602573,16.025447],[100.594325,16.02215],[100.584887,16.023463],[100.578311,16.018251],[100.576932,16.014858],[100.570876,16.012237],[100.567676,16.014404],[100.565184,16.01392],[100.56676,16.029327],[100.564848,16.032087],[100.565425,16.033836],[100.562077,16.035645],[100.558001,16.032636],[100.556397,16.034008],[100.554791,16.032691],[100.55372,16.034917],[100.542768,16.033559],[100.540659,16.034506],[100.538557,16.035814],[100.538537,16.044318],[100.536535,16.044168],[100.536632,16.045685],[100.530935,16.04223],[100.53211,16.044004],[100.532622,16.044394],[100.53668,16.0462],[100.538482,16.049533],[100.540335,16.064797],[100.541177,16.075243],[100.542458,16.080055],[100.543104,16.079904],[100.543198,16.079174],[100.543511,16.078881],[100.54457,16.079337],[100.545039,16.078944],[100.545486,16.078914],[100.545384,16.07863],[100.545767,16.078437],[100.54725,16.078342],[100.547426,16.077662],[100.550321,16.077054],[100.553641,16.078512],[100.554679,16.078454],[100.554789,16.078134],[100.555209,16.078171],[100.555559,16.077691],[100.556233,16.077675],[100.556106,16.077308],[100.556653,16.077246],[100.556644,16.076703],[100.557851,16.07589],[100.55825,16.076412],[100.55934,16.076166],[100.559945,16.075236],[100.560605,16.074875],[100.56103,16.074967],[100.561266,16.074611],[100.56169,16.074649],[100.561729,16.074192],[100.562199,16.074104],[100.562414,16.073577],[100.564001,16.073443],[100.564969,16.072808],[100.56552,16.073162],[100.566438,16.072423],[100.566518,16.071985],[100.567612,16.071712],[100.568162,16.071238],[100.568572,16.071299],[100.568844,16.070957],[100.569742,16.071122],[100.569841,16.070795],[100.57034,16.070661],[100.570655,16.070256]]],[[[100.604482,16.063295],[100.60445496775927,16.06332796614723],[100.604455,16.063328],[100.604482,16.063295]]]]},"bbox":[100.530935,16.012237,100.614842,16.080055]},{"type":"Feature","id":"186521f1-69bb-4344-a7e2-86a286153324","properties":{"id":"186521f1-69bb-4344-a7e2-86a286153324","code":"05661106","provinceCode":"66","nameTh":"เทศบาลตำบล สำนักขุนเณร","nameEn":null,"geometryType":"MUNICIPALITY","sourceUrl":"https://landometer.com/api/v2/citymeter-v3/grocery/info/geom/186521f1-69bb-4344-a7e2-86a286153324/MUNICIPALITY","sourceSha256":"6e15b37b312175f3ac18cd8606f4168379b9d04992ea8f21f101a4bf9f3912c9","retrievedAt":"2026-10-04T05:44:09.541245+00:00","boundaryVintage":null,"geometryStatus":"native_source_polygon_display_simplified","simplificationToleranceDegrees":0.00015,"simplificationPreservesTopology":true,"invalidSourceRepair":"make_valid; retain polygonal components; discard zero-area collapsed lines","legalBoundaryIndependentlyVerified":false,"areaId":"186521f1-69bb-4344-a7e2-86a286153324"},"geometry":{"type":"Polygon","coordinates":[[[100.531712,16.014709],[100.529867,16.0142],[100.528908,16.015364],[100.527617,16.015812],[100.525711,16.014912],[100.525299,16.015067],[100.524102,16.014546],[100.522359,16.01507],[100.521309,16.015813],[100.521108,16.01701],[100.522251,16.017679],[100.522309,16.018316],[100.522637,16.018751],[100.522259,16.019343],[100.521113,16.01948],[100.520508,16.019947],[100.521492,16.020722],[100.522366,16.020215],[100.523313,16.020086],[100.523419,16.020693],[100.524488,16.020869],[100.52466,16.021441],[100.525508,16.022234],[100.525577,16.024812],[100.527274,16.030922],[100.529259,16.036101],[100.530667,16.041684],[100.530935,16.04223],[100.536632,16.045685],[100.536535,16.044168],[100.538537,16.044318],[100.538557,16.035814],[100.540659,16.034506],[100.542768,16.033559],[100.55372,16.034917],[100.554791,16.032691],[100.556397,16.034008],[100.558001,16.032636],[100.562077,16.035645],[100.565425,16.033836],[100.564848,16.032087],[100.56676,16.029327],[100.565174,16.013971],[100.56361,16.012083],[100.557212,16.009195],[100.552688,16.010894],[100.548258,16.00863],[100.540806,16.010299],[100.535331,16.009228],[100.533865,16.010147],[100.533191,16.015693],[100.532771,16.015669],[100.531712,16.014709]]]},"bbox":[100.520508,16.00863,100.56676,16.045685]},{"type":"Feature","id":"f6c68a65-a1d2-41f0-804e-89c3d4e27988","properties":{"id":"f6c68a65-a1d2-41f0-804e-89c3d4e27988","code":"06660107","provinceCode":"66","nameTh":"องค์การบริหารส่วนตำบล บ้านบุ่ง","nameEn":null,"geometryType":"MUNICIPALITY","sourceUrl":"https://landometer.com/api/v2/citymeter-v3/grocery/info/geom/f6c68a65-a1d2-41f0-804e-89c3d4e27988/MUNICIPALITY","sourceSha256":"70a79a25de324c1ab15470c9ce90a674ecdf712d496079d469185e1172baf79a","retrievedAt":"2026-10-04T05:44:09.546972+00:00","boundaryVintage":null,"geometryStatus":"native_source_polygon_display_simplified","simplificationToleranceDegrees":0.00015,"simplificationPreservesTopology":true,"invalidSourceRepair":"make_valid; retain polygonal components; discard zero-area collapsed lines","legalBoundaryIndependentlyVerified":false,"areaId":"f6c68a65-a1d2-41f0-804e-89c3d4e27988"},"geometry":{"type":"Polygon","coordinates":[[[100.402936,16.428329],[100.402134,16.427088],[100.402986,16.426726],[100.404658,16.42724],[100.406129,16.426351],[100.406167,16.425939],[100.405756,16.42532],[100.407222,16.425611],[100.407673,16.423257],[100.407108,16.423036],[100.408371,16.421567],[100.409536,16.42279],[100.412267,16.421114],[100.413104,16.421228],[100.413713,16.420718],[100.414773,16.42068],[100.416242,16.421582],[100.418239,16.421594],[100.419711,16.422844],[100.429628,16.42662],[100.435883,16.422017],[100.444914,16.420025],[100.45379,16.414809],[100.454668,16.415523],[100.467284,16.400771],[100.474448,16.398442],[100.479133,16.393816],[100.476424,16.388064],[100.478538,16.382158],[100.476641,16.377631],[100.476867,16.377077],[100.476723,16.376789],[100.475682,16.375499],[100.474878,16.376307],[100.466704,16.379255],[100.448203,16.369199],[100.447148,16.36617],[100.442811,16.367206],[100.4217,16.361638],[100.405175,16.351507],[100.403412,16.354622],[100.396707,16.356799],[100.396887,16.358017],[100.394036,16.378128],[100.391276,16.384725],[100.385159,16.388054],[100.385626,16.390627],[100.401428,16.391921],[100.39662,16.412428],[100.380197,16.40916],[100.378363,16.404126],[100.379329,16.403857],[100.379046,16.403582],[100.376328,16.403901],[100.375218,16.414802],[100.380205,16.417304],[100.390041,16.426544],[100.405826,16.435566],[100.404908,16.435925],[100.408314,16.441561],[100.41283,16.444152],[100.412943,16.443115],[100.413395,16.443652],[100.413349,16.44414],[100.41308,16.444261],[100.413476,16.444083],[100.413622,16.444014],[100.413692,16.44397],[100.414078,16.441619],[100.413799,16.440917],[100.41334,16.44064],[100.412186,16.439001],[100.411992,16.437994],[100.411235,16.436539],[100.411434,16.435576],[100.409026,16.4349],[100.407262,16.433893],[100.407207,16.432593],[100.406845,16.432307],[100.404615,16.428526],[100.403466,16.428571],[100.402936,16.428329]]]},"bbox":[100.375218,16.351507,100.479133,16.444261]},{"type":"Feature","id":"574934e6-4ab4-4bb1-9381-656a6a71abe1","properties":{"id":"574934e6-4ab4-4bb1-9381-656a6a71abe1","code":"06660108","provinceCode":"66","nameTh":"องค์การบริหารส่วนตำบล คลองคะเชนทร์","nameEn":null,"geometryType":"MUNICIPALITY","sourceUrl":"https://landometer.com/api/v2/citymeter-v3/grocery/info/geom/574934e6-4ab4-4bb1-9381-656a6a71abe1/MUNICIPALITY","sourceSha256":"2710097198ccf956618c93f6265e1ab4a3a81d81f1c5ffc5456555648be7202d","retrievedAt":"2026-10-04T05:44:09.543606+00:00","boundaryVintage":null,"geometryStatus":"native_source_polygon_display_simplified","simplificationToleranceDegrees":0.00015,"simplificationPreservesTopology":true,"invalidSourceRepair":"make_valid; retain polygonal components; discard zero-area collapsed lines","legalBoundaryIndependentlyVerified":false,"areaId":"574934e6-4ab4-4bb1-9381-656a6a71abe1"},"geometry":{"type":"Polygon","coordinates":[[[100.308854,16.478962],[100.311205,16.473552],[100.324706,16.464038],[100.327222,16.460043],[100.330266,16.453828],[100.332572,16.45447],[100.316546,16.450007],[100.31768,16.446335],[100.320084,16.446917],[100.322353,16.440189],[100.33592,16.443793],[100.341516,16.432898],[100.332654,16.421227],[100.332003,16.427645],[100.32433,16.430104],[100.314839,16.430786],[100.301017,16.438598],[100.289469,16.440412],[100.28557,16.442806],[100.278639,16.440368],[100.275679,16.442826],[100.274198,16.441649],[100.269575,16.44355],[100.265519,16.443505],[100.264418,16.441861],[100.263659,16.444677],[100.265769,16.448263],[100.266372,16.449874],[100.264185,16.450431],[100.262504,16.449498],[100.252693,16.448481],[100.252229,16.448911],[100.252317,16.44989],[100.253839,16.451491],[100.254258,16.452448],[100.253918,16.454657],[100.254073,16.455275],[100.25625,16.456058],[100.256492,16.456471],[100.256455,16.45769],[100.256115,16.458743],[100.254648,16.461167],[100.254872,16.464813],[100.253821,16.467321],[100.250737,16.469433],[100.249268,16.471254],[100.246903,16.472833],[100.246701,16.473209],[100.247044,16.474467],[100.248295,16.47683],[100.248771,16.47886],[100.24946,16.480486],[100.249455,16.482834],[100.250219,16.48537],[100.249964,16.486691],[100.257618,16.483652],[100.260501,16.479917],[100.268994,16.474572],[100.281368,16.477288],[100.297149,16.477965],[100.305131,16.483624],[100.305379,16.483507],[100.30558,16.481559],[100.308854,16.478962]]]},"bbox":[100.246684,16.421227,100.341516,16.486691]},{"type":"Feature","id":"a4a08fac-f2c5-4465-9376-5777659f44b4","properties":{"id":"a4a08fac-f2c5-4465-9376-5777659f44b4","code":"06660109","provinceCode":"66","nameTh":"องค์การบริหารส่วนตำบล ป่ามะคาบ","nameEn":null,"geometryType":"MUNICIPALITY","sourceUrl":"https://landometer.com/api/v2/citymeter-v3/grocery/info/geom/a4a08fac-f2c5-4465-9376-5777659f44b4/MUNICIPALITY","sourceSha256":"c8f5eae595d862b8876c87532aefc68539d83133315641130772059f875872fc","retrievedAt":"2026-10-04T05:44:09.696024+00:00","boundaryVintage":null,"geometryStatus":"native_source_polygon_display_simplified","simplificationToleranceDegrees":0.00015,"simplificationPreservesTopology":true,"invalidSourceRepair":"make_valid; retain polygonal components; discard zero-area collapsed lines","legalBoundaryIndependentlyVerified":false,"areaId":"a4a08fac-f2c5-4465-9376-5777659f44b4"},"geometry":{"type":"Polygon","coordinates":[[[100.397197,16.548437],[100.399658,16.547966],[100.40571,16.545292],[100.406532,16.544844],[100.408623,16.542879],[100.408576,16.542185],[100.410956,16.541927],[100.410691,16.541299],[100.411062,16.541073],[100.414292,16.539897],[100.41771,16.539107],[100.422926,16.53742],[100.425117,16.536078],[100.426301,16.534949],[100.428269,16.532252],[100.42982,16.528434],[100.429025,16.525077],[100.429041,16.524433],[100.429916,16.524027],[100.429233,16.520715],[100.434453,16.518984],[100.423458,16.508428],[100.421957,16.509363],[100.421033,16.507759],[100.421565,16.506894],[100.421367,16.50562],[100.420661,16.505371],[100.420472,16.50451],[100.419127,16.503596],[100.418582,16.502331],[100.41664,16.501594],[100.415005,16.500228],[100.414787,16.499047],[100.413756,16.498883],[100.413892,16.498169],[100.413253,16.497878],[100.412052,16.496767],[100.412091,16.495509],[100.411769,16.49444],[100.412774,16.493994],[100.412511,16.492464],[100.411878,16.491595],[100.410832,16.491163],[100.411388,16.489737],[100.41138,16.488312],[100.411084,16.487936],[100.409713,16.487223],[100.409782,16.485706],[100.409432,16.484989],[100.409272,16.483597],[100.410031,16.482813],[100.409341,16.481186],[100.409325,16.480654],[100.410003,16.479443],[100.410987,16.478564],[100.409571,16.476391],[100.409732,16.474784],[100.408876,16.474504],[100.408657,16.474114],[100.40893,16.472897],[100.408283,16.471652],[100.408463,16.471306],[100.40939,16.471024],[100.409839,16.467977],[100.410557,16.466934],[100.409891,16.465305],[100.410009,16.464819],[100.409748,16.464086],[100.410006,16.463308],[100.409767,16.462086],[100.410601,16.461054],[100.410474,16.460514],[100.410744,16.459519],[100.41181,16.458393],[100.411786,16.457301],[100.412902,16.456521],[100.413653,16.45666],[100.414379,16.456432],[100.414705,16.455668],[100.414222,16.454773],[100.414704,16.454392],[100.415,16.452991],[100.413013,16.452969],[100.411766,16.452611],[100.412086,16.450294],[100.410915,16.450206],[100.410361,16.449949],[100.410066,16.449496],[100.410135,16.448921],[100.409836,16.447963],[100.410932,16.446226],[100.412464,16.44461],[100.413349,16.44414],[100.413395,16.443652],[100.412943,16.443115],[100.41283,16.444152],[100.408314,16.441561],[100.404908,16.435925],[100.396587,16.439183],[100.393586,16.445569],[100.385389,16.446527],[100.385681,16.451423],[100.383313,16.456199],[100.380549,16.455242],[100.381344,16.462637],[100.376888,16.464029],[100.374779,16.467763],[100.361144,16.477774],[100.360916,16.481786],[100.359826,16.484495],[100.362553,16.494572],[100.365818,16.496954],[100.367527,16.502719],[100.366782,16.515334],[100.364271,16.520155],[100.359608,16.522317],[100.363587,16.525986],[100.360284,16.535257],[100.353794,16.534488],[100.360126,16.53621],[100.361307,16.536804],[100.365786,16.539697],[100.368194,16.541932],[100.371042,16.543853],[100.376457,16.546028],[100.375486,16.546525],[100.3741,16.546552],[100.372675,16.547408],[100.371506,16.547004],[100.371059,16.547069],[100.37064,16.547782],[100.369375,16.548735],[100.36929,16.549517],[100.369697,16.550221],[100.371276,16.551136],[100.372295,16.552137],[100.37435,16.552611],[100.375723,16.552004],[100.377232,16.551689],[100.378486,16.552318],[100.379523,16.55189],[100.382112,16.552073],[100.384742,16.552986],[100.385742,16.55386],[100.387881,16.553881],[100.388486,16.5543],[100.391287,16.55217],[100.391672,16.552148],[100.391992,16.552463],[100.392514,16.552191],[100.392489,16.551775],[100.393094,16.550919],[100.393788,16.550863],[100.394018,16.550399],[100.394591,16.550385],[100.395327,16.549932],[100.395305,16.549107],[100.397197,16.548437]]]},"bbox":[100.353794,16.435925,100.434453,16.5543]},{"type":"Feature","id":"feae059c-6d52-40fb-8a5f-dcb5c0d0f8b8","properties":{"id":"feae059c-6d52-40fb-8a5f-dcb5c0d0f8b8","code":"06660110","provinceCode":"66","nameTh":"องค์การบริหารส่วนตำบล หัวดง","nameEn":null,"geometryType":"MUNICIPALITY","sourceUrl":"https://landometer.com/api/v2/citymeter-v3/grocery/info/geom/feae059c-6d52-40fb-8a5f-dcb5c0d0f8b8/MUNICIPALITY","sourceSha256":"ff8151a05cc90b1018682889f38db344a7a68d69378830674445cef3d997bdac","retrievedAt":"2026-10-04T05:44:09.688540+00:00","boundaryVintage":null,"geometryStatus":"native_source_polygon_display_simplified","simplificationToleranceDegrees":0.00015,"simplificationPreservesTopology":true,"invalidSourceRepair":"make_valid; retain polygonal components; discard zero-area collapsed lines","legalBoundaryIndependentlyVerified":false,"areaId":"feae059c-6d52-40fb-8a5f-dcb5c0d0f8b8"},"geometry":{"type":"Polygon","coordinates":[[[100.46902,16.356753],[100.46868,16.355678],[100.469183,16.355361],[100.469208,16.355015],[100.468337,16.354371],[100.468739,16.353662],[100.467949,16.352711],[100.467297,16.3525],[100.467637,16.348052],[100.468575,16.346546],[100.468334,16.345771],[100.468353,16.341512],[100.469014,16.339867],[100.470415,16.340384],[100.472343,16.340557],[100.473979,16.339002],[100.47703,16.33958],[100.477594,16.33947],[100.477978,16.335367],[100.477722,16.335357],[100.476295,16.332233],[100.475937,16.332221],[100.475864,16.329663],[100.474757,16.327292],[100.474329,16.327303],[100.472814,16.32296],[100.474055,16.322378],[100.474685,16.322431],[100.475019,16.322013],[100.475031,16.321559],[100.475745,16.321643],[100.476035,16.321927],[100.476469,16.321822],[100.47666,16.321463],[100.47712,16.321559],[100.477522,16.321231],[100.478217,16.321233],[100.479038,16.320809],[100.480073,16.320751],[100.481093,16.319521],[100.48132,16.314443],[100.480939,16.314412],[100.478876,16.299176],[100.4792,16.29792],[100.481239,16.295205],[100.477629,16.293444],[100.471935,16.293251],[100.469057,16.292857],[100.466359,16.292028],[100.459687,16.291611],[100.455507,16.290845],[100.455118,16.291568],[100.452161,16.291509],[100.452142,16.292572],[100.451615,16.292672],[100.451564,16.293903],[100.447206,16.294225],[100.447202,16.297196],[100.445591,16.297651],[100.441666,16.299508],[100.438883,16.301966],[100.437733,16.302694],[100.434681,16.303617],[100.430888,16.305247],[100.430173,16.305197],[100.430178,16.307151],[100.42773,16.306306],[100.425942,16.306168],[100.425767,16.308559],[100.418868,16.308165],[100.418103,16.309645],[100.415698,16.308994],[100.413449,16.309682],[100.412792,16.309294],[100.410954,16.306509],[100.411604,16.304],[100.411136,16.301705],[100.409338,16.299877],[100.40815,16.296931],[100.40762,16.296637],[100.408715,16.299322],[100.40786,16.299874],[100.408219,16.300754],[100.404852,16.30544],[100.406063,16.309973],[100.402769,16.318872],[100.399931,16.320206],[100.40224,16.319604],[100.401069,16.322352],[100.404561,16.323828],[100.405223,16.32846],[100.402735,16.331794],[100.407078,16.337587],[100.402827,16.34289],[100.403056,16.34478],[100.407431,16.34752],[100.405175,16.351507],[100.4217,16.361638],[100.442811,16.367206],[100.447148,16.36617],[100.448203,16.369199],[100.466704,16.379255],[100.474878,16.376307],[100.475682,16.375499],[100.474477,16.374005],[100.472601,16.370589],[100.471439,16.365337],[100.468743,16.365393],[100.468356,16.364852],[100.466778,16.364165],[100.469865,16.357997],[100.469928,16.357608],[100.46902,16.356753]]]},"bbox":[100.399931,16.290845,100.481331,16.379255]},{"type":"Feature","id":"d9609891-9fd2-4f9c-b175-b559c078e3a0","properties":{"id":"d9609891-9fd2-4f9c-b175-b559c078e3a0","code":"06660111","provinceCode":"66","nameTh":"องค์การบริหารส่วนตำบล ฆะมัง","nameEn":null,"geometryType":"MUNICIPALITY","sourceUrl":"https://landometer.com/api/v2/citymeter-v3/grocery/info/geom/d9609891-9fd2-4f9c-b175-b559c078e3a0/MUNICIPALITY","sourceSha256":"05f0cbf49bb5156a202cbf4027113627e092ff5f6c3459d67761d2ecd3d4d57b","retrievedAt":"2026-10-04T05:44:09.744049+00:00","boundaryVintage":null,"geometryStatus":"native_source_polygon_display_simplified","simplificationToleranceDegrees":0.00015,"simplificationPreservesTopology":true,"invalidSourceRepair":"make_valid; retain polygonal components; discard zero-area collapsed lines","legalBoundaryIndependentlyVerified":false,"areaId":"d9609891-9fd2-4f9c-b175-b559c078e3a0"},"geometry":{"type":"Polygon","coordinates":[[[100.39315,16.351415],[100.398038,16.34746],[100.39762,16.347193],[100.397918,16.346198],[100.392678,16.342857],[100.392316,16.342182],[100.392281,16.341418],[100.393435,16.342154],[100.391204,16.340731],[100.391158,16.341888],[100.389165,16.340617],[100.389317,16.341637],[100.379218,16.335443],[100.377644,16.332923],[100.377831,16.337434],[100.373064,16.341049],[100.369634,16.34669],[100.364968,16.349127],[100.35676,16.348968],[100.343304,16.353399],[100.343684,16.357838],[100.347283,16.362064],[100.34619,16.369121],[100.348273,16.37312],[100.346945,16.37752],[100.344062,16.380873],[100.345124,16.383766],[100.356318,16.389594],[100.359845,16.398597],[100.376328,16.403901],[100.38124,16.403325],[100.383244,16.402767],[100.387198,16.399276],[100.387539,16.395813],[100.384805,16.39056],[100.385626,16.390627],[100.385159,16.388054],[100.391276,16.384725],[100.394036,16.378128],[100.396887,16.358017],[100.39315,16.351415]]]},"bbox":[100.343304,16.332923,100.398038,16.403901]},{"type":"Feature","id":"b6281ba1-66e8-4bf0-a072-3ad93cca7793","properties":{"id":"b6281ba1-66e8-4bf0-a072-3ad93cca7793","code":"06660112","provinceCode":"66","nameTh":"องค์การบริหารส่วนตำบล ดงกลาง","nameEn":null,"geometryType":"MUNICIPALITY","sourceUrl":"https://landometer.com/api/v2/citymeter-v3/grocery/info/geom/b6281ba1-66e8-4bf0-a072-3ad93cca7793/MUNICIPALITY","sourceSha256":"206a2dfc6f9c4c3b958d613b94573a088929d83a6edb67422e2a24bf84b5405c","retrievedAt":"2026-10-04T05:44:09.759320+00:00","boundaryVintage":null,"geometryStatus":"native_source_polygon_display_simplified","simplificationToleranceDegrees":0.00015,"simplificationPreservesTopology":true,"invalidSourceRepair":"make_valid; retain polygonal components; discard zero-area collapsed lines","legalBoundaryIndependentlyVerified":false,"areaId":"b6281ba1-66e8-4bf0-a072-3ad93cca7793"},"geometry":{"type":"Polygon","coordinates":[[[100.377831,16.337434],[100.377644,16.332923],[100.373332,16.32554],[100.37025,16.321066],[100.363318,16.321152],[100.354411,16.313847],[100.347399,16.318218],[100.34084,16.313842],[100.340594,16.312867],[100.333585,16.313894],[100.332987,16.314213],[100.332979,16.316401],[100.332099,16.317441],[100.331415,16.320791],[100.331262,16.325876],[100.330498,16.331429],[100.329629,16.333319],[100.32816,16.335502],[100.325155,16.337391],[100.324556,16.33799],[100.32365,16.341283],[100.323364,16.345931],[100.320793,16.349679],[100.320113,16.351788],[100.318326,16.354883],[100.318381,16.356756],[100.318885,16.35878],[100.318757,16.359267],[100.317469,16.361163],[100.315499,16.362242],[100.315116,16.371151],[100.316327,16.372001],[100.316944,16.37279],[100.318068,16.373223],[100.321253,16.375458],[100.326605,16.376505],[100.332151,16.381285],[100.33895,16.382753],[100.343031,16.381722],[100.346945,16.37752],[100.348273,16.37312],[100.34619,16.369121],[100.347283,16.362064],[100.343684,16.357838],[100.343304,16.353399],[100.35676,16.348968],[100.364968,16.349127],[100.369634,16.34669],[100.373064,16.341049],[100.377831,16.337434]]]},"bbox":[100.315116,16.312867,100.377831,16.382753]},{"type":"Feature","id":"b4381c8a-da74-452a-bc8b-514c6167873d","properties":{"id":"b4381c8a-da74-452a-bc8b-514c6167873d","code":"06660113","provinceCode":"66","nameTh":"องค์การบริหารส่วนตำบล ท่าหลวง","nameEn":null,"geometryType":"MUNICIPALITY","sourceUrl":"https://landometer.com/api/v2/citymeter-v3/grocery/info/geom/b4381c8a-da74-452a-bc8b-514c6167873d/MUNICIPALITY","sourceSha256":"9a8362555f99668984dd7cbabe55ea64d67ad24777759d51d9bf93e974c8563c","retrievedAt":"2026-10-04T05:44:09.761488+00:00","boundaryVintage":null,"geometryStatus":"native_source_polygon_display_simplified","simplificationToleranceDegrees":0.00015,"simplificationPreservesTopology":true,"invalidSourceRepair":"make_valid; retain polygonal components; discard zero-area collapsed lines","legalBoundaryIndependentlyVerified":false,"areaId":"b4381c8a-da74-452a-bc8b-514c6167873d"},"geometry":{"type":"Polygon","coordinates":[[[100.380549,16.455242],[100.383313,16.456199],[100.385681,16.451423],[100.385389,16.446527],[100.393586,16.445569],[100.396587,16.439183],[100.405826,16.435566],[100.390041,16.426544],[100.380205,16.417304],[100.375218,16.414802],[100.376328,16.403901],[100.359845,16.398597],[100.356318,16.389594],[100.345124,16.383766],[100.344062,16.380873],[100.343225,16.393952],[100.342297,16.397597],[100.341528,16.399067],[100.334605,16.403008],[100.333687,16.405831],[100.329828,16.409054],[100.33105,16.420318],[100.331919,16.421417],[100.3328,16.42119],[100.332686,16.421037],[100.343618,16.418368],[100.347217,16.431215],[100.368343,16.437689],[100.362408,16.445053],[100.36257,16.445016],[100.362624,16.44725],[100.366279,16.447405],[100.367475,16.450704],[100.373077,16.453798],[100.372921,16.456878],[100.37959,16.456579],[100.380549,16.455242]]]},"bbox":[100.329828,16.380873,100.405826,16.456878]},{"type":"Feature","id":"131d6cfe-7341-4633-bcd6-f0333f654dc0","properties":{"id":"131d6cfe-7341-4633-bcd6-f0333f654dc0","code":"06660114","provinceCode":"66","nameTh":"องค์การบริหารส่วนตำบล ท่าฬ่อ","nameEn":null,"geometryType":"MUNICIPALITY","sourceUrl":"https://landometer.com/api/v2/citymeter-v3/grocery/info/geom/131d6cfe-7341-4633-bcd6-f0333f654dc0/MUNICIPALITY","sourceSha256":"9352696c3336a26f1477edc032ab665988b72e45d27dbe6dcdddde3b5383ae22","retrievedAt":"2026-10-04T05:44:09.763981+00:00","boundaryVintage":null,"geometryStatus":"native_source_polygon_display_simplified","simplificationToleranceDegrees":0.00015,"simplificationPreservesTopology":true,"invalidSourceRepair":"make_valid; retain polygonal components; discard zero-area collapsed lines","legalBoundaryIndependentlyVerified":false,"areaId":"131d6cfe-7341-4633-bcd6-f0333f654dc0"},"geometry":{"type":"Polygon","coordinates":[[[100.367527,16.502719],[100.365818,16.496954],[100.362553,16.494572],[100.362173,16.493057],[100.362417,16.49419],[100.348339,16.481969],[100.345336,16.481955],[100.341713,16.48422],[100.337078,16.482813],[100.335562,16.480153],[100.328086,16.476404],[100.323871,16.477091],[100.317566,16.475388],[100.315148,16.478268],[100.30891,16.478919],[100.30558,16.481559],[100.30537879619641,16.48350709614928],[100.304975,16.48359],[100.305548,16.484002],[100.309309,16.484893],[100.311394,16.492496],[100.314543,16.493813],[100.318272,16.501398],[100.326584,16.502659],[100.32625,16.50635],[100.347958,16.509375],[100.333194,16.52628],[100.334398,16.527111],[100.3344,16.52783],[100.335199,16.528321],[100.336537,16.52834],[100.337851,16.529541],[100.33928,16.530339],[100.342856,16.530551],[100.343325,16.531107],[100.343174,16.531976],[100.345966,16.533059],[100.34703,16.533392],[100.351537,16.533695],[100.353794,16.534488],[100.360284,16.535257],[100.363587,16.525986],[100.359608,16.522317],[100.364271,16.520155],[100.366782,16.515334],[100.367527,16.502719]],[[100.3053788045226,16.48350709222119],[100.305344,16.483844],[100.30537879619641,16.48350709614928],[100.3053788045226,16.48350709222119]],[[100.305519,16.48215],[100.305379,16.483507],[100.3053788045226,16.48350709222119],[100.305519,16.48215]]]},"bbox":[100.304975,16.475388,100.367527,16.535257]},{"type":"Feature","id":"17cae18f-efc0-45a0-9a64-bae04da9249e","properties":{"id":"17cae18f-efc0-45a0-9a64-bae04da9249e","code":"06660115","provinceCode":"66","nameTh":"องค์การบริหารส่วนตำบล ปากทาง","nameEn":null,"geometryType":"MUNICIPALITY","sourceUrl":"https://landometer.com/api/v2/citymeter-v3/grocery/info/geom/17cae18f-efc0-45a0-9a64-bae04da9249e/MUNICIPALITY","sourceSha256":"03826cca0edfcfba9e06ae83ccb3017d955ce228de42a63121cf6e2f1a9b5622","retrievedAt":"2026-10-04T05:44:09.755060+00:00","boundaryVintage":null,"geometryStatus":"native_source_polygon_display_simplified","simplificationToleranceDegrees":0.00015,"simplificationPreservesTopology":true,"invalidSourceRepair":"make_valid; retain polygonal components; discard zero-area collapsed lines","legalBoundaryIndependentlyVerified":false,"areaId":"17cae18f-efc0-45a0-9a64-bae04da9249e"},"geometry":{"type":"Polygon","coordinates":[[[100.376888,16.464029],[100.381344,16.462637],[100.380549,16.455242],[100.37959,16.456579],[100.372921,16.456878],[100.373077,16.453798],[100.367475,16.450704],[100.366279,16.447405],[100.362624,16.44725],[100.36257,16.445016],[100.350496,16.448481],[100.344539,16.455467],[100.347663,16.458236],[100.344137,16.467419],[100.330439,16.461217],[100.332556,16.454522],[100.330266,16.453828],[100.327222,16.460043],[100.324706,16.464038],[100.311205,16.473552],[100.308899,16.47892],[100.314927,16.478362],[100.317566,16.475388],[100.323871,16.477091],[100.328086,16.476404],[100.335562,16.480153],[100.337078,16.482813],[100.341713,16.48422],[100.345336,16.481955],[100.348339,16.481969],[100.362417,16.49419],[100.359826,16.484495],[100.360916,16.481786],[100.361144,16.477774],[100.374779,16.467763],[100.376888,16.464029]]]},"bbox":[100.308899,16.445016,100.381344,16.49419]},{"type":"Feature","id":"0d9a021d-0005-4e87-a405-b3baa71c4b1b","properties":{"id":"0d9a021d-0005-4e87-a405-b3baa71c4b1b","code":"06660116","provinceCode":"66","nameTh":"องค์การบริหารส่วนตำบล ไผ่ขวาง","nameEn":null,"geometryType":"MUNICIPALITY","sourceUrl":"https://landometer.com/api/v2/citymeter-v3/grocery/info/geom/0d9a021d-0005-4e87-a405-b3baa71c4b1b/MUNICIPALITY","sourceSha256":"03ba5474a8bd9b13ed389bc848061f2cc4cf64f7df43217012881a78c496f220","retrievedAt":"2026-10-04T05:44:09.778671+00:00","boundaryVintage":null,"geometryStatus":"native_source_polygon_display_simplified","simplificationToleranceDegrees":0.00015,"simplificationPreservesTopology":true,"invalidSourceRepair":"make_valid; retain polygonal components; discard zero-area collapsed lines","legalBoundaryIndependentlyVerified":false,"areaId":"0d9a021d-0005-4e87-a405-b3baa71c4b1b"},"geometry":{"type":"Polygon","coordinates":[[[100.325971,16.527428],[100.32767,16.528593],[100.328608,16.528567],[100.331715,16.527002],[100.332791,16.526055],[100.333343,16.526218],[100.322226,16.519196],[100.324202,16.506065],[100.32625,16.50635],[100.326584,16.502659],[100.318272,16.501398],[100.314543,16.493813],[100.311394,16.492496],[100.309309,16.484893],[100.305548,16.484002],[100.297149,16.477965],[100.281368,16.477288],[100.278033,16.489309],[100.284102,16.493711],[100.28528,16.49699],[100.285094,16.506535],[100.282785,16.514053],[100.287168,16.518064],[100.283958,16.528492],[100.285433,16.530948],[100.284459,16.531268],[100.284576,16.531463],[100.288744,16.531124],[100.291627,16.5298],[100.293849,16.529076],[100.294189,16.529372],[100.297793,16.528219],[100.308295,16.526654],[100.313875,16.525468],[100.320108,16.524615],[100.322057,16.525041],[100.324741,16.526542],[100.325361,16.527448],[100.325971,16.527428]]]},"bbox":[100.278033,16.477248,100.333343,16.531545]},{"type":"Feature","id":"9b40cf98-818c-4ad3-ba91-f54a26326c59","properties":{"id":"9b40cf98-818c-4ad3-ba91-f54a26326c59","code":"06660117","provinceCode":"66","nameTh":"องค์การบริหารส่วนตำบล เมืองเก่า","nameEn":null,"geometryType":"MUNICIPALITY","sourceUrl":"https://landometer.com/api/v2/citymeter-v3/grocery/info/geom/9b40cf98-818c-4ad3-ba91-f54a26326c59/MUNICIPALITY","sourceSha256":"17379edce6a3d770f049d7886ba181a161ed0ab970fe41bf3716f8db64d2fdd9","retrievedAt":"2026-10-04T05:44:09.772088+00:00","boundaryVintage":null,"geometryStatus":"native_source_polygon_display_simplified","simplificationToleranceDegrees":0.00015,"simplificationPreservesTopology":true,"invalidSourceRepair":"make_valid; retain polygonal components; discard zero-area collapsed lines","legalBoundaryIndependentlyVerified":false,"areaId":"9b40cf98-818c-4ad3-ba91-f54a26326c59"},"geometry":{"type":"Polygon","coordinates":[[[100.329828,16.409054],[100.333687,16.405831],[100.334605,16.403008],[100.341528,16.399067],[100.342297,16.397597],[100.343225,16.393952],[100.344062,16.380873],[100.344398,16.380255],[100.343031,16.381722],[100.33895,16.382753],[100.332151,16.381285],[100.326605,16.376505],[100.321253,16.375458],[100.318068,16.373223],[100.316944,16.37279],[100.316327,16.372001],[100.315116,16.371151],[100.315499,16.362242],[100.314939,16.362559],[100.313326,16.362757],[100.311398,16.362609],[100.305825,16.362803],[100.301683,16.363523],[100.28866,16.363279],[100.280799,16.363583],[100.279177,16.36378],[100.279059,16.364062],[100.272147,16.360948],[100.271799,16.36302],[100.272267,16.364484],[100.272111,16.364959],[100.271632,16.365499],[100.268919,16.366618],[100.267956,16.36991],[100.268118,16.370394],[100.269068,16.371352],[100.268984,16.372965],[100.269933,16.373665],[100.270753,16.374941],[100.270321,16.375388],[100.270247,16.377211],[100.269556,16.377819],[100.269245,16.378736],[100.269991,16.379832],[100.270331,16.381497],[100.272051,16.383398],[100.272115,16.384652],[100.271644,16.385864],[100.27071,16.38689],[100.270968,16.389126],[100.270803,16.391256],[100.269433,16.392805],[100.26872,16.394123],[100.267794,16.394215],[100.26556,16.396586],[100.266775,16.403875],[100.277176,16.415766],[100.283181,16.419795],[100.30085,16.422352],[100.311943,16.420441],[100.330483,16.418802],[100.330985,16.419716],[100.329828,16.409054]]]},"bbox":[100.26556,16.360948,100.344398,16.422352]},{"type":"Feature","id":"d92d3ae3-e7ee-4f82-bce6-1514a723e643","properties":{"id":"d92d3ae3-e7ee-4f82-bce6-1514a723e643","code":"06660118","provinceCode":"66","nameTh":"องค์การบริหารส่วนตำบล ย่านยาว","nameEn":null,"geometryType":"MUNICIPALITY","sourceUrl":"https://landometer.com/api/v2/citymeter-v3/grocery/info/geom/d92d3ae3-e7ee-4f82-bce6-1514a723e643/MUNICIPALITY","sourceSha256":"a58338fb9758514d79aa6dca526d947df94609eb640951534f4ec4fb9d110598","retrievedAt":"2026-10-04T05:44:09.770081+00:00","boundaryVintage":null,"geometryStatus":"native_source_polygon_display_simplified","simplificationToleranceDegrees":0.00015,"simplificationPreservesTopology":true,"invalidSourceRepair":"make_valid; retain polygonal components; discard zero-area collapsed lines","legalBoundaryIndependentlyVerified":false,"areaId":"d92d3ae3-e7ee-4f82-bce6-1514a723e643"},"geometry":{"type":"MultiPolygon","coordinates":[[[[100.269762,16.536514],[100.276387,16.53331],[100.2815,16.53204],[100.28473395513413,16.53154446113836],[100.284459,16.531268],[100.285433,16.530948],[100.283958,16.528492],[100.287168,16.518064],[100.282785,16.514053],[100.285094,16.506535],[100.28528,16.49699],[100.284102,16.493711],[100.278033,16.489309],[100.281368,16.477288],[100.268994,16.474572],[100.260501,16.479917],[100.257618,16.483652],[100.249964,16.486691],[100.249623,16.488318],[100.250016,16.489926],[100.250829,16.490283],[100.252987,16.49007],[100.253591,16.490398],[100.253923,16.491032],[100.253187,16.492677],[100.25063,16.494578],[100.250155,16.495523],[100.250267,16.49632],[100.25205,16.497395],[100.25233,16.497925],[100.252157,16.498326],[100.250607,16.499239],[100.250167,16.499873],[100.250239,16.502275],[100.250593,16.503016],[100.250027,16.503087],[100.249261,16.502709],[100.248858,16.502825],[100.248812,16.504006],[100.248365,16.505289],[100.242991,16.512004],[100.24142,16.512893],[100.238895,16.513423],[100.23745,16.514452],[100.23534,16.517624],[100.235114,16.519776],[100.235935,16.529398],[100.237533,16.529009],[100.241955,16.528703],[100.243378,16.528889],[100.244741,16.529378],[100.24779,16.529057],[100.248667,16.529855],[100.250213,16.529957],[100.251909,16.530668],[100.253553,16.530134],[100.255182,16.530289],[100.25599,16.530627],[100.25688,16.531414],[100.258512,16.534111],[100.260258,16.536245],[100.261476,16.53704],[100.262889,16.537574],[100.266178,16.53747],[100.269762,16.536514]]],[[[100.28473395513413,16.53154446113836],[100.284735,16.531545],[100.28537,16.531447],[100.28473395513413,16.53154446113836]]]]},"bbox":[100.235092,16.474572,100.287168,16.537626]},{"type":"Feature","id":"1ede9ef7-81b9-4b55-8109-3a1031b4604f","properties":{"id":"1ede9ef7-81b9-4b55-8109-3a1031b4604f","code":"06660119","provinceCode":"66","nameTh":"องค์การบริหารส่วนตำบล โรงช้าง","nameEn":null,"geometryType":"MUNICIPALITY","sourceUrl":"https://landometer.com/api/v2/citymeter-v3/grocery/info/geom/1ede9ef7-81b9-4b55-8109-3a1031b4604f/MUNICIPALITY","sourceSha256":"a926485f695d9e12ad06357e8b3ef7e4674b5cdaab837c3ed62537c9bc08d996","retrievedAt":"2026-10-04T05:44:09.830351+00:00","boundaryVintage":null,"geometryStatus":"native_source_polygon_display_simplified","simplificationToleranceDegrees":0.00015,"simplificationPreservesTopology":true,"invalidSourceRepair":"make_valid; retain polygonal components; discard zero-area collapsed lines","legalBoundaryIndependentlyVerified":false,"areaId":"1ede9ef7-81b9-4b55-8109-3a1031b4604f"},"geometry":{"type":"Polygon","coordinates":[[[100.274198,16.441649],[100.275679,16.442826],[100.278639,16.440368],[100.28557,16.442806],[100.289469,16.440412],[100.301017,16.438598],[100.314839,16.430786],[100.32433,16.430104],[100.332003,16.427645],[100.332648,16.421229],[100.331919,16.421417],[100.33105,16.420318],[100.330985,16.419716],[100.330483,16.418802],[100.311943,16.420441],[100.30085,16.422352],[100.283181,16.419795],[100.277176,16.415766],[100.266775,16.403875],[100.26556,16.396586],[100.267794,16.394215],[100.268348,16.394149],[100.263636,16.394698],[100.26181,16.392227],[100.258631,16.389183],[100.254948,16.388436],[100.254183,16.388414],[100.253678,16.388661],[100.251539,16.39158],[100.248985,16.39133],[100.247113,16.392083],[100.245652,16.394148],[100.24514,16.396308],[100.244541,16.39704],[100.243788,16.397037],[100.242166,16.395696],[100.24123,16.395444],[100.240826,16.395739],[100.240658,16.396309],[100.240905,16.398218],[100.240355,16.398801],[100.236797,16.399306],[100.230847,16.401203],[100.229002,16.401195],[100.228573,16.401547],[100.228388,16.40217],[100.228889,16.40376],[100.228764,16.404649],[100.228167,16.405092],[100.225911,16.405429],[100.22606,16.405823],[100.226434,16.406398],[100.229468,16.408918],[100.230847,16.410624],[100.233307,16.415302],[100.235158,16.416955],[100.234276,16.418841],[100.233286,16.419741],[100.232847,16.420952],[100.23169,16.42168],[100.231672,16.423074],[100.231372,16.423612],[100.231286,16.42463],[100.231599,16.426062],[100.230554,16.426976],[100.228834,16.427672],[100.228042,16.427629],[100.227599,16.428037],[100.227736,16.428921],[100.226952,16.429695],[100.226391,16.431685],[100.227299,16.432381],[100.227961,16.433494],[100.22879,16.433775],[100.230441,16.433343],[100.232964,16.435067],[100.237683,16.437306],[100.238096,16.437227],[100.238701,16.436525],[100.239892,16.436395],[100.241207,16.438356],[100.243594,16.44031],[100.243402,16.443438],[100.244217,16.444654],[100.244863,16.444622],[100.245777,16.443468],[100.246826,16.442921],[100.247866,16.443231],[100.249076,16.444062],[100.251001,16.443582],[100.253464,16.44706],[100.253451,16.447738],[100.252716,16.448547],[100.262504,16.449498],[100.264185,16.450431],[100.266372,16.449874],[100.265769,16.448263],[100.263659,16.444677],[100.264418,16.441861],[100.265519,16.443505],[100.269575,16.44355],[100.274198,16.441649]]]},"bbox":[100.225911,16.388387,100.332648,16.450431]},{"type":"Feature","id":"2aa6fe3d-52fb-43c9-9a50-1df12ef6cc39","properties":{"id":"2aa6fe3d-52fb-43c9-9a50-1df12ef6cc39","code":"06660120","provinceCode":"66","nameTh":"องค์การบริหารส่วนตำบล สายคำโห้","nameEn":null,"geometryType":"MUNICIPALITY","sourceUrl":"https://landometer.com/api/v2/citymeter-v3/grocery/info/geom/2aa6fe3d-52fb-43c9-9a50-1df12ef6cc39/MUNICIPALITY","sourceSha256":"11b82c52cc72cef2ad7f2e7462ab9fda921aae05f8927625752ffd590441d60b","retrievedAt":"2026-10-04T05:44:09.834842+00:00","boundaryVintage":null,"geometryStatus":"native_source_polygon_display_simplified","simplificationToleranceDegrees":0.00015,"simplificationPreservesTopology":true,"invalidSourceRepair":"make_valid; retain polygonal components; discard zero-area collapsed lines","legalBoundaryIndependentlyVerified":false,"areaId":"2aa6fe3d-52fb-43c9-9a50-1df12ef6cc39"},"geometry":{"type":"Polygon","coordinates":[[[100.481525,16.425397],[100.481952,16.425565],[100.482185,16.424968],[100.483544,16.424941],[100.483908,16.424676],[100.484327,16.425068],[100.484679,16.425081],[100.485118,16.424222],[100.485697,16.424304],[100.486566,16.423663],[100.487194,16.424931],[100.488661,16.424595],[100.490722,16.424567],[100.495261,16.42355],[100.49911,16.421856],[100.507954,16.417404],[100.50732,16.414735],[100.507543,16.414242],[100.50836,16.414086],[100.509019,16.413023],[100.510494,16.412793],[100.511313,16.413433],[100.511582,16.412712],[100.51228,16.412223],[100.513173,16.41225],[100.513752,16.411711],[100.514291,16.412116],[100.515157,16.410844],[100.516478,16.407776],[100.51626,16.401842],[100.517329,16.401256],[100.517448,16.400793],[100.518053,16.400711],[100.518363,16.402006],[100.519416,16.402152],[100.519802,16.402639],[100.520285,16.402818],[100.520248,16.402143],[100.520859,16.402125],[100.520663,16.394811],[100.526349,16.394114],[100.526586,16.392205],[100.528479,16.392513],[100.529955,16.388093],[100.52751,16.387419],[100.52858,16.382845],[100.528215,16.382696],[100.528638,16.379484],[100.527706,16.379397],[100.524935,16.377252],[100.524427,16.376377],[100.522408,16.376133],[100.519052,16.376747],[100.51539,16.375445],[100.514123,16.375354],[100.511799,16.376436],[100.507896,16.377182],[100.505592,16.379027],[100.501696,16.380133],[100.501826,16.380822],[100.494175,16.384138],[100.490978,16.384159],[100.489108,16.384555],[100.482715,16.382837],[100.478774,16.380892],[100.476867,16.377077],[100.476641,16.377631],[100.478538,16.382158],[100.476424,16.388064],[100.479133,16.393816],[100.474448,16.398442],[100.467284,16.400771],[100.454668,16.415523],[100.45379,16.414809],[100.444914,16.420025],[100.435883,16.422017],[100.429628,16.42662],[100.434493,16.430412],[100.435869,16.433144],[100.437524,16.433041],[100.438474,16.433787],[100.440353,16.434388],[100.44069,16.434186],[100.446117,16.434971],[100.449863,16.435192],[100.451454,16.434959],[100.45322,16.435172],[100.453948,16.434856],[100.456071,16.434924],[100.459674,16.435862],[100.461002,16.435743],[100.462459,16.436068],[100.463272,16.433569],[100.465453,16.434007],[100.468839,16.43359],[100.468911,16.434133],[100.472742,16.434191],[100.472866,16.434503],[100.473514,16.434527],[100.474784,16.433466],[100.476062,16.433253],[100.476842,16.433491],[100.47743,16.433273],[100.478157,16.433598],[100.47873,16.433521],[100.478569,16.431251],[100.478821,16.426929],[100.479248,16.426235],[100.481019,16.425923],[100.481525,16.425397]]]},"bbox":[100.429628,16.375308,100.529955,16.436068]},{"type":"Feature","id":"1a956085-1612-45b4-82fb-ea97721a2e04","properties":{"id":"1a956085-1612-45b4-82fb-ea97721a2e04","code":"06660203","provinceCode":"66","nameTh":"องค์การบริหารส่วนตำบล วังทรายพูน","nameEn":null,"geometryType":"MUNICIPALITY","sourceUrl":"https://landometer.com/api/v2/citymeter-v3/grocery/info/geom/1a956085-1612-45b4-82fb-ea97721a2e04/MUNICIPALITY","sourceSha256":"532004e411c25734c5c4e3baccc6209e98f7fae0bb157a8cca3dc79f16c2079a","retrievedAt":"2026-10-04T05:44:09.838196+00:00","boundaryVintage":null,"geometryStatus":"native_source_polygon_display_simplified","simplificationToleranceDegrees":0.00015,"simplificationPreservesTopology":true,"invalidSourceRepair":"make_valid; retain polygonal components; discard zero-area collapsed lines","legalBoundaryIndependentlyVerified":false,"areaId":"1a956085-1612-45b4-82fb-ea97721a2e04"},"geometry":{"type":"Polygon","coordinates":[[[100.587989,16.430787],[100.590064,16.422595],[100.590537,16.4226],[100.590611,16.423252],[100.591722,16.423252],[100.59136,16.422382],[100.592095,16.421609],[100.592835,16.421681],[100.59305,16.420911],[100.593546,16.420836],[100.59374,16.420493],[100.594194,16.420813],[100.594717,16.420601],[100.594599,16.419925],[100.593998,16.419084],[100.593195,16.418831],[100.593526,16.418026],[100.593131,16.417427],[100.593763,16.417542],[100.594369,16.41706],[100.595034,16.415561],[100.595592,16.415999],[100.59652,16.415309],[100.596741,16.416329],[100.597318,16.416909],[100.597232,16.416318],[100.597937,16.415747],[100.598319,16.414759],[100.598843,16.41477],[100.598957,16.415813],[100.599378,16.415841],[100.599725,16.415541],[100.599258,16.414931],[100.599308,16.4146],[100.600426,16.415103],[100.600884,16.415044],[100.60103,16.414622],[100.600818,16.413987],[100.601066,16.413767],[100.602653,16.41453],[100.602698,16.415432],[100.602907,16.415643],[100.604018,16.414859],[100.603973,16.415658],[100.604495,16.415882],[100.60466,16.416257],[100.605505,16.416302],[100.605775,16.416612],[100.605868,16.417373],[100.606977,16.417449],[100.607014,16.41709],[100.6065,16.416884],[100.606467,16.416571],[100.607754,16.414643],[100.60568,16.412255],[100.606873,16.411271],[100.607459,16.410889],[100.610356,16.410164],[100.614947,16.405564],[100.615823,16.405617],[100.618804,16.404648],[100.6223,16.4051],[100.623223,16.404779],[100.623877,16.402191],[100.627668,16.398351],[100.628858,16.399254],[100.630044,16.397659],[100.631027,16.39729],[100.631912,16.396445],[100.633255,16.395841],[100.633533,16.395137],[100.633215,16.39354],[100.633787,16.39167],[100.633498,16.390969],[100.633574,16.390256],[100.634661,16.389706],[100.634762,16.388765],[100.635638,16.387131],[100.634138,16.38381],[100.633645,16.380961],[100.634646,16.376746],[100.635594,16.376065],[100.63583,16.374808],[100.634354,16.372829],[100.630254,16.368679],[100.627695,16.365278],[100.62629,16.363843],[100.622982,16.361934],[100.622437,16.360874],[100.623055,16.36039],[100.623063,16.359414],[100.618525,16.361392],[100.603236,16.353307],[100.600327,16.355909],[100.594274,16.3554],[100.591665,16.357552],[100.587622,16.357789],[100.578222,16.369147],[100.560627,16.377748],[100.560697,16.387941],[100.558416,16.39302],[100.540558,16.40038],[100.541117,16.400483],[100.540462,16.401083],[100.539873,16.401011],[100.554178,16.402901],[100.55097,16.406656],[100.55223,16.40955],[100.550696,16.411706],[100.53596,16.413637],[100.527351,16.418754],[100.52519,16.417075],[100.520313,16.418902],[100.518764,16.420882],[100.514873,16.418813],[100.512559,16.4247],[100.523286,16.425557],[100.528078,16.423225],[100.529238,16.42084],[100.531884,16.423643],[100.536336,16.422094],[100.547702,16.43802],[100.554613,16.435139],[100.573786,16.437234],[100.578957,16.440016],[100.579405,16.439015],[100.581038,16.438964],[100.581582,16.438584],[100.582245,16.435622],[100.582666,16.435103],[100.583991,16.434573],[100.584432,16.434082],[100.584944,16.433935],[100.585384,16.433272],[100.587353,16.43226],[100.587989,16.430787]]]},"bbox":[100.512559,16.353307,100.635845,16.440016]},{"type":"Feature","id":"ec98f8fd-49a1-45cf-819b-d1972e4856a2","properties":{"id":"ec98f8fd-49a1-45cf-819b-d1972e4856a2","code":"06660204","provinceCode":"66","nameTh":"องค์การบริหารส่วนตำบล หนองพระ","nameEn":null,"geometryType":"MUNICIPALITY","sourceUrl":"https://landometer.com/api/v2/citymeter-v3/grocery/info/geom/ec98f8fd-49a1-45cf-819b-d1972e4856a2/MUNICIPALITY","sourceSha256":"9cd9e78043b356f514bc39bd982d6595d8c91a80820c0f02ad77c509f5f6dd9c","retrievedAt":"2026-10-04T05:44:09.848020+00:00","boundaryVintage":null,"geometryStatus":"native_source_polygon_display_simplified","simplificationToleranceDegrees":0.00015,"simplificationPreservesTopology":true,"invalidSourceRepair":"make_valid; retain polygonal components; discard zero-area collapsed lines","legalBoundaryIndependentlyVerified":false,"areaId":"ec98f8fd-49a1-45cf-819b-d1972e4856a2"},"geometry":{"type":"Polygon","coordinates":[[[100.540558,16.40038],[100.558416,16.39302],[100.560697,16.387941],[100.560627,16.377748],[100.578222,16.369147],[100.587622,16.357789],[100.591665,16.357552],[100.594274,16.3554],[100.600327,16.355909],[100.603236,16.353307],[100.618525,16.361392],[100.623063,16.359414],[100.623082,16.360367],[100.623152,16.359907],[100.623563,16.359715],[100.623161,16.359519],[100.62354,16.35902],[100.623072,16.358528],[100.622887,16.357572],[100.623295,16.357258],[100.622939,16.356943],[100.622683,16.355954],[100.623111,16.355655],[100.623893,16.355844],[100.623964,16.355424],[100.62303,16.354936],[100.623741,16.354049],[100.622978,16.353969],[100.622957,16.353561],[100.620363,16.350203],[100.6201,16.349274],[100.621488,16.348974],[100.621653,16.348612],[100.620742,16.347303],[100.619661,16.34665],[100.619911,16.345671],[100.621494,16.345744],[100.62505,16.339787],[100.623327,16.339341],[100.623806,16.33855],[100.624412,16.335598],[100.625761,16.332146],[100.625257,16.331079],[100.625329,16.328611],[100.626187,16.323753],[100.625968,16.318968],[100.625293,16.317066],[100.624765,16.317229],[100.623721,16.318347],[100.623491,16.318305],[100.623441,16.317919],[100.622805,16.318265],[100.622892,16.318742],[100.622508,16.319077],[100.621864,16.318458],[100.621694,16.31883],[100.621218,16.318764],[100.621024,16.317927],[100.619945,16.317466],[100.619211,16.317482],[100.618965,16.3179],[100.617759,16.31809],[100.617113,16.3177],[100.616877,16.317059],[100.616206,16.317156],[100.616683,16.316508],[100.616189,16.316445],[100.615837,16.316726],[100.615712,16.31626],[100.615088,16.316265],[100.613999,16.316984],[100.612461,16.316739],[100.61151,16.31704],[100.61119,16.316362],[100.610386,16.315974],[100.610672,16.31536],[100.609757,16.315765],[100.609784,16.315268],[100.610225,16.315106],[100.6101,16.314569],[100.609673,16.314446],[100.60983,16.314317],[100.609657,16.313882],[100.61031,16.313178],[100.609988,16.312869],[100.609536,16.313137],[100.60967,16.312697],[100.60916,16.313071],[100.609132,16.312733],[100.609358,16.31259],[100.608837,16.312342],[100.60859,16.312789],[100.608459,16.312325],[100.608643,16.311943],[100.608233,16.311719],[100.608082,16.312244],[100.607861,16.312198],[100.607886,16.311789],[100.607486,16.311988],[100.607222,16.310579],[100.606785,16.310554],[100.606821,16.310959],[100.605871,16.311094],[100.605726,16.311455],[100.605517,16.311453],[100.605369,16.311063],[100.605929,16.31056],[100.605588,16.310457],[100.605518,16.309957],[100.60492,16.309547],[100.604374,16.30944],[100.602115,16.310155],[100.599758,16.30971],[100.599346,16.309433],[100.598023,16.309669],[100.597139,16.310155],[100.592352,16.310213],[100.587013,16.305888],[100.586464,16.307547],[100.585656,16.307324],[100.585486,16.307698],[100.583694,16.307212],[100.583217,16.306882],[100.582816,16.3061],[100.581899,16.305744],[100.580893,16.304946],[100.580131,16.304597],[100.579574,16.304827],[100.578749,16.303599],[100.577274,16.30281],[100.576635,16.302922],[100.57597,16.302357],[100.575359,16.302302],[100.575124,16.301348],[100.573579,16.302158],[100.573096,16.301906],[100.572427,16.302799],[100.571153,16.301873],[100.570575,16.301722],[100.56918,16.300382],[100.568539,16.300195],[100.568669,16.299706],[100.568204,16.298455],[100.567258,16.298068],[100.566631,16.298168],[100.565632,16.297287],[100.565108,16.297127],[100.564802,16.296756],[100.56496,16.296221],[100.564345,16.296366],[100.564335,16.295809],[100.563397,16.295077],[100.563168,16.294522],[100.562697,16.29448],[100.562666,16.293935],[100.561315,16.293619],[100.559079,16.29467],[100.55785,16.295551],[100.557515,16.295332],[100.55749,16.294724],[100.557196,16.294403],[100.556962,16.294791],[100.556687,16.294604],[100.55551,16.294882],[100.554447,16.294747],[100.553808,16.296509],[100.54498,16.294389],[100.541531,16.294087],[100.539008,16.295679],[100.535243,16.296444],[100.535262,16.297368],[100.532386,16.298172],[100.530655,16.299534],[100.526039,16.30122],[100.526079,16.30197],[100.52566,16.302108],[100.52252,16.302747],[100.520429,16.299232],[100.51775,16.300778],[100.521291,16.304364],[100.523327,16.31321],[100.522734,16.319127],[100.523578,16.321615],[100.525573,16.322271],[100.525852,16.326172],[100.535245,16.32911],[100.536636,16.331049],[100.537093,16.333445],[100.53886,16.338371],[100.538319,16.339872],[100.539126,16.344101],[100.53428,16.344115],[100.534016,16.345409],[100.535853,16.345862],[100.538174,16.357822],[100.530877,16.360382],[100.525503,16.367804],[100.519666,16.373255],[100.517793,16.372943],[100.517899,16.374581],[100.517637,16.375636],[100.516772,16.375949],[100.519309,16.376762],[100.521367,16.376209],[100.524427,16.376377],[100.524935,16.377252],[100.527706,16.379397],[100.528638,16.379484],[100.528215,16.382696],[100.52858,16.382845],[100.52751,16.387419],[100.529955,16.388093],[100.528479,16.392513],[100.526586,16.392205],[100.526363,16.394108],[100.520663,16.394811],[100.520859,16.402125],[100.520248,16.402143],[100.520285,16.402818],[100.519802,16.402639],[100.519416,16.402152],[100.518363,16.402006],[100.518053,16.400711],[100.517448,16.400793],[100.517329,16.401256],[100.51626,16.401842],[100.516478,16.407776],[100.515063,16.411011],[100.51825,16.410879],[100.525759,16.397299],[100.53029,16.399841],[100.540462,16.401083],[100.541117,16.400483],[100.540558,16.40038]]]},"bbox":[100.515063,16.293615,100.626187,16.411011]},{"type":"Feature","id":"b7cfdbd3-0109-46b2-9198-b1f1550a4e09","properties":{"id":"b7cfdbd3-0109-46b2-9198-b1f1550a4e09","code":"06660205","provinceCode":"66","nameTh":"องค์การบริหารส่วนตำบล หนองปลาไหล","nameEn":null,"geometryType":"MUNICIPALITY","sourceUrl":"https://landometer.com/api/v2/citymeter-v3/grocery/info/geom/b7cfdbd3-0109-46b2-9198-b1f1550a4e09/MUNICIPALITY","sourceSha256":"22b4917508b1a42c6a59d085448eb9c968460931d966801a1f67d0961f55ff81","retrievedAt":"2026-10-04T05:44:09.871845+00:00","boundaryVintage":null,"geometryStatus":"native_source_polygon_display_simplified","simplificationToleranceDegrees":0.00015,"simplificationPreservesTopology":true,"invalidSourceRepair":"make_valid; retain polygonal components; discard zero-area collapsed lines","legalBoundaryIndependentlyVerified":false,"areaId":"b7cfdbd3-0109-46b2-9198-b1f1550a4e09"},"geometry":{"type":"MultiPolygon","coordinates":[[[[100.489011,16.465079],[100.490561,16.464147],[100.491234,16.463476],[100.491817,16.46396],[100.492696,16.464081],[100.493209,16.462369],[100.493961,16.462053],[100.494945,16.46282],[100.496975,16.463186],[100.498959,16.462308],[100.498876,16.463234],[100.500757,16.463334],[100.501178,16.46407],[100.501512,16.46412],[100.50266,16.463844],[100.502062,16.463323],[100.502365,16.462858],[100.502171,16.46174],[100.502352,16.461508],[100.502921,16.461955],[100.503503,16.463758],[100.50493,16.463751],[100.504993,16.46341],[100.50356,16.461909],[100.504148,16.460883],[100.504539,16.460727],[100.50489,16.46107],[100.505133,16.462461],[100.50566,16.462938],[100.506715,16.462791],[100.507278,16.463063],[100.508371,16.462633],[100.509382,16.46356],[100.510337,16.463976],[100.510882,16.463807],[100.510796,16.4633],[100.51119,16.4629],[100.511222,16.4622],[100.51186,16.46199],[100.512735,16.461978],[100.512948,16.462592],[100.513417,16.462753],[100.514334,16.462686],[100.515216,16.461972],[100.514982,16.462717],[100.515286,16.463033],[100.517116,16.462098],[100.517481,16.462566],[100.51822,16.462941],[100.519541,16.462761],[100.520039,16.462393],[100.520127,16.461383],[100.520507,16.460633],[100.520775,16.460665],[100.521123,16.461589],[100.521705,16.461346],[100.521864,16.460789],[100.522814,16.460692],[100.522824,16.460144],[100.523658,16.460398],[100.524849,16.459526],[100.525393,16.459755],[100.526316,16.458624],[100.527181,16.458386],[100.527634,16.458601],[100.527683,16.459207],[100.526525,16.460033],[100.526506,16.460322],[100.527107,16.46072],[100.52801,16.460083],[100.528282,16.4606],[100.528414,16.46193],[100.528708,16.461969],[100.529326,16.461363],[100.529672,16.461341],[100.530146,16.46284],[100.531042,16.462231],[100.531331,16.4632],[100.532495,16.463024],[100.532895,16.462314],[100.533353,16.46205],[100.533573,16.463109],[100.533974,16.46354],[100.53405,16.462485],[100.534935,16.462318],[100.535481,16.462779],[100.537321,16.463523],[100.537619,16.463218],[100.537263,16.462838],[100.538283,16.46237],[100.537938,16.461628],[100.537447,16.461317],[100.537861,16.460768],[100.538136,16.461267],[100.539279,16.461832],[100.53997,16.462936],[100.54039,16.463024],[100.541189,16.46257],[100.540631,16.461934],[100.54051,16.461435],[100.540736,16.461292],[100.541358,16.461624],[100.542258,16.463009],[100.54257,16.463121],[100.542839,16.462982],[100.54291,16.462442],[100.543893,16.461318],[100.544181,16.460584],[100.544593,16.460303],[100.544816,16.460404],[100.544562,16.461059],[100.54491,16.461802],[100.546698,16.46247],[100.546904,16.462324],[100.546886,16.461855],[100.546416,16.460981],[100.546943,16.460523],[100.547693,16.460314],[100.549048,16.462523],[100.54945,16.462496],[100.549877,16.461543],[100.550199,16.461894],[100.549977,16.462617],[100.550926,16.462471],[100.551919,16.462782],[100.552925,16.463768],[100.55297,16.464397],[100.553859,16.466006],[100.555013,16.465665],[100.555595,16.465826],[100.557503,16.465239],[100.557858,16.464895],[100.557731,16.464213],[100.558586,16.463934],[100.558073,16.462733],[100.558274,16.462098],[100.560302,16.463197],[100.560318,16.462092],[100.561559,16.461909],[100.561769,16.461012],[100.562741,16.460903],[100.562598,16.459937],[100.563993,16.458937],[100.563793,16.458808],[100.563039,16.459127],[100.562928,16.458907],[100.564229,16.458226],[100.564669,16.457728],[100.565071,16.457765],[100.565808,16.459383],[100.567767,16.46049],[100.568254,16.459546],[100.567545,16.458173],[100.568166,16.457932],[100.569132,16.458348],[100.570694,16.456658],[100.570299,16.456447],[100.570496,16.455031],[100.570189,16.453985],[100.571189,16.454504],[100.572855,16.454612],[100.572806,16.454106],[100.572212,16.454096],[100.571653,16.453392],[100.572411,16.453177],[100.572591,16.452665],[100.572753,16.45316],[100.573562,16.453002],[100.573643,16.452096],[100.574434,16.451325],[100.57384,16.450534],[100.573851,16.44868],[100.574329,16.448185],[100.575083,16.448046],[100.575416,16.447542],[100.575828,16.447392],[100.575742,16.446976],[100.576283,16.446673],[100.577252,16.445516],[100.579126,16.445079],[100.580129,16.444369],[100.580477,16.44327],[100.578807,16.441551],[100.579083,16.440885],[100.578957,16.440016],[100.573786,16.437234],[100.554613,16.435139],[100.547702,16.43802],[100.536336,16.422094],[100.531884,16.423643],[100.529238,16.42084],[100.528078,16.423225],[100.523286,16.425557],[100.512467,16.424932],[100.514873,16.418813],[100.514093,16.418398],[100.51825,16.410879],[100.515063,16.411011],[100.514291,16.412116],[100.513752,16.411711],[100.513235,16.412228],[100.512222,16.412255],[100.511582,16.412712],[100.511356,16.413424],[100.510494,16.412793],[100.509019,16.413023],[100.50836,16.414086],[100.507543,16.414242],[100.50732,16.414735],[100.507954,16.417404],[100.49911,16.421856],[100.495261,16.42355],[100.490722,16.424567],[100.488661,16.424595],[100.487194,16.424931],[100.486566,16.423663],[100.485697,16.424304],[100.485118,16.424222],[100.484679,16.425081],[100.484327,16.425068],[100.483958,16.424676],[100.483544,16.424941],[100.482227,16.424952],[100.481952,16.425565],[100.481544,16.425389],[100.481019,16.425923],[100.479248,16.426235],[100.478821,16.426929],[100.478922,16.427662],[100.478707,16.428514],[100.478569,16.431251],[100.478749,16.433502],[100.478157,16.433598],[100.47743,16.433273],[100.476842,16.433491],[100.476062,16.433253],[100.474784,16.433466],[100.473544,16.434525],[100.472873,16.434506],[100.472742,16.434191],[100.468911,16.434133],[100.468839,16.43359],[100.465453,16.434007],[100.463272,16.433569],[100.462459,16.436068],[100.461002,16.435743],[100.459674,16.435862],[100.456071,16.434924],[100.453948,16.434856],[100.45322,16.435172],[100.451454,16.434959],[100.449863,16.435192],[100.446117,16.434971],[100.44069,16.434186],[100.440353,16.434388],[100.438474,16.433787],[100.437524,16.433041],[100.435776,16.433112],[100.434493,16.430412],[100.429258,16.42633],[100.419711,16.422844],[100.418239,16.421594],[100.416242,16.421582],[100.414726,16.420675],[100.413713,16.420718],[100.413104,16.421228],[100.412267,16.421114],[100.409536,16.42279],[100.40835,16.421575],[100.407108,16.423036],[100.407673,16.423257],[100.407222,16.425611],[100.405756,16.42532],[100.406167,16.425939],[100.406129,16.426351],[100.404658,16.42724],[100.402986,16.426726],[100.402134,16.427088],[100.402275,16.427582],[100.403033,16.428403],[100.404575,16.42849],[100.404928,16.42894],[100.406845,16.432307],[100.407207,16.432593],[100.407262,16.433893],[100.409026,16.4349],[100.411434,16.435576],[100.411235,16.436539],[100.411992,16.437994],[100.412186,16.439001],[100.41334,16.44064],[100.413799,16.440917],[100.414062,16.441564],[100.413746,16.443907],[100.412151,16.444912],[100.410819,16.446358],[100.409836,16.447963],[100.410281,16.449875],[100.411227,16.450295],[100.412091,16.450304],[100.411766,16.452611],[100.413013,16.452969],[100.415017,16.452972],[100.415067,16.451515],[100.415425,16.450909],[100.41512,16.449555],[100.415988,16.449102],[100.416232,16.4482],[100.416207,16.447741],[100.415765,16.447354],[100.415253,16.447579],[100.415005,16.447429],[100.415154,16.446238],[100.417511,16.44608],[100.418081,16.44585],[100.418363,16.44544],[100.418568,16.444621],[100.418516,16.443024],[100.419558,16.441119],[100.419801,16.436115],[100.420619,16.436348],[100.421053,16.436061],[100.420843,16.435087],[100.421595,16.434338],[100.420684,16.433319],[100.420961,16.432981],[100.421407,16.432925],[100.421961,16.433487],[100.422775,16.433535],[100.422529,16.435035],[100.4231,16.435552],[100.424031,16.435793],[100.42409,16.435371],[100.425025,16.434731],[100.425261,16.435731],[100.426119,16.434866],[100.4269,16.435364],[100.426345,16.439188],[100.426984,16.440037],[100.428998,16.440813],[100.430144,16.441868],[100.430124,16.44313],[100.431172,16.443727],[100.432061,16.443538],[100.432431,16.444026],[100.432529,16.444595],[100.432121,16.445341],[100.432123,16.446196],[100.434055,16.44757],[100.43463,16.448477],[100.434308,16.448994],[100.434259,16.450287],[100.433584,16.45139],[100.434164,16.451726],[100.435673,16.451809],[100.436108,16.452079],[100.436119,16.45234],[100.435361,16.453195],[100.435838,16.453241],[100.436248,16.453805],[100.437132,16.453939],[100.437949,16.453274],[100.439031,16.453647],[100.440205,16.452394],[100.440957,16.452726],[100.441292,16.453217],[100.441693,16.45287],[100.442147,16.452912],[100.443056,16.453749],[100.444252,16.453983],[100.444825,16.454553],[100.446408,16.455245],[100.447384,16.455112],[100.447945,16.455287],[100.448248,16.455822],[100.447852,16.456808],[100.448223,16.457499],[100.449287,16.458175],[100.449412,16.458841],[100.450056,16.458821],[100.450185,16.459633],[100.450719,16.460146],[100.452163,16.460052],[100.45252,16.460723],[100.453772,16.460344],[100.454675,16.460861],[100.45523,16.460026],[100.456247,16.459979],[100.457621,16.460676],[100.45829,16.460458],[100.458546,16.460729],[100.459213,16.460753],[100.461241,16.459888],[100.46152,16.460267],[100.461967,16.460231],[100.46234,16.460818],[100.462964,16.460549],[100.463288,16.460867],[100.463691,16.460862],[100.464857,16.462043],[100.465906,16.46273],[100.46604,16.463259],[100.467398,16.46395],[100.468646,16.46367],[100.469832,16.463084],[100.470672,16.463462],[100.47156,16.463479],[100.472793,16.465425],[100.473608,16.465957],[100.474,16.466847],[100.474472,16.46721],[100.476336,16.466895],[100.477982,16.466988],[100.479104,16.466479],[100.480884,16.466398],[100.481687,16.466128],[100.482268,16.466264],[100.482993,16.465257],[100.485216,16.465755],[100.485577,16.465583],[100.486212,16.465821],[100.488004,16.465813],[100.488697,16.465694],[100.489011,16.465079]]],[[[100.520276,16.425383],[100.512559,16.4247],[100.512467,16.424932],[100.520276,16.425383]]]]},"bbox":[100.402134,16.410879,100.580479,16.467219]},{"type":"Feature","id":"5034de3d-016a-4ba7-9a9c-3491ec4c9960","properties":{"id":"5034de3d-016a-4ba7-9a9c-3491ec4c9960","code":"06660303","provinceCode":"66","nameTh":"องค์การบริหารส่วนตำบล ทุ่งใหญ่","nameEn":null,"geometryType":"MUNICIPALITY","sourceUrl":"https://landometer.com/api/v2/citymeter-v3/grocery/info/geom/5034de3d-016a-4ba7-9a9c-3491ec4c9960/MUNICIPALITY","sourceSha256":"cdec9911f7cebb8402f122ff8ff8b649a26a5c4459d3e86bff2b86eb90207a6d","retrievedAt":"2026-10-04T05:44:09.855714+00:00","boundaryVintage":null,"geometryStatus":"native_source_polygon_display_simplified","simplificationToleranceDegrees":0.00015,"simplificationPreservesTopology":true,"invalidSourceRepair":"make_valid; retain polygonal components; discard zero-area collapsed lines","legalBoundaryIndependentlyVerified":false,"areaId":"5034de3d-016a-4ba7-9a9c-3491ec4c9960"},"geometry":{"type":"Polygon","coordinates":[[[100.061856,16.317785],[100.061855,16.313179],[100.059408,16.309735],[100.080444,16.310751],[100.10333,16.306286],[100.120167,16.292832],[100.128105,16.292119],[100.128033,16.287795],[100.129516,16.287117],[100.131425,16.288715],[100.134386,16.286729],[100.13992,16.276075],[100.13723,16.274293],[100.136287,16.271397],[100.133696,16.270724],[100.132142,16.272758],[100.129069,16.272841],[100.126688,16.268896],[100.125813,16.260259],[100.118956,16.260797],[100.117468,16.264905],[100.11532,16.264474],[100.11474,16.266185],[100.093354,16.271411],[100.089339,16.269854],[100.086143,16.263699],[100.084606,16.264703],[100.083908,16.264886],[100.081585,16.265032],[100.076049,16.264579],[100.070485,16.265834],[100.066185,16.264812],[100.059855,16.262751],[100.058932,16.263609],[100.058452,16.264615],[100.057316,16.26531],[100.057047,16.265805],[100.057142,16.26699],[100.055305,16.268373],[100.054605,16.268302],[100.054024,16.266719],[100.053733,16.266889],[100.05327,16.268027],[100.052843,16.268241],[100.05207,16.268049],[100.050455,16.266857],[100.049332,16.267263],[100.048785,16.268811],[100.047145,16.269619],[100.046918,16.270309],[100.04718,16.272063],[100.046294,16.273199],[100.044393,16.274448],[100.041497,16.275345],[100.039869,16.275724],[100.038519,16.274708],[100.037985,16.273023],[100.035581,16.271288],[100.036211,16.270099],[100.03552,16.26919],[100.033789,16.269279],[100.028945,16.270559],[100.028798,16.271526],[100.029007,16.273278],[100.029573,16.274983],[100.031165,16.278298],[100.03117,16.279351],[100.030765,16.280687],[100.027787,16.286683],[100.027287,16.289201],[100.026567,16.290918],[100.022343,16.29528],[100.021327,16.29605],[100.019133,16.296976],[100.01938,16.300462],[100.019155,16.301655],[100.01923,16.303087],[100.019622,16.304837],[100.020698,16.307424],[100.020798,16.311214],[100.021061,16.311212],[100.021285,16.312875],[100.021847,16.312978],[100.02211,16.313615],[100.022733,16.313971],[100.023139,16.313873],[100.024234,16.314397],[100.024635,16.314291],[100.025166,16.315114],[100.026184,16.314846],[100.026725,16.315081],[100.027142,16.314729],[100.028084,16.314854],[100.027908,16.316644],[100.027093,16.319346],[100.027683,16.319797],[100.028967,16.320183],[100.032833,16.320369],[100.033462,16.320941],[100.035372,16.321853],[100.041851,16.323815],[100.042315,16.32337],[100.045234,16.323206],[100.047899,16.323662],[100.050192,16.325618],[100.052129,16.325875],[100.052554,16.325877],[100.052341,16.323548],[100.054447,16.321079],[100.05974,16.320223],[100.061856,16.317785]]]},"bbox":[100.019116,16.260259,100.13992,16.325877]},{"type":"Feature","id":"80923f19-7ae8-4955-99e1-030a9cd7d5b7","properties":{"id":"80923f19-7ae8-4955-99e1-030a9cd7d5b7","code":"06660304","provinceCode":"66","nameTh":"องค์การบริหารส่วนตำบล ดงเสือเหลือง","nameEn":null,"geometryType":"MUNICIPALITY","sourceUrl":"https://landometer.com/api/v2/citymeter-v3/grocery/info/geom/80923f19-7ae8-4955-99e1-030a9cd7d5b7/MUNICIPALITY","sourceSha256":"fa1a7bf3d3180891dca98901cf939bb82a003d06e2b27c669a7e4f7a6a2ed63b","retrievedAt":"2026-10-04T05:44:09.857364+00:00","boundaryVintage":null,"geometryStatus":"native_source_polygon_display_simplified","simplificationToleranceDegrees":0.00015,"simplificationPreservesTopology":true,"invalidSourceRepair":"make_valid; retain polygonal components; discard zero-area collapsed lines","legalBoundaryIndependentlyVerified":false,"areaId":"80923f19-7ae8-4955-99e1-030a9cd7d5b7"},"geometry":{"type":"Polygon","coordinates":[[[100.208881,16.2686],[100.208982,16.257637],[100.213656,16.245373],[100.196462,16.245782],[100.191898,16.248716],[100.188916,16.249557],[100.187147,16.24942],[100.185437,16.248958],[100.178376,16.245552],[100.17627,16.245152],[100.170049,16.244656],[100.162003,16.244848],[100.156574,16.244377],[100.152545,16.243456],[100.150481,16.243379],[100.144469,16.244978],[100.14405,16.245251],[100.143789,16.246104],[100.141763,16.246355],[100.14161,16.246626],[100.140163,16.246069],[100.139792,16.245685],[100.139208,16.245712],[100.137813,16.24721],[100.136917,16.247788],[100.136455,16.247686],[100.135847,16.246938],[100.133045,16.246898],[100.132218,16.248589],[100.131727,16.248637],[100.130707,16.247891],[100.129698,16.248881],[100.129272,16.248692],[100.129035,16.247759],[100.127268,16.246571],[100.127369,16.245433],[100.126915,16.245299],[100.126495,16.245452],[100.125019,16.24728],[100.121882,16.248549],[100.121149,16.249166],[100.121338,16.249933],[100.120919,16.250106],[100.120694,16.250642],[100.120068,16.250838],[100.119783,16.251636],[100.118489,16.252722],[100.118212,16.25413],[100.11793,16.254399],[100.111717,16.256975],[100.110097,16.257288],[100.108275,16.256946],[100.103899,16.255285],[100.102671,16.255355],[100.101863,16.255776],[100.099225,16.258542],[100.097037,16.260106],[100.095379,16.260342],[100.092121,16.259778],[100.090816,16.259795],[100.088858,16.260312],[100.087932,16.261088],[100.086143,16.263699],[100.089339,16.269854],[100.093354,16.271411],[100.11474,16.266185],[100.11532,16.264474],[100.117468,16.264905],[100.118956,16.260797],[100.125813,16.260259],[100.126688,16.268896],[100.129069,16.272841],[100.132142,16.272758],[100.133696,16.270724],[100.136287,16.271397],[100.13723,16.274293],[100.13992,16.276075],[100.134386,16.286729],[100.131425,16.288715],[100.129516,16.287117],[100.128033,16.287795],[100.128105,16.292119],[100.15597,16.291709],[100.177945,16.293744],[100.186475,16.293704],[100.193866,16.28239],[100.208881,16.2686]]]},"bbox":[100.086143,16.243379,100.213656,16.293744]},{"type":"Feature","id":"06b33eab-5454-4563-b258-8e87118a04e3","properties":{"id":"06b33eab-5454-4563-b258-8e87118a04e3","code":"06660305","provinceCode":"66","nameTh":"องค์การบริหารส่วนตำบล เนินสว่าง","nameEn":null,"geometryType":"MUNICIPALITY","sourceUrl":"https://landometer.com/api/v2/citymeter-v3/grocery/info/geom/06b33eab-5454-4563-b258-8e87118a04e3/MUNICIPALITY","sourceSha256":"699a4193b4f2c269adbb4ce05e7f23b24df689de2dafa6e5647c15653a7678b6","retrievedAt":"2026-10-04T05:44:09.870058+00:00","boundaryVintage":null,"geometryStatus":"native_source_polygon_display_simplified","simplificationToleranceDegrees":0.00015,"simplificationPreservesTopology":true,"invalidSourceRepair":"make_valid; retain polygonal components; discard zero-area collapsed lines","legalBoundaryIndependentlyVerified":false,"areaId":"06b33eab-5454-4563-b258-8e87118a04e3"},"geometry":{"type":"Polygon","coordinates":[[[100.164659,16.338022],[100.17076,16.332725],[100.175224,16.333292],[100.185346,16.329861],[100.186931,16.327461],[100.191329,16.329097],[100.19447729017898,16.324466525097574],[100.195648,16.326585],[100.201101,16.326479],[100.205601,16.328683],[100.210106,16.326504],[100.211404,16.32313],[100.216082,16.323649],[100.215797,16.320911],[100.220892,16.323233],[100.220318,16.319441],[100.227175,16.316244],[100.227413,16.315881],[100.227267,16.315437],[100.226421,16.31575],[100.223943,16.313164],[100.218547,16.311679],[100.21001,16.303259],[100.202351,16.298313],[100.186475,16.293704],[100.177945,16.293744],[100.15597,16.291709],[100.128105,16.292119],[100.120167,16.292832],[100.10333,16.306286],[100.080444,16.310751],[100.059408,16.309735],[100.061855,16.313179],[100.061856,16.317785],[100.05974,16.320223],[100.054447,16.321079],[100.052341,16.323548],[100.052554,16.325877],[100.055528,16.324731],[100.056041,16.325479],[100.057161,16.325347],[100.058839,16.326012],[100.061579,16.33055],[100.062104,16.330456],[100.066588,16.322863],[100.068757,16.321861],[100.090717,16.327922],[100.099457,16.334283],[100.102362,16.342059],[100.104704,16.34415],[100.113755,16.341501],[100.122427,16.343326],[100.12487,16.341503],[100.127027,16.344295],[100.13024,16.343534],[100.134612,16.345287],[100.140378,16.344894],[100.146571,16.334528],[100.149235,16.336006],[100.156843,16.332442],[100.164659,16.338022]],[[100.194477,16.324466],[100.19453,16.324389],[100.19447729017898,16.324466525097574],[100.194477,16.324466]]]},"bbox":[100.052341,16.291709,100.227413,16.345287]},{"type":"Feature","id":"26f06f08-b00e-4f8f-b374-818827c016ae","properties":{"id":"26f06f08-b00e-4f8f-b374-818827c016ae","code":"06660306","provinceCode":"66","nameTh":"องค์การบริหารส่วนตำบล ไผ่ท่าโพ","nameEn":null,"geometryType":"MUNICIPALITY","sourceUrl":"https://landometer.com/api/v2/citymeter-v3/grocery/info/geom/26f06f08-b00e-4f8f-b374-818827c016ae/MUNICIPALITY","sourceSha256":"724cc6713b84a758b007b7bcbd9deea944f6ce0de0edae055080c5bed88f8b03","retrievedAt":"2026-10-04T05:44:09.910040+00:00","boundaryVintage":null,"geometryStatus":"native_source_polygon_display_simplified","simplificationToleranceDegrees":0.00015,"simplificationPreservesTopology":true,"invalidSourceRepair":"make_valid; retain polygonal components; discard zero-area collapsed lines","legalBoundaryIndependentlyVerified":false,"areaId":"26f06f08-b00e-4f8f-b374-818827c016ae"},"geometry":{"type":"Polygon","coordinates":[[[100.248963,16.273088],[100.256247,16.276099],[100.26458,16.285886],[100.26371,16.28017],[100.263437,16.279803],[100.263612,16.278645],[100.263456,16.278438],[100.264,16.277035],[100.265193,16.27645],[100.26531,16.275507],[100.264157,16.273466],[100.264174,16.270528],[100.265577,16.269499],[100.265801,16.26889],[100.267638,16.267968],[100.267389,16.267435],[100.266345,16.26707],[100.266714,16.266159],[100.2677,16.265535],[100.268026,16.264683],[100.267701,16.264354],[100.268117,16.261573],[100.26761,16.259869],[100.267282,16.259699],[100.265981,16.25988],[100.265734,16.258281],[100.26465,16.258494],[100.263692,16.25748],[100.262795,16.257763],[100.262181,16.255805],[100.260855,16.255838],[100.259696,16.253746],[100.259593,16.25206],[100.261048,16.24874],[100.260297,16.246417],[100.260813,16.245924],[100.261704,16.244],[100.260642,16.24231],[100.258704,16.24226],[100.258316,16.241862],[100.257824,16.240166],[100.258075,16.238909],[100.258764,16.238206],[100.258692,16.237864],[100.257229,16.237819],[100.256169,16.237425],[100.255787,16.236706],[100.254963,16.236328],[100.252079,16.236248],[100.250829,16.236589],[100.249769,16.237319],[100.249013,16.238237],[100.246311,16.236677],[100.245603,16.238475],[100.245732,16.239493],[100.24521,16.240386],[100.245435,16.242581],[100.244699,16.243016],[100.24407,16.24396],[100.242823,16.243612],[100.242118,16.243655],[100.240188,16.245095],[100.238773,16.24464],[100.232546,16.244976],[100.213656,16.245373],[100.208982,16.257637],[100.208881,16.2686],[100.193866,16.28239],[100.186475,16.293704],[100.202351,16.298313],[100.21001,16.303259],[100.218547,16.311679],[100.223943,16.313164],[100.226421,16.31575],[100.235176,16.312514],[100.24811,16.314266],[100.25732311694482,16.311650181398413],[100.261732,16.318489],[100.265734,16.308891],[100.236392,16.281879],[100.237007,16.272768],[100.248963,16.273088]],[[100.257323,16.31165],[100.257602,16.311571],[100.25732311694482,16.311650181398413],[100.257323,16.31165]]]},"bbox":[100.186475,16.236214,100.268117,16.318489]},{"type":"Feature","id":"b2ac368d-c23e-412e-9a71-04afec147ecf","properties":{"id":"b2ac368d-c23e-412e-9a71-04afec147ecf","code":"06660307","provinceCode":"66","nameTh":"องค์การบริหารส่วนตำบล โพธิ์ประทับช้าง","nameEn":null,"geometryType":"MUNICIPALITY","sourceUrl":"https://landometer.com/api/v2/citymeter-v3/grocery/info/geom/b2ac368d-c23e-412e-9a71-04afec147ecf/MUNICIPALITY","sourceSha256":"c8f1419a2673930a60016f5b3c4890d9b1381f96b3c90d1125ec409da68329a8","retrievedAt":"2026-10-04T05:44:09.917680+00:00","boundaryVintage":null,"geometryStatus":"native_source_polygon_display_simplified","simplificationToleranceDegrees":0.00015,"simplificationPreservesTopology":true,"invalidSourceRepair":"make_valid; retain polygonal components; discard zero-area collapsed lines","legalBoundaryIndependentlyVerified":false,"areaId":"b2ac368d-c23e-412e-9a71-04afec147ecf"},"geometry":{"type":"Polygon","coordinates":[[[100.318297,16.355783],[100.318493,16.354347],[100.320087,16.351842],[100.320793,16.349679],[100.323364,16.345931],[100.32365,16.341283],[100.324556,16.33799],[100.325155,16.337391],[100.32816,16.335502],[100.329629,16.333319],[100.330498,16.331429],[100.331262,16.325876],[100.331415,16.320791],[100.332099,16.317441],[100.332987,16.316367],[100.332975,16.313899],[100.325979,16.309455],[100.325589,16.306786],[100.31765,16.304826],[100.319452,16.301363],[100.31946,16.300457],[100.312197,16.290321],[100.311108,16.289557],[100.312192,16.2881],[100.312898,16.286084],[100.312728,16.285988],[100.312689,16.284839],[100.311965,16.284103],[100.311514,16.282345],[100.311888,16.282143],[100.310786,16.279754],[100.310378,16.277854],[100.30703,16.27979],[100.305101,16.281237],[100.304392,16.281405],[100.299274,16.280203],[100.297513,16.280159],[100.29071,16.281369],[100.286956,16.281108],[100.286529,16.2814],[100.288799,16.291599],[100.289303,16.292746],[100.290075,16.293671],[100.287046,16.296092],[100.286336,16.295807],[100.285966,16.296108],[100.283775,16.295637],[100.28394,16.294197],[100.283233,16.293516],[100.273892,16.296818],[100.28334,16.310265],[100.287382,16.320529],[100.276378,16.325463],[100.277933,16.333056],[100.276914,16.338047],[100.278746,16.361001],[100.279476,16.362464],[100.301489,16.363517],[100.306174,16.362777],[100.314559,16.362633],[100.317409,16.361216],[100.318625,16.359567],[100.318885,16.35878],[100.318297,16.355783]]]},"bbox":[100.273892,16.277854,100.332987,16.363523]},{"type":"Feature","id":"123200ac-1526-419b-bc6f-2afcb07b61d2","properties":{"id":"123200ac-1526-419b-bc6f-2afcb07b61d2","code":"06660403","provinceCode":"66","nameTh":"องค์การบริหารส่วนตำบล วังสำโรง","nameEn":null,"geometryType":"MUNICIPALITY","sourceUrl":"https://landometer.com/api/v2/citymeter-v3/grocery/info/geom/123200ac-1526-419b-bc6f-2afcb07b61d2/MUNICIPALITY","sourceSha256":"e1e0a2745eab615e46a5e55816ca43d82aa10b593facd46c695ba9db1976aed0","retrievedAt":"2026-10-04T05:44:09.929464+00:00","boundaryVintage":null,"geometryStatus":"native_source_polygon_display_simplified","simplificationToleranceDegrees":0.00015,"simplificationPreservesTopology":true,"invalidSourceRepair":"make_valid; retain polygonal components; discard zero-area collapsed lines","legalBoundaryIndependentlyVerified":false,"areaId":"123200ac-1526-419b-bc6f-2afcb07b61d2"},"geometry":{"type":"MultiPolygon","coordinates":[[[[100.363032,16.251676],[100.36247112880575,16.251718081219273],[100.362471,16.251719],[100.362493,16.251717],[100.363032,16.251676]]],[[[100.289452,16.292974],[100.288799,16.291599],[100.286529,16.2814],[100.286956,16.281108],[100.29071,16.281369],[100.297513,16.280159],[100.299274,16.280203],[100.304392,16.281405],[100.305101,16.281237],[100.30703,16.27979],[100.311948,16.277079],[100.312889,16.275866],[100.312725,16.275769],[100.312797,16.275029],[100.318188,16.275199],[100.319976,16.275962],[100.320031,16.276224],[100.321783,16.276325],[100.329769,16.274652],[100.340188,16.272842],[100.343475,16.271358],[100.344013,16.272143],[100.345069,16.271559],[100.345435,16.271911],[100.346147,16.27154],[100.347033,16.272802],[100.349016,16.271897],[100.346363,16.268798],[100.346065,16.266474],[100.346354,16.26623],[100.346077,16.264905],[100.346122,16.263193],[100.345177,16.261061],[100.346343,16.258197],[100.348356,16.25701],[100.34894,16.257278],[100.35008,16.257193],[100.351171,16.255859],[100.353094,16.254992],[100.354947,16.253652],[100.355612,16.252401],[100.36247112880575,16.251718081219273],[100.362982,16.248074],[100.359786,16.246083],[100.363272,16.234215],[100.358598,16.233266],[100.354928,16.224342],[100.35159,16.22163],[100.341828,16.219641],[100.339822,16.217794],[100.339892,16.21649],[100.330861,16.216589],[100.328376,16.22011],[100.321038,16.22436],[100.287092,16.226188],[100.277861,16.228103],[100.264151,16.234612],[100.264,16.233585],[100.263519,16.233896],[100.263678,16.235608],[100.260736,16.239987],[100.260557,16.240668],[100.260642,16.24231],[100.261563,16.243564],[100.261709,16.244159],[100.260813,16.245924],[100.260297,16.246417],[100.261044,16.248779],[100.259711,16.251695],[100.259514,16.252897],[100.259714,16.253786],[100.260855,16.255838],[100.262181,16.255805],[100.262795,16.257763],[100.263692,16.25748],[100.26465,16.258494],[100.265734,16.258281],[100.265981,16.25988],[100.267282,16.259699],[100.26761,16.259869],[100.268117,16.261573],[100.267701,16.264354],[100.268026,16.264683],[100.2677,16.265535],[100.266714,16.266159],[100.266345,16.26707],[100.267389,16.267435],[100.267638,16.267968],[100.265801,16.26889],[100.265577,16.269499],[100.264174,16.270528],[100.264157,16.273466],[100.26531,16.275507],[100.265193,16.27645],[100.263982,16.277059],[100.263456,16.278438],[100.263612,16.278645],[100.263431,16.279753],[100.264329,16.280928],[100.265087,16.282531],[100.265015,16.284216],[100.269795,16.288472],[100.270289,16.289542],[100.270297,16.291589],[100.272043,16.293321],[100.272732,16.293373],[100.272975,16.292178],[100.274051,16.291423],[100.274929,16.292634],[100.275655,16.293173],[100.278122,16.293773],[100.280089,16.293756],[100.281031,16.29296],[100.282652,16.292179],[100.284146,16.293196],[100.283775,16.295637],[100.285966,16.296108],[100.286336,16.295807],[100.287046,16.296092],[100.289047,16.294492],[100.290075,16.293671],[100.289452,16.292974]]],[[[100.289005,16.294526],[100.289094,16.294455],[100.289047,16.294492],[100.289005,16.294526]]],[[[100.288898,16.294612],[100.289185,16.294383],[100.289005,16.294526],[100.288898,16.294612]]]]},"bbox":[100.259514,16.21649,100.363272,16.296108]},{"type":"Feature","id":"7325710b-8117-4616-ad8c-dc038496a2ff","properties":{"id":"7325710b-8117-4616-ad8c-dc038496a2ff","code":"06660404","provinceCode":"66","nameTh":"องค์การบริหารส่วนตำบล งิ้วราย","nameEn":null,"geometryType":"MUNICIPALITY","sourceUrl":"https://landometer.com/api/v2/citymeter-v3/grocery/info/geom/7325710b-8117-4616-ad8c-dc038496a2ff/MUNICIPALITY","sourceSha256":"01676ad321abe970e707315d2d2e971b0881f3d43c63a0fc66d750460c29eecc","retrievedAt":"2026-10-04T05:44:09.928453+00:00","boundaryVintage":null,"geometryStatus":"native_source_polygon_display_simplified","simplificationToleranceDegrees":0.00015,"simplificationPreservesTopology":true,"invalidSourceRepair":"make_valid; retain polygonal components; discard zero-area collapsed lines","legalBoundaryIndependentlyVerified":false,"areaId":"7325710b-8117-4616-ad8c-dc038496a2ff"},"geometry":{"type":"MultiPolygon","coordinates":[[[[100.397005,16.163442],[100.396774,16.167737],[100.400881,16.171496],[100.402296,16.177762],[100.405556,16.179745],[100.40915,16.181311],[100.409198,16.18196],[100.40964,16.18223],[100.410049,16.187371],[100.409721,16.189147],[100.407393,16.196212],[100.410715,16.201648],[100.414219,16.204117],[100.421997,16.20262],[100.422855,16.209749],[100.430276,16.215785],[100.439101,16.213012],[100.437873,16.212778],[100.440703,16.174297],[100.445921,16.17323],[100.448124,16.170905],[100.447951,16.170002],[100.4465,16.167426],[100.438937,16.160859],[100.433541,16.161761],[100.427525,16.156753],[100.425517,16.158805],[100.424193,16.159069],[100.417155,16.157369],[100.413609,16.157734],[100.410029,16.158464],[100.408131,16.157788],[100.407715,16.157306],[100.406808,16.157562],[100.405224,16.15727],[100.405251,16.156533],[100.400779,16.156585],[100.39907,16.157026],[100.396794,16.156681],[100.395767,16.156024],[100.39592181280032,16.1561396934368],[100.394796,16.16031],[100.397005,16.163442]]],[[[100.425403,16.231973],[100.416109,16.228731],[100.411486,16.234134],[100.413336,16.240824],[100.413301,16.241414],[100.409221,16.250774],[100.410817,16.258987],[100.40954,16.26496],[100.41584,16.273629],[100.417256,16.286787],[100.413734,16.294768],[100.40924316293624,16.299641823240854],[100.411136,16.301705],[100.411271,16.302201],[100.411604,16.304],[100.410954,16.306509],[100.412792,16.309294],[100.413449,16.309682],[100.415698,16.308994],[100.418103,16.309645],[100.418868,16.308165],[100.425767,16.308559],[100.425942,16.306168],[100.42773,16.306306],[100.430178,16.307151],[100.430173,16.305197],[100.430888,16.305247],[100.434681,16.303617],[100.437733,16.302694],[100.438883,16.301966],[100.441666,16.299508],[100.445591,16.297651],[100.447202,16.297196],[100.447206,16.294225],[100.451564,16.293903],[100.451615,16.292672],[100.452142,16.292572],[100.452161,16.291509],[100.455118,16.291568],[100.455356,16.290851],[100.456515,16.291046],[100.457262,16.290607],[100.457725,16.289994],[100.457682,16.289692],[100.454246,16.289113],[100.464961,16.277092],[100.46095,16.272801],[100.450666,16.273757],[100.451078,16.272513],[100.450043,16.272832],[100.443239,16.262513],[100.443653,16.260777],[100.440442,16.259723],[100.444464,16.219162],[100.442985,16.21908],[100.443045,16.21757],[100.43427,16.221032],[100.425403,16.231973]]],[[[100.40924316293624,16.299641823240854],[100.40815,16.296931],[100.409243,16.299642],[100.40924316293624,16.299641823240854]]]]},"bbox":[100.394796,16.156024,100.464961,16.309682]},{"type":"Feature","id":"eaae2b2d-0e61-4932-99cd-2ded17ea3d8c","properties":{"id":"eaae2b2d-0e61-4932-99cd-2ded17ea3d8c","code":"06660405","provinceCode":"66","nameTh":"องค์การบริหารส่วนตำบล ดงตะขบ","nameEn":null,"geometryType":"MUNICIPALITY","sourceUrl":"https://landometer.com/api/v2/citymeter-v3/grocery/info/geom/eaae2b2d-0e61-4932-99cd-2ded17ea3d8c/MUNICIPALITY","sourceSha256":"dca686464f37b9614f25d8c9046665b53a14d9967454c21805bb66daa599e2fa","retrievedAt":"2026-10-04T05:44:09.935316+00:00","boundaryVintage":null,"geometryStatus":"native_source_polygon_display_simplified","simplificationToleranceDegrees":0.00015,"simplificationPreservesTopology":true,"invalidSourceRepair":"make_valid; retain polygonal components; discard zero-area collapsed lines","legalBoundaryIndependentlyVerified":false,"areaId":"eaae2b2d-0e61-4932-99cd-2ded17ea3d8c"},"geometry":{"type":"MultiPolygon","coordinates":[[[[100.491715,16.149806],[100.493174,16.14293],[100.489687,16.1208],[100.479081,16.10808],[100.481137,16.094978],[100.487038,16.094474],[100.482664,16.094403],[100.474997,16.094946],[100.473884,16.09817],[100.473971,16.099862],[100.472685,16.103941],[100.472725,16.106376],[100.472497,16.107675],[100.471382,16.110679],[100.471831,16.114962],[100.471235,16.115946],[100.470255,16.115764],[100.469925,16.116299],[100.468397,16.116672],[100.467855,16.116264],[100.466869,16.116997],[100.466899,16.117625],[100.465467,16.117839],[100.465189,16.11837],[100.464414,16.118323],[100.463156,16.11976],[100.461845,16.118529],[100.46129,16.117585],[100.460864,16.117423],[100.459224,16.118519],[100.4581,16.118418],[100.457257,16.118654],[100.45683,16.118999],[100.456712,16.11955],[100.455929,16.119492],[100.454934,16.120109],[100.45438,16.120228],[100.453839,16.119913],[100.45265,16.120364],[100.452118,16.120064],[100.450831,16.120375],[100.449917,16.119622],[100.449334,16.119718],[100.44855,16.119383],[100.446507,16.117804],[100.445596,16.117551],[100.444825,16.11701],[100.443409,16.116718],[100.440509,16.115202],[100.438932,16.115303],[100.434698,16.116425],[100.434468,16.118228],[100.433311,16.118514],[100.432975,16.119471],[100.433163,16.120008],[100.433058,16.12078],[100.433278,16.121101],[100.432663,16.121617],[100.432998,16.122786],[100.434296,16.122737],[100.435812,16.122249],[100.436415,16.122523],[100.437569,16.12209],[100.437886,16.122727],[100.438432,16.122666],[100.438662,16.123144],[100.439129,16.122693],[100.439766,16.122823],[100.44023,16.122391],[100.440481,16.122988],[100.441276,16.122902],[100.441861,16.123458],[100.442351,16.122474],[100.442991,16.122319],[100.443969,16.122871],[100.444997,16.123087],[100.445243,16.122754],[100.446523,16.123155],[100.446767,16.123768],[100.44767,16.124088],[100.447853,16.124677],[100.447568,16.125371],[100.447686,16.125671],[100.448011,16.125801],[100.448663,16.125324],[100.44933,16.125923],[100.448797,16.126906],[100.448011,16.127494],[100.447587,16.127461],[100.448006,16.129788],[100.44735,16.130463],[100.447295,16.131092],[100.446718,16.131731],[100.446119,16.131407],[100.444654,16.131571],[100.444657,16.132092],[100.444223,16.132452],[100.444056,16.133314],[100.443092,16.133612],[100.442745,16.134739],[100.441643,16.134951],[100.441667,16.135781],[100.441248,16.136281],[100.441189,16.13686],[100.440438,16.136921],[100.439928,16.13733],[100.437813,16.13645],[100.437585,16.13709],[100.436682,16.138018],[100.437043,16.140179],[100.436739,16.140955],[100.436263,16.140682],[100.435431,16.139363],[100.434836,16.139018],[100.433273,16.13948],[100.432112,16.140318],[100.431617,16.140291],[100.433406,16.143346],[100.433808,16.145354],[100.435242,16.147729],[100.436654,16.149427],[100.437222,16.151254],[100.437145,16.152642],[100.437045,16.152796],[100.436051,16.152646],[100.435083,16.152051],[100.433967,16.151956],[100.431723,16.152791],[100.430395,16.152924],[100.42752539528225,16.15675332905144],[100.433541,16.161761],[100.438937,16.160859],[100.4465,16.167426],[100.44976,16.173214],[100.45735,16.172065],[100.46079,16.169813],[100.465479,16.170039],[100.472316,16.174835],[100.475744,16.172376],[100.480245,16.174065],[100.487141,16.172397],[100.490917,16.173808],[100.510205,16.172847],[100.510297,16.172437],[100.509343,16.172449],[100.507994,16.169795],[100.498368,16.165423],[100.492504,16.157118],[100.491715,16.149806]]],[[[100.42742,16.156837],[100.42752539528225,16.15675332905144],[100.427525,16.156753],[100.42742,16.156837]]]]},"bbox":[100.42742,16.094383,100.510326,16.174835]},{"type":"Feature","id":"e04b10f8-8777-4a64-95bc-4f7e66181630","properties":{"id":"e04b10f8-8777-4a64-95bc-4f7e66181630","code":"06660406","provinceCode":"66","nameTh":"องค์การบริหารส่วนตำบล ทุ่งโพธิ์","nameEn":null,"geometryType":"MUNICIPALITY","sourceUrl":"https://landometer.com/api/v2/citymeter-v3/grocery/info/geom/e04b10f8-8777-4a64-95bc-4f7e66181630/MUNICIPALITY","sourceSha256":"d77006bcf6bce793ca545624f56b20ff8c951210a103a2596b84de794004722b","retrievedAt":"2026-10-04T05:44:09.931076+00:00","boundaryVintage":null,"geometryStatus":"native_source_polygon_display_simplified","simplificationToleranceDegrees":0.00015,"simplificationPreservesTopology":true,"invalidSourceRepair":"make_valid; retain polygonal components; discard zero-area collapsed lines","legalBoundaryIndependentlyVerified":false,"areaId":"e04b10f8-8777-4a64-95bc-4f7e66181630"},"geometry":{"type":"MultiPolygon","coordinates":[[[[100.512591,16.107482],[100.513297,16.107143],[100.513343,16.106794],[100.513884,16.10666],[100.513433,16.106286],[100.513925,16.105572],[100.51393,16.104911],[100.513443,16.104986],[100.513314,16.104516],[100.513763,16.104121],[100.513005,16.103349],[100.513394,16.103068],[100.513474,16.102664],[100.513757,16.1029],[100.514049,16.102794],[100.513945,16.102125],[100.514641,16.101989],[100.514505,16.10154],[100.515084,16.101156],[100.51488,16.10087],[100.514953,16.100393],[100.516053,16.100973],[100.516468,16.100439],[100.516385,16.099731],[100.517189,16.099644],[100.517414,16.099907],[100.517965,16.099856],[100.517772,16.099616],[100.517933,16.099062],[100.518502,16.09856],[100.518218,16.098215],[100.518817,16.098147],[100.518856,16.097012],[100.519727,16.097197],[100.520076,16.097835],[100.520359,16.097337],[100.520772,16.097675],[100.521316,16.097397],[100.521774,16.097756],[100.522282,16.09726],[100.52209,16.096549],[100.522694,16.096237],[100.522662,16.095796],[100.5229,16.095628],[100.522162,16.093848],[100.518919,16.089691],[100.518206,16.089124],[100.516072,16.088995],[100.513255,16.0898],[100.508827,16.09007],[100.504919,16.090726],[100.502084,16.090754],[100.501208,16.091035],[100.499791,16.092216],[100.495575,16.093234],[100.493805,16.093976],[100.492753,16.093878],[100.490797,16.094232],[100.489821,16.093983],[100.487428,16.094122],[100.487278,16.094472],[100.481137,16.094978],[100.479081,16.10808],[100.489687,16.1208],[100.493174,16.14293],[100.491715,16.149806],[100.492504,16.157118],[100.498368,16.165423],[100.507994,16.169795],[100.509343,16.172449],[100.510297,16.172437],[100.5102050022807,16.172846995985225],[100.521317,16.172293],[100.521461,16.173232],[100.522075,16.172946],[100.522308,16.172158],[100.519775,16.153779],[100.519459,16.153038],[100.51861,16.152878],[100.517425,16.152044],[100.516971,16.151615],[100.517042,16.150926],[100.515922,16.150283],[100.515397,16.1477],[100.515757,16.146541],[100.516232,16.145879],[100.513752,16.145619],[100.512902,16.136035],[100.512537,16.124524],[100.513023,16.120351],[100.513158,16.113888],[100.512681,16.113355],[100.511455,16.112986],[100.510727,16.111737],[100.511161,16.109335],[100.512591,16.107482]]],[[[100.510205,16.172847],[100.5102050022807,16.172846995985225],[100.5085,16.172932],[100.510205,16.172847]]]]},"bbox":[100.479081,16.088938,100.5229,16.173232]},{"type":"Feature","id":"6a2fbd21-777c-4a91-bc6c-b7ad3c88e321","properties":{"id":"6a2fbd21-777c-4a91-bc6c-b7ad3c88e321","code":"06660407","provinceCode":"66","nameTh":"องค์การบริหารส่วนตำบล วังหลุม","nameEn":null,"geometryType":"MUNICIPALITY","sourceUrl":"https://landometer.com/api/v2/citymeter-v3/grocery/info/geom/6a2fbd21-777c-4a91-bc6c-b7ad3c88e321/MUNICIPALITY","sourceSha256":"e4cbdc67d0199977fa0f84d05cfb7914f28c829cef2446febc0026a1143a1275","retrievedAt":"2026-10-04T05:44:09.959565+00:00","boundaryVintage":null,"geometryStatus":"native_source_polygon_display_simplified","simplificationToleranceDegrees":0.00015,"simplificationPreservesTopology":true,"invalidSourceRepair":"make_valid; retain polygonal components; discard zero-area collapsed lines","legalBoundaryIndependentlyVerified":false,"areaId":"6a2fbd21-777c-4a91-bc6c-b7ad3c88e321"},"geometry":{"type":"Polygon","coordinates":[[[100.581121,16.240294],[100.581239,16.239903],[100.58152,16.240211],[100.582041,16.239966],[100.582548,16.238897],[100.581764,16.238629],[100.582039,16.238048],[100.581054,16.237279],[100.581402,16.236681],[100.580747,16.235622],[100.580373,16.235446],[100.580233,16.236204],[100.579169,16.235995],[100.579851,16.235495],[100.579575,16.234831],[100.578984,16.235511],[100.578421,16.235542],[100.577714,16.236031],[100.577674,16.23493],[100.577144,16.234987],[100.577201,16.234192],[100.576026,16.233889],[100.574711,16.233975],[100.574899,16.2335],[100.575253,16.233505],[100.575429,16.233016],[100.574594,16.232903],[100.57439,16.232365],[100.57461,16.231851],[100.573801,16.231108],[100.573695,16.230686],[100.573024,16.230643],[100.572879,16.231123],[100.572024,16.230471],[100.571734,16.229906],[100.572417,16.230037],[100.572323,16.229435],[100.571898,16.229543],[100.571591,16.229326],[100.571678,16.229011],[100.571191,16.229082],[100.571461,16.228691],[100.571295,16.228249],[100.570785,16.228614],[100.57066,16.228175],[100.569993,16.228378],[100.569165,16.227714],[100.568723,16.22803],[100.56839,16.227737],[100.568694,16.227255],[100.568236,16.225886],[100.567691,16.225462],[100.566615,16.225301],[100.566932,16.224709],[100.567604,16.22464],[100.567758,16.223762],[100.567288,16.223313],[100.566495,16.223267],[100.566463,16.222967],[100.566854,16.222652],[100.566598,16.22225],[100.566126,16.222421],[100.565673,16.221876],[100.565637,16.222341],[100.564976,16.222745],[100.56506,16.223157],[100.564776,16.223384],[100.563623,16.222623],[100.562838,16.222794],[100.562518,16.222339],[100.562746,16.222039],[100.562546,16.221421],[100.562768,16.221045],[100.561725,16.221005],[100.561341,16.221812],[100.561037,16.221844],[100.560751,16.220332],[100.560785,16.219771],[100.561125,16.219467],[100.560399,16.218574],[100.560187,16.219085],[100.559641,16.219271],[100.559261,16.21972],[100.559591,16.220192],[100.559301,16.220783],[100.558623,16.220586],[100.558539,16.220217],[100.557831,16.219921],[100.557088,16.220182],[100.555146,16.220207],[100.555083,16.219324],[100.553898,16.218843],[100.552031,16.217627],[100.549298,16.217156],[100.549074,16.216682],[100.549644,16.215593],[100.549514,16.214944],[100.548704,16.214684],[100.548248,16.215055],[100.54794,16.214279],[100.54705,16.214119],[100.546432,16.214663],[100.546408,16.215103],[100.545786,16.215076],[100.545773,16.214464],[100.545324,16.214072],[100.544455,16.213963],[100.54348,16.212672],[100.543104,16.212886],[100.543327,16.213374],[100.542693,16.213946],[100.541497,16.214272],[100.54144,16.213732],[100.542132,16.21332],[100.541925,16.212703],[100.541318,16.21254],[100.540974,16.213065],[100.54043,16.212799],[100.54017,16.211796],[100.539345,16.211801],[100.538621,16.211188],[100.538852,16.209992],[100.538626,16.209641],[100.538084,16.209747],[100.537702,16.209253],[100.536873,16.209334],[100.536849,16.208576],[100.534942,16.207277],[100.534484,16.206537],[100.533971,16.206233],[100.533773,16.205484],[100.533378,16.205672],[100.533104,16.205082],[100.533276,16.204157],[100.532887,16.204292],[100.531997,16.203841],[100.531374,16.203881],[100.531192,16.203067],[100.530228,16.202504],[100.530287,16.202122],[100.531311,16.201978],[100.530876,16.200382],[100.531669,16.199883],[100.531237,16.199648],[100.531183,16.198752],[100.532227,16.197908],[100.534513,16.198012],[100.536682,16.199835],[100.537903,16.200093],[100.538964,16.200696],[100.53941,16.200662],[100.539504,16.200206],[100.538647,16.198043],[100.536927,16.194854],[100.534607,16.192524],[100.533228,16.190823],[100.532638,16.189703],[100.532303,16.185575],[100.532418,16.184107],[100.535142,16.180888],[100.535184,16.179224],[100.534009,16.176172],[100.529387,16.1683],[100.527091,16.163836],[100.525624,16.159256],[100.522978,16.15341],[100.522394,16.151792],[100.522436,16.151083],[100.520113,16.152932],[100.519459,16.153038],[100.519846,16.154036],[100.522308,16.172158],[100.522075,16.172946],[100.521461,16.173232],[100.521317,16.172293],[100.490917,16.173808],[100.487141,16.172397],[100.480245,16.174065],[100.475744,16.172376],[100.472316,16.174835],[100.465479,16.170039],[100.46079,16.169813],[100.45735,16.172065],[100.44976,16.173214],[100.454986,16.174942],[100.455442,16.197347],[100.472304,16.196249],[100.471842,16.204553],[100.474441,16.206232],[100.472989,16.209996],[100.474148,16.210104],[100.473757,16.213978],[100.486871,16.213012],[100.490689,16.215976],[100.490635,16.225992],[100.512654,16.228561],[100.511294,16.238179],[100.51223,16.238448],[100.51209,16.238784],[100.501068,16.253311],[100.497386,16.25474],[100.498173,16.255083],[100.502851,16.254946],[100.509879,16.25614],[100.514191,16.257269],[100.520486,16.257088],[100.521219,16.256312],[100.524494,16.255845],[100.525178,16.255896],[100.526705,16.256737],[100.527323,16.256793],[100.529168,16.255506],[100.529519,16.253666],[100.531851,16.253792],[100.53327,16.253062],[100.534516,16.253777],[100.536488,16.253933],[100.536926,16.25432],[100.538199,16.254668],[100.538938,16.255299],[100.540292,16.255528],[100.540733,16.256196],[100.544852,16.256779],[100.546108,16.256099],[100.548615,16.255785],[100.54927,16.255291],[100.550523,16.254882],[100.551687,16.255427],[100.55615,16.255312],[100.556228,16.254923],[100.557547,16.254891],[100.557645,16.254158],[100.560574,16.253197],[100.560193,16.251578],[100.560714,16.251502],[100.560354,16.246691],[100.565482,16.246524],[100.570666,16.248235],[100.576708,16.249231],[100.57743,16.245253],[100.579069,16.242586],[100.581121,16.240294]]]},"bbox":[100.44976,16.151083,100.582548,16.257269]},{"type":"Feature","id":"029d8b31-7711-4a88-addb-170b17255396","properties":{"id":"029d8b31-7711-4a88-addb-170b17255396","code":"06660408","provinceCode":"66","nameTh":"องค์การบริหารส่วนตำบล ห้วยเกตุ","nameEn":null,"geometryType":"MUNICIPALITY","sourceUrl":"https://landometer.com/api/v2/citymeter-v3/grocery/info/geom/029d8b31-7711-4a88-addb-170b17255396/MUNICIPALITY","sourceSha256":"20ad062671e4d55c409267a664de16512e0fb1e8eefc2ab75f8cf378a9f918d4","retrievedAt":"2026-10-04T05:44:09.952007+00:00","boundaryVintage":null,"geometryStatus":"native_source_polygon_display_simplified","simplificationToleranceDegrees":0.00015,"simplificationPreservesTopology":true,"invalidSourceRepair":"make_valid; retain polygonal components; discard zero-area collapsed lines","legalBoundaryIndependentlyVerified":false,"areaId":"029d8b31-7711-4a88-addb-170b17255396"},"geometry":{"type":"MultiPolygon","coordinates":[[[[100.415207,16.228277],[100.413196,16.227548],[100.415185,16.22827],[100.415207,16.228277]]],[[[100.415207,16.228277],[100.415764,16.228479],[100.417033,16.228939],[100.415207,16.228277]]],[[[100.414219,16.204117],[100.410715,16.201648],[100.407393,16.196212],[100.382404,16.197525],[100.387386,16.201124],[100.384661,16.202704],[100.386045,16.209033],[100.385004,16.214499],[100.388262,16.223621],[100.389294,16.232965],[100.382175,16.240228],[100.381316,16.247164],[100.383869,16.248889],[100.387795,16.248713],[100.387565,16.255969],[100.393938,16.257703],[100.397032,16.268682],[100.395904,16.27057],[100.396527,16.270609],[100.396355,16.271209],[100.396705,16.27525],[100.398113,16.278062],[100.402033,16.284021],[100.402955,16.284496],[100.403587,16.28416],[100.404247,16.284156],[100.404854,16.2846],[100.404815,16.285177],[100.403809,16.285685],[100.403647,16.286167],[100.403909,16.287166],[100.404892,16.288393],[100.40641,16.289422],[100.408412,16.289159],[100.408716,16.289312],[100.408545,16.290654],[100.406091,16.291896],[100.405204,16.294175],[100.404444,16.294814],[100.40815,16.296931],[100.40924316291589,16.29964182319038],[100.413734,16.294768],[100.417256,16.286787],[100.41584,16.273629],[100.40954,16.26496],[100.410817,16.258987],[100.409221,16.250774],[100.413301,16.241414],[100.413336,16.240824],[100.411486,16.234134],[100.416109,16.228728],[100.408646,16.227364],[100.408174,16.22078],[100.418386,16.216701],[100.412911,16.211279],[100.414219,16.204117]]],[[[100.40924316291589,16.29964182319038],[100.409243,16.299642],[100.409338,16.299877],[100.40924316291589,16.29964182319038]]]]},"bbox":[100.381316,16.196212,100.418386,16.299877]},{"type":"Feature","id":"11b14656-ccd3-40ca-9979-1971e4ff4fae","properties":{"id":"11b14656-ccd3-40ca-9979-1971e4ff4fae","code":"06660409","provinceCode":"66","nameTh":"องค์การบริหารส่วนตำบล คลองคูณ","nameEn":null,"geometryType":"MUNICIPALITY","sourceUrl":"https://landometer.com/api/v2/citymeter-v3/grocery/info/geom/11b14656-ccd3-40ca-9979-1971e4ff4fae/MUNICIPALITY","sourceSha256":"9f6148225945343f749de87a3e1f970170d07371f83f187d1e048074e31bd3da","retrievedAt":"2026-10-04T05:44:09.987459+00:00","boundaryVintage":null,"geometryStatus":"native_source_polygon_display_simplified","simplificationToleranceDegrees":0.00015,"simplificationPreservesTopology":true,"invalidSourceRepair":"make_valid; retain polygonal components; discard zero-area collapsed lines","legalBoundaryIndependentlyVerified":false,"areaId":"11b14656-ccd3-40ca-9979-1971e4ff4fae"},"geometry":{"type":"MultiPolygon","coordinates":[[[[100.389738,16.185368],[100.380691,16.167166],[100.381027,16.15417],[100.390212,16.152036],[100.389433,16.151679],[100.3891,16.151256],[100.389277,16.149334],[100.387681,16.148868],[100.383051,16.140841],[100.382176,16.140893],[100.38183,16.139842],[100.381022,16.139547],[100.378297,16.137554],[100.378097,16.136715],[100.377224,16.135864],[100.378283,16.134448],[100.376,16.13258],[100.375772,16.131868],[100.375936,16.131097],[100.376918,16.129371],[100.37628,16.128969],[100.375611,16.1281],[100.375749,16.12621],[100.375403,16.125585],[100.374959,16.125515],[100.374644,16.124845],[100.370417,16.122529],[100.369833,16.121851],[100.369399,16.120837],[100.368872,16.12109],[100.368259,16.121917],[100.367263,16.121914],[100.367074,16.12269],[100.366551,16.123309],[100.365269,16.122619],[100.364651,16.122822],[100.364162,16.123737],[100.361214,16.124081],[100.360121,16.123436],[100.359803,16.122116],[100.359029,16.121165],[100.358523,16.121081],[100.358119,16.120624],[100.358431,16.120107],[100.357663,16.119805],[100.358162,16.118368],[100.356959,16.118278],[100.35561,16.118704],[100.354492,16.118545],[100.35278,16.118783],[100.352194,16.119351],[100.352018,16.120457],[100.350523,16.12192],[100.350054,16.122929],[100.34911,16.124107],[100.348819,16.125053],[100.348847,16.126433],[100.34964,16.127287],[100.350458,16.129347],[100.351392,16.129935],[100.351434,16.130338],[100.349829,16.13222],[100.348512,16.136329],[100.347513,16.137309],[100.346143,16.138138],[100.34497,16.139822],[100.344997,16.141174],[100.344379,16.142026],[100.344717,16.144075],[100.344586,16.144585],[100.343228,16.145483],[100.338494,16.145333],[100.336362,16.144884],[100.335726,16.144062],[100.335222,16.143839],[100.334637,16.144039],[100.333476,16.145021],[100.333293,16.145735],[100.333737,16.146392],[100.333195,16.147175],[100.334985,16.149703],[100.335879,16.151472],[100.335796,16.153394],[100.335092,16.155389],[100.334863,16.157191],[100.334243,16.158168],[100.330999,16.15882],[100.330302,16.159644],[100.330186,16.160377],[100.330827,16.161465],[100.330788,16.163892],[100.331838,16.165873],[100.33184,16.167886],[100.331264,16.167769],[100.331657,16.171082],[100.330344,16.174868],[100.328754,16.174536],[100.327416,16.176871],[100.335681,16.179101],[100.336408,16.181035],[100.341765,16.181459],[100.344194,16.188575],[100.344499,16.18947],[100.361138,16.190152],[100.365619,16.192447],[100.369044,16.1915],[100.371823,16.187229],[100.373763,16.186682],[100.379574,16.191416],[100.388484,16.188284],[100.389738,16.185368]]],[[[100.344056,16.188616],[100.34419359482166,16.18857512037907],[100.34374547217207,16.187262058730987],[100.344056,16.188616]]],[[[100.344499,16.18947],[100.34419367954176,16.18857509520861],[100.34419359482166,16.18857512037907],[100.344499,16.18947]]]]},"bbox":[100.327416,16.118271,100.390212,16.192447]},{"type":"Feature","id":"0300b3f6-5841-425b-a0e2-8f0f5feaab75","properties":{"id":"0300b3f6-5841-425b-a0e2-8f0f5feaab75","code":"06660410","provinceCode":"66","nameTh":"องค์การบริหารส่วนตำบล ทับหมัน","nameEn":null,"geometryType":"MUNICIPALITY","sourceUrl":"https://landometer.com/api/v2/citymeter-v3/grocery/info/geom/0300b3f6-5841-425b-a0e2-8f0f5feaab75/MUNICIPALITY","sourceSha256":"4bbb7fc995be3270918838972ef01d2161bebc4b9f2dbfd9e6a462fa8ec6ab05","retrievedAt":"2026-10-04T05:44:10.018056+00:00","boundaryVintage":null,"geometryStatus":"native_source_polygon_display_simplified","simplificationToleranceDegrees":0.00015,"simplificationPreservesTopology":true,"invalidSourceRepair":"make_valid; retain polygonal components; discard zero-area collapsed lines","legalBoundaryIndependentlyVerified":false,"areaId":"0300b3f6-5841-425b-a0e2-8f0f5feaab75"},"geometry":{"type":"Polygon","coordinates":[[[100.339892,16.21649],[100.33995,16.215404],[100.341905,16.21379],[100.341888,16.213551],[100.339603,16.211786],[100.341602,16.209236],[100.339264,16.206254],[100.3427,16.200724],[100.348029,16.198028],[100.344056,16.188616],[100.341765,16.181459],[100.336408,16.181035],[100.335681,16.179101],[100.327416,16.176871],[100.328754,16.174536],[100.330344,16.174868],[100.331657,16.171082],[100.331264,16.167769],[100.32559,16.167012],[100.323864,16.167111],[100.32165,16.16811],[100.31927,16.168417],[100.317453,16.169164],[100.317124,16.169078],[100.315517,16.170688],[100.31373,16.170961],[100.310753,16.172007],[100.308957,16.173608],[100.303906,16.176779],[100.301523,16.176608],[100.30062,16.176274],[100.299178,16.177461],[100.299846,16.178566],[100.299639,16.179396],[100.299785,16.179646],[100.299358,16.180879],[100.300164,16.181387],[100.299493,16.182185],[100.295532,16.183746],[100.292721,16.183989],[100.291891,16.18486],[100.290531,16.185348],[100.290486,16.185722],[100.289056,16.18632],[100.287332,16.187935],[100.286745,16.187981],[100.285598,16.187355],[100.284022,16.18844],[100.281199,16.188271],[100.278076,16.187093],[100.277059,16.186942],[100.2734,16.184892],[100.269215,16.185698],[100.267719,16.186605],[100.267431,16.187481],[100.267156,16.187561],[100.265228,16.186684],[100.263907,16.185268],[100.263543,16.185559],[100.262437,16.185689],[100.261925,16.186521],[100.262047,16.187274],[100.261386,16.188197],[100.261405,16.188831],[100.260517,16.190528],[100.259471,16.190164],[100.258989,16.190274],[100.258719,16.189072],[100.258233,16.188835],[100.258034,16.188275],[100.257754,16.188353],[100.257706,16.189254],[100.255912,16.189343],[100.255447,16.189945],[100.255424,16.190625],[100.256004,16.19213],[100.25571,16.192878],[100.255039,16.193369],[100.253534,16.193371],[100.252986,16.193884],[100.253573,16.195595],[100.255999,16.196352],[100.256666,16.197004],[100.256578,16.197694],[100.255208,16.198644],[100.254906,16.199534],[100.255935,16.201143],[100.257275,16.201334],[100.258406,16.202431],[100.25794,16.202752],[100.258715,16.204987],[100.258731,16.205345],[100.258219,16.205486],[100.258633,16.208282],[100.258951,16.208412],[100.258956,16.209282],[100.258883,16.21036],[100.25742,16.210466],[100.255979,16.211459],[100.254746,16.211933],[100.255041,16.213675],[100.254786,16.216888],[100.254197,16.217241],[100.253053,16.219133],[100.252407,16.222763],[100.251964,16.223336],[100.252528,16.226097],[100.252648,16.226293],[100.255422,16.226581],[100.256847,16.226973],[100.259543,16.226305],[100.261242,16.225251],[100.262864,16.228497],[100.263056,16.232952],[100.263519,16.233896],[100.264,16.233585],[100.264151,16.234612],[100.277861,16.228103],[100.287092,16.226188],[100.321038,16.22436],[100.328376,16.22011],[100.330861,16.216589],[100.339892,16.21649]]]},"bbox":[100.251959,16.166974,100.348029,16.234612]},{"type":"Feature","id":"065bf037-a590-4b32-a036-57abcc28c9c9","properties":{"id":"065bf037-a590-4b32-a036-57abcc28c9c9","code":"06660411","provinceCode":"66","nameTh":"องค์การบริหารส่วนตำบล ไผ่หลวง","nameEn":null,"geometryType":"MUNICIPALITY","sourceUrl":"https://landometer.com/api/v2/citymeter-v3/grocery/info/geom/065bf037-a590-4b32-a036-57abcc28c9c9/MUNICIPALITY","sourceSha256":"57f51210d5ade1f515ae11304e9a8367c38efe28a7118f8fb968b9f6940a6c4b","retrievedAt":"2026-10-04T05:44:10.017263+00:00","boundaryVintage":null,"geometryStatus":"native_source_polygon_display_simplified","simplificationToleranceDegrees":0.00015,"simplificationPreservesTopology":true,"invalidSourceRepair":"make_valid; retain polygonal components; discard zero-area collapsed lines","legalBoundaryIndependentlyVerified":false,"areaId":"065bf037-a590-4b32-a036-57abcc28c9c9"},"geometry":{"type":"Polygon","coordinates":[[[100.389738,16.185368],[100.388484,16.188284],[100.379574,16.191416],[100.382404,16.197525],[100.407393,16.196212],[100.409721,16.189147],[100.410049,16.187371],[100.40964,16.18223],[100.409198,16.18196],[100.40915,16.181311],[100.405556,16.179745],[100.402296,16.177762],[100.400881,16.171496],[100.396774,16.167737],[100.397005,16.163442],[100.394796,16.16031],[100.395922,16.156139],[100.39533,16.15545],[100.39368,16.154846],[100.393284,16.152461],[100.391827,16.152742],[100.390171,16.151976],[100.381027,16.15417],[100.380691,16.167166],[100.389738,16.185368]]]},"bbox":[100.379574,16.151976,100.410049,16.197525]},{"type":"Feature","id":"a4653b26-fd21-4a0e-877a-ab4ae9ee1d03","properties":{"id":"a4653b26-fd21-4a0e-877a-ab4ae9ee1d03","code":"06660412","provinceCode":"66","nameTh":"องค์การบริหารส่วนตำบล วังหว้า","nameEn":null,"geometryType":"MUNICIPALITY","sourceUrl":"https://landometer.com/api/v2/citymeter-v3/grocery/info/geom/a4653b26-fd21-4a0e-877a-ab4ae9ee1d03/MUNICIPALITY","sourceSha256":"6f71dcd51a67581f32e0b776871074f2973e2f0b51f1cd0f303551eadaf38593","retrievedAt":"2026-10-04T05:44:10.012922+00:00","boundaryVintage":null,"geometryStatus":"native_source_polygon_display_simplified","simplificationToleranceDegrees":0.00015,"simplificationPreservesTopology":true,"invalidSourceRepair":"make_valid; retain polygonal components; discard zero-area collapsed lines","legalBoundaryIndependentlyVerified":false,"areaId":"a4653b26-fd21-4a0e-877a-ab4ae9ee1d03"},"geometry":{"type":"MultiPolygon","coordinates":[[[[100.38054,16.191124],[100.380547,16.191137],[100.380522,16.191083],[100.38054,16.191124]]],[[[100.389294,16.232965],[100.388262,16.223621],[100.385004,16.214499],[100.386045,16.209033],[100.384661,16.202704],[100.387386,16.201124],[100.382404,16.197525],[100.379574,16.191416],[100.373763,16.186682],[100.371823,16.187229],[100.369044,16.1915],[100.365619,16.192447],[100.361138,16.190152],[100.344499,16.18947],[100.348029,16.198028],[100.3427,16.200724],[100.339264,16.206254],[100.341602,16.209236],[100.339603,16.211786],[100.341888,16.213551],[100.341905,16.21379],[100.33995,16.215404],[100.339822,16.217794],[100.341828,16.219641],[100.35159,16.22163],[100.354928,16.224342],[100.358598,16.233266],[100.363272,16.234215],[100.359786,16.246083],[100.36304,16.248109],[100.36247112880575,16.251718081219273],[100.363032,16.251676],[100.363104,16.25206],[100.362529,16.252563],[100.362732,16.253423],[100.362408,16.253739],[100.362038,16.255855],[100.361428,16.256822],[100.361006,16.25954],[100.362109,16.260792],[100.36338,16.261676],[100.364548,16.261681],[100.364836,16.26201],[100.368504,16.263249],[100.369455,16.269155],[100.369341,16.269533],[100.369762,16.270582],[100.373436,16.269557],[100.37529,16.269434],[100.377175,16.26894],[100.381152,16.270124],[100.38155,16.269656],[100.395904,16.27057],[100.39562,16.271046],[100.397032,16.268682],[100.393938,16.257703],[100.387565,16.255969],[100.387795,16.248713],[100.383869,16.248889],[100.381316,16.247164],[100.382175,16.240228],[100.389294,16.232965]]],[[[100.362471,16.251719],[100.36247112880575,16.251718081219273],[100.3595,16.251941],[100.362471,16.251719]]]]},"bbox":[100.339264,16.186682,100.397032,16.271046]},{"type":"Feature","id":"0db408d6-e93e-4f67-aab4-dc158af40658","properties":{"id":"0db408d6-e93e-4f67-aab4-dc158af40658","code":"06660507","provinceCode":"66","nameTh":"องค์การบริหารส่วนตำบล วังตะกู","nameEn":null,"geometryType":"MUNICIPALITY","sourceUrl":"https://landometer.com/api/v2/citymeter-v3/grocery/info/geom/0db408d6-e93e-4f67-aab4-dc158af40658/MUNICIPALITY","sourceSha256":"7a0857eb96b691c1e53570eb9cd3225271b437557bb1712fc92f7ad1e56f3bb9","retrievedAt":"2026-10-04T05:44:10.020431+00:00","boundaryVintage":null,"geometryStatus":"native_source_polygon_display_simplified","simplificationToleranceDegrees":0.00015,"simplificationPreservesTopology":true,"invalidSourceRepair":"make_valid; retain polygonal components; discard zero-area collapsed lines","legalBoundaryIndependentlyVerified":false,"areaId":"0db408d6-e93e-4f67-aab4-dc158af40658"},"geometry":{"type":"Polygon","coordinates":[[[100.539508,16.083546],[100.539682,16.08313],[100.540116,16.083229],[100.540702,16.082452],[100.540969,16.082413],[100.540929,16.081817],[100.541638,16.08151],[100.54142,16.080959],[100.542215,16.080557],[100.542458,16.080055],[100.541177,16.075243],[100.540335,16.064797],[100.538482,16.049533],[100.53668,16.0462],[100.532622,16.044394],[100.53211,16.044004],[100.530667,16.041684],[100.529259,16.036101],[100.527274,16.030922],[100.525577,16.024812],[100.525508,16.022234],[100.52466,16.021441],[100.524488,16.020869],[100.523419,16.020693],[100.523313,16.020086],[100.522366,16.020215],[100.521492,16.020722],[100.520508,16.019947],[100.521113,16.01948],[100.522259,16.019343],[100.522637,16.018751],[100.522309,16.018316],[100.522251,16.017679],[100.521108,16.01701],[100.521309,16.015813],[100.522442,16.015035],[100.524102,16.014546],[100.525299,16.015067],[100.525711,16.014912],[100.527617,16.015812],[100.528908,16.015364],[100.529971,16.014183],[100.531712,16.014709],[100.533051,16.015727],[100.533249,16.012423],[100.533698,16.010273],[100.532704,16.010828],[100.532172,16.010643],[100.532355,16.011437],[100.531574,16.01129],[100.531343,16.011011],[100.530993,16.011474],[100.530549,16.01131],[100.530143,16.011641],[100.529492,16.011476],[100.52949,16.011265],[100.530068,16.010966],[100.529836,16.010603],[100.529205,16.010769],[100.529514,16.010262],[100.529155,16.010033],[100.529436,16.009485],[100.528967,16.009191],[100.528419,16.009287],[100.528398,16.008811],[100.527859,16.008736],[100.52775,16.008345],[100.526901,16.008534],[100.526937,16.007737],[100.525451,16.007736],[100.524988,16.00827],[100.524585,16.007758],[100.5239,16.007562],[100.524148,16.006933],[100.523064,16.006588],[100.522388,16.007053],[100.522306,16.006242],[100.521679,16.006198],[100.520525,16.005328],[100.520241,16.004122],[100.519258,16.004147],[100.519,16.003797],[100.51857,16.003887],[100.518365,16.003478],[100.517852,16.003479],[100.517795,16.003011],[100.516677,16.003746],[100.516526,16.002788],[100.516055,16.003199],[100.515767,16.00317],[100.516068,16.002246],[100.514746,16.002708],[100.51464,16.001818],[100.513708,16.001988],[100.513617,16.001371],[100.512942,16.001729],[100.512928,16.000734],[100.512057,16.000317],[100.511909,16.000737],[100.511327,16.00078],[100.511687,15.999853],[100.51141,15.999585],[100.510882,15.999978],[100.510739,15.999234],[100.510277,15.999901],[100.509601,15.999929],[100.509808,16.000466],[100.509113,16.000014],[100.508552,16.000554],[100.50816,16.000144],[100.507943,16.000942],[100.507299,16.000818],[100.507314,16.001437],[100.506904,16.001612],[100.506538,16.000919],[100.506323,16.000965],[100.506213,16.001414],[100.50539,16.001018],[100.505324,16.001574],[100.504701,16.001687],[100.504792,16.002101],[100.504551,16.002458],[100.503984,16.002099],[100.503713,16.002514],[100.503133,16.002495],[100.503151,16.003023],[100.502927,16.003198],[100.502047,16.002649],[100.500548,16.002588],[100.500137,16.002763],[100.499847,16.002232],[100.499296,16.002124],[100.498342,16.001309],[100.497458,16.001479],[100.496589,16.001035],[100.496541,16.00185],[100.495369,16.001411],[100.496122,16.003314],[100.495148,16.003825],[100.49447,16.004574],[100.495308,16.006693],[100.486303,16.01751],[100.485636,16.018946],[100.499552,16.015109],[100.499597,16.020548],[100.485849,16.024154],[100.487961,16.035807],[100.487523,16.051835],[100.49366,16.052619],[100.498272,16.057619],[100.501229,16.065297],[100.500977,16.069908],[100.499177,16.070871],[100.496787,16.093013],[100.499791,16.092216],[100.501208,16.091035],[100.502084,16.090754],[100.504919,16.090726],[100.508827,16.09007],[100.513255,16.0898],[100.515332,16.08912],[100.517766,16.089],[100.518581,16.08929],[100.522162,16.093848],[100.5229,16.095628],[100.523341,16.095528],[100.523616,16.095772],[100.524179,16.095776],[100.524522,16.096158],[100.525536,16.096078],[100.525623,16.096472],[100.526304,16.096679],[100.52723,16.095978],[100.527297,16.095431],[100.527858,16.095448],[100.527907,16.094969],[100.528503,16.094726],[100.52879,16.094298],[100.529404,16.094364],[100.52937,16.093953],[100.529884,16.093848],[100.529912,16.093501],[100.530296,16.093317],[100.530534,16.092851],[100.53261,16.091592],[100.53299,16.091054],[100.532619,16.0904],[100.533376,16.090191],[100.534211,16.089149],[100.534607,16.089095],[100.534836,16.087637],[100.535602,16.08722],[100.535655,16.086834],[100.536266,16.086323],[100.536589,16.086548],[100.537249,16.086018],[100.537328,16.085624],[100.538958,16.084659],[100.540038,16.08429],[100.539815,16.0837],[100.539508,16.083546]]]},"bbox":[100.485636,15.999234,100.542458,16.096684]},{"type":"Feature","id":"7e1e5c7b-0717-44b8-a505-f998f8e5d156","properties":{"id":"7e1e5c7b-0717-44b8-a505-f998f8e5d156","code":"06660508","provinceCode":"66","nameTh":"องค์การบริหารส่วนตำบล ภูมิ","nameEn":null,"geometryType":"MUNICIPALITY","sourceUrl":"https://landometer.com/api/v2/citymeter-v3/grocery/info/geom/7e1e5c7b-0717-44b8-a505-f998f8e5d156/MUNICIPALITY","sourceSha256":"ad000dd2511b2566e2b65c8e528e745f981b533850c413d46eeeb47fa97286f4","retrievedAt":"2026-10-04T05:44:10.017108+00:00","boundaryVintage":null,"geometryStatus":"native_source_polygon_display_simplified","simplificationToleranceDegrees":0.00015,"simplificationPreservesTopology":true,"invalidSourceRepair":"make_valid; retain polygonal components; discard zero-area collapsed lines","legalBoundaryIndependentlyVerified":false,"areaId":"7e1e5c7b-0717-44b8-a505-f998f8e5d156"},"geometry":{"type":"MultiPolygon","coordinates":[[[[100.468133,16.019108],[100.467793,16.017224],[100.462744,16.016523],[100.459406,16.012149],[100.453111,16.01517],[100.44024,16.01765],[100.404616,16.018584],[100.410233,16.028386],[100.409685,16.041203],[100.403368,16.044354],[100.40007089808402,16.045512684390726],[100.400899,16.045585],[100.420172,16.059563],[100.455253,16.057493],[100.487523,16.051835],[100.487961,16.035807],[100.485107,16.020073],[100.481826,16.015104],[100.468133,16.019108]]],[[[100.40007,16.045513],[100.40007089808402,16.045512684390726],[100.39996,16.045503],[100.40007,16.045513]]]]},"bbox":[100.39996,16.012149,100.487961,16.059563]},{"type":"Feature","id":"51a7b9bb-0a18-4368-8f06-24e863931989","properties":{"id":"51a7b9bb-0a18-4368-8f06-24e863931989","code":"06660509","provinceCode":"66","nameTh":"องค์การบริหารส่วนตำบล วังกรด","nameEn":null,"geometryType":"MUNICIPALITY","sourceUrl":"https://landometer.com/api/v2/citymeter-v3/grocery/info/geom/51a7b9bb-0a18-4368-8f06-24e863931989/MUNICIPALITY","sourceSha256":"fbdbabb5c25d089629ebc1fc8801a06997f08e072119efbfe443b3dd0858303b","retrievedAt":"2026-10-04T05:44:10.027352+00:00","boundaryVintage":null,"geometryStatus":"native_source_polygon_display_simplified","simplificationToleranceDegrees":0.00015,"simplificationPreservesTopology":true,"invalidSourceRepair":"make_valid; retain polygonal components; discard zero-area collapsed lines","legalBoundaryIndependentlyVerified":false,"areaId":"51a7b9bb-0a18-4368-8f06-24e863931989"},"geometry":{"type":"Polygon","coordinates":[[[100.492982,15.996383],[100.494257,15.996114],[100.49437,15.992271],[100.494655,15.99054],[100.497726,15.984988],[100.499866,15.97837],[100.499666,15.968848],[100.500014,15.96181],[100.500483,15.957865],[100.502192,15.954703],[100.507134,15.94842],[100.510423,15.944933],[100.511534,15.943892],[100.516901,15.941808],[100.519233,15.9402],[100.515023,15.937818],[100.494642,15.93783],[100.492866,15.937192],[100.491718,15.936039],[100.487908,15.935035],[100.484481,15.935372],[100.48207,15.93481],[100.478873,15.934517],[100.472976,15.93548],[100.472303,15.935624],[100.471083,15.936013],[100.474243,15.935495],[100.473721,15.935658],[100.47335,15.936213],[100.473386,15.936608],[100.474326,15.936475],[100.478614,15.945787],[100.472125,15.951628],[100.48018,15.953051],[100.483364,15.955181],[100.48468,15.963591],[100.470974,15.967427],[100.458274,15.989048],[100.444724,15.989336],[100.434361,15.996809],[100.425733,15.998576],[100.435618,16.006835],[100.438402,16.012861],[100.44015,16.012986],[100.44024,16.01765],[100.453111,16.01517],[100.459406,16.012149],[100.462744,16.016523],[100.467793,16.017224],[100.468133,16.019108],[100.481826,16.015104],[100.485107,16.020073],[100.484951,16.019134],[100.485636,16.018946],[100.486303,16.01751],[100.495308,16.006693],[100.49447,16.004574],[100.495148,16.003825],[100.496122,16.003314],[100.495369,16.001411],[100.494858,16.001337],[100.494582,16.000995],[100.494108,16.001134],[100.494389,16.000518],[100.493736,16.00054],[100.493008,15.997961],[100.492982,15.996383]]]},"bbox":[100.425733,15.934514,100.519233,16.020073]},{"type":"Feature","id":"5141c5f8-2770-4f25-b35b-1daa74721c1c","properties":{"id":"5141c5f8-2770-4f25-b35b-1daa74721c1c","code":"06660510","provinceCode":"66","nameTh":"องค์การบริหารส่วนตำบล บางไผ่","nameEn":null,"geometryType":"MUNICIPALITY","sourceUrl":"https://landometer.com/api/v2/citymeter-v3/grocery/info/geom/5141c5f8-2770-4f25-b35b-1daa74721c1c/MUNICIPALITY","sourceSha256":"690505953ececdaf5af550f3d5114f83580f0415764cb38bd32be6a75f774107","retrievedAt":"2026-10-04T05:44:10.035846+00:00","boundaryVintage":null,"geometryStatus":"native_source_polygon_display_simplified","simplificationToleranceDegrees":0.00015,"simplificationPreservesTopology":true,"invalidSourceRepair":"make_valid; retain polygonal components; discard zero-area collapsed lines","legalBoundaryIndependentlyVerified":false,"areaId":"5141c5f8-2770-4f25-b35b-1daa74721c1c"},"geometry":{"type":"Polygon","coordinates":[[[100.436907,16.152756],[100.437216,16.152349],[100.437231,16.15132],[100.436747,16.149636],[100.435145,16.147588],[100.433808,16.145354],[100.433406,16.143346],[100.431606,16.140307],[100.432112,16.140318],[100.434103,16.139092],[100.434836,16.139018],[100.435431,16.139363],[100.436263,16.140682],[100.436739,16.140955],[100.437043,16.140179],[100.436682,16.138018],[100.437585,16.13709],[100.437813,16.13645],[100.439928,16.13733],[100.440438,16.136921],[100.441189,16.13686],[100.441248,16.136281],[100.441667,16.135781],[100.441643,16.134951],[100.442745,16.134739],[100.443092,16.133612],[100.444056,16.133314],[100.444223,16.132452],[100.444657,16.132092],[100.444654,16.131571],[100.446119,16.131407],[100.446718,16.131731],[100.447295,16.131092],[100.44735,16.130463],[100.448006,16.129788],[100.447587,16.127461],[100.448011,16.127494],[100.448797,16.126906],[100.449328,16.1259],[100.448663,16.125324],[100.448011,16.125801],[100.447686,16.125671],[100.447568,16.125371],[100.447853,16.124677],[100.44767,16.124088],[100.446767,16.123768],[100.446523,16.123155],[100.445243,16.122754],[100.444997,16.123087],[100.443969,16.122871],[100.442991,16.122319],[100.442351,16.122474],[100.441861,16.123458],[100.441276,16.122902],[100.440481,16.122988],[100.44023,16.122391],[100.439766,16.122823],[100.439129,16.122693],[100.438662,16.123144],[100.438432,16.122666],[100.437886,16.122727],[100.437569,16.12209],[100.436415,16.122523],[100.435812,16.122249],[100.434296,16.122737],[100.432998,16.122786],[100.432663,16.121651],[100.433278,16.121101],[100.433058,16.12078],[100.43298,16.119415],[100.433346,16.118471],[100.434468,16.118228],[100.4347,16.11665],[100.423415,16.107992],[100.436252,16.102461],[100.440311,16.072337],[100.434869,16.070212],[100.432204,16.066869],[100.430014,16.06615],[100.429926,16.066588],[100.429105,16.066134],[100.4207,16.069049],[100.422116,16.072589],[100.420936,16.073852],[100.414884,16.078379],[100.409264,16.079899],[100.405524,16.090705],[100.403546,16.092413],[100.395272,16.091385],[100.365363,16.098245],[100.366843,16.09981],[100.368571,16.100705],[100.368606,16.102753],[100.371285,16.103744],[100.37229,16.105536],[100.37227,16.106929],[100.371909,16.107385],[100.371153,16.107628],[100.36751,16.10717],[100.365018,16.109048],[100.364129,16.110085],[100.364089,16.110564],[100.36441,16.11099],[100.365162,16.111259],[100.365358,16.112233],[100.365829,16.113048],[100.365668,16.113984],[100.364198,16.114637],[100.363014,16.114264],[100.363089,16.114766],[100.36205,16.115347],[100.361865,16.115859],[100.360359,16.115637],[100.360273,16.11642],[100.359476,16.116878],[100.358978,16.116991],[100.358511,16.11667],[100.358012,16.116657],[100.357867,16.117455],[100.358198,16.118162],[100.357663,16.119805],[100.358431,16.120107],[100.358119,16.120624],[100.358523,16.121081],[100.359029,16.121165],[100.359803,16.122116],[100.360121,16.123436],[100.361214,16.124081],[100.364162,16.123737],[100.364651,16.122822],[100.365269,16.122619],[100.366551,16.123309],[100.367074,16.12269],[100.367263,16.121914],[100.368259,16.121917],[100.368872,16.12109],[100.369399,16.120837],[100.369833,16.121851],[100.370417,16.122529],[100.374644,16.124845],[100.374959,16.125515],[100.375403,16.125585],[100.375749,16.12621],[100.375611,16.1281],[100.37628,16.128969],[100.376918,16.129371],[100.375936,16.131097],[100.375772,16.131868],[100.376,16.13258],[100.378283,16.134448],[100.377224,16.135864],[100.378097,16.136715],[100.378297,16.137554],[100.381022,16.139547],[100.38183,16.139842],[100.382176,16.140893],[100.383051,16.140841],[100.387681,16.148868],[100.389277,16.149334],[100.389061,16.150879],[100.389433,16.151679],[100.391827,16.152742],[100.393284,16.152461],[100.393733,16.154919],[100.394911,16.155209],[100.396511,16.15658],[100.396967,16.156719],[100.39907,16.157026],[100.400779,16.156585],[100.405251,16.156533],[100.405224,16.15727],[100.406808,16.157562],[100.407715,16.157306],[100.408131,16.157788],[100.410029,16.158464],[100.413609,16.157734],[100.417155,16.157369],[100.424193,16.159069],[100.425517,16.158805],[100.426547,16.157831],[100.428081,16.15625],[100.430395,16.152924],[100.431723,16.152791],[100.434202,16.151948],[100.435083,16.152051],[100.435944,16.152616],[100.436907,16.152756]],[[100.404616,16.119781],[100.40424,16.125463],[100.407571,16.126886],[100.404101,16.132002],[100.401278,16.131436],[100.400342,16.119167],[100.404616,16.119781]]]},"bbox":[100.357624,16.066134,100.44933,16.159069]},{"type":"Feature","id":"96a2bcd3-2a99-41ed-8aed-0b307672d6e8","properties":{"id":"96a2bcd3-2a99-41ed-8aed-0b307672d6e8","code":"06660511","provinceCode":"66","nameTh":"องค์การบริหารส่วนตำบล ลำประดา","nameEn":null,"geometryType":"MUNICIPALITY","sourceUrl":"https://landometer.com/api/v2/citymeter-v3/grocery/info/geom/96a2bcd3-2a99-41ed-8aed-0b307672d6e8/MUNICIPALITY","sourceSha256":"f2cdf4564c543b6a5fd758c628f4c8966586572d7e8bf02fa5fb44a45759f00e","retrievedAt":"2026-10-04T05:44:10.211784+00:00","boundaryVintage":null,"geometryStatus":"native_source_polygon_display_simplified","simplificationToleranceDegrees":0.00015,"simplificationPreservesTopology":true,"invalidSourceRepair":"make_valid; retain polygonal components; discard zero-area collapsed lines","legalBoundaryIndependentlyVerified":false,"areaId":"96a2bcd3-2a99-41ed-8aed-0b307672d6e8"},"geometry":{"type":"MultiPolygon","coordinates":[[[[100.420172,16.059563],[100.420076,16.059493],[100.4194,16.059003],[100.420172,16.059563]]],[[[100.461107,16.11747],[100.462808,16.119623],[100.463156,16.11976],[100.464414,16.118323],[100.465189,16.11837],[100.465467,16.117839],[100.466899,16.117625],[100.466869,16.116997],[100.467855,16.116264],[100.468397,16.116672],[100.469925,16.116299],[100.470255,16.115764],[100.471341,16.115888],[100.471831,16.114962],[100.471844,16.114446],[100.471382,16.110679],[100.472497,16.107675],[100.472725,16.106376],[100.472685,16.103941],[100.473971,16.099862],[100.473884,16.09817],[100.474997,16.094946],[100.482664,16.094403],[100.487172,16.09448],[100.487428,16.094122],[100.489821,16.093983],[100.490797,16.094232],[100.492753,16.093878],[100.493805,16.093976],[100.49545,16.093271],[100.496787,16.093013],[100.499177,16.070871],[100.500977,16.069908],[100.501229,16.065297],[100.498272,16.057619],[100.49366,16.052619],[100.487523,16.051835],[100.455253,16.057493],[100.420172,16.059563],[100.423352,16.063965],[100.432204,16.066869],[100.434869,16.070212],[100.440311,16.072337],[100.436252,16.102461],[100.423415,16.107992],[100.4347,16.11665],[100.434698,16.116425],[100.438861,16.115319],[100.440798,16.11525],[100.443409,16.116718],[100.444825,16.11701],[100.445596,16.117551],[100.446507,16.117804],[100.44855,16.119383],[100.449334,16.119718],[100.449917,16.119622],[100.450831,16.120375],[100.452118,16.120064],[100.45265,16.120364],[100.453839,16.119913],[100.45438,16.120228],[100.454934,16.120109],[100.455929,16.119492],[100.456712,16.11955],[100.45683,16.118999],[100.457257,16.118654],[100.4581,16.118418],[100.459224,16.118519],[100.460783,16.117448],[100.461107,16.11747]]]]},"bbox":[100.4194,16.051835,100.501229,16.120375]},{"type":"Feature","id":"5028fde5-7e8d-4b2f-a0b4-3c36e650a8e2","properties":{"id":"5028fde5-7e8d-4b2f-a0b4-3c36e650a8e2","code":"06660512","provinceCode":"66","nameTh":"องค์การบริหารส่วนตำบล วังสำโรง","nameEn":null,"geometryType":"MUNICIPALITY","sourceUrl":"https://landometer.com/api/v2/citymeter-v3/grocery/info/geom/5028fde5-7e8d-4b2f-a0b4-3c36e650a8e2/MUNICIPALITY","sourceSha256":"e6c9447e97d6bc091f4dc66f8b9da7133137ef5183b3b4f5e8e51fefcce804e3","retrievedAt":"2026-10-04T05:44:10.212313+00:00","boundaryVintage":null,"geometryStatus":"native_source_polygon_display_simplified","simplificationToleranceDegrees":0.00015,"simplificationPreservesTopology":true,"invalidSourceRepair":"make_valid; retain polygonal components; discard zero-area collapsed lines","legalBoundaryIndependentlyVerified":false,"areaId":"5028fde5-7e8d-4b2f-a0b4-3c36e650a8e2"},"geometry":{"type":"Polygon","coordinates":[[[100.444724,15.989336],[100.458274,15.989048],[100.470974,15.967427],[100.48468,15.963591],[100.483364,15.955181],[100.48018,15.953051],[100.472125,15.951628],[100.478614,15.945787],[100.474326,15.936475],[100.473386,15.936608],[100.47335,15.936213],[100.473721,15.935658],[100.474243,15.935495],[100.471083,15.936013],[100.472303,15.935624],[100.470543,15.936185],[100.46858,15.936851],[100.465635,15.937757],[100.462461,15.938533],[100.460741,15.938385],[100.456748,15.937364],[100.451087,15.937262],[100.448513,15.936123],[100.448883,15.934228],[100.448854,15.930893],[100.445098,15.9302],[100.443382,15.930659],[100.44482,15.933625],[100.438594,15.935983],[100.437198,15.936911],[100.430022,15.937575],[100.426656,15.938544],[100.426986,15.935812],[100.426872,15.934649],[100.421113,15.931786],[100.415979,15.930432],[100.411369,15.929876],[100.407781,15.930486],[100.402169,15.932238],[100.391336,15.934816],[100.388327,15.938077],[100.388633,15.938519],[100.388522,15.939191],[100.380685,15.95017],[100.39026,15.971476],[100.388924,15.979696],[100.391259,15.983938],[100.391065,15.994179],[100.391668,15.995256],[100.391698,15.996075],[100.404616,16.018584],[100.44024,16.017648],[100.44015,16.012986],[100.438402,16.012861],[100.435618,16.006835],[100.425733,15.998576],[100.434361,15.996809],[100.444724,15.989336]]]},"bbox":[100.380685,15.929876,100.48468,16.018584]},{"type":"Feature","id":"991bf162-eed5-446e-9619-d491a5f29bf1","properties":{"id":"991bf162-eed5-446e-9619-d491a5f29bf1","code":"06660605","provinceCode":"66","nameTh":"องค์การบริหารส่วนตำบล ทะนง","nameEn":null,"geometryType":"MUNICIPALITY","sourceUrl":"https://landometer.com/api/v2/citymeter-v3/grocery/info/geom/991bf162-eed5-446e-9619-d491a5f29bf1/MUNICIPALITY","sourceSha256":"62c03c7ecb4b903af8ad80faa98168f094c2e03a690a8ed662aa7968c90456a6","retrievedAt":"2026-10-04T05:44:10.213332+00:00","boundaryVintage":null,"geometryStatus":"native_source_polygon_display_simplified","simplificationToleranceDegrees":0.00015,"simplificationPreservesTopology":true,"invalidSourceRepair":"make_valid; retain polygonal components; discard zero-area collapsed lines","legalBoundaryIndependentlyVerified":false,"areaId":"991bf162-eed5-446e-9619-d491a5f29bf1"},"geometry":{"type":"Polygon","coordinates":[[[100.218962,16.097931],[100.231897,16.090979],[100.240265,16.09293],[100.242808,16.091222],[100.243763,16.08547],[100.242737,16.080336],[100.244053,16.074493],[100.244891,16.073896],[100.245108,16.072984],[100.24263,16.057367],[100.236214,16.054625],[100.22605,16.053117],[100.169275,16.057988],[100.164699,16.056433],[100.152702,16.056528],[100.150323,16.056069],[100.145588,16.054631],[100.140354,16.052112],[100.138233,16.036345],[100.142167,16.031835],[100.13799,16.026303],[100.137593,16.015061],[100.137706,16.011891],[100.136633,16.012311],[100.135924,16.012953],[100.134999,16.013111],[100.134876,16.013449],[100.135104,16.014281],[100.134561,16.014966],[100.134419,16.015728],[100.133684,16.016069],[100.133061,16.016975],[100.131949,16.01736],[100.131071,16.018135],[100.130902,16.020105],[100.129809,16.021627],[100.129978,16.023161],[100.128708,16.024276],[100.128084,16.025995],[100.127993,16.027378],[100.127306,16.028321],[100.127314,16.028874],[100.127556,16.029085],[100.128982,16.028868],[100.1297,16.029014],[100.130096,16.030097],[100.131341,16.031053],[100.131233,16.03293],[100.130363,16.035466],[100.129815,16.035719],[100.127732,16.035666],[100.127563,16.036398],[100.12787,16.037534],[100.126684,16.038796],[100.126307,16.038848],[100.125663,16.038187],[100.125016,16.038052],[100.121802,16.038917],[100.121398,16.039456],[100.121187,16.040654],[100.120024,16.04274],[100.11903,16.043041],[100.118086,16.044833],[100.116944,16.046066],[100.115763,16.04647],[100.115289,16.046889],[100.11536,16.047264],[100.116357,16.047724],[100.117042,16.049986],[100.117728,16.05082],[100.117505,16.052553],[100.118155,16.052995],[100.118786,16.053999],[100.117718,16.057227],[100.118257,16.058903],[100.117293,16.060023],[100.116249,16.06068],[100.116945,16.061391],[100.116749,16.062518],[100.116172,16.063458],[100.115604,16.063576],[100.114731,16.063205],[100.114206,16.063469],[100.113697,16.064612],[100.114034,16.065024],[100.114015,16.065599],[100.112638,16.066714],[100.112468,16.068264],[100.111649,16.06954],[100.111912,16.070032],[100.112805,16.07074],[100.112804,16.071208],[100.112216,16.072105],[100.11243,16.07339],[100.111816,16.073842],[100.109719,16.074083],[100.108732,16.075423],[100.108581,16.07625],[100.10875,16.076633],[100.109276,16.077211],[100.110594,16.077851],[100.111162,16.079192],[100.113451,16.07955],[100.113915,16.07899],[100.114754,16.078867],[100.115433,16.079215],[100.116287,16.08017],[100.117211,16.080346],[100.119624,16.078564],[100.120047,16.077918],[100.120043,16.077057],[100.120371,16.076362],[100.122577,16.074396],[100.123302,16.074008],[100.12443,16.07398],[100.125188,16.073594],[100.125683,16.07182],[100.1273,16.071495],[100.12889,16.070612],[100.130102,16.074338],[100.131094,16.082939],[100.132016,16.087193],[100.132648,16.088466],[100.137883,16.092479],[100.139999,16.093071],[100.140669,16.095856],[100.141575,16.097449],[100.14127,16.098474],[100.142845,16.099892],[100.144221,16.09947],[100.14514,16.10066],[100.146367,16.099995],[100.149258,16.101153],[100.150002,16.101681],[100.155395,16.102516],[100.157883,16.103706],[100.159213,16.105684],[100.160345,16.106105],[100.161091,16.106672],[100.161122,16.106053],[100.162101,16.106534],[100.162037,16.106348],[100.184903,16.115475],[100.197079,16.118702],[100.20005,16.117407],[100.201035,16.119202],[100.203724,16.118145],[100.205368,16.121028],[100.210229,16.116145],[100.211242,16.11887],[100.218533,16.11793],[100.223017,16.115396],[100.218677,16.108155],[100.221063,16.106009],[100.218962,16.097931]]]},"bbox":[100.10858,16.011891,100.245108,16.121028]},{"type":"Feature","id":"a27467c2-ddc3-41ea-b820-6698611a2e5f","properties":{"id":"a27467c2-ddc3-41ea-b820-6698611a2e5f","code":"06660606","provinceCode":"66","nameTh":"องค์การบริหารส่วนตำบล ท่าขมิ้น","nameEn":null,"geometryType":"MUNICIPALITY","sourceUrl":"https://landometer.com/api/v2/citymeter-v3/grocery/info/geom/a27467c2-ddc3-41ea-b820-6698611a2e5f/MUNICIPALITY","sourceSha256":"45e8ac615f59a1a50d5d338c1a942d2c856d1c35443598fcc909420a7af81548","retrievedAt":"2026-10-04T05:44:10.212629+00:00","boundaryVintage":null,"geometryStatus":"native_source_polygon_display_simplified","simplificationToleranceDegrees":0.00015,"simplificationPreservesTopology":true,"invalidSourceRepair":"make_valid; retain polygonal components; discard zero-area collapsed lines","legalBoundaryIndependentlyVerified":false,"areaId":"a27467c2-ddc3-41ea-b820-6698611a2e5f"},"geometry":{"type":"Polygon","coordinates":[[[100.236214,16.054625],[100.24263,16.057367],[100.254148,16.0519],[100.258789,16.045864],[100.263478,16.04509],[100.263477,16.044812],[100.247187,16.039849],[100.251485,16.033352],[100.250022,16.026918],[100.255004,16.022399],[100.243756,16.010993],[100.239305,16.008933],[100.238226,16.006031],[100.234983,16.006046],[100.232826,16.0032],[100.229278,16.00729],[100.227519,16.006821],[100.219439,16.010993],[100.214386,15.995664],[100.20992,15.998132],[100.206164,15.996451],[100.204005,15.992979],[100.195052,15.994507],[100.192842,15.992327],[100.191188,15.984527],[100.180495,15.978694],[100.17828,15.975006],[100.173692,15.974285],[100.166627,15.968071],[100.160357,15.967973],[100.16038,15.966973],[100.159927,15.967126],[100.159468,15.968086],[100.159744,15.968697],[100.160843,15.969707],[100.161156,15.971002],[100.162738,15.971012],[100.163392,15.972402],[100.16317,15.973469],[100.162337,15.974195],[100.161538,15.975466],[100.161953,15.978077],[100.160964,15.979091],[100.160527,15.980412],[100.159218,15.980831],[100.158237,15.981893],[100.157558,15.981962],[100.156723,15.981572],[100.155631,15.981987],[100.154716,15.983167],[100.153821,15.983758],[100.152597,15.985804],[100.151346,15.986702],[100.150636,15.988255],[100.150237,15.988341],[100.149148,15.98797],[100.148525,15.98849],[100.14832,15.989168],[100.147603,15.989154],[100.146143,15.991416],[100.145307,15.994221],[100.143405,15.996955],[100.142567,15.9977],[100.142024,15.998531],[100.141779,15.999796],[100.140697,16.001119],[100.140738,16.00235],[100.140189,16.004043],[100.140275,16.004824],[100.139132,16.00597],[100.138643,16.007461],[100.137709,16.008196],[100.137323,16.008867],[100.137393,16.009625],[100.138034,16.010253],[100.137706,16.011891],[100.137593,16.015061],[100.13799,16.026303],[100.142167,16.031835],[100.138233,16.036345],[100.140354,16.052112],[100.145588,16.054631],[100.150323,16.056069],[100.152702,16.056528],[100.164699,16.056433],[100.169275,16.057988],[100.22605,16.053117],[100.236214,16.054625]]]},"bbox":[100.137285,15.966973,100.263478,16.057988]},{"type":"Feature","id":"1a3c1f36-bf28-48e2-ab94-e2e53c42b009","properties":{"id":"1a3c1f36-bf28-48e2-ab94-e2e53c42b009","code":"06660607","provinceCode":"66","nameTh":"องค์การบริหารส่วนตำบล ท่าบัว","nameEn":null,"geometryType":"MUNICIPALITY","sourceUrl":"https://landometer.com/api/v2/citymeter-v3/grocery/info/geom/1a3c1f36-bf28-48e2-ab94-e2e53c42b009/MUNICIPALITY","sourceSha256":"d26d14d8290d6a82c5b5c1c2f39496dffd7d86debee126684bcda28cc0c5b7ab","retrievedAt":"2026-10-04T05:44:10.212560+00:00","boundaryVintage":null,"geometryStatus":"native_source_polygon_display_simplified","simplificationToleranceDegrees":0.00015,"simplificationPreservesTopology":true,"invalidSourceRepair":"make_valid; retain polygonal components; discard zero-area collapsed lines","legalBoundaryIndependentlyVerified":false,"areaId":"1a3c1f36-bf28-48e2-ab94-e2e53c42b009"},"geometry":{"type":"Polygon","coordinates":[[[100.365758,16.113753],[100.365807,16.112947],[100.365358,16.112233],[100.365162,16.111259],[100.364108,16.110685],[100.364129,16.110085],[100.365018,16.109048],[100.36751,16.10717],[100.371153,16.107628],[100.372076,16.107246],[100.372372,16.106527],[100.37229,16.105536],[100.371285,16.103744],[100.368606,16.102753],[100.368571,16.100705],[100.366843,16.09981],[100.365117,16.097809],[100.36498,16.096601],[100.365667,16.095182],[100.365811,16.094185],[100.367884,16.093182],[100.368681,16.092205],[100.36864,16.091285],[100.368052,16.090745],[100.366814,16.091035],[100.36655,16.090663],[100.366617,16.089855],[100.365428,16.089623],[100.364904,16.089165],[100.364628,16.08831],[100.364838,16.087349],[100.364395,16.085463],[100.36496,16.084509],[100.364935,16.083735],[100.364609,16.083509],[100.363,16.084259],[100.362552,16.08403],[100.362013,16.081949],[100.361344,16.081279],[100.360536,16.079831],[100.35935,16.076303],[100.358054,16.075345],[100.357775,16.072554],[100.356483,16.069199],[100.354179,16.064973],[100.351916,16.061847],[100.349963,16.059942],[100.348097,16.058818],[100.343622,16.056869],[100.342364,16.055775],[100.341323,16.051847],[100.339497,16.049421],[100.339378,16.048462],[100.339705,16.047774],[100.340965,16.04722],[100.342473,16.046002],[100.34243,16.041433],[100.342787,16.038051],[100.342318,16.034377],[100.338189,16.027251],[100.337926,16.025602],[100.338431,16.02419],[100.33353,16.023066],[100.333734,16.02352],[100.333283,16.024191],[100.33275,16.023344],[100.319148,16.032755],[100.308323,16.043835],[100.300326,16.058445],[100.28403,16.075466],[100.281338,16.08786],[100.280546,16.094076],[100.281948,16.095058],[100.2818,16.102315],[100.292677,16.101907],[100.310261,16.090448],[100.316151,16.095424],[100.322219,16.096959],[100.321769,16.101825],[100.323569,16.10409],[100.332485,16.103699],[100.337883,16.108661],[100.34466,16.110151],[100.357961,16.116534],[100.357962,16.116708],[100.358372,16.116622],[100.358919,16.116979],[100.360189,16.116505],[100.360359,16.115637],[100.361865,16.115859],[100.36205,16.115347],[100.363089,16.114766],[100.363014,16.114264],[100.364198,16.114637],[100.36536,16.114261],[100.365758,16.113753]]]},"bbox":[100.280546,16.023066,100.372375,16.116994]},{"type":"Feature","id":"63437c10-ab9c-4f7a-9de8-5ec7be945934","properties":{"id":"63437c10-ab9c-4f7a-9de8-5ec7be945934","code":"06660608","provinceCode":"66","nameTh":"องค์การบริหารส่วนตำบล ท่าเสา","nameEn":null,"geometryType":"MUNICIPALITY","sourceUrl":"https://landometer.com/api/v2/citymeter-v3/grocery/info/geom/63437c10-ab9c-4f7a-9de8-5ec7be945934/MUNICIPALITY","sourceSha256":"eb55e2107374d4931b3ed26ab181a86fd7018e62133e17757cab87b30441d1a3","retrievedAt":"2026-10-04T05:44:10.213355+00:00","boundaryVintage":null,"geometryStatus":"native_source_polygon_display_simplified","simplificationToleranceDegrees":0.00015,"simplificationPreservesTopology":true,"invalidSourceRepair":"make_valid; retain polygonal components; discard zero-area collapsed lines","legalBoundaryIndependentlyVerified":false,"areaId":"63437c10-ab9c-4f7a-9de8-5ec7be945934"},"geometry":{"type":"MultiPolygon","coordinates":[[[[100.159925,15.967131],[100.15992715043153,15.967125948394562],[100.159927,15.967126],[100.159925,15.967131]]],[[[100.250684,15.985724],[100.249775,15.986038],[100.245023,15.976416],[100.241969,15.953216],[100.245887,15.952972],[100.241737,15.947327],[100.241414,15.94569],[100.244526,15.942175],[100.247464,15.938381],[100.245408,15.936159],[100.242976,15.934741],[100.241141,15.934113],[100.238995,15.933763],[100.236265,15.933674],[100.235614,15.93314],[100.235176,15.932113],[100.234401,15.931491],[100.234179,15.930567],[100.232719,15.929925],[100.232082,15.929294],[100.230501,15.928886],[100.228971,15.926987],[100.223628,15.928293],[100.222063,15.928301],[100.218106,15.927738],[100.21671,15.927906],[100.216729,15.928327],[100.216508,15.928512],[100.215379,15.928128],[100.214226,15.929233],[100.210813,15.930644],[100.207967,15.93068],[100.205795,15.931521],[100.20417,15.931433],[100.20387,15.931737],[100.20364,15.933527],[100.203188,15.933681],[100.203064,15.934511],[100.202585,15.934632],[100.201558,15.934122],[100.200856,15.934931],[100.200529,15.934823],[100.200103,15.934075],[100.199055,15.93395],[100.199137,15.932972],[100.198896,15.932702],[100.198056,15.933236],[100.196799,15.933197],[100.196108,15.932801],[100.194543,15.933678],[100.193311,15.934044],[100.192769,15.933755],[100.192392,15.934049],[100.188971,15.93387],[100.188232,15.934073],[100.184455,15.933782],[100.182626,15.929097],[100.181519,15.928986],[100.180119,15.929308],[100.17673,15.93176],[100.17646,15.932646],[100.176036,15.93312],[100.175123,15.933324],[100.174842,15.93544],[100.173946,15.935828],[100.173067,15.93716],[100.172942,15.938872],[100.173526,15.938891],[100.173785,15.941074],[100.174519,15.941463],[100.173954,15.942825],[100.172635,15.943864],[100.172147,15.945369],[100.171552,15.946187],[100.17079,15.948437],[100.170816,15.949452],[100.17036,15.949982],[100.170861,15.95121],[100.170038,15.951653],[100.168488,15.953183],[100.1686,15.954513],[100.168339,15.955548],[100.168517,15.956286],[100.16812,15.957503],[100.165388,15.958373],[100.163969,15.959249],[100.163244,15.960155],[100.16266,15.959886],[100.161605,15.958826],[100.160675,15.959193],[100.160271,15.95986],[100.160151,15.961866],[100.16053,15.96379],[100.160348,15.964731],[100.160687,15.965346],[100.15992715043153,15.967125948394562],[100.16038,15.966973],[100.160357,15.967973],[100.166627,15.968071],[100.173692,15.974285],[100.17828,15.975006],[100.180495,15.978694],[100.191188,15.984527],[100.192842,15.992327],[100.195052,15.994507],[100.204005,15.992979],[100.206164,15.996451],[100.20992,15.998132],[100.214386,15.995664],[100.214745,15.996608],[100.212457,15.989601],[100.216842,15.988892],[100.219602,15.990582],[100.220745,15.988932],[100.221392,15.990687],[100.223509,15.990831],[100.223216,15.993613],[100.224767,15.99581],[100.223622,15.999934],[100.227239,16.002408],[100.227512,16.006708],[100.229278,16.00729],[100.232826,16.0032],[100.234983,16.006046],[100.238226,16.006031],[100.239305,16.008933],[100.243756,16.010993],[100.255004,16.022399],[100.252185,16.01034],[100.246375,15.996531],[100.243889,15.993721],[100.242192,15.993879],[100.241356,15.991388],[100.250573,15.98653],[100.250684,15.985724]]],[[[100.22835504877017,16.007043914652193],[100.227519,16.006821],[100.228355,16.007044],[100.22835504877017,16.007043914652193]]]]},"bbox":[100.159925,15.926951,100.255004,16.022399]},{"type":"Feature","id":"4e4e6736-81c1-46e3-92d8-76c1b5d1abfe","properties":{"id":"4e4e6736-81c1-46e3-92d8-76c1b5d1abfe","code":"06660609","provinceCode":"66","nameTh":"องค์การบริหารส่วนตำบล โพทะเล","nameEn":null,"geometryType":"MUNICIPALITY","sourceUrl":"https://landometer.com/api/v2/citymeter-v3/grocery/info/geom/4e4e6736-81c1-46e3-92d8-76c1b5d1abfe/MUNICIPALITY","sourceSha256":"aebcbbc1b14b70a267b06e9fa67a5c7f6be142ea83268e320cfe43ade1963e88","retrievedAt":"2026-10-04T05:44:10.211802+00:00","boundaryVintage":null,"geometryStatus":"native_source_polygon_display_simplified","simplificationToleranceDegrees":0.00015,"simplificationPreservesTopology":true,"invalidSourceRepair":"make_valid; retain polygonal components; discard zero-area collapsed lines","legalBoundaryIndependentlyVerified":false,"areaId":"4e4e6736-81c1-46e3-92d8-76c1b5d1abfe"},"geometry":{"type":"Polygon","coordinates":[[[100.273414,16.128773],[100.272881,16.127537],[100.275629,16.12148],[100.279466,16.119193],[100.282753,16.120967],[100.288123,16.115674],[100.28784,16.110752],[100.283509,16.108765],[100.281716,16.101999],[100.281948,16.095058],[100.280546,16.094076],[100.281814,16.084123],[100.258064,16.083062],[100.256145,16.077042],[100.246851,16.0725],[100.246249,16.072928],[100.245108,16.072984],[100.244891,16.073896],[100.244053,16.074493],[100.242737,16.080336],[100.243763,16.08547],[100.242808,16.091222],[100.240265,16.09293],[100.231897,16.090979],[100.218962,16.097931],[100.221063,16.106009],[100.218677,16.108155],[100.223017,16.115396],[100.222159,16.11591],[100.22234,16.116053],[100.231285,16.111643],[100.245437,16.121813],[100.238315,16.142039],[100.238853,16.145939],[100.241769,16.147687],[100.245282,16.145828],[100.254142,16.157264],[100.254716,16.157302],[100.254956,16.153216],[100.257352,16.149869],[100.260784,16.1491],[100.26329,16.145672],[100.267414,16.146701],[100.271277,16.143781],[100.277511,16.143103],[100.273414,16.128773]],[[100.263024,16.097938],[100.258555,16.098423],[100.253942,16.090551],[100.260277,16.084044],[100.262282,16.087341],[100.263024,16.097938]]]},"bbox":[100.218677,16.0725,100.288123,16.157302]},{"type":"Feature","id":"50d48209-3dd9-4100-b87e-46f318e8ed2c","properties":{"id":"50d48209-3dd9-4100-b87e-46f318e8ed2c","code":"06660610","provinceCode":"66","nameTh":"องค์การบริหารส่วนตำบล ท่านั่ง","nameEn":null,"geometryType":"MUNICIPALITY","sourceUrl":"https://landometer.com/api/v2/citymeter-v3/grocery/info/geom/50d48209-3dd9-4100-b87e-46f318e8ed2c/MUNICIPALITY","sourceSha256":"4cfdf99e7fa9b98efc9c619efbaddf5a8bf49ebc7fcb215c289fa221cb9011eb","retrievedAt":"2026-10-04T05:44:10.213213+00:00","boundaryVintage":null,"geometryStatus":"native_source_polygon_display_simplified","simplificationToleranceDegrees":0.00015,"simplificationPreservesTopology":true,"invalidSourceRepair":"make_valid; retain polygonal components; discard zero-area collapsed lines","legalBoundaryIndependentlyVerified":false,"areaId":"50d48209-3dd9-4100-b87e-46f318e8ed2c"},"geometry":{"type":"MultiPolygon","coordinates":[[[[100.300868,15.983471],[100.300374,15.982589],[100.30104,15.97981],[100.302364,15.976209],[100.302876,15.975733],[100.303798,15.97541],[100.304328,15.974428],[100.305938,15.973476],[100.306498,15.973464],[100.306973,15.972149],[100.306415,15.970861],[100.306614,15.970114],[100.307593,15.969111],[100.30865,15.968727],[100.309108,15.967455],[100.310673,15.967029],[100.310563,15.96659],[100.311002,15.965285],[100.310239,15.963832],[100.3102,15.963124],[100.310736,15.962839],[100.310088,15.96191],[100.30992,15.961182],[100.308953,15.960789],[100.307516,15.96072],[100.306438,15.959229],[100.30518,15.958941],[100.303876,15.95812],[100.303212,15.958332],[100.302682,15.95804],[100.301129,15.958258],[100.300926,15.957927],[100.300473,15.958174],[100.299721,15.957853],[100.299306,15.958107],[100.299012,15.957612],[100.299091,15.957024],[100.298372,15.956881],[100.297182,15.955811],[100.295494,15.956657],[100.294919,15.954558],[100.292179,15.953775],[100.291913,15.953481],[100.291754,15.952391],[100.291275,15.951843],[100.289745,15.951369],[100.287199,15.951478],[100.28411,15.950295],[100.282745,15.949007],[100.281228,15.946189],[100.277682,15.944599],[100.27604,15.943446],[100.275291,15.943517],[100.274016,15.943028],[100.272292,15.943378],[100.271755,15.943283],[100.271053,15.941984],[100.269128,15.941203],[100.268721,15.939679],[100.267652,15.939731],[100.265893,15.940278],[100.26436,15.941402],[100.262522,15.94199],[100.262717,15.94441],[100.263624,15.947386],[100.263552,15.949571],[100.263808,15.950055],[100.264738,15.950593],[100.263657,15.954266],[100.262238,15.957477],[100.260886,15.959139],[100.259015,15.960472],[100.257584,15.961069],[100.254825,15.961295],[100.251553,15.960592],[100.248528,15.959043],[100.247751,15.958295],[100.246505,15.956204],[100.246044,15.954713],[100.245887,15.952972],[100.241969,15.953216],[100.245023,15.976416],[100.249775,15.986038],[100.250684,15.985724],[100.25057388234009,15.986528807504008],[100.254778,15.984313],[100.258348,15.986165],[100.25954,15.982879],[100.264195,15.981758],[100.287484,15.987681],[100.300229,15.994822],[100.303528,15.990617],[100.301913,15.990428],[100.302446,15.986089],[100.301519,15.984006],[100.300868,15.983471]]],[[[100.250573,15.98653],[100.25057388234009,15.986528807504008],[100.249733,15.986972],[100.250573,15.98653]]]]},"bbox":[100.241969,15.939618,100.311002,15.994822]},{"type":"Feature","id":"97c3f4d8-c170-4138-86f1-edefc53dd3bc","properties":{"id":"97c3f4d8-c170-4138-86f1-edefc53dd3bc","code":"06660611","provinceCode":"66","nameTh":"องค์การบริหารส่วนตำบล ท้ายน้ำ","nameEn":null,"geometryType":"MUNICIPALITY","sourceUrl":"https://landometer.com/api/v2/citymeter-v3/grocery/info/geom/97c3f4d8-c170-4138-86f1-edefc53dd3bc/MUNICIPALITY","sourceSha256":"9ae2f513694a82e9a020613dc9752559d73488e75b3e4ad4c97511a82719321a","retrievedAt":"2026-10-04T05:44:10.287797+00:00","boundaryVintage":null,"geometryStatus":"native_source_polygon_display_simplified","simplificationToleranceDegrees":0.00015,"simplificationPreservesTopology":true,"invalidSourceRepair":"make_valid; retain polygonal components; discard zero-area collapsed lines","legalBoundaryIndependentlyVerified":false,"areaId":"97c3f4d8-c170-4138-86f1-edefc53dd3bc"},"geometry":{"type":"Polygon","coordinates":[[[100.22917,16.171553],[100.228517,16.170893],[100.22834,16.170131],[100.228882,16.169067],[100.229999,16.169553],[100.233275,16.168515],[100.233213,16.167132],[100.233927,16.164776],[100.236146,16.163898],[100.238251,16.162476],[100.240962,16.159196],[100.243765,16.157941],[100.246854,16.157427],[100.247479,16.157752],[100.24896,16.157161],[100.249588,16.156608],[100.253273,16.157307],[100.254142,16.157264],[100.245282,16.145828],[100.241769,16.147687],[100.238853,16.145939],[100.238315,16.142039],[100.245437,16.121813],[100.231285,16.111643],[100.22234,16.116053],[100.222146,16.115889],[100.218533,16.11793],[100.211242,16.11887],[100.210229,16.116145],[100.205368,16.121028],[100.203724,16.118145],[100.201035,16.119202],[100.20005,16.117407],[100.197079,16.118702],[100.184903,16.115475],[100.161122,16.106053],[100.161091,16.106672],[100.164546,16.109976],[100.16499,16.111037],[100.167707,16.11481],[100.168273,16.115889],[100.169966,16.121549],[100.170397,16.124287],[100.17085,16.132959],[100.170467,16.137417],[100.170387,16.144267],[100.171227,16.146154],[100.171014,16.147826],[100.172939,16.148811],[100.173254,16.15005],[100.173018,16.151388],[100.173159,16.151642],[100.173536,16.151651],[100.174537,16.151382],[100.175322,16.150666],[100.175417,16.150175],[100.174665,16.148521],[100.174906,16.147009],[100.175561,16.146543],[100.176219,16.146565],[100.176189,16.147953],[100.175812,16.148744],[100.177369,16.149772],[100.177108,16.150785],[100.176457,16.151808],[100.176534,16.152314],[100.177161,16.152733],[100.178276,16.152735],[100.178509,16.153494],[100.179141,16.15405],[100.179574,16.155542],[100.180631,16.155702],[100.181679,16.155307],[100.182026,16.155438],[100.182266,16.156],[100.182249,16.156351],[100.181072,16.157803],[100.180864,16.158954],[100.182286,16.161085],[100.182305,16.162981],[100.183214,16.165389],[100.182969,16.16589],[100.183321,16.167302],[100.184672,16.16775],[100.184914,16.168773],[100.184889,16.170614],[100.185326,16.171551],[100.183653,16.172385],[100.18381,16.17305],[100.182791,16.173749],[100.183303,16.177842],[100.184724,16.180957],[100.185949,16.182176],[100.192569,16.184829],[100.194149,16.186041],[100.197123,16.189869],[100.197898,16.189371],[100.202373,16.189482],[100.212944,16.191235],[100.21788,16.191385],[100.22083,16.191916],[100.223804,16.191973],[100.224469,16.191523],[100.225189,16.188611],[100.227707,16.18385],[100.22863,16.183762],[100.22867,16.18067],[100.228258,16.178332],[100.228466,16.172979],[100.22917,16.171553]]]},"bbox":[100.161091,16.106053,100.254142,16.192066]},{"type":"Feature","id":"3c57a618-0a3a-4fc3-aac4-80100bac4c82","properties":{"id":"3c57a618-0a3a-4fc3-aac4-80100bac4c82","code":"06660612","provinceCode":"66","nameTh":"องค์การบริหารส่วนตำบล บ้านน้อย","nameEn":null,"geometryType":"MUNICIPALITY","sourceUrl":"https://landometer.com/api/v2/citymeter-v3/grocery/info/geom/3c57a618-0a3a-4fc3-aac4-80100bac4c82/MUNICIPALITY","sourceSha256":"4f66e15548d815ca3dd6ecb09577a8764df331a792ac3a8f583ef2f62bbc64e0","retrievedAt":"2026-10-04T05:44:10.310848+00:00","boundaryVintage":null,"geometryStatus":"native_source_polygon_display_simplified","simplificationToleranceDegrees":0.00015,"simplificationPreservesTopology":true,"invalidSourceRepair":"make_valid; retain polygonal components; discard zero-area collapsed lines","legalBoundaryIndependentlyVerified":false,"areaId":"3c57a618-0a3a-4fc3-aac4-80100bac4c82"},"geometry":{"type":"MultiPolygon","coordinates":[[[[100.26347700019144,16.044812053221733],[100.263477,16.044812],[100.262104,16.044394],[100.26347700019144,16.044812053221733]]],[[[100.333319,16.024166],[100.333734,16.02352],[100.333643,16.023109],[100.33231,16.022563],[100.331192,16.019893],[100.331398,16.018251],[100.332655,16.015836],[100.332746,16.014657],[100.332532,16.013767],[100.330937,16.010925],[100.326626,16.006396],[100.325198,16.008468],[100.324691,16.007725],[100.323946,16.008523],[100.32017,16.014],[100.316638,16.016344],[100.2968,16.015286],[100.283814,16.018343],[100.275419,16.026317],[100.26438,16.045087],[100.26347700019144,16.044812053221733],[100.263317,16.045235],[100.258789,16.045864],[100.254148,16.0519],[100.24263,16.057367],[100.245108,16.072984],[100.246249,16.072928],[100.246851,16.0725],[100.256145,16.077042],[100.258064,16.083062],[100.281814,16.084123],[100.281338,16.08786],[100.28403,16.075466],[100.300326,16.058445],[100.308323,16.043835],[100.319148,16.032755],[100.33275,16.023344],[100.333319,16.024166]]]]},"bbox":[100.24263,16.006396,100.333734,16.08786]},{"type":"Feature","id":"f1ac1600-b369-4ba7-9691-ecab4d479f9c","properties":{"id":"f1ac1600-b369-4ba7-9691-ecab4d479f9c","code":"06660613","provinceCode":"66","nameTh":"องค์การบริหารส่วนตำบล วัดขวาง","nameEn":null,"geometryType":"MUNICIPALITY","sourceUrl":"https://landometer.com/api/v2/citymeter-v3/grocery/info/geom/f1ac1600-b369-4ba7-9691-ecab4d479f9c/MUNICIPALITY","sourceSha256":"f44f37b92ff629fddc1c2e6a00c7830d04039b7c9cffa60a5f3d4f5af876580f","retrievedAt":"2026-10-04T05:44:10.291428+00:00","boundaryVintage":null,"geometryStatus":"native_source_polygon_display_simplified","simplificationToleranceDegrees":0.00015,"simplificationPreservesTopology":true,"invalidSourceRepair":"make_valid; retain polygonal components; discard zero-area collapsed lines","legalBoundaryIndependentlyVerified":false,"areaId":"f1ac1600-b369-4ba7-9691-ecab4d479f9c"},"geometry":{"type":"Polygon","coordinates":[[[100.26738,16.187525],[100.267719,16.186605],[100.269215,16.185698],[100.273543,16.184895],[100.277059,16.186942],[100.278076,16.187093],[100.281199,16.188271],[100.284022,16.18844],[100.285598,16.187355],[100.286745,16.187981],[100.287323,16.187938],[100.289056,16.18632],[100.290486,16.185722],[100.290531,16.185348],[100.291891,16.18486],[100.292721,16.183989],[100.295532,16.183746],[100.299493,16.182185],[100.300164,16.181387],[100.299358,16.180879],[100.299785,16.179646],[100.299639,16.179396],[100.299846,16.178566],[100.299178,16.177461],[100.30062,16.176274],[100.301523,16.176608],[100.303906,16.176779],[100.308957,16.173608],[100.310753,16.172007],[100.31373,16.170961],[100.315517,16.170688],[100.317124,16.169078],[100.317453,16.169164],[100.31927,16.168417],[100.32165,16.16811],[100.323864,16.167111],[100.326273,16.167074],[100.33184,16.167886],[100.331838,16.165873],[100.330788,16.163892],[100.330827,16.161465],[100.330218,16.16047],[100.330251,16.159814],[100.330906,16.158861],[100.333742,16.158397],[100.334482,16.157866],[100.334917,16.157001],[100.334922,16.156119],[100.335978,16.15231],[100.335879,16.151472],[100.334985,16.149703],[100.333195,16.147175],[100.333737,16.146392],[100.333293,16.145738],[100.333476,16.145021],[100.334637,16.144039],[100.335222,16.143839],[100.335726,16.144062],[100.336362,16.144884],[100.336862,16.145037],[100.340923,16.145494],[100.343492,16.145398],[100.344483,16.144716],[100.344701,16.144265],[100.344379,16.142026],[100.344877,16.139962],[100.344444,16.140109],[100.29706,16.134801],[100.291714,16.136803],[100.286808,16.132878],[100.282932,16.131818],[100.279353,16.1331],[100.277921,16.13593],[100.276267,16.135385],[100.276156,16.135141],[100.275558,16.136273],[100.277511,16.143103],[100.271277,16.143781],[100.267414,16.146701],[100.26329,16.145672],[100.260784,16.1491],[100.257352,16.149869],[100.254956,16.153216],[100.254716,16.157302],[100.255444,16.157368],[100.255411,16.15943],[100.253631,16.169892],[100.254588,16.170024],[100.25558,16.170791],[100.256791,16.170832],[100.257484,16.171663],[100.258943,16.17168],[100.258602,16.174498],[100.258716,16.175678],[100.257729,16.182938],[100.2582,16.188781],[100.258719,16.189072],[100.258989,16.190274],[100.259471,16.190164],[100.260483,16.190554],[100.261405,16.188831],[100.261386,16.188197],[100.262047,16.187274],[100.261925,16.186521],[100.262437,16.185689],[100.263543,16.185559],[100.263907,16.185268],[100.265262,16.186706],[100.266148,16.186942],[100.266902,16.187523],[100.26738,16.187525]]]},"bbox":[100.253631,16.131818,100.344877,16.190597]},{"type":"Feature","id":"933818a9-ca60-4b5f-bcfd-fe4945ce0ba5","properties":{"id":"933818a9-ca60-4b5f-bcfd-fe4945ce0ba5","code":"06660704","provinceCode":"66","nameTh":"องค์การบริหารส่วนตำบล สามง่าม","nameEn":null,"geometryType":"MUNICIPALITY","sourceUrl":"https://landometer.com/api/v2/citymeter-v3/grocery/info/geom/933818a9-ca60-4b5f-bcfd-fe4945ce0ba5/MUNICIPALITY","sourceSha256":"8fd99e9a3f0183eb34d4e3f5e1fc0b43497d6f57a74d17aadcb0a988a626ac5d","retrievedAt":"2026-10-04T05:44:10.320789+00:00","boundaryVintage":null,"geometryStatus":"native_source_polygon_display_simplified","simplificationToleranceDegrees":0.00015,"simplificationPreservesTopology":true,"invalidSourceRepair":"make_valid; retain polygonal components; discard zero-area collapsed lines","legalBoundaryIndependentlyVerified":false,"areaId":"933818a9-ca60-4b5f-bcfd-fe4945ce0ba5"},"geometry":{"type":"Polygon","coordinates":[[[100.235145,16.518366],[100.235689,16.51692],[100.23776,16.514143],[100.238895,16.513423],[100.242062,16.512636],[100.243335,16.511662],[100.248365,16.505289],[100.248812,16.504006],[100.248858,16.502825],[100.249261,16.502709],[100.250027,16.503087],[100.250593,16.503016],[100.250239,16.502275],[100.250167,16.499873],[100.250607,16.499239],[100.252302,16.498096],[100.252095,16.497432],[100.250185,16.496228],[100.250155,16.495523],[100.25063,16.494578],[100.253187,16.492677],[100.253908,16.490886],[100.253591,16.490398],[100.252987,16.49007],[100.25068,16.490268],[100.24984,16.489654],[100.249625,16.488276],[100.250219,16.48537],[100.249455,16.482834],[100.24946,16.480486],[100.248771,16.47886],[100.248295,16.47683],[100.247154,16.474716],[100.246687,16.473305],[100.246903,16.472833],[100.249268,16.471254],[100.250737,16.469433],[100.253821,16.467321],[100.254859,16.464909],[100.254924,16.463624],[100.254587,16.461446],[100.255243,16.460089],[100.254908,16.459945],[100.254503,16.460763],[100.237097,16.461073],[100.229056,16.46322],[100.190564,16.462046],[100.17998,16.463564],[100.17,16.462473],[100.169031,16.46494],[100.168681,16.466957],[100.1679,16.468066],[100.167134,16.468472],[100.166758,16.46903],[100.164615,16.469658],[100.164078,16.470066],[100.163601,16.471117],[100.164874,16.47183],[100.164383,16.472201],[100.164357,16.472669],[100.164034,16.473051],[100.164236,16.473756],[100.165345,16.474562],[100.166957,16.474889],[100.167283,16.475189],[100.167172,16.475507],[100.166456,16.475994],[100.165623,16.47799],[100.164322,16.478173],[100.16422,16.479013],[100.164697,16.480111],[100.16434,16.481215],[100.165483,16.482821],[100.166751,16.483905],[100.16768,16.484201],[100.168274,16.485295],[100.169027,16.48572],[100.168975,16.486768],[100.168639,16.487552],[100.169545,16.488113],[100.169904,16.490342],[100.170262,16.490974],[100.170041,16.49187],[100.170119,16.492871],[100.169258,16.494083],[100.168908,16.495055],[100.169302,16.495615],[100.169225,16.496419],[100.169941,16.497024],[100.17002,16.497823],[100.170494,16.49852],[100.17016,16.499198],[100.170126,16.500377],[100.170395,16.500556],[100.171082,16.500334],[100.171458,16.501085],[100.17219,16.500682],[100.17256,16.500901],[100.17261,16.501357],[100.172974,16.501698],[100.172667,16.502196],[100.172853,16.502899],[100.179576,16.508874],[100.181941,16.510666],[100.186129,16.512422],[100.188126,16.512027],[100.188783,16.513748],[100.189276,16.516974],[100.189249,16.519236],[100.188025,16.525172],[100.188861,16.531627],[100.191066,16.5336],[100.191528,16.535506],[100.192456,16.535685],[100.193789,16.541438],[100.19415,16.542],[100.195593,16.540656],[100.202801,16.5419],[100.211692,16.541187],[100.228354,16.541183],[100.22839,16.540218],[100.229098,16.540523],[100.229344,16.541327],[100.229218,16.54224],[100.229631,16.542281],[100.230334,16.54146],[100.230108,16.543102],[100.230262,16.543056],[100.231102,16.542274],[100.23127,16.541815],[100.229893,16.537921],[100.230602,16.535869],[100.232886,16.531519],[100.233955,16.530352],[100.235068,16.529648],[100.235935,16.529398],[100.235145,16.518366]],[[100.21457,16.503556],[100.218237,16.524637],[100.208738,16.526596],[100.204917,16.519573],[100.190081,16.507242],[100.189396,16.507973],[100.188611,16.507321],[100.188188,16.508269],[100.181859,16.50301],[100.183342,16.501641],[100.182494,16.500937],[100.190773,16.497],[100.199966,16.497174],[100.21457,16.503556]]]},"bbox":[100.163594,16.459945,100.255263,16.543102]},{"type":"Feature","id":"77cf6b07-8934-4ffc-9197-9c0d4bbdccb7","properties":{"id":"77cf6b07-8934-4ffc-9197-9c0d4bbdccb7","code":"06660705","provinceCode":"66","nameTh":"องค์การบริหารส่วนตำบล รังนก","nameEn":null,"geometryType":"MUNICIPALITY","sourceUrl":"https://landometer.com/api/v2/citymeter-v3/grocery/info/geom/77cf6b07-8934-4ffc-9197-9c0d4bbdccb7/MUNICIPALITY","sourceSha256":"6cbfe45125dec89f2b95946a63a11e9283b66cc9612f5290f22fa853df02f1fe","retrievedAt":"2026-10-04T05:44:10.291152+00:00","boundaryVintage":null,"geometryStatus":"native_source_polygon_display_simplified","simplificationToleranceDegrees":0.00015,"simplificationPreservesTopology":true,"invalidSourceRepair":"make_valid; retain polygonal components; discard zero-area collapsed lines","legalBoundaryIndependentlyVerified":false,"areaId":"77cf6b07-8934-4ffc-9197-9c0d4bbdccb7"},"geometry":{"type":"MultiPolygon","coordinates":[[[[100.252229,16.448911],[100.253451,16.447738],[100.253464,16.44706],[100.251001,16.443582],[100.249076,16.444062],[100.247866,16.443231],[100.246826,16.442921],[100.245777,16.443468],[100.244863,16.444622],[100.244217,16.444654],[100.243402,16.443438],[100.243594,16.44031],[100.241207,16.438356],[100.239892,16.436395],[100.238701,16.436525],[100.238096,16.437227],[100.237683,16.437306],[100.232964,16.435067],[100.230441,16.433343],[100.22879,16.433775],[100.228203,16.433663],[100.227299,16.432381],[100.226436,16.431808],[100.226952,16.429695],[100.227736,16.428921],[100.227698,16.427848],[100.228091,16.427617],[100.228834,16.427672],[100.230554,16.426976],[100.231651,16.425974],[100.231286,16.42463],[100.231372,16.423612],[100.231672,16.423074],[100.23169,16.42168],[100.232847,16.420952],[100.233286,16.419741],[100.234276,16.418841],[100.235158,16.416955],[100.233307,16.415302],[100.230847,16.410624],[100.229468,16.408918],[100.226434,16.406398],[100.225911,16.405429],[100.223436,16.405306],[100.221499,16.404633],[100.22016,16.403519],[100.220164,16.402757],[100.220878,16.401716],[100.220665,16.400841],[100.219558,16.400399],[100.218276,16.400362],[100.217689,16.400019],[100.217243,16.398628],[100.218311,16.396081],[100.218746,16.393058],[100.217629,16.389345],[100.217756,16.388769],[100.218765,16.389048],[100.219023,16.388327],[100.217049,16.386801],[100.215433,16.38594],[100.214313,16.384492],[100.212856,16.383278],[100.211493,16.383059],[100.20893,16.383115],[100.205528,16.382435],[100.197541,16.381821],[100.199651,16.382458],[100.195407,16.388424],[100.192889,16.394403],[100.189647,16.413396],[100.183847,16.429073],[100.175319,16.440693],[100.18486,16.446083],[100.176137,16.441269],[100.177019,16.441756],[100.172636,16.447677],[100.174204,16.448939],[100.175034,16.4501],[100.175597,16.452168],[100.175471,16.453902],[100.175832,16.454419],[100.175798,16.45531],[100.175317,16.455898],[100.174016,16.456153],[100.172741,16.456747],[100.171917,16.4572],[100.171432,16.457774],[100.17000007102189,16.462473007764014],[100.17998,16.463564],[100.190564,16.462046],[100.229056,16.46322],[100.237097,16.461073],[100.254503,16.460763],[100.254908,16.459945],[100.255318,16.460086],[100.256115,16.458743],[100.256423,16.457972],[100.256492,16.456471],[100.255922,16.455829],[100.254334,16.455486],[100.254022,16.455168],[100.253925,16.454568],[100.254278,16.452538],[100.253839,16.451491],[100.252187,16.449616],[100.252229,16.448911]]],[[[100.255263,16.460151],[100.2552629662299,16.46015089531271],[100.255145,16.46029],[100.255263,16.460151]]],[[[100.169993,16.462608],[100.17000007102189,16.462473007764014],[100.17,16.462473],[100.169993,16.462608]]]]},"bbox":[100.169993,16.381821,100.256502,16.463564]},{"type":"Feature","id":"0fc6e8cf-4c35-4552-af77-6f201c78ae57","properties":{"id":"0fc6e8cf-4c35-4552-af77-6f201c78ae57","code":"06660706","provinceCode":"66","nameTh":"องค์การบริหารส่วนตำบล หนองโสน","nameEn":null,"geometryType":"MUNICIPALITY","sourceUrl":"https://landometer.com/api/v2/citymeter-v3/grocery/info/geom/0fc6e8cf-4c35-4552-af77-6f201c78ae57/MUNICIPALITY","sourceSha256":"0e302d40fb78e3a557f6eceaec84a10d98439c79844b8490d494c257cc93aab4","retrievedAt":"2026-10-04T05:44:10.312045+00:00","boundaryVintage":null,"geometryStatus":"native_source_polygon_display_simplified","simplificationToleranceDegrees":0.00015,"simplificationPreservesTopology":true,"invalidSourceRepair":"make_valid; retain polygonal components; discard zero-area collapsed lines","legalBoundaryIndependentlyVerified":false,"areaId":"0fc6e8cf-4c35-4552-af77-6f201c78ae57"},"geometry":{"type":"MultiPolygon","coordinates":[[[[100.069848,16.445821],[100.070936,16.446385],[100.072141,16.446233],[100.081787,16.44214],[100.086925,16.440778],[100.08925291293833,16.440491663845222],[100.088392,16.440353],[100.081721,16.4411],[100.07739,16.439149],[100.077646,16.433362],[100.081862,16.431251],[100.082787,16.427868],[100.092928,16.424471],[100.092887,16.422414],[100.083737,16.422244],[100.081889,16.424255],[100.076383,16.425774],[100.074332,16.414142],[100.079949,16.416272],[100.083997,16.419883],[100.087546,16.410551],[100.086289,16.407313],[100.088743,16.399747],[100.079328,16.386954],[100.071398,16.372162],[100.069153,16.36419],[100.069831,16.35687],[100.073021,16.358859],[100.073287,16.358565],[100.072867,16.357321],[100.073397,16.357442],[100.072409,16.357216],[100.069882,16.356892],[100.066096,16.355078],[100.065938,16.35486],[100.0662,16.352657],[100.063135,16.351726],[100.062893,16.352135],[100.060874,16.350259],[100.061635,16.344589],[100.062097,16.330521],[100.061607,16.330605],[100.058839,16.326012],[100.057161,16.325347],[100.056041,16.325479],[100.055528,16.324731],[100.052557,16.325877],[100.050192,16.325618],[100.047899,16.323662],[100.045234,16.323206],[100.042315,16.32337],[100.041851,16.323815],[100.035372,16.321853],[100.033462,16.320941],[100.032833,16.320369],[100.028967,16.320183],[100.027683,16.319797],[100.027093,16.319346],[100.027908,16.316644],[100.028084,16.314854],[100.027142,16.314729],[100.026725,16.315081],[100.026184,16.314846],[100.025166,16.315114],[100.024635,16.314291],[100.024234,16.314397],[100.023139,16.313873],[100.022733,16.313971],[100.02211,16.313615],[100.021847,16.312978],[100.020802,16.312885],[100.020673,16.31326],[100.020171,16.313556],[100.020504,16.314046],[100.01981,16.314717],[100.019992,16.315319],[100.019806,16.315989],[100.019329,16.316031],[100.019437,16.315499],[100.01905,16.314665],[100.018656,16.314637],[100.018307,16.316138],[100.016001,16.318419],[100.015929,16.318588],[100.016358,16.318867],[100.016238,16.319233],[100.015278,16.319341],[100.01526,16.320069],[100.013395,16.31999],[100.013348,16.320178],[100.013767,16.320379],[100.013718,16.320628],[100.012901,16.320371],[100.013144,16.321407],[100.013548,16.321772],[100.013325,16.322276],[100.013799,16.323508],[100.013684,16.323833],[100.014025,16.324149],[100.013801,16.324593],[100.014238,16.324648],[100.01457,16.325217],[100.013631,16.324976],[100.013957,16.325505],[100.013874,16.326002],[100.014215,16.326288],[100.013973,16.32686],[100.014733,16.326938],[100.014273,16.327152],[100.014494,16.327406],[100.01444,16.327921],[100.014059,16.328387],[100.014563,16.328669],[100.014666,16.329166],[100.014231,16.329453],[100.014623,16.329939],[100.013668,16.329768],[100.013513,16.330712],[100.0132,16.330983],[100.013565,16.331666],[100.013057,16.331811],[100.012832,16.332609],[100.012237,16.332861],[100.012386,16.332566],[100.01218,16.332282],[100.011734,16.332209],[100.011421,16.332459],[100.011244,16.331965],[100.010656,16.332087],[100.010528,16.332494],[100.00952,16.33282],[100.007579,16.332687],[100.007349,16.333016],[100.007581,16.33355],[100.00696,16.333833],[100.006948,16.33438],[100.006509,16.334318],[100.006467,16.334651],[100.005584,16.334886],[100.005706,16.335641],[100.006155,16.335919],[100.005713,16.33659],[100.005777,16.337902],[100.005158,16.33859],[100.005485,16.339399],[100.004637,16.339793],[100.003797,16.34069],[100.003659,16.342254],[100.001849,16.342785],[99.999839,16.347433],[99.997819,16.353573],[99.997527,16.354051],[99.996291,16.35488],[99.995409,16.356265],[99.995117,16.357202],[99.995245,16.362482],[99.994873,16.363724],[99.987598,16.370748],[99.985469,16.374029],[99.984006,16.377326],[99.983692,16.379109],[99.983725,16.380989],[99.985115,16.385311],[99.986664,16.389373],[99.991543,16.397026],[99.994057,16.403117],[99.994846,16.406834],[99.995284,16.410801],[99.994642,16.419033],[99.994225,16.421692],[99.993694,16.43169],[99.993831,16.435007],[100.003503,16.438045],[100.00637,16.437558],[100.006581,16.437933],[100.01068,16.438118],[100.016901,16.437838],[100.017961,16.4395],[100.021451,16.439844],[100.035987,16.442129],[100.040519,16.444062],[100.042109,16.445144],[100.043456,16.447265],[100.044773,16.448408],[100.048816,16.45087],[100.052307,16.452202],[100.055392,16.452992],[100.057022,16.454248],[100.059342,16.454198],[100.063103,16.453265],[100.06375,16.450134],[100.063283,16.449859],[100.063221,16.447245],[100.064685,16.446584],[100.068133,16.447281],[100.069848,16.445821]]],[[[100.089269,16.44049],[100.089364,16.440478],[100.08925291293833,16.440491663845222],[100.089269,16.44049]]]]},"bbox":[99.983692,16.312863,100.092928,16.454249]},{"type":"Feature","id":"281ca8d9-7418-46b1-92c3-908265f3eaba","properties":{"id":"281ca8d9-7418-46b1-92c3-908265f3eaba","code":"06660707","provinceCode":"66","nameTh":"องค์การบริหารส่วนตำบล กำแพงดิน","nameEn":null,"geometryType":"MUNICIPALITY","sourceUrl":"https://landometer.com/api/v2/citymeter-v3/grocery/info/geom/281ca8d9-7418-46b1-92c3-908265f3eaba/MUNICIPALITY","sourceSha256":"dfdcda30dfd171213d7afc2e7df5254167d15f660be48e98856959105d3b9b43","retrievedAt":"2026-10-04T05:44:10.301004+00:00","boundaryVintage":null,"geometryStatus":"native_source_polygon_display_simplified","simplificationToleranceDegrees":0.00015,"simplificationPreservesTopology":true,"invalidSourceRepair":"make_valid; retain polygonal components; discard zero-area collapsed lines","legalBoundaryIndependentlyVerified":false,"areaId":"281ca8d9-7418-46b1-92c3-908265f3eaba"},"geometry":{"type":"Polygon","coordinates":[[[100.2176,16.629921],[100.218977,16.629556],[100.224676,16.626231],[100.225576,16.626128],[100.225863,16.622694],[100.226516,16.620946],[100.225446,16.618663],[100.225801,16.61707],[100.22631,16.616724],[100.228638,16.617889],[100.23062,16.618046],[100.231487,16.616782],[100.232972,16.612686],[100.232757,16.603953],[100.233215,16.597416],[100.2331,16.593896],[100.232925,16.58968],[100.23122,16.578847],[100.23127,16.568062],[100.232348,16.558239],[100.233122,16.555614],[100.234149,16.55534],[100.234551,16.554441],[100.234467,16.55207],[100.23474,16.551335],[100.235121,16.551147],[100.233241,16.549522],[100.232609,16.548639],[100.232741,16.548404],[100.232214,16.547533],[100.23127,16.541815],[100.230854,16.542574],[100.230108,16.543102],[100.230334,16.54146],[100.229631,16.542281],[100.229218,16.54224],[100.229344,16.541327],[100.229098,16.540523],[100.22839,16.540218],[100.228354,16.541183],[100.211692,16.541187],[100.202801,16.5419],[100.195593,16.540656],[100.19415,16.542],[100.196025,16.556556],[100.194367,16.559565],[100.193078,16.563847],[100.19168,16.570013],[100.179724,16.573685],[100.166864,16.582701],[100.168614,16.58499],[100.169017,16.585048],[100.17044,16.587961],[100.170703,16.588855],[100.170504,16.590525],[100.173855,16.58934],[100.176626,16.588959],[100.183856,16.588944],[100.185177,16.589049],[100.185929,16.589385],[100.186066,16.590985],[100.185254,16.592758],[100.184294,16.594174],[100.180856,16.597193],[100.179749,16.598444],[100.178692,16.600318],[100.178487,16.601052],[100.178639,16.60167],[100.179378,16.602388],[100.181233,16.603336],[100.182995,16.605676],[100.185884,16.607517],[100.187346,16.607545],[100.188325,16.606362],[100.189143,16.606138],[100.191987,16.607465],[100.192824,16.607586],[100.19447,16.607224],[100.196434,16.607802],[100.197412,16.609265],[100.19726,16.610756],[100.196544,16.61183],[100.194219,16.613877],[100.194914,16.615971],[100.194712,16.617306],[100.195334,16.618043],[100.194765,16.619651],[100.194849,16.620111],[100.195936,16.61977],[100.20016,16.617353],[100.20111,16.61761],[100.200901,16.621191],[100.202789,16.623634],[100.202196,16.623705],[100.202212,16.624166],[100.200687,16.624178],[100.196472,16.626401],[100.195428,16.626503],[100.193202,16.626037],[100.191908,16.626571],[100.191598,16.627528],[100.192078,16.629588],[100.190684,16.630949],[100.190189,16.631759],[100.190341,16.633406],[100.195118,16.633593],[100.194788,16.635649],[100.194074,16.636632],[100.193046,16.639081],[100.193758,16.641136],[100.19187,16.642899],[100.191473,16.643761],[100.191135,16.646018],[100.19204,16.647169],[100.192319,16.648018],[100.193259,16.648218],[100.194021,16.64666],[100.196716,16.644034],[100.197891,16.643181],[100.199338,16.642639],[100.200503,16.643268],[100.200897,16.643238],[100.201805,16.642294],[100.202697,16.64198],[100.204087,16.642899],[100.203787,16.643816],[100.203818,16.645445],[100.206748,16.644986],[100.207652,16.644454],[100.208499,16.644799],[100.208643,16.644479],[100.209228,16.644709],[100.209828,16.644509],[100.211342,16.644703],[100.212329,16.644524],[100.214016,16.645701],[100.214983,16.646795],[100.215662,16.646972],[100.215863,16.647636],[100.216521,16.648434],[100.216217,16.646094],[100.216331,16.645193],[100.215688,16.64494],[100.216456,16.64203],[100.215794,16.641818],[100.216068,16.639545],[100.21522,16.638807],[100.215231,16.637786],[100.216853,16.635461],[100.217489,16.633821],[100.217806,16.632127],[100.217124,16.631575],[100.2176,16.629921]],[[100.229858,16.577563],[100.229123,16.586821],[100.215624,16.586309],[100.215768,16.576104],[100.229858,16.577563]]]},"bbox":[100.166864,16.540218,100.235124,16.648434]},{"type":"Feature","id":"e40eb9b1-b9da-4e53-9ff8-8a9f92345464","properties":{"id":"e40eb9b1-b9da-4e53-9ff8-8a9f92345464","code":"06660803","provinceCode":"66","nameTh":"องค์การบริหารส่วนตำบล เขาเจ็ดลูก","nameEn":null,"geometryType":"MUNICIPALITY","sourceUrl":"https://landometer.com/api/v2/citymeter-v3/grocery/info/geom/e40eb9b1-b9da-4e53-9ff8-8a9f92345464/MUNICIPALITY","sourceSha256":"886e95f750f15e7857f1b864c4d4143f499e7f4bddca0783e0dcb6a259ba26ea","retrievedAt":"2026-10-04T05:44:10.311317+00:00","boundaryVintage":null,"geometryStatus":"native_source_polygon_display_simplified","simplificationToleranceDegrees":0.00015,"simplificationPreservesTopology":true,"invalidSourceRepair":"make_valid; retain polygonal components; discard zero-area collapsed lines","legalBoundaryIndependentlyVerified":false,"areaId":"e40eb9b1-b9da-4e53-9ff8-8a9f92345464"},"geometry":{"type":"Polygon","coordinates":[[[100.649497,16.308401],[100.650385,16.30541],[100.649969,16.298939],[100.650249,16.296881],[100.652678,16.289691],[100.65447,16.288242],[100.656211,16.284132],[100.65681,16.28332],[100.658112,16.282324],[100.665053,16.279846],[100.670052,16.278855],[100.670087,16.278016],[100.671312,16.276081],[100.671174,16.275356],[100.670699,16.27588],[100.670331,16.275643],[100.670739,16.274741],[100.670945,16.273077],[100.670625,16.272572],[100.670339,16.27295],[100.670364,16.271169],[100.669135,16.272809],[100.667674,16.273388],[100.668678,16.271821],[100.667702,16.272462],[100.66721,16.272285],[100.667915,16.271116],[100.667983,16.270418],[100.667608,16.269892],[100.666716,16.270987],[100.66534,16.271482],[100.666173,16.27012],[100.66541,16.270533],[100.664873,16.270382],[100.665635,16.268825],[100.665728,16.267309],[100.664524,16.268912],[100.664745,16.268199],[100.664635,16.267143],[100.663709,16.268286],[100.663738,16.267369],[100.663445,16.267124],[100.663232,16.267441],[100.656025,16.265957],[100.651017,16.262241],[100.648344,16.262435],[100.64037,16.256105],[100.639453,16.253758],[100.636824,16.254503],[100.635921,16.25234],[100.630011,16.25213],[100.62839,16.250347],[100.621542,16.251011],[100.61861,16.249008],[100.616246,16.250904],[100.610446,16.248475],[100.610062,16.249698],[100.608351,16.247667],[100.605988,16.249027],[100.604899,16.246917],[100.604559,16.248947],[100.601598,16.249599],[100.60062,16.246739],[100.598327,16.248217],[100.596674,16.246045],[100.586479,16.246757],[100.581141,16.240767],[100.57888,16.242873],[100.57743,16.245253],[100.576708,16.249231],[100.570666,16.248235],[100.565482,16.246524],[100.560354,16.246691],[100.560714,16.251502],[100.560193,16.251578],[100.560574,16.253197],[100.557645,16.254158],[100.557547,16.254891],[100.556228,16.254923],[100.55615,16.255312],[100.551687,16.255427],[100.550523,16.254882],[100.54927,16.255291],[100.548615,16.255785],[100.546108,16.256099],[100.544852,16.256779],[100.540733,16.256196],[100.540292,16.255528],[100.538938,16.255299],[100.538199,16.254668],[100.536926,16.25432],[100.536488,16.253933],[100.534516,16.253777],[100.53327,16.253062],[100.531851,16.253792],[100.529519,16.253666],[100.529168,16.255506],[100.527077,16.256826],[100.525374,16.255966],[100.524494,16.255845],[100.521219,16.256312],[100.520486,16.257088],[100.514191,16.257269],[100.509879,16.25614],[100.502851,16.254946],[100.498173,16.255083],[100.495931,16.25435],[100.494597,16.254287],[100.493993,16.254348],[100.493774,16.255199],[100.492101,16.255471],[100.490452,16.255381],[100.49038,16.25562],[100.489085,16.255522],[100.488782,16.256023],[100.488641,16.260585],[100.488286,16.263194],[100.488294,16.264465],[100.488582,16.264603],[100.488502,16.265778],[100.486987,16.271143],[100.48602,16.27295],[100.487042,16.274408],[100.489121,16.275642],[100.491089,16.277647],[100.494973,16.277679],[100.496034,16.27834],[100.497808,16.278394],[100.509446,16.289614],[100.5114,16.289939],[100.513094,16.290916],[100.514059,16.29082],[100.518782,16.296133],[100.51916,16.296841],[100.519229,16.297592],[100.519935,16.298243],[100.52252,16.302747],[100.526058,16.301987],[100.526039,16.30122],[100.530655,16.299534],[100.532386,16.298172],[100.535262,16.297368],[100.535243,16.296444],[100.539008,16.295679],[100.541531,16.294087],[100.54498,16.294389],[100.553808,16.296509],[100.554447,16.294747],[100.55551,16.294882],[100.556687,16.294604],[100.556962,16.294791],[100.557196,16.294403],[100.55749,16.294724],[100.557515,16.295332],[100.55785,16.295551],[100.559079,16.29467],[100.561181,16.293636],[100.562278,16.293799],[100.562697,16.293973],[100.562697,16.29448],[100.563168,16.294522],[100.563397,16.295077],[100.564335,16.295809],[100.564345,16.296366],[100.56496,16.296221],[100.564794,16.296704],[100.565081,16.297107],[100.565632,16.297287],[100.56658,16.298146],[100.567258,16.298068],[100.568204,16.298455],[100.568669,16.299706],[100.568539,16.300195],[100.56918,16.300382],[100.570575,16.301722],[100.571153,16.301873],[100.572427,16.302799],[100.573096,16.301906],[100.573579,16.302158],[100.575124,16.301348],[100.575359,16.302302],[100.57597,16.302357],[100.576635,16.302922],[100.577274,16.30281],[100.578749,16.303599],[100.579574,16.304827],[100.580131,16.304597],[100.580893,16.304946],[100.581899,16.305744],[100.582816,16.3061],[100.583613,16.307181],[100.585486,16.307698],[100.585656,16.307324],[100.586464,16.307547],[100.587013,16.305888],[100.592352,16.310213],[100.597139,16.310155],[100.598023,16.309669],[100.599346,16.309433],[100.599758,16.30971],[100.602194,16.31015],[100.60458,16.309436],[100.605458,16.309892],[100.605576,16.310442],[100.605929,16.31056],[100.605369,16.311063],[100.605517,16.311453],[100.605726,16.311455],[100.605871,16.311094],[100.606821,16.310959],[100.606785,16.310554],[100.607222,16.310579],[100.607486,16.311988],[100.607886,16.311789],[100.607861,16.312198],[100.608082,16.312244],[100.608233,16.311719],[100.608643,16.311943],[100.608459,16.312325],[100.60859,16.312789],[100.608837,16.312342],[100.609358,16.31259],[100.609132,16.312733],[100.60916,16.313071],[100.60967,16.312697],[100.609536,16.313137],[100.609988,16.312869],[100.61031,16.313178],[100.609657,16.313882],[100.60983,16.314317],[100.609673,16.314446],[100.6101,16.314569],[100.610225,16.315106],[100.609784,16.315268],[100.609757,16.315765],[100.610672,16.31536],[100.610386,16.315974],[100.61119,16.316362],[100.61151,16.31704],[100.612461,16.316739],[100.613999,16.316984],[100.615088,16.316265],[100.615712,16.31626],[100.615837,16.316726],[100.616189,16.316445],[100.616683,16.316508],[100.616206,16.317156],[100.616877,16.317059],[100.617113,16.3177],[100.617759,16.31809],[100.618965,16.3179],[100.619211,16.317482],[100.619945,16.317466],[100.621024,16.317927],[100.621218,16.318764],[100.621694,16.31883],[100.621864,16.318458],[100.622508,16.319077],[100.622892,16.318742],[100.622805,16.318265],[100.623441,16.317919],[100.623491,16.318305],[100.623721,16.318347],[100.624765,16.317229],[100.62528,16.31706],[100.625981,16.318988],[100.626735,16.318823],[100.626899,16.31905],[100.626731,16.319406],[100.627185,16.319411],[100.627492,16.319782],[100.627481,16.320266],[100.628787,16.320463],[100.628862,16.321077],[100.629247,16.321112],[100.629725,16.322157],[100.63052,16.321854],[100.630621,16.322516],[100.631394,16.322777],[100.631155,16.323372],[100.631694,16.323734],[100.631772,16.324073],[100.632512,16.323782],[100.632226,16.324259],[100.632325,16.32448],[100.63341,16.323888],[100.633829,16.324173],[100.63437,16.323808],[100.634639,16.324249],[100.634946,16.323858],[100.635431,16.32506],[100.635867,16.325078],[100.636631,16.325694],[100.637395,16.325249],[100.637456,16.325806],[100.636953,16.325997],[100.637394,16.326312],[100.638465,16.325903],[100.638824,16.325341],[100.639571,16.325399],[100.641292,16.32487],[100.642605,16.324907],[100.642963,16.324343],[100.645813,16.32382],[100.645711,16.323403],[100.645944,16.323294],[100.646193,16.323448],[100.646421,16.32438],[100.645956,16.325051],[100.646408,16.325354],[100.646381,16.325796],[100.646004,16.325795],[100.64611,16.326346],[100.646461,16.32625],[100.646797,16.326841],[100.647278,16.326715],[100.647465,16.327184],[100.647651,16.326881],[100.647977,16.326856],[100.648945,16.327313],[100.649254,16.326992],[100.650411,16.3227],[100.651603,16.320466],[100.652352,16.318138],[100.652619,16.315754],[100.652301,16.314303],[100.651262,16.312563],[100.649897,16.311194],[100.649314,16.309955],[100.649497,16.308401]]]},"bbox":[100.48602,16.240767,100.671342,16.327313]},{"type":"Feature","id":"3ef5222e-6184-4e50-9806-4c626166bde1","properties":{"id":"3ef5222e-6184-4e50-9806-4c626166bde1","code":"06660804","provinceCode":"66","nameTh":"องค์การบริหารส่วนตำบล เขาทราย","nameEn":null,"geometryType":"MUNICIPALITY","sourceUrl":"https://landometer.com/api/v2/citymeter-v3/grocery/info/geom/3ef5222e-6184-4e50-9806-4c626166bde1/MUNICIPALITY","sourceSha256":"917f89125ac45de4414a30307af90f406b290aadb7de2836e2cea7eddbcf8cf1","retrievedAt":"2026-10-04T05:44:10.384103+00:00","boundaryVintage":null,"geometryStatus":"native_source_polygon_display_simplified","simplificationToleranceDegrees":0.00015,"simplificationPreservesTopology":true,"invalidSourceRepair":"make_valid; retain polygonal components; discard zero-area collapsed lines","legalBoundaryIndependentlyVerified":false,"areaId":"3ef5222e-6184-4e50-9806-4c626166bde1"},"geometry":{"type":"MultiPolygon","coordinates":[[[[100.669285,16.254476],[100.669513,16.253405],[100.670192,16.252503],[100.670151,16.251663],[100.669243,16.250664],[100.668593,16.250936],[100.668278,16.251621],[100.668064,16.251309],[100.667152,16.250961],[100.667318,16.249135],[100.666784,16.249036],[100.666756,16.248498],[100.66793,16.248575],[100.668603,16.248125],[100.669259,16.248128],[100.669416,16.24856],[100.668477,16.249302],[100.668794,16.249726],[100.669222,16.249328],[100.670732,16.24968],[100.67148,16.248639],[100.671636,16.249148],[100.67368,16.250132],[100.673869,16.24985],[100.673264,16.249249],[100.674385,16.248293],[100.675473,16.248177],[100.676274,16.247806],[100.67777,16.248788],[100.678014,16.248441],[100.677347,16.247926],[100.677354,16.24769],[100.678641,16.247487],[100.678997,16.247737],[100.679082,16.24857],[100.680233,16.248805],[100.680326,16.249827],[100.680893,16.249812],[100.680957,16.249172],[100.680693,16.248444],[100.681042,16.248061],[100.681745,16.24969],[100.682393,16.249813],[100.682537,16.249093],[100.682989,16.248968],[100.683017,16.24969],[100.683911,16.24986],[100.684217,16.250883],[100.684747,16.251196],[100.685158,16.250119],[100.685542,16.249866],[100.68596,16.249983],[100.686227,16.250676],[100.687886,16.250089],[100.688946,16.250641],[100.689376,16.249903],[100.690586,16.25036],[100.690737,16.249462],[100.691484,16.249185],[100.691719,16.248335],[100.692729,16.248486],[100.693767,16.248115],[100.694429,16.248754],[100.694638,16.249879],[100.695636,16.249541],[100.696026,16.249662],[100.696098,16.250286],[100.695417,16.250925],[100.695483,16.251877],[100.695936,16.251893],[100.69664,16.251055],[100.697428,16.252197],[100.698798,16.251867],[100.699406,16.25274],[100.700257,16.253165],[100.70154,16.25287],[100.701619,16.25342],[100.700969,16.253835],[100.700755,16.25433],[100.699574,16.25465],[100.699512,16.255702],[100.700148,16.256217],[100.700288,16.256901],[100.700761,16.256963],[100.700748,16.258135],[100.701857,16.259241],[100.701918,16.259863],[100.702616,16.259164],[100.702608,16.259952],[100.703214,16.26081],[100.703263,16.261538],[100.703863,16.261966],[100.704119,16.262819],[100.704552,16.262628],[100.704905,16.263596],[100.705202,16.263714],[100.705557,16.263463],[100.706049,16.263807],[100.70591,16.263309],[100.706131,16.26312],[100.706299,16.263565],[100.706817,16.263703],[100.706329,16.264166],[100.706548,16.264445],[100.707746,16.264401],[100.707986,16.264169],[100.708502,16.264602],[100.708854,16.26424],[100.70881,16.264871],[100.709137,16.26509],[100.710302,16.264088],[100.712502,16.262839],[100.714126,16.261594],[100.7174,16.257776],[100.719127,16.254721],[100.719844,16.250827],[100.718996,16.25082],[100.71844,16.249612],[100.718097,16.249516],[100.71761,16.248776],[100.716958,16.249163],[100.715699,16.248394],[100.715575,16.248],[100.715133,16.247728],[100.714639,16.247854],[100.714558,16.246996],[100.713787,16.246954],[100.713427,16.24642],[100.712751,16.246684],[100.711852,16.24574],[100.712407,16.245098],[100.711734,16.244684],[100.711829,16.243815],[100.711313,16.243704],[100.71124,16.244125],[100.710586,16.244058],[100.709954,16.245592],[100.708624,16.243659],[100.705251,16.238512],[100.698191,16.226824],[100.696135,16.222432],[100.693599,16.217896],[100.688825,16.210479],[100.68701,16.207158],[100.683749,16.202708],[100.666043,16.174153],[100.649016,16.148254],[100.646736,16.142468],[100.644221,16.139314],[100.644122,16.138591],[100.64461,16.137864],[100.647317,16.13696],[100.647943,16.136405],[100.648185,16.135114],[100.648012,16.133072],[100.648694,16.131915],[100.648391,16.130538],[100.64863,16.13002],[100.649524,16.129169],[100.653506,16.127215],[100.654513,16.126618],[100.654808,16.126194],[100.654958,16.125161],[100.653414,16.118293],[100.653566,16.117271],[100.655003,16.113938],[100.654704,16.111518],[100.655167,16.110223],[100.655994,16.108899],[100.656193,16.107909],[100.654103,16.104696],[100.653086,16.102445],[100.653106,16.101751],[100.629823,16.105524],[100.610188,16.113542],[100.605031,16.120929],[100.603356,16.131076],[100.590595,16.125746],[100.587727,16.133999],[100.582749,16.122262],[100.578362,16.150209],[100.581413,16.150589],[100.586393,16.157902],[100.592975,16.159485],[100.595127,16.157556],[100.597912,16.162635],[100.600593,16.162438],[100.60083,16.164156],[100.601973,16.163334],[100.603698,16.166206],[100.604778,16.165626],[100.609663,16.169959],[100.609265,16.171259],[100.611704,16.174335],[100.612681,16.173612],[100.612805,16.175945],[100.614695,16.175555],[100.616173,16.179073],[100.6177,16.17917],[100.619316,16.176676],[100.621191,16.178941],[100.617743,16.181348],[100.619982,16.193402],[100.605451,16.194168],[100.604485,16.197717],[100.595241,16.200277],[100.589797,16.204914],[100.591998,16.209476],[100.599382,16.22035],[100.584454,16.230359],[100.579378,16.228243],[100.573961,16.231127],[100.57461,16.231851],[100.57439,16.232365],[100.574627,16.232947],[100.575429,16.233016],[100.575253,16.233505],[100.574899,16.2335],[100.574711,16.233975],[100.576026,16.233889],[100.577201,16.234192],[100.577144,16.234987],[100.577674,16.23493],[100.577714,16.236031],[100.578421,16.235542],[100.578956,16.235529],[100.579661,16.23486],[100.579836,16.235535],[100.579149,16.235978],[100.580233,16.236204],[100.580335,16.235491],[100.580686,16.235556],[100.581402,16.236681],[100.581054,16.237279],[100.582039,16.238048],[100.581764,16.238629],[100.582548,16.238897],[100.582041,16.239966],[100.58152,16.240211],[100.581391,16.239921],[100.58116,16.239957],[100.581183,16.240409],[100.57888,16.242873],[100.581141,16.240767],[100.586479,16.246757],[100.596674,16.246045],[100.598327,16.248217],[100.60062,16.246739],[100.601598,16.249599],[100.604559,16.248947],[100.604899,16.246917],[100.605988,16.249027],[100.608351,16.247667],[100.610062,16.249698],[100.610446,16.248475],[100.616246,16.250904],[100.61861,16.249008],[100.621542,16.251011],[100.62839,16.250347],[100.630011,16.25213],[100.635921,16.25234],[100.636824,16.254503],[100.639453,16.253758],[100.64037,16.256105],[100.648344,16.262435],[100.651017,16.262241],[100.656025,16.265957],[100.663232,16.267441],[100.663445,16.267124],[100.663738,16.267369],[100.66370900321084,16.268285992953984],[100.664635,16.267143],[100.664745,16.268199],[100.664524,16.268912],[100.665728,16.267309],[100.665635,16.268825],[100.664873,16.270382],[100.66541,16.270533],[100.666173,16.27012],[100.66534,16.271482],[100.665813,16.271448],[100.666716,16.270987],[100.667608,16.269892],[100.667983,16.270418],[100.667915,16.271116],[100.66721,16.272285],[100.667702,16.272462],[100.668714,16.271778],[100.667674,16.273388],[100.669135,16.272809],[100.670364,16.271169],[100.670224,16.271786],[100.670449,16.27238],[100.671679,16.272786],[100.671938,16.272264],[100.672537,16.272158],[100.672769,16.271842],[100.674457,16.271848],[100.678477,16.271036],[100.678204,16.270676],[100.678484,16.270292],[100.677629,16.268975],[100.678199,16.267069],[100.676736,16.263053],[100.676942,16.26092],[100.676436,16.259202],[100.675475,16.258726],[100.674727,16.257562],[100.674261,16.257463],[100.67391,16.256431],[100.673111,16.255925],[100.67289,16.255483],[100.670059,16.255448],[100.669483,16.255104],[100.669285,16.254476]],[[100.612397,16.147966],[100.633208,16.141282],[100.639145,16.157963],[100.618643,16.165233],[100.612397,16.147966]]],[[[100.663709,16.268286],[100.66370900321084,16.268285992953984],[100.663611,16.268366],[100.663709,16.268286]]],[[[100.6703394468085,16.27294919148939],[100.670625,16.272572],[100.670442,16.27242],[100.6703394468085,16.27294919148939]]],[[[100.670339,16.27295],[100.6703394468085,16.27294919148939],[100.67033,16.272961],[100.670339,16.27295]]]]},"bbox":[100.573961,16.101751,100.719844,16.273388]},{"type":"Feature","id":"19f34677-470e-48eb-99a6-421a05d354d9","properties":{"id":"19f34677-470e-48eb-99a6-421a05d354d9","code":"06660805","provinceCode":"66","nameTh":"องค์การบริหารส่วนตำบล ทับคล้อ","nameEn":null,"geometryType":"MUNICIPALITY","sourceUrl":"https://landometer.com/api/v2/citymeter-v3/grocery/info/geom/19f34677-470e-48eb-99a6-421a05d354d9/MUNICIPALITY","sourceSha256":"2a58e4e8018f15cb96b0c028aa139dca9ff16504c4ffbb75d41dbee4878c5358","retrievedAt":"2026-10-04T05:44:10.379281+00:00","boundaryVintage":null,"geometryStatus":"native_source_polygon_display_simplified","simplificationToleranceDegrees":0.00015,"simplificationPreservesTopology":true,"invalidSourceRepair":"make_valid; retain polygonal components; discard zero-area collapsed lines","legalBoundaryIndependentlyVerified":false,"areaId":"19f34677-470e-48eb-99a6-421a05d354d9"},"geometry":{"type":"Polygon","coordinates":[[[100.589797,16.204914],[100.595241,16.200277],[100.604485,16.197717],[100.605451,16.194168],[100.619982,16.193402],[100.617743,16.181348],[100.621191,16.178941],[100.619316,16.176676],[100.6177,16.17917],[100.616173,16.179073],[100.614695,16.175555],[100.612805,16.175945],[100.612681,16.173612],[100.611704,16.174335],[100.609265,16.171259],[100.609663,16.169959],[100.604778,16.165626],[100.603698,16.166206],[100.601973,16.163334],[100.60083,16.164156],[100.600593,16.162438],[100.597912,16.162635],[100.595127,16.157556],[100.592975,16.159485],[100.586393,16.157902],[100.581413,16.150589],[100.57814,16.150181],[100.575028,16.152169],[100.567857,16.151117],[100.564325,16.149805],[100.563064,16.145604],[100.562631,16.14968],[100.564962,16.156721],[100.561064,16.15439],[100.561344,16.15691],[100.558809,16.155112],[100.556989,16.157001],[100.552281,16.154987],[100.542699,16.155244],[100.540488,16.153869],[100.531969,16.154819],[100.527489,16.152271],[100.525806,16.148268],[100.522387,16.146179],[100.516009,16.145612],[100.515911,16.145823],[100.516232,16.145879],[100.515757,16.146541],[100.515397,16.1477],[100.515922,16.150283],[100.517042,16.150926],[100.516971,16.151615],[100.517425,16.152044],[100.51861,16.152878],[100.519889,16.153056],[100.522436,16.151083],[100.522394,16.151792],[100.522978,16.15341],[100.525624,16.159256],[100.527091,16.163836],[100.529387,16.1683],[100.534009,16.176172],[100.535184,16.179224],[100.535142,16.180888],[100.532418,16.184107],[100.532303,16.185575],[100.532638,16.189703],[100.533228,16.190823],[100.534607,16.192524],[100.536927,16.194854],[100.538647,16.198043],[100.539466,16.20054],[100.539036,16.200717],[100.537903,16.200093],[100.536682,16.199835],[100.534513,16.198012],[100.532227,16.197908],[100.531183,16.198752],[100.531237,16.199648],[100.531669,16.199883],[100.530876,16.200382],[100.531311,16.201978],[100.530287,16.202122],[100.530211,16.202478],[100.531192,16.203067],[100.531374,16.203881],[100.531997,16.203841],[100.532887,16.204292],[100.533276,16.204157],[100.533104,16.205082],[100.533378,16.205672],[100.533773,16.205484],[100.533971,16.206233],[100.534484,16.206537],[100.534942,16.207277],[100.536849,16.208576],[100.536873,16.209334],[100.537702,16.209253],[100.538084,16.209747],[100.538626,16.209641],[100.538852,16.209992],[100.538621,16.211188],[100.539345,16.211801],[100.54017,16.211796],[100.54043,16.212799],[100.540974,16.213065],[100.541318,16.21254],[100.541925,16.212703],[100.542132,16.21332],[100.54144,16.213732],[100.541429,16.214222],[100.542693,16.213946],[100.543327,16.213374],[100.543095,16.21293],[100.543424,16.212665],[100.543961,16.213067],[100.544455,16.213963],[100.545324,16.214072],[100.545773,16.214464],[100.545786,16.215076],[100.546408,16.215103],[100.546432,16.214663],[100.546966,16.214141],[100.547787,16.214187],[100.5482,16.215038],[100.548704,16.214684],[100.549549,16.214984],[100.549644,16.215593],[100.549074,16.216682],[100.549298,16.217156],[100.552031,16.217627],[100.553898,16.218843],[100.555083,16.219324],[100.555146,16.220207],[100.557088,16.220182],[100.557831,16.219921],[100.558539,16.220217],[100.558623,16.220586],[100.559301,16.220783],[100.559591,16.220192],[100.559261,16.21972],[100.559641,16.219271],[100.560187,16.219085],[100.560228,16.218681],[100.560481,16.218601],[100.561125,16.219467],[100.56078,16.219812],[100.560991,16.221805],[100.561341,16.221812],[100.561725,16.221005],[100.562768,16.221045],[100.562546,16.221421],[100.562746,16.222039],[100.562518,16.222339],[100.562838,16.222794],[100.563623,16.222623],[100.564776,16.223384],[100.56506,16.223157],[100.564976,16.222745],[100.565637,16.222341],[100.565673,16.221876],[100.566126,16.222421],[100.566598,16.22225],[100.566854,16.222652],[100.566463,16.222967],[100.566495,16.223267],[100.567288,16.223313],[100.567758,16.223762],[100.567604,16.22464],[100.566932,16.224709],[100.566627,16.225318],[100.567691,16.225462],[100.568236,16.225886],[100.568694,16.227255],[100.56839,16.227737],[100.568723,16.22803],[100.569165,16.227714],[100.569993,16.228378],[100.57066,16.228175],[100.570785,16.228614],[100.571295,16.228249],[100.571461,16.228691],[100.571191,16.229082],[100.571678,16.229011],[100.571591,16.229326],[100.571898,16.229543],[100.572323,16.229435],[100.572417,16.230037],[100.571735,16.229971],[100.572879,16.231123],[100.572978,16.230674],[100.57353,16.230627],[100.574229,16.231442],[100.573961,16.231127],[100.579378,16.228243],[100.584454,16.230359],[100.599382,16.22035],[100.591998,16.209476],[100.589797,16.204914]],[[100.584054,16.17122],[100.566754,16.177173],[100.563469,16.168028],[100.581492,16.161892],[100.584054,16.17122]]]},"bbox":[100.515397,16.145604,100.621191,16.231442]},{"type":"Feature","id":"a4665e56-e174-4ce0-9021-d5ba54a2c0af","properties":{"id":"a4665e56-e174-4ce0-9021-d5ba54a2c0af","code":"06660806","provinceCode":"66","nameTh":"องค์การบริหารส่วนตำบล ท้ายทุ่ง","nameEn":null,"geometryType":"MUNICIPALITY","sourceUrl":"https://landometer.com/api/v2/citymeter-v3/grocery/info/geom/a4665e56-e174-4ce0-9021-d5ba54a2c0af/MUNICIPALITY","sourceSha256":"b347506ffbcc0e97e61456b4280db0882a4c00ba4daf12621e00b04391753970","retrievedAt":"2026-10-04T05:44:10.386971+00:00","boundaryVintage":null,"geometryStatus":"native_source_polygon_display_simplified","simplificationToleranceDegrees":0.00015,"simplificationPreservesTopology":true,"invalidSourceRepair":"make_valid; retain polygonal components; discard zero-area collapsed lines","legalBoundaryIndependentlyVerified":false,"areaId":"a4665e56-e174-4ce0-9021-d5ba54a2c0af"},"geometry":{"type":"Polygon","coordinates":[[[100.54321,16.079298],[100.543104,16.079904],[100.542364,16.080101],[100.542215,16.080557],[100.541431,16.080943],[100.541638,16.08151],[100.540929,16.081817],[100.540969,16.082413],[100.540702,16.082452],[100.540116,16.083229],[100.539663,16.083152],[100.539513,16.083573],[100.539815,16.0837],[100.540038,16.08429],[100.538958,16.084659],[100.537328,16.085624],[100.537249,16.086018],[100.536589,16.086548],[100.536266,16.086323],[100.535655,16.086834],[100.535602,16.08722],[100.534836,16.087637],[100.534607,16.089095],[100.534211,16.089149],[100.533376,16.090191],[100.532619,16.0904],[100.53299,16.091054],[100.53261,16.091592],[100.530534,16.092851],[100.530296,16.093317],[100.529912,16.093501],[100.529884,16.093848],[100.52937,16.093953],[100.529404,16.094364],[100.528748,16.094319],[100.528503,16.094726],[100.527907,16.094969],[100.527858,16.095448],[100.527297,16.095431],[100.52723,16.095978],[100.526362,16.09665],[100.525623,16.096472],[100.525536,16.096078],[100.524417,16.096139],[100.524179,16.095776],[100.523616,16.095772],[100.523341,16.095528],[100.522757,16.095674],[100.522694,16.096237],[100.522068,16.096594],[100.522282,16.09726],[100.521774,16.097756],[100.521316,16.097397],[100.520772,16.097675],[100.520359,16.097337],[100.520076,16.097835],[100.519727,16.097197],[100.518856,16.097012],[100.518817,16.098147],[100.518218,16.098215],[100.518502,16.09856],[100.517933,16.099062],[100.517772,16.099616],[100.517965,16.099856],[100.517414,16.099907],[100.517189,16.099644],[100.516385,16.099731],[100.516468,16.100439],[100.516053,16.100973],[100.514953,16.100393],[100.51488,16.10087],[100.515084,16.101156],[100.514505,16.10154],[100.514641,16.101989],[100.513945,16.102125],[100.514049,16.102794],[100.513757,16.1029],[100.513474,16.102664],[100.513394,16.103068],[100.513005,16.103349],[100.513763,16.104121],[100.513314,16.104516],[100.513443,16.104986],[100.51393,16.104911],[100.513925,16.105572],[100.513433,16.106286],[100.513884,16.10666],[100.513343,16.106794],[100.513297,16.107143],[100.512591,16.107482],[100.511318,16.109036],[100.510724,16.111413],[100.51116,16.112706],[100.513017,16.113542],[100.513158,16.113888],[100.513023,16.120351],[100.512537,16.124524],[100.512902,16.136035],[100.513752,16.145619],[100.515911,16.145823],[100.516009,16.145612],[100.522387,16.146179],[100.525806,16.148268],[100.527489,16.152271],[100.531969,16.154819],[100.540488,16.153869],[100.542699,16.155244],[100.552281,16.154987],[100.556989,16.157001],[100.558809,16.155112],[100.561344,16.15691],[100.561064,16.15439],[100.564962,16.156721],[100.562631,16.14968],[100.563064,16.145604],[100.564325,16.149805],[100.567857,16.151117],[100.575028,16.152169],[100.578362,16.150209],[100.582749,16.122262],[100.587727,16.133999],[100.590595,16.125746],[100.603356,16.131076],[100.605031,16.120929],[100.610188,16.113542],[100.629823,16.105524],[100.653106,16.101751],[100.653212,16.098265],[100.648969,16.085404],[100.642735,16.069821],[100.638638,16.056725],[100.631343,16.060316],[100.630107,16.060305],[100.630446,16.059039],[100.629556,16.059433],[100.629035,16.058998],[100.628375,16.059097],[100.627659,16.058539],[100.627123,16.059551],[100.626748,16.059617],[100.625789,16.058635],[100.624548,16.058895],[100.624533,16.059396],[100.625399,16.060084],[100.625313,16.060573],[100.624362,16.060724],[100.62328,16.059787],[100.622627,16.059798],[100.623174,16.061635],[100.622264,16.06226],[100.621832,16.062862],[100.621031,16.062915],[100.620161,16.063415],[100.619778,16.063291],[100.619983,16.06261],[100.619821,16.062308],[100.618821,16.061651],[100.618446,16.061125],[100.617844,16.061017],[100.617706,16.061469],[100.617189,16.06148],[100.616276,16.061999],[100.616374,16.062461],[100.616139,16.062696],[100.615442,16.062487],[100.615071,16.062992],[100.614412,16.063256],[100.614785,16.064325],[100.613617,16.065016],[100.613811,16.065722],[100.612582,16.066696],[100.612288,16.066217],[100.611358,16.066556],[100.610853,16.066195],[100.609934,16.06641],[100.609267,16.065806],[100.608892,16.066273],[100.608674,16.066224],[100.608549,16.06575],[100.608125,16.066188],[100.60771,16.066205],[100.607756,16.065637],[100.606976,16.064155],[100.606569,16.064016],[100.606301,16.064286],[100.605811,16.06344],[100.604565,16.063131],[100.604356,16.063427],[100.603164,16.063913],[100.600201,16.064329],[100.599187,16.063965],[100.598504,16.064148],[100.59846,16.063502],[100.598051,16.063094],[100.597791,16.063836],[100.597048,16.06367],[100.59698,16.063226],[100.596195,16.064504],[100.595808,16.064168],[100.59525,16.064303],[100.594907,16.063885],[100.594546,16.064178],[100.594346,16.063902],[100.593665,16.064795],[100.593492,16.063825],[100.592681,16.063684],[100.592822,16.064381],[100.592492,16.064503],[100.592007,16.064377],[100.592282,16.063979],[100.592033,16.06379],[100.591789,16.064006],[100.591722,16.064635],[100.591268,16.065122],[100.591427,16.065531],[100.591279,16.065697],[100.590208,16.065499],[100.590187,16.064752],[100.589911,16.064363],[100.589658,16.064917],[100.588941,16.064919],[100.588592,16.065471],[100.588279,16.065064],[100.588555,16.064782],[100.588388,16.064392],[100.587614,16.065247],[100.587197,16.065277],[100.586706,16.065784],[100.585804,16.065516],[100.58596,16.066395],[100.586789,16.066509],[100.586618,16.067496],[100.585987,16.066996],[100.584794,16.067413],[100.583648,16.067087],[100.582998,16.067908],[100.582425,16.067487],[100.582081,16.06827],[100.581736,16.068227],[100.581251,16.068597],[100.581175,16.068258],[100.580981,16.068312],[100.580769,16.069252],[100.581174,16.069787],[100.580416,16.070071],[100.580009,16.071129],[100.578809,16.07047],[100.578538,16.069912],[100.578075,16.070281],[100.577542,16.070057],[100.577327,16.070642],[100.576162,16.070344],[100.57588,16.070774],[100.575571,16.070445],[100.57509,16.070842],[100.574357,16.070944],[100.572779,16.069966],[100.570752,16.070232],[100.569841,16.070795],[100.569742,16.071122],[100.568844,16.070957],[100.568572,16.071299],[100.568162,16.071238],[100.567612,16.071712],[100.566518,16.071985],[100.566438,16.072423],[100.56552,16.073162],[100.564969,16.072808],[100.564001,16.073443],[100.562414,16.073577],[100.562199,16.074104],[100.561729,16.074192],[100.56169,16.074649],[100.561266,16.074611],[100.56103,16.074967],[100.560605,16.074875],[100.559945,16.075236],[100.559676,16.075851],[100.559177,16.076253],[100.55825,16.076412],[100.557851,16.07589],[100.556644,16.076703],[100.556653,16.077246],[100.556106,16.077308],[100.556233,16.077675],[100.555559,16.077691],[100.555209,16.078171],[100.554789,16.078134],[100.554679,16.078454],[100.553641,16.078512],[100.550321,16.077054],[100.547426,16.077662],[100.54725,16.078342],[100.545767,16.078437],[100.545384,16.07863],[100.545486,16.078914],[100.545039,16.078944],[100.54457,16.079337],[100.543631,16.078861],[100.54321,16.079298]]]},"bbox":[100.510724,16.056725,100.653212,16.157001]},{"type":"Feature","id":"22869496-3e85-45ab-8f02-73abb69d3393","properties":{"id":"22869496-3e85-45ab-8f02-73abb69d3393","code":"06660902","provinceCode":"66","nameTh":"องค์การบริหารส่วนตำบล สากเหล็ก","nameEn":null,"geometryType":"MUNICIPALITY","sourceUrl":"https://landometer.com/api/v2/citymeter-v3/grocery/info/geom/22869496-3e85-45ab-8f02-73abb69d3393/MUNICIPALITY","sourceSha256":"12346230ed5eed3d6b68dac27bd7bf9efa8f8a61f5f48a4cecfcf21aa90b2736","retrievedAt":"2026-10-04T05:44:10.396706+00:00","boundaryVintage":null,"geometryStatus":"native_source_polygon_display_simplified","simplificationToleranceDegrees":0.00015,"simplificationPreservesTopology":true,"invalidSourceRepair":"make_valid; retain polygonal components; discard zero-area collapsed lines","legalBoundaryIndependentlyVerified":false,"areaId":"22869496-3e85-45ab-8f02-73abb69d3393"},"geometry":{"type":"Polygon","coordinates":[[[100.473703,16.499894],[100.475692,16.492353],[100.473502,16.478063],[100.47522,16.476089],[100.478747,16.479333],[100.483214,16.473016],[100.48489,16.475651],[100.497617,16.479864],[100.492075,16.490802],[100.496863,16.513215],[100.49666,16.512188],[100.503655,16.507822],[100.505683,16.494691],[100.514478,16.486534],[100.525186,16.475318],[100.530335,16.462869],[100.530058,16.46268],[100.529813,16.461457],[100.529396,16.461325],[100.528493,16.461972],[100.528046,16.460109],[100.527107,16.46072],[100.526506,16.460322],[100.526525,16.460033],[100.527683,16.459207],[100.52761,16.458566],[100.527017,16.458389],[100.526316,16.458624],[100.525393,16.459755],[100.524849,16.459526],[100.523658,16.460398],[100.522824,16.460144],[100.522814,16.460692],[100.521864,16.460789],[100.521705,16.461346],[100.521123,16.461589],[100.520775,16.460665],[100.520507,16.460633],[100.520127,16.461383],[100.520039,16.462393],[100.519541,16.462761],[100.51822,16.462941],[100.517481,16.462566],[100.517116,16.462098],[100.515286,16.463033],[100.514982,16.462717],[100.515216,16.461972],[100.514334,16.462686],[100.513417,16.462753],[100.512948,16.462592],[100.512735,16.461978],[100.51186,16.46199],[100.511222,16.4622],[100.51119,16.4629],[100.510796,16.4633],[100.510882,16.463807],[100.510337,16.463976],[100.509382,16.46356],[100.508371,16.462633],[100.507278,16.463063],[100.506715,16.462791],[100.50566,16.462938],[100.505133,16.462461],[100.50489,16.46107],[100.504539,16.460727],[100.504148,16.460883],[100.50356,16.461909],[100.504993,16.46341],[100.50493,16.463751],[100.503503,16.463758],[100.502921,16.461955],[100.502352,16.461508],[100.502171,16.46174],[100.502365,16.462858],[100.502062,16.463323],[100.50266,16.463844],[100.501512,16.46412],[100.501178,16.46407],[100.500757,16.463334],[100.498876,16.463234],[100.498959,16.462308],[100.496975,16.463186],[100.494945,16.46282],[100.493961,16.462053],[100.493209,16.462369],[100.492746,16.46405],[100.491817,16.46396],[100.49119,16.463491],[100.490561,16.464147],[100.489011,16.465079],[100.488623,16.465722],[100.486212,16.465821],[100.485577,16.465583],[100.485216,16.465755],[100.482993,16.465257],[100.482268,16.466264],[100.481687,16.466128],[100.480884,16.466398],[100.479104,16.466479],[100.477982,16.466988],[100.476336,16.466895],[100.474472,16.46721],[100.474,16.466847],[100.473608,16.465957],[100.472793,16.465425],[100.47156,16.463479],[100.470672,16.463462],[100.469832,16.463084],[100.468646,16.46367],[100.467398,16.46395],[100.46604,16.463259],[100.465906,16.46273],[100.464857,16.462043],[100.463691,16.460862],[100.463288,16.460867],[100.462964,16.460549],[100.46234,16.460818],[100.461967,16.460231],[100.46152,16.460267],[100.461241,16.459888],[100.459213,16.460753],[100.458546,16.460729],[100.45829,16.460458],[100.457621,16.460676],[100.456247,16.459979],[100.45523,16.460026],[100.454675,16.460861],[100.453772,16.460344],[100.45252,16.460723],[100.452163,16.460052],[100.450719,16.460146],[100.450185,16.459633],[100.450056,16.458821],[100.449412,16.458841],[100.449287,16.458175],[100.448223,16.457499],[100.447852,16.456808],[100.448248,16.455822],[100.447945,16.455287],[100.447384,16.455112],[100.446408,16.455245],[100.444825,16.454553],[100.444252,16.453983],[100.443056,16.453749],[100.442147,16.452912],[100.441693,16.45287],[100.441292,16.453217],[100.440957,16.452726],[100.440205,16.452394],[100.439031,16.453647],[100.437949,16.453274],[100.437043,16.453966],[100.436198,16.453777],[100.435838,16.453241],[100.435361,16.453195],[100.436119,16.45234],[100.436108,16.452079],[100.435673,16.451809],[100.434164,16.451726],[100.433584,16.45139],[100.434259,16.450287],[100.434308,16.448994],[100.43463,16.448477],[100.434055,16.44757],[100.432123,16.446196],[100.432121,16.445341],[100.432529,16.444595],[100.432431,16.444026],[100.432061,16.443538],[100.431172,16.443727],[100.430124,16.44313],[100.430144,16.441868],[100.428998,16.440813],[100.426984,16.440037],[100.426345,16.439188],[100.4269,16.435364],[100.426119,16.434866],[100.425261,16.435731],[100.425025,16.434731],[100.42409,16.435371],[100.424031,16.435793],[100.4231,16.435552],[100.422529,16.435035],[100.422775,16.433535],[100.421961,16.433487],[100.421445,16.432933],[100.420891,16.43302],[100.420684,16.433319],[100.421598,16.434404],[100.420843,16.435087],[100.421102,16.435881],[100.420962,16.43619],[100.420546,16.436351],[100.419801,16.436115],[100.419558,16.441119],[100.418516,16.443024],[100.418568,16.444621],[100.418363,16.44544],[100.418081,16.44585],[100.417511,16.44608],[100.415154,16.446238],[100.415005,16.447429],[100.415253,16.447579],[100.415765,16.447354],[100.416207,16.447741],[100.416228,16.448287],[100.415988,16.449102],[100.415112,16.449594],[100.415422,16.450988],[100.415067,16.451515],[100.414756,16.454241],[100.414222,16.454773],[100.414688,16.455808],[100.414327,16.456481],[100.413653,16.45666],[100.412902,16.456521],[100.411786,16.457301],[100.41181,16.458393],[100.410744,16.459519],[100.410474,16.460514],[100.410601,16.461054],[100.409767,16.462086],[100.410006,16.463308],[100.409748,16.464086],[100.410009,16.464819],[100.409891,16.465305],[100.410557,16.466934],[100.409839,16.467977],[100.40939,16.471024],[100.408463,16.471306],[100.40828,16.471697],[100.40893,16.472897],[100.408657,16.474114],[100.408876,16.474504],[100.409732,16.474784],[100.409571,16.476391],[100.410987,16.478564],[100.410003,16.479443],[100.409325,16.480654],[100.409341,16.481186],[100.410031,16.482813],[100.409272,16.483597],[100.409432,16.484989],[100.409782,16.485706],[100.409713,16.487223],[100.411084,16.487936],[100.41138,16.488312],[100.411388,16.489737],[100.410832,16.491163],[100.411878,16.491595],[100.412511,16.492464],[100.412774,16.493994],[100.411769,16.49444],[100.412091,16.495509],[100.412052,16.496767],[100.413253,16.497878],[100.413892,16.498169],[100.413756,16.498883],[100.414787,16.499047],[100.415005,16.500228],[100.41664,16.501594],[100.418582,16.502331],[100.419127,16.503596],[100.420472,16.50451],[100.420661,16.505371],[100.421367,16.50562],[100.421565,16.506894],[100.421027,16.507716],[100.421812,16.509195],[100.421957,16.509363],[100.42284,16.508956],[100.423458,16.508428],[100.434453,16.518984],[100.4446,16.518659],[100.459049,16.519344],[100.466286,16.520411],[100.469148,16.520228],[100.470104,16.520943],[100.472109,16.521242],[100.473272,16.522351],[100.47311,16.522951],[100.473416,16.523469],[100.473133,16.523822],[100.472934,16.524999],[100.473217,16.525532],[100.473596,16.525781],[100.474561,16.525599],[100.475462,16.525774],[100.475939,16.526452],[100.475442,16.526731],[100.475885,16.527775],[100.475014,16.528054],[100.475159,16.52876],[100.474977,16.529563],[100.474334,16.53025],[100.474239,16.531001],[100.472828,16.531307],[100.472789,16.531786],[100.473465,16.532422],[100.473108,16.532729],[100.472785,16.532552],[100.472578,16.532924],[100.473912,16.533609],[100.475273,16.533096],[100.475649,16.533848],[100.476573,16.533924],[100.477018,16.534671],[100.477475,16.53492],[100.477319,16.535784],[100.477505,16.535989],[100.477771,16.535938],[100.47789,16.535398],[100.478229,16.535283],[100.480283,16.536472],[100.48145,16.536292],[100.482113,16.53645],[100.483162,16.537957],[100.482119,16.538566],[100.482218,16.539506],[100.482966,16.540157],[100.484149,16.540233],[100.483876,16.541012],[100.484108,16.541713],[100.487072,16.536212],[100.490432,16.519488],[100.496711,16.517015],[100.496698,16.515811],[100.494723,16.517081],[100.487128,16.516386],[100.485534,16.51821],[100.473703,16.499894]]]},"bbox":[100.40828,16.432913,100.530335,16.541713]},{"type":"Feature","id":"460bb654-499f-4d67-8445-ffad08f45e32","properties":{"id":"460bb654-499f-4d67-8445-ffad08f45e32","code":"06660903","provinceCode":"66","nameTh":"องค์การบริหารส่วนตำบล คลองทราย","nameEn":null,"geometryType":"MUNICIPALITY","sourceUrl":"https://landometer.com/api/v2/citymeter-v3/grocery/info/geom/460bb654-499f-4d67-8445-ffad08f45e32/MUNICIPALITY","sourceSha256":"e23ffe690e8ee4d0a00c92238950dbfe66276ff712b4f5d63ac4a33f7cc198d9","retrievedAt":"2026-10-04T05:44:10.397943+00:00","boundaryVintage":null,"geometryStatus":"native_source_polygon_display_simplified","simplificationToleranceDegrees":0.00015,"simplificationPreservesTopology":true,"invalidSourceRepair":"make_valid; retain polygonal components; discard zero-area collapsed lines","legalBoundaryIndependentlyVerified":false,"areaId":"460bb654-499f-4d67-8445-ffad08f45e32"},"geometry":{"type":"Polygon","coordinates":[[[100.579506,16.573582],[100.579921,16.572059],[100.579526,16.571671],[100.579085,16.569864],[100.578999,16.569287],[100.579258,16.568612],[100.578859,16.568058],[100.578779,16.566944],[100.578974,16.566173],[100.578742,16.565274],[100.578951,16.564685],[100.578744,16.564443],[100.578881,16.564009],[100.578413,16.56311],[100.579218,16.561424],[100.579484,16.56017],[100.579874,16.559822],[100.579785,16.559242],[100.580501,16.558218],[100.580291,16.557653],[100.579903,16.558064],[100.579459,16.557451],[100.579658,16.556995],[100.580147,16.556965],[100.57986,16.55628],[100.580359,16.555773],[100.580015,16.553921],[100.579692,16.553583],[100.579627,16.552394],[100.579562,16.548913],[100.579994,16.544446],[100.578985,16.539265],[100.578701,16.535362],[100.578012,16.534035],[100.573192,16.533942],[100.561229,16.531752],[100.544847,16.533683],[100.540389,16.531022],[100.537407,16.529704],[100.537068,16.536625],[100.541783,16.547943],[100.537226,16.54968],[100.539797,16.556193],[100.53792,16.56791],[100.53997,16.56776],[100.541033,16.568901],[100.541532,16.569109],[100.54278,16.568721],[100.54394,16.569672],[100.54397,16.570419],[100.545121,16.570026],[100.544993,16.570857],[100.54633,16.570939],[100.546354,16.571351],[100.547563,16.571305],[100.547921,16.571054],[100.548205,16.571433],[100.548899,16.57072],[100.549635,16.570968],[100.550076,16.570195],[100.549867,16.569937],[100.550011,16.569739],[100.550349,16.570079],[100.550215,16.570716],[100.550519,16.570176],[100.550741,16.570305],[100.550692,16.570651],[100.551137,16.570361],[100.552846,16.570269],[100.554188,16.570749],[100.554114,16.571241],[100.556652,16.571566],[100.556962,16.572118],[100.557445,16.57205],[100.557676,16.572476],[100.558026,16.572247],[100.559141,16.57223],[100.559454,16.572832],[100.559798,16.572862],[100.559335,16.573575],[100.559692,16.574055],[100.560303,16.574104],[100.560609,16.573914],[100.560467,16.573619],[100.560894,16.57356],[100.560984,16.574059],[100.560741,16.574267],[100.561484,16.574531],[100.561425,16.575014],[100.562456,16.575335],[100.562585,16.575725],[100.563879,16.575757],[100.564006,16.576544],[100.564797,16.57613],[100.565155,16.576889],[100.566204,16.577942],[100.56627,16.578329],[100.566614,16.578555],[100.567156,16.578509],[100.566816,16.578937],[100.566997,16.579402],[100.566533,16.579844],[100.567805,16.580253],[100.567456,16.58082],[100.568065,16.582011],[100.568691,16.582223],[100.568356,16.582757],[100.569474,16.582776],[100.569726,16.583149],[100.570225,16.582959],[100.570842,16.583396],[100.57101,16.582435],[100.571403,16.582373],[100.571949,16.582745],[100.571738,16.583292],[100.572177,16.583756],[100.573746,16.583853],[100.573553,16.584509],[100.574111,16.585477],[100.575084,16.585898],[100.577606,16.583042],[100.579885,16.581121],[100.580289,16.580517],[100.580421,16.579316],[100.57943,16.5759],[100.579506,16.573582]]]},"bbox":[100.537068,16.529704,100.580501,16.585898]},{"type":"Feature","id":"4b49325f-bc15-4dfc-b9d9-3d15db062794","properties":{"id":"4b49325f-bc15-4dfc-b9d9-3d15db062794","code":"06660904","provinceCode":"66","nameTh":"องค์การบริหารส่วนตำบล ท่าเยี่ยม","nameEn":null,"geometryType":"MUNICIPALITY","sourceUrl":"https://landometer.com/api/v2/citymeter-v3/grocery/info/geom/4b49325f-bc15-4dfc-b9d9-3d15db062794/MUNICIPALITY","sourceSha256":"05193067b67fbf7e06e95aa23dc61615b33bd1694db25897bf59b7118174663f","retrievedAt":"2026-10-04T05:44:10.388519+00:00","boundaryVintage":null,"geometryStatus":"native_source_polygon_display_simplified","simplificationToleranceDegrees":0.00015,"simplificationPreservesTopology":true,"invalidSourceRepair":"make_valid; retain polygonal components; discard zero-area collapsed lines","legalBoundaryIndependentlyVerified":false,"areaId":"4b49325f-bc15-4dfc-b9d9-3d15db062794"},"geometry":{"type":"MultiPolygon","coordinates":[[[[100.544983,16.508164],[100.540744,16.511927],[100.535216,16.510882],[100.529018,16.50248],[100.518712,16.497161],[100.514478,16.486534],[100.505683,16.494691],[100.503655,16.507822],[100.49666,16.512188],[100.496694,16.515404],[100.496661,16.512269],[100.497331,16.515404],[100.496698,16.515811],[100.496715,16.517411],[100.502634,16.515016],[100.501592,16.515438],[100.513914,16.515218],[100.544847,16.533683],[100.561229,16.531752],[100.573192,16.533942],[100.578424,16.534043],[100.578012,16.534035],[100.577548,16.53349],[100.576969,16.531854],[100.577141,16.531177],[100.577913,16.530457],[100.577248,16.529424],[100.577015,16.528339],[100.576997,16.524385],[100.577685,16.524473],[100.577615,16.52311],[100.572762,16.515534],[100.564935,16.516454],[100.559682,16.512635],[100.544983,16.508164]]],[[[100.540389,16.531022],[100.536849,16.528909],[100.536653,16.52924],[100.537407,16.529704],[100.540389,16.531022]]]]},"bbox":[100.49666,16.486534,100.578424,16.534043]},{"type":"Feature","id":"99410af5-2a8b-42ab-bd21-b1640d12e311","properties":{"id":"99410af5-2a8b-42ab-bd21-b1640d12e311","code":"06660905","provinceCode":"66","nameTh":"องค์การบริหารส่วนตำบล วังทับไทร","nameEn":null,"geometryType":"MUNICIPALITY","sourceUrl":"https://landometer.com/api/v2/citymeter-v3/grocery/info/geom/99410af5-2a8b-42ab-bd21-b1640d12e311/MUNICIPALITY","sourceSha256":"455223bf86489f13e19be10f56be5e718819a6da2f80d5e677e7bde8862e4c2d","retrievedAt":"2026-10-04T05:44:10.398694+00:00","boundaryVintage":null,"geometryStatus":"native_source_polygon_display_simplified","simplificationToleranceDegrees":0.00015,"simplificationPreservesTopology":true,"invalidSourceRepair":"make_valid; retain polygonal components; discard zero-area collapsed lines","legalBoundaryIndependentlyVerified":false,"areaId":"99410af5-2a8b-42ab-bd21-b1640d12e311"},"geometry":{"type":"Polygon","coordinates":[[[100.582664,16.521313],[100.582836,16.521923],[100.584297,16.522824],[100.584516,16.522699],[100.584613,16.521638],[100.584892,16.521239],[100.585195,16.521319],[100.585436,16.521821],[100.586075,16.521955],[100.58644,16.52131],[100.586937,16.521286],[100.58737,16.520926],[100.586903,16.520873],[100.587235,16.520482],[100.586756,16.520199],[100.587128,16.518946],[100.586583,16.518897],[100.586246,16.518177],[100.58655,16.518087],[100.586677,16.517654],[100.586432,16.517325],[100.586726,16.517234],[100.586777,16.516777],[100.586361,16.516629],[100.586516,16.516224],[100.58605,16.515881],[100.58612,16.515534],[100.586383,16.515487],[100.586285,16.51489],[100.586621,16.514698],[100.586231,16.514496],[100.58642,16.514293],[100.586177,16.513841],[100.586253,16.512935],[100.586357,16.512586],[100.586839,16.512263],[100.586675,16.512097],[100.58691,16.511408],[100.584267,16.509031],[100.583636,16.507954],[100.583431,16.506667],[100.583654,16.505121],[100.585243,16.502448],[100.585282,16.499651],[100.586018,16.493983],[100.58451,16.485592],[100.583709,16.479069],[100.584074,16.474881],[100.585687,16.470762],[100.585564,16.470116],[100.585251,16.469863],[100.585127,16.468681],[100.584257,16.468334],[100.584018,16.468014],[100.583503,16.468351],[100.58339,16.467842],[100.580653,16.467055],[100.580513,16.466749],[100.57931,16.466299],[100.579122,16.466014],[100.578458,16.466195],[100.577917,16.46539],[100.577058,16.465279],[100.57672,16.46482],[100.576789,16.464392],[100.575765,16.463086],[100.575281,16.463074],[100.573598,16.461735],[100.573192,16.462381],[100.572573,16.46268],[100.572209,16.46234],[100.572084,16.461658],[100.571655,16.461688],[100.571181,16.461359],[100.570729,16.460514],[100.568118,16.459782],[100.567802,16.460449],[100.567559,16.460503],[100.565808,16.459383],[100.564915,16.457689],[100.562977,16.458835],[100.562987,16.459123],[100.563793,16.458808],[100.563993,16.458937],[100.562598,16.459937],[100.562758,16.460874],[100.561769,16.461012],[100.561605,16.461881],[100.560318,16.462092],[100.560302,16.463197],[100.558274,16.462098],[100.558073,16.462733],[100.558586,16.463934],[100.557731,16.464213],[100.557858,16.464895],[100.557503,16.465239],[100.555595,16.465826],[100.555013,16.465665],[100.553859,16.466006],[100.55297,16.464397],[100.552925,16.463768],[100.551919,16.462782],[100.550926,16.462471],[100.549977,16.462617],[100.550199,16.461894],[100.549877,16.461543],[100.54945,16.462496],[100.549048,16.462523],[100.547693,16.460314],[100.546943,16.460523],[100.546416,16.460981],[100.546886,16.461855],[100.546904,16.462324],[100.546652,16.462473],[100.54491,16.461802],[100.544562,16.461059],[100.544816,16.460404],[100.544437,16.460349],[100.54257,16.463121],[100.542258,16.463009],[100.541358,16.461624],[100.540736,16.461292],[100.54051,16.461435],[100.540631,16.461934],[100.541189,16.46257],[100.54039,16.463024],[100.53997,16.462936],[100.539279,16.461832],[100.538136,16.461267],[100.537861,16.460768],[100.537447,16.461317],[100.537938,16.461628],[100.538283,16.46237],[100.537263,16.462838],[100.537619,16.463218],[100.537261,16.463544],[100.535481,16.462779],[100.534983,16.462323],[100.53405,16.462485],[100.534027,16.46355],[100.533586,16.463138],[100.533353,16.46205],[100.532895,16.462314],[100.532495,16.463024],[100.531474,16.463212],[100.531125,16.462825],[100.531226,16.462343],[100.530641,16.462376],[100.525186,16.475318],[100.514478,16.486534],[100.518712,16.497161],[100.529018,16.50248],[100.535216,16.510882],[100.540744,16.511927],[100.544983,16.508164],[100.559682,16.512635],[100.564935,16.516454],[100.572762,16.515534],[100.577615,16.52311],[100.577685,16.524473],[100.57957,16.525007],[100.581041,16.524923],[100.581152,16.523891],[100.581919,16.523295],[100.580989,16.52271],[100.581306,16.52122],[100.58184,16.521106],[100.58215,16.521555],[100.582664,16.521313]]]},"bbox":[100.514478,16.457688,100.58737,16.525049]},{"type":"Feature","id":"95fba54f-4ce8-4679-a11c-74e4a6641d25","properties":{"id":"95fba54f-4ce8-4679-a11c-74e4a6641d25","code":"06660906","provinceCode":"66","nameTh":"องค์การบริหารส่วนตำบล หนองหญ้าไทร","nameEn":null,"geometryType":"MUNICIPALITY","sourceUrl":"https://landometer.com/api/v2/citymeter-v3/grocery/info/geom/95fba54f-4ce8-4679-a11c-74e4a6641d25/MUNICIPALITY","sourceSha256":"a8d3f800d99da4fdcc8c9ae0335ccb8b46abaa535ba3a5de45b02579e7fdc4cf","retrievedAt":"2026-10-04T05:44:10.409385+00:00","boundaryVintage":null,"geometryStatus":"native_source_polygon_display_simplified","simplificationToleranceDegrees":0.00015,"simplificationPreservesTopology":true,"invalidSourceRepair":"make_valid; retain polygonal components; discard zero-area collapsed lines","legalBoundaryIndependentlyVerified":false,"areaId":"95fba54f-4ce8-4679-a11c-74e4a6641d25"},"geometry":{"type":"MultiPolygon","coordinates":[[[[100.536849,16.528909],[100.53684878001125,16.528909371511606],[100.538401,16.529836],[100.536849,16.528909]]],[[[100.524071,16.568982],[100.524605,16.569022],[100.524146,16.568757],[100.524284,16.568061],[100.52644,16.565615],[100.528077,16.567504],[100.528497,16.567358],[100.528287,16.567111],[100.528416,16.566999],[100.529868,16.567071],[100.529847,16.566348],[100.530436,16.566381],[100.530923,16.566756],[100.531592,16.566293],[100.533096,16.566885],[100.533628,16.567351],[100.534204,16.567218],[100.535865,16.567449],[100.536541,16.567758],[100.536796,16.568295],[100.537155,16.568473],[100.537958,16.567924],[100.539797,16.556193],[100.537226,16.54968],[100.541783,16.547943],[100.537068,16.536625],[100.537407,16.529704],[100.536653,16.52924],[100.53684878001125,16.528909371511606],[100.513914,16.515218],[100.501592,16.515438],[100.496715,16.517411],[100.496711,16.517015],[100.490432,16.519488],[100.487072,16.536212],[100.484108,16.541713],[100.483876,16.541012],[100.483563,16.542182],[100.482337,16.542265],[100.482484,16.543071],[100.482219,16.543519],[100.481034,16.543635],[100.480545,16.544369],[100.481046,16.545191],[100.482099,16.545914],[100.481927,16.546696],[100.481046,16.547157],[100.480983,16.547404],[100.48182,16.547434],[100.482024,16.548058],[100.482987,16.548249],[100.483112,16.549243],[100.483884,16.549902],[100.483802,16.55015],[100.483349,16.550258],[100.482525,16.549952],[100.482517,16.550586],[100.484417,16.551249],[100.4845,16.551877],[100.484985,16.551708],[100.485526,16.551952],[100.485919,16.551672],[100.485938,16.552836],[100.485016,16.552781],[100.484887,16.553008],[100.486183,16.553608],[100.485898,16.554266],[100.486047,16.554525],[100.487263,16.554875],[100.487795,16.554461],[100.489392,16.554406],[100.490254,16.554591],[100.490682,16.555156],[100.491777,16.555085],[100.491783,16.555842],[100.492052,16.556257],[100.491711,16.556655],[100.491811,16.557038],[100.492404,16.557535],[100.492369,16.556792],[100.49266,16.556729],[100.492919,16.558098],[100.494018,16.557921],[100.494215,16.556947],[100.49483,16.556759],[100.495089,16.55743],[100.494981,16.558346],[100.495563,16.558956],[100.494883,16.559391],[100.495416,16.559839],[100.49759,16.563257],[100.50227,16.563223],[100.505556,16.563609],[100.511333,16.565469],[100.512256,16.565987],[100.514545,16.568778],[100.515674,16.568855],[100.516194,16.569573],[100.516735,16.569499],[100.516959,16.56893],[100.51768,16.568456],[100.518084,16.56911],[100.518578,16.569138],[100.518333,16.568607],[100.51881,16.568091],[100.519396,16.569229],[100.519681,16.568591],[100.520857,16.569338],[100.520748,16.56838],[100.52121,16.568184],[100.521039,16.568506],[100.521491,16.568817],[100.521825,16.56987],[100.522679,16.570311],[100.523288,16.569975],[100.523371,16.568582],[100.523664,16.568687],[100.523566,16.569297],[100.524071,16.568982]]]]},"bbox":[100.480539,16.515218,100.541783,16.570311]},{"type":"Feature","id":"b0764b7a-25e7-46af-9dcb-8676f9e87ccf","properties":{"id":"b0764b7a-25e7-46af-9dcb-8676f9e87ccf","code":"06661001","provinceCode":"66","nameTh":"องค์การบริหารส่วนตำบล บางลาย","nameEn":null,"geometryType":"MUNICIPALITY","sourceUrl":"https://landometer.com/api/v2/citymeter-v3/grocery/info/geom/b0764b7a-25e7-46af-9dcb-8676f9e87ccf/MUNICIPALITY","sourceSha256":"3cfe6b892bf183436fb487b71a17feb6e3a99467771b95c3039c9e27522919e1","retrievedAt":"2026-10-04T05:44:10.464020+00:00","boundaryVintage":null,"geometryStatus":"native_source_polygon_display_simplified","simplificationToleranceDegrees":0.00015,"simplificationPreservesTopology":true,"invalidSourceRepair":"make_valid; retain polygonal components; discard zero-area collapsed lines","legalBoundaryIndependentlyVerified":false,"areaId":"b0764b7a-25e7-46af-9dcb-8676f9e87ccf"},"geometry":{"type":"Polygon","coordinates":[[[100.262864,16.228497],[100.261242,16.225251],[100.259543,16.226305],[100.256847,16.226973],[100.255422,16.226581],[100.252603,16.226274],[100.251959,16.223413],[100.252407,16.222763],[100.253053,16.219133],[100.254197,16.217241],[100.254786,16.216888],[100.255041,16.213675],[100.254746,16.211933],[100.255979,16.211459],[100.25742,16.210466],[100.258906,16.210305],[100.258955,16.208437],[100.258633,16.208282],[100.258219,16.205486],[100.258731,16.205345],[100.258738,16.205139],[100.25794,16.202752],[100.258406,16.202431],[100.257275,16.201334],[100.255935,16.201143],[100.254894,16.199466],[100.255341,16.198501],[100.256578,16.197694],[100.256666,16.197004],[100.255999,16.196352],[100.253573,16.195595],[100.252971,16.194103],[100.253284,16.19348],[100.254102,16.193261],[100.255039,16.193369],[100.25571,16.192878],[100.256012,16.192257],[100.25539,16.190468],[100.255619,16.189574],[100.256054,16.189307],[100.257611,16.189309],[100.257695,16.188402],[100.258112,16.188213],[100.257729,16.182938],[100.258716,16.175678],[100.258602,16.174498],[100.258943,16.17168],[100.257484,16.171663],[100.256791,16.170832],[100.25558,16.170791],[100.254588,16.170024],[100.253631,16.169892],[100.255411,16.15943],[100.255444,16.157368],[100.253273,16.157307],[100.249588,16.156608],[100.24896,16.157161],[100.247479,16.157752],[100.246944,16.157425],[100.246236,16.157496],[100.243765,16.157941],[100.242204,16.158533],[100.240836,16.159268],[100.237671,16.162925],[100.236146,16.163898],[100.233927,16.164776],[100.233213,16.167132],[100.233275,16.168515],[100.229999,16.169553],[100.229089,16.169005],[100.228831,16.169119],[100.228342,16.169969],[100.228517,16.170893],[100.22917,16.171553],[100.22844,16.17326],[100.228258,16.178332],[100.22867,16.18067],[100.22863,16.183762],[100.227707,16.18385],[100.225189,16.188611],[100.224469,16.191523],[100.224137,16.191837],[100.223112,16.192066],[100.21788,16.191385],[100.212944,16.191235],[100.202373,16.189482],[100.198084,16.189358],[100.197288,16.189764],[100.196808,16.191245],[100.195598,16.202141],[100.198172,16.225741],[100.213815,16.245223],[100.21478,16.245176],[100.214772,16.245373],[100.232546,16.244976],[100.238773,16.24464],[100.240188,16.245095],[100.242118,16.243655],[100.242823,16.243612],[100.24407,16.24396],[100.244699,16.243016],[100.245435,16.242581],[100.24521,16.240386],[100.245732,16.239493],[100.245603,16.238475],[100.246311,16.236677],[100.249013,16.238237],[100.249769,16.237319],[100.250829,16.236589],[100.252079,16.236248],[100.254963,16.236328],[100.255787,16.236706],[100.256169,16.237425],[100.257229,16.237819],[100.258692,16.237864],[100.258764,16.238206],[100.258075,16.238909],[100.257824,16.240166],[100.258255,16.241728],[100.258704,16.24226],[100.260642,16.24231],[100.260519,16.241308],[100.260736,16.239987],[100.263708,16.235455],[100.263518,16.23389],[100.263056,16.232952],[100.262864,16.228497]]]},"bbox":[100.195598,16.156608,100.263708,16.245373]},{"type":"Feature","id":"9643d7fb-b796-4902-803c-5fbdff21506f","properties":{"id":"9643d7fb-b796-4902-803c-5fbdff21506f","code":"06661002","provinceCode":"66","nameTh":"องค์การบริหารส่วนตำบล โพธิ์ไทรงาม","nameEn":null,"geometryType":"MUNICIPALITY","sourceUrl":"https://landometer.com/api/v2/citymeter-v3/grocery/info/geom/9643d7fb-b796-4902-803c-5fbdff21506f/MUNICIPALITY","sourceSha256":"774f2c640336e776c72d3ac63eba54aea7791fc83d7165209c50f3a5e95ed17a","retrievedAt":"2026-10-04T05:44:10.462943+00:00","boundaryVintage":null,"geometryStatus":"native_source_polygon_display_simplified","simplificationToleranceDegrees":0.00015,"simplificationPreservesTopology":true,"invalidSourceRepair":"make_valid; retain polygonal components; discard zero-area collapsed lines","legalBoundaryIndependentlyVerified":false,"areaId":"9643d7fb-b796-4902-803c-5fbdff21506f"},"geometry":{"type":"MultiPolygon","coordinates":[[[[100.170358,16.140565],[100.17085,16.132959],[100.170397,16.124287],[100.169847,16.121109],[100.168273,16.115889],[100.167707,16.11481],[100.16499,16.111037],[100.164546,16.109976],[100.160924,16.106476],[100.159213,16.105684],[100.157883,16.103706],[100.155395,16.102516],[100.150002,16.101681],[100.149258,16.101153],[100.146367,16.099995],[100.14514,16.10066],[100.144272,16.099482],[100.142891,16.099912],[100.141299,16.098535],[100.141575,16.097449],[100.140669,16.095856],[100.139999,16.093071],[100.137883,16.092479],[100.132648,16.088466],[100.132016,16.087193],[100.131094,16.082939],[100.130102,16.074338],[100.12889,16.070612],[100.1273,16.071495],[100.125683,16.07182],[100.125188,16.073594],[100.12443,16.07398],[100.123302,16.074008],[100.122577,16.074396],[100.120371,16.076362],[100.120043,16.077057],[100.120047,16.077918],[100.119624,16.078564],[100.117434,16.080225],[100.116511,16.080291],[100.114927,16.078927],[100.113915,16.07899],[100.112832,16.080898],[100.110607,16.081697],[100.108473,16.083701],[100.106427,16.084496],[100.105472,16.085532],[100.100992,16.089181],[100.100602,16.090027],[100.100509,16.093352],[100.10013,16.094074],[100.099455,16.09469],[100.098528,16.094872],[100.097777,16.094752],[100.096932,16.094268],[100.096036,16.094342],[100.095594,16.096816],[100.094095,16.098123],[100.093464,16.099614],[100.09325,16.100969],[100.092776,16.102126],[100.093562,16.103065],[100.094536,16.105003],[100.094558,16.105589],[100.095138,16.10591],[100.094038,16.107786],[100.094885,16.109419],[100.094648,16.110747],[100.093077,16.111491],[100.091869,16.112876],[100.090888,16.113053],[100.090907,16.113679],[100.090509,16.114242],[100.088826,16.114289],[100.088096,16.114549],[100.087041,16.11408],[100.085713,16.114715],[100.084971,16.115448],[100.084631,16.116259],[100.084035,16.116192],[100.083091,16.117586],[100.081788,16.118723],[100.080881,16.119127],[100.080187,16.121318],[100.079079,16.122143],[100.077747,16.123909],[100.076859,16.124546],[100.077301,16.125436],[100.076633,16.126108],[100.076633,16.126383],[100.078513,16.127155],[100.080251,16.12887],[100.08044,16.130296],[100.080128,16.131379],[100.080275,16.131541],[100.080642,16.131351],[100.080821,16.131747],[100.080467,16.132928],[100.081625,16.133401],[100.081546,16.133897],[100.082221,16.134096],[100.082261,16.134608],[100.082822,16.135135],[100.082791,16.135614],[100.082264,16.136284],[100.083398,16.136607],[100.083238,16.13749],[100.084338,16.138114],[100.08495,16.139708],[100.085204,16.139751],[100.085552,16.139336],[100.086028,16.139863],[100.086032,16.14023],[100.08551,16.140732],[100.08616,16.141148],[100.086281,16.141566],[100.08511,16.142622],[100.085138,16.143525],[100.0855,16.143914],[100.085552,16.143456],[100.09665,16.140896],[100.099933,16.134687],[100.10478,16.132602],[100.107419,16.134671],[100.110611,16.134842],[100.112145,16.13694],[100.113571,16.136016],[100.117352,16.140061],[100.151398,16.143469],[100.153527,16.142029],[100.154695,16.146118],[100.15718,16.143594],[100.159917,16.146356],[100.164309,16.144104],[100.167476,16.149939],[100.16961,16.147409],[100.17105333447377,16.147636098319293],[100.171227,16.146154],[100.170387,16.144267],[100.170358,16.140565]]],[[[100.171054,16.147637],[100.17105333447377,16.147636098319293],[100.171014,16.147826],[100.171054,16.147637]]]]},"bbox":[100.076593,16.070612,100.171263,16.149939]},{"type":"Feature","id":"c02504d9-a3b8-4c5e-8a26-ffad1edea20a","properties":{"id":"c02504d9-a3b8-4c5e-8a26-ffad1edea20a","code":"06661003","provinceCode":"66","nameTh":"องค์การบริหารส่วนตำบล ห้วยแก้ว","nameEn":null,"geometryType":"MUNICIPALITY","sourceUrl":"https://landometer.com/api/v2/citymeter-v3/grocery/info/geom/c02504d9-a3b8-4c5e-8a26-ffad1edea20a/MUNICIPALITY","sourceSha256":"a28683fa9de67d57b37bdb0de6931a40fa75b21b397fabdab1f9620cc1fb2bb5","retrievedAt":"2026-10-04T05:44:10.477528+00:00","boundaryVintage":null,"geometryStatus":"native_source_polygon_display_simplified","simplificationToleranceDegrees":0.00015,"simplificationPreservesTopology":true,"invalidSourceRepair":"make_valid; retain polygonal components; discard zero-area collapsed lines","legalBoundaryIndependentlyVerified":false,"areaId":"c02504d9-a3b8-4c5e-8a26-ffad1edea20a"},"geometry":{"type":"Polygon","coordinates":[[[100.079866,16.177795],[100.082121,16.175065],[100.085554,16.177396],[100.088279,16.17529],[100.11008822243454,16.1806908074447],[100.122508,16.184882],[100.127514,16.181063],[100.14772,16.172874],[100.158135,16.165428],[100.176393,16.164084],[100.178897,16.161197],[100.181981,16.161097],[100.181798,16.16029],[100.180861,16.158886],[100.181072,16.157803],[100.182297,16.1561],[100.182026,16.155438],[100.181679,16.155307],[100.180631,16.155702],[100.179574,16.155542],[100.179141,16.15405],[100.178509,16.153494],[100.178276,16.152735],[100.177161,16.152733],[100.176534,16.152314],[100.176457,16.151808],[100.177108,16.150785],[100.177369,16.149772],[100.175812,16.148744],[100.176189,16.147953],[100.176314,16.146805],[100.176141,16.146529],[100.175226,16.146671],[100.174906,16.147009],[100.174665,16.148521],[100.175417,16.150175],[100.175322,16.150666],[100.174537,16.151382],[100.173217,16.151667],[100.173006,16.151293],[100.173254,16.15005],[100.172939,16.148811],[100.171014,16.147826],[100.171023,16.147595],[100.16961,16.147409],[100.167476,16.149939],[100.164309,16.144104],[100.159917,16.146356],[100.15718,16.143594],[100.154695,16.146118],[100.153527,16.142029],[100.151398,16.143469],[100.117352,16.140061],[100.113571,16.136016],[100.112145,16.13694],[100.110611,16.134842],[100.107419,16.134671],[100.10478,16.132602],[100.099933,16.134687],[100.09665,16.140896],[100.085552,16.143456],[100.085579,16.144296],[100.085148,16.144709],[100.085172,16.145053],[100.085621,16.145506],[100.085287,16.146109],[100.084741,16.145905],[100.084503,16.145527],[100.08361,16.146039],[100.082215,16.145738],[100.081525,16.145986],[100.080912,16.145735],[100.078925,16.146038],[100.078527,16.145707],[100.078014,16.145872],[100.078001,16.146672],[100.077028,16.146923],[100.076593,16.147697],[100.077393,16.150498],[100.076996,16.151049],[100.076416,16.15131],[100.07624,16.151777],[100.075157,16.152398],[100.074869,16.152922],[100.075969,16.154832],[100.075881,16.155379],[100.076202,16.15563],[100.075904,16.156013],[100.076089,16.156771],[100.076544,16.157106],[100.077246,16.157065],[100.077556,16.157849],[100.076598,16.161388],[100.075428,16.162748],[100.074883,16.162587],[100.074223,16.162121],[100.074067,16.161712],[100.07341,16.161467],[100.072739,16.161469],[100.072095,16.161776],[100.071045,16.161366],[100.069113,16.161318],[100.066765,16.160532],[100.066067,16.160673],[100.065249,16.161227],[100.063104,16.159292],[100.062767,16.159588],[100.062973,16.160155],[100.062329,16.1608],[100.062283,16.161282],[100.06162,16.161635],[100.061687,16.162173],[100.061179,16.162828],[100.061701,16.163455],[100.06078,16.164604],[100.0601,16.164152],[100.059612,16.16461],[100.058932,16.164666],[100.058464,16.165143],[100.057478,16.16534],[100.05701,16.166481],[100.055869,16.166255],[100.055456,16.167195],[100.054842,16.166819],[100.053144,16.167573],[100.052302,16.167426],[100.05175,16.167636],[100.050867,16.167303],[100.050287,16.167697],[100.048819,16.16709],[100.047916,16.167783],[100.047659,16.16843],[100.046053,16.168321],[100.045253,16.167919],[100.044391,16.168082],[100.043617,16.168561],[100.043452,16.169487],[100.042504,16.169863],[100.042259,16.170656],[100.041571,16.171266],[100.041121,16.172198],[100.038934,16.172379],[100.038111,16.173238],[100.038794,16.174075],[100.038542,16.1745],[100.038539,16.175651],[100.038984,16.176591],[100.038573,16.177416],[100.040498,16.179963],[100.054336,16.190663],[100.059206,16.188284],[100.060087,16.1844],[100.064366,16.182771],[100.066972,16.179699],[100.073468,16.184654],[100.074917,16.183342],[100.073401,16.179451],[100.074717,16.177992],[100.074215,16.178549],[100.079866,16.177795]],[[100.100301,16.177388],[100.110089,16.180691],[100.11008822243454,16.1806908074447],[100.100301,16.177388]]]},"bbox":[100.038111,16.132602,100.182302,16.190663]},{"type":"Feature","id":"13cb8bfa-74d0-49ee-95a3-58ffbb6676df","properties":{"id":"13cb8bfa-74d0-49ee-95a3-58ffbb6676df","code":"06661004","provinceCode":"66","nameTh":"องค์การบริหารส่วนตำบล แหลมรัง","nameEn":null,"geometryType":"MUNICIPALITY","sourceUrl":"https://landometer.com/api/v2/citymeter-v3/grocery/info/geom/13cb8bfa-74d0-49ee-95a3-58ffbb6676df/MUNICIPALITY","sourceSha256":"3c59572e6990a1a15090c4ec9089c3771ee0ab699c6befca8dc208ab61275d3b","retrievedAt":"2026-10-04T05:44:10.466902+00:00","boundaryVintage":null,"geometryStatus":"native_source_polygon_display_simplified","simplificationToleranceDegrees":0.00015,"simplificationPreservesTopology":true,"invalidSourceRepair":"make_valid; retain polygonal components; discard zero-area collapsed lines","legalBoundaryIndependentlyVerified":false,"areaId":"13cb8bfa-74d0-49ee-95a3-58ffbb6676df"},"geometry":{"type":"Polygon","coordinates":[[[100.054024,16.266719],[100.054605,16.268302],[100.055421,16.268308],[100.057142,16.26699],[100.057047,16.265805],[100.057316,16.26531],[100.058452,16.264615],[100.058932,16.263609],[100.0598,16.262754],[100.069735,16.265778],[100.071361,16.265748],[100.074215,16.264858],[100.076049,16.264579],[100.081585,16.265032],[100.083908,16.264886],[100.084606,16.264703],[100.086195,16.26366],[100.087608,16.261493],[100.088858,16.260312],[100.090816,16.259795],[100.092121,16.259778],[100.095379,16.260342],[100.097037,16.260106],[100.099225,16.258542],[100.101863,16.255776],[100.102671,16.255355],[100.103899,16.255285],[100.109268,16.257163],[100.110097,16.257288],[100.111717,16.256975],[100.118084,16.254303],[100.118416,16.252818],[100.119783,16.251636],[100.120068,16.250838],[100.120694,16.250642],[100.120919,16.250106],[100.121338,16.249933],[100.121149,16.249166],[100.121882,16.248549],[100.124925,16.247342],[100.126007,16.246172],[100.124926,16.246771],[100.121433,16.236393],[100.118564,16.216045],[100.112479,16.209277],[100.119101,16.200449],[100.120932,16.194697],[100.11929,16.191227],[100.114598,16.189451],[100.112978,16.181666],[100.110089,16.180691],[100.088279,16.17529],[100.085554,16.177396],[100.082121,16.175065],[100.079866,16.177795],[100.074215,16.178549],[100.073786,16.179024],[100.073401,16.179451],[100.074917,16.183342],[100.073468,16.184654],[100.066972,16.179699],[100.064366,16.182771],[100.060087,16.1844],[100.059206,16.188284],[100.054336,16.190663],[100.040498,16.179963],[100.038572,16.17737],[100.037964,16.177324],[100.037576,16.177614],[100.03732,16.178436],[100.037654,16.17967],[100.037277,16.180621],[100.037868,16.181799],[100.037454,16.18273],[100.036559,16.182961],[100.034616,16.184464],[100.033737,16.184262],[100.033268,16.183774],[100.032841,16.183783],[100.031118,16.185098],[100.029925,16.185106],[100.029566,16.186032],[100.02969,16.187386],[100.028393,16.187576],[100.026774,16.188819],[100.026193,16.189823],[100.02604,16.191019],[100.024851,16.191184],[100.033856,16.196368],[100.034325,16.195987],[100.038254,16.196278],[100.038416,16.197812],[100.039306,16.197821],[100.041761,16.199767],[100.041789,16.200334],[100.041271,16.201781],[100.042992,16.202602],[100.043998,16.203642],[100.04525,16.203662],[100.045205,16.204005],[100.044713,16.20446],[100.044691,16.205593],[100.046702,16.207005],[100.04709,16.210264],[100.043082,16.214591],[100.03876,16.218233],[100.036909,16.220177],[100.035679,16.222093],[100.032275,16.228539],[100.026871,16.241884],[100.021868,16.24944],[100.021199,16.251382],[100.02131,16.252749],[100.022734,16.254074],[100.02451,16.255102],[100.025873,16.256294],[100.026773,16.257888],[100.02717,16.259708],[100.027014,16.26695],[100.027605,16.268732],[100.028945,16.270559],[100.033789,16.269279],[100.034928,16.269088],[100.03566,16.269246],[100.036212,16.270161],[100.035581,16.271288],[100.037985,16.273023],[100.03846,16.274628],[100.039671,16.275655],[100.041497,16.275345],[100.044393,16.274448],[100.046294,16.273199],[100.04718,16.272063],[100.046918,16.270309],[100.047145,16.269619],[100.048785,16.268811],[100.049332,16.267263],[100.050455,16.266857],[100.05207,16.268049],[100.052843,16.268241],[100.05327,16.268027],[100.053733,16.266889],[100.054024,16.266719]]]},"bbox":[100.021199,16.175065,100.126007,16.275726]},{"type":"Feature","id":"4d6d3dbd-ca0f-452c-bb73-6d11f023d97c","properties":{"id":"4d6d3dbd-ca0f-452c-bb73-6d11f023d97c","code":"06661005","provinceCode":"66","nameTh":"องค์การบริหารส่วนตำบล บึงนาราง","nameEn":null,"geometryType":"MUNICIPALITY","sourceUrl":"https://landometer.com/api/v2/citymeter-v3/grocery/info/geom/4d6d3dbd-ca0f-452c-bb73-6d11f023d97c/MUNICIPALITY","sourceSha256":"f1e047ecfce1cfd0ae56df89ab9090d0beb3966a335bfc522fffcb3dce0e104a","retrievedAt":"2026-10-04T05:44:10.473210+00:00","boundaryVintage":null,"geometryStatus":"native_source_polygon_display_simplified","simplificationToleranceDegrees":0.00015,"simplificationPreservesTopology":true,"invalidSourceRepair":"make_valid; retain polygonal components; discard zero-area collapsed lines","legalBoundaryIndependentlyVerified":false,"areaId":"4d6d3dbd-ca0f-452c-bb73-6d11f023d97c"},"geometry":{"type":"Polygon","coordinates":[[[100.194149,16.186041],[100.192569,16.184829],[100.185949,16.182176],[100.184724,16.180957],[100.184068,16.179804],[100.183303,16.177842],[100.182791,16.173749],[100.18381,16.17305],[100.183653,16.172385],[100.185326,16.171551],[100.184889,16.170614],[100.184914,16.168773],[100.184672,16.16775],[100.183374,16.167371],[100.183261,16.167141],[100.182969,16.16589],[100.183214,16.165389],[100.182305,16.162981],[100.182286,16.161085],[100.181977,16.160886],[100.181981,16.161097],[100.178897,16.161197],[100.176393,16.164084],[100.158135,16.165428],[100.14772,16.172874],[100.127514,16.181063],[100.122508,16.184882],[100.112978,16.181666],[100.114598,16.189451],[100.11929,16.191227],[100.120932,16.194697],[100.119101,16.200449],[100.112479,16.209277],[100.118564,16.216045],[100.121433,16.236393],[100.124926,16.246771],[100.126007,16.246172],[100.126574,16.245385],[100.127253,16.24532],[100.127412,16.245689],[100.127268,16.246571],[100.129035,16.247759],[100.129386,16.248792],[100.129794,16.248838],[100.130707,16.247891],[100.131951,16.248663],[100.132453,16.248325],[100.133045,16.246898],[100.135847,16.246938],[100.136455,16.247686],[100.136833,16.247803],[100.137813,16.24721],[100.139208,16.245712],[100.139792,16.245685],[100.140163,16.246069],[100.14161,16.246626],[100.141763,16.246355],[100.143789,16.246104],[100.14405,16.245251],[100.144469,16.244978],[100.149664,16.243507],[100.152545,16.243456],[100.156574,16.244377],[100.162003,16.244848],[100.16761,16.244581],[100.17627,16.245152],[100.178376,16.245552],[100.185437,16.248958],[100.187147,16.24942],[100.188916,16.249557],[100.191898,16.248716],[100.196462,16.245782],[100.214772,16.245373],[100.21478,16.245176],[100.213815,16.245223],[100.198172,16.225741],[100.195598,16.202141],[100.196808,16.191245],[100.197288,16.189764],[100.197641,16.189536],[100.197123,16.189869],[100.194149,16.186041]]]},"bbox":[100.112479,16.160886,100.214813,16.249557]},{"type":"Feature","id":"e0327bc1-312a-45aa-a485-d982519919eb","properties":{"id":"e0327bc1-312a-45aa-a485-d982519919eb","code":"06661102","provinceCode":"66","nameTh":"องค์การบริหารส่วนตำบล วังงิ้ว","nameEn":null,"geometryType":"MUNICIPALITY","sourceUrl":"https://landometer.com/api/v2/citymeter-v3/grocery/info/geom/e0327bc1-312a-45aa-a485-d982519919eb/MUNICIPALITY","sourceSha256":"2edc1698e5443cc868673b90927f8c2466930b80e8e519f7555c8d91d7752f00","retrievedAt":"2026-10-04T05:44:10.489888+00:00","boundaryVintage":null,"geometryStatus":"native_source_polygon_display_simplified","simplificationToleranceDegrees":0.00015,"simplificationPreservesTopology":true,"invalidSourceRepair":"make_valid; retain polygonal components; discard zero-area collapsed lines","legalBoundaryIndependentlyVerified":false,"areaId":"e0327bc1-312a-45aa-a485-d982519919eb"},"geometry":{"type":"Polygon","coordinates":[[[100.700302,16.024349],[100.701256,16.023674],[100.701369,16.023997],[100.701082,16.024866],[100.703567,16.025262],[100.704079,16.025192],[100.704656,16.024524],[100.705597,16.024317],[100.705924,16.024595],[100.706004,16.025052],[100.706584,16.024895],[100.7073,16.025435],[100.708667,16.025098],[100.709727,16.026018],[100.710707,16.024995],[100.71228,16.024652],[100.713527,16.025954],[100.714272,16.025715],[100.713809,16.024848],[100.714025,16.024189],[100.714852,16.024534],[100.715435,16.02395],[100.715489,16.023391],[100.715999,16.023043],[100.716981,16.02394],[100.717592,16.023836],[100.7186,16.023031],[100.7203,16.024028],[100.720633,16.023951],[100.72144,16.023036],[100.723247,16.023172],[100.724504,16.023569],[100.724959,16.023366],[100.725347,16.023519],[100.725462,16.024072],[100.72585,16.024344],[100.726238,16.024182],[100.726325,16.023512],[100.727427,16.023347],[100.728158,16.02353],[100.728061,16.022683],[100.728827,16.022044],[100.728131,16.020953],[100.729007,16.020407],[100.729214,16.019527],[100.729901,16.019213],[100.730544,16.01966],[100.730951,16.020387],[100.730701,16.021276],[100.730957,16.021502],[100.731802,16.021196],[100.732621,16.019952],[100.732797,16.019003],[100.733125,16.019032],[100.734158,16.019885],[100.734804,16.019886],[100.734688,16.019322],[100.733934,16.018783],[100.734045,16.018515],[100.736458,16.018235],[100.738311,16.018926],[100.738529,16.018534],[100.738505,16.017538],[100.739593,16.017828],[100.740306,16.017121],[100.741254,16.014909],[100.740764,16.013712],[100.741265,16.013499],[100.742305,16.014477],[100.743229,16.014495],[100.743398,16.014174],[100.742613,16.01382],[100.742478,16.013523],[100.743793,16.013219],[100.743335,16.012643],[100.74335,16.012304],[100.74432,16.012256],[100.745021,16.011951],[100.746171,16.010831],[100.746716,16.01092],[100.745907,16.011708],[100.746395,16.011993],[100.748375,16.011325],[100.748994,16.010794],[100.750635,16.01065],[100.750884,16.010128],[100.751449,16.010579],[100.752611,16.010394],[100.753269,16.011155],[100.75376,16.011221],[100.756647,16.010576],[100.757142,16.009998],[100.757761,16.009931],[100.758189,16.010142],[100.758025,16.011082],[100.758945,16.011054],[100.759351,16.01132],[100.759363,16.010757],[100.759962,16.010715],[100.760115,16.010468],[100.759181,16.010292],[100.759092,16.010082],[100.759816,16.009425],[100.760316,16.009803],[100.760765,16.009674],[100.760274,16.008613],[100.761157,16.008198],[100.760982,16.007692],[100.761896,16.006658],[100.762544,16.006919],[100.763144,16.006707],[100.763169,16.005882],[100.762878,16.005421],[100.763173,16.004734],[100.764386,16.005033],[100.76492,16.004644],[100.765081,16.004069],[100.765592,16.00361],[100.76676,16.003788],[100.767252,16.003361],[100.767659,16.003457],[100.767993,16.003251],[100.768138,16.002464],[100.767725,16.002041],[100.76805,16.001444],[100.768336,15.999784],[100.769042,15.998587],[100.77021,15.998547],[100.770972,15.998805],[100.771052,15.999264],[100.771644,15.999406],[100.772033,15.999787],[100.772359,15.999634],[100.772241,15.9991],[100.772405,15.998904],[100.773314,15.999298],[100.775052,15.998437],[100.77667,15.998637],[100.778301,15.997517],[100.779746,15.995804],[100.780979,15.995583],[100.780966,15.99481],[100.781563,15.99386],[100.782048,15.99399],[100.782555,15.993785],[100.78311,15.993102],[100.783855,15.993113],[100.784178,15.992375],[100.784638,15.992409],[100.785222,15.990827],[100.785018,15.99056],[100.784367,15.990512],[100.783886,15.989935],[100.783894,15.989331],[100.784479,15.988286],[100.783926,15.986722],[100.783984,15.98617],[100.783578,15.985854],[100.783937,15.984524],[100.783386,15.983973],[100.783635,15.982882],[100.78347,15.982747],[100.783052,15.983281],[100.782715,15.98311],[100.783023,15.98281],[100.782768,15.982456],[100.783359,15.982401],[100.782939,15.981889],[100.783563,15.981899],[100.783098,15.981368],[100.783512,15.98113],[100.784191,15.981333],[100.784008,15.980506],[100.783609,15.980344],[100.783395,15.980755],[100.783086,15.980692],[100.782907,15.979943],[100.781052,15.978509],[100.78039,15.978894],[100.779757,15.978578],[100.779743,15.977706],[100.778835,15.975537],[100.778616,15.975532],[100.77843,15.975978],[100.777719,15.975354],[100.778,15.974995],[100.777844,15.973669],[100.778037,15.973242],[100.777141,15.972752],[100.7775,15.972261],[100.777167,15.971879],[100.777229,15.97154],[100.77688,15.971274],[100.777514,15.970517],[100.777054,15.970225],[100.777307,15.969676],[100.778448,15.968945],[100.778469,15.968334],[100.778905,15.968049],[100.779166,15.967266],[100.778936,15.966745],[100.778121,15.966148],[100.77847,15.965352],[100.779536,15.964925],[100.779768,15.964177],[100.780275,15.963873],[100.781112,15.964266],[100.781443,15.963703],[100.783001,15.963561],[100.783741,15.962696],[100.784605,15.962614],[100.785127,15.962211],[100.785136,15.961748],[100.785583,15.961759],[100.785548,15.961351],[100.786017,15.96084],[100.786718,15.96077],[100.78655,15.959956],[100.788668,15.959591],[100.789438,15.958607],[100.790515,15.958518],[100.790604,15.958126],[100.791145,15.957785],[100.791261,15.957399],[100.79066,15.957021],[100.791252,15.956755],[100.791198,15.956174],[100.791797,15.95607],[100.791445,15.955686],[100.79179,15.955317],[100.791439,15.955013],[100.791513,15.954652],[100.79205,15.954647],[100.791736,15.95438],[100.791734,15.954052],[100.792162,15.953778],[100.79265,15.954119],[100.792706,15.953335],[100.793503,15.953368],[100.793263,15.952831],[100.794339,15.952119],[100.794524,15.951288],[100.794312,15.950816],[100.793642,15.95115],[100.793417,15.950969],[100.793589,15.950109],[100.793839,15.949891],[100.793297,15.949247],[100.793289,15.948111],[100.79376,15.946174],[100.793633,15.945442],[100.794044,15.945328],[100.794377,15.945815],[100.794919,15.945717],[100.794713,15.944877],[100.795384,15.944717],[100.795274,15.944203],[100.795567,15.943855],[100.795457,15.943602],[100.795035,15.943576],[100.794966,15.943277],[100.795673,15.943246],[100.795702,15.942083],[100.797613,15.94146],[100.79761,15.941134],[100.796945,15.941001],[100.796909,15.940788],[100.798029,15.939398],[100.798445,15.939628],[100.798693,15.939503],[100.798359,15.93905],[100.799236,15.93796],[100.798992,15.937351],[100.799233,15.937154],[100.799032,15.936185],[100.798364,15.935712],[100.798202,15.934735],[100.797659,15.934165],[100.798035,15.933535],[100.79759,15.93318],[100.79713,15.933519],[100.796786,15.933445],[100.795783,15.931681],[100.79436,15.931344],[100.792443,15.932238],[100.790898,15.93225],[100.789901,15.932584],[100.788547,15.932465],[100.787438,15.933458],[100.786361,15.932304],[100.784981,15.932165],[100.784313,15.933541],[100.783672,15.934253],[100.782702,15.9347],[100.781938,15.934772],[100.781095,15.93451],[100.780465,15.932939],[100.778198,15.933395],[100.777308,15.932956],[100.776615,15.932935],[100.776022,15.9316],[100.775369,15.93082],[100.773539,15.930585],[100.770688,15.929706],[100.76985,15.929891],[100.76889,15.930935],[100.767226,15.930708],[100.766067,15.931128],[100.766225,15.931495],[100.767467,15.932451],[100.767869,15.934606],[100.767513,15.935419],[100.765802,15.937662],[100.765287,15.937828],[100.763676,15.937234],[100.763118,15.937238],[100.760735,15.939324],[100.756953,15.941136],[100.755916,15.941887],[100.754943,15.943084],[100.754646,15.944185],[100.754096,15.950873],[100.752972,15.953055],[100.750626,15.955273],[100.750056,15.956823],[100.74965,15.95956],[100.749697,15.961402],[100.750871,15.96579],[100.750401,15.969135],[100.746859,15.97318],[100.745574,15.974171],[100.745643,15.975452],[100.745127,15.976143],[100.746255,15.980115],[100.745675,15.980183],[100.745489,15.980661],[100.744814,15.980504],[100.743747,15.981187],[100.743659,15.981641],[100.744231,15.982034],[100.743773,15.982559],[100.744111,15.983282],[100.743631,15.983923],[100.743265,15.984035],[100.742615,15.985151],[100.742509,15.985799],[100.74049,15.986279],[100.738952,15.986362],[100.737994,15.989867],[100.737451,15.989797],[100.736287,15.990201],[100.733177,15.990091],[100.730248,15.990914],[100.718707,15.988834],[100.717285,15.988839],[100.709836,15.990112],[100.708499,15.989997],[100.707482,15.989571],[100.701602,15.989859],[100.690028,15.993438],[100.688345,15.994502],[100.6872,15.996207],[100.682929,15.999439],[100.682404,15.999964],[100.69009,16.026815],[100.690804,16.026766],[100.691408,16.027156],[100.6919,16.027101],[100.692297,16.02654],[100.692011,16.025656],[100.692746,16.025483],[100.693292,16.024514],[100.693582,16.024561],[100.693757,16.025295],[100.694037,16.025462],[100.694918,16.025525],[100.695844,16.024566],[100.696428,16.025249],[100.696788,16.025271],[100.697369,16.024834],[100.698303,16.023031],[100.699074,16.023456],[100.699083,16.024825],[100.699394,16.024827],[100.699774,16.024342],[100.700302,16.024349]]]},"bbox":[100.682404,15.92969,100.799272,16.027188]},{"type":"Feature","id":"6ea26406-316f-4dcb-8e37-69a329620040","properties":{"id":"6ea26406-316f-4dcb-8e37-69a329620040","code":"06661103","provinceCode":"66","nameTh":"องค์การบริหารส่วนตำบล วังงิ้วใต้","nameEn":null,"geometryType":"MUNICIPALITY","sourceUrl":"https://landometer.com/api/v2/citymeter-v3/grocery/info/geom/6ea26406-316f-4dcb-8e37-69a329620040/MUNICIPALITY","sourceSha256":"94d7963233c4d6d2fdae2179d94a4a8a661be35eacdd50b7289132da14fa0942","retrievedAt":"2026-10-04T05:44:10.493568+00:00","boundaryVintage":null,"geometryStatus":"native_source_polygon_display_simplified","simplificationToleranceDegrees":0.00015,"simplificationPreservesTopology":true,"invalidSourceRepair":"make_valid; retain polygonal components; discard zero-area collapsed lines","legalBoundaryIndependentlyVerified":false,"areaId":"6ea26406-316f-4dcb-8e37-69a329620040"},"geometry":{"type":"Polygon","coordinates":[[[100.616334,16.06195],[100.617189,16.06148],[100.617706,16.061469],[100.617844,16.061017],[100.61831,16.06107],[100.619968,16.062483],[100.619803,16.063344],[100.620383,16.063367],[100.621031,16.062915],[100.621832,16.062862],[100.622264,16.06226],[100.623174,16.061635],[100.622627,16.059798],[100.62328,16.059787],[100.624362,16.060724],[100.625435,16.060447],[100.625399,16.060084],[100.624533,16.059396],[100.624548,16.058895],[100.625789,16.058635],[100.626748,16.059617],[100.627123,16.059551],[100.627659,16.058539],[100.628375,16.059097],[100.629035,16.058998],[100.629556,16.059433],[100.630446,16.059039],[100.630107,16.060305],[100.631343,16.060316],[100.638638,16.056725],[100.636522,16.049892],[100.637258,16.048273],[100.637008,16.047453],[100.637404,16.046887],[100.636849,16.046861],[100.636643,16.047473],[100.636245,16.047736],[100.635082,16.047787],[100.634064,16.047311],[100.634397,16.045848],[100.634668,16.045724],[100.634645,16.046165],[100.634958,16.046177],[100.635142,16.045113],[100.634884,16.044988],[100.634895,16.044535],[100.633727,16.044647],[100.633077,16.044092],[100.633027,16.043639],[100.634611,16.044188],[100.635749,16.043286],[100.636273,16.043349],[100.636185,16.042752],[100.636595,16.043048],[100.636915,16.042675],[100.637538,16.043418],[100.638138,16.043165],[100.638334,16.043754],[100.638728,16.043199],[100.639031,16.04336],[100.639383,16.042868],[100.640902,16.041964],[100.642549,16.043546],[100.642834,16.044127],[100.64328,16.044017],[100.643516,16.043505],[100.643952,16.043751],[100.64414,16.043229],[100.644673,16.043294],[100.644757,16.04375],[100.645289,16.044024],[100.645743,16.043831],[100.646054,16.044303],[100.646754,16.044418],[100.646181,16.04514],[100.646408,16.047582],[100.646047,16.047945],[100.64653,16.048068],[100.646832,16.04846],[100.647927,16.048672],[100.648041,16.049691],[100.649022,16.049645],[100.648294,16.050119],[100.648333,16.050322],[100.649294,16.050932],[100.650256,16.0506],[100.650323,16.051088],[100.650809,16.05138],[100.650726,16.052264],[100.651734,16.052246],[100.652192,16.05285],[100.65262,16.052178],[100.653223,16.052734],[100.653659,16.052704],[100.653573,16.05201],[100.654073,16.051687],[100.653649,16.050709],[100.654493,16.050777],[100.654741,16.051264],[100.65442,16.051708],[100.654791,16.051786],[100.654849,16.05268],[100.655666,16.052665],[100.656248,16.051944],[100.656396,16.05133],[100.656586,16.051714],[100.657117,16.051816],[100.657231,16.051606],[100.657059,16.050757],[100.65724,16.047599],[100.657493,16.046225],[100.658188,16.046165],[100.658127,16.040908],[100.658478,16.040551],[100.658292,16.040122],[100.658734,16.039952],[100.658733,16.03945],[100.659163,16.039275],[100.659264,16.038783],[100.661827,16.03842],[100.662875,16.037843],[100.663553,16.036866],[100.663748,16.035648],[100.663513,16.034367],[100.664673,16.034044],[100.665423,16.033256],[100.664898,16.032368],[100.665291,16.031686],[100.665946,16.031573],[100.666379,16.031989],[100.666839,16.031994],[100.667045,16.031119],[100.667439,16.030877],[100.668068,16.031381],[100.668592,16.031432],[100.668822,16.031209],[100.668906,16.03042],[100.669316,16.030661],[100.669497,16.03142],[100.670742,16.031928],[100.670817,16.031175],[100.671381,16.030948],[100.671925,16.030246],[100.672208,16.030327],[100.672244,16.030922],[100.672779,16.030992],[100.672988,16.030738],[100.672802,16.030282],[100.673244,16.030467],[100.673863,16.03032],[100.674202,16.029654],[100.675242,16.030593],[100.677294,16.03122],[100.677386,16.030979],[100.676897,16.030659],[100.676756,16.030244],[100.677443,16.029128],[100.677364,16.028258],[100.677725,16.028202],[100.678003,16.028747],[100.678737,16.028703],[100.67875,16.027844],[100.679297,16.027276],[100.67927,16.026596],[100.679495,16.026308],[100.679814,16.026373],[100.680083,16.026893],[100.681123,16.027272],[100.680935,16.026042],[100.681882,16.025628],[100.682114,16.024649],[100.682369,16.02448],[100.68272,16.024591],[100.683229,16.025444],[100.683087,16.026554],[100.683298,16.026901],[100.683802,16.026806],[100.684508,16.025824],[100.685355,16.026201],[100.685821,16.02558],[100.686693,16.025588],[100.68713,16.02589],[100.686796,16.02655],[100.686874,16.026858],[100.68705,16.027065],[100.687442,16.026996],[100.687861,16.028176],[100.688506,16.027138],[100.69009,16.026815],[100.682404,15.999964],[100.663769,16.013003],[100.658669,16.01927],[100.654148,16.026881],[100.65301,16.024927],[100.646939,16.020096],[100.642884,16.017725],[100.642006,16.016621],[100.642166,16.015667],[100.641147,16.01529],[100.640075,16.014059],[100.630433,16.019004],[100.618362,16.026291],[100.611892,16.029806],[100.602683,16.035755],[100.61069,16.035509],[100.611372,16.055969],[100.614842,16.058322],[100.612127,16.061105],[100.609913,16.060103],[100.605222,16.061052],[100.604025,16.062434],[100.604195,16.063055],[100.604455,16.063328],[100.604565,16.063131],[100.605811,16.06344],[100.606301,16.064286],[100.606569,16.064016],[100.606976,16.064155],[100.607756,16.065637],[100.60771,16.066205],[100.608125,16.066188],[100.608549,16.06575],[100.608674,16.066224],[100.608892,16.066273],[100.609267,16.065806],[100.609934,16.06641],[100.610853,16.066195],[100.611358,16.066556],[100.612288,16.066217],[100.612582,16.066696],[100.613811,16.065722],[100.613617,16.065016],[100.614785,16.064325],[100.614412,16.063256],[100.615071,16.062992],[100.615442,16.062487],[100.616139,16.062696],[100.616374,16.062461],[100.616334,16.06195]]]},"bbox":[100.602683,15.999964,100.69009,16.066697]},{"type":"Feature","id":"3cb81671-b1db-4873-845c-7bd70692956f","properties":{"id":"3cb81671-b1db-4873-845c-7bd70692956f","code":"06661104","provinceCode":"66","nameTh":"องค์การบริหารส่วนตำบล ห้วยพุก","nameEn":null,"geometryType":"MUNICIPALITY","sourceUrl":"https://landometer.com/api/v2/citymeter-v3/grocery/info/geom/3cb81671-b1db-4873-845c-7bd70692956f/MUNICIPALITY","sourceSha256":"bb3bf6429a4bf4fc71880744db4b82a124f9d5e3a702d9f40b79356a2acf9646","retrievedAt":"2026-10-04T05:44:10.494624+00:00","boundaryVintage":null,"geometryStatus":"native_source_polygon_display_simplified","simplificationToleranceDegrees":0.00015,"simplificationPreservesTopology":true,"invalidSourceRepair":"make_valid; retain polygonal components; discard zero-area collapsed lines","legalBoundaryIndependentlyVerified":false,"areaId":"3cb81671-b1db-4873-845c-7bd70692956f"},"geometry":{"type":"Polygon","coordinates":[[[100.639612,16.014055],[100.638674,16.012944],[100.638389,16.011935],[100.638022,16.011797],[100.637609,16.010675],[100.637094,16.010171],[100.637897,16.008183],[100.63756,16.007677],[100.637316,16.005978],[100.632805,16.005579],[100.628319,16.004342],[100.625192,16.002149],[100.625548,16.001845],[100.625207,16.001546],[100.625579,16.001321],[100.624882,16.000897],[100.6252,16.000387],[100.624924,16.000131],[100.625423,15.999987],[100.625427,15.999464],[100.624878,15.999445],[100.625083,15.998889],[100.624431,15.999066],[100.624669,15.99851],[100.624273,15.998442],[100.624174,15.998193],[100.624839,15.997603],[100.624633,15.997089],[100.625118,15.997172],[100.62521,15.99664],[100.625669,15.996488],[100.624894,15.995393],[100.625164,15.994981],[100.624142,15.993983],[100.62374,15.994291],[100.623462,15.99396],[100.623043,15.99397],[100.623381,15.993455],[100.623238,15.993266],[100.6229,15.993262],[100.622422,15.993664],[100.622186,15.992959],[100.621814,15.99283],[100.62225,15.992486],[100.622226,15.992234],[100.621279,15.992405],[100.62165,15.99183],[100.621567,15.991316],[100.620931,15.990524],[100.620418,15.990845],[100.620178,15.989902],[100.619591,15.989538],[100.619558,15.988706],[100.619232,15.988456],[100.619496,15.987891],[100.618987,15.987709],[100.619253,15.987177],[100.61874,15.986856],[100.618792,15.986436],[100.618575,15.986253],[100.618814,15.985892],[100.618212,15.984923],[100.617231,15.984775],[100.617047,15.984181],[100.616476,15.983754],[100.61688,15.983364],[100.615524,15.983372],[100.61461,15.982621],[100.613777,15.982996],[100.613454,15.982785],[100.613439,15.982414],[100.612932,15.982828],[100.61279,15.982431],[100.612466,15.982677],[100.612229,15.982328],[100.611389,15.982175],[100.611262,15.98126],[100.611812,15.981099],[100.611043,15.980843],[100.611286,15.980331],[100.611799,15.980121],[100.611466,15.979472],[100.611622,15.979195],[100.610683,15.979202],[100.610315,15.979889],[100.609486,15.979052],[100.608965,15.979174],[100.608881,15.978565],[100.608608,15.978328],[100.608838,15.97796],[100.608075,15.977815],[100.608141,15.977145],[100.60772,15.976803],[100.607605,15.976248],[100.607091,15.976036],[100.607147,15.975551],[100.606339,15.975451],[100.606038,15.974765],[100.605049,15.975048],[100.604556,15.973914],[100.604044,15.973959],[100.604033,15.973248],[100.602945,15.973117],[100.603147,15.972636],[100.602541,15.972659],[100.602384,15.971268],[100.601808,15.971168],[100.602044,15.970675],[100.601483,15.970039],[100.600584,15.97028],[100.600589,15.969647],[100.599975,15.969578],[100.599915,15.969189],[100.599598,15.969998],[100.599118,15.969633],[100.599017,15.970155],[100.598339,15.970158],[100.598237,15.969655],[100.597735,15.970083],[100.597491,15.969603],[100.597613,15.969171],[100.596592,15.969139],[100.596886,15.968537],[100.596637,15.968028],[100.596094,15.968199],[100.595935,15.96877],[100.595469,15.968513],[100.595683,15.968015],[100.594056,15.967695],[100.593929,15.96826],[100.593331,15.967796],[100.593943,15.967431],[100.593089,15.967406],[100.593176,15.966817],[100.5927,15.966618],[100.592576,15.967057],[100.592252,15.966964],[100.592088,15.966456],[100.592804,15.966381],[100.592889,15.966186],[100.592546,15.965931],[100.592511,15.965591],[100.592098,15.965704],[100.591975,15.966038],[100.591842,15.965283],[100.591196,15.965399],[100.590925,15.964795],[100.591339,15.964606],[100.591321,15.964399],[100.590196,15.964777],[100.590019,15.96441],[100.590388,15.964149],[100.590317,15.963975],[100.589474,15.964126],[100.589988,15.963714],[100.589839,15.96327],[100.589366,15.963475],[100.589066,15.963268],[100.588985,15.963598],[100.58839,15.963379],[100.589099,15.96257],[100.588467,15.961985],[100.589162,15.96193],[100.589009,15.96168],[100.587964,15.961358],[100.588435,15.96116],[100.588424,15.960857],[100.587981,15.960776],[100.588426,15.960411],[100.587398,15.960323],[100.587384,15.959798],[100.586749,15.960374],[100.586091,15.959834],[100.58643,15.959254],[100.585954,15.95948],[100.58569,15.959107],[100.585692,15.958893],[100.586342,15.958848],[100.586344,15.958593],[100.585799,15.958331],[100.586538,15.957865],[100.586276,15.957684],[100.58582,15.957938],[100.58529,15.957368],[100.586003,15.957113],[100.58598,15.956645],[100.585374,15.955918],[100.584874,15.955838],[100.585327,15.955135],[100.585076,15.954688],[100.58542,15.95401],[100.58471,15.953583],[100.584496,15.952987],[100.584094,15.95332],[100.583308,15.953465],[100.583247,15.952778],[100.583856,15.952724],[100.58396,15.952422],[100.583421,15.952097],[100.583234,15.951645],[100.582729,15.951834],[100.58268,15.951027],[100.581829,15.951091],[100.582041,15.950434],[100.581519,15.950137],[100.581352,15.949541],[100.581554,15.949231],[100.579986,15.949531],[100.580893,15.948449],[100.580268,15.948083],[100.581073,15.947607],[100.579869,15.947221],[100.580534,15.945226],[100.580025,15.945134],[100.579721,15.945489],[100.579298,15.945232],[100.579389,15.945927],[100.579182,15.945978],[100.578929,15.945875],[100.578388,15.944819],[100.57818,15.944851],[100.577939,15.945499],[100.577234,15.945155],[100.576987,15.944554],[100.576779,15.944522],[100.576439,15.945111],[100.575833,15.94443],[100.575664,15.944938],[100.575042,15.944575],[100.573344,15.945078],[100.573027,15.945739],[100.571488,15.945877],[100.571389,15.946279],[100.576286,15.953606],[100.576367,15.954569],[100.576304,15.95471],[100.575454,15.954161],[100.569975,15.966429],[100.564426,15.985906],[100.570479,16.002143],[100.576589,16.01471],[100.576932,16.014858],[100.578311,16.018251],[100.584887,16.023463],[100.594325,16.02215],[100.602573,16.025447],[100.602683,16.035755],[100.611892,16.029806],[100.618362,16.026291],[100.630433,16.019004],[100.640075,16.014059],[100.639612,16.014055]]]},"bbox":[100.564426,15.94443,100.640075,16.035755]},{"type":"Feature","id":"582a42e3-1238-45a9-b85e-7a7744f61b1c","properties":{"id":"582a42e3-1238-45a9-b85e-7a7744f61b1c","code":"06661105","provinceCode":"66","nameTh":"องค์การบริหารส่วนตำบล ห้วยร่วม","nameEn":null,"geometryType":"MUNICIPALITY","sourceUrl":"https://landometer.com/api/v2/citymeter-v3/grocery/info/geom/582a42e3-1238-45a9-b85e-7a7744f61b1c/MUNICIPALITY","sourceSha256":"7ac93733edc14440a5233999893c9fe47162eaac5e48ed7bcfbe21441c1266ab","retrievedAt":"2026-10-04T05:44:10.548881+00:00","boundaryVintage":null,"geometryStatus":"native_source_polygon_display_simplified","simplificationToleranceDegrees":0.00015,"simplificationPreservesTopology":true,"invalidSourceRepair":"make_valid; retain polygonal components; discard zero-area collapsed lines","legalBoundaryIndependentlyVerified":false,"areaId":"582a42e3-1238-45a9-b85e-7a7744f61b1c"},"geometry":{"type":"Polygon","coordinates":[[[100.571188,15.946215],[100.571361,15.945454],[100.570752,15.945273],[100.571149,15.944903],[100.57044,15.944586],[100.570039,15.943486],[100.569757,15.943368],[100.569316,15.943773],[100.569018,15.943145],[100.568408,15.943974],[100.568985,15.944291],[100.568824,15.944536],[100.56819,15.944288],[100.567543,15.944614],[100.567228,15.943907],[100.566558,15.943675],[100.566533,15.94321],[100.565869,15.943468],[100.56477,15.944427],[100.564584,15.944329],[100.564604,15.943684],[100.563852,15.943984],[100.563972,15.943458],[100.563469,15.944242],[100.563144,15.94426],[100.562562,15.943525],[100.562615,15.942465],[100.561954,15.942419],[100.56171,15.941797],[100.561188,15.941622],[100.560965,15.940042],[100.560158,15.940129],[100.56023,15.939008],[100.560644,15.938666],[100.559912,15.938404],[100.559614,15.938799],[100.559497,15.938139],[100.55858,15.937551],[100.558623,15.936767],[100.558092,15.936441],[100.558469,15.936146],[100.557961,15.935715],[100.557973,15.935171],[100.557391,15.93525],[100.55686,15.93479],[100.557408,15.933896],[100.556649,15.933742],[100.556635,15.933172],[100.555697,15.933112],[100.555657,15.932798],[100.555203,15.932624],[100.555096,15.931985],[100.554642,15.931856],[100.554328,15.932413],[100.552865,15.932676],[100.552935,15.933174],[100.552305,15.932499],[100.552064,15.933611],[100.551454,15.933256],[100.550445,15.933811],[100.55036,15.933092],[100.549822,15.933096],[100.549897,15.932603],[100.549621,15.93227],[100.549749,15.931803],[100.549409,15.931088],[100.549898,15.930832],[100.54955,15.930046],[100.550139,15.930045],[100.550174,15.929807],[100.549206,15.929236],[100.549462,15.928778],[100.548383,15.928893],[100.547957,15.928656],[100.547867,15.927923],[100.547501,15.927512],[100.546862,15.927329],[100.547352,15.926843],[100.547284,15.926664],[100.546026,15.926595],[100.54608,15.925887],[100.545438,15.925782],[100.545235,15.925276],[100.544803,15.925903],[100.544195,15.92557],[100.543689,15.926081],[100.543301,15.925382],[100.543095,15.926185],[100.543512,15.926705],[100.543108,15.927432],[100.542852,15.927412],[100.542608,15.926806],[100.542328,15.926993],[100.542307,15.927515],[100.541909,15.927302],[100.541591,15.927445],[100.54146,15.927112],[100.540158,15.927582],[100.54003,15.927135],[100.539397,15.927102],[100.539185,15.926399],[100.538013,15.92642],[100.537762,15.925736],[100.537962,15.924789],[100.537736,15.924515],[100.537002,15.924555],[100.536899,15.923968],[100.535868,15.924016],[100.535601,15.924633],[100.534437,15.925693],[100.533829,15.924438],[100.533199,15.924162],[100.533156,15.923536],[100.532494,15.923977],[100.532304,15.923248],[100.531879,15.923687],[100.531591,15.923407],[100.531104,15.923377],[100.53066,15.922397],[100.530691,15.921893],[100.52908,15.921869],[100.528942,15.922195],[100.529359,15.922624],[100.529017,15.922839],[100.528631,15.922794],[100.528659,15.92244],[100.528397,15.922288],[100.527898,15.922508],[100.527311,15.922087],[100.526733,15.922066],[100.526411,15.921654],[100.525368,15.922094],[100.524306,15.921215],[100.524712,15.920819],[100.524344,15.920527],[100.524603,15.91991],[100.52414,15.919256],[100.523104,15.919475],[100.522893,15.919022],[100.52256,15.918988],[100.522203,15.919862],[100.52191,15.919928],[100.521455,15.919573],[100.521339,15.920367],[100.521631,15.920808],[100.520099,15.921676],[100.52046,15.922329],[100.519614,15.923247],[100.520154,15.924712],[100.519508,15.925259],[100.519666,15.925532],[100.521074,15.925283],[100.521456,15.92639],[100.522154,15.926633],[100.521891,15.926969],[100.522032,15.927582],[100.521114,15.927614],[100.521013,15.927953],[100.521373,15.928808],[100.521313,15.930547],[100.521681,15.93115],[100.521678,15.931749],[100.523516,15.931774],[100.524204,15.932236],[100.524997,15.93217],[100.52573,15.932496],[100.52666,15.932207],[100.527256,15.932708],[100.527697,15.932705],[100.529299,15.93396],[100.529169,15.935744],[100.52969,15.935953],[100.530018,15.937557],[100.529534,15.937874],[100.52832,15.938062],[100.528045,15.937668],[100.524648,15.938944],[100.522081,15.93903],[100.521944,15.939896],[100.521406,15.940218],[100.519951,15.940726],[100.519233,15.9402],[100.516901,15.941808],[100.511534,15.943892],[100.507134,15.94842],[100.502192,15.954703],[100.500483,15.957865],[100.500014,15.96181],[100.499666,15.968848],[100.499866,15.97837],[100.497726,15.984988],[100.494655,15.99054],[100.49437,15.992271],[100.494257,15.996114],[100.49294,15.99642],[100.492984,15.997824],[100.493452,15.999788],[100.493736,16.00054],[100.494397,16.000549],[100.494078,16.001109],[100.49461,16.001003],[100.494858,16.001337],[100.495758,16.001429],[100.496541,16.00185],[100.496589,16.001035],[100.497458,16.001479],[100.498342,16.001309],[100.499296,16.002124],[100.499847,16.002232],[100.500137,16.002763],[100.500548,16.002588],[100.502047,16.002649],[100.502927,16.003198],[100.503151,16.003023],[100.503133,16.002495],[100.503713,16.002514],[100.503984,16.002099],[100.504551,16.002458],[100.504792,16.002101],[100.504701,16.001687],[100.505324,16.001574],[100.50539,16.001018],[100.506213,16.001414],[100.506323,16.000965],[100.506538,16.000919],[100.506904,16.001612],[100.507314,16.001437],[100.507299,16.000818],[100.507943,16.000942],[100.50816,16.000144],[100.508552,16.000554],[100.509113,16.000014],[100.509808,16.000466],[100.509601,15.999929],[100.510277,15.999901],[100.510769,15.999242],[100.510882,15.999978],[100.51141,15.999585],[100.511687,15.999853],[100.511327,16.00078],[100.511909,16.000737],[100.512057,16.000317],[100.512928,16.000734],[100.512942,16.001729],[100.513617,16.001371],[100.513708,16.001988],[100.51464,16.001818],[100.514746,16.002708],[100.516068,16.002246],[100.515767,16.00317],[100.516055,16.003199],[100.516526,16.002788],[100.516677,16.003746],[100.517795,16.003011],[100.517852,16.003479],[100.518365,16.003478],[100.51857,16.003887],[100.519,16.003797],[100.519258,16.004147],[100.520241,16.004122],[100.520525,16.005328],[100.521679,16.006198],[100.522306,16.006242],[100.522388,16.007053],[100.523064,16.006588],[100.524148,16.006933],[100.5239,16.007562],[100.524585,16.007758],[100.524988,16.00827],[100.525451,16.007736],[100.526937,16.007737],[100.526901,16.008534],[100.52775,16.008345],[100.527859,16.008736],[100.528398,16.008811],[100.528419,16.009287],[100.528967,16.009191],[100.529436,16.009485],[100.529155,16.010033],[100.529514,16.010262],[100.529205,16.010769],[100.529836,16.010603],[100.530068,16.010966],[100.52949,16.011265],[100.529492,16.011476],[100.530143,16.011641],[100.530549,16.01131],[100.530993,16.011474],[100.531343,16.011011],[100.531574,16.01129],[100.532355,16.011437],[100.532172,16.010643],[100.532704,16.010828],[100.533698,16.010273],[100.533249,16.012423],[100.533191,16.015693],[100.533865,16.010147],[100.535331,16.009228],[100.540806,16.010299],[100.548258,16.00863],[100.552688,16.010894],[100.557212,16.009195],[100.56361,16.012083],[100.565174,16.013971],[100.565286,16.014919],[100.565184,16.01392],[100.567676,16.014404],[100.570876,16.012237],[100.576589,16.01471],[100.570479,16.002143],[100.564426,15.985906],[100.569975,15.966429],[100.575454,15.954161],[100.576304,15.95471],[100.576367,15.954569],[100.576286,15.953606],[100.571411,15.946248],[100.571188,15.946215]]]},"bbox":[100.49294,15.918978,100.576589,16.015693]},{"type":"Feature","id":"52cd710b-d6d9-493d-830e-bfa642fbfb85","properties":{"id":"52cd710b-d6d9-493d-830e-bfa642fbfb85","code":"06661201","provinceCode":"66","nameTh":"องค์การบริหารส่วนตำบล บ้านนา","nameEn":null,"geometryType":"MUNICIPALITY","sourceUrl":"https://landometer.com/api/v2/citymeter-v3/grocery/info/geom/52cd710b-d6d9-493d-830e-bfa642fbfb85/MUNICIPALITY","sourceSha256":"b36ecb83686bf4ca1b6a4541be3f800e535b1a74610f502bce70d82c5ede3cdf","retrievedAt":"2026-10-04T05:44:10.553986+00:00","boundaryVintage":null,"geometryStatus":"native_source_polygon_display_simplified","simplificationToleranceDegrees":0.00015,"simplificationPreservesTopology":true,"invalidSourceRepair":"make_valid; retain polygonal components; discard zero-area collapsed lines","legalBoundaryIndependentlyVerified":false,"areaId":"52cd710b-d6d9-493d-830e-bfa642fbfb85"},"geometry":{"type":"Polygon","coordinates":[[[100.113633,16.532847],[100.119078,16.532119],[100.119733,16.530211],[100.126585,16.533453],[100.12834,16.531336],[100.133777,16.530472],[100.135711,16.531627],[100.137949,16.529129],[100.144976,16.530584],[100.146584,16.527714],[100.154445,16.524857],[100.154428,16.521999],[100.159014,16.520668],[100.159807,16.518926],[100.166711,16.524815],[100.171278,16.53167],[100.187622,16.532657],[100.18778,16.531687],[100.189624,16.532594],[100.1897,16.532378],[100.188861,16.531627],[100.188025,16.525172],[100.189249,16.519236],[100.189276,16.516974],[100.188783,16.513748],[100.188126,16.512027],[100.186129,16.512422],[100.181941,16.510666],[100.179576,16.508874],[100.172853,16.502899],[100.172667,16.502196],[100.172974,16.501698],[100.17261,16.501357],[100.17256,16.500901],[100.17219,16.500682],[100.171458,16.501085],[100.17108,16.500333],[100.170187,16.500472],[100.170155,16.499225],[100.170494,16.49852],[100.17002,16.497823],[100.169941,16.497024],[100.169225,16.496419],[100.169302,16.495615],[100.16891,16.495081],[100.169258,16.494083],[100.170119,16.492871],[100.170041,16.49187],[100.170264,16.491066],[100.169904,16.490342],[100.169545,16.488113],[100.168639,16.487552],[100.168975,16.486768],[100.169027,16.48572],[100.168274,16.485295],[100.16768,16.484201],[100.166751,16.483905],[100.165483,16.482821],[100.164347,16.481252],[100.164697,16.480111],[100.16422,16.479013],[100.164322,16.478173],[100.165623,16.47799],[100.166456,16.475994],[100.167288,16.475238],[100.166957,16.474889],[100.165699,16.474698],[100.164531,16.474147],[100.164022,16.473107],[100.164383,16.472201],[100.164861,16.471756],[100.163599,16.471045],[100.164295,16.469837],[100.166853,16.468973],[100.168615,16.467099],[100.169031,16.46494],[100.16986,16.463199],[100.170026,16.461978],[100.171432,16.457774],[100.171917,16.4572],[100.172741,16.456747],[100.174016,16.456153],[100.175317,16.455898],[100.175798,16.45531],[100.175832,16.454419],[100.175471,16.453902],[100.175597,16.452168],[100.175034,16.4501],[100.174204,16.448939],[100.172332,16.447422],[100.171662,16.447146],[100.170737,16.447248],[100.167768,16.448717],[100.166339,16.448499],[100.163679,16.447524],[100.162968,16.448269],[100.161744,16.451042],[100.161255,16.451216],[100.159552,16.451008],[100.150052,16.44784],[100.145059,16.447284],[100.138777,16.448258],[100.13466,16.448281],[100.128953,16.447899],[100.123295,16.448165],[100.115607,16.44918],[100.11027,16.44576],[100.100041,16.441934],[100.09187,16.440465],[100.086925,16.440778],[100.083651,16.441646],[100.084583,16.441399],[100.085538,16.443989],[100.090132,16.443611],[100.091488,16.446159],[100.10129,16.442424],[100.103941,16.443659],[100.098988,16.446976],[100.100937,16.448731],[100.101063,16.45131],[100.103595,16.451598],[100.10334,16.457882],[100.097027,16.486262],[100.087958,16.485672],[100.079854,16.482947],[100.074672,16.492455],[100.07207,16.504739],[100.075787,16.524137],[100.082215,16.535315],[100.089931,16.539012],[100.098166,16.535324],[100.103342,16.534986],[100.105247,16.536539],[100.108719,16.535118],[100.110972,16.5365],[100.113633,16.532847]]]},"bbox":[100.07207,16.440465,100.1897,16.539012]},{"type":"Feature","id":"fd337211-1a43-4f04-9f0d-9acf809aaac3","properties":{"id":"fd337211-1a43-4f04-9f0d-9acf809aaac3","code":"06661202","provinceCode":"66","nameTh":"องค์การบริหารส่วนตำบล หนองหลุม","nameEn":null,"geometryType":"MUNICIPALITY","sourceUrl":"https://landometer.com/api/v2/citymeter-v3/grocery/info/geom/fd337211-1a43-4f04-9f0d-9acf809aaac3/MUNICIPALITY","sourceSha256":"e5e8d5cf76c361346b7c1e49ff82e78f8b279f8df84bcac90c5308913999c81f","retrievedAt":"2026-10-04T05:44:10.555147+00:00","boundaryVintage":null,"geometryStatus":"native_source_polygon_display_simplified","simplificationToleranceDegrees":0.00015,"simplificationPreservesTopology":true,"invalidSourceRepair":"make_valid; retain polygonal components; discard zero-area collapsed lines","legalBoundaryIndependentlyVerified":false,"areaId":"fd337211-1a43-4f04-9f0d-9acf809aaac3"},"geometry":{"type":"Polygon","coordinates":[[[100.104907,16.606063],[100.104899,16.60915],[100.105815,16.609732],[100.108505,16.610914],[100.11496,16.612317],[100.116779,16.613328],[100.118773,16.614071],[100.125664,16.610985],[100.130075,16.6107],[100.129983,16.609751],[100.130381,16.609188],[100.130314,16.608551],[100.131856,16.607457],[100.132924,16.606123],[100.133379,16.604092],[100.134348,16.603669],[100.135569,16.603778],[100.137254,16.603071],[100.137595,16.601678],[100.137628,16.599951],[100.13998,16.598935],[100.144237,16.600449],[100.146415,16.600751],[100.146574,16.602997],[100.1463,16.60504],[100.146483,16.606227],[100.149781,16.605911],[100.150495,16.605073],[100.152956,16.598744],[100.154126,16.597087],[100.157907,16.595562],[100.160507,16.593641],[100.165389,16.591545],[100.170504,16.590525],[100.170703,16.588855],[100.17044,16.587961],[100.169017,16.585048],[100.168614,16.58499],[100.166864,16.582701],[100.179724,16.573685],[100.19168,16.570013],[100.193078,16.563847],[100.194367,16.559565],[100.196025,16.556556],[100.194265,16.542315],[100.193789,16.541438],[100.192505,16.535818],[100.191528,16.535506],[100.191066,16.5336],[100.188861,16.531627],[100.1897,16.532378],[100.189624,16.532594],[100.18778,16.531687],[100.187622,16.532657],[100.171278,16.53167],[100.170679,16.530868],[100.176087,16.541025],[100.166072,16.552564],[100.160589,16.552953],[100.149728,16.549344],[100.145331,16.549807],[100.127885,16.571237],[100.120681,16.575983],[100.114063,16.576687],[100.108197,16.581125],[100.099132,16.583677],[100.098257,16.583241],[100.09827587709678,16.58436793865992],[100.097174,16.583818],[100.097705,16.58618],[100.096563,16.585749],[100.096889,16.587028],[100.095707,16.586439],[100.096032,16.587719],[100.089312,16.584369],[100.085318,16.584193],[100.085622,16.584383],[100.08613,16.585795],[100.086787,16.586368],[100.086485,16.587295],[100.088154,16.58716],[100.089231,16.588581],[100.087694,16.589455],[100.087137,16.592131],[100.087832,16.593739],[100.087877,16.594589],[100.087123,16.596382],[100.086574,16.597006],[100.086759,16.597586],[100.086577,16.598267],[100.089548,16.600163],[100.091157,16.600409],[100.095408,16.599724],[100.097172,16.603325],[100.097749,16.605805],[100.099121,16.605621],[100.1006,16.605935],[100.104335,16.603995],[100.104907,16.606063]],[[100.098276,16.584368],[100.101876,16.598527],[100.09827587709678,16.58436793865992],[100.098276,16.584368]]]},"bbox":[100.085318,16.530859,100.196025,16.614072]},{"type":"Feature","id":"72f820fe-efa6-4028-bb53-185fc6618559","properties":{"id":"72f820fe-efa6-4028-bb53-185fc6618559","code":"06661203","provinceCode":"66","nameTh":"องค์การบริหารส่วนตำบล บึงบัว","nameEn":null,"geometryType":"MUNICIPALITY","sourceUrl":"https://landometer.com/api/v2/citymeter-v3/grocery/info/geom/72f820fe-efa6-4028-bb53-185fc6618559/MUNICIPALITY","sourceSha256":"b8eedf31d48a28f3b4df42e14cc0349478b8b4502f7e25689ce1f7148365134a","retrievedAt":"2026-10-04T05:44:10.544607+00:00","boundaryVintage":null,"geometryStatus":"native_source_polygon_display_simplified","simplificationToleranceDegrees":0.00015,"simplificationPreservesTopology":true,"invalidSourceRepair":"make_valid; retain polygonal components; discard zero-area collapsed lines","legalBoundaryIndependentlyVerified":false,"areaId":"72f820fe-efa6-4028-bb53-185fc6618559"},"geometry":{"type":"MultiPolygon","coordinates":[[[[100.07207,16.504739],[100.074672,16.492455],[100.079854,16.482947],[100.087958,16.485672],[100.097027,16.486262],[100.10334,16.457882],[100.103595,16.451598],[100.101063,16.45131],[100.100937,16.448731],[100.098988,16.446976],[100.103941,16.443659],[100.10129,16.442424],[100.091488,16.446159],[100.090132,16.443611],[100.085538,16.443989],[100.084583,16.441399],[100.081787,16.44214],[100.072141,16.446233],[100.070936,16.446385],[100.069795,16.44577],[100.068793,16.446914],[100.068133,16.447281],[100.064685,16.446584],[100.063388,16.447155],[100.063214,16.447281],[100.063283,16.449859],[100.06375,16.450134],[100.063197,16.453178],[100.059342,16.454198],[100.057022,16.454248],[100.055392,16.452992],[100.052307,16.452202],[100.048816,16.45087],[100.044773,16.448408],[100.043456,16.447265],[100.042109,16.445144],[100.040519,16.444062],[100.035987,16.442129],[100.021451,16.439844],[100.017961,16.4395],[100.016901,16.437838],[100.01068,16.438118],[100.006581,16.437933],[100.00637,16.437558],[100.003503,16.438045],[99.993831,16.435007],[99.993934,16.440095],[99.996634,16.446126],[99.998839,16.449261],[99.998935,16.454721],[99.999514,16.456737],[100.002644,16.464231],[100.004068,16.46607],[100.007276,16.468304],[100.010145,16.470743],[100.015728,16.47774],[100.021568,16.483613],[100.023647,16.487041],[100.034285,16.500646],[100.034585,16.501699],[100.034662,16.50225],[100.031811,16.504553],[100.026313,16.511562],[100.02586,16.512978],[100.024913,16.51463],[100.024768,16.516666],[100.024939,16.520198],[100.021756,16.521351],[100.02025,16.52161],[100.019858,16.520749],[100.019139,16.520945],[100.018773,16.52017],[100.015331,16.520074],[100.013291,16.520416],[100.012799,16.521082],[100.010622,16.521207],[100.011672,16.528119],[100.011673,16.530205],[100.008408,16.530092],[100.00835,16.530798],[100.011125,16.534872],[100.01219109321966,16.53996442785365],[100.0123,16.539296],[100.027934,16.531198],[100.043328,16.53142],[100.045202,16.534091],[100.048378,16.534023],[100.049503,16.538847],[100.052286,16.540585],[100.054747,16.545038],[100.057526,16.545395],[100.061514,16.544995],[100.063465,16.546158],[100.067246,16.543474],[100.070871,16.544208],[100.073255,16.541425],[100.076243,16.545271],[100.079424,16.542922],[100.082362,16.543672],[100.081317,16.540854],[100.082539,16.535878],[100.075787,16.524137],[100.07207,16.504739]]],[[[100.012193,16.54028],[100.01219109321966,16.53996442785365],[100.012191,16.539965],[100.012193,16.54028]]]]},"bbox":[99.993831,16.435007,100.103941,16.546158]},{"type":"Feature","id":"6b279231-e35a-4480-87ca-f822531b8613","properties":{"id":"6b279231-e35a-4480-87ca-f822531b8613","code":"06661204","provinceCode":"66","nameTh":"องค์การบริหารส่วนตำบล วังโมกข์","nameEn":null,"geometryType":"MUNICIPALITY","sourceUrl":"https://landometer.com/api/v2/citymeter-v3/grocery/info/geom/6b279231-e35a-4480-87ca-f822531b8613/MUNICIPALITY","sourceSha256":"2d05e5152dfbb4d4a890e6cfa90fc8a8f9cb08c118813a585187a9502cd97f71","retrievedAt":"2026-10-04T05:44:10.562645+00:00","boundaryVintage":null,"geometryStatus":"native_source_polygon_display_simplified","simplificationToleranceDegrees":0.00015,"simplificationPreservesTopology":true,"invalidSourceRepair":"make_valid; retain polygonal components; discard zero-area collapsed lines","legalBoundaryIndependentlyVerified":false,"areaId":"6b279231-e35a-4480-87ca-f822531b8613"},"geometry":{"type":"Polygon","coordinates":[[[100.176087,16.541025],[100.170709,16.530859],[100.166711,16.524815],[100.159807,16.518926],[100.159014,16.520668],[100.154428,16.521999],[100.154445,16.524857],[100.146584,16.527714],[100.144976,16.530584],[100.137949,16.529129],[100.135711,16.531627],[100.133777,16.530472],[100.12834,16.531336],[100.126585,16.533453],[100.119733,16.530211],[100.119078,16.532119],[100.113633,16.532847],[100.110972,16.5365],[100.108719,16.535118],[100.105247,16.536539],[100.103342,16.534986],[100.098166,16.535324],[100.089931,16.539012],[100.082215,16.535315],[100.082539,16.535878],[100.081317,16.540854],[100.082362,16.543672],[100.079424,16.542922],[100.076243,16.545271],[100.073255,16.541425],[100.070871,16.544208],[100.067246,16.543474],[100.063465,16.546158],[100.061514,16.544995],[100.057526,16.545395],[100.054747,16.545038],[100.052286,16.540585],[100.049503,16.538847],[100.048378,16.534023],[100.045202,16.534091],[100.043328,16.53142],[100.027934,16.531198],[100.0123,16.539296],[100.011065,16.547348],[100.011637,16.548587],[100.012124,16.550937],[100.011634,16.554078],[100.012203,16.554362],[100.012243,16.556066],[100.013842,16.558621],[100.014016,16.559785],[100.012084,16.560442],[100.012231,16.561417],[100.011046,16.561507],[100.011322,16.566083],[100.012153,16.566222],[100.012214,16.573401],[100.014037,16.574321],[100.015573,16.574196],[100.015598,16.573934],[100.015938,16.573853],[100.019557,16.574215],[100.0199,16.576474],[100.020929,16.578047],[100.022492,16.578522],[100.023537,16.58068],[100.025273,16.580522],[100.026293,16.581367],[100.027248,16.580261],[100.029428,16.580409],[100.030094,16.583244],[100.031173,16.583153],[100.031466,16.584147],[100.031903,16.58435],[100.035608,16.582612],[100.036029,16.582068],[100.03661,16.581796],[100.037196,16.579676],[100.039676,16.578972],[100.040386,16.578482],[100.040486,16.578134],[100.040054,16.577212],[100.040327,16.57619],[100.041175,16.575036],[100.042206,16.574343],[100.042504,16.57362],[100.043649,16.573316],[100.043733,16.572816],[100.043252,16.572207],[100.04332,16.571832],[100.044444,16.571454],[100.045226,16.571909],[100.045501,16.571622],[100.046175,16.571635],[100.046692,16.571225],[100.047136,16.571257],[100.048636,16.572277],[100.04905,16.572077],[100.050463,16.572203],[100.050899,16.572623],[100.052126,16.572513],[100.052537,16.5729],[100.053158,16.572804],[100.053541,16.57325],[100.054022,16.573165],[100.054159,16.57339],[100.053953,16.573792],[100.054288,16.574042],[100.054347,16.574458],[100.054836,16.573931],[100.055436,16.573868],[100.055249,16.573178],[100.056021,16.573417],[100.05668,16.573027],[100.057444,16.57355],[100.0589,16.573506],[100.059601,16.573913],[100.059115,16.574934],[100.059331,16.575683],[100.060504,16.575914],[100.060959,16.576701],[100.061534,16.576532],[100.062054,16.576734],[100.06367,16.576676],[100.064249,16.577095],[100.065101,16.57614],[100.065574,16.576302],[100.066824,16.575976],[100.067752,16.576204],[100.068892,16.576107],[100.069627,16.576564],[100.070628,16.578278],[100.070969,16.578405],[100.071771,16.578282],[100.072229,16.577715],[100.073158,16.577324],[100.074986,16.577199],[100.075639,16.57822],[100.076917,16.578318],[100.07894,16.578885],[100.079729,16.57943],[100.079571,16.580864],[100.080101,16.582606],[100.081146,16.582525],[100.081659,16.581924],[100.082107,16.581843],[100.083314,16.583225],[100.083778,16.583058],[100.08441,16.583754],[100.085318,16.584193],[100.089312,16.584369],[100.096032,16.587719],[100.095707,16.586439],[100.096889,16.587028],[100.096563,16.585749],[100.097705,16.58618],[100.09717403891418,16.583818684889458],[100.098276,16.584368],[100.098257,16.583241],[100.099132,16.583677],[100.108197,16.581125],[100.114063,16.576687],[100.120681,16.575983],[100.127885,16.571237],[100.145331,16.549807],[100.149728,16.549344],[100.160589,16.552953],[100.166072,16.552564],[100.176087,16.541025]]]},"bbox":[100.011046,16.518926,100.176087,16.587719]}]}
