{"type":"FeatureCollection","metadata":{"provinceCode":"72","source":"CityMETER native source fine polygons","retrievedAt":"2026-10-04T05:48:11.675770+00:00","total":126,"retrieved":126,"displaySimplificationToleranceDegrees":0.00015,"legalBoundaryIndependentlyVerified":false},"features":[{"type":"Feature","id":"d06d50f8-a70e-4164-a04f-83eb27435c35","properties":{"id":"d06d50f8-a70e-4164-a04f-83eb27435c35","code":"04720102","provinceCode":"72","nameTh":"เทศบาลเมือง สุพรรณบุรี","nameEn":null,"geometryType":"MUNICIPALITY","sourceUrl":"https://landometer.com/api/v2/citymeter-v3/grocery/info/geom/d06d50f8-a70e-4164-a04f-83eb27435c35/MUNICIPALITY","sourceSha256":"b7bb93afea7062936e52fcdf36d918cfc37d9d53ced65a6017901b440f8cf08a","retrievedAt":"2026-10-04T05:44:17.356143+00:00","boundaryVintage":null,"geometryStatus":"native_source_polygon_display_simplified","simplificationToleranceDegrees":0.00015,"simplificationPreservesTopology":true,"invalidSourceRepair":"make_valid; retain polygonal components; discard zero-area collapsed lines","legalBoundaryIndependentlyVerified":false,"areaId":"d06d50f8-a70e-4164-a04f-83eb27435c35"},"geometry":{"type":"Polygon","coordinates":[[[100.121002,14.457723],[100.120265,14.461633],[100.099724,14.457288],[100.088635,14.46126],[100.09153,14.466904],[100.091605,14.477936],[100.10092,14.478829],[100.101116,14.480481],[100.115942,14.480524],[100.116464,14.486096],[100.125026,14.490265],[100.129126,14.486934],[100.125961,14.480811],[100.127092,14.457309],[100.121002,14.457723]]]},"bbox":[100.088635,14.457288,100.129126,14.490265]},{"type":"Feature","id":"79d02b91-b26e-4110-80d7-8d4b92b8cc51","properties":{"id":"79d02b91-b26e-4110-80d7-8d4b92b8cc51","code":"04720701","provinceCode":"72","nameTh":"เทศบาลเมือง สองพี่น้อง","nameEn":null,"geometryType":"MUNICIPALITY","sourceUrl":"https://landometer.com/api/v2/citymeter-v3/grocery/info/geom/79d02b91-b26e-4110-80d7-8d4b92b8cc51/MUNICIPALITY","sourceSha256":"33c35597328c8caa310dd23f07db24830983746d46193c3dda3842ad160bc19c","retrievedAt":"2026-10-04T05:44:17.357919+00:00","boundaryVintage":null,"geometryStatus":"native_source_polygon_display_simplified","simplificationToleranceDegrees":0.00015,"simplificationPreservesTopology":true,"invalidSourceRepair":"make_valid; retain polygonal components; discard zero-area collapsed lines","legalBoundaryIndependentlyVerified":false,"areaId":"79d02b91-b26e-4110-80d7-8d4b92b8cc51"},"geometry":{"type":"MultiPolygon","coordinates":[[[[100.019818,14.211383],[100.019459,14.212183],[100.01945944132481,14.212183147108272],[100.019818,14.211383]]],[[[100.045948,14.232187],[100.052208,14.223514],[100.051233,14.220083],[100.048275,14.219293],[100.049372,14.216666],[100.056025,14.214322],[100.061172,14.204292],[100.072582,14.206636],[100.073521,14.203053],[100.071846,14.19936],[100.069532,14.198321],[100.059988,14.201988],[100.045724,14.21594],[100.030602,14.206921],[100.031051,14.207726],[100.029936,14.205728],[100.025299,14.205874],[100.019849,14.21132],[100.015953,14.220008],[100.005757,14.224371],[100.007008,14.239937],[100.017024,14.241573],[100.019413,14.23801],[100.028228,14.239863],[100.033002,14.239261],[100.03754,14.232645],[100.045948,14.232187]]]]},"bbox":[100.005757,14.198321,100.073521,14.241573]},{"type":"Feature","id":"83b9eff6-c052-4c59-8197-f0a697da091f","properties":{"id":"83b9eff6-c052-4c59-8197-f0a697da091f","code":"05720103","provinceCode":"72","nameTh":"เทศบาลตำบล ท่าเสด็จ","nameEn":null,"geometryType":"MUNICIPALITY","sourceUrl":"https://landometer.com/api/v2/citymeter-v3/grocery/info/geom/83b9eff6-c052-4c59-8197-f0a697da091f/MUNICIPALITY","sourceSha256":"9338a8d57462f9042089021cf1ab237654d6fc5194486fd27b0c733639a82800","retrievedAt":"2026-10-04T05:44:17.357653+00:00","boundaryVintage":null,"geometryStatus":"native_source_polygon_display_simplified","simplificationToleranceDegrees":0.00015,"simplificationPreservesTopology":true,"invalidSourceRepair":"make_valid; retain polygonal components; discard zero-area collapsed lines","legalBoundaryIndependentlyVerified":false,"areaId":"83b9eff6-c052-4c59-8197-f0a697da091f"},"geometry":{"type":"MultiPolygon","coordinates":[[[[100.0398714862964,14.491070863012371],[100.039872,14.491071],[100.040031,14.490192],[100.0398714862964,14.491070863012371]]],[[[100.004978,14.523464],[100.017403,14.522839],[100.025031,14.519225],[100.024824,14.514457],[100.032355,14.5135],[100.034105,14.512895],[100.034385,14.513242],[100.034158,14.512543],[100.039909,14.508018],[100.038805,14.496946],[100.0398714862964,14.491070863012371],[100.039662,14.491015],[100.040593,14.485001],[100.03769,14.483954],[100.03793,14.480744],[100.040329,14.479945],[100.040777,14.478047],[100.040052,14.475855],[100.036498,14.474394],[100.036374,14.466265],[100.029862,14.465864],[100.029048,14.461944],[100.029891,14.461584],[100.029913,14.458264],[100.026533,14.46034],[100.024131,14.457335],[100.019932,14.457809],[100.017162,14.456036],[100.01603,14.461018],[100.013023,14.46191],[100.014234,14.463855],[100.017748,14.463923],[100.016685,14.467657],[100.009953,14.467499],[100.006636,14.469359],[100.002519,14.468045],[100.00017,14.468136],[99.998441,14.469485],[99.996392,14.466418],[99.99586,14.467968],[99.994586,14.467854],[99.992537,14.472227],[99.97995,14.473332],[99.973807,14.474786],[99.973607,14.473889],[99.973356,14.473911],[99.9702,14.476226],[99.96691,14.477725],[99.968078,14.480764],[99.968333,14.482952],[99.963443,14.486561],[99.962836,14.486674],[99.962815,14.487683],[99.961626,14.488567],[99.962165,14.48999],[99.962245,14.491772],[99.960267,14.490829],[99.96015,14.491934],[99.959447,14.492143],[99.958866,14.492022],[99.954794,14.49453],[99.954647,14.495093],[99.953391,14.495486],[99.952646,14.494705],[99.950805,14.495333],[99.949267,14.496354],[99.948353,14.494307],[99.94775,14.495151],[99.94537,14.495543],[99.945453,14.496845],[99.944667,14.49867],[99.944749,14.499738],[99.94424,14.501562],[99.944508,14.503786],[99.944159,14.505035],[99.944278,14.506627],[99.944065,14.507034],[99.942257,14.508224],[99.943115,14.511747],[99.944176,14.511591],[99.944718,14.51292],[99.942254,14.513574],[99.942306,14.514036],[99.943202,14.514919],[99.945757,14.516122],[99.946921,14.517422],[99.947255,14.518187],[99.950259,14.516881],[99.952397,14.520889],[99.953503,14.519386],[99.955173,14.519233],[99.956702,14.518554],[99.958099,14.518483],[99.958155,14.520215],[99.958656,14.520805],[99.958982,14.520692],[99.959653,14.527289],[99.958099,14.528207],[99.964095,14.527615],[99.968311,14.530692],[99.970815,14.528102],[99.974453,14.530057],[99.973639,14.53091],[99.975111,14.532276],[99.97628,14.531062],[99.980146,14.533429],[99.985171,14.528211],[99.987467,14.529342],[99.99221,14.524458],[99.998207,14.527447],[100.003006,14.526947],[100.004978,14.523464]]]]},"bbox":[99.942254,14.456036,100.040777,14.533429]},{"type":"Feature","id":"aefc766c-8e2a-45ef-96b6-2c2b375cf8e8","properties":{"id":"aefc766c-8e2a-45ef-96b6-2c2b375cf8e8","code":"05720104","provinceCode":"72","nameTh":"เทศบาลตำบล โพธิ์พระยา","nameEn":null,"geometryType":"MUNICIPALITY","sourceUrl":"https://landometer.com/api/v2/citymeter-v3/grocery/info/geom/aefc766c-8e2a-45ef-96b6-2c2b375cf8e8/MUNICIPALITY","sourceSha256":"fcf5d864e47b0ce8c4732665c2ef23dbd48773ec68fa7328875eae713c74dec3","retrievedAt":"2026-10-04T05:44:17.370229+00:00","boundaryVintage":null,"geometryStatus":"native_source_polygon_display_simplified","simplificationToleranceDegrees":0.00015,"simplificationPreservesTopology":true,"invalidSourceRepair":"make_valid; retain polygonal components; discard zero-area collapsed lines","legalBoundaryIndependentlyVerified":false,"areaId":"aefc766c-8e2a-45ef-96b6-2c2b375cf8e8"},"geometry":{"type":"Polygon","coordinates":[[[100.131703,14.534813],[100.132052,14.522261],[100.130814,14.522626],[100.130881,14.52141],[100.130045,14.523262],[100.126693,14.52319],[100.120172,14.526374],[100.116222,14.530005],[100.116999,14.531374],[100.110382,14.533363],[100.107424,14.53791],[100.105052,14.535172],[100.103112,14.536454],[100.104611,14.550639],[100.107444,14.549547],[100.108747,14.549403],[100.1093,14.549108],[100.108938,14.547655],[100.109939,14.546846],[100.109013,14.544226],[100.110667,14.543035],[100.110766,14.54184],[100.111492,14.541057],[100.119808,14.539262],[100.124951,14.537773],[100.125485,14.538008],[100.127521,14.537977],[100.127515,14.537772],[100.134451,14.539638],[100.134983,14.539439],[100.131703,14.534813]],[[100.104206,14.546801],[100.104602,14.55055],[100.10460151445648,14.550549109836872],[100.104206,14.546801]]]},"bbox":[100.103112,14.52141,100.134987,14.550639]},{"type":"Feature","id":"b0b8a8bc-474d-4bc5-9bec-79484c4023fe","properties":{"id":"b0b8a8bc-474d-4bc5-9bec-79484c4023fe","code":"05720105","provinceCode":"72","nameTh":"เทศบาลตำบล สวนแตง","nameEn":null,"geometryType":"MUNICIPALITY","sourceUrl":"https://landometer.com/api/v2/citymeter-v3/grocery/info/geom/b0b8a8bc-474d-4bc5-9bec-79484c4023fe/MUNICIPALITY","sourceSha256":"1d10b30095ccba1a870d247bdec13a6b7bbd8e5aee6441f3a21015237fc6fa46","retrievedAt":"2026-10-04T05:44:17.365121+00:00","boundaryVintage":null,"geometryStatus":"native_source_polygon_display_simplified","simplificationToleranceDegrees":0.00015,"simplificationPreservesTopology":true,"invalidSourceRepair":"make_valid; retain polygonal components; discard zero-area collapsed lines","legalBoundaryIndependentlyVerified":false,"areaId":"b0b8a8bc-474d-4bc5-9bec-79484c4023fe"},"geometry":{"type":"MultiPolygon","coordinates":[[[[100.004977,14.444903],[100.013723,14.442562],[100.01685809178001,14.444596690349675],[100.016965,14.444236],[100.01741,14.444465],[100.018301,14.443249],[100.004539,14.425297],[100.001058,14.400184],[99.998299,14.401613],[99.99536,14.399144],[99.993059,14.400025],[99.993387,14.400598],[99.991507,14.401983],[99.98163,14.418485],[99.985956,14.420439],[99.985798,14.422507],[99.982573,14.422253],[99.975785,14.428187],[99.980718,14.435868],[99.980235,14.441459],[99.983941,14.443367],[99.984288,14.445944],[99.98683900037922,14.445289002183507],[99.987934,14.451594],[99.994809,14.451296],[99.997561,14.450225],[99.996787,14.448613],[99.99862,14.447791],[100.001407,14.447932],[100.00257,14.4503],[100.005349,14.449203],[100.004977,14.444903]],[[99.986839,14.445289],[99.987357,14.445156],[99.98683900037922,14.445289002183507],[99.986839,14.445289]]],[[[100.017894,14.445269],[100.01685809178001,14.444596690349675],[100.016858,14.444597],[100.017894,14.445269]]]]},"bbox":[99.975785,14.399144,100.018301,14.451594]},{"type":"Feature","id":"4a1773c2-6c92-4280-8fe5-cddfccfb961b","properties":{"id":"4a1773c2-6c92-4280-8fe5-cddfccfb961b","code":"05720106","provinceCode":"72","nameTh":"เทศบาลตำบล ท่าระหัด","nameEn":null,"geometryType":"MUNICIPALITY","sourceUrl":"https://landometer.com/api/v2/citymeter-v3/grocery/info/geom/4a1773c2-6c92-4280-8fe5-cddfccfb961b/MUNICIPALITY","sourceSha256":"c35e37626c1ea45e4aa9a3dbaade70afd7dcc8a9c4f6fb231d8d9aa0271703f7","retrievedAt":"2026-10-04T05:44:17.372570+00:00","boundaryVintage":null,"geometryStatus":"native_source_polygon_display_simplified","simplificationToleranceDegrees":0.00015,"simplificationPreservesTopology":true,"invalidSourceRepair":"make_valid; retain polygonal components; discard zero-area collapsed lines","legalBoundaryIndependentlyVerified":false,"areaId":"4a1773c2-6c92-4280-8fe5-cddfccfb961b"},"geometry":{"type":"Polygon","coordinates":[[[100.151516,14.450724],[100.152661,14.44966],[100.151453,14.448527],[100.153854,14.449372],[100.154811,14.446331],[100.158861,14.444834],[100.156506,14.445705],[100.166868,14.443303],[100.167451,14.446037],[100.174009,14.444644],[100.174814,14.439804],[100.172472,14.434706],[100.171916,14.431417],[100.170586,14.432029],[100.170426,14.430036],[100.169667,14.42993],[100.169531,14.429655],[100.166623,14.429901],[100.166488,14.430549],[100.166134,14.430757],[100.166199,14.431115],[100.167237,14.43132],[100.166639,14.432078],[100.164836,14.432821],[100.162616,14.43228],[100.158257,14.430608],[100.151479,14.431309],[100.146162,14.430212],[100.146048,14.430441],[100.144388,14.430167],[100.140255,14.429019],[100.140148,14.429327],[100.138671,14.429033],[100.138257,14.428844],[100.137927,14.428204],[100.137059,14.428815],[100.136845,14.429249],[100.137619,14.429791],[100.137468,14.430557],[100.136714,14.431031],[100.136498,14.430627],[100.132594,14.433294],[100.131729,14.438181],[100.125736,14.440004],[100.117866,14.445983],[100.119019,14.446197],[100.121073,14.450284],[100.119777,14.454319],[100.121002,14.457723],[100.127092,14.457309],[100.126133,14.477242],[100.126291,14.476355],[100.144657,14.47252],[100.146987,14.468098],[100.14551652886621,14.465167054137122],[100.146936,14.454978],[100.144132,14.454559],[100.143309,14.452468],[100.151516,14.450724]],[[100.145459,14.46558],[100.145516,14.465166],[100.14551652886621,14.465167054137122],[100.145459,14.46558]]]},"bbox":[100.117866,14.428184,100.174814,14.477272]},{"type":"Feature","id":"41989f9f-a6ae-44cb-ba9f-8874096977f2","properties":{"id":"41989f9f-a6ae-44cb-ba9f-8874096977f2","code":"05720107","provinceCode":"72","nameTh":"เทศบาลตำบล บางกุ้ง","nameEn":null,"geometryType":"MUNICIPALITY","sourceUrl":"https://landometer.com/api/v2/citymeter-v3/grocery/info/geom/41989f9f-a6ae-44cb-ba9f-8874096977f2/MUNICIPALITY","sourceSha256":"2a19f444ea7ec3c6b963d71cda3881170a6de9e39c0bce1101cfa60d4b358a86","retrievedAt":"2026-10-04T05:44:17.364087+00:00","boundaryVintage":null,"geometryStatus":"native_source_polygon_display_simplified","simplificationToleranceDegrees":0.00015,"simplificationPreservesTopology":true,"invalidSourceRepair":"make_valid; retain polygonal components; discard zero-area collapsed lines","legalBoundaryIndependentlyVerified":false,"areaId":"41989f9f-a6ae-44cb-ba9f-8874096977f2"},"geometry":{"type":"Polygon","coordinates":[[[100.016685,14.467657],[100.017748,14.463923],[100.014234,14.463855],[100.013023,14.46191],[100.01603,14.461018],[100.017162,14.456036],[100.019932,14.457809],[100.024131,14.457335],[100.026533,14.46034],[100.029913,14.458264],[100.032153,14.458631],[100.033973,14.454176],[100.033125,14.448766],[100.029121,14.447427],[100.029167,14.44717],[100.03008,14.447746],[100.024201,14.444037],[100.020411,14.446903],[100.013723,14.442562],[100.004977,14.444903],[100.005349,14.449203],[100.00257,14.4503],[100.001407,14.447932],[99.99862,14.447791],[99.996787,14.448613],[99.997561,14.450225],[99.994809,14.451296],[99.9917,14.451431],[99.99208,14.453547],[99.983184,14.455377],[99.98224,14.457493],[99.98589,14.461082],[99.988086,14.466138],[99.992573,14.464914],[99.993305,14.467739],[99.99586,14.467968],[99.99639209231675,14.466418138182283],[99.998441,14.469485],[100.00017,14.468136],[100.002519,14.468045],[100.006636,14.469359],[100.009953,14.467499],[100.016685,14.467657]],[[99.996392,14.466418],[99.996651,14.465664],[99.99639209231675,14.466418138182283],[99.996392,14.466418]]]},"bbox":[99.98224,14.442562,100.033973,14.469485]},{"type":"Feature","id":"fc942cee-c9f8-4c0b-a6d3-9c30de7f448f","properties":{"id":"fc942cee-c9f8-4c0b-a6d3-9c30de7f448f","code":"05720108","provinceCode":"72","nameTh":"เทศบาลตำบล ห้วยวังทอง","nameEn":null,"geometryType":"MUNICIPALITY","sourceUrl":"https://landometer.com/api/v2/citymeter-v3/grocery/info/geom/fc942cee-c9f8-4c0b-a6d3-9c30de7f448f/MUNICIPALITY","sourceSha256":"62fca1dd8df6a121c13b6a954acea73791a30e4bb1f1608bd3bf6b6bc938658f","retrievedAt":"2026-10-04T05:44:17.362282+00:00","boundaryVintage":null,"geometryStatus":"native_source_polygon_display_simplified","simplificationToleranceDegrees":0.00015,"simplificationPreservesTopology":true,"invalidSourceRepair":"make_valid; retain polygonal components; discard zero-area collapsed lines","legalBoundaryIndependentlyVerified":false,"areaId":"fc942cee-c9f8-4c0b-a6d3-9c30de7f448f"},"geometry":{"type":"MultiPolygon","coordinates":[[[[100.157436,14.537315],[100.161345,14.538679],[100.160951,14.534411],[100.162243,14.534293],[100.163353,14.533757],[100.167904,14.533289],[100.167879,14.532952],[100.170928,14.533127],[100.170929,14.531229],[100.172693,14.531095],[100.172422,14.524377],[100.165001,14.522553],[100.165739,14.517059],[100.152443,14.515897],[100.151464,14.517336],[100.1484,14.517373],[100.135097,14.515384],[100.132133,14.521194],[100.131703,14.534813],[100.134987,14.539436],[100.135426,14.539054],[100.13662,14.539396],[100.138693,14.539457],[100.147471,14.539008],[100.153831,14.537619],[100.157436,14.537315]]],[[[100.10261,14.565292],[100.103811,14.565371],[100.102738,14.561015],[100.109635,14.564932],[100.108881,14.558353],[100.108288,14.557967],[100.107787,14.557086],[100.107785,14.555509],[100.107413,14.555156],[100.106689,14.555209],[100.106281,14.552948],[100.105235,14.551955],[100.104578,14.550664],[100.106172,14.550306],[100.106158,14.550134],[100.104611,14.550639],[100.104536,14.550429],[100.103112,14.536454],[100.095477,14.540351],[100.095112,14.543859],[100.090579,14.544994],[100.086625,14.546286],[100.08481,14.549704],[100.083025,14.54863],[100.08284,14.547654],[100.082299,14.547968],[100.083155,14.554235],[100.084786,14.555957],[100.08071,14.559413],[100.082339,14.559742],[100.082485,14.560051],[100.083696,14.560022],[100.084532,14.561923],[100.083591,14.562772],[100.083336,14.563653],[100.083463,14.565401],[100.083747,14.565389],[100.083834,14.565969],[100.083742,14.566723],[100.083358,14.567059],[100.083181,14.567867],[100.084558,14.568923],[100.084429,14.569167],[100.086054,14.568877],[100.086534,14.570392],[100.08624,14.570505],[100.086321,14.571063],[100.091497,14.57028],[100.094121,14.570156],[100.094145,14.569583],[100.096142,14.569557],[100.099462,14.569106],[100.099236,14.568434],[100.100319,14.567868],[100.101768,14.567603],[100.101773,14.565907],[100.102558,14.56587],[100.10261,14.565292]]]]},"bbox":[100.08071,14.515384,100.172693,14.571063]},{"type":"Feature","id":"3478a44c-5675-490b-99f8-7db2ea71d397","properties":{"id":"3478a44c-5675-490b-99f8-7db2ea71d397","code":"05720121","provinceCode":"72","nameTh":"เทศบาลตำบล บ้านโพธิ์","nameEn":null,"geometryType":"MUNICIPALITY","sourceUrl":"https://landometer.com/api/v2/citymeter-v3/grocery/info/geom/3478a44c-5675-490b-99f8-7db2ea71d397/MUNICIPALITY","sourceSha256":"cb4f039ff733eec690473a06259885e89cc7143541ea165323553c365dc5211f","retrievedAt":"2026-10-04T05:44:17.549936+00:00","boundaryVintage":null,"geometryStatus":"native_source_polygon_display_simplified","simplificationToleranceDegrees":0.00015,"simplificationPreservesTopology":true,"invalidSourceRepair":"make_valid; retain polygonal components; discard zero-area collapsed lines","legalBoundaryIndependentlyVerified":false,"areaId":"3478a44c-5675-490b-99f8-7db2ea71d397"},"geometry":{"type":"Polygon","coordinates":[[[100.074224,14.561585],[100.075836,14.56018],[100.077821,14.559398],[100.080165,14.559981],[100.082485,14.560051],[100.082339,14.559742],[100.08071,14.559413],[100.084786,14.555957],[100.083155,14.554235],[100.080751,14.536621],[100.07639,14.529444],[100.078761,14.52682],[100.087953,14.525377],[100.088825,14.515567],[100.092342,14.507449],[100.089498,14.496411],[100.089144,14.498092],[100.086549,14.495654],[100.085408,14.49186],[100.086887,14.492262],[100.086646,14.485564],[100.079093,14.483669],[100.07478,14.485388],[100.074136,14.484416],[100.074362,14.485505],[100.072903,14.486274],[100.070855,14.485737],[100.070344,14.486203],[100.067842,14.484947],[100.068478,14.487369],[100.062794,14.490295],[100.063243,14.491548],[100.062027,14.489755],[100.056393,14.490505],[100.054724,14.49213],[100.048884,14.488294],[100.040031,14.490192],[100.038805,14.496946],[100.039909,14.508018],[100.034158,14.512543],[100.038481,14.525843],[100.039202,14.526781],[100.042235,14.524924],[100.045416,14.530059],[100.043248,14.532836],[100.048316,14.53562],[100.047428,14.539699],[100.045328,14.540118],[100.047267,14.549319],[100.045636,14.549098],[100.045977,14.54987],[100.045149,14.550223],[100.047318,14.552903],[100.050729,14.551556],[100.051288,14.55563],[100.053129,14.557309],[100.051836,14.558308],[100.054616,14.559384],[100.053836,14.56441],[100.058207,14.56459],[100.057458,14.567954],[100.059484,14.571937],[100.060726,14.572101],[100.061026,14.57189],[100.060715,14.571212],[100.063864,14.56952],[100.062791,14.56622],[100.067939,14.565712],[100.067867,14.565332],[100.0683,14.565164],[100.068298,14.564768],[100.069833,14.563958],[100.070117,14.563432],[100.072004,14.562598],[100.07366,14.562396],[100.074224,14.561585]]]},"bbox":[100.034158,14.483669,100.092342,14.572174]},{"type":"Feature","id":"1a649999-31cd-4643-bc38-f725084a2789","properties":{"id":"1a649999-31cd-4643-bc38-f725084a2789","code":"05720201","provinceCode":"72","nameTh":"เทศบาลตำบล ทุ่งคลี","nameEn":null,"geometryType":"MUNICIPALITY","sourceUrl":"https://landometer.com/api/v2/citymeter-v3/grocery/info/geom/1a649999-31cd-4643-bc38-f725084a2789/MUNICIPALITY","sourceSha256":"394ff8d71f230a0b433b81ba67c66ce83f979cbaa5b16ed41b9dba171441c4a0","retrievedAt":"2026-10-04T05:44:17.551065+00:00","boundaryVintage":null,"geometryStatus":"native_source_polygon_display_simplified","simplificationToleranceDegrees":0.00015,"simplificationPreservesTopology":true,"invalidSourceRepair":"make_valid; retain polygonal components; discard zero-area collapsed lines","legalBoundaryIndependentlyVerified":false,"areaId":"1a649999-31cd-4643-bc38-f725084a2789"},"geometry":{"type":"Polygon","coordinates":[[[100.205738,14.898351],[100.206842,14.896419],[100.206262,14.8953],[100.206253,14.893613],[100.207314,14.890112],[100.207627,14.887375],[100.20825,14.886064],[100.209749,14.884409],[100.211231,14.883776],[100.213151,14.883594],[100.214213,14.88389],[100.216514,14.885253],[100.218682,14.886032],[100.222922,14.885503],[100.223947,14.884928],[100.224387,14.884176],[100.224464,14.882197],[100.224292,14.88119],[100.223715,14.879951],[100.221571,14.878799],[100.219961,14.876523],[100.216869,14.874054],[100.216137,14.872213],[100.21633,14.871356],[100.217698,14.869819],[100.220546,14.86752],[100.221162,14.866398],[100.221461,14.864979],[100.221106,14.862797],[100.21992,14.861303],[100.21832,14.860044],[100.2178,14.859235],[100.217802,14.857751],[100.218464,14.854652],[100.218423,14.853124],[100.218165,14.852469],[100.216861,14.850986],[100.216383,14.849685],[100.216465,14.848904],[100.218537,14.845621],[100.218796,14.844413],[100.218672,14.843712],[100.217954,14.84241],[100.214761,14.839213],[100.212613,14.837622],[100.209601,14.833961],[100.209043,14.832213],[100.20874,14.829619],[100.209345,14.826096],[100.20606,14.82658],[100.206665,14.829152],[100.200502,14.829935],[100.183198,14.827755],[100.181156,14.828821],[100.182362,14.83111],[100.18022,14.832368],[100.180953,14.835523],[100.177923,14.837304],[100.178284,14.840938],[100.176396,14.84208],[100.174468,14.841207],[100.173618,14.845671],[100.162637,14.846401],[100.162857,14.849655],[100.1582,14.860205],[100.165256,14.868737],[100.161643,14.869473],[100.162424,14.875469],[100.158325,14.875926],[100.157498,14.884613],[100.155751,14.886863],[100.156409,14.890347],[100.163178,14.892155],[100.171657,14.891973],[100.182138,14.893479],[100.18562,14.891865],[100.203234,14.894112],[100.205738,14.898351]]]},"bbox":[100.155751,14.826096,100.224475,14.898351]},{"type":"Feature","id":"6fc06dbb-3232-4cb7-888f-5964d084db87","properties":{"id":"6fc06dbb-3232-4cb7-888f-5964d084db87","code":"05720202","provinceCode":"72","nameTh":"เทศบาลตำบล เขาพระ","nameEn":null,"geometryType":"MUNICIPALITY","sourceUrl":"https://landometer.com/api/v2/citymeter-v3/grocery/info/geom/6fc06dbb-3232-4cb7-888f-5964d084db87/MUNICIPALITY","sourceSha256":"6889289e79e57dd70abdc4aa3a65f965ae40abe47616176c7daac997bf8ec358","retrievedAt":"2026-10-04T05:44:17.549671+00:00","boundaryVintage":null,"geometryStatus":"native_source_polygon_display_simplified","simplificationToleranceDegrees":0.00015,"simplificationPreservesTopology":true,"invalidSourceRepair":"make_valid; retain polygonal components; discard zero-area collapsed lines","legalBoundaryIndependentlyVerified":false,"areaId":"6fc06dbb-3232-4cb7-888f-5964d084db87"},"geometry":{"type":"MultiPolygon","coordinates":[[[[100.063863,14.854486],[100.063558,14.858],[100.060603,14.860441],[100.064146,14.870978],[100.066073,14.87066],[100.078401,14.878441],[100.080819,14.879431],[100.084991,14.87525],[100.082667,14.865793],[100.088141,14.863207],[100.092433,14.856583],[100.09388,14.849438],[100.098672,14.843574],[100.09907,14.839999],[100.090172,14.840244],[100.088901,14.847983],[100.064018,14.854446],[100.06483531856914,14.854233464347988],[100.063863,14.854486]]],[[[100.065014,14.854186343407145],[100.06483531856914,14.854233464347988],[100.088901,14.847983],[100.065014,14.854186343407145]]],[[[100.065014,14.854186],[100.064018,14.854445],[100.065014,14.854186343407145],[100.065014,14.854186]]]]},"bbox":[100.060603,14.839999,100.09907,14.879431]},{"type":"Feature","id":"0024027d-c6cd-4546-819c-9800bc87393d","properties":{"id":"0024027d-c6cd-4546-819c-9800bc87393d","code":"05720203","provinceCode":"72","nameTh":"เทศบาลตำบล นางบวช","nameEn":null,"geometryType":"MUNICIPALITY","sourceUrl":"https://landometer.com/api/v2/citymeter-v3/grocery/info/geom/0024027d-c6cd-4546-819c-9800bc87393d/MUNICIPALITY","sourceSha256":"e6ac0657a84bc9806c9b093197ae97e8d0f635534c6efb8abde03f9620604669","retrievedAt":"2026-10-04T05:44:17.550923+00:00","boundaryVintage":null,"geometryStatus":"native_source_polygon_display_simplified","simplificationToleranceDegrees":0.00015,"simplificationPreservesTopology":true,"invalidSourceRepair":"make_valid; retain polygonal components; discard zero-area collapsed lines","legalBoundaryIndependentlyVerified":false,"areaId":"0024027d-c6cd-4546-819c-9800bc87393d"},"geometry":{"type":"MultiPolygon","coordinates":[[[[100.138901,14.798781],[100.13890087388651,14.798781185102055],[100.138912,14.798783],[100.138901,14.798781]]],[[[100.129511,14.829865],[100.134315,14.816619],[100.130838,14.810541],[100.139085,14.798996],[100.136378,14.797638],[100.134808,14.794065],[100.132447,14.791772],[100.130883,14.789314],[100.129792,14.788877],[100.126958,14.789009],[100.126112,14.788689],[100.125427,14.788108],[100.124615,14.786547],[100.124899,14.784958],[100.124768,14.784139],[100.124303,14.783534],[100.122902,14.782618],[100.120392,14.784248],[100.117854,14.785088],[100.114108,14.787032],[100.11167,14.786825],[100.109731,14.78751],[100.105939,14.788148],[100.106097,14.789901],[100.104945,14.790941],[100.104912,14.791533],[100.104222,14.792628],[100.105987,14.796506],[100.103766,14.802916],[100.104849,14.804112],[100.106604,14.801587],[100.108207,14.803009],[100.107455,14.809816],[100.115372,14.811011],[100.11434,14.819395],[100.109825,14.823173],[100.111676,14.830595],[100.11032,14.832315],[100.112684,14.832587],[100.111876,14.835914],[100.119622,14.837353],[100.121281,14.837152],[100.12247,14.836612],[100.129511,14.829865]],[[100.11413,14.787024],[100.114117,14.787029],[100.114124,14.787026],[100.11413,14.787024]]]]},"bbox":[100.103766,14.782618,100.139085,14.837353]},{"type":"Feature","id":"8595bd4e-d0cd-4f39-a101-66275787b121","properties":{"id":"8595bd4e-d0cd-4f39-a101-66275787b121","code":"05720204","provinceCode":"72","nameTh":"เทศบาลตำบล บ่อกรุ","nameEn":null,"geometryType":"MUNICIPALITY","sourceUrl":"https://landometer.com/api/v2/citymeter-v3/grocery/info/geom/8595bd4e-d0cd-4f39-a101-66275787b121/MUNICIPALITY","sourceSha256":"eaaa12002dd2d898ab780455dd3663b8d230dbc9d4ab99e689ed2a959afbefad","retrievedAt":"2026-10-04T05:44:17.555010+00:00","boundaryVintage":null,"geometryStatus":"native_source_polygon_display_simplified","simplificationToleranceDegrees":0.00015,"simplificationPreservesTopology":true,"invalidSourceRepair":"make_valid; retain polygonal components; discard zero-area collapsed lines","legalBoundaryIndependentlyVerified":false,"areaId":"8595bd4e-d0cd-4f39-a101-66275787b121"},"geometry":{"type":"MultiPolygon","coordinates":[[[[99.874022,14.860171],[99.8740381656051,14.860149445859875],[99.874038,14.860149],[99.874022,14.860171]]],[[[99.919086,14.870318],[99.918758,14.871196],[99.917935,14.871842],[99.916892,14.87139],[99.915255,14.872105],[99.913749,14.871211],[99.912445,14.871959],[99.911972,14.872587],[99.911609,14.871591],[99.911052,14.870936],[99.909468,14.871561],[99.909073,14.872447],[99.908254,14.871958],[99.907263,14.87174],[99.906857,14.87095],[99.905725,14.871147],[99.904904,14.870681],[99.90354,14.870518],[99.903427,14.87032],[99.904124,14.869602],[99.904102,14.86927],[99.902304,14.868461],[99.901642,14.868647],[99.901222,14.869521],[99.899454,14.869882],[99.898834,14.870695],[99.89852,14.870063],[99.897697,14.869415],[99.896995,14.869783],[99.896089,14.869773],[99.89604,14.868743],[99.895186,14.868766],[99.894469,14.868491],[99.893534,14.867721],[99.893666,14.867018],[99.893489,14.866725],[99.89255,14.866518],[99.891415,14.867196],[99.890349,14.867258],[99.889356,14.865727],[99.888755,14.865504],[99.888426,14.864932],[99.886822,14.865022],[99.88607,14.865585],[99.886233,14.866206],[99.885767,14.866369],[99.885233,14.86618],[99.885003,14.865284],[99.883847,14.865693],[99.883331,14.865556],[99.882514,14.864909],[99.882204,14.863715],[99.881091,14.86306],[99.880707,14.863089],[99.880128,14.864044],[99.879116,14.86391],[99.879133,14.863346],[99.879804,14.862782],[99.878386,14.861962],[99.87817,14.861545],[99.878371,14.861055],[99.878134,14.860637],[99.877447,14.860525],[99.877042,14.86017],[99.875851,14.860209],[99.87562,14.859779],[99.875301,14.859779],[99.8740381656051,14.860149445859875],[99.870891,14.875981],[99.871867,14.881887],[99.87525,14.882448],[99.876815,14.880706],[99.881028,14.882017],[99.881101,14.88374],[99.893425,14.888724],[99.897555,14.89384],[99.900771,14.893553],[99.90180352494788,14.893145914344323],[99.909715,14.891855],[99.914001,14.892094],[99.920484,14.890098],[99.922287,14.882424],[99.920412,14.880131],[99.921494,14.878449],[99.919086,14.870318]],[[99.901803,14.893146],[99.905651,14.891629],[99.90180352494788,14.893145914344323],[99.901803,14.893146]],[[99.92080729167427,14.880614625009292],[99.920604,14.880366],[99.920412,14.880131],[99.92080729167427,14.880614625009292]],[[99.921178,14.881068],[99.921486,14.881445],[99.92080729167427,14.880614625009292],[99.921178,14.881068]]]]},"bbox":[99.870891,14.859744,99.922287,14.89384]},{"type":"Feature","id":"f4e39816-a3f2-401e-8481-0b1127e0f8aa","properties":{"id":"f4e39816-a3f2-401e-8481-0b1127e0f8aa","code":"05720205","provinceCode":"72","nameTh":"เทศบาลตำบล เดิมบาง","nameEn":null,"geometryType":"MUNICIPALITY","sourceUrl":"https://landometer.com/api/v2/citymeter-v3/grocery/info/geom/f4e39816-a3f2-401e-8481-0b1127e0f8aa/MUNICIPALITY","sourceSha256":"32ee77b62925da172c736c3c2fee2e89e44c2ddfd3df576161d58ab9c240f78f","retrievedAt":"2026-10-04T05:44:17.550283+00:00","boundaryVintage":null,"geometryStatus":"native_source_polygon_display_simplified","simplificationToleranceDegrees":0.00015,"simplificationPreservesTopology":true,"invalidSourceRepair":"make_valid; retain polygonal components; discard zero-area collapsed lines","legalBoundaryIndependentlyVerified":false,"areaId":"f4e39816-a3f2-401e-8481-0b1127e0f8aa"},"geometry":{"type":"MultiPolygon","coordinates":[[[[100.077634,14.903216],[100.078852,14.907674],[100.084468,14.907549],[100.086878,14.910606],[100.093522,14.909989],[100.094169,14.912555],[100.094591,14.911365],[100.095985,14.912855],[100.108283,14.913363],[100.109533,14.915078],[100.10604,14.915239],[100.105869,14.916508],[100.108935,14.916924],[100.11026,14.92077],[100.113297,14.922191],[100.11651,14.92156],[100.115657,14.923046],[100.117242,14.924044],[100.127069,14.926416],[100.126482,14.924805],[100.126325,14.922982],[100.131232,14.915132],[100.130873,14.914686],[100.13061,14.914759],[100.127546,14.910481],[100.12987,14.907327],[100.126844,14.905895],[100.131088,14.900433],[100.124575,14.895948],[100.127319,14.890095],[100.124537,14.889905],[100.124869,14.886746],[100.118886,14.882654],[100.120024,14.881283],[100.12072,14.881025],[100.120637,14.880484],[100.116833,14.880139],[100.112257,14.875332],[100.113838,14.872605],[100.104318,14.867384],[100.097824,14.869293],[100.093533,14.872791],[100.084456,14.873229],[100.084991,14.87525],[100.080819,14.879431],[100.078401,14.878441],[100.066211,14.870748],[100.066469,14.877083],[100.063206,14.880969],[100.059369,14.880457],[100.056919,14.886859],[100.057728,14.893093],[100.059845,14.896524],[100.059385,14.903388],[100.050353,14.907342],[100.046086,14.910577],[100.042991,14.915608],[100.041747,14.914926],[100.041707,14.915092],[100.041733,14.91493],[100.04122,14.918085],[100.041226,14.919853],[100.042265,14.925769],[100.04429,14.927711],[100.045019,14.930069],[100.051232,14.929832],[100.054103,14.931272],[100.053442,14.930072],[100.051485,14.928148],[100.052478,14.920839],[100.060137,14.916025],[100.072342,14.915339],[100.077634,14.903216]]],[[[100.065213,14.870802],[100.065213,14.870807],[100.065215,14.870859],[100.065213,14.870802]]]]},"bbox":[100.04118,14.867384,100.131232,14.931272]},{"type":"Feature","id":"26baacb4-9f62-4df6-b464-21d3ca472902","properties":{"id":"26baacb4-9f62-4df6-b464-21d3ca472902","code":"05720206","provinceCode":"72","nameTh":"เทศบาลตำบล ปากน้ำ","nameEn":null,"geometryType":"MUNICIPALITY","sourceUrl":"https://landometer.com/api/v2/citymeter-v3/grocery/info/geom/26baacb4-9f62-4df6-b464-21d3ca472902/MUNICIPALITY","sourceSha256":"44476fa71f26028eb9a5cf8a966b23fd09aa72dfe7a04e5c1a8af5f678ed198b","retrievedAt":"2026-10-04T05:44:17.555938+00:00","boundaryVintage":null,"geometryStatus":"native_source_polygon_display_simplified","simplificationToleranceDegrees":0.00015,"simplificationPreservesTopology":true,"invalidSourceRepair":"make_valid; retain polygonal components; discard zero-area collapsed lines","legalBoundaryIndependentlyVerified":false,"areaId":"26baacb4-9f62-4df6-b464-21d3ca472902"},"geometry":{"type":"Polygon","coordinates":[[[100.051479,14.959248],[100.051547,14.961059],[100.052461,14.960644],[100.052511,14.962772],[100.053481,14.96225],[100.054955,14.962243],[100.055524,14.961803],[100.057374,14.961485],[100.058026,14.960807],[100.058104,14.960043],[100.059761,14.957967],[100.062492,14.956125],[100.063325,14.956278],[100.063546,14.956866],[100.064995,14.958072],[100.066209,14.957353],[100.06918,14.957388],[100.069847,14.957168],[100.072286,14.954963],[100.074484,14.954335],[100.075784,14.952711],[100.076187,14.951685],[100.076121,14.95111],[100.076344,14.950992],[100.077715,14.951043],[100.078563,14.951548],[100.078717,14.952218],[100.079244,14.952518],[100.08105,14.951772],[100.081641,14.951813],[100.083716,14.952735],[100.084203,14.952586],[100.084599,14.95333],[100.085146,14.95336],[100.085194,14.954841],[100.087217,14.955008],[100.0871,14.955579],[100.08874,14.956029],[100.088907,14.955231],[100.090404,14.955446],[100.091027,14.954615],[100.09525,14.953351],[100.096206,14.952592],[100.09881,14.953145],[100.099798,14.952073],[100.099991,14.950351],[100.101384,14.949445],[100.101886,14.948595],[100.102286,14.948562],[100.103246,14.949443],[100.104372,14.949611],[100.104724,14.948142],[100.105021,14.947917],[100.104916,14.946952],[100.10612,14.945602],[100.108467,14.946847],[100.109153,14.946719],[100.109918,14.945957],[100.111645,14.946989],[100.113033,14.946528],[100.115183,14.947984],[100.116016,14.947386],[100.116757,14.946204],[100.117875,14.946455],[100.118785,14.945898],[100.119283,14.946481],[100.119757,14.94659],[100.120932,14.945979],[100.121367,14.945267],[100.122217,14.94549],[100.122718,14.944559],[100.123535,14.945004],[100.124647,14.944794],[100.124973,14.944933],[100.124639,14.946147],[100.125211,14.946735],[100.125162,14.947441],[100.125648,14.947681],[100.126576,14.946123],[100.126883,14.945962],[100.127886,14.945953],[100.130099,14.946551],[100.132497,14.945947],[100.133359,14.945235],[100.133319,14.944621],[100.132802,14.943784],[100.134046,14.941597],[100.135236,14.941772],[100.13572,14.943386],[100.136222,14.943548],[100.136646,14.943346],[100.137336,14.941904],[100.136756,14.940881],[100.136715,14.940058],[100.137927,14.938269],[100.13815,14.936917],[100.13752,14.935251],[100.136174,14.933943],[100.135771,14.933952],[100.135153,14.934713],[100.133803,14.935155],[100.133179,14.935736],[100.13276,14.935812],[100.132248,14.935365],[100.131842,14.934423],[100.130716,14.93343],[100.130047,14.931716],[100.129415,14.931579],[100.12863,14.931824],[100.127676,14.931528],[100.126492,14.929826],[100.126513,14.928972],[100.127258,14.927375],[100.127017,14.926141],[100.127069,14.926416],[100.117242,14.924044],[100.115657,14.923046],[100.11651,14.92156],[100.113297,14.922191],[100.11026,14.92077],[100.108935,14.916924],[100.105869,14.916508],[100.10604,14.915239],[100.109533,14.915078],[100.108283,14.913363],[100.095985,14.912855],[100.094591,14.911365],[100.094169,14.912555],[100.093522,14.909989],[100.086878,14.910606],[100.084468,14.907549],[100.078852,14.907674],[100.077634,14.903214],[100.072342,14.915339],[100.060137,14.916025],[100.052478,14.920839],[100.051485,14.928148],[100.053442,14.930072],[100.054103,14.931272],[100.051232,14.929832],[100.044992,14.930027],[100.043029,14.931661],[100.043788,14.933477],[100.044455,14.936332],[100.045284,14.938566],[100.045685,14.940976],[100.043614,14.942695],[100.043113,14.943447],[100.042555,14.943405],[100.041644,14.943973],[100.04102,14.944719],[100.04103,14.945234],[100.038862,14.947304],[100.039168,14.947917],[100.038636,14.948037],[100.03807,14.948806],[100.03781,14.949334],[100.037942,14.949682],[100.037655,14.949954],[100.036969,14.950037],[100.037141,14.95049],[100.03673,14.951067],[100.037017,14.951474],[100.03636,14.952993],[100.036409,14.95454],[100.036046,14.954672],[100.036128,14.955035],[100.036735,14.95532],[100.036825,14.956298],[100.037378,14.956834],[100.038564,14.960136],[100.038941,14.960636],[100.040071,14.961137],[100.048885,14.958946],[100.050122,14.95824],[100.051479,14.959248]]]},"bbox":[100.03604,14.903214,100.138173,14.962772]},{"type":"Feature","id":"37501f1b-4692-4b22-ad7d-93f35f98961e","properties":{"id":"37501f1b-4692-4b22-ad7d-93f35f98961e","code":"05720207","provinceCode":"72","nameTh":"เทศบาลตำบล เขาดิน","nameEn":null,"geometryType":"MUNICIPALITY","sourceUrl":"https://landometer.com/api/v2/citymeter-v3/grocery/info/geom/37501f1b-4692-4b22-ad7d-93f35f98961e/MUNICIPALITY","sourceSha256":"185b8eb31bd25d3de2689b8d0602d1fe3247a851f46f1ebd407f09f8a9cb1fae","retrievedAt":"2026-10-04T05:44:17.553004+00:00","boundaryVintage":null,"geometryStatus":"native_source_polygon_display_simplified","simplificationToleranceDegrees":0.00015,"simplificationPreservesTopology":true,"invalidSourceRepair":"make_valid; retain polygonal components; discard zero-area collapsed lines","legalBoundaryIndependentlyVerified":false,"areaId":"37501f1b-4692-4b22-ad7d-93f35f98961e"},"geometry":{"type":"MultiPolygon","coordinates":[[[[100.14191965455119,14.79438842614466],[100.141913,14.794389],[100.141902,14.79439],[100.14191965455119,14.79438842614466]]],[[[100.209345,14.826098],[100.20924,14.822084],[100.20548,14.813737],[100.204363,14.810056],[100.204386,14.8092],[100.204804,14.808666],[100.205627,14.808208],[100.205938,14.80809],[100.206087,14.808046],[100.206339,14.807972],[100.208829,14.807462],[100.210706,14.807168],[100.211389,14.807062],[100.2126,14.806911],[100.214269,14.806987],[100.214665,14.806752],[100.214901,14.806233],[100.214949,14.804382],[100.216108,14.799122],[100.217753,14.797192],[100.219097,14.796904],[100.223984,14.797948],[100.224657,14.797867],[100.225461,14.797366],[100.226267,14.796028],[100.226655,14.792822],[100.227937,14.789431],[100.228794,14.788544],[100.230064,14.787752],[100.230042,14.786978],[100.228816,14.786408],[100.229732,14.783993],[100.227401,14.783374],[100.224038,14.782994],[100.223935,14.781154],[100.222494,14.781074],[100.222484,14.779307],[100.217921,14.779165],[100.217802,14.778441],[100.216009,14.778726],[100.216134,14.777356],[100.215898,14.776778],[100.215408,14.776671],[100.215362,14.77617],[100.215115,14.776115],[100.215053,14.776332],[100.214102,14.776114],[100.214194,14.77549],[100.212861,14.77533],[100.21285,14.774545],[100.212105,14.773982],[100.211469,14.773715],[100.210627,14.77407],[100.209537,14.773527],[100.209304,14.773962],[100.208389,14.773421],[100.208101,14.773938],[100.206682,14.772945],[100.207005,14.770882],[100.204202,14.770746],[100.204256,14.770096],[100.201867,14.770106],[100.200734,14.770409],[100.200693,14.770879],[100.199891,14.770712],[100.200624,14.768311],[100.200507,14.767478],[100.197792,14.767666],[100.19775,14.770639],[100.19391,14.770787],[100.194777,14.777616],[100.192802,14.777973],[100.193248,14.781601],[100.190375,14.782765],[100.190765,14.784393],[100.186899,14.784922],[100.187071,14.786935],[100.181918,14.787172],[100.181802,14.790431],[100.180154,14.790529],[100.177161,14.791163],[100.176986,14.790418],[100.174964,14.790618],[100.174434,14.788934],[100.173139,14.789738],[100.171359,14.790412],[100.171356,14.790785],[100.169697,14.791288],[100.165185,14.791597],[100.165468,14.792948],[100.163703,14.793423],[100.163719,14.793729],[100.162079,14.794332],[100.15793,14.795117],[100.154806,14.794816],[100.154775,14.794489],[100.151977,14.795425],[100.148788,14.796149],[100.148495,14.795652],[100.147592,14.79566],[100.146053,14.796531],[100.144366,14.794454],[100.143834,14.795054],[100.142788,14.794478],[100.142281,14.794379],[100.14191965455119,14.79438842614466],[100.145093,14.796454],[100.148052,14.805602],[100.145393,14.811573],[100.148225,14.810707],[100.149886,14.812939],[100.152824,14.812125],[100.153057,14.813339],[100.163394,14.812157],[100.165669,14.817836],[100.165851,14.817977],[100.170863,14.817195],[100.175813,14.826467],[100.178256,14.826029],[100.176449,14.823412],[100.178007,14.822845],[100.180794,14.829009],[100.183198,14.827755],[100.200502,14.829935],[100.206665,14.829152],[100.20606,14.82658],[100.209345,14.826098]]],[[[100.206145,14.808029],[100.210848,14.807146],[100.209899,14.807324],[100.206145,14.808029]]]]},"bbox":[100.141902,14.767478,100.230064,14.829935]},{"type":"Feature","id":"ce8bd2d7-92b7-4afe-93a6-181b13f0580b","properties":{"id":"ce8bd2d7-92b7-4afe-93a6-181b13f0580b","code":"05720208","provinceCode":"72","nameTh":"เทศบาลตำบล หนองกระทุ่ม","nameEn":null,"geometryType":"MUNICIPALITY","sourceUrl":"https://landometer.com/api/v2/citymeter-v3/grocery/info/geom/ce8bd2d7-92b7-4afe-93a6-181b13f0580b/MUNICIPALITY","sourceSha256":"df19d031e18be37795dd8801c561b53f7988c4ae3c62f0204e4c17a72bf8cdfc","retrievedAt":"2026-10-04T05:44:17.645838+00:00","boundaryVintage":null,"geometryStatus":"native_source_polygon_display_simplified","simplificationToleranceDegrees":0.00015,"simplificationPreservesTopology":true,"invalidSourceRepair":"make_valid; retain polygonal components; discard zero-area collapsed lines","legalBoundaryIndependentlyVerified":false,"areaId":"ce8bd2d7-92b7-4afe-93a6-181b13f0580b"},"geometry":{"type":"Polygon","coordinates":[[[99.744429,14.959288],[99.745682,14.958242],[99.749577,14.960362],[99.752294,14.960947],[99.752223,14.958773],[99.754929,14.958563],[99.755198,14.957858],[99.755828,14.957448],[99.758463,14.956843],[99.759453,14.956916],[99.761898,14.955646],[99.765326,14.955588],[99.76794,14.954269],[99.769709,14.953715],[99.77383,14.951459],[99.776713,14.951344],[99.777781,14.950825],[99.781171,14.950207],[99.781278,14.948059],[99.782841,14.948056],[99.785061,14.947331],[99.786208,14.946489],[99.789388,14.944902],[99.791845,14.944344],[99.794249,14.942986],[99.798951,14.942719],[99.801355,14.941501],[99.80449,14.941098],[99.807234,14.940166],[99.808582,14.940343],[99.810313,14.941167],[99.812528,14.941138],[99.814407,14.941692],[99.815932,14.94126],[99.817124,14.941375],[99.817819,14.942003],[99.819969,14.942775],[99.821227,14.93766],[99.822722,14.937409],[99.824108,14.937821],[99.825252,14.93891],[99.825355,14.939475],[99.826065,14.940078],[99.826877,14.938086],[99.82735,14.938218],[99.826861,14.935678],[99.831477,14.934994],[99.830409,14.931588],[99.833798,14.929767],[99.833772,14.926079],[99.830884,14.926765],[99.830974,14.920491],[99.840066,14.914864],[99.837703,14.912633],[99.837207,14.909485],[99.848234,14.909625],[99.855767,14.903941],[99.856872,14.893554],[99.860867,14.891479],[99.861635,14.8858],[99.860502,14.883192],[99.86664,14.880379],[99.867075,14.878823],[99.859682,14.873345],[99.861657,14.873272],[99.862789,14.870753],[99.862529,14.866722],[99.865243,14.865966],[99.866049,14.858415],[99.865655,14.857641],[99.865229,14.85752],[99.864442,14.857765],[99.863922,14.856833],[99.862655,14.856222],[99.86179,14.856515],[99.861578,14.856115],[99.860712,14.855532],[99.860265,14.855968],[99.859686,14.856058],[99.858983,14.855626],[99.858671,14.855136],[99.85774,14.855257],[99.857344,14.85435],[99.856568,14.854954],[99.856371,14.855503],[99.854708,14.854704],[99.853507,14.85542],[99.851603,14.853834],[99.851271,14.853897],[99.850648,14.854967],[99.849631,14.854756],[99.844112,14.854804],[99.841901,14.853918],[99.839477,14.854097],[99.83753,14.85252],[99.837129,14.851291],[99.837697,14.849805],[99.835972,14.849465],[99.83604,14.849034],[99.836545,14.848665],[99.836381,14.848278],[99.835946,14.848158],[99.834755,14.848468],[99.83386,14.848338],[99.832819,14.84751],[99.832239,14.846702],[99.831134,14.84693],[99.830461,14.845065],[99.829494,14.845316],[99.828845,14.845193],[99.82914,14.844326],[99.828712,14.843853],[99.827538,14.843928],[99.826389,14.843545],[99.825309,14.844017],[99.824502,14.843515],[99.823967,14.843487],[99.823535,14.843808],[99.822683,14.845277],[99.82198,14.845808],[99.821615,14.845505],[99.821618,14.844304],[99.820763,14.844187],[99.82011,14.845209],[99.819988,14.846168],[99.818489,14.847444],[99.816493,14.846116],[99.815192,14.846989],[99.813956,14.846278],[99.81332,14.846365],[99.813196,14.847469],[99.812958,14.847791],[99.814259,14.848818],[99.81568,14.851533],[99.817598,14.854219],[99.82101,14.855602],[99.821742,14.856365],[99.821734,14.856696],[99.831324,14.86027],[99.831235,14.860444],[99.828856,14.863346],[99.827174,14.863053],[99.826861,14.863221],[99.825281,14.865721],[99.825607,14.865948],[99.824882,14.866716],[99.824844,14.867434],[99.821231,14.867961],[99.819457,14.868837],[99.817936,14.868777],[99.815989,14.869229],[99.815569,14.868283],[99.814966,14.868478],[99.814714,14.867974],[99.813407,14.869145],[99.812342,14.869733],[99.812098,14.870396],[99.810051,14.869851],[99.809259,14.869948],[99.808455,14.869077],[99.807134,14.870371],[99.806294,14.871825],[99.804768,14.872071],[99.803315,14.874115],[99.801869,14.875124],[99.800146,14.875726],[99.79757,14.87602],[99.792494,14.877342],[99.785814,14.87941],[99.781566,14.880123],[99.780402,14.880533],[99.779845,14.88083],[99.780459,14.884013],[99.778334,14.88424],[99.778543,14.885811],[99.774387,14.886644],[99.773255,14.887475],[99.773188,14.888333],[99.772656,14.889146],[99.770165,14.8913],[99.769861,14.890555],[99.768011,14.891124],[99.768249,14.893584],[99.765999,14.896693],[99.765359,14.897084],[99.765332,14.899134],[99.764224,14.898996],[99.761762,14.900593],[99.762516,14.906474],[99.761368,14.905998],[99.760962,14.906219],[99.761112,14.907598],[99.76143,14.908327],[99.761204,14.908483],[99.761747,14.909828],[99.762896,14.909145],[99.762998,14.910405],[99.761816,14.910538],[99.761519,14.910229],[99.761215,14.910264],[99.759752,14.91171],[99.76088,14.913281],[99.762033,14.917358],[99.762824,14.918754],[99.762639,14.918861],[99.762899,14.921629],[99.763437,14.922608],[99.764287,14.92238],[99.764618,14.922742],[99.764975,14.922628],[99.76481,14.922098],[99.765005,14.921932],[99.766052,14.921986],[99.770649,14.924682],[99.770414,14.925341],[99.769917,14.925254],[99.769489,14.925628],[99.768755,14.929086],[99.768824,14.92976],[99.770214,14.929767],[99.770545,14.930338],[99.770476,14.930672],[99.769697,14.93086],[99.769649,14.931527],[99.768467,14.931415],[99.767941,14.931533],[99.767947,14.931741],[99.766782,14.931917],[99.765603,14.931613],[99.763531,14.931824],[99.762773,14.932587],[99.759637,14.933611],[99.758866,14.935986],[99.757992,14.9358],[99.757665,14.937035],[99.758044,14.937297],[99.758076,14.938894],[99.756203,14.938282],[99.756245,14.937768],[99.756034,14.937766],[99.756173,14.93675],[99.753073,14.936837],[99.75024,14.937243],[99.750065,14.937389],[99.750141,14.938431],[99.751832,14.943245],[99.750972,14.943482],[99.750698,14.94323],[99.749272,14.943289],[99.748743,14.942944],[99.74807,14.943339],[99.747814,14.942768],[99.747179,14.942666],[99.746854,14.943028],[99.747097,14.943434],[99.746944,14.94368],[99.746221,14.943887],[99.746063,14.944143],[99.745094,14.944236],[99.744045,14.944873],[99.743609,14.94423],[99.742659,14.944839],[99.740587,14.944128],[99.740114,14.945731],[99.736634,14.94493],[99.733039,14.94485],[99.73132,14.947495],[99.732391,14.950377],[99.731943,14.951121],[99.730811,14.951382],[99.730491,14.951756],[99.73103,14.952587],[99.731445,14.95488],[99.731293,14.957236],[99.731744,14.960804],[99.731591,14.961748],[99.7319,14.962964],[99.733165,14.963071],[99.734245,14.963473],[99.736958,14.963475],[99.737888,14.963138],[99.740243,14.963373],[99.7427,14.962284],[99.744121,14.960722],[99.744429,14.959288]]]},"bbox":[99.730491,14.843456,99.867075,14.963478]},{"type":"Feature","id":"cfb287e3-ed71-46bb-bf74-bef2cdd8c956","properties":{"id":"cfb287e3-ed71-46bb-bf74-bef2cdd8c956","code":"05720301","provinceCode":"72","nameTh":"เทศบาลตำบล ด่านช้าง","nameEn":null,"geometryType":"MUNICIPALITY","sourceUrl":"https://landometer.com/api/v2/citymeter-v3/grocery/info/geom/cfb287e3-ed71-46bb-bf74-bef2cdd8c956/MUNICIPALITY","sourceSha256":"6ec05004f78bbed4f873ccc9af6b6535969153b5554d7d52ef7b66b6e2e45240","retrievedAt":"2026-10-04T05:44:17.628424+00:00","boundaryVintage":null,"geometryStatus":"native_source_polygon_display_simplified","simplificationToleranceDegrees":0.00015,"simplificationPreservesTopology":true,"invalidSourceRepair":"make_valid; retain polygonal components; discard zero-area collapsed lines","legalBoundaryIndependentlyVerified":false,"areaId":"cfb287e3-ed71-46bb-bf74-bef2cdd8c956"},"geometry":{"type":"Polygon","coordinates":[[[99.70556,14.818478],[99.702558,14.820637],[99.701187,14.82122],[99.70009,14.821052],[99.699029,14.81934],[99.697497,14.818981],[99.6932,14.81972],[99.691194,14.821091],[99.690042,14.82141],[99.688049,14.844628],[99.703409,14.845808],[99.70556,14.818478]]]},"bbox":[99.688049,14.818478,99.70556,14.845808]},{"type":"Feature","id":"5751e0ca-04a4-43e9-ac09-124397b5688c","properties":{"id":"5751e0ca-04a4-43e9-ac09-124397b5688c","code":"05720401","provinceCode":"72","nameTh":"เทศบาลตำบล โคกคราม","nameEn":null,"geometryType":"MUNICIPALITY","sourceUrl":"https://landometer.com/api/v2/citymeter-v3/grocery/info/geom/5751e0ca-04a4-43e9-ac09-124397b5688c/MUNICIPALITY","sourceSha256":"9880e4d5a144785b56a2a784286da81b3e2f1ccfa216fbade088e55d5776f9b9","retrievedAt":"2026-10-04T05:44:17.627683+00:00","boundaryVintage":null,"geometryStatus":"native_source_polygon_display_simplified","simplificationToleranceDegrees":0.00015,"simplificationPreservesTopology":true,"invalidSourceRepair":"make_valid; retain polygonal components; discard zero-area collapsed lines","legalBoundaryIndependentlyVerified":false,"areaId":"5751e0ca-04a4-43e9-ac09-124397b5688c"},"geometry":{"type":"Polygon","coordinates":[[[100.168497,14.40337],[100.168046,14.401868],[100.164318,14.399311],[100.161416,14.399248],[100.155294,14.402302],[100.154843,14.40055],[100.157174,14.397818],[100.155851,14.396911],[100.150891,14.399275],[100.152956,14.412043],[100.154014,14.410716],[100.156086,14.412385],[100.168497,14.40337]]]},"bbox":[100.150891,14.396911,100.168497,14.412385]},{"type":"Feature","id":"f60c647e-fb19-42e6-a31d-3addbd45a833","properties":{"id":"f60c647e-fb19-42e6-a31d-3addbd45a833","code":"05720402","provinceCode":"72","nameTh":"เทศบาลตำบล บางปลาม้า","nameEn":null,"geometryType":"MUNICIPALITY","sourceUrl":"https://landometer.com/api/v2/citymeter-v3/grocery/info/geom/f60c647e-fb19-42e6-a31d-3addbd45a833/MUNICIPALITY","sourceSha256":"a3d03264acf208f7b44e37477c5d126c764c00bc29b26ed7412816074413cba4","retrievedAt":"2026-10-04T05:44:17.641723+00:00","boundaryVintage":null,"geometryStatus":"native_source_polygon_display_simplified","simplificationToleranceDegrees":0.00015,"simplificationPreservesTopology":true,"invalidSourceRepair":"make_valid; retain polygonal components; discard zero-area collapsed lines","legalBoundaryIndependentlyVerified":false,"areaId":"f60c647e-fb19-42e6-a31d-3addbd45a833"},"geometry":{"type":"Polygon","coordinates":[[[100.129228,14.412989],[100.132616,14.411934],[100.131612,14.408468],[100.136087,14.403364],[100.140504,14.403401],[100.142943,14.400979],[100.13999,14.391149],[100.116785,14.398559],[100.115191,14.408363],[100.129228,14.412989]]]},"bbox":[100.115191,14.391149,100.142943,14.412989]},{"type":"Feature","id":"73445db9-0d82-497e-b036-d126fcf4e1c9","properties":{"id":"73445db9-0d82-497e-b036-d126fcf4e1c9","code":"05720403","provinceCode":"72","nameTh":"เทศบาลตำบล บ้านแหลม","nameEn":null,"geometryType":"MUNICIPALITY","sourceUrl":"https://landometer.com/api/v2/citymeter-v3/grocery/info/geom/73445db9-0d82-497e-b036-d126fcf4e1c9/MUNICIPALITY","sourceSha256":"ca7c52447a9bc726a10f4041c9735fa8f8086e2eb6367d57519f64e188b10b69","retrievedAt":"2026-10-04T05:44:17.634888+00:00","boundaryVintage":null,"geometryStatus":"native_source_polygon_display_simplified","simplificationToleranceDegrees":0.00015,"simplificationPreservesTopology":true,"invalidSourceRepair":"make_valid; retain polygonal components; discard zero-area collapsed lines","legalBoundaryIndependentlyVerified":false,"areaId":"73445db9-0d82-497e-b036-d126fcf4e1c9"},"geometry":{"type":"Polygon","coordinates":[[[100.149678,14.374645],[100.150645,14.374773],[100.15058,14.374577],[100.15167,14.374179],[100.153029,14.375812],[100.154017,14.375451],[100.153334,14.374635],[100.154585,14.374179],[100.154985,14.373812],[100.153633,14.373699],[100.153116,14.372586],[100.153899,14.3723],[100.153509,14.367205],[100.15195,14.365303],[100.147434,14.364421],[100.149207,14.361334],[100.148144,14.357323],[100.144137,14.358274],[100.139208,14.35609],[100.136403,14.358235],[100.13606,14.360727],[100.138686,14.364358],[100.136911,14.368883],[100.138251,14.37258],[100.140289,14.371426],[100.14231,14.374578],[100.144387,14.373141],[100.144565,14.375328],[100.147768,14.375893],[100.147756,14.373865],[100.148522,14.375897],[100.149886,14.37566],[100.149678,14.374645]],[[100.148842,14.364765],[100.147381,14.364512],[100.14884105930028,14.364764770169955],[100.148842,14.364765]]]},"bbox":[100.13606,14.35609,100.154985,14.375897]},{"type":"Feature","id":"c295f578-cb3b-49ff-9f46-4a4c04273efb","properties":{"id":"c295f578-cb3b-49ff-9f46-4a4c04273efb","code":"05720404","provinceCode":"72","nameTh":"เทศบาลตำบล ไผ่กองดิน","nameEn":null,"geometryType":"MUNICIPALITY","sourceUrl":"https://landometer.com/api/v2/citymeter-v3/grocery/info/geom/c295f578-cb3b-49ff-9f46-4a4c04273efb/MUNICIPALITY","sourceSha256":"4b682f8013b2e2bef745e7f69edef0085ed3bf8c2f4e4541c727652c96a1c00c","retrievedAt":"2026-10-04T05:44:17.637428+00:00","boundaryVintage":null,"geometryStatus":"native_source_polygon_display_simplified","simplificationToleranceDegrees":0.00015,"simplificationPreservesTopology":true,"invalidSourceRepair":"make_valid; retain polygonal components; discard zero-area collapsed lines","legalBoundaryIndependentlyVerified":false,"areaId":"c295f578-cb3b-49ff-9f46-4a4c04273efb"},"geometry":{"type":"Polygon","coordinates":[[[100.25209,14.33797],[100.248145,14.33918],[100.246857,14.338075],[100.250105,14.334594],[100.247974,14.333471],[100.245661,14.325546],[100.240759,14.32695],[100.238811,14.328313],[100.238578,14.327439],[100.23883,14.328524],[100.232384,14.333787],[100.232564,14.333917],[100.232425,14.334036],[100.231388,14.333821],[100.231638,14.334295],[100.232754,14.334055],[100.239726,14.339111],[100.238049,14.340328],[100.251085,14.347842],[100.254626,14.342803],[100.253435,14.339679],[100.25209,14.33797]]]},"bbox":[100.231388,14.325546,100.254626,14.347842]},{"type":"Feature","id":"12ede79f-77bc-4097-8d0e-97295cdc14d4","properties":{"id":"12ede79f-77bc-4097-8d0e-97295cdc14d4","code":"05720405","provinceCode":"72","nameTh":"เทศบาลตำบล ตะค่า","nameEn":null,"geometryType":"MUNICIPALITY","sourceUrl":"https://landometer.com/api/v2/citymeter-v3/grocery/info/geom/12ede79f-77bc-4097-8d0e-97295cdc14d4/MUNICIPALITY","sourceSha256":"975919958c5bd3fde7128d7828afdab442159ee3758ea0704f7a532445dfb4fb","retrievedAt":"2026-10-04T05:44:17.633898+00:00","boundaryVintage":null,"geometryStatus":"native_source_polygon_display_simplified","simplificationToleranceDegrees":0.00015,"simplificationPreservesTopology":true,"invalidSourceRepair":"make_valid; retain polygonal components; discard zero-area collapsed lines","legalBoundaryIndependentlyVerified":false,"areaId":"12ede79f-77bc-4097-8d0e-97295cdc14d4"},"geometry":{"type":"Polygon","coordinates":[[[100.202111,14.376188],[100.20334,14.374396],[100.201909,14.369361],[100.195873,14.362618],[100.189796,14.345002],[100.193239,14.340938],[100.191388,14.336302],[100.198485,14.332614],[100.194194,14.329156],[100.191015,14.322785],[100.19243,14.321334],[100.189969,14.320017],[100.188994,14.322704],[100.183753,14.324833],[100.175986,14.325104],[100.17643,14.322747],[100.171662,14.319309],[100.171,14.314499],[100.167367,14.312511],[100.166744,14.306483],[100.164941,14.306652],[100.16537,14.304804],[100.163277,14.305414],[100.164264,14.303028],[100.160713,14.303257],[100.160409,14.301318],[100.158404,14.302089],[100.159012,14.299329],[100.153223,14.301982],[100.150887,14.300144],[100.148985,14.300519],[100.148521,14.301698],[100.152159,14.313768],[100.147405,14.324587],[100.145963,14.336284],[100.153013,14.348498],[100.148333,14.35698],[100.148557,14.358096],[100.148379,14.358208],[100.149207,14.361334],[100.147434,14.364421],[100.15195,14.365303],[100.153509,14.367205],[100.153899,14.3723],[100.153116,14.372586],[100.153633,14.373699],[100.154985,14.373812],[100.154585,14.374179],[100.153334,14.374635],[100.155154,14.376945],[100.155579,14.378435],[100.156579,14.378707],[100.15795,14.379995],[100.158992,14.37963],[100.160498,14.379696],[100.161621,14.380331],[100.162286,14.381178],[100.163233,14.38446],[100.162468,14.387479],[100.162593,14.388701],[100.16305,14.389378],[100.164136,14.389952],[100.168165,14.390374],[100.168339,14.388431],[100.169281,14.388637],[100.171424,14.386011],[100.198257,14.377974],[100.202111,14.376188]]]},"bbox":[100.145963,14.299329,100.20334,14.390407]},{"type":"Feature","id":"6d923912-fddb-406c-8a60-c7c86a6082f4","properties":{"id":"6d923912-fddb-406c-8a60-c7c86a6082f4","code":"05720406","provinceCode":"72","nameTh":"เทศบาลตำบล ต้นคราม","nameEn":null,"geometryType":"MUNICIPALITY","sourceUrl":"https://landometer.com/api/v2/citymeter-v3/grocery/info/geom/6d923912-fddb-406c-8a60-c7c86a6082f4/MUNICIPALITY","sourceSha256":"4132858371ad081a2a3e12b03d90aad44fbba81164a2e0a2b364642678525647","retrievedAt":"2026-10-04T05:44:17.639867+00:00","boundaryVintage":null,"geometryStatus":"native_source_polygon_display_simplified","simplificationToleranceDegrees":0.00015,"simplificationPreservesTopology":true,"invalidSourceRepair":"make_valid; retain polygonal components; discard zero-area collapsed lines","legalBoundaryIndependentlyVerified":false,"areaId":"6d923912-fddb-406c-8a60-c7c86a6082f4"},"geometry":{"type":"MultiPolygon","coordinates":[[[[100.205774,14.41838],[100.200428,14.410606],[100.198501,14.403687],[100.198266,14.398876],[100.201097,14.391999],[100.210418,14.392635],[100.211824,14.393963],[100.217028,14.391183],[100.215235,14.383208],[100.21194,14.381759],[100.210209,14.372434],[100.198257,14.377974],[100.171424,14.386011],[100.169281,14.388637],[100.168339,14.388431],[100.168101,14.391353],[100.168227,14.38943],[100.168165,14.390374],[100.167486,14.390292],[100.166956,14.390309],[100.167147,14.390618],[100.165527,14.391243],[100.166315,14.390939],[100.166822,14.391816],[100.165887,14.392176],[100.165876,14.393252],[100.164829,14.393656],[100.164246,14.399309],[100.168046,14.401868],[100.168497,14.40337],[100.156086,14.412385],[100.154014,14.410716],[100.152956,14.412043],[100.150891,14.399275],[100.154904,14.397363],[100.154963,14.396977],[100.151621,14.396112],[100.148192,14.396859],[100.142943,14.400979],[100.140504,14.403401],[100.136087,14.403364],[100.131612,14.408468],[100.134727,14.419485],[100.133911,14.427421],[100.135932,14.428805],[100.137169,14.42844],[100.13736666433216,14.428575769440277],[100.138034,14.428184],[100.138257,14.428844],[100.138671,14.429033],[100.140148,14.429327],[100.140255,14.429019],[100.144388,14.430167],[100.146048,14.430441],[100.146162,14.430212],[100.151479,14.431309],[100.158106,14.430586],[100.162616,14.43228],[100.164889,14.432823],[100.166639,14.432078],[100.167237,14.43132],[100.166199,14.431115],[100.166134,14.430757],[100.166488,14.430549],[100.166623,14.429901],[100.169531,14.429655],[100.169667,14.42993],[100.170426,14.430036],[100.170586,14.432029],[100.171916,14.431417],[100.172472,14.434706],[100.172884,14.435602],[100.174804,14.434969],[100.177836,14.435069],[100.178121,14.43427],[100.179711,14.434281],[100.181153,14.434626],[100.181145,14.435414],[100.181865,14.43482],[100.185183,14.435741],[100.185708,14.433975],[100.189232,14.434612],[100.189211,14.434982],[100.190473,14.435102],[100.190324,14.436077],[100.190676,14.43618],[100.190629,14.436543],[100.191221,14.436633],[100.190881,14.438172],[100.192547,14.438479],[100.192946,14.438635],[100.19287,14.438906],[100.196262,14.439587],[100.19771,14.439616],[100.197632,14.438924],[100.198379,14.438853],[100.200765,14.439274],[100.200724,14.439545],[100.202538,14.439436],[100.202597,14.440072],[100.204423,14.440141],[100.20657,14.441172],[100.206868,14.439454],[100.208256,14.4375],[100.208582,14.437454],[100.208269,14.437497],[100.209592,14.428672],[100.207237,14.422389],[100.196197,14.42187],[100.199424,14.418251],[100.205774,14.41838]]],[[[100.13736666433216,14.428575769440277],[100.137248,14.428654],[100.137367,14.428576],[100.13736666433216,14.428575769440277]]]]},"bbox":[100.131612,14.372434,100.217028,14.441172]},{"type":"Feature","id":"126b3d3d-1b88-49ef-9abc-6cdffc3c8323","properties":{"id":"126b3d3d-1b88-49ef-9abc-6cdffc3c8323","code":"05720407","provinceCode":"72","nameTh":"เทศบาลตำบล บ้านแหลมพัฒนา","nameEn":null,"geometryType":"MUNICIPALITY","sourceUrl":"https://landometer.com/api/v2/citymeter-v3/grocery/info/geom/126b3d3d-1b88-49ef-9abc-6cdffc3c8323/MUNICIPALITY","sourceSha256":"918f8b2c0d18592250ea92bb34b5808fd498f4270e95f8b5f00485fbb4f1689a","retrievedAt":"2026-10-04T05:44:17.709377+00:00","boundaryVintage":null,"geometryStatus":"native_source_polygon_display_simplified","simplificationToleranceDegrees":0.00015,"simplificationPreservesTopology":true,"invalidSourceRepair":"make_valid; retain polygonal components; discard zero-area collapsed lines","legalBoundaryIndependentlyVerified":false,"areaId":"126b3d3d-1b88-49ef-9abc-6cdffc3c8323"},"geometry":{"type":"Polygon","coordinates":[[[100.143528,14.323287],[100.137919,14.324962],[100.133193,14.324721],[100.128052,14.323979],[100.12883,14.324497],[100.128111,14.330043],[100.130378,14.329852],[100.13051,14.331374],[100.128608,14.334079],[100.12911,14.337419],[100.126396,14.338019],[100.127798,14.34549],[100.129821,14.34596],[100.129306,14.349005],[100.135084,14.3519],[100.134308,14.355429],[100.136841,14.357901],[100.139208,14.35609],[100.144137,14.358274],[100.148144,14.357323],[100.148379,14.358208],[100.148557,14.358096],[100.148333,14.35698],[100.153013,14.348498],[100.145963,14.336284],[100.147405,14.324587],[100.143528,14.323287]]]},"bbox":[100.126396,14.323287,100.153013,14.358274]},{"type":"Feature","id":"c821707b-3de9-42d9-a682-93b3947a377e","properties":{"id":"c821707b-3de9-42d9-a682-93b3947a377e","code":"05720501","provinceCode":"72","nameTh":"เทศบาลตำบล ศรีประจันต์","nameEn":null,"geometryType":"MUNICIPALITY","sourceUrl":"https://landometer.com/api/v2/citymeter-v3/grocery/info/geom/c821707b-3de9-42d9-a682-93b3947a377e/MUNICIPALITY","sourceSha256":"5a29c36cf5f57643fc8019d8cf31617c774efe017b7551c8b63067c265d6e83a","retrievedAt":"2026-10-04T05:44:17.701517+00:00","boundaryVintage":null,"geometryStatus":"native_source_polygon_display_simplified","simplificationToleranceDegrees":0.00015,"simplificationPreservesTopology":true,"invalidSourceRepair":"make_valid; retain polygonal components; discard zero-area collapsed lines","legalBoundaryIndependentlyVerified":false,"areaId":"c821707b-3de9-42d9-a682-93b3947a377e"},"geometry":{"type":"MultiPolygon","coordinates":[[[[100.13696,14.603306],[100.13696050924761,14.603306414874963],[100.138395,14.603186],[100.13696,14.603306]]],[[[100.13951225165206,14.604095205064578],[100.141392,14.603937],[100.139512,14.604095],[100.13951225165206,14.604095205064578]]],[[[100.142842,14.604661],[100.14226766082726,14.604866918009781],[100.14295062512483,14.604809487555965],[100.142842,14.604661]]],[[[100.141351,14.604944],[100.140144,14.60461],[100.13951225165206,14.604095205064578],[100.138077,14.604216],[100.13696050924761,14.603306414874963],[100.134702,14.603496],[100.1346780058166,14.604501756187526],[100.133676,14.604586],[100.133653,14.605592],[100.13265,14.60572],[100.132289,14.62133],[100.132819,14.621317],[100.132805,14.629942],[100.148164,14.631099],[100.14848,14.630462],[100.151446,14.63056],[100.149475,14.623676],[100.150675,14.618418],[100.15678,14.612188],[100.156338,14.607605],[100.153828,14.606574],[100.154636,14.604831],[100.153744,14.604906],[100.153576,14.603916],[100.147802,14.604402],[100.141894,14.604899],[100.14226766082726,14.604866918009781],[100.141351,14.604944]],[[100.135698,14.604416],[100.134678,14.604502],[100.1346780058166,14.604501756187526],[100.135698,14.604416]]],[[[100.153576,14.603916],[100.153344,14.602932],[100.152348,14.603016],[100.15202694262565,14.602435079103367],[100.151557,14.603083],[100.150159,14.6032],[100.1478032882357,14.604401427214208],[100.153576,14.603916]]],[[[100.14295062512483,14.604809487555965],[100.142951,14.60481],[100.1478032882357,14.604401427214208],[100.14295062512483,14.604809487555965]]],[[[100.151858,14.602295],[100.15189896969422,14.602328939391649],[100.151594,14.602076],[100.151858,14.602295]]],[[[100.15189896969422,14.602328939391649],[100.15202694262565,14.602435079103367],[100.152027,14.602435],[100.15189896969422,14.602328939391649]]],[[[100.151258,14.629902],[100.151521,14.62987],[100.150851,14.628481],[100.151446,14.63056],[100.151258,14.629902]]]]},"bbox":[100.132289,14.602076,100.15678,14.631099]},{"type":"Feature","id":"a7affa21-bf6b-49d9-8470-b36ff5ddf7d7","properties":{"id":"a7affa21-bf6b-49d9-8470-b36ff5ddf7d7","code":"05720502","provinceCode":"72","nameTh":"เทศบาลตำบล วังยาง","nameEn":null,"geometryType":"MUNICIPALITY","sourceUrl":"https://landometer.com/api/v2/citymeter-v3/grocery/info/geom/a7affa21-bf6b-49d9-8470-b36ff5ddf7d7/MUNICIPALITY","sourceSha256":"aba094db868b260688d400e36a1820ae815e7893f47d0982f3ac650363b4b88f","retrievedAt":"2026-10-04T05:44:17.718415+00:00","boundaryVintage":null,"geometryStatus":"native_source_polygon_display_simplified","simplificationToleranceDegrees":0.00015,"simplificationPreservesTopology":true,"invalidSourceRepair":"make_valid; retain polygonal components; discard zero-area collapsed lines","legalBoundaryIndependentlyVerified":false,"areaId":"a7affa21-bf6b-49d9-8470-b36ff5ddf7d7"},"geometry":{"type":"Polygon","coordinates":[[[100.207903,14.58055],[100.210021,14.579505],[100.209947,14.575987],[100.209623,14.573296],[100.208694,14.57302],[100.207807,14.573477],[100.207164,14.573314],[100.205803,14.572165],[100.205067,14.570824],[100.203267,14.570338],[100.2014,14.568713],[100.200934,14.568452],[100.200075,14.568422],[100.199467,14.567681],[100.198457,14.567503],[100.197776,14.566849],[100.19738,14.565931],[100.196942,14.563317],[100.19594,14.56085],[100.19622,14.558634],[100.197111,14.555511],[100.196331,14.555166],[100.196375,14.555013],[100.19485,14.554511],[100.195182,14.553404],[100.194167,14.551651],[100.194298,14.551437],[100.191737,14.55026],[100.19189,14.549774],[100.192392,14.549657],[100.192389,14.549188],[100.190746,14.54952],[100.190614,14.549749],[100.188371,14.548689],[100.187524,14.549031],[100.186984,14.548304],[100.187302,14.547191],[100.187412,14.545086],[100.183728,14.543357],[100.183569,14.541687],[100.182138,14.541098],[100.181897,14.541721],[100.18093,14.541196],[100.18003,14.542152],[100.180408,14.542444],[100.180265,14.542742],[100.180114,14.542896],[100.179816,14.542731],[100.179361,14.543591],[100.178485,14.543456],[100.178967,14.543124],[100.177201,14.542694],[100.177048,14.543133],[100.175952,14.542512],[100.176621,14.541783],[100.17616,14.541121],[100.175637,14.541382],[100.17454,14.538882],[100.172888,14.539003],[100.17265,14.539373],[100.168988,14.53697],[100.172209,14.533306],[100.172703,14.532096],[100.172731,14.531092],[100.170929,14.531229],[100.170928,14.533127],[100.167879,14.532952],[100.167904,14.533289],[100.163353,14.533757],[100.162243,14.534293],[100.160957,14.534407],[100.161345,14.538679],[100.157119,14.53728],[100.153831,14.537619],[100.147471,14.539008],[100.138693,14.539457],[100.13662,14.539396],[100.135426,14.539054],[100.134592,14.539652],[100.127515,14.537772],[100.127521,14.537977],[100.125485,14.538008],[100.124976,14.537804],[100.123986,14.538311],[100.127849,14.550466],[100.13537,14.55516],[100.137418,14.560167],[100.140348,14.562209],[100.141023,14.568],[100.13887,14.572785],[100.147043,14.572478],[100.146752,14.574294],[100.141717,14.577205],[100.147112,14.582345],[100.144661,14.580009],[100.14706,14.581514],[100.15031,14.579214],[100.151857,14.581095],[100.154825,14.580467],[100.154071,14.577999],[100.156323,14.577664],[100.163642,14.58183],[100.16734,14.579855],[100.170986,14.581429],[100.175126,14.579871],[100.176132,14.580976],[100.18235,14.580132],[100.18274,14.582835],[100.188753,14.581293],[100.189307,14.580456],[100.188008,14.582419],[100.188878,14.58506],[100.194028,14.583066],[100.197396,14.579365],[100.20686,14.582476],[100.207903,14.58055]],[[100.19786,14.566964],[100.197781,14.566856],[100.19778985106377,14.566867962765881],[100.19786,14.566964]]]},"bbox":[100.123986,14.531092,100.210045,14.58506]},{"type":"Feature","id":"b3cb0f81-9340-415f-b86d-be21c29278cb","properties":{"id":"b3cb0f81-9340-415f-b86d-be21c29278cb","code":"05720503","provinceCode":"72","nameTh":"เทศบาลตำบล ปลายนา","nameEn":null,"geometryType":"MUNICIPALITY","sourceUrl":"https://landometer.com/api/v2/citymeter-v3/grocery/info/geom/b3cb0f81-9340-415f-b86d-be21c29278cb/MUNICIPALITY","sourceSha256":"1375e8efff315ef14aa7b362a3f4a4b1dfae9deda16b853d948f3b5c42604424","retrievedAt":"2026-10-04T05:44:17.723915+00:00","boundaryVintage":null,"geometryStatus":"native_source_polygon_display_simplified","simplificationToleranceDegrees":0.00015,"simplificationPreservesTopology":true,"invalidSourceRepair":"make_valid; retain polygonal components; discard zero-area collapsed lines","legalBoundaryIndependentlyVerified":false,"areaId":"b3cb0f81-9340-415f-b86d-be21c29278cb"},"geometry":{"type":"Polygon","coordinates":[[[100.217915,14.693988],[100.219139,14.693454],[100.219325,14.692889],[100.220123,14.693054],[100.220582,14.691332],[100.22144,14.690323],[100.221674,14.690404],[100.221396,14.689395],[100.222793,14.689304],[100.222897,14.688912],[100.223573,14.688951],[100.223617,14.688713],[100.223414,14.68831],[100.223594,14.686844],[100.223367,14.686769],[100.222998,14.685309],[100.223464,14.685203],[100.223464,14.68449],[100.222785,14.68445],[100.222822,14.682982],[100.223162,14.68294],[100.223237,14.681787],[100.221705,14.681797],[100.219884,14.681294],[100.220186,14.67997],[100.224514,14.682262],[100.22462,14.681623],[100.225033,14.678616],[100.224851,14.677594],[100.221103,14.671008],[100.222306,14.665456],[100.223544,14.66514],[100.223505,14.664979],[100.226002,14.664682],[100.226012,14.664967],[100.226628,14.664947],[100.227684,14.664652],[100.226379,14.661463],[100.228779,14.660804],[100.229446,14.66146],[100.230274,14.660561],[100.232159,14.66002],[100.232199,14.658205],[100.232442,14.657368],[100.233075,14.657408],[100.233344,14.655632],[100.234703,14.655613],[100.234561,14.65434],[100.235385,14.654317],[100.235549,14.653618],[100.236609,14.654147],[100.238348,14.654326],[100.238886,14.653244],[100.24016,14.653873],[100.240899,14.653373],[100.242643,14.65299],[100.242784,14.6516],[100.244324,14.651129],[100.242124,14.647871],[100.24226,14.647725],[100.241641,14.646663],[100.241798,14.646504],[100.24134,14.646066],[100.240539,14.646547],[100.239972,14.64497],[100.239648,14.645034],[100.240007,14.646888],[100.23937,14.647192],[100.239314,14.646892],[100.238695,14.646942],[100.238731,14.647438],[100.23826,14.647434],[100.236133,14.646861],[100.235335,14.646987],[100.234384,14.646761],[100.233643,14.644555],[100.232131,14.643574],[100.232009,14.643756],[100.231249,14.643381],[100.231332,14.643245],[100.229599,14.643104],[100.229567,14.64276],[100.22743,14.642977],[100.22722,14.641926],[100.226921,14.64198],[100.226892,14.641731],[100.226473,14.641743],[100.226074,14.642114],[100.219602,14.642228],[100.218511,14.641626],[100.217682,14.642001],[100.215923,14.642157],[100.215737,14.642598],[100.214579,14.642238],[100.214221,14.638268],[100.213747,14.638259],[100.213839,14.637904],[100.213492,14.637298],[100.211436,14.638063],[100.209326,14.637962],[100.208807,14.636542],[100.209129,14.636445],[100.209045,14.636178],[100.208712,14.636281],[100.207958,14.634837],[100.208738,14.63467],[100.209534,14.632867],[100.208364,14.632422],[100.210241,14.630367],[100.210929,14.629181],[100.208598,14.628147],[100.208998,14.626947],[100.210074,14.62556],[100.210444,14.624571],[100.209183,14.624725],[100.20862,14.623358],[100.207431,14.623059],[100.20738,14.622818],[100.205699,14.624137],[100.204906,14.624472],[100.204148,14.625568],[100.203605,14.625592],[100.20288,14.624502],[100.201839,14.62388],[100.201723,14.621535],[100.200912,14.621378],[100.201258,14.619776],[100.200302,14.618588],[100.199155,14.617923],[100.198823,14.618198],[100.198171,14.619694],[100.19773,14.620078],[100.197177,14.620069],[100.195909,14.619294],[100.195133,14.619415],[100.19363,14.622147],[100.190627,14.623732],[100.189927,14.624325],[100.19015,14.628073],[100.188369,14.631265],[100.186114,14.632088],[100.182014,14.630836],[100.177776,14.639144],[100.172947,14.64334],[100.167007,14.639915],[100.16306,14.640697],[100.161071,14.642469],[100.160207,14.644102],[100.160128,14.646414],[100.162848,14.650903],[100.167201,14.650624],[100.171029,14.653315],[100.171536,14.660244],[100.172929,14.663004],[100.175542,14.672394],[100.175742,14.674625],[100.182688,14.696463],[100.18765,14.700565],[100.197866,14.702521],[100.214235,14.701277],[100.214452,14.700426],[100.214839,14.700579],[100.214792,14.700833],[100.214943,14.700018],[100.21514,14.698906],[100.215291,14.698093],[100.215415,14.697318],[100.215883,14.694858],[100.21727,14.694951],[100.217915,14.693988]]]},"bbox":[100.160128,14.617911,100.244324,14.702521]},{"type":"Feature","id":"49075f03-3cc3-4e9e-ab33-782c1e810004","properties":{"id":"49075f03-3cc3-4e9e-ab33-782c1e810004","code":"05720504","provinceCode":"72","nameTh":"เทศบาลตำบล บ้านกร่าง","nameEn":null,"geometryType":"MUNICIPALITY","sourceUrl":"https://landometer.com/api/v2/citymeter-v3/grocery/info/geom/49075f03-3cc3-4e9e-ab33-782c1e810004/MUNICIPALITY","sourceSha256":"0dff7401ffcd2ceee12a1937f9d6cd96f859c85ab4dfbe426024a8e6737af2d3","retrievedAt":"2026-10-04T05:44:17.713872+00:00","boundaryVintage":null,"geometryStatus":"native_source_polygon_display_simplified","simplificationToleranceDegrees":0.00015,"simplificationPreservesTopology":true,"invalidSourceRepair":"make_valid; retain polygonal components; discard zero-area collapsed lines","legalBoundaryIndependentlyVerified":false,"areaId":"49075f03-3cc3-4e9e-ab33-782c1e810004"},"geometry":{"type":"Polygon","coordinates":[[[100.140762,14.646163],[100.145693,14.641564],[100.149013,14.63624],[100.149144,14.631173],[100.150091,14.631055],[100.149889,14.630509],[100.14848,14.630462],[100.148164,14.631099],[100.132805,14.629942],[100.132819,14.621317],[100.124727,14.621521],[100.114983,14.618387],[100.114294,14.62046],[100.104871,14.61834],[100.104063,14.617527],[100.105118,14.617761],[100.104906,14.616527],[100.100834,14.615765],[100.097432,14.621586],[100.086691,14.62784],[100.086176,14.62699],[100.105184,14.659278],[100.106197,14.666863],[100.112289,14.667816],[100.112741,14.666795],[100.118105,14.660327],[100.125849,14.657744],[100.124677,14.653448],[100.131907,14.656609],[100.142306,14.652891],[100.143142,14.649693],[100.140762,14.646163]]]},"bbox":[100.086176,14.615765,100.150091,14.667816]},{"type":"Feature","id":"399bfe12-90e4-4c99-b45f-12f30e578924","properties":{"id":"399bfe12-90e4-4c99-b45f-12f30e578924","code":"05720507","provinceCode":"72","nameTh":"เทศบาลตำบล วังน้ำซับ","nameEn":null,"geometryType":"MUNICIPALITY","sourceUrl":"https://landometer.com/api/v2/citymeter-v3/grocery/info/geom/399bfe12-90e4-4c99-b45f-12f30e578924/MUNICIPALITY","sourceSha256":"50a26b03c29af3167258c74cac447f79455a4651fe17428c328287d8a4e91149","retrievedAt":"2026-10-04T05:44:17.726313+00:00","boundaryVintage":null,"geometryStatus":"native_source_polygon_display_simplified","simplificationToleranceDegrees":0.00015,"simplificationPreservesTopology":true,"invalidSourceRepair":"make_valid; retain polygonal components; discard zero-area collapsed lines","legalBoundaryIndependentlyVerified":false,"areaId":"399bfe12-90e4-4c99-b45f-12f30e578924"},"geometry":{"type":"Polygon","coordinates":[[[100.149889,14.630509],[100.150091,14.631055],[100.149144,14.631173],[100.149013,14.63624],[100.145693,14.641564],[100.140762,14.646163],[100.143142,14.649693],[100.142306,14.652891],[100.131907,14.656609],[100.124677,14.653448],[100.125849,14.657744],[100.118105,14.660327],[100.112741,14.666795],[100.110982,14.671493],[100.107265,14.671127],[100.102914,14.677644],[100.102762,14.682469],[100.106517,14.682715],[100.106905,14.682349],[100.107992,14.682726],[100.108757,14.683808],[100.109762,14.683035],[100.110786,14.68275],[100.110698,14.683188],[100.113592,14.684218],[100.116837,14.684561],[100.116214,14.682467],[100.11785,14.682499],[100.118598,14.679678],[100.120043,14.679679],[100.119637,14.680668],[100.121208,14.681596],[100.123225,14.682018],[100.123796,14.681421],[100.124635,14.681424],[100.124716,14.682946],[100.126676,14.683388],[100.128446,14.683233],[100.128498,14.684223],[100.129673,14.683894],[100.129752,14.684623],[100.130343,14.684542],[100.130986,14.685515],[100.131204,14.686315],[100.134011,14.687733],[100.134784,14.688789],[100.136586,14.688857],[100.136714,14.689081],[100.136646,14.689416],[100.135067,14.690976],[100.134034,14.692706],[100.131659,14.695229],[100.131253,14.696439],[100.131353,14.697493],[100.132374,14.697996],[100.132435,14.698234],[100.134033,14.696195],[100.138068,14.696456],[100.139903,14.693781],[100.142429,14.694497],[100.145841,14.692211],[100.150609,14.692545],[100.155182,14.696582],[100.158802,14.691063],[100.156466,14.685434],[100.146586,14.684591],[100.144074,14.680433],[100.143929,14.675838],[100.164042,14.661299],[100.171491,14.660341],[100.171029,14.653315],[100.167201,14.650624],[100.162848,14.650903],[100.160128,14.646414],[100.160207,14.644102],[100.161071,14.642469],[100.16306,14.640697],[100.162136,14.638832],[100.156713,14.633098],[100.153683,14.633519],[100.152689,14.630732],[100.150932,14.630951],[100.150732,14.630537],[100.149889,14.630509]]]},"bbox":[100.102762,14.630509,100.171491,14.698234]},{"type":"Feature","id":"e4685e83-2ccb-4330-ab42-a927ce9cb005","properties":{"id":"e4685e83-2ccb-4330-ab42-a927ce9cb005","code":"05720508","provinceCode":"72","nameTh":"เทศบาลตำบล วังหว้า","nameEn":null,"geometryType":"MUNICIPALITY","sourceUrl":"https://landometer.com/api/v2/citymeter-v3/grocery/info/geom/e4685e83-2ccb-4330-ab42-a927ce9cb005/MUNICIPALITY","sourceSha256":"e07ee79f20b32bc382474ae77852cbb983865fc945978158d36eb45a2ca7cf4d","retrievedAt":"2026-10-04T05:44:17.737555+00:00","boundaryVintage":null,"geometryStatus":"native_source_polygon_display_simplified","simplificationToleranceDegrees":0.00015,"simplificationPreservesTopology":true,"invalidSourceRepair":"make_valid; retain polygonal components; discard zero-area collapsed lines","legalBoundaryIndependentlyVerified":false,"areaId":"e4685e83-2ccb-4330-ab42-a927ce9cb005"},"geometry":{"type":"MultiPolygon","coordinates":[[[[100.080993,14.616173],[100.081962,14.607339],[100.073641,14.60399],[100.062492,14.607137],[100.061055,14.611067],[100.061182,14.611939],[100.060782,14.613616],[100.060585,14.613939],[100.059838,14.614283],[100.059633,14.615182],[100.059122,14.616022],[100.059271,14.616603],[100.060638,14.617966],[100.061495,14.619681],[100.061453,14.620452],[100.060992,14.62164],[100.060488,14.622153],[100.06003,14.622327],[100.059239,14.622168],[100.058856,14.622452],[100.058517,14.623945],[100.057912,14.625172],[100.05787,14.626079],[100.059228,14.628081],[100.060635,14.62831],[100.062585,14.629593],[100.063001,14.629407],[100.063223,14.628163],[100.063823,14.627455],[100.06575,14.627731],[100.066989,14.627428],[100.067542,14.627645],[100.067493,14.628048],[100.066623,14.629157],[100.066628,14.629968],[100.067946,14.632836],[100.070301,14.634854],[100.070605,14.636326],[100.070141,14.637198],[100.069753,14.638996],[100.068981,14.640396],[100.068169,14.640898],[100.068556,14.642974],[100.068448,14.643321],[100.067648,14.643975],[100.068075,14.645341],[100.06756,14.646388],[100.067783,14.646887],[100.069418,14.647702],[100.069581,14.648072],[100.069632,14.650352],[100.070428,14.65193],[100.070827,14.654638],[100.071368,14.656519],[100.070703,14.659332],[100.071597,14.660461],[100.072176,14.660626],[100.072985,14.660352],[100.073755,14.658996],[100.07423,14.658894],[100.074782,14.659121],[100.076459,14.66137],[100.07717,14.664161],[100.077802,14.665127],[100.078656,14.665612],[100.083488,14.666849],[100.083099,14.668946],[100.083471,14.673066],[100.082666,14.674427],[100.081222,14.675589],[100.080699,14.676537],[100.081032,14.678011],[100.082235,14.677817],[100.082801,14.680359],[100.092308,14.677464],[100.092674,14.677785],[100.09288,14.678728],[100.092968,14.68057],[100.092739,14.681171],[100.092993,14.681301],[100.093527,14.680754],[100.094858,14.68107],[100.094942,14.682714],[100.096021,14.682698],[100.096019,14.68208],[100.099856,14.682079],[100.100044,14.685898],[100.101799,14.685421],[100.102445,14.68514],[100.102662,14.68472],[100.10364,14.684368],[100.104447,14.684489],[100.106061,14.685277],[100.106732,14.683905],[100.105926,14.68356],[100.106517,14.682715],[100.102762,14.682469],[100.102914,14.677644],[100.107265,14.671127],[100.110982,14.671493],[100.112423,14.667645],[100.112289,14.667816],[100.106197,14.666863],[100.105184,14.659278],[100.081829,14.619605],[100.080993,14.616173]]],[[[100.081311,14.617477],[100.08137921818144,14.617758527271134],[100.081829,14.619605],[100.081311,14.617477]]]]},"bbox":[100.057813,14.60399,100.112423,14.685898]},{"type":"Feature","id":"2c634f7b-9187-41c0-b0bb-c92491bfb085","properties":{"id":"2c634f7b-9187-41c0-b0bb-c92491bfb085","code":"05720601","provinceCode":"72","nameTh":"เทศบาลตำบล ดอนเจดีย์","nameEn":null,"geometryType":"MUNICIPALITY","sourceUrl":"https://landometer.com/api/v2/citymeter-v3/grocery/info/geom/2c634f7b-9187-41c0-b0bb-c92491bfb085/MUNICIPALITY","sourceSha256":"fc87f032fc8677d35f637261b0b61c965ac9c5b0b47d85adf851af3f5402b9fd","retrievedAt":"2026-10-04T05:44:17.726102+00:00","boundaryVintage":null,"geometryStatus":"native_source_polygon_display_simplified","simplificationToleranceDegrees":0.00015,"simplificationPreservesTopology":true,"invalidSourceRepair":"make_valid; retain polygonal components; discard zero-area collapsed lines","legalBoundaryIndependentlyVerified":false,"areaId":"2c634f7b-9187-41c0-b0bb-c92491bfb085"},"geometry":{"type":"Polygon","coordinates":[[[100.032515,14.629088],[100.030159,14.622943],[100.013787,14.626033],[100.009625,14.641332],[100.024368,14.640188],[100.032515,14.629088]]]},"bbox":[100.009625,14.622943,100.032515,14.641332]},{"type":"Feature","id":"1b0ceea3-dee6-494a-b924-e91486ef7006","properties":{"id":"1b0ceea3-dee6-494a-b924-e91486ef7006","code":"05720602","provinceCode":"72","nameTh":"เทศบาลตำบล สระกระโจม","nameEn":null,"geometryType":"MUNICIPALITY","sourceUrl":"https://landometer.com/api/v2/citymeter-v3/grocery/info/geom/1b0ceea3-dee6-494a-b924-e91486ef7006/MUNICIPALITY","sourceSha256":"47e7d0b651b9d14df5bdfd93d0deeda0e55802b17f01682e169480755ebc8487","retrievedAt":"2026-10-04T05:44:17.805456+00:00","boundaryVintage":null,"geometryStatus":"native_source_polygon_display_simplified","simplificationToleranceDegrees":0.00015,"simplificationPreservesTopology":true,"invalidSourceRepair":"make_valid; retain polygonal components; discard zero-area collapsed lines","legalBoundaryIndependentlyVerified":false,"areaId":"1b0ceea3-dee6-494a-b924-e91486ef7006"},"geometry":{"type":"MultiPolygon","coordinates":[[[[99.882696,14.609679],[99.882617,14.609885],[99.882898,14.609334],[99.882696,14.609679]]],[[[99.873606,14.613904],[99.873329,14.613983],[99.873738,14.613865],[99.873606,14.613904]]],[[[99.868921,14.615974],[99.87014772546017,14.615437497346553],[99.8733670368454,14.614029262687724],[99.868921,14.615974]]],[[[99.868304,14.616244],[99.865765,14.62236],[99.868254,14.625176],[99.867467,14.62738],[99.859222,14.629291],[99.856077,14.633371],[99.858129,14.633898],[99.859966,14.641329],[99.863931,14.640072],[99.866024,14.651789],[99.871442,14.650297],[99.873359,14.652162],[99.875659,14.651235],[99.881377,14.651782],[99.881808,14.649679],[99.884351,14.65045],[99.889419,14.645419],[99.895151,14.642547],[99.893382,14.640809],[99.893287,14.63676],[99.891516,14.636187],[99.889137,14.631654],[99.889952,14.627909],[99.887278,14.620641],[99.890232,14.619824],[99.885552,14.612261],[99.882251,14.61177],[99.882622,14.609886],[99.879927,14.609892],[99.879906,14.609422],[99.877988,14.609518],[99.878002,14.609878],[99.879386,14.61215],[99.878404,14.612703],[99.879527,14.616091],[99.876504,14.616693],[99.876332,14.61587],[99.87443,14.616388],[99.873738,14.613867],[99.873366,14.61403],[99.868304,14.616244]]]]},"bbox":[99.856077,14.609334,99.895151,14.652162]},{"type":"Feature","id":"75f68e24-61db-4238-af93-9eb41f19eb5b","properties":{"id":"75f68e24-61db-4238-af93-9eb41f19eb5b","code":"05720702","provinceCode":"72","nameTh":"เทศบาลตำบล ทุ่งคอก","nameEn":null,"geometryType":"MUNICIPALITY","sourceUrl":"https://landometer.com/api/v2/citymeter-v3/grocery/info/geom/75f68e24-61db-4238-af93-9eb41f19eb5b/MUNICIPALITY","sourceSha256":"73e5446a6f87e9ce1f0a87524a9d3367c48be6ca5110d3beb50cafb740b6b48d","retrievedAt":"2026-10-04T05:44:17.795637+00:00","boundaryVintage":null,"geometryStatus":"native_source_polygon_display_simplified","simplificationToleranceDegrees":0.00015,"simplificationPreservesTopology":true,"invalidSourceRepair":"make_valid; retain polygonal components; discard zero-area collapsed lines","legalBoundaryIndependentlyVerified":false,"areaId":"75f68e24-61db-4238-af93-9eb41f19eb5b"},"geometry":{"type":"Polygon","coordinates":[[[99.942195,14.19232],[99.944955,14.187861],[99.951467,14.187091],[99.952339,14.184411],[99.951592,14.181069],[99.948859,14.180035],[99.946574,14.1735],[99.945315,14.172633],[99.942017,14.174204],[99.941248,14.171837],[99.934404,14.175365],[99.935457,14.177595],[99.930676,14.181113],[99.931735,14.18256],[99.929139,14.18369],[99.930784,14.185104],[99.928402,14.186924],[99.929474,14.188525],[99.932983,14.188018],[99.931663,14.191331],[99.936865,14.190105],[99.93806,14.192423],[99.942195,14.19232]]]},"bbox":[99.928402,14.171837,99.952339,14.192423]},{"type":"Feature","id":"97b499bb-3fba-4ccc-bb0c-da47e9cd7409","properties":{"id":"97b499bb-3fba-4ccc-bb0c-da47e9cd7409","code":"05720801","provinceCode":"72","nameTh":"เทศบาลตำบล สามชุก","nameEn":null,"geometryType":"MUNICIPALITY","sourceUrl":"https://landometer.com/api/v2/citymeter-v3/grocery/info/geom/97b499bb-3fba-4ccc-bb0c-da47e9cd7409/MUNICIPALITY","sourceSha256":"f4be6cb3cb8653cd33c0961d4cdedc13002168828ae612ddcee162d3c6bf4c8c","retrievedAt":"2026-10-04T05:44:17.787486+00:00","boundaryVintage":null,"geometryStatus":"native_source_polygon_display_simplified","simplificationToleranceDegrees":0.00015,"simplificationPreservesTopology":true,"invalidSourceRepair":"make_valid; retain polygonal components; discard zero-area collapsed lines","legalBoundaryIndependentlyVerified":false,"areaId":"97b499bb-3fba-4ccc-bb0c-da47e9cd7409"},"geometry":{"type":"MultiPolygon","coordinates":[[[[100.087007,14.790828],[100.087054,14.790757],[100.087147,14.790644],[100.087179,14.790615],[100.087294,14.790509],[100.087367,14.790359],[100.087377,14.79034],[100.087416,14.790304],[100.087522,14.790247],[100.087714,14.790145],[100.08773,14.790136],[100.087947,14.790021],[100.087955,14.790015],[100.087976,14.790002],[100.08799,14.789993],[100.087992,14.789989],[100.088052,14.78991],[100.088066,14.789881],[100.088096,14.789816],[100.088117,14.789735],[100.088084,14.789526],[100.088061,14.78938],[100.088051,14.789315],[100.087994,14.788902],[100.087962,14.788716],[100.08793,14.788529],[100.087915,14.788464],[100.087909,14.788442],[100.088112,14.788386],[100.088413,14.788329],[100.088472,14.788325],[100.08882,14.788302],[100.08883822857143,14.78830262857143],[100.088831,14.788302],[100.088849,14.788303],[100.08918,14.788324],[100.089646,14.788382],[100.090131,14.788471],[100.090479,14.788553],[100.090802,14.788655],[100.091119,14.788774],[100.091424,14.788911],[100.091617,14.789037],[100.091747,14.789144],[100.091829,14.789211],[100.09206,14.78941],[100.092298,14.789639],[100.092311,14.789651],[100.092596,14.789896],[100.09282,14.790064],[100.093063,14.79022],[100.093305,14.790346],[100.093574,14.790424],[100.09376,14.79046],[100.093849,14.790476],[100.093867,14.79048],[100.094011,14.790507],[100.094129,14.790516],[100.094433,14.79054],[100.09524,14.790522],[100.095297,14.790521],[100.095587,14.790514],[100.095953,14.790505],[100.096141,14.790482],[100.09629,14.790464],[100.096433,14.790446],[100.096843,14.790371],[100.09714,14.79034],[100.097147,14.79034],[100.097169,14.790339],[100.09738,14.790333],[100.097408,14.790332],[100.09741,14.790332],[100.097638,14.790343],[100.09783,14.790373],[100.098153,14.790456],[100.098369,14.790519],[100.098517,14.790562],[100.099287,14.790808],[100.099454,14.790861],[100.099964,14.791024],[100.100843,14.791326],[100.10116,14.791436],[100.101922,14.791741],[100.102348,14.791911],[100.102492,14.791977],[100.103316,14.792351],[100.103719,14.792535],[100.104088,14.792729],[100.104121,14.792746],[100.104126,14.79274],[100.104146,14.792713],[100.104215,14.792624],[100.104391,14.792395],[100.104428,14.792344],[100.104457,14.792295],[100.104458,14.792292],[100.104477,14.792246],[100.104492,14.792177],[100.104495,14.792151],[100.104498,14.792119],[100.104499,14.792103],[100.104503,14.792047],[100.104507,14.791998],[100.104508,14.791994],[100.104517,14.791954],[100.104524,14.791932],[100.104544,14.791889],[100.104554,14.791873],[100.104573,14.791842],[100.104598,14.79181],[100.104626,14.791784],[100.104661,14.79175],[100.104849,14.791606],[100.104876,14.791581],[100.104895,14.791559],[100.104897,14.791555],[100.104904,14.791546],[100.104912,14.791533],[100.104925,14.7915],[100.104926,14.791495],[100.104931,14.79147],[100.104931,14.791462],[100.10493,14.791422],[100.104919,14.791345],[100.10489,14.791126],[100.10489,14.79109],[100.10489,14.791069],[100.104893,14.791048],[100.104895,14.79104],[100.104896,14.791033],[100.104907,14.791002],[100.104909,14.790998],[100.104937,14.790953],[100.104945,14.790941],[100.104949,14.790936],[100.105005,14.790875],[100.105048,14.790829],[100.105334,14.790571],[100.105806,14.790146],[100.105875,14.790084],[100.106071,14.789922],[100.106097,14.789901],[100.106064,14.789677],[100.106034,14.789477],[100.106005,14.789197],[100.105977,14.788988],[100.105963,14.788797],[100.105939,14.788149],[100.105939,14.788148],[100.105956,14.788145],[100.105977,14.788142],[100.106306,14.788086],[100.106256,14.788094],[100.106361,14.787227],[100.116335,14.764841],[100.116325,14.752564],[100.117304,14.752512],[100.117286,14.752471],[100.115633,14.752546],[100.113538,14.742384],[100.118213,14.740233],[100.115594,14.73573],[100.108869,14.729809],[100.111524,14.728426],[100.110946,14.725354],[100.113683,14.723576],[100.113638,14.720816],[100.105268,14.713902],[100.095153,14.714689],[100.096926,14.72192],[100.083721,14.720266],[100.081529,14.721795],[100.079437,14.726907],[100.081217,14.730134],[100.082517,14.733208],[100.081921,14.733482],[100.082167,14.733927],[100.083491,14.734259],[100.084622,14.73631],[100.085219,14.750366],[100.08206,14.755667],[100.071146,14.753711],[100.070646,14.759581],[100.068198,14.7591],[100.065636,14.771577],[100.063837,14.771187],[100.063229,14.774321],[100.060371,14.77391],[100.061688,14.775866],[100.061042,14.779922],[100.063548,14.780079],[100.06389,14.780126],[100.066416,14.783919],[100.066438,14.783886],[100.066488,14.783941],[100.066683,14.783525],[100.067273,14.782657],[100.073174,14.785278],[100.07384,14.783859],[100.076585,14.784511],[100.077159,14.798556],[100.083843,14.792897],[100.087812,14.79262],[100.0878,14.792413],[100.087799,14.792359],[100.087799,14.792348],[100.087782,14.792004],[100.08776,14.791862],[100.087744,14.791807],[100.087725,14.79176],[100.087667,14.791675],[100.087646,14.791652],[100.087594,14.791596],[100.087574,14.791578],[100.087497,14.791506],[100.08731,14.79133],[100.087182,14.791213],[100.087057,14.791081],[100.087028,14.791044],[100.087004,14.790999],[100.086991,14.790945],[100.086994,14.790874],[100.087007,14.790828]]],[[[100.088854,14.788304],[100.088849,14.788303],[100.08883822857143,14.78830262857143],[100.088854,14.788304]]]]},"bbox":[100.060371,14.713902,100.118213,14.798556]},{"type":"Feature","id":"9b8bcfd6-dc4c-41e2-b13f-a0a433350e16","properties":{"id":"9b8bcfd6-dc4c-41e2-b13f-a0a433350e16","code":"05720901","provinceCode":"72","nameTh":"เทศบาลตำบล จรเข้สามพัน","nameEn":null,"geometryType":"MUNICIPALITY","sourceUrl":"https://landometer.com/api/v2/citymeter-v3/grocery/info/geom/9b8bcfd6-dc4c-41e2-b13f-a0a433350e16/MUNICIPALITY","sourceSha256":"473d9a32ba7b590a7ae2c48f50e56d1b3158cf93fcdd4abbdf47a90ce4943d10","retrievedAt":"2026-10-04T05:44:17.799401+00:00","boundaryVintage":null,"geometryStatus":"native_source_polygon_display_simplified","simplificationToleranceDegrees":0.00015,"simplificationPreservesTopology":true,"invalidSourceRepair":"make_valid; retain polygonal components; discard zero-area collapsed lines","legalBoundaryIndependentlyVerified":false,"areaId":"9b8bcfd6-dc4c-41e2-b13f-a0a433350e16"},"geometry":{"type":"MultiPolygon","coordinates":[[[[99.822884,14.253919],[99.823149,14.254401],[99.824322,14.254129],[99.823116,14.254863],[99.822903,14.255695],[99.821642,14.257114],[99.821518,14.258633],[99.820946,14.260906],[99.823227,14.261078],[99.822683,14.261515],[99.823902,14.262879],[99.823824,14.26369],[99.824238,14.264422],[99.833566,14.272161],[99.832415,14.272244],[99.832462,14.27304],[99.832824,14.273753],[99.832283,14.274104],[99.8325,14.274372],[99.831134,14.275058],[99.828779,14.275086],[99.828479,14.275316],[99.829053,14.279189],[99.829793,14.280442],[99.826667,14.282378],[99.826824,14.283283],[99.82751,14.283954],[99.825023,14.284015],[99.824883,14.285918],[99.824398,14.286146],[99.824607,14.289818],[99.823699,14.291821],[99.82334,14.293335],[99.822007,14.29476],[99.820614,14.295781],[99.820127,14.300185],[99.817573,14.3033],[99.816271,14.306342],[99.813229,14.309483],[99.811168,14.315305],[99.81045,14.315616],[99.808449,14.315193],[99.807856,14.315301],[99.793698,14.325868],[99.806695,14.325989],[99.807049,14.327578],[99.805079,14.329965],[99.804443,14.331504],[99.807593,14.332804],[99.808865,14.336138],[99.80957,14.33903],[99.810369,14.340665],[99.808812,14.341184],[99.81115,14.346327],[99.810046,14.347124],[99.812074,14.350648],[99.813864,14.35094],[99.814947,14.35052],[99.816039,14.352275],[99.81881,14.351892],[99.819544,14.350916],[99.821998,14.350043],[99.822007,14.350102],[99.82202,14.350179],[99.822046,14.350346],[99.822315,14.351772],[99.822584,14.353043],[99.821255,14.357827],[99.821669,14.360513],[99.821997,14.361118],[99.824425,14.363626],[99.825756,14.36559],[99.825852,14.366051],[99.825598,14.366665],[99.824252,14.367773],[99.823721,14.368599],[99.824288,14.370086],[99.824401,14.372554],[99.82104,14.375499],[99.818937,14.376819],[99.817925,14.378055],[99.817756,14.379014],[99.818148,14.380461],[99.818837,14.381146],[99.818751,14.382249],[99.818621,14.383188],[99.817384,14.383509],[99.818156,14.385334],[99.818168,14.385868],[99.821531,14.38527],[99.826393,14.386411],[99.826129,14.388087],[99.826172,14.393724],[99.825475,14.394236],[99.824479,14.396072],[99.824515,14.397516],[99.823982,14.398113],[99.824552,14.39857],[99.824517,14.400145],[99.824488,14.40048],[99.82440405183586,14.400795323974075],[99.824408,14.40082],[99.827244,14.401196],[99.83059,14.395909],[99.834605,14.395246],[99.836453,14.397248],[99.845511,14.397747],[99.846245,14.3988],[99.846192,14.355446],[99.858182,14.355386],[99.865398,14.358981],[99.87031,14.356437],[99.869873,14.353834],[99.875637,14.351824],[99.87819,14.344702],[99.886843,14.34427],[99.887265,14.338146],[99.884349,14.338591],[99.886304,14.336034],[99.88889,14.322566],[99.886745,14.320354],[99.887406,14.317849],[99.883803,14.317664],[99.88308,14.315539],[99.885915,14.308853],[99.884783,14.308961],[99.884914,14.308653],[99.881159,14.309306],[99.88164,14.304942],[99.878358,14.305391],[99.875586,14.303566],[99.869274,14.303761],[99.865774,14.307352],[99.862508,14.306673],[99.862053,14.305296],[99.863572,14.305018],[99.861161,14.299533],[99.857787,14.299814],[99.855414,14.293079],[99.861205,14.294627],[99.861384,14.287484],[99.855883,14.28292],[99.856384,14.278709],[99.85914,14.278067],[99.856409,14.265854],[99.851752,14.26172],[99.850566,14.255671],[99.845673,14.256506],[99.845568,14.255163],[99.842624,14.255118],[99.839147,14.252022],[99.838233,14.246387],[99.833219,14.246474],[99.831468,14.239999],[99.837641,14.238094],[99.83261,14.234762],[99.832503,14.23274],[99.835583,14.232104],[99.835446,14.229129],[99.837909,14.229122],[99.837993,14.22651],[99.835983,14.226209],[99.8356,14.224561],[99.835893,14.218323],[99.835268,14.218562],[99.832404,14.218569],[99.831082,14.218875],[99.824809,14.217373],[99.824181,14.217457],[99.821576,14.2189],[99.821163,14.22068],[99.819181,14.223232],[99.818231,14.225732],[99.813561,14.226161],[99.813848,14.22882],[99.812907,14.228792],[99.812257,14.229652],[99.810988,14.230454],[99.811817,14.23156],[99.813277,14.234892],[99.815227,14.235568],[99.814975,14.236432],[99.814232,14.236495],[99.814218,14.237708],[99.814951,14.237331],[99.815371,14.23835],[99.815108,14.238594],[99.815569,14.241654],[99.816212,14.242527],[99.817043,14.242933],[99.81644,14.246606],[99.818005,14.246992],[99.81772,14.248015],[99.819879,14.249815],[99.821384,14.249508],[99.821473,14.250329],[99.822123,14.250335],[99.82304,14.253078],[99.822585,14.253435],[99.822648,14.254005],[99.822884,14.253919]],[[99.821999,14.350046],[99.82201,14.350119],[99.822007,14.350102],[99.821999,14.350046]]],[[[99.824394,14.400822],[99.82440405183586,14.400795323974075],[99.824404,14.400795],[99.824394,14.400822]]]]},"bbox":[99.793698,14.217326,99.88889,14.401196]},{"type":"Feature","id":"f4998641-9627-4e17-a2bb-1ceccc127180","properties":{"id":"f4998641-9627-4e17-a2bb-1ceccc127180","code":"05720902","provinceCode":"72","nameTh":"เทศบาลตำบล สระยายโสม","nameEn":null,"geometryType":"MUNICIPALITY","sourceUrl":"https://landometer.com/api/v2/citymeter-v3/grocery/info/geom/f4998641-9627-4e17-a2bb-1ceccc127180/MUNICIPALITY","sourceSha256":"327bf81ddd25bbf0dec687b97a527b77e57a29d378729b451bd1092e040968f4","retrievedAt":"2026-10-04T05:44:17.805314+00:00","boundaryVintage":null,"geometryStatus":"native_source_polygon_display_simplified","simplificationToleranceDegrees":0.00015,"simplificationPreservesTopology":true,"invalidSourceRepair":"make_valid; retain polygonal components; discard zero-area collapsed lines","legalBoundaryIndependentlyVerified":false,"areaId":"f4998641-9627-4e17-a2bb-1ceccc127180"},"geometry":{"type":"Polygon","coordinates":[[[99.890616,14.277405],[99.889171,14.275955],[99.884207,14.287836],[99.896143,14.292578],[99.901221,14.280542],[99.890616,14.277405]]]},"bbox":[99.884207,14.275955,99.901221,14.292578]},{"type":"Feature","id":"fe236d32-cff6-416e-9b04-ae4708604ffd","properties":{"id":"fe236d32-cff6-416e-9b04-ae4708604ffd","code":"05720903","provinceCode":"72","nameTh":"เทศบาลตำบล อู่ทอง","nameEn":null,"geometryType":"MUNICIPALITY","sourceUrl":"https://landometer.com/api/v2/citymeter-v3/grocery/info/geom/fe236d32-cff6-416e-9b04-ae4708604ffd/MUNICIPALITY","sourceSha256":"71f956dc60939f7e52d0561f97b3cfba6126854c8528516e81fad54ca8acae42","retrievedAt":"2026-10-04T05:44:17.802312+00:00","boundaryVintage":null,"geometryStatus":"native_source_polygon_display_simplified","simplificationToleranceDegrees":0.00015,"simplificationPreservesTopology":true,"invalidSourceRepair":"make_valid; retain polygonal components; discard zero-area collapsed lines","legalBoundaryIndependentlyVerified":false,"areaId":"fe236d32-cff6-416e-9b04-ae4708604ffd"},"geometry":{"type":"Polygon","coordinates":[[[99.902155,14.378212],[99.903286,14.380071],[99.905603,14.378988],[99.904043,14.37448],[99.901731,14.373132],[99.906078,14.370795],[99.907017,14.37089],[99.906986,14.37063],[99.905197,14.370385],[99.90504,14.36949],[99.905112,14.370261],[99.8936,14.367533],[99.886513,14.370664],[99.890804,14.382303],[99.902155,14.378212]]]},"bbox":[99.886513,14.367533,99.907017,14.382303]},{"type":"Feature","id":"dae09fc7-9c4e-4d1d-bdf7-0cf638f1fd3e","properties":{"id":"dae09fc7-9c4e-4d1d-bdf7-0cf638f1fd3e","code":"05720904","provinceCode":"72","nameTh":"เทศบาลตำบล กระจัน","nameEn":null,"geometryType":"MUNICIPALITY","sourceUrl":"https://landometer.com/api/v2/citymeter-v3/grocery/info/geom/dae09fc7-9c4e-4d1d-bdf7-0cf638f1fd3e/MUNICIPALITY","sourceSha256":"5c9e1827d8aaf35419e7a649827aaf9ce150831d179a0d7b3dab5239d894b161","retrievedAt":"2026-10-04T05:44:17.802231+00:00","boundaryVintage":null,"geometryStatus":"native_source_polygon_display_simplified","simplificationToleranceDegrees":0.00015,"simplificationPreservesTopology":true,"invalidSourceRepair":"make_valid; retain polygonal components; discard zero-area collapsed lines","legalBoundaryIndependentlyVerified":false,"areaId":"dae09fc7-9c4e-4d1d-bdf7-0cf638f1fd3e"},"geometry":{"type":"Polygon","coordinates":[[[99.948867,14.389257],[99.94899,14.37427],[99.944163,14.372446],[99.942894,14.363676],[99.949748,14.356119],[99.948688,14.355795],[99.948714,14.352216],[99.949995,14.352366],[99.947383,14.346512],[99.945984,14.347018],[99.945108,14.344892],[99.940863,14.34613],[99.935952,14.343633],[99.925921,14.343826],[99.924024,14.345531],[99.923569,14.344442],[99.913461,14.346532],[99.908338,14.350997],[99.908436,14.352448],[99.902339,14.354019],[99.905197,14.370385],[99.91437,14.371641],[99.917115,14.374388],[99.917966,14.372096],[99.919838,14.372013],[99.919258,14.378163],[99.920862,14.380132],[99.918955,14.382424],[99.920537,14.386196],[99.91813,14.385644],[99.917176,14.386851],[99.920204,14.388995],[99.918476,14.389524],[99.918617,14.39191],[99.92037,14.391196],[99.923271,14.399896],[99.927014,14.399065],[99.927858,14.40133],[99.930715,14.402589],[99.940746,14.397565],[99.940582,14.392064],[99.943557,14.393619],[99.948867,14.389257]]]},"bbox":[99.902339,14.343633,99.949995,14.402589]},{"type":"Feature","id":"f9bfd4ac-108f-45b6-bb9d-8cec0e6090ab","properties":{"id":"f9bfd4ac-108f-45b6-bb9d-8cec0e6090ab","code":"05720905","provinceCode":"72","nameTh":"เทศบาลตำบล บ้านโข้ง","nameEn":null,"geometryType":"MUNICIPALITY","sourceUrl":"https://landometer.com/api/v2/citymeter-v3/grocery/info/geom/f9bfd4ac-108f-45b6-bb9d-8cec0e6090ab/MUNICIPALITY","sourceSha256":"c519821393a0d14042ef6127e05d400acda36750ee940e6ae4cbd097443d267c","retrievedAt":"2026-10-04T05:44:17.825819+00:00","boundaryVintage":null,"geometryStatus":"native_source_polygon_display_simplified","simplificationToleranceDegrees":0.00015,"simplificationPreservesTopology":true,"invalidSourceRepair":"make_valid; retain polygonal components; discard zero-area collapsed lines","legalBoundaryIndependentlyVerified":false,"areaId":"f9bfd4ac-108f-45b6-bb9d-8cec0e6090ab"},"geometry":{"type":"Polygon","coordinates":[[[99.821553,14.632703],[99.821906,14.63185],[99.822323,14.631902],[99.822619,14.631504],[99.823325,14.631568],[99.823481,14.630647],[99.82474,14.630405],[99.82541,14.629963],[99.826004,14.629142],[99.825957,14.62868],[99.826857,14.628414],[99.82699,14.628807],[99.827394,14.628785],[99.827091,14.628088],[99.82669,14.627918],[99.826723,14.627603],[99.827828,14.626435],[99.828445,14.626314],[99.828325,14.62577],[99.829045,14.625548],[99.829033,14.624722],[99.828698,14.624639],[99.828713,14.624139],[99.829633,14.623681],[99.830114,14.622761],[99.830879,14.622605],[99.83057,14.621921],[99.831539,14.621197],[99.831243,14.620618],[99.83144,14.620009],[99.831293,14.61951],[99.83164,14.619295],[99.832397,14.619321],[99.832431,14.618463],[99.833201,14.618545],[99.833156,14.617627],[99.833517,14.617411],[99.834111,14.617561],[99.837738,14.616891],[99.838034,14.617529],[99.838677,14.61747],[99.83935,14.61592],[99.842667,14.615715],[99.842888,14.615327],[99.842137,14.612889],[99.845283,14.610614],[99.849435,14.609901],[99.850867,14.609883],[99.851096,14.610418],[99.852225,14.609823],[99.854179,14.609428],[99.85775,14.609726],[99.859613,14.610631],[99.86121,14.610933],[99.867844,14.609816],[99.867951,14.61375],[99.87026,14.612871],[99.870284,14.613666],[99.873145,14.612953],[99.873004,14.614131],[99.873738,14.613865],[99.87443,14.616388],[99.876332,14.61587],[99.876504,14.616693],[99.879527,14.616091],[99.878404,14.612703],[99.879386,14.61215],[99.878002,14.609878],[99.877988,14.609518],[99.879906,14.609422],[99.879927,14.609892],[99.882608,14.609889],[99.884042,14.607067],[99.885896,14.606737],[99.886366,14.608693],[99.886984,14.610093],[99.889166,14.609078],[99.891851,14.611041],[99.892777,14.610535],[99.894216,14.60875],[99.89203,14.603388],[99.893567,14.602756],[99.89413,14.601362],[99.895435,14.60133],[99.895534,14.600175],[99.897012,14.599898],[99.899248,14.59986],[99.90361,14.601193],[99.904241,14.600073],[99.905567,14.599698],[99.909127,14.600113],[99.911027,14.599861],[99.911959,14.599665],[99.913072,14.598961],[99.915093,14.598565],[99.916191,14.598013],[99.917505,14.59581],[99.918707,14.594946],[99.917843,14.59082],[99.918772,14.590832],[99.918825,14.590348],[99.918587,14.590005],[99.918919,14.589194],[99.917952,14.585791],[99.918268,14.5847],[99.917704,14.584007],[99.919236,14.583176],[99.921149,14.582564],[99.920766,14.582053],[99.922274,14.581084],[99.926621,14.579465],[99.925386,14.572875],[99.922532,14.572983],[99.921909,14.571549],[99.922092,14.570951],[99.924277,14.570453],[99.924469,14.570903],[99.925385,14.5716],[99.925737,14.572286],[99.929716,14.569999],[99.928569,14.566843],[99.92899,14.566703],[99.928943,14.56564],[99.928251,14.565645],[99.928074,14.565322],[99.92678,14.565631],[99.925888,14.562191],[99.926341,14.562067],[99.926059,14.560826],[99.924285,14.560613],[99.92432,14.559125],[99.924764,14.558862],[99.92575,14.556111],[99.926835,14.556234],[99.927543,14.555594],[99.927378,14.547381],[99.927114,14.547095],[99.927087,14.546558],[99.924199,14.546752],[99.924368,14.548251],[99.919927,14.550124],[99.919922,14.553032],[99.920727,14.553088],[99.920797,14.553348],[99.920271,14.553663],[99.917527,14.552953],[99.917925,14.551185],[99.914512,14.55026],[99.923829,14.545622],[99.922485,14.542449],[99.917924,14.544097],[99.918532,14.545894],[99.91155,14.549793],[99.912617,14.547314],[99.91066,14.547039],[99.910518,14.544434],[99.907465,14.543205],[99.901824,14.542624],[99.90176,14.544626],[99.898071,14.545932],[99.894955,14.544034],[99.894971,14.542368],[99.89295,14.543394],[99.881767,14.540309],[99.879607,14.5362],[99.865525,14.535819],[99.864909,14.533832],[99.85986,14.532941],[99.858587,14.534994],[99.860406,14.536327],[99.859938,14.538859],[99.857614,14.539982],[99.859865,14.544263],[99.853086,14.546417],[99.852276,14.554928],[99.844749,14.558253],[99.839241,14.557074],[99.832743,14.564667],[99.821265,14.565],[99.819765,14.564451],[99.813848,14.555862],[99.809691,14.539735],[99.805906,14.541128],[99.803638,14.542301],[99.800907,14.543133],[99.80131,14.544951],[99.794856,14.546285],[99.795075,14.550405],[99.794014,14.550513],[99.793663,14.551643],[99.792985,14.552712],[99.793151,14.553624],[99.793814,14.553595],[99.793837,14.554017],[99.793561,14.554035],[99.79365,14.555028],[99.794645,14.555206],[99.79512,14.557572],[99.794747,14.557669],[99.7949,14.558606],[99.794506,14.560949],[99.793892,14.561393],[99.79349,14.562079],[99.793516,14.563461],[99.793298,14.564138],[99.794036,14.564432],[99.794838,14.564005],[99.796053,14.563837],[99.797135,14.563074],[99.798459,14.563086],[99.798509,14.565191],[99.799937,14.571676],[99.799678,14.57275],[99.798489,14.573906],[99.798383,14.574511],[99.800187,14.579161],[99.801037,14.581762],[99.801808,14.58541],[99.802303,14.586454],[99.802813,14.588718],[99.802436,14.588929],[99.802547,14.590929],[99.802764,14.591756],[99.803242,14.591747],[99.803493,14.59437],[99.802782,14.594512],[99.803469,14.59578],[99.80346,14.596151],[99.803125,14.596113],[99.803127,14.596431],[99.80234,14.596482],[99.802139,14.59594],[99.801587,14.59565],[99.80061,14.595924],[99.800176,14.599659],[99.800669,14.599713],[99.800595,14.601598],[99.799703,14.602029],[99.797566,14.602246],[99.797743,14.604932],[99.798282,14.605207],[99.798692,14.607262],[99.799096,14.607724],[99.797891,14.607972],[99.79852,14.613062],[99.798302,14.613255],[99.798294,14.61436],[99.798082,14.614679],[99.79811,14.616863],[99.79881,14.618114],[99.799441,14.618735],[99.799674,14.621033],[99.800242,14.623496],[99.801181,14.623343],[99.801465,14.624991],[99.802061,14.624979],[99.802221,14.625907],[99.803417,14.625476],[99.804624,14.627198],[99.80634,14.626422],[99.808358,14.626047],[99.808362,14.625872],[99.80933,14.625746],[99.809352,14.626678],[99.81387,14.625844],[99.813804,14.626307],[99.813107,14.626617],[99.813457,14.627777],[99.814011,14.627605],[99.814106,14.627838],[99.815436,14.62725],[99.815534,14.628353],[99.815923,14.628304],[99.815969,14.628766],[99.818005,14.628506],[99.816941,14.631304],[99.817218,14.632167],[99.818371,14.63229],[99.81843,14.635526],[99.820938,14.635115],[99.821292,14.635298],[99.822286,14.634578],[99.82246,14.633997],[99.821753,14.633501],[99.821553,14.632703]]]},"bbox":[99.792985,14.532941,99.929716,14.635526]},{"type":"Feature","id":"dd2f16ed-c320-4f65-926f-11f24ecd7e86","properties":{"id":"dd2f16ed-c320-4f65-926f-11f24ecd7e86","code":"05720906","provinceCode":"72","nameTh":"เทศบาลตำบล ท้าวอู่ทอง","nameEn":null,"geometryType":"MUNICIPALITY","sourceUrl":"https://landometer.com/api/v2/citymeter-v3/grocery/info/geom/dd2f16ed-c320-4f65-926f-11f24ecd7e86/MUNICIPALITY","sourceSha256":"990d77ed596467e386229ea4d2766c5439604f33c6ca0eb8df177f3ee6b1ac0c","retrievedAt":"2026-10-04T05:44:17.856961+00:00","boundaryVintage":null,"geometryStatus":"native_source_polygon_display_simplified","simplificationToleranceDegrees":0.00015,"simplificationPreservesTopology":true,"invalidSourceRepair":"make_valid; retain polygonal components; discard zero-area collapsed lines","legalBoundaryIndependentlyVerified":false,"areaId":"dd2f16ed-c320-4f65-926f-11f24ecd7e86"},"geometry":{"type":"Polygon","coordinates":[[[99.904423,14.394383],[99.9037,14.391918],[99.911749,14.389304],[99.912422,14.387009],[99.916473,14.38842],[99.917007,14.386729],[99.917177,14.386849],[99.91813,14.385644],[99.920537,14.386196],[99.918955,14.382424],[99.920862,14.380132],[99.919258,14.378163],[99.919838,14.372013],[99.917966,14.372096],[99.917115,14.374388],[99.91437,14.371641],[99.906986,14.37063],[99.907017,14.37089],[99.906078,14.370795],[99.901731,14.373132],[99.904043,14.37448],[99.905603,14.378988],[99.903286,14.380071],[99.902155,14.378212],[99.890804,14.382303],[99.886513,14.370664],[99.8936,14.367533],[99.905112,14.370261],[99.902339,14.354019],[99.90225,14.35123],[99.899126,14.351977],[99.896507,14.349247],[99.895812,14.344],[99.898772,14.342429],[99.898046,14.3392],[99.896813,14.339467],[99.895961,14.337565],[99.893931,14.338211],[99.893075,14.336368],[99.886832,14.344424],[99.886843,14.34427],[99.87819,14.344702],[99.875637,14.351824],[99.869873,14.353834],[99.87031,14.356437],[99.865398,14.358981],[99.858182,14.355386],[99.846192,14.355446],[99.846247,14.399855],[99.848361,14.40183],[99.850699,14.399475],[99.859901,14.399926],[99.864729,14.403633],[99.866679,14.402189],[99.868351,14.406032],[99.87124,14.40402],[99.871844,14.40603],[99.874828,14.405667],[99.885411,14.403184],[99.885627,14.403034],[99.886909,14.398569],[99.904423,14.394383]]]},"bbox":[99.846192,14.336368,99.920862,14.406032]},{"type":"Feature","id":"b77aa185-ab4b-47e3-92e1-c21bd2d47aa6","properties":{"id":"b77aa185-ab4b-47e3-92e1-c21bd2d47aa6","code":"05720907","provinceCode":"72","nameTh":"เทศบาลตำบล บ้านดอน","nameEn":null,"geometryType":"MUNICIPALITY","sourceUrl":"https://landometer.com/api/v2/citymeter-v3/grocery/info/geom/b77aa185-ab4b-47e3-92e1-c21bd2d47aa6/MUNICIPALITY","sourceSha256":"b05f787b59c385f3c1791fb7156083d64c3fc83049ab491ed961979f2911a423","retrievedAt":"2026-10-04T05:44:17.863763+00:00","boundaryVintage":null,"geometryStatus":"native_source_polygon_display_simplified","simplificationToleranceDegrees":0.00015,"simplificationPreservesTopology":true,"invalidSourceRepair":"make_valid; retain polygonal components; discard zero-area collapsed lines","legalBoundaryIndependentlyVerified":false,"areaId":"b77aa185-ab4b-47e3-92e1-c21bd2d47aa6"},"geometry":{"type":"Polygon","coordinates":[[[99.972393,14.333775],[99.970686,14.331529],[99.969804,14.331177],[99.96948,14.326254],[99.970323,14.326202],[99.970251,14.324788],[99.970032,14.324],[99.967864,14.323951],[99.96771,14.321747],[99.969324,14.321608],[99.969088,14.319968],[99.971186,14.320055],[99.971019,14.318943],[99.971532,14.319327],[99.971389,14.318488],[99.969295,14.318678],[99.968597,14.316864],[99.967548,14.313611],[99.969432,14.313228],[99.96905,14.311698],[99.966953,14.3119],[99.966886,14.311543],[99.96468,14.311488],[99.964593,14.310599],[99.963445,14.307506],[99.963794,14.307268],[99.963448,14.306071],[99.964227,14.305599],[99.963349,14.30178],[99.963798,14.301725],[99.963859,14.299422],[99.965249,14.299321],[99.964758,14.29512],[99.964208,14.293966],[99.964207,14.293708],[99.965097,14.292839],[99.965334,14.289273],[99.965002,14.286342],[99.966343,14.285662],[99.961037,14.28349],[99.956637,14.284954],[99.955859,14.283462],[99.951162,14.285611],[99.950853,14.288266],[99.94854,14.288393],[99.946324,14.285033],[99.945231,14.283948],[99.942471,14.28267],[99.937179,14.280798],[99.92749,14.285971],[99.916169,14.289438],[99.912292,14.292809],[99.9124,14.295927],[99.910626,14.296969],[99.909424,14.302122],[99.907327,14.302917],[99.908337,14.305108],[99.910075,14.304564],[99.912109,14.310905],[99.910922,14.316118],[99.912269,14.318516],[99.916635,14.316176],[99.918645,14.317435],[99.919564,14.316928],[99.919989,14.316079],[99.9241,14.323578],[99.927489,14.324181],[99.929314,14.33119],[99.931918,14.33027],[99.934001,14.335277],[99.940301,14.334739],[99.943999,14.330942],[99.950134,14.342121],[99.953186,14.339667],[99.95527,14.341556],[99.954226,14.342653],[99.955366,14.349925],[99.966798,14.341096],[99.972731,14.340862],[99.972533,14.339961],[99.97075,14.337026],[99.970904,14.336464],[99.971796,14.335963],[99.972093,14.335448],[99.972393,14.333775]]]},"bbox":[99.907327,14.280798,99.972731,14.349925]},{"type":"Feature","id":"38c25993-4a25-4b73-b5ef-2c81608a0eef","properties":{"id":"38c25993-4a25-4b73-b5ef-2c81608a0eef","code":"05720908","provinceCode":"72","nameTh":"เทศบาลตำบล ขุนพัดเพ็ง","nameEn":null,"geometryType":"MUNICIPALITY","sourceUrl":"https://landometer.com/api/v2/citymeter-v3/grocery/info/geom/38c25993-4a25-4b73-b5ef-2c81608a0eef/MUNICIPALITY","sourceSha256":"71dc42fac29c193c298fea6494d4ef23773946058cc0ebbf588676858a18aa7b","retrievedAt":"2026-10-04T05:44:17.879413+00:00","boundaryVintage":null,"geometryStatus":"native_source_polygon_display_simplified","simplificationToleranceDegrees":0.00015,"simplificationPreservesTopology":true,"invalidSourceRepair":"make_valid; retain polygonal components; discard zero-area collapsed lines","legalBoundaryIndependentlyVerified":false,"areaId":"38c25993-4a25-4b73-b5ef-2c81608a0eef"},"geometry":{"type":"MultiPolygon","coordinates":[[[[99.83588900000001,14.218323],[99.835889,14.218323],[99.835879,14.218325],[99.83588900000001,14.218323]]],[[[99.863572,14.305018],[99.862053,14.305296],[99.862508,14.306673],[99.865774,14.307352],[99.869274,14.303761],[99.875586,14.303566],[99.878358,14.305391],[99.88164,14.304942],[99.881159,14.309306],[99.884914,14.308653],[99.884783,14.308961],[99.891827,14.308999],[99.89172,14.303713],[99.893075,14.304231],[99.894567,14.299463],[99.899178,14.297953],[99.901452,14.298904],[99.905443,14.303528],[99.909424,14.302122],[99.910626,14.296969],[99.9124,14.295927],[99.912292,14.292809],[99.916169,14.289438],[99.914228,14.28774],[99.915637,14.287172],[99.913405,14.279623],[99.907572,14.277942],[99.904141,14.270695],[99.90272,14.271462],[99.90148,14.269033],[99.899174,14.27135],[99.898448,14.268903],[99.896573,14.269865],[99.896997,14.265376],[99.893315,14.260887],[99.887952,14.258114],[99.885969,14.261634],[99.882311,14.254441],[99.872465,14.248166],[99.871332,14.245529],[99.873442,14.243869],[99.864496,14.238493],[99.860451,14.237778],[99.860152,14.220841],[99.85926,14.220778],[99.855101,14.222438],[99.851454,14.221225],[99.849354,14.221183],[99.848382,14.220521],[99.845843,14.22028],[99.843939,14.219275],[99.842535,14.219358],[99.838697,14.217647],[99.83588900000001,14.218323],[99.835893,14.218323],[99.8356,14.224561],[99.835983,14.226209],[99.837993,14.22651],[99.837909,14.229122],[99.835446,14.229129],[99.835583,14.232104],[99.832503,14.23274],[99.83261,14.234762],[99.837641,14.238094],[99.831468,14.239999],[99.833219,14.246474],[99.838233,14.246387],[99.839147,14.252022],[99.842624,14.255118],[99.845568,14.255163],[99.845673,14.256506],[99.850566,14.255671],[99.851752,14.26172],[99.856409,14.265854],[99.85914,14.278067],[99.856384,14.278709],[99.855883,14.28292],[99.861384,14.287484],[99.861205,14.294627],[99.855414,14.293079],[99.857787,14.299814],[99.861161,14.299533],[99.863572,14.305018]],[[99.889171,14.275955],[99.890616,14.277405],[99.901221,14.280542],[99.896143,14.292578],[99.884207,14.287836],[99.889171,14.275955]]]]},"bbox":[99.831468,14.217644,99.916169,14.309306]},{"type":"Feature","id":"ccc72efe-6f47-4582-baac-5a78c76f302e","properties":{"id":"ccc72efe-6f47-4582-baac-5a78c76f302e","code":"05720909","provinceCode":"72","nameTh":"เทศบาลตำบล เจดีย์","nameEn":null,"geometryType":"MUNICIPALITY","sourceUrl":"https://landometer.com/api/v2/citymeter-v3/grocery/info/geom/ccc72efe-6f47-4582-baac-5a78c76f302e/MUNICIPALITY","sourceSha256":"4047465034e69700aef644054b6638bfc804e2e76e63e06d3952f64d9b1ef71a","retrievedAt":"2026-10-04T05:44:17.889498+00:00","boundaryVintage":null,"geometryStatus":"native_source_polygon_display_simplified","simplificationToleranceDegrees":0.00015,"simplificationPreservesTopology":true,"invalidSourceRepair":"make_valid; retain polygonal components; discard zero-area collapsed lines","legalBoundaryIndependentlyVerified":false,"areaId":"ccc72efe-6f47-4582-baac-5a78c76f302e"},"geometry":{"type":"Polygon","coordinates":[[[99.951525,14.413831],[99.953845,14.41426],[99.954902,14.414016],[99.954254,14.409827],[99.954413,14.406214],[99.954914,14.402129],[99.954193,14.400456],[99.959542,14.396194],[99.962734,14.394486],[99.96453,14.391941],[99.966492,14.390898],[99.969671,14.38804],[99.97042,14.382869],[99.969834,14.379373],[99.968727,14.377523],[99.967584,14.376761],[99.967303,14.376271],[99.966814,14.372872],[99.966172,14.372678],[99.964277,14.372915],[99.963621,14.37278],[99.963193,14.372295],[99.963528,14.370956],[99.965778,14.371095],[99.965821,14.370737],[99.965556,14.370578],[99.966172,14.370614],[99.966354,14.370069],[99.966676,14.370184],[99.966846,14.369721],[99.967211,14.369873],[99.967371,14.369537],[99.967087,14.369414],[99.967289,14.369091],[99.967154,14.36897],[99.967457,14.368513],[99.968295,14.368702],[99.968743,14.367857],[99.970768,14.369151],[99.971075,14.368637],[99.974123,14.367163],[99.975034,14.366383],[99.975442,14.365353],[99.97644,14.365179],[99.976905,14.364679],[99.976914,14.364322],[99.976355,14.363463],[99.975155,14.362498],[99.974856,14.361778],[99.974896,14.361021],[99.976567,14.358862],[99.977557,14.355481],[99.979575,14.352598],[99.979987,14.350987],[99.979514,14.349937],[99.978026,14.349378],[99.977344,14.348688],[99.976092,14.344171],[99.975269,14.342434],[99.975183,14.341718],[99.975423,14.340758],[99.966798,14.341096],[99.955366,14.349925],[99.942894,14.363676],[99.944163,14.372446],[99.94899,14.37427],[99.948867,14.389257],[99.943557,14.393619],[99.940582,14.392064],[99.940746,14.397565],[99.930686,14.402516],[99.9334,14.409215],[99.934669,14.409409],[99.934485,14.414359],[99.938465,14.423197],[99.946059,14.420065],[99.948532,14.425724],[99.951814,14.423181],[99.95094,14.421491],[99.950374,14.421407],[99.949749,14.420388],[99.949257,14.420399],[99.947525,14.417496],[99.951525,14.413831]]]},"bbox":[99.930686,14.340751,99.979993,14.425724]},{"type":"Feature","id":"5bf8b3d8-7eb3-47bc-acbe-5eb8dcd6e500","properties":{"id":"5bf8b3d8-7eb3-47bc-acbe-5eb8dcd6e500","code":"05721001","provinceCode":"72","nameTh":"เทศบาลตำบล หนองหญ้าไซ","nameEn":null,"geometryType":"MUNICIPALITY","sourceUrl":"https://landometer.com/api/v2/citymeter-v3/grocery/info/geom/5bf8b3d8-7eb3-47bc-acbe-5eb8dcd6e500/MUNICIPALITY","sourceSha256":"710900fb0c2c505ddee1dc3b82747026bf96226c6361cb892176bf9997760d89","retrievedAt":"2026-10-04T05:44:17.881571+00:00","boundaryVintage":null,"geometryStatus":"native_source_polygon_display_simplified","simplificationToleranceDegrees":0.00015,"simplificationPreservesTopology":true,"invalidSourceRepair":"make_valid; retain polygonal components; discard zero-area collapsed lines","legalBoundaryIndependentlyVerified":false,"areaId":"5bf8b3d8-7eb3-47bc-acbe-5eb8dcd6e500"},"geometry":{"type":"Polygon","coordinates":[[[99.920335,14.783668],[99.91723,14.777557],[99.902233,14.774899],[99.901305,14.780138],[99.909081,14.78516],[99.920335,14.783668]]]},"bbox":[99.901305,14.774899,99.920335,14.78516]},{"type":"Feature","id":"9953b518-3d54-4d24-a1c8-cb15ca7dcd14","properties":{"id":"9953b518-3d54-4d24-a1c8-cb15ca7dcd14","code":"06720109","provinceCode":"72","nameTh":"องค์การบริหารส่วนตำบล ศาลาขาว","nameEn":null,"geometryType":"MUNICIPALITY","sourceUrl":"https://landometer.com/api/v2/citymeter-v3/grocery/info/geom/9953b518-3d54-4d24-a1c8-cb15ca7dcd14/MUNICIPALITY","sourceSha256":"f3b03b8e87129d06d46cc1ae35d532868d02b9d15b43fe244938752fd2751c26","retrievedAt":"2026-10-04T05:44:17.879899+00:00","boundaryVintage":null,"geometryStatus":"native_source_polygon_display_simplified","simplificationToleranceDegrees":0.00015,"simplificationPreservesTopology":true,"invalidSourceRepair":"make_valid; retain polygonal components; discard zero-area collapsed lines","legalBoundaryIndependentlyVerified":false,"areaId":"9953b518-3d54-4d24-a1c8-cb15ca7dcd14"},"geometry":{"type":"Polygon","coordinates":[[[99.993305,14.467739],[99.992573,14.464914],[99.988086,14.466138],[99.98589,14.461082],[99.98224,14.457493],[99.983184,14.455377],[99.99208,14.453547],[99.991941,14.452411],[99.9917,14.451431],[99.987934,14.451594],[99.986839,14.445289],[99.984288,14.445944],[99.983941,14.443367],[99.980235,14.441459],[99.980718,14.435868],[99.975785,14.428187],[99.982573,14.422253],[99.985672,14.422497],[99.985956,14.420439],[99.98163,14.418485],[99.982528,14.416983],[99.97944336051565,14.416496056911223],[99.982337,14.412369],[99.972334,14.409619],[99.965963,14.403447],[99.957913,14.407561],[99.954556,14.405508],[99.95426,14.41013],[99.954902,14.414016],[99.953845,14.41426],[99.951525,14.413831],[99.94752,14.417528],[99.949257,14.420399],[99.949749,14.420388],[99.950374,14.421407],[99.95094,14.421491],[99.951801,14.423184],[99.953298,14.422458],[99.961172,14.438708],[99.961237,14.439847],[99.960933,14.441063],[99.954962,14.454652],[99.955298,14.45538],[99.955572,14.457533],[99.955072,14.4578],[99.955297,14.460207],[99.954802,14.460559],[99.954753,14.460975],[99.955019,14.461519],[99.955453,14.461734],[99.956486,14.461676],[99.957151,14.462544],[99.957423,14.463373],[99.959289,14.462777],[99.961186,14.46249],[99.96134,14.463896],[99.959703,14.464183],[99.959681,14.464858],[99.960329,14.467353],[99.959875,14.467407],[99.960093,14.469764],[99.961377,14.469724],[99.961573,14.471943],[99.964774,14.47121],[99.965513,14.470796],[99.966562,14.473299],[99.9675,14.473301],[99.967383,14.474351],[99.967691,14.475369],[99.966695,14.476864],[99.966739,14.47736],[99.966942,14.477842],[99.9702,14.476226],[99.973356,14.473911],[99.973607,14.473889],[99.973807,14.474786],[99.985964,14.471908],[99.97995,14.473332],[99.992537,14.472227],[99.994586,14.467854],[99.993305,14.467739]],[[99.97932,14.416672],[99.979443,14.416496],[99.97944336051565,14.416496056911223],[99.97932,14.416672]]]},"bbox":[99.94752,14.403447,99.994586,14.477842]},{"type":"Feature","id":"9be2461c-e8a7-4651-ac81-8e03a5f3f68d","properties":{"id":"9be2461c-e8a7-4651-ac81-8e03a5f3f68d","code":"06720110","provinceCode":"72","nameTh":"องค์การบริหารส่วนตำบล ดอนโพธิ์ทอง","nameEn":null,"geometryType":"MUNICIPALITY","sourceUrl":"https://landometer.com/api/v2/citymeter-v3/grocery/info/geom/9be2461c-e8a7-4651-ac81-8e03a5f3f68d/MUNICIPALITY","sourceSha256":"38de511b005885886c026cda3b9477e6346309d36cfc10c160adf95b3cdc537c","retrievedAt":"2026-10-04T05:44:17.879226+00:00","boundaryVintage":null,"geometryStatus":"native_source_polygon_display_simplified","simplificationToleranceDegrees":0.00015,"simplificationPreservesTopology":true,"invalidSourceRepair":"make_valid; retain polygonal components; discard zero-area collapsed lines","legalBoundaryIndependentlyVerified":false,"areaId":"9be2461c-e8a7-4651-ac81-8e03a5f3f68d"},"geometry":{"type":"Polygon","coordinates":[[[100.062947,14.485242],[100.05939,14.483462],[100.049792,14.468041],[100.051886,14.466014],[100.050384,14.463524],[100.051998,14.452396],[100.050643,14.452353],[100.050075,14.446196],[100.047432,14.444173],[100.04985,14.442918],[100.049634,14.439517],[100.052698,14.438718],[100.051536,14.434829],[100.057095,14.430854],[100.05369,14.426135],[100.053946,14.421915],[100.051692,14.42194],[100.052395,14.417463],[100.050753,14.414332],[100.051983,14.414461],[100.052614,14.41176],[100.049107,14.410394],[100.045787,14.411454],[100.044192,14.408539],[100.047434,14.407081],[100.045268,14.407283],[100.045353,14.407498],[100.044105,14.408127],[100.044417,14.406655],[100.044399,14.405226],[100.043784,14.403653],[100.039909,14.404625],[100.036607,14.40417],[100.036598,14.403777],[100.034924,14.403577],[100.030006,14.404019],[100.029156,14.403042],[100.026039,14.400607],[100.016558,14.402368],[100.015073,14.402506],[100.015232,14.402296],[100.01465,14.401986],[100.012092,14.403012],[100.011956,14.402809],[100.009122,14.403606],[100.005437,14.406535],[100.005277,14.407568],[100.00564,14.407658],[100.005317,14.408033],[100.010431,14.408944],[100.012792,14.417547],[100.017613,14.420435],[100.017756,14.425025],[100.019539,14.424782],[100.021465,14.431698],[100.0239,14.433687],[100.026967,14.440513],[100.031327,14.440763],[100.03008,14.447746],[100.029167,14.44717],[100.029121,14.447427],[100.033125,14.448766],[100.033973,14.454176],[100.032153,14.458631],[100.029913,14.458264],[100.029891,14.461584],[100.029048,14.461944],[100.029862,14.465864],[100.036374,14.466265],[100.036498,14.474394],[100.040052,14.475855],[100.040777,14.478047],[100.040329,14.479945],[100.03793,14.480744],[100.03769,14.483954],[100.040593,14.485001],[100.039662,14.491015],[100.039872,14.491071],[100.040031,14.490192],[100.048884,14.488294],[100.054724,14.49213],[100.056393,14.490505],[100.059469,14.490222],[100.062037,14.486545],[100.061319,14.485996],[100.062947,14.485242]]]},"bbox":[100.005277,14.400607,100.062947,14.49213]},{"type":"Feature","id":"06eff709-46c0-4f96-8d23-ecbfafb2f07f","properties":{"id":"06eff709-46c0-4f96-8d23-ecbfafb2f07f","code":"06720111","provinceCode":"72","nameTh":"องค์การบริหารส่วนตำบล ตลิ่งชัน","nameEn":null,"geometryType":"MUNICIPALITY","sourceUrl":"https://landometer.com/api/v2/citymeter-v3/grocery/info/geom/06eff709-46c0-4f96-8d23-ecbfafb2f07f/MUNICIPALITY","sourceSha256":"ac5c9846477cedde4d49126107209e7b96c13118255fc641fc40ebb0f9d9d687","retrievedAt":"2026-10-04T05:44:17.924006+00:00","boundaryVintage":null,"geometryStatus":"native_source_polygon_display_simplified","simplificationToleranceDegrees":0.00015,"simplificationPreservesTopology":true,"invalidSourceRepair":"make_valid; retain polygonal components; discard zero-area collapsed lines","legalBoundaryIndependentlyVerified":false,"areaId":"06eff709-46c0-4f96-8d23-ecbfafb2f07f"},"geometry":{"type":"Polygon","coordinates":[[[99.959341,14.588719],[99.95984,14.587748],[99.960611,14.587437],[99.963515,14.587617],[99.963913,14.586931],[99.968338,14.585693],[99.970648,14.584441],[99.973153,14.584121],[99.975684,14.584024],[99.976908,14.584201],[99.978238,14.583713],[99.979333,14.583745],[99.98317,14.581428],[99.984203,14.580043],[99.987662,14.579577],[99.991035,14.578296],[99.993063,14.576897],[99.99625,14.575457],[99.996821,14.574729],[99.997639,14.574363],[100.001332,14.575049],[100.002746,14.574966],[100.004387,14.574495],[100.004807,14.573531],[100.00713,14.573161],[100.008283,14.57345],[100.009904,14.573434],[100.012088,14.573073],[100.012747,14.573541],[100.013535,14.574691],[100.015295,14.575074],[100.018697,14.574157],[100.018868,14.574954],[100.025879,14.574102],[100.026113,14.574822],[100.026953,14.574313],[100.030675,14.573605],[100.032869,14.573662],[100.033314,14.575299],[100.03376,14.575947],[100.034691,14.576456],[100.038072,14.576905],[100.038396,14.57663],[100.039054,14.576884],[100.041295,14.576878],[100.0413,14.574925],[100.043392,14.574564],[100.043628,14.574272],[100.044692,14.574071],[100.045537,14.576154],[100.046347,14.576936],[100.047576,14.577361],[100.049264,14.577401],[100.049992,14.575831],[100.050576,14.575889],[100.051362,14.575201],[100.051259,14.575011],[100.052229,14.574301],[100.052597,14.574592],[100.053235,14.57412],[100.053302,14.573735],[100.055402,14.573292],[100.055612,14.573666],[100.056033,14.57357],[100.056117,14.573749],[100.057914,14.573064],[100.058191,14.573545],[100.058598,14.573408],[100.058769,14.573756],[100.059447,14.573555],[100.059574,14.571888],[100.057458,14.567954],[100.058207,14.56459],[100.053836,14.56441],[100.054616,14.559384],[100.051836,14.558308],[100.053129,14.557309],[100.051288,14.55563],[100.050729,14.551556],[100.047318,14.552903],[100.045149,14.550223],[100.045977,14.54987],[100.045636,14.549098],[100.043199,14.548768],[100.036912,14.55149],[100.035017,14.547717],[100.026987,14.544329],[100.025757,14.546411],[100.019853,14.548191],[100.005146,14.548642],[100.00317,14.550015],[100.001,14.549083],[99.98953,14.55161],[99.988427,14.55042],[99.983974,14.552695],[99.981024,14.550704],[99.978969,14.551542],[99.977554,14.550255],[99.979235,14.548508],[99.977828,14.54719],[99.97643,14.548627],[99.975016,14.547309],[99.973152,14.549248],[99.970204,14.54652],[99.966452,14.550403],[99.969437,14.553143],[99.960896,14.561997],[99.968244,14.568609],[99.967756,14.570489],[99.960775,14.574951],[99.939078,14.574538],[99.933134,14.576965],[99.932733,14.574167],[99.925469,14.573277],[99.926621,14.579465],[99.922274,14.581084],[99.920766,14.582053],[99.921149,14.582564],[99.919236,14.583176],[99.917704,14.584007],[99.918268,14.5847],[99.917952,14.585791],[99.918919,14.589194],[99.918587,14.590005],[99.918825,14.590348],[99.918772,14.590832],[99.917843,14.59082],[99.918707,14.594946],[99.919858,14.594657],[99.921354,14.594939],[99.921587,14.595969],[99.922225,14.597169],[99.927365,14.602344],[99.927673,14.604876],[99.928171,14.605605],[99.928529,14.607378],[99.92884,14.610632],[99.930561,14.60962],[99.931425,14.608378],[99.935271,14.604936],[99.93591,14.604254],[99.936217,14.603121],[99.937662,14.6029],[99.938523,14.602148],[99.939883,14.601602],[99.941176,14.59936],[99.942195,14.598353],[99.943444,14.597564],[99.944895,14.596043],[99.946176,14.595389],[99.947843,14.594107],[99.949393,14.59337],[99.953858,14.591958],[99.954619,14.591181],[99.955312,14.589798],[99.956932,14.589434],[99.957879,14.589488],[99.958608,14.588928],[99.959341,14.588719]]]},"bbox":[99.917704,14.544329,100.059574,14.610632]},{"type":"Feature","id":"c79143b4-4c7e-4715-b641-39c035222f3c","properties":{"id":"c79143b4-4c7e-4715-b641-39c035222f3c","code":"06720112","provinceCode":"72","nameTh":"องค์การบริหารส่วนตำบล ไผ่ขวาง","nameEn":null,"geometryType":"MUNICIPALITY","sourceUrl":"https://landometer.com/api/v2/citymeter-v3/grocery/info/geom/c79143b4-4c7e-4715-b641-39c035222f3c/MUNICIPALITY","sourceSha256":"02a6c349e761ee134a1f7070e9be17595af771e42527b22e0b1d50e40c72b87c","retrievedAt":"2026-10-04T05:44:18.072849+00:00","boundaryVintage":null,"geometryStatus":"native_source_polygon_display_simplified","simplificationToleranceDegrees":0.00015,"simplificationPreservesTopology":true,"invalidSourceRepair":"make_valid; retain polygonal components; discard zero-area collapsed lines","legalBoundaryIndependentlyVerified":false,"areaId":"c79143b4-4c7e-4715-b641-39c035222f3c"},"geometry":{"type":"Polygon","coordinates":[[[100.175876,14.496254],[100.176896,14.492884],[100.17927,14.492225],[100.177683,14.491941],[100.177121,14.488901],[100.178414,14.487983],[100.177687,14.487195],[100.177687,14.485722],[100.176554,14.485967],[100.176217,14.481758],[100.172759,14.481861],[100.172327,14.4774],[100.17399,14.478048],[100.177569,14.472652],[100.175514,14.470486],[100.176073,14.468972],[100.172522,14.468524],[100.174347,14.465583],[100.17207,14.463124],[100.172547,14.44988],[100.170311,14.449933],[100.17007,14.448164],[100.168481,14.447444],[100.167453,14.446046],[100.166868,14.443303],[100.156506,14.445705],[100.154811,14.446331],[100.153854,14.449372],[100.151453,14.448527],[100.152661,14.44966],[100.151516,14.450724],[100.143309,14.452468],[100.144132,14.454559],[100.146936,14.454978],[100.145516,14.465166],[100.146987,14.468098],[100.144657,14.47252],[100.13757,14.473987],[100.138208,14.474722],[100.138973,14.480565],[100.144473,14.478768],[100.144814,14.480081],[100.1429,14.480281],[100.142955,14.482905],[100.145701,14.483439],[100.143836,14.486938],[100.144378,14.489347],[100.146762,14.488407],[100.148472,14.49145],[100.145925,14.496778],[100.150939,14.495507],[100.151293,14.496942],[100.154168,14.496607],[100.15541,14.498191],[100.154026,14.500757],[100.155146,14.501141],[100.163001,14.497729],[100.172446,14.499673],[100.172697,14.497366],[100.175876,14.496254]]]},"bbox":[100.13757,14.443303,100.17927,14.501141]},{"type":"Feature","id":"736b9c81-0fbe-4365-9a46-f94f65a6f6bb","properties":{"id":"736b9c81-0fbe-4365-9a46-f94f65a6f6bb","code":"06720113","provinceCode":"72","nameTh":"องค์การบริหารส่วนตำบล สนามคลี","nameEn":null,"geometryType":"MUNICIPALITY","sourceUrl":"https://landometer.com/api/v2/citymeter-v3/grocery/info/geom/736b9c81-0fbe-4365-9a46-f94f65a6f6bb/MUNICIPALITY","sourceSha256":"2652c192e2b40160232f149abf9508735fccb5f5ded12792e260ac20914e5eda","retrievedAt":"2026-10-04T05:44:18.075072+00:00","boundaryVintage":null,"geometryStatus":"native_source_polygon_display_simplified","simplificationToleranceDegrees":0.00015,"simplificationPreservesTopology":true,"invalidSourceRepair":"make_valid; retain polygonal components; discard zero-area collapsed lines","legalBoundaryIndependentlyVerified":false,"areaId":"736b9c81-0fbe-4365-9a46-f94f65a6f6bb"},"geometry":{"type":"Polygon","coordinates":[[[99.968244,14.568609],[99.960896,14.561997],[99.969437,14.553143],[99.966452,14.550403],[99.970204,14.54652],[99.973152,14.549248],[99.975016,14.547309],[99.97643,14.548627],[99.977828,14.54719],[99.979235,14.548508],[99.977554,14.550255],[99.978969,14.551542],[99.981024,14.550704],[99.983974,14.552695],[99.988427,14.55042],[99.98953,14.55161],[100.001,14.549083],[100.00317,14.550015],[100.005146,14.548642],[100.019853,14.548191],[100.025757,14.546411],[100.026987,14.544329],[100.035017,14.547717],[100.036912,14.55149],[100.043199,14.548768],[100.047267,14.549319],[100.045328,14.540118],[100.047428,14.539699],[100.048316,14.53562],[100.043248,14.532836],[100.045416,14.530059],[100.042235,14.524924],[100.039202,14.526781],[100.038481,14.525843],[100.034385,14.513242],[100.034105,14.512895],[100.032355,14.5135],[100.024824,14.514457],[100.025031,14.519225],[100.017403,14.522839],[100.004854,14.523471],[100.003006,14.526947],[99.998207,14.527447],[99.99221,14.524458],[99.987467,14.529342],[99.985171,14.528211],[99.980146,14.533429],[99.97628,14.531062],[99.975111,14.532276],[99.973639,14.53091],[99.974453,14.530057],[99.970815,14.528102],[99.968311,14.530692],[99.964095,14.527615],[99.958099,14.528207],[99.958209,14.528826],[99.957194,14.528359],[99.956403,14.528375],[99.956269,14.529635],[99.956589,14.531096],[99.954784,14.531323],[99.955055,14.532148],[99.955097,14.534145],[99.953469,14.534286],[99.949018,14.533963],[99.950263,14.535404],[99.951379,14.536291],[99.954037,14.537386],[99.954312,14.537462],[99.95419,14.53666],[99.958142,14.536579],[99.957929,14.538297],[99.956052,14.538133],[99.954912,14.539721],[99.955068,14.54],[99.953295,14.540957],[99.954324,14.542691],[99.953492,14.543125],[99.952547,14.541354],[99.951579,14.541881],[99.952561,14.543636],[99.947272,14.546518],[99.94461,14.547887],[99.943697,14.54624],[99.941295,14.547445],[99.944114,14.552181],[99.940847,14.55236],[99.940039,14.547006],[99.938225,14.547608],[99.937791,14.548311],[99.938112,14.5499],[99.937889,14.552388],[99.935782,14.552144],[99.934065,14.552255],[99.934856,14.556577],[99.932813,14.55746],[99.932814,14.558318],[99.930406,14.557797],[99.930598,14.555502],[99.927561,14.555563],[99.927556,14.556106],[99.926448,14.556303],[99.92575,14.556111],[99.924764,14.558862],[99.92432,14.559125],[99.924285,14.560613],[99.926059,14.560826],[99.926341,14.562067],[99.925888,14.562191],[99.92678,14.565631],[99.928074,14.565322],[99.928251,14.565645],[99.928943,14.56564],[99.92899,14.566703],[99.928569,14.566843],[99.929716,14.569999],[99.925737,14.572286],[99.925385,14.5716],[99.924469,14.570903],[99.924277,14.570453],[99.922092,14.570951],[99.921909,14.571549],[99.922416,14.572825],[99.92271,14.573055],[99.925295,14.57281],[99.925469,14.573277],[99.932733,14.574167],[99.933134,14.576965],[99.939078,14.574538],[99.960775,14.574951],[99.967756,14.570489],[99.968244,14.568609]]]},"bbox":[99.921909,14.512895,100.048316,14.576965]},{"type":"Feature","id":"d87f7cb7-8241-4cd9-ac8c-461515f41c0c","properties":{"id":"d87f7cb7-8241-4cd9-ac8c-461515f41c0c","code":"06720114","provinceCode":"72","nameTh":"องค์การบริหารส่วนตำบล สนามชัย","nameEn":null,"geometryType":"MUNICIPALITY","sourceUrl":"https://landometer.com/api/v2/citymeter-v3/grocery/info/geom/d87f7cb7-8241-4cd9-ac8c-461515f41c0c/MUNICIPALITY","sourceSha256":"53106c8f0cdc00d6b367006baa966f2154ab453902b13277b2100a70543226f1","retrievedAt":"2026-10-04T05:44:18.073373+00:00","boundaryVintage":null,"geometryStatus":"native_source_polygon_display_simplified","simplificationToleranceDegrees":0.00015,"simplificationPreservesTopology":true,"invalidSourceRepair":"make_valid; retain polygonal components; discard zero-area collapsed lines","legalBoundaryIndependentlyVerified":false,"areaId":"d87f7cb7-8241-4cd9-ac8c-461515f41c0c"},"geometry":{"type":"Polygon","coordinates":[[[100.130814,14.522626],[100.132052,14.522261],[100.132007,14.523872],[100.132133,14.521194],[100.135097,14.515384],[100.1484,14.517373],[100.151464,14.517336],[100.152443,14.515897],[100.165739,14.517059],[100.165001,14.522553],[100.172422,14.524377],[100.171843,14.510012],[100.172857,14.510339],[100.173099,14.509952],[100.172629,14.509737],[100.174259,14.506503],[100.182619,14.503161],[100.179657,14.50262],[100.173348,14.4978],[100.174009,14.497103],[100.173831,14.49697],[100.172697,14.497366],[100.172446,14.499673],[100.163001,14.497729],[100.155146,14.501141],[100.154026,14.500757],[100.15541,14.498191],[100.154168,14.496607],[100.151293,14.496942],[100.150939,14.495507],[100.145925,14.496778],[100.148472,14.49145],[100.146762,14.488407],[100.144378,14.489347],[100.143836,14.486938],[100.145701,14.483439],[100.142955,14.482905],[100.1429,14.480281],[100.144814,14.480081],[100.144473,14.478768],[100.138973,14.480565],[100.138208,14.474722],[100.13757,14.473987],[100.126291,14.476355],[100.126224,14.47535],[100.125961,14.480811],[100.129126,14.486934],[100.125059,14.490238],[100.128646,14.49307],[100.130066,14.496227],[100.130026,14.496541],[100.128517,14.49827],[100.12381,14.499622],[100.123088,14.498623],[100.121503,14.504961],[100.115736,14.509652],[100.119074,14.516166],[100.114232,14.518827],[100.112913,14.521513],[100.118078,14.528299],[100.120172,14.526374],[100.126693,14.52319],[100.130045,14.523262],[100.130881,14.52141],[100.130814,14.522626]]]},"bbox":[100.112913,14.473987,100.182619,14.528299]},{"type":"Feature","id":"7619f158-9446-462f-9b11-8009f8eedfcb","properties":{"id":"7619f158-9446-462f-9b11-8009f8eedfcb","code":"06720115","provinceCode":"72","nameTh":"องค์การบริหารส่วนตำบล สวนแตง","nameEn":null,"geometryType":"MUNICIPALITY","sourceUrl":"https://landometer.com/api/v2/citymeter-v3/grocery/info/geom/7619f158-9446-462f-9b11-8009f8eedfcb/MUNICIPALITY","sourceSha256":"98c43e222edb9d78c4bd2133e1b3ce17d09c7d42b55e5dc4b0fa74a2ea7935f3","retrievedAt":"2026-10-04T05:44:18.078316+00:00","boundaryVintage":null,"geometryStatus":"native_source_polygon_display_simplified","simplificationToleranceDegrees":0.00015,"simplificationPreservesTopology":true,"invalidSourceRepair":"make_valid; retain polygonal components; discard zero-area collapsed lines","legalBoundaryIndependentlyVerified":false,"areaId":"7619f158-9446-462f-9b11-8009f8eedfcb"},"geometry":{"type":"MultiPolygon","coordinates":[[[[100.001058,14.400184],[99.999619,14.389109],[100.000945,14.388704],[100.002089,14.388009],[100.003877,14.387513],[100.003364,14.385494],[100.00382,14.3834],[100.003853,14.381906],[100.002749,14.381321],[100.002286,14.380416],[100.002543,14.37987],[99.998488,14.380276],[99.998154,14.377644],[99.996771,14.374647],[99.994845,14.374911],[99.99385,14.372981],[99.996252,14.371617],[99.995446,14.369562],[99.995932,14.369304],[99.995305,14.367715],[99.996757,14.366789],[99.996615,14.366209],[99.996005,14.364864],[99.994208,14.362621],[99.993051,14.360531],[99.986868,14.344559],[99.986576,14.344487],[99.986062,14.34295],[99.985609,14.343087],[99.984811,14.341057],[99.984047,14.336717],[99.983622,14.336618],[99.983221,14.336078],[99.982955,14.334146],[99.982257,14.333971],[99.981202,14.334945],[99.980082,14.33694],[99.977671,14.338012],[99.976931,14.338631],[99.975423,14.340758],[99.975213,14.341496],[99.975269,14.342434],[99.976092,14.344171],[99.977344,14.348688],[99.978026,14.349378],[99.979514,14.349937],[99.979987,14.350987],[99.979575,14.352598],[99.977557,14.355481],[99.976567,14.358862],[99.974896,14.361021],[99.974985,14.362181],[99.975327,14.362769],[99.976744,14.363972],[99.976852,14.364804],[99.976219,14.365275],[99.975442,14.365353],[99.97513,14.366243],[99.974372,14.36697],[99.971075,14.368637],[99.970768,14.369151],[99.968743,14.367857],[99.968295,14.368702],[99.967457,14.368513],[99.967154,14.36897],[99.967289,14.369091],[99.967087,14.369414],[99.967371,14.369537],[99.967211,14.369873],[99.966846,14.369721],[99.966676,14.370184],[99.966354,14.370069],[99.966172,14.370614],[99.965556,14.370578],[99.965821,14.370737],[99.965778,14.371095],[99.963528,14.370956],[99.963193,14.372295],[99.963948,14.372897],[99.966172,14.372678],[99.966809,14.372866],[99.967303,14.376271],[99.967584,14.376761],[99.968727,14.377523],[99.969752,14.379167],[99.97042,14.382869],[99.969671,14.38804],[99.966492,14.390898],[99.96453,14.391941],[99.962734,14.394486],[99.959542,14.396194],[99.954256,14.400367],[99.954273,14.401001],[99.954914,14.402129],[99.95456,14.405562],[99.957913,14.407561],[99.965963,14.403447],[99.972334,14.409619],[99.982337,14.412369],[99.979443,14.416496],[99.982528,14.416983],[99.991507,14.401983],[99.993387,14.400598],[99.993059,14.400025],[99.99536,14.399144],[99.998299,14.401613],[100.001058,14.400184]]],[[[100.019539,14.424782],[100.017756,14.425025],[100.017613,14.420435],[100.012792,14.417547],[100.010431,14.408944],[100.005317,14.408033],[100.00564,14.407658],[100.005291,14.407564],[100.002203,14.408375],[100.004539,14.425297],[100.018301,14.443249],[100.01741,14.444465],[100.016965,14.444236],[100.016858,14.444597],[100.020411,14.446903],[100.024201,14.444037],[100.03008,14.447746],[100.031327,14.440763],[100.026967,14.440513],[100.0239,14.433687],[100.021465,14.431698],[100.019539,14.424782]]]]},"bbox":[99.954175,14.333921,100.031327,14.447746]},{"type":"Feature","id":"3b81ea27-f026-414e-b30e-e513589f373e","properties":{"id":"3b81ea27-f026-414e-b30e-e513589f373e","code":"06720116","provinceCode":"72","nameTh":"องค์การบริหารส่วนตำบล โคกโคเฒ่า","nameEn":null,"geometryType":"MUNICIPALITY","sourceUrl":"https://landometer.com/api/v2/citymeter-v3/grocery/info/geom/3b81ea27-f026-414e-b30e-e513589f373e/MUNICIPALITY","sourceSha256":"905d792212fb76d7cd1deefa0460d386a815cff4dccc36652f8b1937f00d5663","retrievedAt":"2026-10-04T05:44:18.076709+00:00","boundaryVintage":null,"geometryStatus":"native_source_polygon_display_simplified","simplificationToleranceDegrees":0.00015,"simplificationPreservesTopology":true,"invalidSourceRepair":"make_valid; retain polygonal components; discard zero-area collapsed lines","legalBoundaryIndependentlyVerified":false,"areaId":"3b81ea27-f026-414e-b30e-e513589f373e"},"geometry":{"type":"Polygon","coordinates":[[[100.246041,14.468655],[100.245676,14.465701],[100.244597,14.461365],[100.244381,14.458777],[100.244729,14.456429],[100.246116,14.453802],[100.243637,14.453437],[100.243651,14.453992],[100.239988,14.454177],[100.239949,14.453178],[100.236932,14.453571],[100.236556,14.452704],[100.234453,14.453348],[100.233413,14.452905],[100.228456,14.451727],[100.224649,14.451883],[100.221717,14.452295],[100.221256,14.449712],[100.221349,14.448696],[100.220672,14.446789],[100.2212,14.444926],[100.218593,14.444037],[100.219986,14.44156],[100.217688,14.44084],[100.218187,14.438643],[100.217926,14.438288],[100.217868,14.436186],[100.214463,14.435984],[100.214096,14.437508],[100.212104,14.437532],[100.212026,14.437814],[100.208256,14.4375],[100.206868,14.439454],[100.20657,14.441172],[100.204423,14.440141],[100.202597,14.440072],[100.202538,14.439436],[100.200724,14.439545],[100.200765,14.439274],[100.198379,14.438853],[100.197632,14.438924],[100.19771,14.439616],[100.195714,14.439543],[100.19287,14.438906],[100.192946,14.438635],[100.192547,14.438479],[100.190881,14.438172],[100.191221,14.436633],[100.190629,14.436543],[100.190676,14.43618],[100.190324,14.436077],[100.190473,14.435102],[100.189211,14.434982],[100.189232,14.434612],[100.185708,14.433975],[100.185183,14.435741],[100.181865,14.43482],[100.181145,14.435414],[100.181153,14.434626],[100.179824,14.434286],[100.178121,14.43427],[100.177836,14.435069],[100.174804,14.434969],[100.172926,14.435588],[100.174814,14.439804],[100.174009,14.444644],[100.167451,14.446037],[100.168481,14.447444],[100.17007,14.448164],[100.170311,14.449933],[100.172547,14.44988],[100.17207,14.463124],[100.174347,14.465583],[100.172522,14.468524],[100.176073,14.468972],[100.17591,14.469414],[100.176882,14.46967],[100.176647,14.470227],[100.181051,14.470766],[100.186161,14.468502],[100.193558,14.468964],[100.205067,14.466225],[100.219376,14.468748],[100.218636,14.473494],[100.22034,14.474398],[100.220317,14.476358],[100.222722,14.476663],[100.222579,14.479749],[100.226943,14.482911],[100.235384,14.479421],[100.237465,14.479668],[100.238564,14.479954],[100.238511,14.480241],[100.240142,14.480593],[100.242327,14.481669],[100.24211,14.482336],[100.242828,14.482611],[100.242964,14.481937],[100.244748,14.4827],[100.24721,14.483295],[100.24713,14.484191],[100.249684,14.485072],[100.250777,14.48392],[100.252976,14.483011],[100.253263,14.482682],[100.253244,14.48016],[100.252347,14.477459],[100.253032,14.476277],[100.250126,14.472459],[100.248892,14.468525],[100.246041,14.468655]]]},"bbox":[100.167451,14.433975,100.253333,14.485072]},{"type":"Feature","id":"4f6b41d1-1e24-4ee3-a954-8253049b3e0a","properties":{"id":"4f6b41d1-1e24-4ee3-a954-8253049b3e0a","code":"06720117","provinceCode":"72","nameTh":"องค์การบริหารส่วนตำบล ดอนกำยาน","nameEn":null,"geometryType":"MUNICIPALITY","sourceUrl":"https://landometer.com/api/v2/citymeter-v3/grocery/info/geom/4f6b41d1-1e24-4ee3-a954-8253049b3e0a/MUNICIPALITY","sourceSha256":"2bde93163452efb87b722ff55398d13c84ef27ff44d03b796c7e6c9ae0a126e5","retrievedAt":"2026-10-04T05:44:18.076555+00:00","boundaryVintage":null,"geometryStatus":"native_source_polygon_display_simplified","simplificationToleranceDegrees":0.00015,"simplificationPreservesTopology":true,"invalidSourceRepair":"make_valid; retain polygonal components; discard zero-area collapsed lines","legalBoundaryIndependentlyVerified":false,"areaId":"4f6b41d1-1e24-4ee3-a954-8253049b3e0a"},"geometry":{"type":"Polygon","coordinates":[[[100.070855,14.485737],[100.072903,14.486274],[100.074362,14.485505],[100.073706,14.48268],[100.075735,14.481983],[100.074714,14.478498],[100.080768,14.477751],[100.079491,14.47051],[100.082149,14.470509],[100.08238,14.469227],[100.080221,14.467962],[100.082392,14.469143],[100.086019,14.468165],[100.084756,14.462404],[100.086933,14.458697],[100.083943,14.454429],[100.086492,14.45272],[100.0809,14.446402],[100.082974,14.44497],[100.082944,14.442567],[100.087008,14.443624],[100.083814,14.432231],[100.082845,14.432195],[100.079817,14.423833],[100.076705,14.424382],[100.075003,14.4188],[100.074651,14.418899],[100.074459,14.418133],[100.0732,14.418382],[100.073256,14.416989],[100.072698,14.416992],[100.072663,14.416635],[100.071759,14.416812],[100.071837,14.417176],[100.071139,14.417372],[100.07106,14.41647],[100.06986,14.417361],[100.067326,14.41763],[100.066958,14.416757],[100.067144,14.416716],[100.066844,14.415401],[100.067382,14.414896],[100.066953,14.413278],[100.065731,14.41351],[100.065303,14.411736],[100.064482,14.411745],[100.064086,14.410035],[100.062457,14.410449],[100.060749,14.412172],[100.059734,14.412795],[100.058741,14.410831],[100.058152,14.408558],[100.05602,14.408746],[100.052968,14.409746],[100.051533,14.405798],[100.049908,14.405965],[100.048072,14.406632],[100.048129,14.406963],[100.044192,14.408539],[100.045787,14.411454],[100.049107,14.410394],[100.052614,14.41176],[100.051983,14.414461],[100.050753,14.414332],[100.052395,14.417463],[100.051692,14.42194],[100.053946,14.421915],[100.05369,14.426135],[100.057095,14.430854],[100.051536,14.434829],[100.052698,14.438718],[100.049634,14.439517],[100.04985,14.442918],[100.047432,14.444173],[100.050075,14.446196],[100.050643,14.452353],[100.051998,14.452396],[100.050384,14.463524],[100.051886,14.466014],[100.049792,14.468041],[100.05939,14.483462],[100.062947,14.485242],[100.061319,14.485996],[100.062037,14.486545],[100.059469,14.490222],[100.062027,14.489755],[100.063243,14.491548],[100.062794,14.490295],[100.068478,14.487369],[100.067842,14.484947],[100.070344,14.486203],[100.070855,14.485737]]]},"bbox":[100.044192,14.405798,100.087008,14.491548]},{"type":"Feature","id":"ccd3d8dd-b3d6-467e-a218-4779a87608d0","properties":{"id":"ccd3d8dd-b3d6-467e-a218-4779a87608d0","code":"06720118","provinceCode":"72","nameTh":"องค์การบริหารส่วนตำบล ดอนตาล","nameEn":null,"geometryType":"MUNICIPALITY","sourceUrl":"https://landometer.com/api/v2/citymeter-v3/grocery/info/geom/ccd3d8dd-b3d6-467e-a218-4779a87608d0/MUNICIPALITY","sourceSha256":"09b7eec9cfb6bf1cc17d48bfe22ab0c9448f08160ce10f0f6f3e2eb7044901bf","retrievedAt":"2026-10-04T05:44:18.076134+00:00","boundaryVintage":null,"geometryStatus":"native_source_polygon_display_simplified","simplificationToleranceDegrees":0.00015,"simplificationPreservesTopology":true,"invalidSourceRepair":"make_valid; retain polygonal components; discard zero-area collapsed lines","legalBoundaryIndependentlyVerified":false,"areaId":"ccd3d8dd-b3d6-467e-a218-4779a87608d0"},"geometry":{"type":"Polygon","coordinates":[[[100.172327,14.4774],[100.172759,14.481861],[100.176217,14.481758],[100.176554,14.485967],[100.177687,14.485722],[100.177687,14.487195],[100.178414,14.487983],[100.177121,14.488901],[100.177683,14.491941],[100.17927,14.492225],[100.176896,14.492884],[100.175876,14.496254],[100.172697,14.497366],[100.173831,14.49697],[100.174009,14.497103],[100.173348,14.4978],[100.179657,14.50262],[100.182619,14.503161],[100.174259,14.506503],[100.172629,14.509737],[100.176498,14.511513],[100.184136,14.510537],[100.186361,14.513251],[100.19767,14.513954],[100.198674,14.516019],[100.204262,14.517194],[100.204162,14.521454],[100.207734,14.522818],[100.208282,14.522275],[100.208674,14.520952],[100.209568,14.520689],[100.21031,14.518991],[100.212095,14.516177],[100.212846,14.515973],[100.213416,14.515375],[100.21858,14.512222],[100.220478,14.511429],[100.223129,14.509365],[100.224977,14.508499],[100.226442,14.505907],[100.228885,14.504203],[100.229494,14.50324],[100.231275,14.503359],[100.233533,14.499114],[100.233938,14.496206],[100.233599,14.494615],[100.233036,14.493696],[100.233366,14.493034],[100.232833,14.491966],[100.230941,14.489696],[100.230523,14.487665],[100.230819,14.486501],[100.231759,14.484782],[100.235453,14.482225],[100.235666,14.480485],[100.235384,14.479424],[100.226943,14.482911],[100.222579,14.479749],[100.222722,14.476663],[100.220317,14.476358],[100.22034,14.474398],[100.218636,14.473494],[100.219376,14.468748],[100.205067,14.466225],[100.193558,14.468964],[100.186161,14.468502],[100.181051,14.470766],[100.176647,14.470227],[100.176882,14.46967],[100.17591,14.469414],[100.175514,14.470486],[100.177569,14.472652],[100.17399,14.478048],[100.172327,14.4774]]]},"bbox":[100.172327,14.466225,100.235666,14.522818]},{"type":"Feature","id":"538ada64-0183-4dd0-91db-55124d392309","properties":{"id":"538ada64-0183-4dd0-91db-55124d392309","code":"06720119","provinceCode":"72","nameTh":"องค์การบริหารส่วนตำบล ดอนมะสังข์","nameEn":null,"geometryType":"MUNICIPALITY","sourceUrl":"https://landometer.com/api/v2/citymeter-v3/grocery/info/geom/538ada64-0183-4dd0-91db-55124d392309/MUNICIPALITY","sourceSha256":"aadae12c1a1a52adc96f25843cd9ad2ab99bf2cf95a75b844c7e1fb4a62e71ce","retrievedAt":"2026-10-04T05:44:18.163019+00:00","boundaryVintage":null,"geometryStatus":"native_source_polygon_display_simplified","simplificationToleranceDegrees":0.00015,"simplificationPreservesTopology":true,"invalidSourceRepair":"make_valid; retain polygonal components; discard zero-area collapsed lines","legalBoundaryIndependentlyVerified":false,"areaId":"538ada64-0183-4dd0-91db-55124d392309"},"geometry":{"type":"MultiPolygon","coordinates":[[[[100.17285699890921,14.510338962913586],[100.176498,14.511513],[100.173099,14.509952],[100.17285699890921,14.510338962913586]]],[[[100.171843,14.510012],[100.172731,14.531933],[100.172209,14.533306],[100.168986,14.536967],[100.17265,14.539373],[100.172888,14.539003],[100.17454,14.538882],[100.175637,14.541382],[100.17616,14.541121],[100.176621,14.541783],[100.175952,14.542512],[100.177048,14.543133],[100.177201,14.542694],[100.178967,14.543124],[100.178485,14.543456],[100.179361,14.543591],[100.179816,14.542731],[100.180114,14.542896],[100.180265,14.542742],[100.180408,14.542444],[100.18003,14.542152],[100.18093,14.541196],[100.181897,14.541721],[100.182138,14.541098],[100.183569,14.541687],[100.183728,14.543357],[100.187412,14.545086],[100.187302,14.547191],[100.186984,14.548304],[100.187524,14.549031],[100.188371,14.548689],[100.190614,14.549749],[100.190746,14.54952],[100.192389,14.549188],[100.192392,14.549657],[100.19189,14.549774],[100.191737,14.55026],[100.194298,14.551437],[100.194167,14.551651],[100.195182,14.553404],[100.19485,14.554511],[100.196375,14.555013],[100.196331,14.555166],[100.197111,14.555511],[100.197488,14.555076],[100.199287,14.554082],[100.199685,14.552112],[100.20152,14.548605],[100.203535,14.547504],[100.204944,14.546133],[100.206469,14.544136],[100.206996,14.542199],[100.208105,14.540698],[100.20823,14.538839],[100.206722,14.536726],[100.20485,14.530516],[100.20496,14.527632],[100.206137,14.525308],[100.206242,14.523983],[100.206765,14.523273],[100.207734,14.522818],[100.204162,14.521454],[100.204262,14.517194],[100.198674,14.516019],[100.19767,14.513954],[100.186361,14.513251],[100.184136,14.510537],[100.176498,14.511513],[100.172857,14.510339],[100.171843,14.510012]]]]},"bbox":[100.168985,14.509952,100.208296,14.555511]},{"type":"Feature","id":"4804156a-c640-4f63-847e-54db710054b4","properties":{"id":"4804156a-c640-4f63-847e-54db710054b4","code":"06720120","provinceCode":"72","nameTh":"องค์การบริหารส่วนตำบล ทับตีเหล็ก","nameEn":null,"geometryType":"MUNICIPALITY","sourceUrl":"https://landometer.com/api/v2/citymeter-v3/grocery/info/geom/4804156a-c640-4f63-847e-54db710054b4/MUNICIPALITY","sourceSha256":"1b007242386c529b6b979c88f41b2c9ead954d5d9688ea54ab5687f808292615","retrievedAt":"2026-10-04T05:44:18.172165+00:00","boundaryVintage":null,"geometryStatus":"native_source_polygon_display_simplified","simplificationToleranceDegrees":0.00015,"simplificationPreservesTopology":true,"invalidSourceRepair":"make_valid; retain polygonal components; discard zero-area collapsed lines","legalBoundaryIndependentlyVerified":false,"areaId":"4804156a-c640-4f63-847e-54db710054b4"},"geometry":{"type":"Polygon","coordinates":[[[100.125736,14.440004],[100.131729,14.438181],[100.132594,14.433294],[100.136498,14.430627],[100.135893,14.430133],[100.134789,14.430335],[100.133629,14.429868],[100.13316,14.431107],[100.132385,14.430697],[100.132194,14.431289],[100.131613,14.430864],[100.131251,14.431268],[100.127852,14.428728],[100.121592,14.431575],[100.119852,14.430164],[100.119539,14.429568],[100.118988,14.429667],[100.119543,14.427462],[100.118746,14.427118],[100.118561,14.42751],[100.117974,14.427251],[100.117626,14.427766],[100.116654,14.426784],[100.11533,14.427501],[100.115507,14.427707],[100.114989,14.428111],[100.114476,14.427775],[100.113868,14.429402],[100.112994,14.42922],[100.112514,14.42951],[100.112672,14.429976],[100.112066,14.430127],[100.111361,14.429962],[100.11103,14.430164],[100.110045,14.429909],[100.109955,14.429594],[100.108426,14.429729],[100.107915,14.428307],[100.106055,14.428824],[100.105869,14.426601],[100.102415,14.427172],[100.102293,14.424604],[100.099919,14.424202],[100.100038,14.423535],[100.100616,14.423594],[100.10073,14.422938],[100.099889,14.422846],[100.09995,14.421114],[100.100489,14.421234],[100.100555,14.419983],[100.100481,14.419532],[100.099684,14.419798],[100.099306,14.417823],[100.097033,14.41855],[100.096872,14.418277],[100.09478,14.418969],[100.094572,14.418532],[100.092194,14.419044],[100.087579,14.418185],[100.087763,14.413649],[100.082122,14.410304],[100.080606,14.410259],[100.079382,14.410529],[100.079381,14.413686],[100.078165,14.414861],[100.078246,14.415406],[100.076773,14.415529],[100.077696,14.418071],[100.077263,14.418139],[100.077277,14.420932],[100.078688,14.420754],[100.082845,14.432195],[100.085494,14.432293],[100.085805,14.43481],[100.088824,14.434908],[100.090622,14.43897],[100.10306,14.442006],[100.111603,14.442171],[100.112741,14.445033],[100.117561,14.446214],[100.125736,14.440004]]]},"bbox":[100.076773,14.410256,100.136498,14.446214]},{"type":"Feature","id":"0b8794df-9bf7-40cd-812d-a0220801e707","properties":{"id":"0b8794df-9bf7-40cd-812d-a0220801e707","code":"06720122","provinceCode":"72","nameTh":"องค์การบริหารส่วนตำบล พิหารแดง","nameEn":null,"geometryType":"MUNICIPALITY","sourceUrl":"https://landometer.com/api/v2/citymeter-v3/grocery/info/geom/0b8794df-9bf7-40cd-812d-a0220801e707/MUNICIPALITY","sourceSha256":"e818c5ab59096f041ce99bffbb74f2733d79d3c53e7f13b51984e813dbed2aef","retrievedAt":"2026-10-04T05:44:18.156002+00:00","boundaryVintage":null,"geometryStatus":"native_source_polygon_display_simplified","simplificationToleranceDegrees":0.00015,"simplificationPreservesTopology":true,"invalidSourceRepair":"make_valid; retain polygonal components; discard zero-area collapsed lines","legalBoundaryIndependentlyVerified":false,"areaId":"0b8794df-9bf7-40cd-812d-a0220801e707"},"geometry":{"type":"MultiPolygon","coordinates":[[[[100.116999,14.531374],[100.116222,14.530005],[100.118078,14.528299],[100.1184,14.528721],[100.112913,14.521513],[100.114232,14.518827],[100.119074,14.516166],[100.115736,14.509652],[100.121503,14.504961],[100.123255,14.497955],[100.121023,14.495767],[100.109406,14.498429],[100.098796,14.498516],[100.096704,14.500078],[100.097162,14.501812],[100.09398,14.502246],[100.09242,14.495718],[100.089498,14.496411],[100.092342,14.507449],[100.088825,14.515567],[100.087953,14.525377],[100.078761,14.52682],[100.07639,14.529444],[100.080751,14.536621],[100.08229937155212,14.547967784348677],[100.08284,14.547654],[100.083025,14.54863],[100.08481,14.549704],[100.086625,14.546286],[100.090579,14.544994],[100.095112,14.543859],[100.095477,14.540351],[100.103112,14.536454],[100.105052,14.535172],[100.107424,14.53791],[100.110382,14.533363],[100.116999,14.531374]],[[100.119048,14.516121],[100.115449,14.509885],[100.11904801965493,14.516120984124868],[100.119048,14.516121]]],[[[100.082299,14.547968],[100.082506,14.549482],[100.08229937155212,14.547967784348677],[100.082299,14.547968]]]]},"bbox":[100.07639,14.495718,100.123255,14.549704]},{"type":"Feature","id":"3813f99e-9065-43bf-a025-9f4ca5dc57c1","properties":{"id":"3813f99e-9065-43bf-a025-9f4ca5dc57c1","code":"06720123","provinceCode":"72","nameTh":"เทศบาลตำบล รั้วใหญ่","nameEn":null,"geometryType":"MUNICIPALITY","sourceUrl":"https://landometer.com/api/v2/citymeter-v3/grocery/info/geom/3813f99e-9065-43bf-a025-9f4ca5dc57c1/MUNICIPALITY","sourceSha256":"24660591b66e5f9cfd8ea6b7a1b4aa8075e9572bfdbfd56f17677e148ad10fa9","retrievedAt":"2026-10-04T05:44:18.158368+00:00","boundaryVintage":null,"geometryStatus":"native_source_polygon_display_simplified","simplificationToleranceDegrees":0.00015,"simplificationPreservesTopology":true,"invalidSourceRepair":"make_valid; retain polygonal components; discard zero-area collapsed lines","legalBoundaryIndependentlyVerified":false,"areaId":"3813f99e-9065-43bf-a025-9f4ca5dc57c1"},"geometry":{"type":"MultiPolygon","coordinates":[[[[100.083758,14.432031],[100.083814,14.432231],[100.08381406903129,14.432231002547583],[100.083758,14.432031]]],[[[100.111603,14.442171],[100.10306,14.442006],[100.090622,14.43897],[100.088824,14.434908],[100.085805,14.43481],[100.085494,14.432293],[100.08381406903129,14.432231002547583],[100.087008,14.443624],[100.082944,14.442567],[100.082974,14.44497],[100.0809,14.446402],[100.086492,14.45272],[100.083943,14.454429],[100.086933,14.458697],[100.084756,14.462404],[100.086019,14.468165],[100.082392,14.469143],[100.080221,14.467962],[100.08238,14.469227],[100.082149,14.470509],[100.079491,14.47051],[100.080768,14.477751],[100.074714,14.478498],[100.075735,14.481983],[100.073706,14.48268],[100.074116,14.484447],[100.07478,14.485388],[100.079093,14.483669],[100.086646,14.485564],[100.086887,14.492262],[100.085408,14.49186],[100.086549,14.495654],[100.089144,14.498092],[100.089498,14.496411],[100.09242,14.495718],[100.09398,14.502246],[100.097162,14.501812],[100.096704,14.500078],[100.098796,14.498516],[100.109406,14.498429],[100.121023,14.495767],[100.12381,14.499622],[100.128517,14.49827],[100.130026,14.496541],[100.130066,14.496227],[100.128646,14.49307],[100.124118,14.489495],[100.125059,14.490238],[100.116464,14.486096],[100.115942,14.480524],[100.101116,14.480481],[100.10092,14.478829],[100.091605,14.477936],[100.09153,14.466904],[100.088635,14.46126],[100.099724,14.457288],[100.120265,14.461633],[100.1209978352178,14.45771154209176],[100.119777,14.454319],[100.121073,14.450284],[100.119019,14.446197],[100.1178657634661,14.445983179145355],[100.117561,14.446214],[100.112741,14.445033],[100.111603,14.442171]],[[100.123255,14.497955],[100.123088,14.498623],[100.121023,14.495767],[100.123255,14.497955]]],[[[100.117866,14.445983],[100.112741,14.445033],[100.1178657634661,14.445983179145355],[100.117866,14.445983]]],[[[100.121054,14.457411],[100.1209978352178,14.45771154209176],[100.120998,14.457712],[100.121054,14.457411]]]]},"bbox":[100.073706,14.432031,100.130066,14.502246]},{"type":"Feature","id":"d573ddeb-da4b-4749-a94f-40553a9fd610","properties":{"id":"d573ddeb-da4b-4749-a94f-40553a9fd610","code":"06720209","provinceCode":"72","nameTh":"องค์การบริหารส่วนตำบล บ่อกรุ","nameEn":null,"geometryType":"MUNICIPALITY","sourceUrl":"https://landometer.com/api/v2/citymeter-v3/grocery/info/geom/d573ddeb-da4b-4749-a94f-40553a9fd610/MUNICIPALITY","sourceSha256":"e17a1404828b1679aa645de311c052706e6feb0968b17b5004380774935c7858","retrievedAt":"2026-10-04T05:44:18.172175+00:00","boundaryVintage":null,"geometryStatus":"native_source_polygon_display_simplified","simplificationToleranceDegrees":0.00015,"simplificationPreservesTopology":true,"invalidSourceRepair":"make_valid; retain polygonal components; discard zero-area collapsed lines","legalBoundaryIndependentlyVerified":false,"areaId":"d573ddeb-da4b-4749-a94f-40553a9fd610"},"geometry":{"type":"Polygon","coordinates":[[[99.843464,14.937365],[99.842798,14.933525],[99.846714,14.9324],[99.848828,14.93137],[99.849085,14.931148],[99.849081,14.930367],[99.850173,14.930369],[99.851155,14.929925],[99.852125,14.929819],[99.85439,14.930432],[99.859154,14.930112],[99.859222,14.927962],[99.862688,14.926928],[99.863244,14.927017],[99.863266,14.927847],[99.866451,14.92733],[99.866986,14.927082],[99.867164,14.926535],[99.868066,14.925844],[99.869617,14.925836],[99.870821,14.925276],[99.871544,14.925213],[99.873867,14.923272],[99.877413,14.922753],[99.877813,14.923784],[99.878594,14.924094],[99.879684,14.923637],[99.881873,14.923689],[99.884716,14.924611],[99.886818,14.925883],[99.888257,14.926348],[99.890972,14.924006],[99.891587,14.922129],[99.892381,14.921933],[99.893679,14.922328],[99.895292,14.922017],[99.898574,14.919994],[99.898495,14.918807],[99.899084,14.918461],[99.900624,14.917862],[99.902182,14.917654],[99.905735,14.916621],[99.906425,14.915901],[99.90846,14.916056],[99.909637,14.915538],[99.910661,14.91545],[99.911974,14.914308],[99.914328,14.912997],[99.915958,14.912785],[99.916062,14.913135],[99.916982,14.913169],[99.91766,14.912937],[99.920417,14.912865],[99.919649,14.912231],[99.919877,14.907463],[99.926472,14.904572],[99.924506,14.903082],[99.92469,14.899784],[99.928226,14.900541],[99.928855,14.898239],[99.927019,14.898184],[99.927541,14.896548],[99.931283,14.89688],[99.93187,14.89028],[99.933039,14.890544],[99.932306,14.886237],[99.930903,14.88642],[99.929269,14.883225],[99.925745,14.883085],[99.925222,14.880545],[99.920629,14.88015],[99.922287,14.882424],[99.920484,14.890098],[99.914001,14.892094],[99.909715,14.891855],[99.901803,14.893146],[99.900771,14.893553],[99.897555,14.89384],[99.893425,14.888724],[99.881101,14.88374],[99.881028,14.882017],[99.876815,14.880706],[99.87525,14.882448],[99.871867,14.881887],[99.870891,14.875981],[99.874064,14.860219],[99.873561,14.861299],[99.872699,14.86143],[99.872567,14.86103],[99.873086,14.860431],[99.871981,14.860049],[99.871675,14.85839],[99.871091,14.858237],[99.870484,14.859274],[99.869741,14.859359],[99.869491,14.85874],[99.869562,14.858038],[99.86858,14.857175],[99.86836,14.857247],[99.868018,14.858248],[99.867035,14.858148],[99.866413,14.858484],[99.866038,14.8584],[99.865243,14.865966],[99.862529,14.866722],[99.862789,14.870753],[99.861657,14.873272],[99.859682,14.873345],[99.867075,14.878823],[99.86664,14.880379],[99.860502,14.883192],[99.861635,14.8858],[99.860867,14.891479],[99.856872,14.893554],[99.855767,14.903941],[99.848234,14.909625],[99.837207,14.909485],[99.837703,14.912633],[99.840066,14.914864],[99.830974,14.920491],[99.830884,14.926765],[99.833772,14.926079],[99.833798,14.929767],[99.830409,14.931588],[99.831473,14.934994],[99.832721,14.934933],[99.834182,14.935438],[99.837786,14.935881],[99.839235,14.937813],[99.841101,14.937699],[99.84165,14.937443],[99.843464,14.937365]]]},"bbox":[99.830409,14.857164,99.933039,14.937813]},{"type":"Feature","id":"7c032f1d-cb8a-4419-98fa-d12b2b57c81f","properties":{"id":"7c032f1d-cb8a-4419-98fa-d12b2b57c81f","code":"06720210","provinceCode":"72","nameTh":"องค์การบริหารส่วนตำบล ป่าสะแก","nameEn":null,"geometryType":"MUNICIPALITY","sourceUrl":"https://landometer.com/api/v2/citymeter-v3/grocery/info/geom/7c032f1d-cb8a-4419-98fa-d12b2b57c81f/MUNICIPALITY","sourceSha256":"c5a2df0a63b68ab483ef884376f6ecdb235fdb7b129d02e15a5209d11ab67930","retrievedAt":"2026-10-04T05:44:18.172062+00:00","boundaryVintage":null,"geometryStatus":"native_source_polygon_display_simplified","simplificationToleranceDegrees":0.00015,"simplificationPreservesTopology":true,"invalidSourceRepair":"make_valid; retain polygonal components; discard zero-area collapsed lines","legalBoundaryIndependentlyVerified":false,"areaId":"7c032f1d-cb8a-4419-98fa-d12b2b57c81f"},"geometry":{"type":"MultiPolygon","coordinates":[[[[99.939584,14.87882],[99.941668,14.880409],[99.946462,14.879816],[99.955498,14.875572],[99.955799,14.871123],[99.954109,14.867333],[99.955962,14.865649],[99.954744,14.862809],[99.965113,14.862494],[99.975068,14.859789],[99.978077,14.860928],[99.979717,14.85801],[99.988391,14.854856],[99.995053,14.853491],[99.996967,14.854968],[100.00154,14.851377],[100.000909,14.848382],[100.00513,14.84672],[100.005337,14.84712],[100.00854,14.845828],[100.008126,14.845492],[100.007579,14.845755],[100.006266,14.84533],[100.005848,14.844718],[100.005779,14.843934],[100.00367,14.841371],[100.001672,14.840209],[100.000753,14.839246],[99.999216,14.839428],[99.998212,14.840122],[99.997112,14.839129],[99.995813,14.838821],[99.994925,14.838288],[99.994954,14.838882],[99.992767,14.839071],[99.992468,14.839467],[99.991094,14.840109],[99.990824,14.840799],[99.990016,14.841473],[99.98971,14.840333],[99.988358,14.839926],[99.986714,14.839874],[99.986591,14.839266],[99.984793,14.839383],[99.98176,14.840011],[99.981861,14.84037],[99.981062,14.840693],[99.980838,14.84016],[99.98044,14.840124],[99.980155,14.84042],[99.977663,14.840163],[99.975834,14.840854],[99.974804,14.841494],[99.974705,14.841986],[99.974318,14.842145],[99.973494,14.842067],[99.973496,14.841817],[99.97301,14.841757],[99.971874,14.842265],[99.971899,14.841748],[99.969033,14.842714],[99.967498,14.842637],[99.965785,14.843361],[99.964048,14.843574],[99.964075,14.843822],[99.963655,14.843837],[99.963643,14.844195],[99.962757,14.844105],[99.962521,14.844509],[99.96157,14.845101],[99.960925,14.845289],[99.960915,14.84495],[99.960626,14.845002],[99.960688,14.845261],[99.959822,14.845608],[99.957527,14.846206],[99.956277,14.846104],[99.955155,14.846818],[99.954312,14.846882],[99.952399,14.847573],[99.952651,14.848251],[99.950927,14.848846],[99.950767,14.848671],[99.948683,14.849807],[99.948938,14.850364],[99.950219,14.851413],[99.950755,14.85278],[99.951542,14.853696],[99.951176,14.855205],[99.94992,14.85628],[99.949314,14.857378],[99.947882,14.857735],[99.946915,14.858606],[99.946489,14.858698],[99.94631,14.858409],[99.946372,14.857394],[99.945489,14.855684],[99.945163,14.855478],[99.944172,14.856022],[99.943263,14.855759],[99.9429,14.85687],[99.940265,14.857186],[99.939043,14.858376],[99.93846,14.858368],[99.937492,14.857772],[99.937305,14.859105],[99.935799,14.860416],[99.935056,14.860515],[99.934557,14.860852],[99.93372,14.862414],[99.932642,14.86266],[99.932315,14.862957],[99.932414,14.864222],[99.931239,14.864528],[99.930842,14.865679],[99.930075,14.865483],[99.929367,14.866591],[99.928519,14.867074],[99.928146,14.869979],[99.927745,14.870772],[99.927139,14.870849],[99.92633,14.87012],[99.92462,14.870877],[99.923988,14.869747],[99.924214,14.869063],[99.923609,14.868496],[99.923117,14.86899],[99.923261,14.869847],[99.921746,14.869771],[99.921006,14.870788],[99.920668,14.870747],[99.920132,14.870095],[99.919402,14.87],[99.919167,14.870167],[99.919056,14.870358],[99.921494,14.878449],[99.920412,14.880131],[99.92060401664921,14.880365856150792],[99.920629,14.88015],[99.925222,14.880545],[99.925745,14.883085],[99.929269,14.883225],[99.930903,14.88642],[99.933198,14.88612],[99.934753,14.886298],[99.934001,14.883211],[99.937125,14.882607],[99.936405,14.879529],[99.937234,14.881105],[99.938648,14.879808],[99.93955,14.882152],[99.939584,14.87882]]],[[[99.921295,14.881211],[99.92060401664921,14.880365856150792],[99.920604,14.880366],[99.921295,14.881211]]]]},"bbox":[99.919056,14.838288,100.00854,14.88642]},{"type":"Feature","id":"6b5e9364-f4eb-432a-825c-bf469b8f49ff","properties":{"id":"6b5e9364-f4eb-432a-825c-bf469b8f49ff","code":"06720211","provinceCode":"72","nameTh":"องค์การบริหารส่วนตำบล ยางนอน","nameEn":null,"geometryType":"MUNICIPALITY","sourceUrl":"https://landometer.com/api/v2/citymeter-v3/grocery/info/geom/6b5e9364-f4eb-432a-825c-bf469b8f49ff/MUNICIPALITY","sourceSha256":"b7c1efffc8cc452ec1f2391deb489b6bb62eff467c68d5c14a5596a0ac3bc99b","retrievedAt":"2026-10-04T05:44:18.166505+00:00","boundaryVintage":null,"geometryStatus":"native_source_polygon_display_simplified","simplificationToleranceDegrees":0.00015,"simplificationPreservesTopology":true,"invalidSourceRepair":"make_valid; retain polygonal components; discard zero-area collapsed lines","legalBoundaryIndependentlyVerified":false,"areaId":"6b5e9364-f4eb-432a-825c-bf469b8f49ff"},"geometry":{"type":"MultiPolygon","coordinates":[[[[100.177918,14.837251],[100.17792324664178,14.83730385346513],[100.18017827566275,14.835964095108654],[100.177918,14.837251]]],[[[100.182362,14.83111],[100.181156,14.828821],[100.180794,14.829009],[100.178007,14.822845],[100.176449,14.823412],[100.178256,14.826029],[100.175813,14.826467],[100.170863,14.817195],[100.165851,14.817977],[100.163394,14.812157],[100.153057,14.813339],[100.152824,14.812125],[100.14995,14.812843],[100.15,14.813092],[100.145066,14.820143],[100.145385,14.82207],[100.151049,14.827486],[100.158454,14.830478],[100.159693,14.832502],[100.157711,14.834648],[100.150902,14.834907],[100.147141,14.836574],[100.144018,14.832177],[100.136039,14.829879],[100.13617,14.826454],[100.131094,14.825821],[100.129511,14.829865],[100.12247,14.836612],[100.121281,14.837152],[100.124388,14.84498],[100.116796,14.844195],[100.116564,14.844558],[100.11709,14.855555],[100.121163,14.859325],[100.12045,14.862999],[100.124923,14.863336],[100.127204,14.868215],[100.126751,14.872246],[100.130858,14.874785],[100.12629,14.878962],[100.121045,14.880521],[100.119624,14.880392],[100.120637,14.880484],[100.12072,14.881025],[100.120024,14.881283],[100.128655,14.887138],[100.143532,14.886694],[100.156409,14.890347],[100.155751,14.886863],[100.157498,14.884613],[100.158325,14.875926],[100.162424,14.875469],[100.161643,14.869473],[100.165256,14.868737],[100.1582,14.860205],[100.162857,14.849655],[100.162637,14.846401],[100.173618,14.845671],[100.174468,14.841207],[100.176396,14.84208],[100.178284,14.840938],[100.177923,14.837304],[100.177918,14.837251],[100.180202,14.83595],[100.180953,14.835523],[100.18022,14.832368],[100.182362,14.83111]]]]},"bbox":[100.116564,14.812125,100.182362,14.890347]},{"type":"Feature","id":"6f4cfab7-72ba-4f77-a555-872d300d937e","properties":{"id":"6f4cfab7-72ba-4f77-a555-872d300d937e","code":"06720212","provinceCode":"72","nameTh":"องค์การบริหารส่วนตำบล หัวเขา","nameEn":null,"geometryType":"MUNICIPALITY","sourceUrl":"https://landometer.com/api/v2/citymeter-v3/grocery/info/geom/6f4cfab7-72ba-4f77-a555-872d300d937e/MUNICIPALITY","sourceSha256":"c336e004b43a09f747afc37386eecee75157bcb918e711590b6ffe3d093511c9","retrievedAt":"2026-10-04T05:44:18.164991+00:00","boundaryVintage":null,"geometryStatus":"native_source_polygon_display_simplified","simplificationToleranceDegrees":0.00015,"simplificationPreservesTopology":true,"invalidSourceRepair":"make_valid; retain polygonal components; discard zero-area collapsed lines","legalBoundaryIndependentlyVerified":false,"areaId":"6f4cfab7-72ba-4f77-a555-872d300d937e"},"geometry":{"type":"MultiPolygon","coordinates":[[[[100.00853994285714,14.845828285714283],[100.00854,14.845828],[100.008494,14.84579],[100.00853994285714,14.845828285714283]]],[[[100.036869,14.912983],[100.038246,14.913119],[100.039669,14.913911],[100.039588,14.914325],[100.039871,14.914377],[100.039762,14.914824],[100.041733,14.91493],[100.041756,14.915112],[100.041747,14.914926],[100.042991,14.915608],[100.046086,14.910577],[100.050353,14.907342],[100.059385,14.903388],[100.059845,14.896524],[100.057728,14.893093],[100.056919,14.886859],[100.059369,14.880457],[100.063206,14.880969],[100.066469,14.877083],[100.066248,14.87077],[100.064146,14.870978],[100.060603,14.860441],[100.063558,14.858],[100.063863,14.854486],[100.065014,14.854187],[100.063963,14.854459],[100.064283,14.852292],[100.066418,14.851748],[100.065337,14.848976],[100.07142,14.846612],[100.072568,14.843613],[100.07185,14.831414],[100.067494,14.828957],[100.068209,14.825819],[100.065517,14.821748],[100.06495,14.821642],[100.064338,14.821844],[100.063795,14.82284],[100.063273,14.822986],[100.062774,14.823565],[100.059852,14.822808],[100.05923,14.823261],[100.058405,14.822845],[100.057156,14.823351],[100.056889,14.822591],[100.056551,14.82247],[100.056114,14.822873],[100.055371,14.822952],[100.054821,14.823723],[100.05366,14.82397],[100.053576,14.824708],[100.05315,14.82493],[100.052792,14.82481],[100.05161,14.823346],[100.050662,14.82299],[100.049746,14.824229],[100.04848,14.824212],[100.048162,14.82441],[100.047725,14.82481],[100.047516,14.825679],[100.047231,14.825931],[100.046124,14.825772],[100.044859,14.826493],[100.042789,14.826734],[100.042272,14.828128],[100.041245,14.828084],[100.039716,14.828678],[100.038709,14.829454],[100.036069,14.829905],[100.035288,14.83058],[100.034416,14.830529],[100.033607,14.831133],[100.032165,14.831612],[100.030502,14.831339],[100.029968,14.832537],[100.030335,14.83323],[100.030265,14.834206],[100.030976,14.834964],[100.03101,14.835404],[100.028467,14.837293],[100.026736,14.83755],[100.02668,14.838309],[100.027173,14.838953],[100.026587,14.839979],[100.025166,14.839607],[100.02449,14.839948],[100.02343,14.839571],[100.022539,14.840667],[100.022214,14.841974],[100.021364,14.841862],[100.021111,14.842039],[100.021104,14.843074],[100.01932,14.843769],[100.017569,14.843353],[100.017344,14.843646],[100.017489,14.8443],[100.017259,14.844665],[100.016039,14.844271],[100.014294,14.844678],[100.013252,14.844131],[100.012909,14.844415],[100.012873,14.844993],[100.012565,14.84538],[100.011252,14.84532],[100.010613,14.84612],[100.00853994285714,14.845828285714283],[100.005337,14.84712],[100.00513,14.84672],[100.000909,14.848382],[100.00154,14.851377],[99.997187,14.854795],[99.997669,14.85509],[99.999725,14.855448],[100.005601,14.853682],[100.007685,14.857744],[100.006239,14.859262],[100.009453,14.86029],[100.011604,14.866834],[100.008855,14.867324],[100.00548,14.87302],[100.004864,14.88011],[100.006176,14.882759],[100.008934,14.882984],[100.008941,14.886075],[100.010455,14.885816],[100.011932,14.888429],[100.013258,14.89406],[100.012619,14.897006],[100.009398,14.896573],[100.009102,14.900297],[100.006329,14.901101],[100.00616,14.904602],[100.004424,14.90469],[100.005419,14.908004],[100.006776,14.908248],[100.007117,14.90889],[100.00824,14.909455],[100.011433,14.910283],[100.011422,14.911484],[100.012068,14.914285],[100.022793,14.912275],[100.024989,14.911905],[100.026668,14.911908],[100.027585,14.911512],[100.029045,14.911354],[100.028845,14.91201],[100.029065,14.912128],[100.030975,14.912479],[100.033383,14.913642],[100.036163,14.914441],[100.036455,14.914478],[100.036869,14.912983]],[[100.021092,14.843082],[100.021075,14.843093],[100.021089,14.843083],[100.021092,14.843082]]]]},"bbox":[99.997187,14.821642,100.072568,14.915608]},{"type":"Feature","id":"415fcd76-836a-4b31-ae5a-7402f0f96f1d","properties":{"id":"415fcd76-836a-4b31-ae5a-7402f0f96f1d","code":"06720213","provinceCode":"72","nameTh":"องค์การบริหารส่วนตำบล หัวนา","nameEn":null,"geometryType":"MUNICIPALITY","sourceUrl":"https://landometer.com/api/v2/citymeter-v3/grocery/info/geom/415fcd76-836a-4b31-ae5a-7402f0f96f1d/MUNICIPALITY","sourceSha256":"e0d567025ea7ad8428855ab6d7a56f212d2a26a6ed6171f5c6c564afc9fc1fab","retrievedAt":"2026-10-04T05:44:18.253002+00:00","boundaryVintage":null,"geometryStatus":"native_source_polygon_display_simplified","simplificationToleranceDegrees":0.00015,"simplificationPreservesTopology":true,"invalidSourceRepair":"make_valid; retain polygonal components; discard zero-area collapsed lines","legalBoundaryIndependentlyVerified":false,"areaId":"415fcd76-836a-4b31-ae5a-7402f0f96f1d"},"geometry":{"type":"Polygon","coordinates":[[[99.988775,14.907896],[99.992918,14.908735],[99.995001,14.908419],[99.997245,14.909035],[99.998123,14.908998],[99.998571,14.909204],[99.998768,14.909879],[100.000334,14.909779],[100.0014,14.908997],[100.002761,14.909058],[100.002916,14.908396],[100.005424,14.908007],[100.004424,14.90469],[100.00616,14.904602],[100.006329,14.901101],[100.009102,14.900297],[100.009398,14.896573],[100.012619,14.897006],[100.013258,14.89406],[100.011932,14.888429],[100.010455,14.885816],[100.008941,14.886075],[100.008934,14.882984],[100.006176,14.882759],[100.004864,14.88011],[100.00548,14.87302],[100.008855,14.867324],[100.011604,14.866834],[100.009453,14.86029],[100.006239,14.859262],[100.007685,14.857744],[100.005601,14.853682],[99.999725,14.855448],[99.997669,14.85509],[99.997187,14.854795],[99.996967,14.854968],[99.995053,14.853491],[99.988391,14.854856],[99.979717,14.85801],[99.978077,14.860928],[99.975068,14.859789],[99.965113,14.862494],[99.954744,14.862809],[99.955962,14.865649],[99.954109,14.867333],[99.955799,14.871123],[99.955498,14.875572],[99.946462,14.879816],[99.941668,14.880409],[99.939584,14.87882],[99.93955,14.882152],[99.938648,14.879808],[99.937234,14.881105],[99.936405,14.879529],[99.937125,14.882607],[99.934001,14.883211],[99.934753,14.886298],[99.932306,14.886237],[99.933039,14.890544],[99.93187,14.89028],[99.931283,14.89688],[99.927541,14.896548],[99.927019,14.898184],[99.928855,14.898239],[99.928226,14.900541],[99.92469,14.899784],[99.924506,14.903082],[99.926472,14.904572],[99.919877,14.907463],[99.919649,14.912231],[99.920441,14.912855],[99.922495,14.911926],[99.924029,14.910246],[99.927804,14.908623],[99.928569,14.908028],[99.929796,14.908176],[99.930634,14.90795],[99.932035,14.90688],[99.935624,14.907909],[99.937473,14.907612],[99.938038,14.907776],[99.938804,14.908501],[99.940443,14.908805],[99.941116,14.909382],[99.941671,14.909352],[99.943747,14.909983],[99.949629,14.910668],[99.951725,14.909854],[99.95301,14.908057],[99.954794,14.906599],[99.956507,14.906892],[99.959448,14.906733],[99.961518,14.909017],[99.96299,14.911713],[99.963458,14.911485],[99.964136,14.912247],[99.967451,14.911721],[99.967892,14.912675],[99.970003,14.91285],[99.971509,14.912696],[99.974976,14.911647],[99.977116,14.911359],[99.977441,14.910244],[99.978816,14.910473],[99.980595,14.910088],[99.981595,14.910147],[99.982767,14.909667],[99.985461,14.90964],[99.985579,14.908578],[99.987344,14.908594],[99.988775,14.907896]]]},"bbox":[99.919649,14.853491,100.013258,14.912865]},{"type":"Feature","id":"17d56aae-a9fb-48ea-9b9a-256d0b8c3753","properties":{"id":"17d56aae-a9fb-48ea-9b9a-256d0b8c3753","code":"06720214","provinceCode":"72","nameTh":"องค์การบริหารส่วนตำบล เขาพระ","nameEn":null,"geometryType":"MUNICIPALITY","sourceUrl":"https://landometer.com/api/v2/citymeter-v3/grocery/info/geom/17d56aae-a9fb-48ea-9b9a-256d0b8c3753/MUNICIPALITY","sourceSha256":"fb380a7523ecaec1416c78a3011ba3d9b56e62b508ee1094f29fcabf627ef04c","retrievedAt":"2026-10-04T05:44:18.234961+00:00","boundaryVintage":null,"geometryStatus":"native_source_polygon_display_simplified","simplificationToleranceDegrees":0.00015,"simplificationPreservesTopology":true,"invalidSourceRepair":"make_valid; retain polygonal components; discard zero-area collapsed lines","legalBoundaryIndependentlyVerified":false,"areaId":"17d56aae-a9fb-48ea-9b9a-256d0b8c3753"},"geometry":{"type":"MultiPolygon","coordinates":[[[[100.08016182936993,14.81479533716503],[100.080164,14.8148],[100.080162,14.814795],[100.08016182936993,14.81479533716503]]],[[[100.11709,14.855555],[100.116564,14.844558],[100.116796,14.844195],[100.124388,14.84498],[100.121281,14.837152],[100.119622,14.837353],[100.111876,14.835914],[100.112684,14.832587],[100.11032,14.832315],[100.111048,14.831392],[100.110793,14.831363],[100.109241,14.832414],[100.101336,14.831267],[100.097699,14.828779],[100.091688,14.831401],[100.082243,14.827351],[100.080009,14.817319],[100.08016182936993,14.81479533716503],[100.079973,14.814073],[100.079506,14.814052],[100.078137,14.814775],[100.077719,14.814179],[100.077263,14.814042],[100.07637,14.815066],[100.075899,14.815186],[100.075086,14.815955],[100.075355,14.816602],[100.075198,14.816907],[100.074099,14.816776],[100.074009,14.817339],[100.073474,14.817623],[100.073184,14.818598],[100.072716,14.818831],[100.072758,14.819615],[100.071566,14.819385],[100.070893,14.819767],[100.070289,14.819485],[100.068486,14.820137],[100.067385,14.820085],[100.066579,14.820757],[100.066218,14.821588],[100.065499,14.821744],[100.068209,14.825819],[100.067494,14.828957],[100.07185,14.831414],[100.072568,14.843613],[100.07142,14.846612],[100.065337,14.848976],[100.066418,14.851748],[100.064283,14.852292],[100.063963,14.854459],[100.088901,14.847983],[100.090172,14.840244],[100.09907,14.839999],[100.098672,14.843574],[100.09388,14.849438],[100.092433,14.856583],[100.088141,14.863207],[100.082667,14.865793],[100.084456,14.873229],[100.093533,14.872791],[100.097824,14.869293],[100.104318,14.867384],[100.113838,14.872605],[100.112257,14.875332],[100.116833,14.880139],[100.121045,14.880521],[100.12629,14.878962],[100.130858,14.874785],[100.126751,14.872246],[100.127204,14.868215],[100.124923,14.863336],[100.12045,14.862999],[100.121163,14.859325],[100.11709,14.855555]]]]},"bbox":[100.063963,14.814005,100.130858,14.880521]},{"type":"Feature","id":"3c892d4c-7c88-4d20-acb0-11bc0131b17c","properties":{"id":"3c892d4c-7c88-4d20-acb0-11bc0131b17c","code":"06720215","provinceCode":"72","nameTh":"องค์การบริหารส่วนตำบล โคกช้าง","nameEn":null,"geometryType":"MUNICIPALITY","sourceUrl":"https://landometer.com/api/v2/citymeter-v3/grocery/info/geom/3c892d4c-7c88-4d20-acb0-11bc0131b17c/MUNICIPALITY","sourceSha256":"5c363462927aca052a24b71bad0c218ddfc9e5eed6bdd6afe1f8859e2228e68c","retrievedAt":"2026-10-04T05:44:18.252638+00:00","boundaryVintage":null,"geometryStatus":"native_source_polygon_display_simplified","simplificationToleranceDegrees":0.00015,"simplificationPreservesTopology":true,"invalidSourceRepair":"make_valid; retain polygonal components; discard zero-area collapsed lines","legalBoundaryIndependentlyVerified":false,"areaId":"3c892d4c-7c88-4d20-acb0-11bc0131b17c"},"geometry":{"type":"Polygon","coordinates":[[[100.118886,14.882654],[100.124869,14.886746],[100.124537,14.889905],[100.127319,14.890095],[100.124575,14.895948],[100.131088,14.900433],[100.126844,14.905895],[100.12987,14.907327],[100.127546,14.910481],[100.13061,14.914759],[100.130873,14.914686],[100.131232,14.915132],[100.126325,14.922982],[100.128799,14.923513],[100.129324,14.925713],[100.130361,14.925237],[100.131625,14.923916],[100.134031,14.924612],[100.134475,14.924302],[100.134515,14.924461],[100.139234,14.924328],[100.142145,14.923954],[100.142412,14.923749],[100.143126,14.924156],[100.143344,14.924577],[100.143703,14.92452],[100.144708,14.924962],[100.144963,14.925599],[100.148064,14.926084],[100.149444,14.925983],[100.149306,14.927656],[100.15103,14.928661],[100.151694,14.930383],[100.155454,14.929854],[100.155789,14.930238],[100.157733,14.929012],[100.160864,14.931907],[100.161065,14.932008],[100.161175,14.931781],[100.165608,14.93366],[100.167606,14.935672],[100.167057,14.936335],[100.167833,14.937138],[100.167074,14.939165],[100.170892,14.940962],[100.171055,14.940652],[100.172455,14.941115],[100.172964,14.940809],[100.174661,14.944046],[100.1771,14.944758],[100.177325,14.946051],[100.177169,14.947478],[100.177928,14.94812],[100.17839,14.948982],[100.180238,14.950104],[100.180807,14.95148],[100.182249,14.953537],[100.181776,14.953947],[100.184631,14.955939],[100.186068,14.956586],[100.186019,14.956886],[100.186668,14.957192],[100.186727,14.957973],[100.187671,14.957931],[100.193011,14.958921],[100.196875,14.960092],[100.19705,14.959448],[100.198302,14.960051],[100.198835,14.959229],[100.199614,14.959687],[100.199957,14.960222],[100.201267,14.958808],[100.201756,14.959118],[100.202698,14.956421],[100.202619,14.951316],[100.201792,14.948168],[100.198927,14.942897],[100.198133,14.939795],[100.196576,14.938489],[100.194186,14.937539],[100.189496,14.937779],[100.186405,14.937154],[100.185018,14.936194],[100.182786,14.935366],[100.181958,14.933789],[100.181954,14.93223],[100.1828,14.928192],[100.182516,14.924214],[100.182955,14.923496],[100.185163,14.921403],[100.186323,14.919385],[100.186113,14.913049],[100.186593,14.911004],[100.186351,14.90833],[100.1869,14.907694],[100.192181,14.904925],[100.194769,14.903931],[100.197446,14.904385],[100.200081,14.905495],[100.20376,14.906188],[100.212121,14.908742],[100.212504,14.908633],[100.215767,14.910325],[100.216657,14.910426],[100.218096,14.909989],[100.22039,14.908755],[100.221073,14.907947],[100.222116,14.9084],[100.222237,14.907628],[100.224203,14.903492],[100.221565,14.902294],[100.219246,14.901763],[100.21773,14.901002],[100.217015,14.90032],[100.215879,14.89839],[100.214743,14.897931],[100.212833,14.897872],[100.210852,14.897295],[100.208015,14.897282],[100.206842,14.896419],[100.205738,14.898351],[100.203234,14.894112],[100.18562,14.891865],[100.182138,14.893479],[100.171657,14.891973],[100.163178,14.892155],[100.143532,14.886694],[100.128655,14.887138],[100.120024,14.881283],[100.118886,14.882654]]]},"bbox":[100.118886,14.881283,100.224203,14.960222]},{"type":"Feature","id":"561edf32-3c62-40a4-8e3d-bb1bff3661eb","properties":{"id":"561edf32-3c62-40a4-8e3d-bb1bff3661eb","code":"06720216","provinceCode":"72","nameTh":"องค์การบริหารส่วนตำบล นางบวช","nameEn":null,"geometryType":"MUNICIPALITY","sourceUrl":"https://landometer.com/api/v2/citymeter-v3/grocery/info/geom/561edf32-3c62-40a4-8e3d-bb1bff3661eb/MUNICIPALITY","sourceSha256":"76a4122e69e88974ef5d9c7e954a662f85a0490ecfe90e7ca69db855bba68526","retrievedAt":"2026-10-04T05:44:18.249409+00:00","boundaryVintage":null,"geometryStatus":"native_source_polygon_display_simplified","simplificationToleranceDegrees":0.00015,"simplificationPreservesTopology":true,"invalidSourceRepair":"make_valid; retain polygonal components; discard zero-area collapsed lines","legalBoundaryIndependentlyVerified":false,"areaId":"561edf32-3c62-40a4-8e3d-bb1bff3661eb"},"geometry":{"type":"MultiPolygon","coordinates":[[[[100.107455,14.809816],[100.108207,14.803009],[100.106604,14.801587],[100.104849,14.804112],[100.103766,14.802916],[100.105987,14.796506],[100.104232,14.792602],[100.104121,14.792746],[100.10116,14.791436],[100.09783,14.790373],[100.093574,14.790424],[100.090802,14.788655],[100.08918,14.788324],[100.087909,14.788442],[100.088096,14.789816],[100.086991,14.790945],[100.087725,14.79176],[100.08788,14.793029],[100.088501,14.792969],[100.088822,14.79323],[100.088687,14.793743],[100.088987,14.795528],[100.088517,14.796042],[100.087717,14.795862],[100.087041,14.796753],[100.087228,14.79736],[100.086717,14.797671],[100.086564,14.798318],[100.087007,14.798946],[100.086664,14.799292],[100.086655,14.800862],[100.086116,14.801723],[100.084755,14.802856],[100.08344,14.803172],[100.081837,14.802802],[100.081262,14.803238],[100.081429,14.804083],[100.081865,14.804786],[100.083344,14.805436],[100.083885,14.806208],[100.083102,14.809227],[100.083693,14.810201],[100.084094,14.811524],[100.083892,14.812543],[100.08343,14.812794],[100.082482,14.812444],[100.082447,14.81346],[100.081718,14.813442],[100.080781,14.815007],[100.080162,14.814795],[100.080037,14.815042],[100.080009,14.817319],[100.082243,14.827351],[100.091688,14.831401],[100.097699,14.828779],[100.101336,14.831267],[100.109241,14.832414],[100.110793,14.831363],[100.111048,14.831392],[100.111676,14.830595],[100.109825,14.823173],[100.11434,14.819395],[100.115372,14.811011],[100.107455,14.809816]]],[[[100.145066,14.820143],[100.15,14.813092],[100.148225,14.810707],[100.145393,14.811573],[100.148052,14.805602],[100.145093,14.796454],[100.141902,14.79439],[100.14117,14.794769],[100.140599,14.795911],[100.140129,14.79823],[100.139504,14.798691],[100.138901,14.798781],[100.139085,14.798996],[100.130838,14.810541],[100.134315,14.816619],[100.131094,14.825821],[100.13617,14.826454],[100.136039,14.829879],[100.144018,14.832177],[100.147141,14.836574],[100.150902,14.834907],[100.157711,14.834648],[100.159693,14.832502],[100.158454,14.830478],[100.151049,14.827486],[100.145385,14.82207],[100.145066,14.820143]]]]},"bbox":[100.080009,14.788302,100.159693,14.836574]},{"type":"Feature","id":"ab734bf8-7e76-4299-84cf-5e526bda452a","properties":{"id":"ab734bf8-7e76-4299-84cf-5e526bda452a","code":"06720302","provinceCode":"72","nameTh":"องค์การบริหารส่วนตำบล วังคัน","nameEn":null,"geometryType":"MUNICIPALITY","sourceUrl":"https://landometer.com/api/v2/citymeter-v3/grocery/info/geom/ab734bf8-7e76-4299-84cf-5e526bda452a/MUNICIPALITY","sourceSha256":"04086321c4626bc24646a84625c73d6790166304d54996807206db1d4c2bdf52","retrievedAt":"2026-10-04T05:44:18.249640+00:00","boundaryVintage":null,"geometryStatus":"native_source_polygon_display_simplified","simplificationToleranceDegrees":0.00015,"simplificationPreservesTopology":true,"invalidSourceRepair":"make_valid; retain polygonal components; discard zero-area collapsed lines","legalBoundaryIndependentlyVerified":false,"areaId":"ab734bf8-7e76-4299-84cf-5e526bda452a"},"geometry":{"type":"Polygon","coordinates":[[[99.645771,14.988578],[99.648162,14.988138],[99.649344,14.988925],[99.650015,14.988854],[99.6502,14.989034],[99.651031,14.988713],[99.65168,14.987989],[99.653299,14.986901],[99.654109,14.986712],[99.654702,14.987009],[99.65698,14.986555],[99.657189,14.98699],[99.658163,14.98704],[99.659847,14.987877],[99.661606,14.986967],[99.662323,14.9873],[99.66289,14.988062],[99.663864,14.988287],[99.664656,14.987924],[99.665386,14.986878],[99.667044,14.987041],[99.667882,14.986155],[99.66947,14.985384],[99.670004,14.984881],[99.671515,14.984317],[99.671637,14.983746],[99.672835,14.983582],[99.672908,14.984369],[99.675966,14.983868],[99.675712,14.982884],[99.678707,14.982313],[99.678627,14.981111],[99.680277,14.979768],[99.680926,14.979641],[99.681936,14.97893],[99.682522,14.978911],[99.683303,14.97777],[99.685166,14.976444],[99.686326,14.975801],[99.68704,14.976177],[99.687941,14.976009],[99.692053,14.972951],[99.692528,14.972905],[99.692754,14.971718],[99.692128,14.970036],[99.694147,14.968747],[99.704605,14.964828],[99.70986,14.963786],[99.714871,14.961353],[99.719372,14.960177],[99.719569,14.961151],[99.720055,14.96134],[99.721385,14.96124],[99.722189,14.961614],[99.7231,14.961607],[99.72395,14.96211],[99.726044,14.961944],[99.727352,14.962262],[99.72826,14.962102],[99.729747,14.962616],[99.730805,14.962361],[99.731734,14.962623],[99.731585,14.961642],[99.731744,14.960804],[99.731293,14.957236],[99.731445,14.95488],[99.73103,14.952587],[99.730491,14.951756],[99.730811,14.951382],[99.731943,14.951121],[99.732391,14.950377],[99.731323,14.947502],[99.73033,14.948439],[99.730439,14.943989],[99.728302,14.945605],[99.723132,14.945691],[99.719096,14.948321],[99.717706,14.953122],[99.716252,14.953046],[99.714772,14.953721],[99.710097,14.951074],[99.709806,14.947629],[99.706744,14.945366],[99.707726,14.950108],[99.701815,14.94782],[99.701864,14.939219],[99.700175,14.937553],[99.702059,14.937534],[99.700155,14.936719],[99.699659,14.933932],[99.703621,14.93312],[99.703113,14.931437],[99.70572,14.92791],[99.704176,14.918314],[99.696767,14.915263],[99.69685,14.912208],[99.688495,14.911321],[99.690585,14.907659],[99.684918,14.905063],[99.683107,14.897934],[99.678156,14.904444],[99.673954,14.898078],[99.664312,14.899061],[99.663688,14.888654],[99.665456,14.887826],[99.668537,14.876212],[99.666232,14.873127],[99.658317,14.87136],[99.658129,14.869852],[99.642251,14.867722],[99.639367,14.868536],[99.639876,14.909283],[99.638172,14.918346],[99.633988,14.916812],[99.632492,14.921103],[99.627094,14.923045],[99.630378,14.928677],[99.629986,14.929637],[99.635467,14.938224],[99.634561,14.941687],[99.631376,14.942947],[99.631716,14.94421],[99.630878,14.945535],[99.630833,14.946238],[99.630995,14.94649],[99.632355,14.947],[99.632249,14.94898],[99.633503,14.95216],[99.633892,14.953994],[99.633672,14.954508],[99.632356,14.955292],[99.631925,14.955976],[99.632582,14.956681],[99.632741,14.957251],[99.632067,14.958225],[99.632173,14.959862],[99.631968,14.960602],[99.630843,14.961424],[99.630474,14.963178],[99.628802,14.964378],[99.63034,14.965328],[99.630363,14.965825],[99.629246,14.96766],[99.629184,14.968371],[99.629985,14.97034],[99.630424,14.970601],[99.631174,14.970476],[99.631478,14.970714],[99.631321,14.971745],[99.630951,14.971823],[99.630557,14.97146],[99.630027,14.971717],[99.630245,14.972479],[99.630882,14.972694],[99.630981,14.973514],[99.63084,14.973734],[99.630188,14.973709],[99.629055,14.974773],[99.62879,14.975304],[99.628944,14.976267],[99.628526,14.976739],[99.627764,14.976689],[99.627508,14.977253],[99.627923,14.978083],[99.627892,14.978553],[99.627099,14.979273],[99.627386,14.980745],[99.628532,14.982285],[99.629426,14.98189],[99.630082,14.982124],[99.631441,14.983019],[99.631936,14.983833],[99.631241,14.984954],[99.631021,14.986085],[99.630398,14.987104],[99.629562,14.986892],[99.629238,14.985507],[99.628642,14.984823],[99.627175,14.985591],[99.626963,14.985973],[99.627261,14.986557],[99.627187,14.987483],[99.627782,14.988235],[99.628924,14.988402],[99.630381,14.988265],[99.630903,14.98798],[99.631357,14.988147],[99.633542,14.988038],[99.633681,14.988704],[99.638395,14.988867],[99.638933,14.990337],[99.641366,14.990397],[99.644548,14.98848],[99.645771,14.988578]]]},"bbox":[99.626963,14.867722,99.732391,14.990446]},{"type":"Feature","id":"08b9ab20-8857-4f07-86b3-35519c384e77","properties":{"id":"08b9ab20-8857-4f07-86b3-35519c384e77","code":"06720303","provinceCode":"72","nameTh":"องค์การบริหารส่วนตำบล หนองมะค่าโมง","nameEn":null,"geometryType":"MUNICIPALITY","sourceUrl":"https://landometer.com/api/v2/citymeter-v3/grocery/info/geom/08b9ab20-8857-4f07-86b3-35519c384e77/MUNICIPALITY","sourceSha256":"e4f0c53b6c739cb322dc9b6997d5071b14146376c777f1e0b2a2c785b34f8533","retrievedAt":"2026-10-04T05:44:18.272526+00:00","boundaryVintage":null,"geometryStatus":"native_source_polygon_display_simplified","simplificationToleranceDegrees":0.00015,"simplificationPreservesTopology":true,"invalidSourceRepair":"make_valid; retain polygonal components; discard zero-area collapsed lines","legalBoundaryIndependentlyVerified":false,"areaId":"08b9ab20-8857-4f07-86b3-35519c384e77"},"geometry":{"type":"MultiPolygon","coordinates":[[[[99.757957,14.826007],[99.75805697974309,14.826100181120555],[99.758057,14.8261],[99.757957,14.826007]]],[[[99.730438,14.944032],[99.73033,14.948439],[99.731787,14.946989],[99.733039,14.94485],[99.736634,14.94493],[99.740114,14.945731],[99.740587,14.944128],[99.742659,14.944839],[99.743609,14.94423],[99.744045,14.944873],[99.745094,14.944236],[99.746063,14.944143],[99.746221,14.943887],[99.746944,14.94368],[99.747097,14.943434],[99.746854,14.943028],[99.747179,14.942666],[99.747814,14.942768],[99.74807,14.943339],[99.748743,14.942944],[99.749329,14.943297],[99.750698,14.94323],[99.751018,14.943485],[99.751652,14.943316],[99.751806,14.943112],[99.750141,14.938431],[99.750065,14.937389],[99.75024,14.937243],[99.753073,14.936837],[99.756173,14.93675],[99.756034,14.937766],[99.756245,14.937768],[99.756203,14.938282],[99.758076,14.938894],[99.758044,14.937297],[99.757665,14.937035],[99.757992,14.9358],[99.758866,14.935986],[99.759637,14.933611],[99.762773,14.932587],[99.763531,14.931824],[99.765603,14.931613],[99.766782,14.931917],[99.767947,14.931741],[99.767941,14.931533],[99.768467,14.931415],[99.769649,14.931527],[99.769697,14.93086],[99.770476,14.930672],[99.770545,14.930338],[99.770214,14.929767],[99.768824,14.92976],[99.768755,14.929086],[99.769489,14.925628],[99.769917,14.925254],[99.770414,14.925341],[99.770649,14.924682],[99.766052,14.921986],[99.765005,14.921932],[99.76481,14.922098],[99.764975,14.922628],[99.764618,14.922742],[99.764287,14.92238],[99.763437,14.922608],[99.762899,14.921629],[99.762639,14.918861],[99.762824,14.918754],[99.762033,14.917358],[99.76088,14.913281],[99.759752,14.91171],[99.761215,14.910264],[99.761519,14.910229],[99.761816,14.910538],[99.762998,14.910405],[99.762896,14.909145],[99.761747,14.909828],[99.761204,14.908483],[99.76143,14.908327],[99.761112,14.907598],[99.760962,14.906219],[99.761368,14.905998],[99.762516,14.906474],[99.761762,14.900593],[99.764224,14.898996],[99.765332,14.899134],[99.765359,14.897084],[99.765999,14.896693],[99.768249,14.893584],[99.768011,14.891124],[99.769861,14.890555],[99.770165,14.8913],[99.771616,14.890199],[99.773068,14.888663],[99.773255,14.887475],[99.773756,14.887249],[99.773866,14.886938],[99.774509,14.886601],[99.778543,14.885811],[99.778334,14.88424],[99.780448,14.88403],[99.779845,14.88083],[99.781397,14.880163],[99.785814,14.87941],[99.792494,14.877342],[99.79757,14.87602],[99.800146,14.875726],[99.801869,14.875124],[99.803315,14.874115],[99.804768,14.872071],[99.806294,14.871825],[99.807134,14.870371],[99.808455,14.869077],[99.809259,14.869948],[99.810051,14.869851],[99.812098,14.870396],[99.812342,14.869733],[99.813407,14.869145],[99.814714,14.867974],[99.814966,14.868478],[99.815569,14.868283],[99.815989,14.869229],[99.817936,14.868777],[99.819457,14.868837],[99.821231,14.867961],[99.824844,14.867434],[99.824882,14.866716],[99.825607,14.865948],[99.825281,14.865721],[99.826861,14.863221],[99.827174,14.863053],[99.828856,14.863346],[99.831324,14.86027],[99.821734,14.856696],[99.821742,14.856365],[99.82101,14.855602],[99.817598,14.854219],[99.81568,14.851533],[99.814021,14.848513],[99.812607,14.847764],[99.810907,14.846092],[99.810711,14.84394],[99.80998,14.843239],[99.809456,14.843136],[99.808139,14.843749],[99.806916,14.843195],[99.805234,14.843481],[99.804065,14.842876],[99.803074,14.843526],[99.801986,14.843109],[99.800823,14.843247],[99.796928,14.840982],[99.796269,14.841066],[99.79562,14.841667],[99.794758,14.841782],[99.794222,14.842206],[99.793047,14.842176],[99.792878,14.84195],[99.793905,14.840689],[99.793522,14.840047],[99.792888,14.839841],[99.791715,14.840017],[99.791547,14.839783],[99.79192,14.839184],[99.791533,14.838642],[99.790462,14.838372],[99.789795,14.838544],[99.789565,14.837923],[99.788847,14.837188],[99.786791,14.836772],[99.786514,14.835973],[99.786757,14.835249],[99.786498,14.834666],[99.786007,14.834442],[99.785215,14.834512],[99.78443,14.833545],[99.783472,14.833042],[99.781252,14.833771],[99.780379,14.833646],[99.779673,14.834293],[99.77931,14.834345],[99.778944,14.834246],[99.7781,14.833354],[99.77703,14.833866],[99.776078,14.833503],[99.774997,14.833576],[99.774073,14.833351],[99.772748,14.834141],[99.771849,14.833545],[99.771035,14.833495],[99.770462,14.832499],[99.769921,14.832334],[99.766448,14.833472],[99.763831,14.833135],[99.763273,14.832682],[99.763081,14.83214],[99.762255,14.831639],[99.760869,14.829669],[99.759194,14.829075],[99.759386,14.827326],[99.757463,14.825791],[99.750895,14.833835],[99.749112,14.844424],[99.703763,14.840915],[99.703409,14.845808],[99.688049,14.844628],[99.688465,14.839778],[99.684684,14.838233],[99.680413,14.840533],[99.680298,14.840979],[99.679901,14.841251],[99.679966,14.84226],[99.67732,14.852486],[99.678769,14.859681],[99.673788,14.866413],[99.67276,14.874909],[99.672324,14.875391],[99.668507,14.876325],[99.665456,14.887826],[99.663688,14.888654],[99.664312,14.899061],[99.673954,14.898078],[99.678156,14.904444],[99.683107,14.897934],[99.684918,14.905063],[99.690585,14.907659],[99.688495,14.911321],[99.69685,14.912208],[99.696767,14.915263],[99.704176,14.918314],[99.70572,14.92791],[99.703113,14.931437],[99.703621,14.93312],[99.699659,14.933932],[99.700155,14.936719],[99.702059,14.937534],[99.700175,14.937553],[99.701864,14.939219],[99.701815,14.94782],[99.707726,14.950108],[99.706744,14.945366],[99.709806,14.947629],[99.710097,14.951074],[99.714772,14.953721],[99.716252,14.953046],[99.717706,14.953122],[99.719096,14.948321],[99.723132,14.945691],[99.728302,14.945605],[99.730438,14.944032]]]]},"bbox":[99.663688,14.825791,99.831324,14.953721]},{"type":"Feature","id":"96c37510-d57e-4a77-b0d2-1d36744914d0","properties":{"id":"96c37510-d57e-4a77-b0d2-1d36744914d0","code":"06720304","provinceCode":"72","nameTh":"องค์การบริหารส่วนตำบล ห้วยขมิ้น","nameEn":null,"geometryType":"MUNICIPALITY","sourceUrl":"https://landometer.com/api/v2/citymeter-v3/grocery/info/geom/96c37510-d57e-4a77-b0d2-1d36744914d0/MUNICIPALITY","sourceSha256":"4bc650a7d09e3c7a5863e7954980e5f5ac63456816225240036ab4b27f7a060b","retrievedAt":"2026-10-04T05:44:18.279475+00:00","boundaryVintage":null,"geometryStatus":"native_source_polygon_display_simplified","simplificationToleranceDegrees":0.00015,"simplificationPreservesTopology":true,"invalidSourceRepair":"make_valid; retain polygonal components; discard zero-area collapsed lines","legalBoundaryIndependentlyVerified":false,"areaId":"96c37510-d57e-4a77-b0d2-1d36744914d0"},"geometry":{"type":"Polygon","coordinates":[[[99.488269,14.986528],[99.489199,14.986474],[99.489415,14.986076],[99.489741,14.986123],[99.489795,14.985749],[99.490333,14.985761],[99.49056,14.986202],[99.490928,14.986141],[99.491016,14.98586],[99.491515,14.986138],[99.491464,14.98583],[99.491668,14.985721],[99.492078,14.986025],[99.492484,14.985996],[99.492687,14.985872],[99.492686,14.985379],[99.493507,14.985472],[99.493775,14.985012],[99.494543,14.985308],[99.494723,14.98475],[99.495237,14.985321],[99.49606,14.984694],[99.496139,14.985404],[99.496982,14.985462],[99.497905,14.983947],[99.499901,14.98401],[99.50033,14.983859],[99.50048,14.983419],[99.502321,14.983954],[99.504041,14.983395],[99.505554,14.983425],[99.505794,14.984066],[99.507541,14.98437],[99.510107,14.982379],[99.510343,14.982024],[99.510275,14.981214],[99.51061,14.980728],[99.511912,14.981133],[99.513261,14.980412],[99.514474,14.980458],[99.514711,14.979933],[99.516561,14.980002],[99.518297,14.978746],[99.519646,14.978433],[99.519866,14.978624],[99.519755,14.979231],[99.520641,14.97872],[99.520899,14.979109],[99.521657,14.97888],[99.521626,14.978525],[99.522171,14.978586],[99.522466,14.978853],[99.522481,14.979515],[99.523028,14.979613],[99.523669,14.979369],[99.523878,14.979574],[99.523863,14.980272],[99.524409,14.98061],[99.525528,14.980442],[99.526401,14.980608],[99.526472,14.98031],[99.527845,14.979846],[99.527812,14.979588],[99.527395,14.979476],[99.527815,14.979021],[99.527598,14.978536],[99.528103,14.978625],[99.529232,14.978146],[99.529497,14.977462],[99.52937,14.977151],[99.530118,14.976834],[99.531165,14.975364],[99.530985,14.97446],[99.530454,14.973604],[99.530751,14.973286],[99.53146,14.973197],[99.531701,14.972883],[99.531899,14.971252],[99.531337,14.97121],[99.532249,14.969799],[99.532979,14.969731],[99.533515,14.968802],[99.53457,14.967967],[99.535741,14.967336],[99.536575,14.967489],[99.536759,14.967092],[99.537602,14.966605],[99.538535,14.966864],[99.539058,14.966089],[99.539465,14.966719],[99.539783,14.966751],[99.539814,14.966356],[99.540201,14.966484],[99.540359,14.966144],[99.540753,14.966105],[99.540644,14.96583],[99.541308,14.965728],[99.541254,14.965392],[99.543461,14.964942],[99.543649,14.964541],[99.544197,14.964293],[99.544153,14.963914],[99.544725,14.963756],[99.544506,14.96318],[99.544671,14.962963],[99.545175,14.963116],[99.545348,14.962783],[99.545645,14.963064],[99.546258,14.96288],[99.546491,14.962328],[99.546934,14.962355],[99.547121,14.961685],[99.54758,14.961722],[99.547848,14.961492],[99.54849,14.961578],[99.548592,14.962111],[99.548883,14.962251],[99.550496,14.962174],[99.551107,14.963267],[99.552031,14.96149],[99.552461,14.96238],[99.553083,14.962986],[99.555698,14.964026],[99.556176,14.963832],[99.556521,14.963265],[99.557744,14.962747],[99.562288,14.96306],[99.562191,14.962562],[99.562424,14.962213],[99.563141,14.96242],[99.564136,14.961655],[99.564617,14.962083],[99.565053,14.961528],[99.565479,14.961476],[99.565307,14.961045],[99.565498,14.959779],[99.566469,14.959983],[99.566552,14.95943],[99.567254,14.959187],[99.567757,14.958521],[99.567634,14.957916],[99.569188,14.957932],[99.569925,14.958446],[99.57024,14.957912],[99.569744,14.957194],[99.570481,14.956978],[99.570448,14.956493],[99.571089,14.956161],[99.571763,14.956174],[99.571876,14.955552],[99.572737,14.955092],[99.573445,14.955033],[99.573824,14.954645],[99.574867,14.955045],[99.574925,14.95416],[99.575461,14.953855],[99.575654,14.953226],[99.576208,14.953744],[99.575886,14.954167],[99.576302,14.954871],[99.576222,14.955261],[99.576627,14.955388],[99.576879,14.954897],[99.57856,14.953826],[99.578853,14.953478],[99.578866,14.952934],[99.580132,14.951918],[99.580816,14.951842],[99.580926,14.952281],[99.581228,14.952346],[99.582166,14.951051],[99.581335,14.950794],[99.5816,14.950409],[99.581436,14.949747],[99.581978,14.949355],[99.581864,14.948834],[99.582365,14.948635],[99.582317,14.948334],[99.581879,14.948299],[99.581925,14.948126],[99.582411,14.947908],[99.583098,14.948163],[99.582668,14.947408],[99.583188,14.947238],[99.58359,14.946547],[99.584033,14.946623],[99.586537,14.94597],[99.587428,14.946077],[99.587628,14.9453],[99.588011,14.945507],[99.588201,14.944804],[99.588462,14.945121],[99.589417,14.94492],[99.589441,14.945455],[99.589878,14.945276],[99.589685,14.945884],[99.590636,14.946279],[99.589923,14.94683],[99.590409,14.947313],[99.590498,14.947753],[99.590925,14.947765],[99.591506,14.946996],[99.591952,14.947206],[99.592011,14.947768],[99.592972,14.947527],[99.593445,14.947006],[99.595234,14.94687],[99.595121,14.947271],[99.595328,14.947335],[99.595593,14.947046],[99.596417,14.946998],[99.596004,14.946153],[99.596623,14.94597],[99.596959,14.94559],[99.597614,14.946058],[99.5984,14.944477],[99.598841,14.94503],[99.599035,14.94474],[99.599627,14.944836],[99.599947,14.944603],[99.599789,14.945565],[99.600815,14.946262],[99.601232,14.945868],[99.601591,14.946419],[99.60213,14.946076],[99.602044,14.945512],[99.602198,14.945866],[99.602751,14.945843],[99.602878,14.945229],[99.603408,14.94493],[99.604198,14.945122],[99.604382,14.945632],[99.604865,14.945428],[99.604971,14.944807],[99.605346,14.944398],[99.605408,14.944695],[99.60604,14.94496],[99.606662,14.944767],[99.606124,14.945576],[99.606674,14.945588],[99.607092,14.945065],[99.607116,14.945352],[99.607662,14.945399],[99.608136,14.945888],[99.608152,14.945452],[99.608534,14.945482],[99.608916,14.945034],[99.609239,14.944925],[99.609541,14.945245],[99.609918,14.945193],[99.60975,14.944444],[99.609277,14.944445],[99.609525,14.944274],[99.609273,14.94377],[99.610244,14.944194],[99.610684,14.944824],[99.611232,14.944108],[99.61229,14.943678],[99.612466,14.942898],[99.613223,14.943004],[99.613653,14.943416],[99.614856,14.943404],[99.615357,14.943646],[99.615908,14.943674],[99.616089,14.943319],[99.616183,14.943935],[99.61651,14.943325],[99.617038,14.94339],[99.617206,14.943076],[99.617456,14.943203],[99.617832,14.942682],[99.618209,14.942994],[99.618404,14.942207],[99.619861,14.9427],[99.620813,14.942204],[99.621747,14.942257],[99.621562,14.942036],[99.621881,14.94191],[99.622279,14.942554],[99.623169,14.94226],[99.624022,14.942688],[99.624412,14.943173],[99.62456,14.942552],[99.624807,14.942466],[99.625535,14.942881],[99.626383,14.942587],[99.627509,14.942806],[99.627983,14.942619],[99.629418,14.9432],[99.630663,14.943341],[99.630877,14.943135],[99.631322,14.943284],[99.631376,14.942947],[99.634561,14.941687],[99.635467,14.938224],[99.629986,14.929637],[99.630378,14.928677],[99.627094,14.923045],[99.632492,14.921103],[99.633988,14.916812],[99.638172,14.918346],[99.639876,14.909283],[99.639367,14.868536],[99.642251,14.867722],[99.616649,14.868596],[99.602139,14.866018],[99.599005,14.870398],[99.594405,14.872135],[99.593267,14.870345],[99.583363,14.879856],[99.574019,14.87548],[99.56784,14.878811],[99.56764,14.877048],[99.516786,14.875907],[99.506433,14.87996],[99.504361,14.877689],[99.498324,14.885581],[99.494195,14.887008],[99.493153,14.890418],[99.490414,14.892075],[99.485925,14.890765],[99.485142,14.890963],[99.475988,14.896911],[99.468672,14.895957],[99.466987,14.89217],[99.464706,14.892392],[99.462231,14.894762],[99.461517,14.900789],[99.458576,14.904923],[99.458948,14.913546],[99.450878,14.921884],[99.448458,14.937507],[99.4436,14.938816],[99.4427,14.942543],[99.437555,14.947407],[99.437009,14.956073],[99.439534,14.963348],[99.430917,14.974335],[99.432718,14.975884],[99.438387,14.975035],[99.4503,14.989136],[99.45624,14.988577],[99.46181,14.989273],[99.46972,14.989557],[99.47638,14.990857],[99.477008,14.991303],[99.477941,14.991511],[99.479682,14.990832],[99.48149,14.990581],[99.482019,14.990153],[99.482482,14.990222],[99.484799,14.988104],[99.485236,14.98835],[99.485403,14.98807],[99.485834,14.988253],[99.486064,14.988023],[99.486161,14.988643],[99.486591,14.988211],[99.48702,14.988349],[99.486964,14.987586],[99.487402,14.987798],[99.487767,14.987694],[99.488269,14.986528]]]},"bbox":[99.430917,14.866018,99.642251,14.991511]},{"type":"Feature","id":"fa9d4a91-4ad7-4f99-8e61-72610f9af59b","properties":{"id":"fa9d4a91-4ad7-4f99-8e61-72610f9af59b","code":"06720305","provinceCode":"72","nameTh":"องค์การบริหารส่วนตำบล ด่านช้าง","nameEn":null,"geometryType":"MUNICIPALITY","sourceUrl":"https://landometer.com/api/v2/citymeter-v3/grocery/info/geom/fa9d4a91-4ad7-4f99-8e61-72610f9af59b/MUNICIPALITY","sourceSha256":"e111a9c5915be9d8e239c69dbb474adb49df16ac86ca7e159ede85ea20628bda","retrievedAt":"2026-10-04T05:44:18.290324+00:00","boundaryVintage":null,"geometryStatus":"native_source_polygon_display_simplified","simplificationToleranceDegrees":0.00015,"simplificationPreservesTopology":true,"invalidSourceRepair":"make_valid; retain polygonal components; discard zero-area collapsed lines","legalBoundaryIndependentlyVerified":false,"areaId":"fa9d4a91-4ad7-4f99-8e61-72610f9af59b"},"geometry":{"type":"MultiPolygon","coordinates":[[[[99.541572,14.715496],[99.539372,14.715298],[99.53905,14.714573],[99.538439,14.714278],[99.536433,14.714454],[99.53607,14.713128],[99.53569,14.712666],[99.533423,14.711461],[99.533099,14.710741],[99.533037,14.708571],[99.532737,14.707895],[99.532218,14.707534],[99.531551,14.707403],[99.529417,14.707845],[99.527904,14.707833],[99.522315,14.704392],[99.519976,14.704434],[99.517231,14.703464],[99.516905,14.703615],[99.516573,14.704505],[99.516103,14.704514],[99.513821,14.703516],[99.512792,14.704493],[99.511097,14.705599],[99.510712,14.706761],[99.5098,14.708172],[99.509528,14.709186],[99.50883,14.709058],[99.50829,14.709374],[99.506193,14.709195],[99.505988,14.707792],[99.506491,14.707369],[99.506452,14.706965],[99.506162,14.706822],[99.505669,14.706848],[99.505129,14.707509],[99.504678,14.707258],[99.504533,14.707665],[99.503999,14.707132],[99.503789,14.707391],[99.503928,14.707775],[99.503577,14.708116],[99.503026,14.707925],[99.502712,14.708207],[99.502047,14.708018],[99.501027,14.707192],[99.500953,14.706816],[99.50025,14.706534],[99.49998,14.706647],[99.499618,14.706084],[99.499448,14.706242],[99.498797,14.705944],[99.498387,14.705457],[99.49842,14.705003],[99.497745,14.704688],[99.496966,14.705336],[99.495382,14.705392],[99.493424,14.704621],[99.491916,14.704664],[99.491305,14.705031],[99.490955,14.705857],[99.489204,14.707014],[99.486297,14.70837],[99.48516,14.708486],[99.486957,14.712073],[99.487158,14.713307],[99.488254,14.7145],[99.489055,14.716027],[99.488938,14.716286],[99.487472,14.716135],[99.486665,14.715703],[99.483582,14.714879],[99.480646,14.715231],[99.481002,14.716465],[99.479157,14.717908],[99.478437,14.719409],[99.478741,14.722305],[99.476917,14.72056],[99.475768,14.717938],[99.4746,14.716197],[99.471033,14.717478],[99.470573,14.716444],[99.467286,14.717165],[99.467037,14.716901],[99.466269,14.717024],[99.464084,14.719007],[99.458981,14.729461],[99.450266,14.730714],[99.449306,14.730555],[99.44801,14.731132],[99.446418,14.734993],[99.453987,14.741717],[99.453821,14.748345],[99.451106,14.756659],[99.453865,14.761252],[99.450873,14.764713],[99.455751,14.770008],[99.457558,14.783667],[99.460395,14.78531],[99.465278,14.785072],[99.470699,14.804775],[99.470583,14.811828],[99.467958,14.818079],[99.464335,14.821784],[99.465048,14.829114],[99.471134,14.833422],[99.471979,14.840085],[99.485578,14.847104],[99.484116,14.848968],[99.497154,14.841512],[99.502561,14.83566],[99.506762,14.82752],[99.507206,14.82242],[99.511838,14.820098],[99.516108,14.803302],[99.529541,14.809693],[99.536472,14.809913],[99.543609,14.814409],[99.545733,14.820374],[99.553514,14.82118],[99.555774,14.818389],[99.56184,14.81671],[99.562535,14.813653],[99.568356,14.812065],[99.569314,14.813433],[99.575089,14.813641],[99.575055,14.810467],[99.589647,14.817183],[99.591659,14.824076],[99.610685,14.812675],[99.614827,14.817941],[99.612048,14.819465],[99.613602,14.82512],[99.621385,14.830857],[99.62095,14.834771],[99.62221,14.834916],[99.624286,14.846458],[99.642251,14.867722],[99.658129,14.869852],[99.658317,14.87136],[99.666232,14.873127],[99.668507,14.876325],[99.672324,14.875391],[99.67276,14.874909],[99.673788,14.866413],[99.678769,14.859681],[99.67732,14.852486],[99.679966,14.84226],[99.679901,14.841251],[99.680298,14.840979],[99.680413,14.840533],[99.684684,14.838233],[99.688465,14.839778],[99.690042,14.82141],[99.687403,14.822728],[99.68543,14.822871],[99.684685,14.823145],[99.683844,14.822206],[99.682332,14.822777],[99.681526,14.82204],[99.680396,14.822019],[99.680139,14.822233],[99.679771,14.821805],[99.677965,14.821579],[99.677414,14.81854],[99.676321,14.818931],[99.675347,14.818666],[99.66998,14.821513],[99.667661,14.823126],[99.664177,14.824546],[99.66224,14.825007],[99.662429,14.824401],[99.662279,14.824066],[99.661896,14.824005],[99.661874,14.823466],[99.66219,14.823394],[99.662052,14.822878],[99.661449,14.82287],[99.662242,14.821992],[99.662181,14.821692],[99.661325,14.821936],[99.660767,14.82147],[99.659806,14.821445],[99.659067,14.821617],[99.659336,14.821837],[99.659255,14.822491],[99.658815,14.822328],[99.658444,14.822653],[99.657747,14.822245],[99.656868,14.822412],[99.654847,14.821119],[99.654364,14.819898],[99.654007,14.81959],[99.652867,14.819658],[99.652559,14.819367],[99.653202,14.818593],[99.652572,14.818403],[99.652141,14.817881],[99.651827,14.816562],[99.653431,14.81628],[99.653022,14.81373],[99.653483,14.813191],[99.653841,14.81205],[99.654228,14.812017],[99.654418,14.812453],[99.654644,14.81245],[99.654786,14.811133],[99.655376,14.810765],[99.655303,14.810237],[99.655546,14.809827],[99.656485,14.809412],[99.656285,14.809166],[99.655867,14.809174],[99.656114,14.808941],[99.656254,14.808116],[99.655736,14.808077],[99.655561,14.808497],[99.655027,14.808321],[99.655045,14.808048],[99.653886,14.806683],[99.653358,14.806581],[99.654998,14.805024],[99.654367,14.804413],[99.653431,14.804322],[99.652835,14.802116],[99.649901,14.801414],[99.643039,14.801904],[99.641986,14.799758],[99.642279,14.798714],[99.642172,14.798183],[99.641913,14.798017],[99.640741,14.798742],[99.64051,14.799316],[99.63873,14.798632],[99.637755,14.798782],[99.637344,14.799606],[99.635398,14.800017],[99.635056,14.800649],[99.634359,14.801081],[99.632782,14.801256],[99.632329,14.80084],[99.631641,14.80091],[99.630993,14.800446],[99.630665,14.800684],[99.630021,14.800564],[99.629084,14.801032],[99.628792,14.799657],[99.626821,14.798774],[99.624064,14.795751],[99.623289,14.795385],[99.622948,14.794948],[99.622867,14.794288],[99.623166,14.794108],[99.623253,14.793686],[99.623044,14.793424],[99.623354,14.793081],[99.62347,14.792006],[99.623001,14.79165],[99.621799,14.791806],[99.621705,14.790773],[99.621054,14.790663],[99.620998,14.790288],[99.620515,14.790168],[99.620213,14.789579],[99.619916,14.789835],[99.619335,14.789761],[99.619102,14.789151],[99.618481,14.789263],[99.618249,14.788585],[99.617914,14.789144],[99.617185,14.788984],[99.616233,14.789414],[99.61573,14.788887],[99.614186,14.789281],[99.614261,14.788664],[99.613479,14.788404],[99.613358,14.787601],[99.612682,14.787354],[99.612473,14.786617],[99.611709,14.785775],[99.610409,14.785242],[99.609694,14.785881],[99.608788,14.785489],[99.607951,14.785505],[99.607853,14.785945],[99.608263,14.786596],[99.606944,14.786642],[99.606651,14.78697],[99.606043,14.787117],[99.605817,14.786901],[99.605975,14.786139],[99.605486,14.785593],[99.605094,14.785539],[99.604638,14.785879],[99.604591,14.786331],[99.603751,14.786137],[99.604013,14.785643],[99.603239,14.785778],[99.60299,14.785225],[99.601381,14.785555],[99.601156,14.785267],[99.601632,14.784845],[99.601343,14.784756],[99.600827,14.78526],[99.60031,14.785271],[99.600496,14.785662],[99.600034,14.786159],[99.600105,14.786641],[99.599613,14.786489],[99.598154,14.786767],[99.598107,14.787142],[99.597781,14.787301],[99.597993,14.787662],[99.598401,14.787711],[99.598418,14.787955],[99.597762,14.787978],[99.597714,14.7885],[99.597116,14.78842],[99.596719,14.78874],[99.596376,14.788617],[99.59656,14.789283],[99.596035,14.789061],[99.595714,14.7894],[99.595318,14.78912],[99.594934,14.789274],[99.594653,14.788955],[99.594039,14.789185],[99.593082,14.788962],[99.592951,14.788606],[99.592245,14.788148],[99.59184,14.788522],[99.591494,14.787451],[99.591111,14.787105],[99.590317,14.786941],[99.590484,14.786475],[99.59016,14.786246],[99.590205,14.785219],[99.589907,14.784942],[99.589228,14.784785],[99.589344,14.785199],[99.589056,14.785371],[99.588494,14.784818],[99.587906,14.785555],[99.587829,14.785166],[99.586671,14.785196],[99.586683,14.78486],[99.586166,14.784834],[99.58561,14.784305],[99.585166,14.784879],[99.584355,14.78458],[99.582839,14.785429],[99.582655,14.786025],[99.582944,14.786755],[99.582472,14.788061],[99.580512,14.788034],[99.580263,14.788742],[99.579138,14.788915],[99.578844,14.788385],[99.578478,14.78834],[99.577957,14.78865],[99.577891,14.789242],[99.577569,14.789318],[99.577666,14.788953],[99.577122,14.788676],[99.577081,14.787689],[99.576401,14.786131],[99.576201,14.786065],[99.57588,14.786489],[99.574841,14.785771],[99.57484,14.78538],[99.575178,14.785072],[99.574877,14.784711],[99.57514,14.784429],[99.575154,14.783919],[99.574859,14.783942],[99.574496,14.78357],[99.573147,14.783983],[99.573375,14.783028],[99.573115,14.782907],[99.573049,14.783145],[99.572576,14.783198],[99.571319,14.779778],[99.57144,14.779602],[99.571759,14.779922],[99.571892,14.779442],[99.572271,14.779289],[99.572462,14.778203],[99.573126,14.778649],[99.573254,14.778065],[99.572542,14.777943],[99.572453,14.777695],[99.573217,14.777516],[99.573685,14.776821],[99.57336,14.77613],[99.573676,14.775722],[99.573862,14.774172],[99.574642,14.774148],[99.574829,14.773374],[99.575168,14.773484],[99.575551,14.773256],[99.575862,14.77361],[99.576553,14.773111],[99.576485,14.772777],[99.575966,14.772748],[99.576568,14.772272],[99.576976,14.772447],[99.57656,14.771132],[99.577382,14.771005],[99.577795,14.770142],[99.578409,14.770189],[99.578542,14.769946],[99.578089,14.76988],[99.577562,14.769232],[99.577674,14.768775],[99.577183,14.767997],[99.577176,14.767389],[99.576407,14.766542],[99.576698,14.766296],[99.576193,14.765307],[99.57613,14.764557],[99.576882,14.763856],[99.576537,14.763642],[99.576925,14.762867],[99.576451,14.762824],[99.57646,14.762482],[99.577057,14.762089],[99.577052,14.761786],[99.577533,14.76159],[99.577164,14.761017],[99.577383,14.760555],[99.57706,14.760194],[99.577395,14.759652],[99.576753,14.759166],[99.57649,14.758532],[99.576913,14.757708],[99.576665,14.757082],[99.576257,14.75682],[99.576379,14.755115],[99.576215,14.754641],[99.576689,14.754244],[99.576641,14.753221],[99.577602,14.752663],[99.57677,14.75033],[99.577647,14.748286],[99.577246,14.748233],[99.576994,14.747445],[99.576493,14.747484],[99.576355,14.747062],[99.575313,14.746353],[99.575472,14.74508],[99.575153,14.744048],[99.574199,14.742825],[99.574209,14.740844],[99.572485,14.737829],[99.572446,14.735277],[99.572034,14.733427],[99.572184,14.731395],[99.571839,14.730816],[99.572007,14.730047],[99.571142,14.72858],[99.571493,14.726015],[99.570803,14.725627],[99.570423,14.724978],[99.569871,14.724804],[99.568824,14.723139],[99.568807,14.722411],[99.569502,14.720694],[99.569017,14.718398],[99.569068,14.717123],[99.569797,14.714529],[99.569395,14.713476],[99.568838,14.712936],[99.568871,14.711652],[99.566931,14.70945],[99.564685,14.709748],[99.563333,14.709625],[99.561334,14.71037],[99.559645,14.709147],[99.558355,14.708672],[99.557227,14.708573],[99.555683,14.70756],[99.544963,14.708843],[99.545323,14.709658],[99.545205,14.710457],[99.544251,14.711194],[99.543638,14.713664],[99.542812,14.714442],[99.542785,14.715377],[99.542112,14.716245],[99.541572,14.715496]]],[[[99.754434,14.826285],[99.752265,14.82601],[99.750647,14.824626],[99.749563,14.824588],[99.748951,14.825048],[99.749627,14.826485],[99.749144,14.827106],[99.748702,14.827216],[99.748278,14.826887],[99.746415,14.826723],[99.744418,14.824898],[99.741794,14.824277],[99.741499,14.823894],[99.742495,14.820936],[99.741995,14.819593],[99.741426,14.819497],[99.740451,14.819844],[99.739936,14.819662],[99.73881,14.819975],[99.738223,14.819068],[99.738429,14.817737],[99.737444,14.816433],[99.736161,14.815414],[99.735076,14.815388],[99.734612,14.815709],[99.733841,14.817153],[99.732928,14.81735],[99.732027,14.817138],[99.73105,14.817738],[99.728083,14.817879],[99.724692,14.816049],[99.724211,14.814872],[99.723627,14.81464],[99.721495,14.815837],[99.721473,14.817083],[99.720827,14.81766],[99.720499,14.816946],[99.719569,14.816188],[99.718551,14.814583],[99.716675,14.814521],[99.715081,14.815221],[99.714129,14.816144],[99.713908,14.81713],[99.713521,14.817577],[99.711664,14.818706],[99.710461,14.819005],[99.709388,14.81894],[99.707716,14.818035],[99.706539,14.818097],[99.706012,14.818266],[99.705495,14.818507],[99.705293,14.818645],[99.70556,14.818478],[99.703763,14.840915],[99.749112,14.844424],[99.750895,14.833835],[99.757308,14.825809],[99.757983,14.826389],[99.758057,14.8261],[99.757228,14.825705],[99.754434,14.826285]]]]},"bbox":[99.446418,14.703464,99.758057,14.876325]},{"type":"Feature","id":"d9dab4d1-2678-428e-bf56-90f2c9dee746","properties":{"id":"d9dab4d1-2678-428e-bf56-90f2c9dee746","code":"06720306","provinceCode":"72","nameTh":"องค์การบริหารส่วนตำบล นิคมกระเสียว","nameEn":null,"geometryType":"MUNICIPALITY","sourceUrl":"https://landometer.com/api/v2/citymeter-v3/grocery/info/geom/d9dab4d1-2678-428e-bf56-90f2c9dee746/MUNICIPALITY","sourceSha256":"a8d9e8b318c260db5840a3499cc0abc96f5631bbf65a42124eebc4208bafebee","retrievedAt":"2026-10-04T05:44:18.314675+00:00","boundaryVintage":null,"geometryStatus":"native_source_polygon_display_simplified","simplificationToleranceDegrees":0.00015,"simplificationPreservesTopology":true,"invalidSourceRepair":"make_valid; retain polygonal components; discard zero-area collapsed lines","legalBoundaryIndependentlyVerified":false,"areaId":"d9dab4d1-2678-428e-bf56-90f2c9dee746"},"geometry":{"type":"Polygon","coordinates":[[[99.485142,14.890963],[99.485925,14.890765],[99.490414,14.892075],[99.493153,14.890418],[99.494195,14.887008],[99.498324,14.885581],[99.504361,14.877689],[99.506433,14.87996],[99.516786,14.875907],[99.56764,14.877048],[99.56784,14.878811],[99.574019,14.87548],[99.583363,14.879856],[99.593267,14.870345],[99.594405,14.872135],[99.599005,14.870398],[99.602139,14.866018],[99.616649,14.868596],[99.642251,14.867722],[99.624286,14.846458],[99.62221,14.834916],[99.62095,14.834771],[99.621385,14.830857],[99.613602,14.82512],[99.612048,14.819465],[99.614827,14.817941],[99.610685,14.812675],[99.591659,14.824076],[99.589647,14.817183],[99.575055,14.810467],[99.575089,14.813641],[99.569314,14.813433],[99.568356,14.812065],[99.562535,14.813653],[99.56184,14.81671],[99.555774,14.818389],[99.553514,14.82118],[99.545733,14.820374],[99.543609,14.814409],[99.536472,14.809913],[99.529541,14.809693],[99.516108,14.803302],[99.511838,14.820098],[99.507206,14.82242],[99.506762,14.82752],[99.502561,14.83566],[99.497154,14.841512],[99.482522,14.849879],[99.476056,14.859241],[99.471555,14.862384],[99.466768,14.871865],[99.462497,14.87479],[99.463053,14.883329],[99.468672,14.895957],[99.475988,14.896911],[99.485142,14.890963]]]},"bbox":[99.462497,14.803302,99.642251,14.896911]},{"type":"Feature","id":"d468f8cb-f2ee-42a5-83af-4e9a2b8aee6a","properties":{"id":"d468f8cb-f2ee-42a5-83af-4e9a2b8aee6a","code":"06720307","provinceCode":"72","nameTh":"องค์การบริหารส่วนตำบล วังยาว","nameEn":null,"geometryType":"MUNICIPALITY","sourceUrl":"https://landometer.com/api/v2/citymeter-v3/grocery/info/geom/d468f8cb-f2ee-42a5-83af-4e9a2b8aee6a/MUNICIPALITY","sourceSha256":"8396c069968ec2897e791dd80b7655aaa6c48d009f9acb451256702c16daa3fb","retrievedAt":"2026-10-04T05:44:18.374932+00:00","boundaryVintage":null,"geometryStatus":"native_source_polygon_display_simplified","simplificationToleranceDegrees":0.00015,"simplificationPreservesTopology":true,"invalidSourceRepair":"make_valid; retain polygonal components; discard zero-area collapsed lines","legalBoundaryIndependentlyVerified":false,"areaId":"d468f8cb-f2ee-42a5-83af-4e9a2b8aee6a"},"geometry":{"type":"Polygon","coordinates":[[[99.28338,14.997036],[99.275962,15.004477],[99.275974,15.013383],[99.281603,15.018184],[99.283611,15.023851],[99.286191,15.028512],[99.287265,15.031435],[99.288888,15.037501],[99.292546,15.043198],[99.293894,15.046088],[99.296196,15.049943],[99.300956,15.05543],[99.303178,15.06227],[99.308062,15.066361],[99.313251,15.071915],[99.319346,15.076579],[99.319822,15.080905],[99.339428,15.080489],[99.341373,15.077781],[99.343615,15.075772],[99.34822,15.070974],[99.355047,15.061497],[99.370594,15.050943],[99.374536,15.049495],[99.381632,15.051119],[99.385432,15.047829],[99.393809,15.049775],[99.394889,15.050348],[99.396397,15.052482],[99.396996,15.052704],[99.398971,15.051599],[99.401517,15.049523],[99.40321,15.045307],[99.415861,15.047346],[99.416752,15.046029],[99.417119,15.040031],[99.416009,15.037291],[99.417019,15.035514],[99.418605,15.031009],[99.421593,15.026254],[99.42219,15.023962],[99.423971,15.020987],[99.426397,15.015002],[99.429368,15.012749],[99.433241,15.008881],[99.435905,15.007544],[99.436001,14.999537],[99.440348,14.996168],[99.441122,14.995369],[99.44108,14.995014],[99.441587,14.994794],[99.444971,14.991201],[99.45031,14.989132],[99.438387,14.975035],[99.432718,14.975884],[99.430917,14.974335],[99.439534,14.963348],[99.437009,14.956073],[99.437555,14.947407],[99.4427,14.942543],[99.4436,14.938816],[99.448458,14.937507],[99.450878,14.921884],[99.458948,14.913546],[99.458576,14.904923],[99.461517,14.900789],[99.462231,14.894762],[99.464706,14.892392],[99.466987,14.89217],[99.463053,14.883329],[99.462375,14.873155],[99.459221,14.870791],[99.458661,14.866511],[99.453792,14.864414],[99.449335,14.854958],[99.440972,14.844205],[99.43151,14.839177],[99.426484,14.829311],[99.421833,14.828091],[99.417099,14.822482],[99.414398,14.825641],[99.414538,14.831481],[99.411981,14.833576],[99.402612,14.82844],[99.400822,14.830256],[99.397626,14.828683],[99.395587,14.822625],[99.391485,14.819414],[99.391833,14.817804],[99.385381,14.817691],[99.38097,14.814432],[99.381584,14.82248],[99.385082,14.832803],[99.382482,14.838452],[99.388739,14.848348],[99.390717,14.860222],[99.393437,14.86261],[99.393398,14.870674],[99.390431,14.87249],[99.38848,14.870668],[99.390038,14.870132],[99.389902,14.867829],[99.385276,14.864317],[99.380206,14.867053],[99.377144,14.864626],[99.376796,14.864737],[99.374556,14.867443],[99.374055,14.869378],[99.373153,14.869138],[99.369825,14.873158],[99.365193,14.870094],[99.361764,14.870744],[99.359165,14.869196],[99.356599,14.873014],[99.347312,14.875532],[99.342093,14.879526],[99.330223,14.880032],[99.326942,14.882646],[99.330654,14.890113],[99.324414,14.890376],[99.321003,14.895087],[99.322241,14.895584],[99.324473,14.899437],[99.324792,14.906135],[99.324291,14.92281],[99.325014,14.941627],[99.320358,14.948612],[99.314835,14.955976],[99.313708,14.96293],[99.306024,14.97087],[99.30448,14.974565],[99.300365,14.975959],[99.292621,14.981219],[99.283318,14.989085],[99.282748,14.993323],[99.28338,14.997036]]]},"bbox":[99.275962,14.814432,99.466987,15.080905]},{"type":"Feature","id":"12707fdf-4ac3-4f99-bbf7-15c270f53661","properties":{"id":"12707fdf-4ac3-4f99-bbf7-15c270f53661","code":"06720308","provinceCode":"72","nameTh":"องค์การบริหารส่วนตำบล องค์พระ","nameEn":null,"geometryType":"MUNICIPALITY","sourceUrl":"https://landometer.com/api/v2/citymeter-v3/grocery/info/geom/12707fdf-4ac3-4f99-bbf7-15c270f53661/MUNICIPALITY","sourceSha256":"e32f5e84a8a299b70fb9ad6f9b1aaf655cad5352dd1aee142e3bd0111fd667e6","retrievedAt":"2026-10-04T05:44:18.329375+00:00","boundaryVintage":null,"geometryStatus":"native_source_polygon_display_simplified","simplificationToleranceDegrees":0.00015,"simplificationPreservesTopology":true,"invalidSourceRepair":"make_valid; retain polygonal components; discard zero-area collapsed lines","legalBoundaryIndependentlyVerified":false,"areaId":"12707fdf-4ac3-4f99-bbf7-15c270f53661"},"geometry":{"type":"Polygon","coordinates":[[[99.292124,14.833342],[99.291484,14.850141],[99.28728,14.855765],[99.286986,14.861092],[99.287231,14.864662],[99.289758,14.864366],[99.291806,14.865241],[99.295001,14.869393],[99.3006,14.871551],[99.302767,14.87707],[99.305681,14.882185],[99.311626,14.88261],[99.313434,14.883575],[99.31763,14.893733],[99.321037,14.89509],[99.324414,14.890376],[99.330654,14.890113],[99.326942,14.882646],[99.330223,14.880032],[99.342093,14.879526],[99.347312,14.875532],[99.356599,14.873014],[99.359165,14.869196],[99.361764,14.870744],[99.365193,14.870094],[99.369825,14.873158],[99.373153,14.869138],[99.374055,14.869378],[99.374556,14.867443],[99.376796,14.864737],[99.377144,14.864626],[99.380206,14.867053],[99.385276,14.864317],[99.389902,14.867829],[99.390038,14.870132],[99.38848,14.870668],[99.390431,14.87249],[99.393398,14.870674],[99.393437,14.86261],[99.390717,14.860222],[99.388739,14.848348],[99.382482,14.838452],[99.385082,14.832803],[99.381584,14.82248],[99.38097,14.814432],[99.385381,14.817691],[99.391833,14.817804],[99.391485,14.819414],[99.395587,14.822625],[99.397626,14.828683],[99.400822,14.830256],[99.402612,14.82844],[99.411981,14.833576],[99.414538,14.831481],[99.414398,14.825641],[99.417099,14.822482],[99.421833,14.828091],[99.426484,14.829311],[99.43151,14.839177],[99.440972,14.844205],[99.449335,14.854958],[99.453792,14.864414],[99.458661,14.866511],[99.459102,14.870542],[99.462375,14.873155],[99.462497,14.87479],[99.466768,14.871865],[99.471555,14.862384],[99.476056,14.859241],[99.482522,14.849879],[99.484116,14.848968],[99.485578,14.847104],[99.471979,14.840085],[99.471134,14.833422],[99.465048,14.829114],[99.464335,14.821784],[99.467958,14.818079],[99.470583,14.811828],[99.470699,14.804775],[99.465278,14.785072],[99.460395,14.78531],[99.457558,14.783667],[99.455751,14.770008],[99.450873,14.764713],[99.453865,14.761252],[99.451106,14.756659],[99.453821,14.748345],[99.453987,14.741717],[99.446418,14.734993],[99.448023,14.73113],[99.446075,14.732087],[99.44545,14.731244],[99.443072,14.731643],[99.442086,14.732125],[99.442346,14.732538],[99.442351,14.733749],[99.443398,14.736674],[99.443226,14.738679],[99.444591,14.741173],[99.441396,14.742259],[99.440266,14.742421],[99.439361,14.742945],[99.438693,14.744406],[99.436352,14.748166],[99.434519,14.749758],[99.43384,14.752387],[99.43281,14.754586],[99.43279,14.757684],[99.433151,14.761821],[99.434572,14.767867],[99.434587,14.772678],[99.433753,14.773597],[99.433447,14.776141],[99.41497,14.776091],[99.404626,14.772066],[99.403976,14.771282],[99.402931,14.770551],[99.400827,14.771733],[99.400659,14.770464],[99.399556,14.769886],[99.398697,14.768855],[99.397734,14.769482],[99.397219,14.769045],[99.397875,14.768437],[99.397968,14.767978],[99.39778,14.767819],[99.39685,14.767921],[99.396269,14.768735],[99.394618,14.769159],[99.394264,14.769063],[99.393772,14.769351],[99.393271,14.769227],[99.392493,14.768007],[99.392822,14.766911],[99.393299,14.766843],[99.393244,14.76636],[99.392511,14.765929],[99.392267,14.765386],[99.39123,14.766147],[99.390302,14.76653],[99.38972,14.766447],[99.388388,14.764763],[99.387852,14.764771],[99.387584,14.765072],[99.38799,14.765299],[99.388025,14.765748],[99.387763,14.766089],[99.387044,14.766335],[99.386467,14.765963],[99.385955,14.766211],[99.385728,14.766635],[99.384641,14.766034],[99.383107,14.766546],[99.380733,14.764811],[99.380223,14.764906],[99.380309,14.76534],[99.379696,14.765672],[99.377642,14.765466],[99.378062,14.766524],[99.377713,14.767041],[99.376616,14.766904],[99.376161,14.767397],[99.375707,14.767069],[99.375581,14.767233],[99.375836,14.768269],[99.376647,14.768555],[99.376453,14.76919],[99.375538,14.769458],[99.373668,14.770586],[99.372907,14.770076],[99.372418,14.770565],[99.371599,14.770198],[99.371442,14.770386],[99.371658,14.770858],[99.370534,14.77096],[99.369836,14.770027],[99.36972,14.770683],[99.369217,14.77069],[99.368535,14.771423],[99.368113,14.770945],[99.367452,14.770837],[99.367051,14.770159],[99.366437,14.769996],[99.365877,14.770422],[99.365839,14.770867],[99.365391,14.771392],[99.364894,14.771344],[99.364588,14.771647],[99.364343,14.773432],[99.364691,14.774943],[99.364092,14.775418],[99.363278,14.774978],[99.363143,14.775192],[99.363387,14.775512],[99.362934,14.775496],[99.362662,14.775919],[99.362163,14.775811],[99.362321,14.776204],[99.361118,14.776757],[99.360809,14.777202],[99.359693,14.77691],[99.3587,14.777762],[99.358458,14.77749],[99.358203,14.777717],[99.357913,14.777548],[99.35778,14.778189],[99.357335,14.777827],[99.357091,14.778195],[99.355857,14.778059],[99.355326,14.777089],[99.354121,14.77659],[99.35335,14.777462],[99.352669,14.777712],[99.352023,14.779169],[99.350693,14.779325],[99.350002,14.780502],[99.348602,14.781791],[99.348347,14.78243],[99.347563,14.782639],[99.347012,14.782368],[99.34574,14.782455],[99.344801,14.782763],[99.344213,14.783351],[99.343231,14.783102],[99.343007,14.783578],[99.342359,14.78407],[99.341572,14.784226],[99.340966,14.786628],[99.339026,14.788379],[99.338523,14.790368],[99.337792,14.791068],[99.336895,14.791229],[99.336621,14.791723],[99.336211,14.791424],[99.335687,14.792409],[99.335328,14.792432],[99.335354,14.792938],[99.334741,14.793726],[99.33518,14.794104],[99.334755,14.795843],[99.33484,14.797836],[99.3355,14.798334],[99.335809,14.798943],[99.33578,14.800033],[99.335312,14.800518],[99.333687,14.801357],[99.333943,14.801677],[99.333674,14.802173],[99.333269,14.802791],[99.332359,14.803111],[99.332237,14.803833],[99.330924,14.805464],[99.330637,14.806349],[99.32957,14.806567],[99.32938,14.807129],[99.328832,14.807471],[99.328658,14.808133],[99.327531,14.807756],[99.326525,14.808481],[99.327139,14.810022],[99.320539,14.811695],[99.317648,14.812852],[99.314787,14.814436],[99.312733,14.812997],[99.309627,14.812835],[99.308021,14.815679],[99.304326,14.827442],[99.292124,14.833342]]]},"bbox":[99.286986,14.73113,99.485578,14.89509]},{"type":"Feature","id":"a817aad2-cc4b-4e39-82db-ed48e4d00093","properties":{"id":"a817aad2-cc4b-4e39-82db-ed48e4d00093","code":"06720408","provinceCode":"72","nameTh":"องค์การบริหารส่วนตำบล บางปลาม้า","nameEn":null,"geometryType":"MUNICIPALITY","sourceUrl":"https://landometer.com/api/v2/citymeter-v3/grocery/info/geom/a817aad2-cc4b-4e39-82db-ed48e4d00093/MUNICIPALITY","sourceSha256":"5bf439e2754fee18a1787ae85f820ef361cd29dc7f14d3736bce1cc565da2c3f","retrievedAt":"2026-10-04T05:44:18.330682+00:00","boundaryVintage":null,"geometryStatus":"native_source_polygon_display_simplified","simplificationToleranceDegrees":0.00015,"simplificationPreservesTopology":true,"invalidSourceRepair":"make_valid; retain polygonal components; discard zero-area collapsed lines","legalBoundaryIndependentlyVerified":false,"areaId":"a817aad2-cc4b-4e39-82db-ed48e4d00093"},"geometry":{"type":"Polygon","coordinates":[[[100.131613,14.430864],[100.132194,14.431289],[100.132385,14.430697],[100.13316,14.431107],[100.133629,14.429868],[100.134789,14.430335],[100.135893,14.430133],[100.136714,14.431031],[100.13748,14.430545],[100.137672,14.43011],[100.137461,14.429569],[100.136845,14.429249],[100.137367,14.428576],[100.137169,14.42844],[100.135932,14.428805],[100.133911,14.427421],[100.134727,14.419485],[100.132616,14.411934],[100.129228,14.412989],[100.115191,14.408363],[100.116785,14.398559],[100.13999,14.391149],[100.142943,14.400979],[100.148192,14.396859],[100.151621,14.396112],[100.154963,14.396977],[100.154904,14.397363],[100.155851,14.396911],[100.157174,14.397818],[100.154843,14.40055],[100.155294,14.402302],[100.161416,14.399248],[100.164246,14.399309],[100.164829,14.393656],[100.165876,14.393252],[100.165887,14.392176],[100.166822,14.391816],[100.166166,14.390766],[100.166315,14.390939],[100.167147,14.390618],[100.167162,14.390391],[100.163743,14.38981],[100.16305,14.389378],[100.162593,14.388701],[100.162468,14.387479],[100.163233,14.38446],[100.162286,14.381178],[100.161621,14.380331],[100.160498,14.379696],[100.158992,14.37963],[100.15795,14.379995],[100.156579,14.378707],[100.155579,14.378435],[100.155154,14.376945],[100.15503,14.376741],[100.153407,14.374674],[100.154017,14.375451],[100.153029,14.375812],[100.15167,14.374179],[100.15058,14.374577],[100.15064488624672,14.374772656990148],[100.150081,14.374565],[100.149567,14.374701],[100.149886,14.37566],[100.148522,14.375897],[100.147756,14.373865],[100.147768,14.375893],[100.144565,14.375328],[100.144387,14.373141],[100.14231,14.374578],[100.140289,14.371426],[100.138251,14.37258],[100.13758,14.370729],[100.13209,14.37233],[100.131885,14.372145],[100.129407,14.373112],[100.132713,14.373154],[100.135549,14.382617],[100.129506,14.383418],[100.127085,14.378462],[100.120081,14.382028],[100.103506,14.374766],[100.104797,14.371281],[100.099574,14.367651],[100.098896,14.361148],[100.091889,14.361804],[100.090439,14.361462],[100.089802,14.360115],[100.0891,14.359345],[100.085937,14.364553],[100.085633,14.368883],[100.088228,14.380289],[100.084454,14.382637],[100.083181,14.385774],[100.083281,14.394438],[100.084998,14.395368],[100.082136,14.399865],[100.082708,14.403635],[100.080042,14.40407],[100.079319,14.407078],[100.082103,14.410305],[100.087744,14.413622],[100.087579,14.418185],[100.092194,14.419044],[100.094572,14.418532],[100.09478,14.418969],[100.096872,14.418277],[100.097033,14.41855],[100.099306,14.417823],[100.099684,14.419798],[100.100481,14.419532],[100.100555,14.419983],[100.100489,14.421234],[100.09995,14.421114],[100.099889,14.422846],[100.10073,14.422938],[100.100616,14.423594],[100.100038,14.423535],[100.099919,14.424202],[100.102293,14.424604],[100.102415,14.427172],[100.105869,14.426601],[100.106055,14.428824],[100.107915,14.428307],[100.108426,14.429729],[100.109955,14.429594],[100.110045,14.429909],[100.11103,14.430164],[100.111361,14.429962],[100.112066,14.430127],[100.112672,14.429976],[100.112514,14.42951],[100.112994,14.42922],[100.113868,14.429402],[100.114476,14.427775],[100.114989,14.428111],[100.115507,14.427707],[100.11533,14.427501],[100.116654,14.426784],[100.117626,14.427766],[100.117974,14.427251],[100.118561,14.42751],[100.118746,14.427118],[100.119543,14.427462],[100.118988,14.429667],[100.119539,14.429568],[100.119852,14.430164],[100.121592,14.431575],[100.127852,14.428728],[100.131251,14.431268],[100.131613,14.430864]],[[100.151064,14.374927],[100.150645,14.374773],[100.15064488624672,14.374772656990148],[100.151064,14.374927]]]},"bbox":[100.079319,14.359345,100.167162,14.431575]},{"type":"Feature","id":"e6391623-7c60-4f96-ae5f-0925bbcae008","properties":{"id":"e6391623-7c60-4f96-ae5f-0925bbcae008","code":"06720409","provinceCode":"72","nameTh":"องค์การบริหารส่วนตำบล สาลี","nameEn":null,"geometryType":"MUNICIPALITY","sourceUrl":"https://landometer.com/api/v2/citymeter-v3/grocery/info/geom/e6391623-7c60-4f96-ae5f-0925bbcae008/MUNICIPALITY","sourceSha256":"d2c202299fc9e2ef3d49c2d54b97070dc70a3b62998941446537037c81353674","retrievedAt":"2026-10-04T05:44:18.338082+00:00","boundaryVintage":null,"geometryStatus":"native_source_polygon_display_simplified","simplificationToleranceDegrees":0.00015,"simplificationPreservesTopology":true,"invalidSourceRepair":"make_valid; retain polygonal components; discard zero-area collapsed lines","legalBoundaryIndependentlyVerified":false,"areaId":"e6391623-7c60-4f96-ae5f-0925bbcae008"},"geometry":{"type":"Polygon","coordinates":[[[100.222796,14.332047],[100.232425,14.334036],[100.232564,14.333917],[100.232384,14.333787],[100.23883,14.328524],[100.236093,14.318085],[100.238429,14.315669],[100.238148,14.312164],[100.242309,14.303459],[100.242465,14.29723],[100.247258,14.296971],[100.247373,14.298485],[100.249414,14.298527],[100.249083,14.295899],[100.250356,14.295424],[100.253169,14.300307],[100.255752,14.299142],[100.253859,14.295668],[100.252094,14.293549],[100.250848,14.291612],[100.250676,14.290175],[100.250975,14.288917],[100.251049,14.286948],[100.24973,14.280317],[100.248273,14.276777],[100.248048,14.275433],[100.248645,14.272752],[100.248776,14.270978],[100.250678,14.266666],[100.25086,14.262644],[100.249691,14.256722],[100.248332,14.252106],[100.243384,14.243403],[100.24339,14.241038],[100.236821,14.241083],[100.233651,14.241557],[100.233727,14.241997],[100.228973,14.241639],[100.22584,14.241091],[100.225893,14.239272],[100.22503,14.238296],[100.224237,14.237829],[100.223507,14.236847],[100.222911,14.237575],[100.221849,14.240612],[100.211423,14.243145],[100.212182,14.247627],[100.212257,14.25084],[100.208218,14.250865],[100.207062,14.254834],[100.204581,14.254536],[100.205216,14.259417],[100.203666,14.25968],[100.203732,14.262435],[100.201376,14.264704],[100.203636,14.268233],[100.192827,14.282111],[100.192139,14.289431],[100.188437,14.295842],[100.187248,14.303269],[100.184777,14.304767],[100.193884,14.305713],[100.191216,14.314208],[100.192365,14.315227],[100.189859,14.317527],[100.189456,14.319938],[100.19243,14.321334],[100.191015,14.322785],[100.194194,14.329156],[100.198264,14.332436],[100.206477,14.327818],[100.207518,14.331591],[100.21412,14.335138],[100.214883,14.336804],[100.215958,14.335651],[100.214948,14.328586],[100.219761,14.331476],[100.223064,14.329977],[100.222796,14.332047]]]},"bbox":[100.184777,14.236847,100.255752,14.336804]},{"type":"Feature","id":"86bfac5b-2ce6-4bca-a625-3153402ff6cc","properties":{"id":"86bfac5b-2ce6-4bca-a625-3153402ff6cc","code":"06720410","provinceCode":"72","nameTh":"องค์การบริหารส่วนตำบล กฤษณา","nameEn":null,"geometryType":"MUNICIPALITY","sourceUrl":"https://landometer.com/api/v2/citymeter-v3/grocery/info/geom/86bfac5b-2ce6-4bca-a625-3153402ff6cc/MUNICIPALITY","sourceSha256":"af53bc74111d7d1bbf521b6dd82685baa54774f3631680d7c535447fc9abaaf6","retrievedAt":"2026-10-04T05:44:18.347576+00:00","boundaryVintage":null,"geometryStatus":"native_source_polygon_display_simplified","simplificationToleranceDegrees":0.00015,"simplificationPreservesTopology":true,"invalidSourceRepair":"make_valid; retain polygonal components; discard zero-area collapsed lines","legalBoundaryIndependentlyVerified":false,"areaId":"86bfac5b-2ce6-4bca-a625-3153402ff6cc"},"geometry":{"type":"Polygon","coordinates":[[[100.191216,14.314208],[100.193884,14.305713],[100.184777,14.304767],[100.187248,14.303269],[100.188437,14.295842],[100.192139,14.289431],[100.192827,14.282111],[100.203636,14.268233],[100.201376,14.264704],[100.203732,14.262435],[100.203666,14.25968],[100.205216,14.259417],[100.204581,14.254536],[100.207062,14.254834],[100.208218,14.250865],[100.207823,14.25087],[100.207803,14.251218],[100.204111,14.250989],[100.204247,14.249739],[100.203388,14.249726],[100.203536,14.247801],[100.195936,14.248356],[100.196108,14.249736],[100.194532,14.24991],[100.195516,14.255367],[100.194579,14.255469],[100.194532,14.255867],[100.191669,14.25604],[100.191709,14.256659],[100.185392,14.256657],[100.184662,14.258585],[100.185043,14.260375],[100.18423,14.261826],[100.180995,14.261818],[100.180751,14.262655],[100.179042,14.263097],[100.179599,14.264322],[100.179498,14.264528],[100.177166,14.26534],[100.177117,14.265741],[100.177433,14.266227],[100.173652,14.267158],[100.173578,14.266564],[100.171198,14.267132],[100.168598,14.268013],[100.164917,14.269899],[100.165835,14.271579],[100.161312,14.272952],[100.161622,14.273645],[100.156404,14.276749],[100.155681,14.276918],[100.155448,14.276008],[100.15427,14.276267],[100.154225,14.276828],[100.151306,14.277956],[100.151814,14.278644],[100.15162,14.278658],[100.151604,14.279999],[100.150917,14.280043],[100.150943,14.280632],[100.150396,14.280674],[100.150033,14.281543],[100.149056,14.281402],[100.148971,14.28166],[100.146821,14.281438],[100.146957,14.282336],[100.143575,14.282593],[100.142784,14.28297],[100.142875,14.283435],[100.140598,14.283585],[100.139665,14.283962],[100.137946,14.285299],[100.137577,14.285691],[100.137752,14.285881],[100.136367,14.286962],[100.137103,14.287587],[100.136875,14.287711],[100.137926,14.289307],[100.135063,14.292931],[100.140161,14.293216],[100.13908,14.299511],[100.141642,14.297376],[100.146862,14.296994],[100.14821,14.302488],[100.148985,14.300519],[100.150887,14.300144],[100.153223,14.301982],[100.159012,14.299329],[100.158404,14.302089],[100.160409,14.301318],[100.160713,14.303257],[100.164264,14.303028],[100.163277,14.305414],[100.16537,14.304804],[100.164941,14.306652],[100.166744,14.306483],[100.167367,14.312511],[100.171,14.314499],[100.171662,14.319309],[100.17643,14.322747],[100.175986,14.325104],[100.183753,14.324833],[100.188994,14.322704],[100.189919,14.320156],[100.189456,14.319938],[100.189859,14.317527],[100.192365,14.315227],[100.191216,14.314208]]]},"bbox":[100.135063,14.247801,100.208218,14.325104]},{"type":"Feature","id":"71772bfa-6728-44ae-82b9-012fb8e69321","properties":{"id":"71772bfa-6728-44ae-82b9-012fb8e69321","code":"06720411","provinceCode":"72","nameTh":"องค์การบริหารส่วนตำบล จรเข้ใหญ่","nameEn":null,"geometryType":"MUNICIPALITY","sourceUrl":"https://landometer.com/api/v2/citymeter-v3/grocery/info/geom/71772bfa-6728-44ae-82b9-012fb8e69321/MUNICIPALITY","sourceSha256":"8688546481140a9c142815354a5f2d4f2da200f50bbb3abb580c8bf5755c1511","retrievedAt":"2026-10-04T05:44:18.351849+00:00","boundaryVintage":null,"geometryStatus":"native_source_polygon_display_simplified","simplificationToleranceDegrees":0.00015,"simplificationPreservesTopology":true,"invalidSourceRepair":"make_valid; retain polygonal components; discard zero-area collapsed lines","legalBoundaryIndependentlyVerified":false,"areaId":"71772bfa-6728-44ae-82b9-012fb8e69321"},"geometry":{"type":"MultiPolygon","coordinates":[[[[100.211824,14.393963],[100.213577,14.395619],[100.212264,14.393729],[100.211824,14.393963]]],[[[100.250969,14.438421],[100.249001,14.438138],[100.247742,14.438468],[100.246803,14.437327],[100.245677,14.437251],[100.245331,14.43689],[100.245797,14.43625],[100.248612,14.435609],[100.250011,14.434779],[100.254208,14.433004],[100.25598,14.433634],[100.256636,14.432073],[100.25778,14.431689],[100.258909,14.429327],[100.26087,14.428906],[100.262786,14.427906],[100.263485,14.427819],[100.26317,14.425865],[100.2642,14.424438],[100.262774,14.423439],[100.261558,14.422104],[100.263635,14.420753],[100.263031,14.419645],[100.263727,14.418749],[100.264694,14.41784],[100.267431,14.416268],[100.268141,14.415198],[100.268085,14.409407],[100.263097,14.403923],[100.260555,14.405034],[100.258344,14.401409],[100.25628,14.401996],[100.257268,14.401715],[100.255657,14.400089],[100.255053,14.398241],[100.252709,14.397114],[100.247032,14.398552],[100.24412,14.397412],[100.242464,14.399435],[100.237654,14.400173],[100.234232,14.398687],[100.234799,14.40536],[100.230831,14.403661],[100.228962,14.404382],[100.225873,14.397711],[100.222814,14.399023],[100.222668,14.401004],[100.220485,14.393025],[100.213577,14.395619],[100.210418,14.392635],[100.201097,14.391999],[100.198266,14.398876],[100.198501,14.403687],[100.200428,14.410606],[100.205774,14.41838],[100.199424,14.418251],[100.196197,14.42187],[100.207237,14.422389],[100.209592,14.428672],[100.208269,14.437497],[100.208582,14.437454],[100.208258,14.4375],[100.212026,14.437814],[100.212104,14.437532],[100.214096,14.437508],[100.214463,14.435984],[100.217868,14.436186],[100.217926,14.438288],[100.218187,14.438643],[100.217688,14.44084],[100.219986,14.44156],[100.218593,14.444037],[100.2212,14.444926],[100.220672,14.446789],[100.221349,14.448696],[100.221256,14.449712],[100.221717,14.452295],[100.224649,14.451883],[100.228456,14.451727],[100.233413,14.452905],[100.234453,14.453348],[100.236556,14.452704],[100.236932,14.453571],[100.239949,14.453178],[100.239988,14.454177],[100.243651,14.453992],[100.243637,14.453437],[100.246116,14.453802],[100.24738,14.451795],[100.248958,14.448207],[100.249319,14.444594],[100.250287,14.443516],[100.251237,14.443098],[100.250168,14.442267],[100.252014,14.439999],[100.25093,14.439283],[100.250969,14.438421]]]]},"bbox":[100.196197,14.391999,100.268141,14.454177]},{"type":"Feature","id":"725ca64b-f35d-461e-9ae7-2470f43211a8","properties":{"id":"725ca64b-f35d-461e-9ae7-2470f43211a8","code":"06720412","provinceCode":"72","nameTh":"องค์การบริหารส่วนตำบล บางใหญ่","nameEn":null,"geometryType":"MUNICIPALITY","sourceUrl":"https://landometer.com/api/v2/citymeter-v3/grocery/info/geom/725ca64b-f35d-461e-9ae7-2470f43211a8/MUNICIPALITY","sourceSha256":"f94d31ea566afe356cfeae05e88d1e5d64231767bcd1590c5a0c0d8ed3987988","retrievedAt":"2026-10-04T05:44:18.358647+00:00","boundaryVintage":null,"geometryStatus":"native_source_polygon_display_simplified","simplificationToleranceDegrees":0.00015,"simplificationPreservesTopology":true,"invalidSourceRepair":"make_valid; retain polygonal components; discard zero-area collapsed lines","legalBoundaryIndependentlyVerified":false,"areaId":"725ca64b-f35d-461e-9ae7-2470f43211a8"},"geometry":{"type":"Polygon","coordinates":[[[100.147405,14.324587],[100.152159,14.313768],[100.148521,14.301698],[100.14821,14.302488],[100.146862,14.296994],[100.141642,14.297376],[100.13908,14.299511],[100.140161,14.293216],[100.135063,14.292931],[100.137926,14.289307],[100.136875,14.287711],[100.134057,14.288887],[100.133216,14.286484],[100.13116,14.286712],[100.131006,14.286423],[100.12921,14.286672],[100.128191,14.285005],[100.125693,14.285994],[100.124632,14.284841],[100.124204,14.284978],[100.123048,14.284328],[100.12232,14.282433],[100.121942,14.282158],[100.118794,14.283049],[100.118323,14.283763],[100.115953,14.28374],[100.114448,14.284058],[100.113928,14.284399],[100.11278,14.284371],[100.112587,14.283948],[100.110768,14.284075],[100.109168,14.283823],[100.108287,14.281527],[100.102489,14.281983],[100.101188,14.28352],[100.099838,14.282472],[100.095972,14.282247],[100.09516,14.282439],[100.094058,14.283398],[100.091499,14.283152],[100.089831,14.285333],[100.088328,14.284591],[100.087682,14.284702],[100.086928,14.285201],[100.084985,14.281143],[100.084359,14.28028],[100.083815,14.281204],[100.084243,14.281748],[100.084518,14.283436],[100.085327,14.284534],[100.085272,14.285287],[100.083299,14.286821],[100.083238,14.287734],[100.083777,14.288298],[100.081084,14.289834],[100.07985,14.290168],[100.079387,14.287988],[100.078756,14.287268],[100.076483,14.287847],[100.074067,14.287725],[100.072125,14.286359],[100.071084,14.286345],[100.068726,14.285425],[100.065975,14.282907],[100.06582,14.280933],[100.065204,14.280239],[100.064415,14.280147],[100.061544,14.28079],[100.059887,14.295929],[100.06118,14.295865],[100.061302,14.296405],[100.068808,14.298966],[100.065732,14.305543],[100.070059,14.309871],[100.074797,14.308073],[100.075199,14.309434],[100.084652,14.3047],[100.084733,14.308675],[100.088725,14.307326],[100.089049,14.310574],[100.093994,14.309643],[100.09471,14.316405],[100.108052,14.318651],[100.110217,14.317119],[100.110015,14.312263],[100.125166,14.312391],[100.127371,14.317851],[100.126234,14.32016],[100.127712,14.320233],[100.127536,14.323905],[100.133193,14.324721],[100.137919,14.324962],[100.143528,14.323287],[100.147405,14.324587]]]},"bbox":[100.059887,14.280134,100.152159,14.324962]},{"type":"Feature","id":"24d67484-d8a6-48e2-8853-e5527c86a25d","properties":{"id":"24d67484-d8a6-48e2-8853-e5527c86a25d","code":"06720413","provinceCode":"72","nameTh":"องค์การบริหารส่วนตำบล ไผ่กองดิน","nameEn":null,"geometryType":"MUNICIPALITY","sourceUrl":"https://landometer.com/api/v2/citymeter-v3/grocery/info/geom/24d67484-d8a6-48e2-8853-e5527c86a25d/MUNICIPALITY","sourceSha256":"334cd29ed1262b62e59f50f5516b7647724a40e10ce0ef73f7552fa1458b886a","retrievedAt":"2026-10-04T05:44:18.394851+00:00","boundaryVintage":null,"geometryStatus":"native_source_polygon_display_simplified","simplificationToleranceDegrees":0.00015,"simplificationPreservesTopology":true,"invalidSourceRepair":"make_valid; retain polygonal components; discard zero-area collapsed lines","legalBoundaryIndependentlyVerified":false,"areaId":"24d67484-d8a6-48e2-8853-e5527c86a25d"},"geometry":{"type":"MultiPolygon","coordinates":[[[[100.237855,14.324717],[100.238557,14.327456],[100.238811,14.328313],[100.237855,14.324717]]],[[[100.265759,14.361714],[100.265993,14.362379],[100.267377,14.36203],[100.269864,14.359887],[100.273373,14.359495],[100.273356,14.358616],[100.272939,14.358667],[100.272912,14.356128],[100.273135,14.355201],[100.272808,14.353296],[100.274049,14.353445],[100.274025,14.352448],[100.274461,14.352417],[100.274449,14.351883],[100.275215,14.351883],[100.274625,14.348024],[100.275444,14.34775],[100.275459,14.347047],[100.27842,14.345916],[100.277694,14.344759],[100.276947,14.345046],[100.276496,14.343772],[100.275502,14.344098],[100.274791,14.340866],[100.278682,14.340043],[100.277424,14.337729],[100.277215,14.337782],[100.277003,14.337277],[100.276662,14.337395],[100.276583,14.336428],[100.277587,14.336397],[100.277153,14.332509],[100.276305,14.332618],[100.276332,14.330656],[100.278614,14.329902],[100.280189,14.330165],[100.282466,14.329578],[100.282023,14.327751],[100.27853,14.321033],[100.278505,14.320066],[100.27367,14.318035],[100.270078,14.31784],[100.269831,14.316226],[100.268417,14.312475],[100.262175,14.306316],[100.260321,14.305173],[100.2598,14.303642],[100.257634,14.300924],[100.256968,14.299642],[100.256972,14.299205],[100.256174,14.299111],[100.25593,14.299119],[100.255741,14.299143],[100.253169,14.300307],[100.250356,14.295424],[100.249083,14.295899],[100.249414,14.298527],[100.247373,14.298485],[100.247258,14.296971],[100.242465,14.29723],[100.242309,14.303459],[100.238148,14.312164],[100.238429,14.315669],[100.236093,14.318085],[100.238811,14.328313],[100.240759,14.32695],[100.245661,14.325546],[100.247974,14.333471],[100.250105,14.334594],[100.246857,14.338075],[100.248145,14.33918],[100.25209,14.33797],[100.253435,14.339679],[100.254626,14.342803],[100.251085,14.347842],[100.238049,14.340328],[100.239726,14.339111],[100.232754,14.334055],[100.231638,14.334295],[100.23138846976859,14.333821890681243],[100.222796,14.332047],[100.223064,14.329977],[100.219761,14.331476],[100.214948,14.328586],[100.215958,14.335651],[100.2145,14.340276],[100.216395,14.341978],[100.214802,14.345569],[100.21824,14.354109],[100.216948,14.354958],[100.223129,14.361887],[100.231847,14.364884],[100.241777,14.365987],[100.242027,14.364564],[100.242003,14.360977],[100.247931,14.362643],[100.252167,14.361454],[100.25248,14.362898],[100.258863,14.359838],[100.259894,14.361528],[100.263391,14.360067],[100.265324,14.361867],[100.265759,14.361714]]],[[[100.231388,14.333821],[100.23138846976859,14.333821890681243],[100.232425,14.334036],[100.231388,14.333821]]]]},"bbox":[100.2145,14.295424,100.282497,14.365987]},{"type":"Feature","id":"bf40753b-2777-44c9-b180-a362fc2c027f","properties":{"id":"bf40753b-2777-44c9-b180-a362fc2c027f","code":"06720414","provinceCode":"72","nameTh":"องค์การบริหารส่วนตำบล มะขามล้ม","nameEn":null,"geometryType":"MUNICIPALITY","sourceUrl":"https://landometer.com/api/v2/citymeter-v3/grocery/info/geom/bf40753b-2777-44c9-b180-a362fc2c027f/MUNICIPALITY","sourceSha256":"837f319c326ee2397f9888cbe2fd462a8658b5c86f9ddc1b327f16be01063d49","retrievedAt":"2026-10-04T05:44:18.415026+00:00","boundaryVintage":null,"geometryStatus":"native_source_polygon_display_simplified","simplificationToleranceDegrees":0.00015,"simplificationPreservesTopology":true,"invalidSourceRepair":"make_valid; retain polygonal components; discard zero-area collapsed lines","legalBoundaryIndependentlyVerified":false,"areaId":"bf40753b-2777-44c9-b180-a362fc2c027f"},"geometry":{"type":"Polygon","coordinates":[[[100.076787,14.415529],[100.078246,14.415406],[100.078165,14.414861],[100.079381,14.413686],[100.079382,14.410529],[100.080606,14.410259],[100.082135,14.410302],[100.079319,14.407078],[100.080042,14.40407],[100.082708,14.403635],[100.082136,14.399865],[100.084998,14.395368],[100.083281,14.394438],[100.083181,14.385774],[100.084454,14.382637],[100.088228,14.380289],[100.085633,14.368883],[100.085937,14.364553],[100.0891,14.359345],[100.087477,14.359912],[100.084686,14.356105],[100.0815,14.35848],[100.07926,14.35768],[100.080339,14.354809],[100.078817,14.350303],[100.071131,14.349782],[100.069772,14.351491],[100.072227,14.35356],[100.065876,14.355144],[100.064559,14.352979],[100.055418,14.347871],[100.053474,14.350114],[100.055183,14.35364],[100.052202,14.35942],[100.052988,14.364623],[100.050976,14.365604],[100.043556,14.354859],[100.038923,14.352799],[100.039561,14.351643],[100.026792,14.349443],[100.016007,14.35142],[100.019088,14.35389],[100.017607,14.35674],[100.018391,14.359418],[100.021837,14.358765],[100.02564,14.362095],[100.025419,14.366688],[100.029344,14.37762],[100.041834,14.380537],[100.047109,14.37977],[100.054579,14.387395],[100.052821,14.391609],[100.048769,14.390689],[100.043517,14.397744],[100.043797,14.403651],[100.042849,14.403676],[100.042861,14.403871],[100.043784,14.403653],[100.044373,14.405113],[100.044417,14.406655],[100.044105,14.408127],[100.045353,14.407498],[100.045268,14.407283],[100.048129,14.406963],[100.048072,14.406632],[100.049908,14.405965],[100.051533,14.405798],[100.052968,14.409746],[100.05602,14.408746],[100.058152,14.408558],[100.058741,14.410831],[100.059734,14.412795],[100.060749,14.412172],[100.062457,14.410449],[100.064086,14.410035],[100.064482,14.411745],[100.065303,14.411736],[100.065731,14.41351],[100.066953,14.413278],[100.067382,14.414896],[100.066844,14.415401],[100.067144,14.416716],[100.066958,14.416757],[100.067326,14.41763],[100.06986,14.417361],[100.070541,14.417004],[100.070904,14.41647],[100.07106,14.41647],[100.071139,14.417372],[100.071837,14.417176],[100.071759,14.416812],[100.072663,14.416635],[100.072698,14.416992],[100.073256,14.416989],[100.0732,14.418382],[100.074459,14.418133],[100.074651,14.418899],[100.075003,14.4188],[100.076705,14.424382],[100.07981,14.423835],[100.078688,14.420754],[100.077277,14.420932],[100.077263,14.418139],[100.077696,14.418071],[100.076787,14.415529]]]},"bbox":[100.016007,14.347871,100.0891,14.424382]},{"type":"Feature","id":"2df39d16-bd4b-4cdf-ae9f-d5570a011986","properties":{"id":"2df39d16-bd4b-4cdf-ae9f-d5570a011986","code":"06720415","provinceCode":"72","nameTh":"องค์การบริหารส่วนตำบล วังน้ำเย็น","nameEn":null,"geometryType":"MUNICIPALITY","sourceUrl":"https://landometer.com/api/v2/citymeter-v3/grocery/info/geom/2df39d16-bd4b-4cdf-ae9f-d5570a011986/MUNICIPALITY","sourceSha256":"967fb3e60b6b634d44607fa25cae507498a8cd65b7ed9489cce7bdc5db3c74e0","retrievedAt":"2026-10-04T05:44:18.416312+00:00","boundaryVintage":null,"geometryStatus":"native_source_polygon_display_simplified","simplificationToleranceDegrees":0.00015,"simplificationPreservesTopology":true,"invalidSourceRepair":"make_valid; retain polygonal components; discard zero-area collapsed lines","legalBoundaryIndependentlyVerified":false,"areaId":"2df39d16-bd4b-4cdf-ae9f-d5570a011986"},"geometry":{"type":"MultiPolygon","coordinates":[[[[100.029156,14.403042],[100.030006,14.404019],[100.034924,14.403577],[100.036598,14.403777],[100.036607,14.40417],[100.039909,14.404625],[100.04286097154092,14.403870537539788],[100.042849,14.403676],[100.043797,14.403651],[100.043517,14.397744],[100.048769,14.390689],[100.052821,14.391609],[100.054579,14.387395],[100.047109,14.37977],[100.041834,14.380537],[100.029344,14.37762],[100.025419,14.366688],[100.02564,14.362095],[100.021837,14.358765],[100.018391,14.359418],[100.017607,14.35674],[100.019027,14.353713],[100.013562,14.349565],[100.011181,14.344876],[100.007325,14.342735],[100.0049,14.344299],[99.998221,14.341866],[99.994294,14.343201],[99.99099,14.342417],[99.989802,14.335522],[99.98692,14.335355],[99.984047,14.336717],[99.984811,14.341057],[99.985609,14.343087],[99.986062,14.34295],[99.986576,14.344487],[99.986868,14.344559],[99.993223,14.360898],[99.994366,14.362846],[99.995957,14.364788],[99.996615,14.366209],[99.996757,14.366789],[99.995305,14.367715],[99.995932,14.369304],[99.995446,14.369562],[99.996252,14.371617],[99.99385,14.372981],[99.994845,14.374911],[99.996771,14.374648],[99.998154,14.377644],[99.998488,14.380276],[100.002543,14.37987],[100.002286,14.380416],[100.002749,14.381321],[100.003853,14.381906],[100.00382,14.3834],[100.003364,14.385494],[100.003877,14.387513],[100.002089,14.388009],[100.000945,14.388704],[99.999619,14.389109],[100.002137,14.408401],[100.005256,14.407592],[100.005456,14.406515],[100.009122,14.403606],[100.011956,14.402809],[100.012092,14.403012],[100.01465,14.401986],[100.015232,14.402296],[100.015073,14.402506],[100.016558,14.402368],[100.026039,14.400607],[100.029156,14.403042]]],[[[100.04286097154092,14.403870537539788],[100.042861,14.403871],[100.043345,14.403757],[100.04286097154092,14.403870537539788]]]]},"bbox":[99.984047,14.3353,100.054579,14.408401]},{"type":"Feature","id":"8a7e4033-3f90-48c9-8f43-a04e45154622","properties":{"id":"8a7e4033-3f90-48c9-8f43-a04e45154622","code":"06720416","provinceCode":"72","nameTh":"องค์การบริหารส่วนตำบล วัดดาว","nameEn":null,"geometryType":"MUNICIPALITY","sourceUrl":"https://landometer.com/api/v2/citymeter-v3/grocery/info/geom/8a7e4033-3f90-48c9-8f43-a04e45154622/MUNICIPALITY","sourceSha256":"dec1cf4d714557c2d8da76d8929f3f6e52c2e7e1d0b74cf06a4b168943c39322","retrievedAt":"2026-10-04T05:44:18.417627+00:00","boundaryVintage":null,"geometryStatus":"native_source_polygon_display_simplified","simplificationToleranceDegrees":0.00015,"simplificationPreservesTopology":true,"invalidSourceRepair":"make_valid; retain polygonal components; discard zero-area collapsed lines","legalBoundaryIndependentlyVerified":false,"areaId":"8a7e4033-3f90-48c9-8f43-a04e45154622"},"geometry":{"type":"Polygon","coordinates":[[[100.129407,14.373112],[100.131885,14.372145],[100.13209,14.37233],[100.13758,14.370729],[100.136911,14.368883],[100.138686,14.364358],[100.13606,14.360727],[100.136403,14.358235],[100.136841,14.357901],[100.134308,14.355429],[100.135084,14.3519],[100.129306,14.349005],[100.129821,14.34596],[100.127798,14.34549],[100.126396,14.338019],[100.12911,14.337419],[100.128608,14.334079],[100.13051,14.331374],[100.130378,14.329852],[100.128111,14.330043],[100.12883,14.324497],[100.127536,14.323905],[100.127712,14.320233],[100.126234,14.32016],[100.127371,14.317851],[100.125166,14.312391],[100.110015,14.312263],[100.110217,14.317119],[100.108052,14.318651],[100.09471,14.316405],[100.093994,14.309643],[100.089049,14.310574],[100.088725,14.307326],[100.084733,14.308675],[100.084652,14.3047],[100.075199,14.309434],[100.074797,14.308073],[100.069022,14.310265],[100.069774,14.31168],[100.067507,14.312038],[100.067384,14.314703],[100.070197,14.312691],[100.077114,14.314918],[100.075168,14.318658],[100.077035,14.320005],[100.075163,14.319307],[100.074706,14.32047],[100.077282,14.321197],[100.077039,14.323669],[100.078734,14.323632],[100.076769,14.325363],[100.081253,14.328292],[100.08212,14.329413],[100.081688,14.336576],[100.084868,14.343833],[100.084441,14.345079],[100.08133,14.345689],[100.079605,14.34806],[100.081456,14.351065],[100.079329,14.35182],[100.080339,14.354809],[100.07926,14.35768],[100.0815,14.35848],[100.084686,14.356105],[100.087477,14.359912],[100.0891,14.359345],[100.089802,14.360115],[100.090439,14.361462],[100.091889,14.361804],[100.098896,14.361148],[100.099574,14.367651],[100.104797,14.371281],[100.103506,14.374766],[100.120081,14.382028],[100.127085,14.378462],[100.129506,14.383418],[100.135549,14.382617],[100.132713,14.373154],[100.129407,14.373112]]]},"bbox":[100.067384,14.3047,100.138686,14.383418]},{"type":"Feature","id":"91407ecc-2695-4503-a4e9-81ba51fae886","properties":{"id":"91407ecc-2695-4503-a4e9-81ba51fae886","code":"06720417","provinceCode":"72","nameTh":"องค์การบริหารส่วนตำบล วัดโบสถ์","nameEn":null,"geometryType":"MUNICIPALITY","sourceUrl":"https://landometer.com/api/v2/citymeter-v3/grocery/info/geom/91407ecc-2695-4503-a4e9-81ba51fae886/MUNICIPALITY","sourceSha256":"150ac39275a0997957ad100afdc11c6adb9bbc0946c6b1694394cf419a789db7","retrievedAt":"2026-10-04T05:44:18.425712+00:00","boundaryVintage":null,"geometryStatus":"native_source_polygon_display_simplified","simplificationToleranceDegrees":0.00015,"simplificationPreservesTopology":true,"invalidSourceRepair":"make_valid; retain polygonal components; discard zero-area collapsed lines","legalBoundaryIndependentlyVerified":false,"areaId":"91407ecc-2695-4503-a4e9-81ba51fae886"},"geometry":{"type":"Polygon","coordinates":[[[100.053474,14.350114],[100.055418,14.347871],[100.064559,14.352979],[100.065876,14.355144],[100.072227,14.35356],[100.069772,14.351491],[100.071131,14.349782],[100.078817,14.350303],[100.079329,14.35182],[100.081456,14.351065],[100.079605,14.34806],[100.08133,14.345689],[100.084441,14.345079],[100.084868,14.343833],[100.081688,14.336576],[100.08212,14.329413],[100.081253,14.328292],[100.076769,14.325363],[100.078734,14.323632],[100.077039,14.323669],[100.077282,14.321197],[100.074706,14.32047],[100.075163,14.319307],[100.077035,14.320005],[100.075168,14.318658],[100.077114,14.314918],[100.070197,14.312691],[100.067384,14.314703],[100.067507,14.312038],[100.069774,14.31168],[100.069022,14.310265],[100.070068,14.309814],[100.065732,14.305543],[100.068808,14.298966],[100.061302,14.296405],[100.061522,14.297375],[100.059603,14.297031],[100.055355,14.296894],[100.051448,14.297082],[100.048703,14.297695],[100.047596,14.297686],[100.047147,14.297418],[100.046437,14.297804],[100.043174,14.298634],[100.035115,14.299607],[100.033177,14.298963],[100.02934,14.29868],[100.027233,14.297496],[100.0253,14.296781],[100.01985,14.296941],[100.015518,14.294664],[100.011901,14.29373],[100.008721,14.294487],[100.007808,14.293177],[100.007189,14.292714],[100.006528,14.293517],[100.005576,14.295885],[100.004774,14.29688],[100.003478,14.297218],[100.001086,14.297115],[99.998539,14.299186],[99.998333,14.299583],[99.998363,14.300969],[99.997365,14.303648],[99.995426,14.304891],[99.992691,14.310251],[99.992081,14.312081],[99.99206,14.31314],[99.993136,14.317057],[99.992334,14.320254],[99.992752,14.321059],[99.994073,14.322091],[99.994266,14.322954],[99.994081,14.323513],[99.992748,14.325077],[99.99243,14.326029],[99.992529,14.327079],[99.993443,14.328673],[99.993435,14.329177],[99.992783,14.329626],[99.990959,14.329944],[99.990537,14.33035],[99.990402,14.330875],[99.990595,14.331343],[99.991183,14.331588],[99.993899,14.331542],[99.994508,14.332124],[99.994687,14.332826],[99.994218,14.33367],[99.989802,14.335522],[99.99099,14.342417],[99.994294,14.343201],[99.998221,14.341866],[100.0049,14.344299],[100.007325,14.342735],[100.011181,14.344876],[100.013562,14.349565],[100.016007,14.35142],[100.026792,14.349443],[100.039561,14.351643],[100.038923,14.352799],[100.043556,14.354859],[100.050976,14.365604],[100.052988,14.364623],[100.052202,14.35942],[100.055183,14.35364],[100.053474,14.350114]]]},"bbox":[99.989802,14.292714,100.084868,14.365604]},{"type":"Feature","id":"58f2fc9b-29f7-41e3-8277-b78dab3fc484","properties":{"id":"58f2fc9b-29f7-41e3-8277-b78dab3fc484","code":"06720418","provinceCode":"72","nameTh":"องค์การบริหารส่วนตำบล องครักษ์","nameEn":null,"geometryType":"MUNICIPALITY","sourceUrl":"https://landometer.com/api/v2/citymeter-v3/grocery/info/geom/58f2fc9b-29f7-41e3-8277-b78dab3fc484/MUNICIPALITY","sourceSha256":"3815883b43d78fff8fe41b487b9822936d883513074189d76f57c0bdd709b05b","retrievedAt":"2026-10-04T05:44:18.424279+00:00","boundaryVintage":null,"geometryStatus":"native_source_polygon_display_simplified","simplificationToleranceDegrees":0.00015,"simplificationPreservesTopology":true,"invalidSourceRepair":"make_valid; retain polygonal components; discard zero-area collapsed lines","legalBoundaryIndependentlyVerified":false,"areaId":"58f2fc9b-29f7-41e3-8277-b78dab3fc484"},"geometry":{"type":"Polygon","coordinates":[[[100.27555,14.402559],[100.27604,14.401835],[100.2764,14.401928],[100.276437,14.402226],[100.27725,14.402434],[100.277134,14.401759],[100.277639,14.401675],[100.277417,14.400918],[100.277665,14.40085],[100.277777,14.401299],[100.278814,14.400996],[100.278601,14.400359],[100.27957,14.400175],[100.279019,14.398645],[100.278575,14.398767],[100.277911,14.397315],[100.278089,14.39476],[100.277954,14.394071],[100.2775,14.39415],[100.277298,14.392733],[100.277944,14.39258],[100.277512,14.391086],[100.275951,14.387789],[100.27562,14.384649],[100.275904,14.383551],[100.276492,14.383081],[100.275517,14.382383],[100.273952,14.380246],[100.273557,14.378119],[100.273585,14.376966],[100.272132,14.376457],[100.272113,14.374175],[100.267148,14.374035],[100.266964,14.366566],[100.262349,14.367188],[100.263429,14.365878],[100.262564,14.364369],[100.26264,14.363267],[100.263961,14.362225],[100.265324,14.361867],[100.263391,14.360067],[100.259894,14.361528],[100.258863,14.359838],[100.25248,14.362898],[100.252167,14.361454],[100.247931,14.362643],[100.242003,14.360977],[100.242027,14.364564],[100.241777,14.365987],[100.231847,14.364884],[100.223129,14.361887],[100.216948,14.354958],[100.21824,14.354109],[100.214802,14.345569],[100.216395,14.341978],[100.2145,14.340276],[100.215919,14.335775],[100.214883,14.336804],[100.21412,14.335138],[100.207518,14.331591],[100.206477,14.327818],[100.198264,14.332436],[100.198485,14.332614],[100.191388,14.336302],[100.193239,14.340938],[100.189796,14.345002],[100.195873,14.362618],[100.201909,14.369361],[100.20334,14.374396],[100.202111,14.376188],[100.210209,14.372434],[100.21194,14.381759],[100.215235,14.383208],[100.217028,14.391183],[100.212264,14.393729],[100.213577,14.395619],[100.220485,14.393025],[100.222668,14.401004],[100.222814,14.399023],[100.225873,14.397711],[100.228962,14.404382],[100.230831,14.403661],[100.234799,14.40536],[100.234232,14.398687],[100.237654,14.400173],[100.242464,14.399435],[100.24412,14.397412],[100.247032,14.398552],[100.252709,14.397114],[100.255053,14.398241],[100.255657,14.400089],[100.257268,14.401715],[100.258344,14.401409],[100.260555,14.405034],[100.263097,14.403923],[100.268085,14.409407],[100.268141,14.415198],[100.26821,14.414201],[100.268626,14.413076],[100.269212,14.412386],[100.271183,14.412061],[100.272779,14.412125],[100.273515,14.411559],[100.273894,14.410343],[100.273435,14.406174],[100.27432,14.405],[100.275801,14.404009],[100.27555,14.402559]]]},"bbox":[100.189796,14.327818,100.27957,14.415198]},{"type":"Feature","id":"17b51a18-3fad-4336-b2e4-8a52638d8c63","properties":{"id":"17b51a18-3fad-4336-b2e4-8a52638d8c63","code":"06720505","provinceCode":"72","nameTh":"องค์การบริหารส่วนตำบล ศรีประจันต์","nameEn":null,"geometryType":"MUNICIPALITY","sourceUrl":"https://landometer.com/api/v2/citymeter-v3/grocery/info/geom/17b51a18-3fad-4336-b2e4-8a52638d8c63/MUNICIPALITY","sourceSha256":"da1abcea37527d7d7119114080022623ed060b5961fd51f4f232e3ee2d805998","retrievedAt":"2026-10-04T05:44:18.443861+00:00","boundaryVintage":null,"geometryStatus":"native_source_polygon_display_simplified","simplificationToleranceDegrees":0.00015,"simplificationPreservesTopology":true,"invalidSourceRepair":"make_valid; retain polygonal components; discard zero-area collapsed lines","legalBoundaryIndependentlyVerified":false,"areaId":"17b51a18-3fad-4336-b2e4-8a52638d8c63"},"geometry":{"type":"Polygon","coordinates":[[[100.15127,14.603107],[100.153344,14.602932],[100.153744,14.604906],[100.154636,14.604831],[100.153828,14.606574],[100.156338,14.607605],[100.15678,14.612188],[100.150675,14.618418],[100.149475,14.623676],[100.150851,14.628481],[100.151521,14.62987],[100.151258,14.629902],[100.151446,14.63056],[100.150732,14.630537],[100.150932,14.630951],[100.152689,14.630732],[100.153683,14.633519],[100.156713,14.633098],[100.162136,14.638832],[100.16306,14.640697],[100.167007,14.639915],[100.172947,14.64334],[100.177776,14.639144],[100.182014,14.630836],[100.186114,14.632088],[100.188369,14.631265],[100.19015,14.628073],[100.189927,14.624325],[100.190627,14.623732],[100.19363,14.622147],[100.194428,14.620606],[100.192957,14.619386],[100.191616,14.617085],[100.191293,14.617069],[100.191279,14.616747],[100.191775,14.616197],[100.191933,14.615055],[100.192754,14.612746],[100.19199,14.611783],[100.191731,14.609016],[100.193904,14.608543],[100.195404,14.606183],[100.197195,14.606464],[100.197994,14.606128],[100.198857,14.604062],[100.199983,14.602366],[100.200194,14.598976],[100.200996,14.598811],[100.202088,14.600556],[100.20339,14.601382],[100.207549,14.601117],[100.210305,14.600337],[100.212857,14.598892],[100.217872,14.598108],[100.21836,14.597656],[100.218735,14.596654],[100.217455,14.595494],[100.217128,14.594456],[100.217163,14.59366],[100.216452,14.592176],[100.213871,14.589961],[100.212872,14.5894],[100.211945,14.588268],[100.20969,14.586419],[100.208237,14.584854],[100.207867,14.583986],[100.206947,14.583053],[100.20686,14.582476],[100.197396,14.579365],[100.194028,14.583066],[100.188878,14.58506],[100.188008,14.582419],[100.188753,14.581293],[100.18274,14.582835],[100.18235,14.580132],[100.176132,14.580976],[100.175126,14.579871],[100.170986,14.581429],[100.16734,14.579855],[100.163642,14.58183],[100.156323,14.577664],[100.154071,14.577999],[100.154825,14.580467],[100.151857,14.581095],[100.15031,14.579214],[100.14706,14.581514],[100.144661,14.580009],[100.147341,14.582563],[100.143309,14.589639],[100.146594,14.595333],[100.15175,14.599416],[100.150553,14.601062],[100.151257,14.601795],[100.150667,14.602606],[100.15127,14.603107]]]},"bbox":[100.143309,14.577664,100.218735,14.64334]},{"type":"Feature","id":"2821e578-3813-4308-9421-d8721e543f17","properties":{"id":"2821e578-3813-4308-9421-d8721e543f17","code":"06720506","provinceCode":"72","nameTh":"องค์การบริหารส่วนตำบล มดแดง","nameEn":null,"geometryType":"MUNICIPALITY","sourceUrl":"https://landometer.com/api/v2/citymeter-v3/grocery/info/geom/2821e578-3813-4308-9421-d8721e543f17/MUNICIPALITY","sourceSha256":"64d13503bb50af52761c8e4e0ff1b8755b0ef4e4d7bfa17f050f237c23e7a680","retrievedAt":"2026-10-04T05:44:18.771288+00:00","boundaryVintage":null,"geometryStatus":"native_source_polygon_display_simplified","simplificationToleranceDegrees":0.00015,"simplificationPreservesTopology":true,"invalidSourceRepair":"make_valid; retain polygonal components; discard zero-area collapsed lines","legalBoundaryIndependentlyVerified":false,"areaId":"2821e578-3813-4308-9421-d8721e543f17"},"geometry":{"type":"MultiPolygon","coordinates":[[[[100.147043,14.572478],[100.13887,14.572785],[100.141023,14.568],[100.140348,14.562209],[100.137418,14.560167],[100.13537,14.55516],[100.127849,14.550466],[100.123986,14.538311],[100.124951,14.537773],[100.119808,14.539262],[100.111665,14.541007],[100.110766,14.54184],[100.110608,14.543107],[100.109013,14.544226],[100.109939,14.546846],[100.108938,14.547655],[100.1093,14.549108],[100.108747,14.549403],[100.107444,14.549547],[100.106158,14.550093],[100.106172,14.550306],[100.104578,14.55066],[100.105235,14.551955],[100.106281,14.552948],[100.106689,14.555209],[100.107413,14.555156],[100.107785,14.555509],[100.107787,14.557086],[100.108288,14.557967],[100.108881,14.558353],[100.109635,14.564932],[100.102738,14.561015],[100.103811,14.565371],[100.10261,14.565292],[100.102558,14.56587],[100.101773,14.565907],[100.101768,14.567603],[100.100319,14.567868],[100.099236,14.568434],[100.099462,14.569106],[100.096142,14.569557],[100.094145,14.569583],[100.094121,14.570156],[100.092445,14.570256],[100.091472,14.580419],[100.087822,14.584241],[100.087397,14.589492],[100.09088,14.589112],[100.090715,14.591087],[100.094516,14.590037],[100.094218,14.592409],[100.096499,14.592269],[100.100366,14.590643],[100.099584,14.58775],[100.100717,14.58911],[100.105187,14.588944],[100.109259,14.585576],[100.113276,14.588193],[100.114841,14.593921],[100.117874,14.590834],[100.1181,14.594521],[100.115743,14.594595],[100.116294,14.597936],[100.1235,14.597348],[100.123754,14.598769],[100.130133,14.600047],[100.132786,14.599825],[100.132763,14.600831],[100.133774,14.600361],[100.133747,14.601511],[100.133999,14.601376],[100.13634,14.601515],[100.13574799997112,14.601480001256153],[100.135704,14.603412],[100.13696,14.603306],[100.138077,14.604216],[100.139512,14.604095],[100.140144,14.60461],[100.141351,14.604944],[100.142842,14.604661],[100.142951,14.60481],[100.147802,14.604402],[100.150159,14.6032],[100.151557,14.603083],[100.152027,14.602435],[100.15055309216812,14.601062098323762],[100.15175,14.599416],[100.146594,14.595333],[100.143309,14.589639],[100.147341,14.582563],[100.141717,14.577205],[100.146752,14.574294],[100.147043,14.572478]]],[[[100.135748,14.60148],[100.13475,14.601421],[100.13574799997112,14.601480001256153],[100.135748,14.60148]]]]},"bbox":[100.087397,14.537773,100.152027,14.604944]},{"type":"Feature","id":"4ef34203-3d96-4837-8100-e3118d2c506d","properties":{"id":"4ef34203-3d96-4837-8100-e3118d2c506d","code":"06720509","provinceCode":"72","nameTh":"องค์การบริหารส่วนตำบล ดอนปรู","nameEn":null,"geometryType":"MUNICIPALITY","sourceUrl":"https://landometer.com/api/v2/citymeter-v3/grocery/info/geom/4ef34203-3d96-4837-8100-e3118d2c506d/MUNICIPALITY","sourceSha256":"d55029098e35d758e76e2ded2f063d102774878cc192b97cadc097b0c20cc88e","retrievedAt":"2026-10-04T05:44:18.605525+00:00","boundaryVintage":null,"geometryStatus":"native_source_polygon_display_simplified","simplificationToleranceDegrees":0.00015,"simplificationPreservesTopology":true,"invalidSourceRepair":"make_valid; retain polygonal components; discard zero-area collapsed lines","legalBoundaryIndependentlyVerified":false,"areaId":"4ef34203-3d96-4837-8100-e3118d2c506d"},"geometry":{"type":"Polygon","coordinates":[[[100.20685,14.762187],[100.207334,14.758818],[100.204333,14.758793],[100.204539,14.756939],[100.205017,14.755667],[100.20476,14.755668],[100.20535,14.752271],[100.205516,14.752344],[100.205933,14.751116],[100.204724,14.750587],[100.205247,14.74943],[100.205428,14.749516],[100.206024,14.747545],[100.205592,14.747457],[100.20619,14.744415],[100.205651,14.744356],[100.206166,14.739817],[100.20648,14.739818],[100.206598,14.737748],[100.208593,14.737834],[100.20859,14.738733],[100.212133,14.738645],[100.212109,14.73682],[100.211887,14.735078],[100.211714,14.735069],[100.211943,14.733436],[100.211725,14.733434],[100.211732,14.731906],[100.21257,14.729361],[100.216965,14.731222],[100.218583,14.731556],[100.219028,14.72876],[100.218657,14.727191],[100.218666,14.725525],[100.21646,14.724978],[100.215186,14.724361],[100.214465,14.724358],[100.214359,14.72383],[100.213032,14.724073],[100.213126,14.722857],[100.211291,14.722924],[100.212194,14.718216],[100.209735,14.718281],[100.20909,14.719648],[100.208595,14.719969],[100.207301,14.71979],[100.206802,14.720908],[100.20662,14.722156],[100.203946,14.721321],[100.205734,14.719327],[100.20611,14.718142],[100.207006,14.718414],[100.207679,14.716026],[100.207565,14.715067],[100.20839,14.71457],[100.209498,14.713076],[100.211899,14.713062],[100.212268,14.712476],[100.212379,14.711118],[100.213855,14.709584],[100.214309,14.708367],[100.214231,14.706299],[100.213243,14.70512],[100.214312,14.703526],[100.214839,14.700579],[100.214452,14.700426],[100.214235,14.701277],[100.197866,14.702521],[100.18765,14.700565],[100.182688,14.696463],[100.175742,14.674625],[100.175542,14.672394],[100.172929,14.663004],[100.171536,14.660244],[100.17153,14.659805],[100.171491,14.660341],[100.164042,14.661299],[100.143929,14.675838],[100.144074,14.680433],[100.146586,14.684591],[100.156466,14.685434],[100.158802,14.691063],[100.155182,14.696582],[100.150609,14.692545],[100.145841,14.692211],[100.142429,14.694497],[100.139903,14.693781],[100.138068,14.696456],[100.134033,14.696195],[100.132435,14.698234],[100.132374,14.697996],[100.131353,14.697493],[100.131275,14.697661],[100.130869,14.697481],[100.128354,14.695409],[100.12632,14.695024],[100.125339,14.695418],[100.124346,14.696248],[100.12316,14.698338],[100.122802,14.700437],[100.123124,14.702195],[100.124015,14.702985],[100.125844,14.703383],[100.126771,14.703196],[100.127158,14.702566],[100.1275,14.702458],[100.127998,14.703475],[100.130234,14.705734],[100.131998,14.705538],[100.133032,14.706387],[100.133674,14.706372],[100.134566,14.706854],[100.136506,14.706361],[100.136963,14.707222],[100.138095,14.708038],[100.139922,14.706821],[100.140683,14.707045],[100.14085,14.708013],[100.14109,14.708254],[100.142504,14.707861],[100.143466,14.708897],[100.144361,14.708812],[100.145803,14.709281],[100.147789,14.709311],[100.148069,14.709799],[100.147724,14.711342],[100.14796,14.713449],[100.147202,14.714886],[100.147124,14.7158],[100.148139,14.717152],[100.149131,14.719296],[100.15118,14.719616],[100.152464,14.720265],[100.153294,14.721044],[100.154682,14.721302],[100.154773,14.721901],[100.154126,14.722881],[100.154377,14.723331],[100.155123,14.723673],[100.155948,14.723693],[100.15753,14.724715],[100.158612,14.72574],[100.161416,14.726723],[100.163982,14.729358],[100.164935,14.729515],[100.166602,14.729002],[100.16674,14.730944],[100.167305,14.731861],[100.16817,14.732601],[100.168514,14.732257],[100.170115,14.731993],[100.170174,14.73227],[100.17327,14.732364],[100.173218,14.732962],[100.174478,14.73282],[100.174702,14.734181],[100.176167,14.734106],[100.176334,14.734869],[100.177569,14.735126],[100.17758,14.735484],[100.178067,14.735499],[100.178169,14.734914],[100.17985,14.735355],[100.179701,14.73566],[100.181211,14.736025],[100.180706,14.737822],[100.181723,14.740253],[100.181969,14.741632],[100.183367,14.741746],[100.185333,14.741051],[100.186073,14.742851],[100.18669,14.742512],[100.186953,14.743173],[100.188,14.743166],[100.187589,14.74475],[100.18852,14.744754],[100.188709,14.747125],[100.188354,14.747081],[100.18824,14.747418],[100.187715,14.74731],[100.187513,14.74813],[100.187849,14.748185],[100.187873,14.748468],[100.187284,14.748357],[100.187139,14.748818],[100.186605,14.748724],[100.186422,14.749477],[100.187456,14.749663],[100.187432,14.750554],[100.186179,14.750529],[100.185821,14.752021],[100.187775,14.752304],[100.187517,14.755868],[100.187643,14.757587],[100.188061,14.757715],[100.188199,14.759024],[100.187848,14.760267],[100.190582,14.762903],[100.18999,14.763491],[100.190549,14.765017],[100.191391,14.764667],[100.192233,14.765403],[100.193306,14.766868],[100.194958,14.767494],[100.19661,14.767781],[100.200507,14.767478],[100.200624,14.768311],[100.199891,14.770712],[100.200693,14.770879],[100.200734,14.770409],[100.201867,14.770106],[100.204256,14.770096],[100.204202,14.770746],[100.205411,14.770905],[100.206098,14.765914],[100.206169,14.764643],[100.205801,14.764804],[100.205793,14.764096],[100.206244,14.763885],[100.205556,14.762333],[100.20685,14.762187]]]},"bbox":[100.122802,14.659805,100.219028,14.770905]},{"type":"Feature","id":"bc87ad13-d473-4254-aefd-71362abd9f79","properties":{"id":"bc87ad13-d473-4254-aefd-71362abd9f79","code":"06720510","provinceCode":"72","nameTh":"องค์การบริหารส่วนตำบล บางงาม","nameEn":null,"geometryType":"MUNICIPALITY","sourceUrl":"https://landometer.com/api/v2/citymeter-v3/grocery/info/geom/bc87ad13-d473-4254-aefd-71362abd9f79/MUNICIPALITY","sourceSha256":"521f5685b43143848541f80709b8d4692cd6cda481bdefa024b40c0e43813557","retrievedAt":"2026-10-04T05:44:18.598578+00:00","boundaryVintage":null,"geometryStatus":"native_source_polygon_display_simplified","simplificationToleranceDegrees":0.00015,"simplificationPreservesTopology":true,"invalidSourceRepair":"make_valid; retain polygonal components; discard zero-area collapsed lines","legalBoundaryIndependentlyVerified":false,"areaId":"bc87ad13-d473-4254-aefd-71362abd9f79"},"geometry":{"type":"MultiPolygon","coordinates":[[[[100.1235,14.597348],[100.116294,14.597936],[100.115743,14.594595],[100.1181,14.594521],[100.117874,14.590834],[100.114841,14.593921],[100.113276,14.588193],[100.109259,14.585576],[100.105187,14.588944],[100.100717,14.58911],[100.099584,14.58775],[100.100366,14.590643],[100.096499,14.592269],[100.094218,14.592409],[100.094516,14.590037],[100.090715,14.591087],[100.09088,14.589112],[100.087397,14.589492],[100.087822,14.584241],[100.091472,14.580419],[100.092445,14.570256],[100.093015,14.570182],[100.092784,14.57019],[100.08713,14.5709],[100.086321,14.571063],[100.086332,14.571443],[100.084492,14.571722],[100.084624,14.572962],[100.0836,14.573412],[100.082287,14.575307],[100.081486,14.575777],[100.081325,14.576858],[100.079532,14.576733],[100.078699,14.576914],[100.078377,14.578025],[100.077012,14.578682],[100.077279,14.580047],[100.078002,14.580087],[100.078003,14.580276],[100.077321,14.580351],[100.077123,14.580877],[100.076446,14.580995],[100.076209,14.580369],[100.075455,14.580602],[100.075303,14.5803],[100.073824,14.581417],[100.070464,14.581834],[100.070381,14.582435],[100.068279,14.582149],[100.068275,14.581595],[100.067807,14.581603],[100.068947,14.585127],[100.067534,14.585184],[100.067511,14.586006],[100.067194,14.586213],[100.065441,14.584793],[100.062895,14.585532],[100.062941,14.585828],[100.061956,14.585957],[100.061108,14.586787],[100.060044,14.586975],[100.05951,14.586516],[100.058702,14.586733],[100.059187,14.58836],[100.057785,14.588528],[100.057735,14.589602],[100.055755,14.589041],[100.05509,14.58965],[100.054114,14.589641],[100.053124,14.589128],[100.052491,14.589063],[100.051956,14.592229],[100.052746,14.594147],[100.052847,14.595087],[100.051263,14.599595],[100.051164,14.600568],[100.051325,14.601223],[100.051915,14.601699],[100.054578,14.602051],[100.055526,14.602609],[100.05585,14.603167],[100.056488,14.605823],[100.057829,14.608497],[100.059343,14.610269],[100.061055,14.611067],[100.062492,14.607137],[100.073641,14.60399],[100.081962,14.607339],[100.080993,14.616173],[100.081829,14.619605],[100.086691,14.62784],[100.097432,14.621586],[100.100834,14.615765],[100.104906,14.616527],[100.105118,14.617761],[100.104063,14.617527],[100.104871,14.61834],[100.114294,14.62046],[100.114983,14.618387],[100.124727,14.621521],[100.132819,14.621317],[100.132289,14.62133],[100.13265,14.60572],[100.133653,14.605592],[100.133676,14.604586],[100.134678,14.604502],[100.134655,14.605507],[100.134702,14.603496],[100.13570392631466,14.603412006177216],[100.135748,14.60148],[100.133747,14.601511],[100.133774,14.600361],[100.132763,14.600831],[100.132786,14.599825],[100.130133,14.600047],[100.123754,14.598769],[100.1235,14.597348]],[[100.077136,14.580864],[100.077127,14.580873],[100.0771270000003,14.580872999999697],[100.077136,14.580864]]],[[[100.135681,14.604417],[100.135704,14.603412],[100.13570392631466,14.603412006177216],[100.135681,14.604417]]]]},"bbox":[100.051163,14.570182,100.135748,14.62784]},{"type":"Feature","id":"69323bb3-8672-4371-bc6d-fd5ea3fe7891","properties":{"id":"69323bb3-8672-4371-bc6d-fd5ea3fe7891","code":"06720603","provinceCode":"72","nameTh":"องค์การบริหารส่วนตำบล ดอนเจดีย์","nameEn":null,"geometryType":"MUNICIPALITY","sourceUrl":"https://landometer.com/api/v2/citymeter-v3/grocery/info/geom/69323bb3-8672-4371-bc6d-fd5ea3fe7891/MUNICIPALITY","sourceSha256":"fcb29bf9901f5315b4033036075bad7e5ad4fa32cab18b34875d1b55bdaaa9e4","retrievedAt":"2026-10-04T05:44:18.599243+00:00","boundaryVintage":null,"geometryStatus":"native_source_polygon_display_simplified","simplificationToleranceDegrees":0.00015,"simplificationPreservesTopology":true,"invalidSourceRepair":"make_valid; retain polygonal components; discard zero-area collapsed lines","legalBoundaryIndependentlyVerified":false,"areaId":"69323bb3-8672-4371-bc6d-fd5ea3fe7891"},"geometry":{"type":"Polygon","coordinates":[[[99.984407,14.649277],[99.988206,14.651309],[99.995789,14.651306],[99.995939,14.648956],[99.999336,14.649681],[100.000257,14.651522],[100.006499,14.649514],[100.007901,14.645372],[100.024525,14.644851],[100.026652,14.643489],[100.027299,14.645084],[100.029727,14.642389],[100.031121,14.645992],[100.034176,14.645981],[100.033809,14.641547],[100.041389,14.640566],[100.04083,14.639288],[100.049017,14.634868],[100.050036,14.636496],[100.059958,14.630605],[100.061357,14.63179],[100.06188,14.629224],[100.060635,14.62831],[100.059742,14.628281],[100.059112,14.627989],[100.057813,14.625764],[100.058856,14.622452],[100.059239,14.622168],[100.06003,14.622327],[100.060488,14.622153],[100.060992,14.62164],[100.061451,14.620461],[100.061495,14.619681],[100.060638,14.617966],[100.059271,14.616603],[100.059113,14.616156],[100.059838,14.614283],[100.060743,14.613708],[100.061191,14.61136],[100.060844,14.610896],[100.059179,14.610138],[100.057829,14.608497],[100.056488,14.605823],[100.05585,14.603167],[100.055526,14.602609],[100.054369,14.601999],[100.052132,14.60178],[100.051257,14.601077],[100.05124,14.599677],[100.052847,14.595087],[100.052746,14.594147],[100.051956,14.592229],[100.05249,14.589067],[100.04795,14.591306],[100.045069,14.588784],[100.044391,14.590337],[100.037218,14.590116],[100.037382,14.591237],[100.023447,14.593702],[100.022821,14.594038],[100.018598,14.594409],[100.01837,14.59255],[100.016226,14.592964],[100.019783,14.598998],[100.010682,14.602079],[100.005099,14.601],[99.993955,14.606772],[99.992855,14.605301],[99.988106,14.606667],[99.977603,14.614405],[99.974755,14.612714],[99.965057,14.613558],[99.961623,14.615848],[99.953439,14.615026],[99.947334,14.616865],[99.932296,14.614806],[99.924333,14.618937],[99.922142,14.622332],[99.925552,14.623946],[99.925301,14.628313],[99.92837,14.635165],[99.930576,14.634454],[99.930963,14.638407],[99.923496,14.638554],[99.92318,14.644125],[99.919788,14.648671],[99.921577,14.654361],[99.92763,14.654121],[99.936082,14.649766],[99.954201,14.653369],[99.957133,14.650932],[99.974771,14.648489],[99.984407,14.649277]],[[100.032515,14.629088],[100.024368,14.640188],[100.009625,14.641332],[100.013787,14.626033],[100.030159,14.622943],[100.032515,14.629088]]]},"bbox":[99.919788,14.588784,100.06188,14.654361]},{"type":"Feature","id":"a0d8e84d-eb9e-4bb3-bdf3-caf32ee8237c","properties":{"id":"a0d8e84d-eb9e-4bb3-bdf3-caf32ee8237c","code":"06720604","provinceCode":"72","nameTh":"องค์การบริหารส่วนตำบล ไร่รถ","nameEn":null,"geometryType":"MUNICIPALITY","sourceUrl":"https://landometer.com/api/v2/citymeter-v3/grocery/info/geom/a0d8e84d-eb9e-4bb3-bdf3-caf32ee8237c/MUNICIPALITY","sourceSha256":"d70a83f9edd8eb035d53cbfffc614eaf8a8a328b26ca6579a2daa4e39caa8062","retrievedAt":"2026-10-04T05:44:18.609504+00:00","boundaryVintage":null,"geometryStatus":"native_source_polygon_display_simplified","simplificationToleranceDegrees":0.00015,"simplificationPreservesTopology":true,"invalidSourceRepair":"make_valid; retain polygonal components; discard zero-area collapsed lines","legalBoundaryIndependentlyVerified":false,"areaId":"a0d8e84d-eb9e-4bb3-bdf3-caf32ee8237c"},"geometry":{"type":"Polygon","coordinates":[[[99.923599,14.615499],[99.932296,14.614806],[99.947334,14.616865],[99.953439,14.615026],[99.961623,14.615848],[99.965057,14.613558],[99.974755,14.612714],[99.977603,14.614405],[99.988106,14.606667],[99.992855,14.605301],[99.993955,14.606772],[100.005099,14.601],[100.010682,14.602079],[100.019783,14.598998],[100.016226,14.592964],[100.01837,14.59255],[100.018598,14.594409],[100.022821,14.594038],[100.023447,14.593702],[100.037382,14.591237],[100.037218,14.590116],[100.044391,14.590337],[100.045069,14.588784],[100.04795,14.591306],[100.052491,14.589063],[100.053124,14.589128],[100.054114,14.589641],[100.05509,14.58965],[100.055755,14.589041],[100.057735,14.589602],[100.057785,14.588528],[100.059187,14.58836],[100.058702,14.586733],[100.05951,14.586516],[100.060044,14.586975],[100.061108,14.586787],[100.061956,14.585957],[100.062941,14.585828],[100.062895,14.585532],[100.065441,14.584793],[100.067194,14.586213],[100.067511,14.586006],[100.067534,14.585184],[100.068947,14.585127],[100.067807,14.581603],[100.068275,14.581595],[100.068279,14.582149],[100.070381,14.582435],[100.070464,14.581834],[100.073824,14.581417],[100.075303,14.5803],[100.075455,14.580602],[100.076209,14.580369],[100.076446,14.580995],[100.077123,14.580877],[100.077321,14.580351],[100.078003,14.580276],[100.078002,14.580087],[100.077279,14.580047],[100.077012,14.578682],[100.078377,14.578025],[100.078699,14.576914],[100.079532,14.576733],[100.081325,14.576858],[100.081486,14.575777],[100.082287,14.575307],[100.0836,14.573412],[100.084624,14.572962],[100.084492,14.571722],[100.086363,14.571405],[100.08624,14.570505],[100.086534,14.570392],[100.086054,14.568877],[100.084429,14.569167],[100.084558,14.568923],[100.083181,14.567867],[100.083358,14.567059],[100.083742,14.566723],[100.083834,14.565969],[100.083747,14.565389],[100.083463,14.565401],[100.083336,14.563653],[100.083591,14.562772],[100.084532,14.561923],[100.083696,14.560022],[100.080165,14.559981],[100.077821,14.559398],[100.075836,14.56018],[100.073803,14.561949],[100.07366,14.562396],[100.072004,14.562598],[100.070117,14.563432],[100.069833,14.563958],[100.068298,14.564768],[100.0683,14.565164],[100.067867,14.565332],[100.067939,14.565712],[100.062791,14.56622],[100.063864,14.56952],[100.060715,14.571212],[100.061026,14.57189],[100.060726,14.572101],[100.059453,14.571936],[100.059447,14.573555],[100.058769,14.573756],[100.058598,14.573408],[100.058191,14.573545],[100.057914,14.573064],[100.056117,14.573749],[100.056033,14.57357],[100.055612,14.573666],[100.055402,14.573292],[100.053302,14.573735],[100.053235,14.57412],[100.052597,14.574592],[100.052229,14.574301],[100.051259,14.575011],[100.051362,14.575201],[100.050576,14.575889],[100.049992,14.575831],[100.049264,14.577401],[100.047576,14.577361],[100.046347,14.576936],[100.045537,14.576154],[100.044692,14.574071],[100.043628,14.574272],[100.043392,14.574564],[100.0413,14.574925],[100.041295,14.576878],[100.039054,14.576884],[100.038396,14.57663],[100.038072,14.576905],[100.03458,14.576422],[100.033731,14.575926],[100.033336,14.575341],[100.032869,14.573662],[100.031468,14.573541],[100.026953,14.574313],[100.026113,14.574822],[100.025879,14.574102],[100.018868,14.574954],[100.018697,14.574157],[100.015197,14.575065],[100.013535,14.574691],[100.012747,14.573541],[100.012088,14.573073],[100.009904,14.573434],[100.008283,14.57345],[100.007275,14.573153],[100.004904,14.573501],[100.004175,14.574626],[100.001746,14.575067],[99.997639,14.574363],[99.996821,14.574729],[99.99625,14.575457],[99.993063,14.576897],[99.991035,14.578296],[99.987662,14.579577],[99.984203,14.580043],[99.98317,14.581428],[99.979333,14.583745],[99.978238,14.583713],[99.976908,14.584201],[99.975684,14.584024],[99.973153,14.584121],[99.970648,14.584441],[99.968338,14.585693],[99.963913,14.586931],[99.963515,14.587617],[99.962616,14.587673],[99.961339,14.587362],[99.9604,14.587483],[99.959807,14.587782],[99.959398,14.588675],[99.958608,14.588928],[99.957897,14.58948],[99.956932,14.589434],[99.955312,14.589798],[99.954619,14.591181],[99.953858,14.591958],[99.949393,14.59337],[99.947843,14.594107],[99.946176,14.595389],[99.944819,14.5961],[99.943444,14.597564],[99.942195,14.598353],[99.941176,14.59936],[99.939883,14.601602],[99.938523,14.602148],[99.937662,14.6029],[99.936217,14.603121],[99.93591,14.604254],[99.935271,14.604936],[99.931425,14.608378],[99.930561,14.60962],[99.92884,14.610632],[99.928529,14.607378],[99.928171,14.605605],[99.927673,14.604876],[99.927365,14.602344],[99.922225,14.597169],[99.921587,14.595969],[99.921354,14.594939],[99.919858,14.594657],[99.918536,14.595001],[99.917556,14.595752],[99.916191,14.598013],[99.915093,14.598565],[99.912927,14.599015],[99.9118,14.599725],[99.909127,14.600113],[99.905848,14.599633],[99.904262,14.600057],[99.90361,14.601193],[99.899248,14.59986],[99.897012,14.599898],[99.895534,14.600175],[99.895435,14.60133],[99.89413,14.601362],[99.893567,14.602756],[99.89203,14.603388],[99.894204,14.608661],[99.893173,14.610191],[99.891878,14.611049],[99.889166,14.609078],[99.886984,14.610093],[99.886366,14.608693],[99.885896,14.606737],[99.884042,14.607067],[99.882617,14.609885],[99.882251,14.61177],[99.885552,14.612261],[99.890232,14.619824],[99.89794,14.615166],[99.90563,14.616685],[99.913875,14.615842],[99.917326,14.613858],[99.923599,14.615499]]]},"bbox":[99.882251,14.559398,100.086537,14.619824]},{"type":"Feature","id":"ea0d9675-9213-43d7-a433-3b89f423e606","properties":{"id":"ea0d9675-9213-43d7-a433-3b89f423e606","code":"06720605","provinceCode":"72","nameTh":"องค์การบริหารส่วนตำบล ทะเลบก","nameEn":null,"geometryType":"MUNICIPALITY","sourceUrl":"https://landometer.com/api/v2/citymeter-v3/grocery/info/geom/ea0d9675-9213-43d7-a433-3b89f423e606/MUNICIPALITY","sourceSha256":"201972773b91605cd64d6f7deab4be76c00f131a72ae4fe8d2c96c07814ae86b","retrievedAt":"2026-10-04T05:44:18.735631+00:00","boundaryVintage":null,"geometryStatus":"native_source_polygon_display_simplified","simplificationToleranceDegrees":0.00015,"simplificationPreservesTopology":true,"invalidSourceRepair":"make_valid; retain polygonal components; discard zero-area collapsed lines","legalBoundaryIndependentlyVerified":false,"areaId":"ea0d9675-9213-43d7-a433-3b89f423e606"},"geometry":{"type":"Polygon","coordinates":[[[99.807981,14.732659],[99.810951,14.73092],[99.813173,14.729205],[99.814646,14.728448],[99.817727,14.728584],[99.821431,14.727149],[99.824384,14.726573],[99.827215,14.727051],[99.830573,14.7272],[99.833191,14.726883],[99.834101,14.726205],[99.834917,14.724988],[99.837205,14.723329],[99.841151,14.723045],[99.842391,14.722107],[99.843238,14.720172],[99.844229,14.719067],[99.848614,14.716107],[99.849369,14.714072],[99.851267,14.711798],[99.852501,14.711062],[99.854639,14.71057],[99.857005,14.709102],[99.858047,14.707702],[99.85923,14.706982],[99.860751,14.706663],[99.863022,14.707168],[99.864035,14.707108],[99.86648,14.705027],[99.869077,14.704448],[99.870585,14.702026],[99.873843,14.7005],[99.873649,14.699744],[99.874544,14.699729],[99.876221,14.699211],[99.87895,14.69897],[99.880755,14.698231],[99.882271,14.698686],[99.884675,14.698348],[99.884712,14.698882],[99.88714,14.699149],[99.891086,14.698667],[99.890779,14.697338],[99.891067,14.696944],[99.891844,14.696614],[99.893285,14.696561],[99.894342,14.696219],[99.895973,14.696339],[99.89682,14.696973],[99.899282,14.696684],[99.901227,14.697248],[99.906217,14.697368],[99.909324,14.697953],[99.912133,14.697418],[99.916192,14.698314],[99.918679,14.698182],[99.920371,14.698673],[99.921676,14.698237],[99.922714,14.69826],[99.924269,14.697344],[99.924283,14.696867],[99.92562,14.695778],[99.92656,14.694567],[99.927226,14.694164],[99.931783,14.693368],[99.934799,14.691623],[99.938069,14.689395],[99.938898,14.688564],[99.939605,14.688295],[99.941367,14.686176],[99.942968,14.684887],[99.944052,14.684673],[99.947065,14.682765],[99.948816,14.682524],[99.95048,14.681845],[99.952727,14.681575],[99.95314,14.675204],[99.955855,14.674722],[99.95776,14.667646],[99.968066,14.666714],[99.968767,14.664874],[99.972013,14.665366],[99.974346,14.663605],[99.977269,14.664718],[99.983986,14.66229],[99.984359,14.658894],[99.987737,14.658466],[99.986497,14.65131],[99.985802,14.650633],[99.986412,14.650349],[99.984407,14.649277],[99.974771,14.648489],[99.957133,14.650932],[99.954201,14.653369],[99.936082,14.649766],[99.92763,14.654121],[99.921577,14.654361],[99.919788,14.648671],[99.920806,14.655071],[99.911276,14.658007],[99.910405,14.655345],[99.891422,14.660786],[99.883961,14.659091],[99.876442,14.662766],[99.869617,14.661888],[99.855987,14.67508],[99.851458,14.675861],[99.846463,14.679659],[99.831103,14.682431],[99.821085,14.692128],[99.808159,14.696981],[99.80068,14.696453],[99.799491,14.699055],[99.798139,14.699803],[99.797281,14.700776],[99.795497,14.701969],[99.797248,14.705623],[99.796112,14.705848],[99.795536,14.704356],[99.794773,14.704866],[99.792972,14.702275],[99.791728,14.703262],[99.793266,14.705265],[99.792967,14.705494],[99.792816,14.705323],[99.792297,14.705861],[99.791301,14.704593],[99.789284,14.706262],[99.789612,14.706879],[99.789813,14.706757],[99.790297,14.707306],[99.789377,14.708203],[99.7878,14.710432],[99.788178,14.710962],[99.787839,14.711181],[99.78926,14.713375],[99.785846,14.714497],[99.786399,14.717874],[99.78323,14.718736],[99.78419,14.721589],[99.787491,14.722715],[99.788048,14.723739],[99.788633,14.730171],[99.789116,14.73017],[99.789411,14.731335],[99.78876,14.731538],[99.78854,14.731894],[99.789101,14.733674],[99.789443,14.736017],[99.790513,14.735409],[99.792283,14.735019],[99.792604,14.734453],[99.793682,14.7339],[99.795766,14.73377],[99.798314,14.733031],[99.800785,14.733474],[99.803836,14.733214],[99.805983,14.732176],[99.807981,14.732659]]]},"bbox":[99.78323,14.648489,99.987737,14.736017]},{"type":"Feature","id":"5d258871-4a2d-42b4-a412-60557f95525d","properties":{"id":"5d258871-4a2d-42b4-a412-60557f95525d","code":"06720606","provinceCode":"72","nameTh":"องค์การบริหารส่วนตำบล สระกระโจม","nameEn":null,"geometryType":"MUNICIPALITY","sourceUrl":"https://landometer.com/api/v2/citymeter-v3/grocery/info/geom/5d258871-4a2d-42b4-a412-60557f95525d/MUNICIPALITY","sourceSha256":"37947116578f4d1e9022723c91413fbae2ccffb9f95cb70ee0b79303c348189b","retrievedAt":"2026-10-04T05:44:18.756464+00:00","boundaryVintage":null,"geometryStatus":"native_source_polygon_display_simplified","simplificationToleranceDegrees":0.00015,"simplificationPreservesTopology":true,"invalidSourceRepair":"make_valid; retain polygonal components; discard zero-area collapsed lines","legalBoundaryIndependentlyVerified":false,"areaId":"5d258871-4a2d-42b4-a412-60557f95525d"},"geometry":{"type":"Polygon","coordinates":[[[99.846463,14.679659],[99.851458,14.675861],[99.855987,14.67508],[99.869617,14.661888],[99.876442,14.662766],[99.883961,14.659091],[99.891422,14.660786],[99.910405,14.655345],[99.911276,14.658007],[99.920806,14.655071],[99.919788,14.648671],[99.92318,14.644125],[99.923496,14.638554],[99.930963,14.638407],[99.930576,14.634454],[99.92837,14.635165],[99.925301,14.628313],[99.925552,14.623946],[99.92198,14.622256],[99.922142,14.622332],[99.924333,14.618937],[99.932296,14.614806],[99.923599,14.615499],[99.917326,14.613858],[99.913875,14.615842],[99.90563,14.616685],[99.89794,14.615166],[99.890232,14.619824],[99.887278,14.620641],[99.889952,14.627909],[99.889137,14.631654],[99.891516,14.636187],[99.893287,14.63676],[99.893382,14.640809],[99.895151,14.642547],[99.889419,14.645419],[99.884351,14.65045],[99.881808,14.649679],[99.881377,14.651782],[99.875659,14.651235],[99.873359,14.652162],[99.871442,14.650297],[99.866024,14.651789],[99.863931,14.640072],[99.859966,14.641329],[99.858129,14.633898],[99.856077,14.633371],[99.859222,14.629291],[99.867467,14.62738],[99.868254,14.625176],[99.865765,14.62236],[99.868304,14.616244],[99.873366,14.61403],[99.873501,14.613934],[99.873004,14.614131],[99.873145,14.612953],[99.870284,14.613666],[99.87026,14.612871],[99.867951,14.61375],[99.867844,14.609816],[99.861117,14.610934],[99.859613,14.610631],[99.857793,14.609737],[99.856106,14.609541],[99.853281,14.609504],[99.851096,14.610418],[99.850867,14.609883],[99.848231,14.610021],[99.845283,14.610614],[99.842161,14.612857],[99.842888,14.615327],[99.842623,14.615739],[99.83935,14.61592],[99.838677,14.61747],[99.838034,14.617529],[99.837738,14.616891],[99.834111,14.617561],[99.833517,14.617411],[99.833156,14.617627],[99.833201,14.618545],[99.832431,14.618463],[99.832397,14.619321],[99.83164,14.619295],[99.831293,14.61951],[99.83144,14.620009],[99.831243,14.620618],[99.831539,14.621197],[99.83057,14.621921],[99.830879,14.622605],[99.830114,14.622761],[99.829633,14.623681],[99.828713,14.624139],[99.828698,14.624639],[99.829033,14.624722],[99.829045,14.625548],[99.828325,14.62577],[99.828445,14.626314],[99.827828,14.626435],[99.826723,14.627603],[99.82669,14.627918],[99.827091,14.628088],[99.827394,14.628785],[99.82699,14.628807],[99.826857,14.628414],[99.825957,14.62868],[99.826004,14.629142],[99.82541,14.629963],[99.82474,14.630405],[99.823481,14.630647],[99.823268,14.631618],[99.822619,14.631504],[99.822357,14.631885],[99.821822,14.631983],[99.821558,14.63297],[99.821753,14.633501],[99.822422,14.633914],[99.822437,14.63432],[99.821143,14.63542],[99.820778,14.636662],[99.821285,14.636994],[99.820538,14.637729],[99.820402,14.638416],[99.820583,14.638716],[99.821212,14.638526],[99.821831,14.638962],[99.8213,14.639327],[99.821402,14.640267],[99.820876,14.641061],[99.819825,14.641794],[99.81978,14.642547],[99.819163,14.64202],[99.818928,14.642244],[99.818653,14.641993],[99.818501,14.642285],[99.817469,14.642225],[99.817417,14.642524],[99.817799,14.642753],[99.817694,14.643318],[99.81699,14.642627],[99.816709,14.642636],[99.816502,14.643032],[99.816892,14.643682],[99.815756,14.643722],[99.815557,14.64429],[99.814382,14.644423],[99.814114,14.644867],[99.813529,14.644981],[99.811887,14.646319],[99.811305,14.646299],[99.810364,14.645842],[99.809224,14.646906],[99.808104,14.647125],[99.80948,14.651423],[99.809616,14.652574],[99.810195,14.65318],[99.811701,14.653622],[99.81242,14.655911],[99.813827,14.658361],[99.812095,14.661191],[99.811153,14.663304],[99.811115,14.664184],[99.809863,14.6643],[99.810148,14.666377],[99.810306,14.666372],[99.810226,14.668523],[99.808913,14.668828],[99.807889,14.668524],[99.805462,14.668441],[99.805062,14.671133],[99.803394,14.671346],[99.804009,14.673083],[99.803626,14.673202],[99.80353,14.672989],[99.802264,14.673363],[99.802575,14.67591],[99.79961,14.678184],[99.79713,14.679115],[99.79737,14.680633],[99.795642,14.681225],[99.794298,14.681107],[99.793773,14.683622],[99.795986,14.688137],[99.792086,14.689363],[99.792628,14.691854],[99.792003,14.69338],[99.793201,14.694022],[99.793863,14.697234],[99.793825,14.698095],[99.793445,14.698167],[99.793684,14.69864],[99.794615,14.699103],[99.795755,14.698856],[99.796163,14.699464],[99.796613,14.699023],[99.796348,14.698677],[99.796678,14.698419],[99.797268,14.69917],[99.797637,14.69881],[99.798352,14.699549],[99.798139,14.699803],[99.799491,14.699055],[99.80068,14.696453],[99.808159,14.696981],[99.821085,14.692128],[99.831103,14.682431],[99.846463,14.679659]]]},"bbox":[99.792003,14.609426,99.932296,14.699803]},{"type":"Feature","id":"70e0a3d5-8262-4940-9ca9-b0859dc16fc0","properties":{"id":"70e0a3d5-8262-4940-9ca9-b0859dc16fc0","code":"06720607","provinceCode":"72","nameTh":"องค์การบริหารส่วนตำบล หนองสาหร่าย","nameEn":null,"geometryType":"MUNICIPALITY","sourceUrl":"https://landometer.com/api/v2/citymeter-v3/grocery/info/geom/70e0a3d5-8262-4940-9ca9-b0859dc16fc0/MUNICIPALITY","sourceSha256":"1756086a77ad983ceb190d2ed03403f26a5d4a9c8a24ab6dd5d5a4807523b1b6","retrievedAt":"2026-10-04T05:44:18.667929+00:00","boundaryVintage":null,"geometryStatus":"native_source_polygon_display_simplified","simplificationToleranceDegrees":0.00015,"simplificationPreservesTopology":true,"invalidSourceRepair":"make_valid; retain polygonal components; discard zero-area collapsed lines","legalBoundaryIndependentlyVerified":false,"areaId":"70e0a3d5-8262-4940-9ca9-b0859dc16fc0"},"geometry":{"type":"Polygon","coordinates":[[[100.026453,14.686528],[100.029028,14.685692],[100.0324,14.686162],[100.033122,14.685617],[100.03376,14.685744],[100.03576,14.686881],[100.042973,14.686014],[100.047475,14.686332],[100.048794,14.685488],[100.051333,14.685067],[100.052434,14.683992],[100.054077,14.683067],[100.056724,14.682918],[100.056269,14.680151],[100.055796,14.678776],[100.079601,14.67682],[100.080291,14.676687],[100.080295,14.676467],[100.080699,14.676537],[100.081222,14.675589],[100.082499,14.674611],[100.083143,14.673799],[100.083525,14.672587],[100.083099,14.668946],[100.08354,14.667227],[100.083451,14.666798],[100.078656,14.665612],[100.077802,14.665127],[100.07717,14.664161],[100.076459,14.66137],[100.074782,14.659121],[100.07423,14.658894],[100.073755,14.658996],[100.072985,14.660352],[100.072325,14.660615],[100.071597,14.660461],[100.07073,14.659422],[100.071365,14.656489],[100.070827,14.654638],[100.070428,14.65193],[100.069632,14.650352],[100.069581,14.648072],[100.069418,14.647702],[100.067783,14.646887],[100.06756,14.646388],[100.068075,14.645341],[100.067648,14.643975],[100.068448,14.643321],[100.068556,14.642974],[100.068169,14.640898],[100.068981,14.640396],[100.069753,14.638996],[100.070141,14.637198],[100.070605,14.636326],[100.070301,14.634854],[100.067946,14.632836],[100.066628,14.629968],[100.066604,14.629214],[100.0675,14.628034],[100.067421,14.627505],[100.065623,14.627732],[100.063742,14.627491],[100.063223,14.628163],[100.062938,14.629492],[100.062531,14.629584],[100.06188,14.629224],[100.061357,14.63179],[100.059958,14.630605],[100.050036,14.636496],[100.049017,14.634868],[100.04083,14.639288],[100.041389,14.640566],[100.033809,14.641547],[100.034176,14.645981],[100.031121,14.645992],[100.029727,14.642389],[100.027299,14.645084],[100.026652,14.643489],[100.024525,14.644851],[100.007901,14.645372],[100.006499,14.649514],[100.000257,14.651522],[99.999336,14.649681],[99.995939,14.648956],[99.995789,14.651306],[99.988206,14.651309],[99.986412,14.650349],[99.985802,14.650633],[99.986497,14.65131],[99.987737,14.658466],[99.984359,14.658894],[99.983986,14.66229],[99.977269,14.664718],[99.974346,14.663605],[99.972013,14.665366],[99.968767,14.664874],[99.968066,14.666714],[99.95776,14.667646],[99.955855,14.674722],[99.95314,14.675204],[99.952718,14.681578],[99.954174,14.681943],[99.95557,14.682673],[99.958421,14.683303],[99.96416,14.682624],[99.965709,14.683119],[99.967399,14.683222],[99.967688,14.683447],[99.968008,14.684691],[99.970863,14.685883],[99.971577,14.687299],[99.973982,14.687849],[99.97564,14.687613],[99.978023,14.688479],[99.979315,14.688594],[99.980552,14.689103],[99.985637,14.690336],[99.988167,14.690189],[99.989577,14.689554],[99.992428,14.689129],[99.996035,14.690037],[99.998335,14.690227],[99.999664,14.690754],[100.001807,14.691055],[100.003697,14.691708],[100.006186,14.69177],[100.007584,14.691487],[100.009664,14.69017],[100.012307,14.690445],[100.015226,14.689339],[100.016564,14.689564],[100.021078,14.688654],[100.025109,14.687293],[100.026453,14.686528]]]},"bbox":[99.952718,14.627411,100.083554,14.691806]},{"type":"Feature","id":"9a9226c4-e268-41f0-a76c-9735b270707d","properties":{"id":"9a9226c4-e268-41f0-a76c-9735b270707d","code":"06720703","provinceCode":"72","nameTh":"องค์การบริหารส่วนตำบล ทุ่งคอก","nameEn":null,"geometryType":"MUNICIPALITY","sourceUrl":"https://landometer.com/api/v2/citymeter-v3/grocery/info/geom/9a9226c4-e268-41f0-a76c-9735b270707d/MUNICIPALITY","sourceSha256":"65a0077ec802a7ca2396ff4c08907ef5f7a9427c50b76b991747f56f06a7caaf","retrievedAt":"2026-10-04T05:44:18.672652+00:00","boundaryVintage":null,"geometryStatus":"native_source_polygon_display_simplified","simplificationToleranceDegrees":0.00015,"simplificationPreservesTopology":true,"invalidSourceRepair":"make_valid; retain polygonal components; discard zero-area collapsed lines","legalBoundaryIndependentlyVerified":false,"areaId":"9a9226c4-e268-41f0-a76c-9735b270707d"},"geometry":{"type":"MultiPolygon","coordinates":[[[[99.984867,14.1401],[99.98486706729757,14.140100005257624],[99.984897,14.140092],[99.984867,14.1401]]],[[[99.9579,14.207651],[99.958749,14.203359],[99.957183,14.203174],[99.957428,14.201286],[99.964532,14.200438],[99.967931,14.201659],[99.968527,14.200175],[99.974781,14.200203],[99.979453,14.195859],[99.989437,14.197234],[99.989653,14.199997],[99.994383,14.195742],[99.976453,14.162306],[99.983777,14.15793],[99.984995,14.14011],[99.983788,14.14022],[99.982767,14.140115],[99.982112,14.139711],[99.980475,14.139967],[99.977693,14.139434],[99.976577,14.139501],[99.975656,14.140862],[99.975275,14.142666],[99.97452,14.143076],[99.972658,14.141424],[99.970491,14.141168],[99.968929,14.14046],[99.966675,14.139964],[99.96521,14.138037],[99.965682,14.136726],[99.967209,14.135391],[99.970956,14.133734],[99.966996,14.13137],[99.966252,14.131349],[99.96521,14.130817],[99.964035,14.130839],[99.963005,14.131359],[99.961348,14.131432],[99.960919,14.131851],[99.960906,14.132412],[99.959808,14.132648],[99.958148,14.132719],[99.957219,14.131853],[99.956312,14.131865],[99.952231,14.133388],[99.950913,14.133333],[99.949951,14.134465],[99.94518,14.135019],[99.9436,14.13425],[99.94353,14.131573],[99.940066,14.131461],[99.939574,14.131211],[99.939772,14.126617],[99.938235,14.126536],[99.936002,14.125792],[99.934303,14.125533],[99.933489,14.123993],[99.931572,14.12352],[99.929419,14.125624],[99.93302,14.149157],[99.932308,14.170948],[99.902544,14.162413],[99.880748,14.166403],[99.865843,14.171381],[99.850104,14.173172],[99.845329,14.178568],[99.846091,14.17786],[99.847134,14.179921],[99.849807,14.179423],[99.852538,14.183427],[99.862319,14.183406],[99.863768,14.19079],[99.871978,14.193449],[99.875944,14.191666],[99.877821,14.192697],[99.878128,14.188592],[99.883033,14.18828],[99.882214,14.192238],[99.884858,14.193728],[99.887126,14.19218],[99.889704,14.193075],[99.889482,14.19028],[99.891105,14.190367],[99.891008,14.188583],[99.894096,14.188941],[99.893891,14.18675],[99.899064,14.18673],[99.900893,14.189875],[99.905433,14.184623],[99.908331,14.18509],[99.918892,14.197912],[99.923939,14.198562],[99.924974,14.202717],[99.930375,14.205485],[99.932607,14.210725],[99.937851,14.213238],[99.945121,14.220208],[99.945531,14.220179],[99.950522,14.216108],[99.949138,14.213711],[99.94995,14.212269],[99.953875,14.210434],[99.958751,14.211343],[99.959729,14.209938],[99.9579,14.207651]],[[99.929139,14.18369],[99.931735,14.18256],[99.930676,14.181113],[99.935457,14.177595],[99.934404,14.175365],[99.941248,14.171837],[99.942017,14.174204],[99.945315,14.172633],[99.946574,14.1735],[99.948859,14.180035],[99.951592,14.181069],[99.952339,14.184411],[99.951467,14.187091],[99.944955,14.187861],[99.942195,14.19232],[99.93806,14.192423],[99.936865,14.190105],[99.931663,14.191331],[99.932983,14.188018],[99.929474,14.188525],[99.928402,14.186924],[99.930784,14.185104],[99.929139,14.18369]]]]},"bbox":[99.845329,14.12352,99.994383,14.220208]},{"type":"Feature","id":"2a7d31b7-1806-47b1-aea1-aa9658776ae2","properties":{"id":"2a7d31b7-1806-47b1-aea1-aa9658776ae2","code":"06720704","provinceCode":"72","nameTh":"องค์การบริหารส่วนตำบล บางเลน","nameEn":null,"geometryType":"MUNICIPALITY","sourceUrl":"https://landometer.com/api/v2/citymeter-v3/grocery/info/geom/2a7d31b7-1806-47b1-aea1-aa9658776ae2/MUNICIPALITY","sourceSha256":"05ba429c443386a8508f887113f2c5f529bc54954c34bd3527d4fb65a22b1055","retrievedAt":"2026-10-04T05:44:18.678714+00:00","boundaryVintage":null,"geometryStatus":"native_source_polygon_display_simplified","simplificationToleranceDegrees":0.00015,"simplificationPreservesTopology":true,"invalidSourceRepair":"make_valid; retain polygonal components; discard zero-area collapsed lines","legalBoundaryIndependentlyVerified":false,"areaId":"2a7d31b7-1806-47b1-aea1-aa9658776ae2"},"geometry":{"type":"Polygon","coordinates":[[[100.09588,14.190149],[100.101404,14.177673],[100.105575,14.173481],[100.115011,14.168699],[100.116801,14.169478],[100.118765,14.166737],[100.124799,14.164504],[100.125287,14.163767],[100.129963,14.15074],[100.128914,14.150689],[100.130182,14.146911],[100.130142,14.145866],[100.129162,14.14592],[100.128986,14.145664],[100.128264,14.145903],[100.128202,14.145598],[100.127764,14.145688],[100.127543,14.145332],[100.126646,14.145576],[100.124062,14.14539],[100.123213,14.146081],[100.121415,14.14614],[100.120601,14.146501],[100.120163,14.1464],[100.119297,14.146875],[100.118638,14.14623],[100.114972,14.147055],[100.112802,14.146469],[100.112175,14.147364],[100.107662,14.146698],[100.107215,14.146969],[100.10649,14.146889],[100.105881,14.147883],[100.104355,14.147941],[100.101027,14.147198],[100.099372,14.147476],[100.097754,14.148081],[100.09755,14.147349],[100.094728,14.147358],[100.094541,14.147701],[100.086596,14.146407],[100.081579,14.14673],[100.080558,14.147048],[100.079607,14.146929],[100.07961,14.1466],[100.0784,14.146383],[100.077962,14.147617],[100.074403,14.145845],[100.074342,14.147021],[100.073873,14.147915],[100.071805,14.147341],[100.070485,14.147768],[100.067628,14.145442],[100.067242,14.145736],[100.066313,14.145489],[100.064904,14.145646],[100.063431,14.145438],[100.055082,14.145737],[100.051647,14.14609],[100.051187,14.14634],[100.048902,14.151854],[100.048515,14.152181],[100.045027,14.152855],[100.043677,14.153545],[100.04348,14.153199],[100.039174,14.153635],[100.037706,14.153275],[100.039133,14.156443],[100.041898,14.154871],[100.042581,14.159101],[100.043876,14.15878],[100.050454,14.170701],[100.048549,14.172188],[100.051406,14.176332],[100.046809,14.176394],[100.051622,14.180758],[100.05401,14.179244],[100.052133,14.176089],[100.055351,14.17483],[100.05973,14.18045],[100.050535,14.188058],[100.054034,14.192101],[100.05069,14.197012],[100.057247,14.204669],[100.059988,14.201988],[100.069532,14.198321],[100.071846,14.19936],[100.072261,14.200276],[100.073967,14.198813],[100.079601,14.202127],[100.080771,14.208199],[100.088355,14.207381],[100.098271,14.205302],[100.096906,14.201261],[100.099168,14.193901],[100.09588,14.190149]]]},"bbox":[100.037706,14.145332,100.130182,14.208199]},{"type":"Feature","id":"6f6e3806-6365-475e-ade4-c0cf40812c58","properties":{"id":"6f6e3806-6365-475e-ade4-c0cf40812c58","code":"06720705","provinceCode":"72","nameTh":"องค์การบริหารส่วนตำบล หนองบ่อ","nameEn":null,"geometryType":"MUNICIPALITY","sourceUrl":"https://landometer.com/api/v2/citymeter-v3/grocery/info/geom/6f6e3806-6365-475e-ade4-c0cf40812c58/MUNICIPALITY","sourceSha256":"58fcff4bcea877ab9454669b519396b09c5a98aeda78c2167abfc9841148f803","retrievedAt":"2026-10-04T05:44:18.680580+00:00","boundaryVintage":null,"geometryStatus":"native_source_polygon_display_simplified","simplificationToleranceDegrees":0.00015,"simplificationPreservesTopology":true,"invalidSourceRepair":"make_valid; retain polygonal components; discard zero-area collapsed lines","legalBoundaryIndependentlyVerified":false,"areaId":"6f6e3806-6365-475e-ade4-c0cf40812c58"},"geometry":{"type":"Polygon","coordinates":[[[99.900574,14.229644],[99.903419,14.228449],[99.904209,14.227588],[99.907535,14.227356],[99.908521,14.227094],[99.908632,14.226702],[99.91497,14.227933],[99.915658,14.228422],[99.91624,14.229293],[99.916819,14.229511],[99.926846,14.203705],[99.924974,14.202717],[99.923939,14.198562],[99.918892,14.197912],[99.908331,14.18509],[99.905433,14.184623],[99.900893,14.189875],[99.899064,14.18673],[99.893891,14.18675],[99.894096,14.188941],[99.891008,14.188583],[99.891105,14.190367],[99.889482,14.19028],[99.889704,14.193075],[99.887126,14.19218],[99.884858,14.193728],[99.882214,14.192238],[99.883033,14.18828],[99.878128,14.188592],[99.877821,14.192697],[99.875944,14.191666],[99.871978,14.193449],[99.863768,14.19079],[99.862319,14.183406],[99.852538,14.183427],[99.849807,14.179423],[99.847134,14.179921],[99.846091,14.17786],[99.8374,14.187526],[99.834047,14.187053],[99.827636,14.189161],[99.818382,14.185355],[99.806941,14.187374],[99.803003,14.183795],[99.800189,14.183632],[99.801208,14.185696],[99.801448,14.187699],[99.802572,14.190486],[99.798873,14.191062],[99.799147,14.193552],[99.798301,14.193883],[99.797562,14.195689],[99.798617,14.198087],[99.799,14.198382],[99.798927,14.199286],[99.799791,14.201437],[99.800655,14.205523],[99.800165,14.205637],[99.800237,14.205933],[99.799921,14.205978],[99.79845,14.205819],[99.798777,14.207568],[99.798034,14.209696],[99.79736,14.209409],[99.796772,14.209581],[99.796424,14.209997],[99.794777,14.209969],[99.793967,14.21265],[99.795345,14.213151],[99.795077,14.214377],[99.797284,14.214962],[99.796585,14.216584],[99.796374,14.216499],[99.795624,14.217934],[99.796626,14.218817],[99.796832,14.218691],[99.797585,14.220982],[99.797453,14.221407],[99.800102,14.222998],[99.799538,14.224116],[99.806198,14.22975],[99.808319,14.229766],[99.811289,14.228943],[99.813848,14.22882],[99.813561,14.226161],[99.818231,14.225732],[99.819181,14.223232],[99.821163,14.22068],[99.821576,14.2189],[99.824522,14.217326],[99.831082,14.218875],[99.832404,14.218569],[99.835268,14.218562],[99.838697,14.217647],[99.842535,14.219358],[99.843939,14.219275],[99.845843,14.22028],[99.848382,14.220521],[99.849354,14.221183],[99.851454,14.221225],[99.855101,14.222438],[99.85926,14.220778],[99.861186,14.220997],[99.864376,14.223122],[99.8677,14.223963],[99.867809,14.226411],[99.868184,14.226806],[99.868931,14.226787],[99.869597,14.226371],[99.871798,14.226232],[99.873403,14.225742],[99.875623,14.225734],[99.878067,14.226045],[99.884277,14.228221],[99.8856,14.228291],[99.888056,14.229695],[99.890205,14.230268],[99.890712,14.230237],[99.891946,14.229448],[99.892844,14.229396],[99.894932,14.230841],[99.895577,14.230764],[99.896636,14.229195],[99.897737,14.228866],[99.898604,14.228917],[99.900574,14.229644]]]},"bbox":[99.793967,14.17786,99.926846,14.230846]},{"type":"Feature","id":"6ec12ae2-17c0-4c29-a2a6-e36e119e1639","properties":{"id":"6ec12ae2-17c0-4c29-a2a6-e36e119e1639","code":"06720706","provinceCode":"72","nameTh":"องค์การบริหารส่วนตำบล เนินพระปรางค์","nameEn":null,"geometryType":"MUNICIPALITY","sourceUrl":"https://landometer.com/api/v2/citymeter-v3/grocery/info/geom/6ec12ae2-17c0-4c29-a2a6-e36e119e1639/MUNICIPALITY","sourceSha256":"ff7b7f845d79050489d5447415c0b2ca3a23f9a598049debaa939b6206cfdc63","retrievedAt":"2026-10-04T05:44:18.688794+00:00","boundaryVintage":null,"geometryStatus":"native_source_polygon_display_simplified","simplificationToleranceDegrees":0.00015,"simplificationPreservesTopology":true,"invalidSourceRepair":"make_valid; retain polygonal components; discard zero-area collapsed lines","legalBoundaryIndependentlyVerified":false,"areaId":"6ec12ae2-17c0-4c29-a2a6-e36e119e1639"},"geometry":{"type":"MultiPolygon","coordinates":[[[[100.04683586921118,14.176314387522446],[100.048215,14.176319],[100.046836,14.176314],[100.04683586921118,14.176314387522446]]],[[[100.046809,14.176394],[100.039776,14.185646],[100.030199,14.178263],[100.023069,14.178648],[100.021325,14.187241],[100.014771,14.187771],[100.002907,14.191822],[99.996579,14.190249],[99.992676,14.19241],[99.992201,14.19153],[99.994383,14.195742],[99.989645,14.200004],[99.997685,14.20775],[100.008488,14.206108],[100.010146,14.208648],[100.013241,14.208155],[100.019818,14.211383],[100.019462,14.212184],[100.019849,14.21132],[100.025299,14.205874],[100.028668,14.205767],[100.029936,14.205728],[100.03060160538321,14.206920293126371],[100.045724,14.21594],[100.057247,14.204669],[100.05069,14.197012],[100.054034,14.192101],[100.050535,14.188058],[100.05973,14.18045],[100.055351,14.17483],[100.052133,14.176089],[100.05401,14.179244],[100.051622,14.180758],[100.046809,14.176394]]],[[[100.028668,14.205767],[100.030602,14.206921],[100.03060160538321,14.206920293126371],[100.028668,14.205767]]]]},"bbox":[99.989645,14.17483,100.05973,14.21594]},{"type":"Feature","id":"b985b5d2-2ce4-4009-8cfb-3f0188afc9c1","properties":{"id":"b985b5d2-2ce4-4009-8cfb-3f0188afc9c1","code":"06720707","provinceCode":"72","nameTh":"องค์การบริหารส่วนตำบล บ่อสุพรรณ","nameEn":null,"geometryType":"MUNICIPALITY","sourceUrl":"https://landometer.com/api/v2/citymeter-v3/grocery/info/geom/b985b5d2-2ce4-4009-8cfb-3f0188afc9c1/MUNICIPALITY","sourceSha256":"abbb7a40969291c11d73d5a3015a2fb7c6823455ab50728e9c18525aa41b63eb","retrievedAt":"2026-10-04T05:44:18.750894+00:00","boundaryVintage":null,"geometryStatus":"native_source_polygon_display_simplified","simplificationToleranceDegrees":0.00015,"simplificationPreservesTopology":true,"invalidSourceRepair":"make_valid; retain polygonal components; discard zero-area collapsed lines","legalBoundaryIndependentlyVerified":false,"areaId":"b985b5d2-2ce4-4009-8cfb-3f0188afc9c1"},"geometry":{"type":"Polygon","coordinates":[[[99.818382,14.185355],[99.827636,14.189161],[99.834047,14.187053],[99.8374,14.187526],[99.850104,14.173172],[99.865843,14.171381],[99.880748,14.166403],[99.902544,14.162413],[99.932308,14.170948],[99.93302,14.149157],[99.929419,14.125624],[99.93157,14.12352],[99.927091,14.127724],[99.895759,14.094143],[99.89225,14.090125],[99.886068,14.090962],[99.885189,14.09082],[99.869337,14.074413],[99.868282,14.073584],[99.853663,14.078803],[99.852446,14.078762],[99.847538,14.076191],[99.845231,14.075724],[99.843824,14.075957],[99.836441,14.078931],[99.834785,14.079039],[99.826708,14.075988],[99.82548,14.075924],[99.824068,14.076421],[99.822045,14.072446],[99.819614,14.072366],[99.817523,14.071858],[99.81781,14.071008],[99.814511,14.065877],[99.814102,14.064243],[99.811988,14.064667],[99.808772,14.067565],[99.808252,14.069042],[99.808109,14.070295],[99.808675,14.072445],[99.810138,14.073523],[99.811032,14.074629],[99.811617,14.076238],[99.811657,14.077785],[99.808181,14.083126],[99.806988,14.083597],[99.803138,14.083468],[99.801737,14.083714],[99.798754,14.084507],[99.796855,14.085959],[99.796061,14.087108],[99.795516,14.088973],[99.79454,14.090369],[99.793481,14.092623],[99.793358,14.095556],[99.792415,14.097662],[99.792038,14.099331],[99.791026,14.10081],[99.789928,14.100965],[99.787745,14.100239],[99.787782,14.099367],[99.787061,14.09795],[99.784218,14.095174],[99.782587,14.094316],[99.777751,14.09275],[99.77748,14.093386],[99.775786,14.093213],[99.775543,14.092863],[99.77218,14.093934],[99.77343,14.097366],[99.772967,14.097793],[99.772715,14.098561],[99.770721,14.1001],[99.770082,14.100418],[99.769415,14.100325],[99.769311,14.112209],[99.769008,14.113069],[99.768108,14.114265],[99.767788,14.115803],[99.767909,14.116455],[99.768365,14.116609],[99.769785,14.117898],[99.771042,14.117971],[99.773793,14.117259],[99.773358,14.119155],[99.774747,14.120338],[99.775625,14.123027],[99.779859,14.122699],[99.780168,14.122964],[99.78121,14.121876],[99.782408,14.122933],[99.782187,14.12315],[99.783557,14.123964],[99.78355,14.125199],[99.785536,14.12454],[99.781817,14.134963],[99.781571,14.14113],[99.795142,14.171681],[99.795208,14.1734],[99.794071,14.177048],[99.798907,14.176689],[99.799132,14.178344],[99.800141,14.180741],[99.799868,14.182183],[99.800189,14.183632],[99.803003,14.183795],[99.806941,14.187374],[99.818382,14.185355]]]},"bbox":[99.767784,14.064243,99.93302,14.189161]},{"type":"Feature","id":"be6abf00-fc2b-4b03-93dc-b07e082ae3c8","properties":{"id":"be6abf00-fc2b-4b03-93dc-b07e082ae3c8","code":"06720708","provinceCode":"72","nameTh":"องค์การบริหารส่วนตำบล ศรีสำราญ","nameEn":null,"geometryType":"MUNICIPALITY","sourceUrl":"https://landometer.com/api/v2/citymeter-v3/grocery/info/geom/be6abf00-fc2b-4b03-93dc-b07e082ae3c8/MUNICIPALITY","sourceSha256":"ca3305fb16991817b682a7f53b4fad7c2be59848d42be2d6f307adb172ffeb07","retrievedAt":"2026-10-04T05:44:18.762211+00:00","boundaryVintage":null,"geometryStatus":"native_source_polygon_display_simplified","simplificationToleranceDegrees":0.00015,"simplificationPreservesTopology":true,"invalidSourceRepair":"make_valid; retain polygonal components; discard zero-area collapsed lines","legalBoundaryIndependentlyVerified":false,"areaId":"be6abf00-fc2b-4b03-93dc-b07e082ae3c8"},"geometry":{"type":"MultiPolygon","coordinates":[[[[100.017195,14.243947],[100.019585,14.243993],[100.02012,14.24211],[100.02519,14.243217],[100.029519,14.244527],[100.029855,14.247348],[100.0327,14.243813],[100.036891,14.245938],[100.044204,14.24213],[100.043599,14.239583],[100.03708,14.238943],[100.034846,14.237179],[100.036479,14.234192],[100.033002,14.239261],[100.028228,14.239863],[100.019413,14.23801],[100.017024,14.241573],[100.007008,14.239937],[100.005757,14.224371],[100.015953,14.220008],[100.019818,14.211383],[100.013241,14.208155],[100.010146,14.208648],[100.008488,14.206108],[99.997685,14.20775],[99.989645,14.200004],[99.989437,14.197234],[99.979453,14.195859],[99.974781,14.200203],[99.968527,14.200175],[99.967931,14.201659],[99.964532,14.200438],[99.957428,14.201286],[99.957183,14.203174],[99.958749,14.203359],[99.9579,14.207651],[99.959729,14.209938],[99.958751,14.211343],[99.953875,14.210434],[99.94995,14.212269],[99.949138,14.213711],[99.950522,14.216108],[99.945531,14.220179],[99.945121,14.220208],[99.937851,14.213238],[99.932607,14.210725],[99.930375,14.205485],[99.926846,14.203705],[99.916819,14.229511],[99.91624,14.229293],[99.916654,14.229918],[99.916774,14.229593],[99.918396,14.229913],[99.922653,14.231717],[99.922852,14.230576],[99.923601,14.229575],[99.9244,14.230041],[99.928166,14.230229],[99.929452,14.230916],[99.931118,14.231022],[99.931868,14.232434],[99.932175,14.233847],[99.935318,14.232947],[99.935136,14.231674],[99.935276,14.230781],[99.937727,14.23135],[99.938157,14.231983],[99.943878,14.228063],[99.946107,14.230129],[99.946894,14.230552],[99.951751,14.230139],[99.952135,14.231958],[99.95316,14.23468],[99.954192,14.234979],[99.954954,14.235506],[99.955686,14.235711],[99.957168,14.235645],[99.958131,14.235983],[99.958547,14.235165],[99.958857,14.233451],[99.959664,14.234031],[99.962041,14.234153],[99.961591,14.23656],[99.962908,14.237321],[99.963242,14.237249],[99.964281,14.235489],[99.964257,14.234625],[99.964588,14.233709],[99.965699,14.233681],[99.965959,14.235598],[99.966415,14.236909],[99.967159,14.236339],[99.967066,14.236033],[99.96813,14.235697],[99.96935,14.237377],[99.969804,14.236729],[99.973412,14.237082],[99.973381,14.235656],[99.974266,14.235343],[99.974101,14.234432],[99.977845,14.235679],[99.978674,14.234632],[99.979324,14.233176],[99.98186,14.234341],[99.982133,14.234481],[99.98156,14.235706],[99.981824,14.235815],[99.98161,14.237416],[99.984135,14.237824],[99.983779,14.242433],[99.985435,14.242504],[99.985337,14.244035],[99.987709,14.245983],[99.989164,14.261193],[99.989842,14.262067],[99.993944,14.263757],[99.993711,14.264439],[99.99272519007248,14.264961284303338],[99.99316,14.265466],[99.997306,14.263793],[99.99661,14.257502],[100.003069,14.258426],[100.007346,14.249033],[100.009566,14.24789],[100.009137,14.242504],[100.013864,14.243791],[100.014286,14.241949],[100.017195,14.243947]]],[[[99.99272519007248,14.264961284303338],[99.992725,14.264961],[99.992689,14.264982],[99.99272519007248,14.264961284303338]]]]},"bbox":[99.91624,14.195859,100.044204,14.265466]},{"type":"Feature","id":"eeeae4d3-1943-4f34-8c1a-ff2e113c5814","properties":{"id":"eeeae4d3-1943-4f34-8c1a-ff2e113c5814","code":"06720709","provinceCode":"72","nameTh":"องค์การบริหารส่วนตำบล หัวโพธิ์","nameEn":null,"geometryType":"MUNICIPALITY","sourceUrl":"https://landometer.com/api/v2/citymeter-v3/grocery/info/geom/eeeae4d3-1943-4f34-8c1a-ff2e113c5814/MUNICIPALITY","sourceSha256":"b38a192f3b9b48725d8ac36a295a2b12ab6beeb1fd1f498c520a257a47fba80c","retrievedAt":"2026-10-04T05:44:18.764059+00:00","boundaryVintage":null,"geometryStatus":"native_source_polygon_display_simplified","simplificationToleranceDegrees":0.00015,"simplificationPreservesTopology":true,"invalidSourceRepair":"make_valid; retain polygonal components; discard zero-area collapsed lines","legalBoundaryIndependentlyVerified":false,"areaId":"eeeae4d3-1943-4f34-8c1a-ff2e113c5814"},"geometry":{"type":"MultiPolygon","coordinates":[[[[99.992725,14.264961],[99.99272519007248,14.264961284303338],[99.992979,14.264816],[99.992725,14.264961]]],[[[99.982834,14.334008],[99.983221,14.336078],[99.983675,14.336655],[99.98414,14.336714],[99.98692,14.335355],[99.989956,14.335491],[99.994081,14.333741],[99.994611,14.333247],[99.994582,14.332283],[99.994019,14.331598],[99.993155,14.331424],[99.991042,14.331561],[99.990595,14.331343],[99.990402,14.330875],[99.990537,14.33035],[99.990959,14.329944],[99.992783,14.329626],[99.993435,14.329177],[99.993443,14.328673],[99.992529,14.327079],[99.99243,14.326029],[99.992748,14.325077],[99.994081,14.323513],[99.994266,14.322954],[99.994073,14.322091],[99.992752,14.321059],[99.992334,14.320254],[99.993136,14.317057],[99.99206,14.31314],[99.992081,14.312081],[99.992691,14.310251],[99.995426,14.304891],[99.997365,14.303648],[99.998363,14.300969],[99.998398,14.299368],[100.000365,14.297542],[100.001473,14.297016],[100.003478,14.297218],[100.004774,14.29688],[100.005576,14.295885],[100.006869,14.293052],[100.011736,14.28923],[100.018113,14.290857],[100.025438,14.283721],[100.035423,14.282346],[100.039028,14.286943],[100.045641,14.282252],[100.045851,14.278173],[100.048927,14.27417],[100.042277,14.270945],[100.04317,14.266667],[100.038612,14.256652],[100.03876,14.252357],[100.035189,14.249881],[100.036502,14.246141],[100.036895,14.245929],[100.0327,14.243813],[100.029855,14.247348],[100.029519,14.244527],[100.02519,14.243217],[100.02012,14.24211],[100.019585,14.243993],[100.017195,14.243947],[100.014286,14.241949],[100.013864,14.243791],[100.009137,14.242504],[100.009566,14.24789],[100.007346,14.249033],[100.003069,14.258426],[99.99663,14.257505],[99.997306,14.263793],[99.99316,14.265466],[99.99272519007248,14.264961284303338],[99.986332,14.267839],[99.981988,14.270449],[99.981278,14.270256],[99.981401,14.271406],[99.98084,14.272819],[99.978523,14.275089],[99.978039,14.275738],[99.977969,14.276285],[99.97719,14.277047],[99.97761,14.277834],[99.977849,14.279277],[99.977565,14.279273],[99.977521,14.280406],[99.974995,14.280689],[99.974718,14.283746],[99.973669,14.284635],[99.971606,14.28578],[99.967113,14.285503],[99.965002,14.286342],[99.965334,14.289273],[99.965097,14.292839],[99.964207,14.293708],[99.964208,14.293966],[99.964758,14.29512],[99.965249,14.299321],[99.963859,14.299422],[99.963798,14.301725],[99.963349,14.30178],[99.964227,14.305599],[99.963448,14.306071],[99.963794,14.307268],[99.963445,14.307506],[99.964593,14.310599],[99.96468,14.311488],[99.966886,14.311543],[99.966953,14.3119],[99.96905,14.311698],[99.969432,14.313228],[99.967548,14.313611],[99.968597,14.316864],[99.969295,14.318678],[99.971389,14.318488],[99.971532,14.319327],[99.971019,14.318943],[99.971186,14.320055],[99.969088,14.319968],[99.969324,14.321608],[99.96771,14.321747],[99.967864,14.323951],[99.970032,14.324],[99.970251,14.324788],[99.970323,14.326202],[99.96948,14.326254],[99.969804,14.331177],[99.970686,14.331529],[99.972418,14.333822],[99.972093,14.335448],[99.971796,14.335963],[99.970904,14.336464],[99.970773,14.337161],[99.972533,14.339961],[99.972739,14.340914],[99.975504,14.34074],[99.977124,14.338429],[99.97803,14.33783],[99.979823,14.337153],[99.980429,14.33652],[99.981662,14.334382],[99.982257,14.333971],[99.982834,14.334008]]]]},"bbox":[99.963349,14.241949,100.048927,14.340914]},{"type":"Feature","id":"66733595-9076-4351-8452-9329ebf4105f","properties":{"id":"66733595-9076-4351-8452-9329ebf4105f","code":"06720710","provinceCode":"72","nameTh":"องค์การบริหารส่วนตำบล ดอนมะนาว","nameEn":null,"geometryType":"MUNICIPALITY","sourceUrl":"https://landometer.com/api/v2/citymeter-v3/grocery/info/geom/66733595-9076-4351-8452-9329ebf4105f/MUNICIPALITY","sourceSha256":"91a2481dd723858f49b8d280aaa9effc54698dfb33ba1748543ee962e192568b","retrievedAt":"2026-10-04T05:44:18.754604+00:00","boundaryVintage":null,"geometryStatus":"native_source_polygon_display_simplified","simplificationToleranceDegrees":0.00015,"simplificationPreservesTopology":true,"invalidSourceRepair":"make_valid; retain polygonal components; discard zero-area collapsed lines","legalBoundaryIndependentlyVerified":false,"areaId":"66733595-9076-4351-8452-9329ebf4105f"},"geometry":{"type":"Polygon","coordinates":[[[100.030199,14.178263],[100.039776,14.185646],[100.04672,14.176314],[100.051406,14.176332],[100.048549,14.172188],[100.050454,14.170701],[100.043876,14.15878],[100.042581,14.159101],[100.041898,14.154871],[100.039133,14.156443],[100.037706,14.153275],[100.034144,14.152347],[100.031761,14.151209],[100.02968,14.151468],[100.029078,14.149127],[100.028221,14.149154],[100.027762,14.148656],[100.027727,14.148008],[100.019913,14.147908],[100.019733,14.147034],[100.015017,14.145015],[100.0154,14.146646],[100.015283,14.147225],[100.01142,14.144191],[100.004023,14.141155],[100.003538,14.14188],[100.002145,14.142967],[100.000932,14.14324],[99.997589,14.142454],[99.995049,14.141399],[99.993346,14.140473],[99.992136,14.139303],[99.987424,14.140344],[99.986489,14.139837],[99.984867,14.1401],[99.983777,14.15793],[99.976453,14.162306],[99.992676,14.19241],[99.996579,14.190249],[100.002907,14.191822],[100.014771,14.187771],[100.021325,14.187241],[100.023069,14.178648],[100.030199,14.178263]]]},"bbox":[99.976453,14.139303,100.051406,14.19241]},{"type":"Feature","id":"897747c8-acf7-4520-b0a3-1e3eabfecbe5","properties":{"id":"897747c8-acf7-4520-b0a3-1e3eabfecbe5","code":"06720711","provinceCode":"72","nameTh":"องค์การบริหารส่วนตำบล ต้นตาล","nameEn":null,"geometryType":"MUNICIPALITY","sourceUrl":"https://landometer.com/api/v2/citymeter-v3/grocery/info/geom/897747c8-acf7-4520-b0a3-1e3eabfecbe5/MUNICIPALITY","sourceSha256":"28e893840edddc5c929b67eb6e1043600db24e193c5b6c622f07e410ae23f5ca","retrievedAt":"2026-10-04T05:44:18.769597+00:00","boundaryVintage":null,"geometryStatus":"native_source_polygon_display_simplified","simplificationToleranceDegrees":0.00015,"simplificationPreservesTopology":true,"invalidSourceRepair":"make_valid; retain polygonal components; discard zero-area collapsed lines","legalBoundaryIndependentlyVerified":false,"areaId":"897747c8-acf7-4520-b0a3-1e3eabfecbe5"},"geometry":{"type":"MultiPolygon","coordinates":[[[[100.072261,14.200276],[100.071732,14.20073],[100.07226108726228,14.20027619226765],[100.072261,14.200276]]],[[[100.052208,14.223514],[100.045947,14.232187],[100.042312,14.232385],[100.042204,14.234478],[100.045825,14.236252],[100.046062,14.234477],[100.050433,14.234757],[100.049844,14.238508],[100.063279,14.243183],[100.061415,14.246459],[100.065931,14.249187],[100.065193,14.25404],[100.071348,14.255917],[100.065473,14.266297],[100.071232,14.268973],[100.074625,14.268014],[100.074255,14.270255],[100.078358,14.269749],[100.080818,14.270233],[100.08507,14.262283],[100.092059,14.265675],[100.094085,14.255017],[100.097107,14.251846],[100.094444,14.251693],[100.092405,14.254495],[100.0741,14.251711],[100.081176,14.234314],[100.07886,14.233108],[100.080965,14.230343],[100.079632,14.229972],[100.080678,14.226485],[100.079387,14.225962],[100.086452,14.221257],[100.086009,14.218001],[100.089477,14.217684],[100.088938,14.212738],[100.089684,14.212538],[100.088355,14.207381],[100.080771,14.208199],[100.079601,14.202127],[100.073967,14.198813],[100.07226108726228,14.20027619226765],[100.073521,14.203053],[100.072582,14.206636],[100.061172,14.204292],[100.056025,14.214322],[100.049372,14.216666],[100.048275,14.219293],[100.051333,14.220436],[100.052208,14.223514]]]]},"bbox":[100.042204,14.198813,100.097107,14.270255]},{"type":"Feature","id":"217aca61-8aae-4292-9146-e272b06d8eed","properties":{"id":"217aca61-8aae-4292-9146-e272b06d8eed","code":"06720712","provinceCode":"72","nameTh":"องค์การบริหารส่วนตำบล บางตะเคียน","nameEn":null,"geometryType":"MUNICIPALITY","sourceUrl":"https://landometer.com/api/v2/citymeter-v3/grocery/info/geom/217aca61-8aae-4292-9146-e272b06d8eed/MUNICIPALITY","sourceSha256":"c7fc4220e40ab3fd2bae4b662bed2bcfc2889670ff8be3ddfa3205f7c438210d","retrievedAt":"2026-10-04T05:44:18.821228+00:00","boundaryVintage":null,"geometryStatus":"native_source_polygon_display_simplified","simplificationToleranceDegrees":0.00015,"simplificationPreservesTopology":true,"invalidSourceRepair":"make_valid; retain polygonal components; discard zero-area collapsed lines","legalBoundaryIndependentlyVerified":false,"areaId":"217aca61-8aae-4292-9146-e272b06d8eed"},"geometry":{"type":"MultiPolygon","coordinates":[[[[100.08893836826407,14.212737901269687],[100.088355,14.207381],[100.088938,14.212738],[100.08893836826407,14.212737901269687]]],[[[100.086452,14.221257],[100.079387,14.225962],[100.080678,14.226485],[100.079632,14.229972],[100.080965,14.230343],[100.07886,14.233108],[100.081176,14.234314],[100.0741,14.251711],[100.092405,14.254495],[100.094444,14.251693],[100.097107,14.251846],[100.09714717254455,14.252004830319592],[100.102032,14.247201],[100.10354,14.242854],[100.107864,14.240056],[100.111153,14.237982],[100.11914,14.236984],[100.11962,14.23729],[100.1186981710431,14.236522113785613],[100.119178,14.232127],[100.124885,14.22917],[100.115925,14.215768],[100.112316,14.21362],[100.11583,14.201823],[100.128164,14.197623],[100.118566,14.189724],[100.121348,14.181889],[100.116321,14.174757],[100.116801,14.169478],[100.115011,14.168699],[100.105575,14.173481],[100.101404,14.177673],[100.09588,14.190149],[100.099168,14.193901],[100.096906,14.201261],[100.098271,14.205302],[100.088355,14.207381],[100.089684,14.212538],[100.08893836826407,14.212737901269687],[100.089477,14.217684],[100.086009,14.218001],[100.086452,14.221257]],[[100.118696,14.236542],[100.118698,14.236522],[100.1186981710431,14.236522113785613],[100.118696,14.236542]]],[[[100.097147,14.252005],[100.097704,14.2527],[100.09714717254455,14.252004830319592],[100.097147,14.252005]]]]},"bbox":[100.0741,14.168699,100.128164,14.254495]},{"type":"Feature","id":"77fbc8ed-0cd3-4f69-aa2a-abcb860a77c0","properties":{"id":"77fbc8ed-0cd3-4f69-aa2a-abcb860a77c0","code":"06720713","provinceCode":"72","nameTh":"องค์การบริหารส่วนตำบล บางตาเถร","nameEn":null,"geometryType":"MUNICIPALITY","sourceUrl":"https://landometer.com/api/v2/citymeter-v3/grocery/info/geom/77fbc8ed-0cd3-4f69-aa2a-abcb860a77c0/MUNICIPALITY","sourceSha256":"69efa2d2bb6c9ad85e7f2389fbefdb08adaa1c2ef2be321f4556f3e69c2873ad","retrievedAt":"2026-10-04T05:44:18.842735+00:00","boundaryVintage":null,"geometryStatus":"native_source_polygon_display_simplified","simplificationToleranceDegrees":0.00015,"simplificationPreservesTopology":true,"invalidSourceRepair":"make_valid; retain polygonal components; discard zero-area collapsed lines","legalBoundaryIndependentlyVerified":false,"areaId":"77fbc8ed-0cd3-4f69-aa2a-abcb860a77c0"},"geometry":{"type":"MultiPolygon","coordinates":[[[[100.151682,14.252235],[100.156694,14.250936],[100.156551,14.249026],[100.169996,14.243764],[100.171139,14.24685],[100.175379,14.246133],[100.179908,14.244326],[100.179813,14.242088],[100.184323,14.241941],[100.183128,14.236649],[100.183387,14.234517],[100.185293,14.234016],[100.185724,14.229961],[100.19872,14.226514],[100.205346,14.221059],[100.210104,14.221316],[100.212381,14.217501],[100.211738,14.215458],[100.216004,14.210718],[100.229605,14.213007],[100.230218,14.214165],[100.232781,14.211739],[100.234183,14.211004],[100.235475,14.210727],[100.235497,14.209083],[100.2361,14.207216],[100.235924,14.205659],[100.236144,14.204967],[100.236111,14.203519],[100.2367,14.201339],[100.236672,14.200047],[100.237543,14.198398],[100.238437,14.19797],[100.238648,14.197569],[100.238313,14.197313],[100.235644,14.197022],[100.233856,14.194783],[100.232123,14.19413],[100.230804,14.194114],[100.228632,14.195338],[100.227733,14.194698],[100.22706,14.19353],[100.224852,14.193979],[100.223133,14.190795],[100.221167,14.189507],[100.219963,14.189236],[100.217314,14.187982],[100.217767,14.187053],[100.216415,14.186268],[100.215476,14.18541],[100.2129,14.179214],[100.212488,14.179262],[100.211562,14.177133],[100.209875,14.177353],[100.203077,14.176341],[100.203008,14.175956],[100.201374,14.175943],[100.201901,14.16995],[100.188103,14.164726],[100.188417,14.163024],[100.183593,14.16169],[100.174453,14.160195],[100.173858,14.159299],[100.173821,14.157006],[100.173022,14.155625],[100.173003,14.154966],[100.169311,14.154724],[100.169218,14.154312],[100.168534,14.154113],[100.167916,14.151634],[100.16538,14.151754],[100.165329,14.151298],[100.161243,14.15127],[100.159735,14.150746],[100.160935,14.146807],[100.15908,14.146647],[100.157381,14.146197],[100.15628,14.145515],[100.154802,14.14507],[100.152232,14.145349],[100.150567,14.144953],[100.145311,14.14551],[100.144559,14.145372],[100.142719,14.145795],[100.141613,14.145196],[100.140106,14.14552],[100.139001,14.144984],[100.138717,14.144086],[100.137853,14.144422],[100.135682,14.14311],[100.135443,14.142642],[100.134692,14.142644],[100.134171,14.141394],[100.133484,14.141257],[100.13384,14.13999],[100.131896,14.13901],[100.130945,14.138907],[100.131294,14.145804],[100.130142,14.145866],[100.130182,14.146911],[100.128914,14.150689],[100.129963,14.15074],[100.125287,14.163767],[100.124799,14.164504],[100.118765,14.166737],[100.116801,14.169478],[100.116321,14.174757],[100.121348,14.181889],[100.118566,14.189724],[100.128164,14.197623],[100.11583,14.201823],[100.112316,14.21362],[100.115925,14.215768],[100.124885,14.22917],[100.119178,14.232127],[100.118698,14.236522],[100.11962000135273,14.23728998782539],[100.128622,14.243028],[100.13218,14.249925],[100.132121,14.255293],[100.135471,14.260262],[100.135144,14.260997],[100.135854,14.260978],[100.137545,14.258935],[100.146451,14.259249],[100.145875,14.258288],[100.148743,14.257029],[100.148501,14.254471],[100.1521,14.254327],[100.151682,14.252235]]],[[[100.11962,14.23729],[100.11962000135273,14.23728998782539],[100.11914,14.236984],[100.11962,14.23729]]]]},"bbox":[100.112316,14.138907,100.238653,14.26107]},{"type":"Feature","id":"6746b17e-9a75-4d31-bd71-f04006307626","properties":{"id":"6746b17e-9a75-4d31-bd71-f04006307626","code":"06720714","provinceCode":"72","nameTh":"องค์การบริหารส่วนตำบล บางพลับ","nameEn":null,"geometryType":"MUNICIPALITY","sourceUrl":"https://landometer.com/api/v2/citymeter-v3/grocery/info/geom/6746b17e-9a75-4d31-bd71-f04006307626/MUNICIPALITY","sourceSha256":"4f770dff142ee34e8a31e2dc4d6ce2c98a10d1321953f9eefb8a96f332afebae","retrievedAt":"2026-10-04T05:44:18.845708+00:00","boundaryVintage":null,"geometryStatus":"native_source_polygon_display_simplified","simplificationToleranceDegrees":0.00015,"simplificationPreservesTopology":true,"invalidSourceRepair":"make_valid; retain polygonal components; discard zero-area collapsed lines","legalBoundaryIndependentlyVerified":false,"areaId":"6746b17e-9a75-4d31-bd71-f04006307626"},"geometry":{"type":"Polygon","coordinates":[[[100.059887,14.295929],[100.061544,14.28079],[100.064415,14.280147],[100.065204,14.280239],[100.06582,14.280933],[100.065975,14.282907],[100.068726,14.285425],[100.071084,14.286345],[100.072125,14.286359],[100.074067,14.287725],[100.076483,14.287847],[100.078756,14.287268],[100.079387,14.287988],[100.07985,14.290168],[100.081084,14.289834],[100.083777,14.288298],[100.083238,14.287734],[100.083299,14.286821],[100.085272,14.285287],[100.085327,14.284534],[100.084518,14.283436],[100.084243,14.281748],[100.083815,14.281204],[100.084359,14.28028],[100.084985,14.281143],[100.086928,14.285201],[100.088099,14.284602],[100.089311,14.284967],[100.086338,14.281813],[100.08601,14.277327],[100.083759,14.281089],[100.080099,14.27867],[100.07995,14.27502],[100.081371,14.274804],[100.080463,14.270278],[100.07968,14.270275],[100.079764,14.270026],[100.078358,14.269749],[100.074255,14.270255],[100.074625,14.268014],[100.071232,14.268973],[100.065473,14.266297],[100.071348,14.255917],[100.065193,14.25404],[100.065931,14.249187],[100.061415,14.246459],[100.063279,14.243183],[100.049844,14.238508],[100.050433,14.234757],[100.046062,14.234477],[100.045825,14.236252],[100.042204,14.234478],[100.042312,14.232385],[100.03754,14.232645],[100.034846,14.237179],[100.03708,14.238943],[100.043599,14.239583],[100.044204,14.24213],[100.036502,14.246141],[100.035189,14.249881],[100.03876,14.252357],[100.038612,14.256652],[100.04317,14.266667],[100.042277,14.270945],[100.048927,14.27417],[100.045851,14.278173],[100.045641,14.282252],[100.039028,14.286943],[100.035423,14.282346],[100.025438,14.283721],[100.018113,14.290857],[100.011736,14.28923],[100.007203,14.292712],[100.007808,14.293177],[100.008721,14.294487],[100.011901,14.29373],[100.015518,14.294664],[100.01985,14.296941],[100.02531,14.296783],[100.027233,14.297496],[100.02934,14.29868],[100.033177,14.298963],[100.034331,14.299474],[100.035394,14.299619],[100.043174,14.298634],[100.046437,14.297804],[100.047147,14.297418],[100.047596,14.297686],[100.048703,14.297695],[100.051448,14.297082],[100.055355,14.296894],[100.059603,14.297031],[100.061522,14.297375],[100.06118,14.295865],[100.059887,14.295929]]]},"bbox":[100.007203,14.232385,100.089311,14.299619]},{"type":"Feature","id":"fafcb735-e3fa-42c0-968f-34f669e4daa5","properties":{"id":"fafcb735-e3fa-42c0-968f-34f669e4daa5","code":"06720715","provinceCode":"72","nameTh":"องค์การบริหารส่วนตำบล บ้านกุ่ม","nameEn":null,"geometryType":"MUNICIPALITY","sourceUrl":"https://landometer.com/api/v2/citymeter-v3/grocery/info/geom/fafcb735-e3fa-42c0-968f-34f669e4daa5/MUNICIPALITY","sourceSha256":"985fcc960e531d58a17a9297fff6bd73723d15d550c3232b1a2f1fb22d734568","retrievedAt":"2026-10-04T05:44:18.845532+00:00","boundaryVintage":null,"geometryStatus":"native_source_polygon_display_simplified","simplificationToleranceDegrees":0.00015,"simplificationPreservesTopology":true,"invalidSourceRepair":"make_valid; retain polygonal components; discard zero-area collapsed lines","legalBoundaryIndependentlyVerified":false,"areaId":"fafcb735-e3fa-42c0-968f-34f669e4daa5"},"geometry":{"type":"Polygon","coordinates":[[[100.135263,14.26107],[100.135471,14.260262],[100.132121,14.255293],[100.13218,14.249925],[100.128622,14.243028],[100.11914,14.236984],[100.111153,14.237982],[100.103572,14.242761],[100.102032,14.247201],[100.094085,14.255017],[100.092059,14.265675],[100.08507,14.262283],[100.080818,14.270233],[100.079764,14.270026],[100.07968,14.270275],[100.080463,14.270278],[100.081371,14.274804],[100.07995,14.27502],[100.080099,14.27867],[100.083759,14.281089],[100.08601,14.277327],[100.086338,14.281813],[100.089692,14.285337],[100.090081,14.285137],[100.091499,14.283152],[100.094058,14.283398],[100.09516,14.282439],[100.095828,14.282261],[100.099838,14.282472],[100.101188,14.28352],[100.102489,14.281983],[100.108287,14.281527],[100.109168,14.283823],[100.110768,14.284075],[100.112587,14.283948],[100.11278,14.284371],[100.113928,14.284399],[100.114448,14.284058],[100.115953,14.28374],[100.118323,14.283763],[100.118794,14.283049],[100.121942,14.282158],[100.12232,14.282433],[100.123048,14.284328],[100.124204,14.284978],[100.124632,14.284841],[100.125693,14.285994],[100.128191,14.285005],[100.12921,14.286672],[100.131006,14.286423],[100.13116,14.286712],[100.133216,14.286484],[100.134121,14.288887],[100.137103,14.287587],[100.136367,14.286962],[100.131713,14.281119],[100.13694,14.27228],[100.133481,14.264733],[100.134335,14.262814],[100.135854,14.260978],[100.135263,14.26107]]]},"bbox":[100.07968,14.236984,100.137103,14.288887]},{"type":"Feature","id":"ca65f118-9f3a-42f9-b73a-02e879067baf","properties":{"id":"ca65f118-9f3a-42f9-b73a-02e879067baf","code":"06720716","provinceCode":"72","nameTh":"องค์การบริหารส่วนตำบล บ้านช้าง","nameEn":null,"geometryType":"MUNICIPALITY","sourceUrl":"https://landometer.com/api/v2/citymeter-v3/grocery/info/geom/ca65f118-9f3a-42f9-b73a-02e879067baf/MUNICIPALITY","sourceSha256":"12488f9df55e2c092a3d6abd9bee215cbeee95fc10439226a9a56128de3051e7","retrievedAt":"2026-10-04T05:44:18.837311+00:00","boundaryVintage":null,"geometryStatus":"native_source_polygon_display_simplified","simplificationToleranceDegrees":0.00015,"simplificationPreservesTopology":true,"invalidSourceRepair":"make_valid; retain polygonal components; discard zero-area collapsed lines","legalBoundaryIndependentlyVerified":false,"areaId":"ca65f118-9f3a-42f9-b73a-02e879067baf"},"geometry":{"type":"Polygon","coordinates":[[[100.13694,14.27228],[100.131713,14.281119],[100.136376,14.286955],[100.137752,14.285881],[100.137577,14.285691],[100.137946,14.285299],[100.139665,14.283962],[100.140598,14.283585],[100.142875,14.283435],[100.142784,14.28297],[100.143575,14.282593],[100.146957,14.282336],[100.146821,14.281438],[100.148971,14.28166],[100.149056,14.281402],[100.150033,14.281543],[100.150396,14.280674],[100.150943,14.280632],[100.150917,14.280043],[100.151604,14.279999],[100.15162,14.278658],[100.151814,14.278644],[100.151306,14.277956],[100.154225,14.276828],[100.15427,14.276267],[100.155448,14.276008],[100.155681,14.276918],[100.156404,14.276749],[100.161622,14.273645],[100.161312,14.272952],[100.165835,14.271579],[100.164917,14.269899],[100.168598,14.268013],[100.173578,14.266564],[100.173652,14.267158],[100.177433,14.266227],[100.177117,14.265741],[100.177166,14.26534],[100.179498,14.264528],[100.179599,14.264322],[100.179042,14.263097],[100.180751,14.262655],[100.180995,14.261818],[100.18423,14.261826],[100.185043,14.260375],[100.184662,14.258585],[100.185392,14.256657],[100.191709,14.256659],[100.191669,14.25604],[100.194532,14.255867],[100.194579,14.255469],[100.195516,14.255367],[100.194532,14.24991],[100.196108,14.249736],[100.195936,14.248356],[100.203536,14.247801],[100.203388,14.249726],[100.204247,14.249739],[100.204111,14.250989],[100.207803,14.251218],[100.207823,14.25087],[100.212257,14.25084],[100.212182,14.247627],[100.211423,14.243145],[100.221849,14.240612],[100.222911,14.237575],[100.223507,14.236847],[100.224237,14.237829],[100.22503,14.238296],[100.225893,14.239272],[100.22584,14.241091],[100.228973,14.241639],[100.233727,14.241997],[100.233119,14.239064],[100.232159,14.238776],[100.232168,14.238559],[100.234402,14.238032],[100.234312,14.235126],[100.23496,14.234399],[100.234782,14.231983],[100.232763,14.22944],[100.23248,14.228068],[100.231774,14.227653],[100.23176,14.21965],[100.232441,14.217017],[100.23143,14.214069],[100.231461,14.213103],[100.231457,14.213115],[100.229742,14.214569],[100.230218,14.214165],[100.229605,14.213007],[100.216004,14.210718],[100.211738,14.215458],[100.212381,14.217501],[100.210104,14.221316],[100.205346,14.221059],[100.19872,14.226514],[100.185724,14.229961],[100.185293,14.234016],[100.183387,14.234517],[100.183128,14.236649],[100.184323,14.241941],[100.179813,14.242088],[100.179908,14.244326],[100.175379,14.246133],[100.171139,14.24685],[100.169996,14.243764],[100.156551,14.249026],[100.156694,14.250936],[100.151682,14.252235],[100.1521,14.254327],[100.148501,14.254471],[100.148743,14.257029],[100.145875,14.258288],[100.146451,14.259249],[100.137545,14.258935],[100.134335,14.262814],[100.133481,14.264733],[100.13694,14.27228]]]},"bbox":[100.131713,14.210718,100.23496,14.286955]},{"type":"Feature","id":"b09c7479-4929-40c7-90ed-e795687f39b1","properties":{"id":"b09c7479-4929-40c7-90ed-e795687f39b1","code":"06720802","provinceCode":"72","nameTh":"องค์การบริหารส่วนตำบล ย่านยาว","nameEn":null,"geometryType":"MUNICIPALITY","sourceUrl":"https://landometer.com/api/v2/citymeter-v3/grocery/info/geom/b09c7479-4929-40c7-90ed-e795687f39b1/MUNICIPALITY","sourceSha256":"a255bbbe2ea51af74efb2423e3a50d40e8f7610a59bed88a972fba3b4963ccbf","retrievedAt":"2026-10-04T05:44:18.846090+00:00","boundaryVintage":null,"geometryStatus":"native_source_polygon_display_simplified","simplificationToleranceDegrees":0.00015,"simplificationPreservesTopology":true,"invalidSourceRepair":"make_valid; retain polygonal components; discard zero-area collapsed lines","legalBoundaryIndependentlyVerified":false,"areaId":"b09c7479-4929-40c7-90ed-e795687f39b1"},"geometry":{"type":"MultiPolygon","coordinates":[[[[100.123131,14.730709],[100.122577,14.728011],[100.119888,14.725799],[100.122445,14.725061],[100.123257,14.722555],[100.12552,14.723103],[100.125366,14.721403],[100.13381,14.723225],[100.134773,14.720567],[100.134088,14.715978],[100.132793,14.715729],[100.133622,14.710581],[100.137981,14.714147],[100.142406,14.714911],[100.147441,14.714488],[100.147906,14.713705],[100.147724,14.711342],[100.148069,14.709799],[100.147789,14.709311],[100.145803,14.709281],[100.144361,14.708812],[100.143466,14.708897],[100.142504,14.707861],[100.14109,14.708254],[100.14085,14.708013],[100.140683,14.707045],[100.140533,14.706941],[100.140498,14.706934],[100.140013,14.706835],[100.139998,14.706832],[100.139904,14.706819],[100.138095,14.708038],[100.136963,14.707222],[100.136506,14.706361],[100.134566,14.706854],[100.133674,14.706372],[100.133032,14.706387],[100.131998,14.705538],[100.130234,14.705734],[100.127998,14.703475],[100.12751,14.702462],[100.127207,14.702517],[100.126771,14.703196],[100.125844,14.703383],[100.124015,14.702985],[100.123124,14.702195],[100.122802,14.700437],[100.123094,14.698555],[100.124346,14.696248],[100.125339,14.695418],[100.126192,14.695051],[100.127765,14.6952],[100.128648,14.695574],[100.131275,14.697661],[100.131253,14.696439],[100.131818,14.69495],[100.13355,14.693261],[100.135278,14.690712],[100.136646,14.689416],[100.136586,14.688857],[100.134784,14.688789],[100.134011,14.687733],[100.131147,14.686265],[100.130986,14.685515],[100.130343,14.684542],[100.129752,14.684623],[100.129673,14.683894],[100.128498,14.684223],[100.128446,14.683233],[100.126676,14.683388],[100.124716,14.682946],[100.124635,14.681424],[100.123796,14.681421],[100.123225,14.682018],[100.120674,14.681333],[100.119637,14.680668],[100.120043,14.679679],[100.118598,14.679678],[100.11785,14.682499],[100.116214,14.682467],[100.116837,14.684561],[100.113592,14.684218],[100.110698,14.683188],[100.110786,14.68275],[100.109762,14.683035],[100.108757,14.683808],[100.107992,14.682726],[100.106845,14.682339],[100.105926,14.68356],[100.106732,14.683905],[100.106061,14.685277],[100.104447,14.684489],[100.10364,14.684368],[100.102662,14.68472],[100.102445,14.68514],[100.101799,14.685421],[100.100044,14.685898],[100.099856,14.682079],[100.096019,14.68208],[100.096021,14.682698],[100.094942,14.682714],[100.094858,14.68107],[100.093527,14.680754],[100.092993,14.681301],[100.092739,14.681171],[100.092968,14.68057],[100.09288,14.678728],[100.092674,14.677785],[100.092308,14.677464],[100.082801,14.680359],[100.082235,14.677817],[100.081046,14.678009],[100.083425,14.682867],[100.089318,14.685609],[100.085053,14.693403],[100.087866,14.707649],[100.082949,14.720169],[100.096926,14.72192],[100.095153,14.714689],[100.105268,14.713902],[100.113638,14.720816],[100.113683,14.723576],[100.110946,14.725354],[100.111524,14.728426],[100.108869,14.729809],[100.115594,14.73573],[100.118213,14.740233],[100.113538,14.742384],[100.115633,14.752546],[100.122325,14.752244],[100.12098,14.748105],[100.123056,14.746964],[100.123377,14.743873],[100.121235,14.741645],[100.122211,14.738605],[100.120708,14.732427],[100.123131,14.730709]],[[100.140056,14.706844],[100.140004,14.706834],[100.140013,14.706835],[100.140056,14.706844]]],[[[100.11730390848427,14.752511791547505],[100.116325,14.752564],[100.117304,14.752512],[100.11730390848427,14.752511791547505]]]]},"bbox":[100.081046,14.677464,100.148069,14.752564]},{"type":"Feature","id":"59b16d6e-f862-4eae-8c2a-07c8067a0e8e","properties":{"id":"59b16d6e-f862-4eae-8c2a-07c8067a0e8e","code":"06720803","provinceCode":"72","nameTh":"องค์การบริหารส่วนตำบล บ้านสระ","nameEn":null,"geometryType":"MUNICIPALITY","sourceUrl":"https://landometer.com/api/v2/citymeter-v3/grocery/info/geom/59b16d6e-f862-4eae-8c2a-07c8067a0e8e/MUNICIPALITY","sourceSha256":"512f39c1f3451d51fc88374d3d876a364071143ef5d804fe371a9810cdf5b9c4","retrievedAt":"2026-10-04T05:44:18.850936+00:00","boundaryVintage":null,"geometryStatus":"native_source_polygon_display_simplified","simplificationToleranceDegrees":0.00015,"simplificationPreservesTopology":true,"invalidSourceRepair":"make_valid; retain polygonal components; discard zero-area collapsed lines","legalBoundaryIndependentlyVerified":false,"areaId":"59b16d6e-f862-4eae-8c2a-07c8067a0e8e"},"geometry":{"type":"MultiPolygon","coordinates":[[[[100.087866,14.707649],[100.085053,14.693403],[100.089318,14.685609],[100.083425,14.682867],[100.081032,14.678011],[100.080699,14.676537],[100.080295,14.676467],[100.080291,14.676687],[100.07952,14.676831],[100.055796,14.678776],[100.056269,14.680151],[100.056724,14.682918],[100.054077,14.683067],[100.052434,14.683992],[100.051333,14.685067],[100.048794,14.685488],[100.047457,14.686335],[100.042973,14.686014],[100.035783,14.686882],[100.033343,14.685635],[100.0324,14.686162],[100.029028,14.685692],[100.027113,14.686193],[100.025109,14.687293],[100.021078,14.688654],[100.016564,14.689564],[100.015226,14.689339],[100.012307,14.690445],[100.009664,14.69017],[100.007562,14.691497],[100.005762,14.6918],[100.003636,14.691696],[100.001807,14.691055],[99.999664,14.690754],[99.998335,14.690227],[99.996035,14.690037],[99.992428,14.689129],[99.989577,14.689554],[99.988139,14.690193],[99.985805,14.690356],[99.984246,14.68989],[99.984404,14.697904],[99.983122,14.697967],[99.983182,14.703275],[99.983724,14.704048],[99.985976,14.704145],[99.987185,14.706895],[99.985836,14.707091],[99.985703,14.706915],[99.984474,14.707436],[99.984638,14.708323],[99.983883,14.709652],[99.983795,14.711039],[99.984705,14.711672],[99.985717,14.713012],[99.985243,14.714605],[99.98403,14.716888],[99.982293,14.718172],[99.980433,14.71874],[99.979182,14.71945],[99.977493,14.721656],[99.97859,14.722304],[99.978048,14.723673],[99.979774,14.725181],[99.980014,14.727551],[99.981997,14.727702],[99.982088,14.728766],[99.982409,14.728624],[99.983235,14.728798],[99.983506,14.728227],[99.984144,14.728344],[99.984696,14.728049],[99.991747,14.732222],[99.993794,14.733053],[100.006854,14.726481],[100.023241,14.728442],[100.026883,14.726483],[100.032431,14.728712],[100.039092,14.726154],[100.045109,14.727225],[100.046442,14.730793],[100.051061,14.732109],[100.050508,14.736361],[100.059719,14.73426],[100.074146,14.73854],[100.0768,14.73584],[100.081921,14.733482],[100.082517,14.733208],[100.081217,14.730134],[100.079437,14.726907],[100.081529,14.721795],[100.083721,14.720266],[100.082949,14.720169],[100.087866,14.707649]]],[[[100.08192117065256,14.733482308700793],[100.08192127871042,14.733482504171317],[100.082517,14.733208],[100.08192117065256,14.733482308700793]]],[[[100.081382,14.733731],[100.082931,14.734118],[100.082167,14.733927],[100.08192127871042,14.733482504171317],[100.081382,14.733731]]]]},"bbox":[99.977493,14.676467,100.089318,14.73854]},{"type":"Feature","id":"6e681347-324c-4459-ab16-18a43937c635","properties":{"id":"6e681347-324c-4459-ab16-18a43937c635","code":"06720804","provinceCode":"72","nameTh":"องค์การบริหารส่วนตำบล วังลึก","nameEn":null,"geometryType":"MUNICIPALITY","sourceUrl":"https://landometer.com/api/v2/citymeter-v3/grocery/info/geom/6e681347-324c-4459-ab16-18a43937c635/MUNICIPALITY","sourceSha256":"f0990bc3f4fddb268d2ae47da4e3d8e83b803c119fb97777a0878bd47a52f3d5","retrievedAt":"2026-10-04T05:44:18.850043+00:00","boundaryVintage":null,"geometryStatus":"native_source_polygon_display_simplified","simplificationToleranceDegrees":0.00015,"simplificationPreservesTopology":true,"invalidSourceRepair":"make_valid; retain polygonal components; discard zero-area collapsed lines","legalBoundaryIndependentlyVerified":false,"areaId":"6e681347-324c-4459-ab16-18a43937c635"},"geometry":{"type":"Polygon","coordinates":[[[100.146053,14.796531],[100.147592,14.79566],[100.148495,14.795652],[100.148788,14.796149],[100.151977,14.795425],[100.154775,14.794489],[100.154806,14.794816],[100.15793,14.795117],[100.162079,14.794332],[100.163719,14.793729],[100.163703,14.793423],[100.165468,14.792948],[100.165185,14.791597],[100.169697,14.791288],[100.171356,14.790785],[100.171359,14.790412],[100.173139,14.789738],[100.174434,14.788934],[100.174964,14.790618],[100.176986,14.790418],[100.177161,14.791163],[100.180154,14.790529],[100.181802,14.790431],[100.181918,14.787172],[100.187071,14.786935],[100.186899,14.784922],[100.190765,14.784393],[100.190375,14.782765],[100.193246,14.781604],[100.192802,14.777973],[100.194777,14.777616],[100.193878,14.770862],[100.19775,14.770639],[100.197792,14.767666],[100.196546,14.767775],[100.194092,14.767234],[100.193271,14.76684],[100.192911,14.766184],[100.191391,14.764667],[100.190549,14.765017],[100.18999,14.763491],[100.190582,14.762903],[100.187848,14.760267],[100.188199,14.759024],[100.188061,14.757715],[100.187643,14.757587],[100.187517,14.755868],[100.187775,14.752304],[100.185821,14.752021],[100.186179,14.750529],[100.187432,14.750554],[100.187456,14.749663],[100.186422,14.749477],[100.186605,14.748724],[100.187139,14.748818],[100.187284,14.748357],[100.187873,14.748468],[100.187849,14.748185],[100.187513,14.74813],[100.187715,14.74731],[100.18824,14.747418],[100.188354,14.747081],[100.188709,14.747125],[100.18852,14.744754],[100.187589,14.74475],[100.188,14.743166],[100.186953,14.743173],[100.18669,14.742512],[100.186073,14.742851],[100.185333,14.741051],[100.183367,14.741746],[100.181969,14.741632],[100.181723,14.740253],[100.180706,14.737822],[100.181211,14.736025],[100.179701,14.73566],[100.17985,14.735355],[100.178169,14.734914],[100.178067,14.735499],[100.17758,14.735484],[100.177569,14.735126],[100.176334,14.734869],[100.176167,14.734106],[100.174702,14.734181],[100.174478,14.73282],[100.173218,14.732962],[100.17327,14.732364],[100.170174,14.73227],[100.170115,14.731993],[100.168514,14.732257],[100.16817,14.732601],[100.167305,14.731861],[100.16674,14.730944],[100.166602,14.729002],[100.164935,14.729515],[100.163982,14.729358],[100.161416,14.726723],[100.158612,14.72574],[100.15753,14.724715],[100.155948,14.723693],[100.155123,14.723673],[100.154377,14.723331],[100.154126,14.722881],[100.154773,14.721901],[100.154682,14.721302],[100.153294,14.721044],[100.152464,14.720265],[100.15118,14.719616],[100.149131,14.719296],[100.148139,14.717152],[100.147176,14.716043],[100.14718,14.714963],[100.147441,14.714488],[100.142406,14.714911],[100.137981,14.714147],[100.133622,14.710581],[100.132793,14.715729],[100.134088,14.715978],[100.134773,14.720567],[100.13381,14.723225],[100.125366,14.721403],[100.12552,14.723103],[100.123257,14.722555],[100.122445,14.725061],[100.119888,14.725799],[100.122577,14.728011],[100.123131,14.730709],[100.120708,14.732427],[100.122211,14.738605],[100.121235,14.741645],[100.123377,14.743873],[100.123056,14.746964],[100.12098,14.748105],[100.122325,14.752244],[100.116325,14.752564],[100.116335,14.764841],[100.106361,14.787227],[100.106256,14.788094],[100.109731,14.78751],[100.11167,14.786825],[100.114108,14.787032],[100.117854,14.785088],[100.120392,14.784248],[100.122902,14.782618],[100.124303,14.783534],[100.124768,14.784139],[100.124899,14.784958],[100.124615,14.786547],[100.125427,14.788108],[100.126112,14.788689],[100.126958,14.789009],[100.129792,14.788877],[100.130883,14.789314],[100.132447,14.791772],[100.134808,14.794065],[100.136011,14.797073],[100.136716,14.797915],[100.138771,14.79876],[100.139851,14.798504],[100.140174,14.798121],[100.140483,14.796212],[100.141053,14.79495],[100.141902,14.79439],[100.142788,14.794478],[100.143834,14.795054],[100.144366,14.794454],[100.146053,14.796531]]]},"bbox":[100.106256,14.710581,100.197792,14.798797]},{"type":"Feature","id":"5ed97ef4-cba6-4ee2-8f57-f0cae6ff04f4","properties":{"id":"5ed97ef4-cba6-4ee2-8f57-f0cae6ff04f4","code":"06720805","provinceCode":"72","nameTh":"องค์การบริหารส่วนตำบล หนองผักนาก","nameEn":null,"geometryType":"MUNICIPALITY","sourceUrl":"https://landometer.com/api/v2/citymeter-v3/grocery/info/geom/5ed97ef4-cba6-4ee2-8f57-f0cae6ff04f4/MUNICIPALITY","sourceSha256":"458eaeb049403ec219144b7e797743b8e5f2567904c5071d8738264ca4e941ea","retrievedAt":"2026-10-04T05:44:18.900579+00:00","boundaryVintage":null,"geometryStatus":"native_source_polygon_display_simplified","simplificationToleranceDegrees":0.00015,"simplificationPreservesTopology":true,"invalidSourceRepair":"make_valid; retain polygonal components; discard zero-area collapsed lines","legalBoundaryIndependentlyVerified":false,"areaId":"5ed97ef4-cba6-4ee2-8f57-f0cae6ff04f4"},"geometry":{"type":"Polygon","coordinates":[[[100.009253,14.78883],[100.029289,14.784749],[100.031329,14.787994],[100.035831,14.785677],[100.036641,14.782865],[100.045644,14.780532],[100.047502,14.781299],[100.053359,14.777997],[100.05706,14.782856],[100.059443,14.781799],[100.062118,14.783187],[100.064363,14.782471],[100.064172,14.781482],[100.064684,14.781319],[100.06389,14.780126],[100.061042,14.779922],[100.061688,14.775866],[100.060371,14.77391],[100.063229,14.774321],[100.063837,14.771187],[100.065636,14.771577],[100.068198,14.7591],[100.070646,14.759581],[100.071146,14.753711],[100.08206,14.755667],[100.085219,14.750366],[100.084622,14.73631],[100.083491,14.734259],[100.081382,14.733731],[100.0768,14.73584],[100.074146,14.73854],[100.059719,14.73426],[100.050508,14.736361],[100.051061,14.732109],[100.046442,14.730793],[100.045109,14.727225],[100.039092,14.726154],[100.032431,14.728712],[100.026883,14.726483],[100.023241,14.728442],[100.006854,14.726481],[99.993794,14.733053],[99.992237,14.732331],[99.99209,14.733997],[99.991252,14.734899],[99.989796,14.735972],[99.988063,14.736585],[99.986705,14.73846],[99.985573,14.739285],[99.984716,14.739435],[99.98237,14.743566],[99.980639,14.743704],[99.981641,14.745039],[99.981482,14.746385],[99.980688,14.7476],[99.980959,14.748917],[99.978877,14.749876],[99.978624,14.750921],[99.97878,14.75197],[99.979945,14.752057],[99.981331,14.752873],[99.983606,14.755243],[99.984822,14.756944],[99.983745,14.756996],[99.983292,14.757751],[99.982671,14.758086],[99.98286,14.759248],[99.979792,14.759388],[99.979895,14.76325],[99.980268,14.764961],[99.979673,14.765208],[99.979429,14.767173],[99.979477,14.768015],[99.979905,14.768016],[99.979665,14.769069],[99.978809,14.769987],[99.978363,14.771759],[99.977421,14.772098],[99.977543,14.772419],[99.986225,14.77262],[99.986559,14.773556],[99.992716,14.77481],[99.996093,14.783421],[99.998703,14.782855],[99.997589,14.785927],[100.000972,14.788185],[100.002265,14.791146],[100.00443,14.791239],[100.004377,14.787406],[100.009253,14.78883]]]},"bbox":[99.977421,14.726154,100.085219,14.791239]},{"type":"Feature","id":"00901f14-bb8d-438a-bfa4-e880e8e3b9fd","properties":{"id":"00901f14-bb8d-438a-bfa4-e880e8e3b9fd","code":"06720806","provinceCode":"72","nameTh":"องค์การบริหารส่วนตำบล หนองสะเดา","nameEn":null,"geometryType":"MUNICIPALITY","sourceUrl":"https://landometer.com/api/v2/citymeter-v3/grocery/info/geom/00901f14-bb8d-438a-bfa4-e880e8e3b9fd/MUNICIPALITY","sourceSha256":"4276456787369a14ea73bbd893132e7bf9cbb175edeb21054cd5f249db3685cd","retrievedAt":"2026-10-04T05:44:18.913062+00:00","boundaryVintage":null,"geometryStatus":"native_source_polygon_display_simplified","simplificationToleranceDegrees":0.00015,"simplificationPreservesTopology":true,"invalidSourceRepair":"make_valid; retain polygonal components; discard zero-area collapsed lines","legalBoundaryIndependentlyVerified":false,"areaId":"00901f14-bb8d-438a-bfa4-e880e8e3b9fd"},"geometry":{"type":"Polygon","coordinates":[[[99.994925,14.838288],[99.995813,14.838821],[99.997112,14.839129],[99.998272,14.840121],[99.999216,14.839428],[100.000762,14.839243],[100.000472,14.838923],[100.000155,14.836572],[100.007414,14.835126],[100.006275,14.82772],[100.011051,14.825624],[100.014341,14.82832],[100.016975,14.827065],[100.015088,14.821068],[100.021504,14.819329],[100.019989,14.816163],[100.023461,14.814542],[100.023673,14.814042],[100.022428,14.811362],[100.020591,14.809729],[100.019024,14.804037],[100.020574,14.802667],[100.020136,14.79807],[100.01844,14.798697],[100.018049,14.792212],[100.015909,14.792591],[100.020157,14.789339],[100.019107,14.786688],[100.009253,14.78883],[100.004377,14.787406],[100.00443,14.791239],[100.002265,14.791146],[100.000972,14.788185],[99.997589,14.785927],[99.998703,14.782855],[99.996093,14.783421],[99.992716,14.77481],[99.98655904284968,14.773556008727219],[99.986225,14.77262],[99.977619,14.772471],[99.977518,14.772078],[99.976445,14.772375],[99.975784,14.772198],[99.975622,14.771918],[99.974295,14.771759],[99.973506,14.772306],[99.97229,14.772553],[99.9723,14.772013],[99.971284,14.771868],[99.969909,14.772357],[99.969655,14.772821],[99.967882,14.772807],[99.967395,14.772432],[99.966921,14.772727],[99.966407,14.772282],[99.963484,14.773635],[99.963482,14.774311],[99.962233,14.774759],[99.961534,14.774546],[99.960733,14.774732],[99.959994,14.774168],[99.958592,14.774324],[99.955867,14.774121],[99.945462,14.775971],[99.945236,14.775853],[99.944651,14.776191],[99.944469,14.776424],[99.944839,14.778109],[99.945253,14.778687],[99.945548,14.781369],[99.946058,14.781828],[99.946144,14.785732],[99.946527,14.785724],[99.946934,14.786316],[99.945803,14.786599],[99.945847,14.788617],[99.945484,14.789833],[99.945568,14.790479],[99.942547,14.791364],[99.942629,14.791601],[99.94353,14.791768],[99.943947,14.792621],[99.946085,14.795252],[99.947146,14.797396],[99.947608,14.797584],[99.948745,14.797392],[99.949197,14.799539],[99.949534,14.799505],[99.949608,14.800031],[99.950099,14.799968],[99.950134,14.800255],[99.950364,14.800232],[99.951369,14.799812],[99.952341,14.801312],[99.953555,14.801436],[99.95365,14.801887],[99.953192,14.801953],[99.953129,14.803291],[99.953659,14.804922],[99.953357,14.805021],[99.953585,14.805959],[99.953626,14.807349],[99.953447,14.807396],[99.95374,14.808798],[99.953938,14.808741],[99.954061,14.809112],[99.953641,14.809307],[99.954016,14.810012],[99.954587,14.810093],[99.955255,14.809704],[99.95517,14.809293],[99.956441,14.809131],[99.957887,14.808344],[99.959422,14.808218],[99.961536,14.808852],[99.961907,14.809277],[99.962858,14.809313],[99.962894,14.810002],[99.963478,14.811199],[99.966131,14.810399],[99.966376,14.811254],[99.967047,14.811123],[99.967184,14.810355],[99.967729,14.810227],[99.967823,14.812486],[99.968165,14.813904],[99.966909,14.813846],[99.966413,14.815839],[99.967264,14.815944],[99.968103,14.816424],[99.969079,14.815846],[99.971159,14.815449],[99.973375,14.815356],[99.97356,14.815621],[99.976157,14.81591],[99.976217,14.817686],[99.976481,14.817818],[99.976638,14.819091],[99.977359,14.819001],[99.977256,14.820862],[99.978065,14.821149],[99.977344,14.822197],[99.977678,14.822328],[99.978013,14.824391],[99.977032,14.824381],[99.977633,14.825062],[99.978026,14.824994],[99.977768,14.827969],[99.97731,14.828008],[99.977457,14.828925],[99.977648,14.829517],[99.977939,14.829449],[99.978132,14.831],[99.978499,14.831019],[99.979294,14.832852],[99.979609,14.832873],[99.979407,14.833196],[99.979987,14.834977],[99.980388,14.835389],[99.98056,14.8353],[99.981026,14.837595],[99.981366,14.837519],[99.98176,14.840011],[99.984793,14.839383],[99.986591,14.839266],[99.986714,14.839874],[99.988358,14.839926],[99.98971,14.840333],[99.990016,14.841473],[99.990824,14.840799],[99.991061,14.840134],[99.992468,14.839467],[99.992676,14.83911],[99.994954,14.838882],[99.994925,14.838288]],[[99.98671,14.773979],[99.986559,14.773556],[99.98655904284968,14.773556008727219],[99.98671,14.773979]]]},"bbox":[99.942547,14.771759,100.023673,14.841473]},{"type":"Feature","id":"a46492d7-10a7-4b39-830c-2abbcf5814bc","properties":{"id":"a46492d7-10a7-4b39-830c-2abbcf5814bc","code":"06720807","provinceCode":"72","nameTh":"องค์การบริหารส่วนตำบล กระเสียว","nameEn":null,"geometryType":"MUNICIPALITY","sourceUrl":"https://landometer.com/api/v2/citymeter-v3/grocery/info/geom/a46492d7-10a7-4b39-830c-2abbcf5814bc/MUNICIPALITY","sourceSha256":"7038c6611020380a61121df72f9f63280d9f00689bfb74de912d5efa29782931","retrievedAt":"2026-10-04T05:44:18.931403+00:00","boundaryVintage":null,"geometryStatus":"native_source_polygon_display_simplified","simplificationToleranceDegrees":0.00015,"simplificationPreservesTopology":true,"invalidSourceRepair":"make_valid; retain polygonal components; discard zero-area collapsed lines","legalBoundaryIndependentlyVerified":false,"areaId":"a46492d7-10a7-4b39-830c-2abbcf5814bc"},"geometry":{"type":"MultiPolygon","coordinates":[[[[100.064363,14.782471],[100.064988,14.782272],[100.062118,14.783187],[100.059443,14.781799],[100.05706,14.782856],[100.053359,14.777997],[100.047502,14.781299],[100.045644,14.780532],[100.036641,14.782865],[100.035831,14.785677],[100.031329,14.787994],[100.029289,14.784749],[100.019107,14.786688],[100.020157,14.789339],[100.015909,14.792591],[100.018049,14.792212],[100.01844,14.798697],[100.020136,14.79807],[100.020574,14.802667],[100.019024,14.804037],[100.020591,14.809729],[100.022428,14.811362],[100.023673,14.814042],[100.023461,14.814542],[100.023826,14.814372],[100.019989,14.816163],[100.021504,14.819329],[100.015088,14.821068],[100.016975,14.827065],[100.014341,14.82832],[100.011051,14.825624],[100.006275,14.82772],[100.007414,14.835126],[100.000155,14.836572],[100.000472,14.838923],[100.001672,14.840209],[100.00367,14.841371],[100.005779,14.843934],[100.005848,14.844718],[100.006266,14.84533],[100.007579,14.845755],[100.008126,14.845492],[100.008993,14.846021],[100.010613,14.84612],[100.011252,14.84532],[100.012565,14.84538],[100.012873,14.844993],[100.012909,14.844415],[100.013252,14.844131],[100.014294,14.844678],[100.016039,14.844271],[100.017044,14.84471],[100.017474,14.844384],[100.017344,14.843646],[100.017569,14.843353],[100.018686,14.843756],[100.01978,14.843699],[100.020155,14.843325],[100.021149,14.843024],[100.021033,14.842281],[100.021201,14.841923],[100.022214,14.841974],[100.022539,14.840667],[100.023376,14.839605],[100.02449,14.839948],[100.025166,14.839607],[100.026515,14.840019],[100.027173,14.838953],[100.02668,14.838309],[100.026736,14.83755],[100.028467,14.837293],[100.03101,14.835404],[100.030976,14.834964],[100.030265,14.834206],[100.030335,14.83323],[100.029968,14.832537],[100.030502,14.831339],[100.032165,14.831612],[100.033607,14.831133],[100.034416,14.830529],[100.035288,14.83058],[100.036069,14.829905],[100.038709,14.829454],[100.039716,14.828678],[100.041245,14.828084],[100.042272,14.828128],[100.042789,14.826734],[100.044859,14.826493],[100.046124,14.825772],[100.047231,14.825931],[100.047516,14.825679],[100.047725,14.82481],[100.048162,14.82441],[100.04848,14.824212],[100.049746,14.824229],[100.050662,14.82299],[100.05161,14.823346],[100.05308,14.824927],[100.053576,14.824708],[100.05366,14.82397],[100.054821,14.823723],[100.055371,14.822952],[100.056114,14.822873],[100.056551,14.82247],[100.056889,14.822591],[100.057156,14.823351],[100.058405,14.822845],[100.05923,14.823261],[100.059852,14.822808],[100.062774,14.823565],[100.063273,14.822986],[100.063795,14.82284],[100.064488,14.821755],[100.066151,14.821641],[100.066579,14.820757],[100.067312,14.820108],[100.068486,14.820137],[100.070289,14.819485],[100.070893,14.819767],[100.071566,14.819385],[100.072763,14.819612],[100.072716,14.818831],[100.073184,14.818598],[100.073474,14.817623],[100.074009,14.817339],[100.074099,14.816776],[100.075198,14.816907],[100.075355,14.816602],[100.075086,14.815955],[100.075899,14.815186],[100.07637,14.815066],[100.077263,14.814042],[100.077719,14.814179],[100.078137,14.814775],[100.079506,14.814052],[100.079973,14.814073],[100.080164,14.8148],[100.080652,14.815059],[100.081718,14.813442],[100.082485,14.813412],[100.082444,14.81247],[100.082843,14.812419],[100.08343,14.812794],[100.083857,14.812621],[100.084094,14.811524],[100.083693,14.810201],[100.083102,14.809227],[100.083853,14.806083],[100.083344,14.805436],[100.081865,14.804786],[100.081429,14.804083],[100.081276,14.803177],[100.08204,14.802787],[100.08329,14.803165],[100.084278,14.803043],[100.085158,14.80261],[100.086193,14.801641],[100.086687,14.800777],[100.086664,14.799292],[100.087007,14.798946],[100.086564,14.798318],[100.086717,14.797671],[100.087228,14.79736],[100.087041,14.796753],[100.087717,14.795862],[100.088517,14.796042],[100.088978,14.795572],[100.088687,14.793743],[100.088822,14.79323],[100.088451,14.792959],[100.087917,14.793062],[100.087812,14.79262],[100.083843,14.792897],[100.077159,14.798556],[100.076585,14.784511],[100.07384,14.783859],[100.073174,14.785278],[100.067273,14.782657],[100.066416,14.783919],[100.064684,14.781319],[100.064172,14.781482],[100.064363,14.782471]]],[[[100.042301,14.828114],[100.042294,14.828117],[100.042274,14.828127],[100.042301,14.828114]]]]},"bbox":[100.000155,14.777997,100.088994,14.846152]},{"type":"Feature","id":"2bab5358-3431-45cb-8dd3-ee237ed53492","properties":{"id":"2bab5358-3431-45cb-8dd3-ee237ed53492","code":"06720910","provinceCode":"72","nameTh":"องค์การบริหารส่วนตำบล สระพังลาน","nameEn":null,"geometryType":"MUNICIPALITY","sourceUrl":"https://landometer.com/api/v2/citymeter-v3/grocery/info/geom/2bab5358-3431-45cb-8dd3-ee237ed53492/MUNICIPALITY","sourceSha256":"58300d210955e27e37c8be9e80e82c5a358dc7b6e7799a067449a7a41027eca2","retrievedAt":"2026-10-04T05:44:18.926048+00:00","boundaryVintage":null,"geometryStatus":"native_source_polygon_display_simplified","simplificationToleranceDegrees":0.00015,"simplificationPreservesTopology":true,"invalidSourceRepair":"make_valid; retain polygonal components; discard zero-area collapsed lines","legalBoundaryIndependentlyVerified":false,"areaId":"2bab5358-3431-45cb-8dd3-ee237ed53492"},"geometry":{"type":"Polygon","coordinates":[[[99.936567,14.271814],[99.938406,14.270873],[99.939001,14.265137],[99.936136,14.259507],[99.931502,14.257241],[99.933319,14.256222],[99.930539,14.252787],[99.930447,14.247682],[99.926201,14.242882],[99.926551,14.238625],[99.920761,14.237293],[99.92302,14.230779],[99.922814,14.230695],[99.922653,14.231717],[99.918396,14.229913],[99.916774,14.229593],[99.916654,14.229918],[99.915767,14.228546],[99.915076,14.227971],[99.911309,14.227332],[99.909279,14.226715],[99.908632,14.226702],[99.908521,14.227094],[99.907535,14.227356],[99.904209,14.227588],[99.903419,14.228449],[99.900808,14.229669],[99.898305,14.228871],[99.896775,14.22913],[99.895577,14.230764],[99.895159,14.230846],[99.894445,14.230682],[99.892844,14.229396],[99.891946,14.229448],[99.890438,14.230287],[99.888147,14.22973],[99.8856,14.228291],[99.884277,14.228221],[99.878067,14.226045],[99.875623,14.225734],[99.873403,14.225742],[99.871798,14.226232],[99.869597,14.226371],[99.868931,14.226787],[99.868184,14.226806],[99.867809,14.226411],[99.8677,14.223963],[99.864685,14.22326],[99.861443,14.221096],[99.860152,14.220841],[99.860451,14.237778],[99.864496,14.238493],[99.873442,14.243869],[99.871332,14.245529],[99.872465,14.248166],[99.882311,14.254441],[99.885969,14.261634],[99.887952,14.258114],[99.893315,14.260887],[99.896997,14.265376],[99.896573,14.269865],[99.898448,14.268903],[99.899174,14.27135],[99.90148,14.269033],[99.90272,14.271462],[99.904141,14.270695],[99.907572,14.277942],[99.913405,14.279623],[99.915637,14.287172],[99.914228,14.28774],[99.916169,14.289438],[99.92749,14.285971],[99.937179,14.280798],[99.938478,14.281258],[99.939667,14.281371],[99.936567,14.271814]]]},"bbox":[99.860152,14.220841,99.939667,14.289438]},{"type":"Feature","id":"f3eb924e-f51b-45aa-a241-250f076212ba","properties":{"id":"f3eb924e-f51b-45aa-a241-250f076212ba","code":"06720911","provinceCode":"72","nameTh":"องค์การบริหารส่วนตำบล หนองโอ่ง","nameEn":null,"geometryType":"MUNICIPALITY","sourceUrl":"https://landometer.com/api/v2/citymeter-v3/grocery/info/geom/f3eb924e-f51b-45aa-a241-250f076212ba/MUNICIPALITY","sourceSha256":"d291d419d74e64961fcf00d8de8123f93e1378220f97d77022612e1af13b2554","retrievedAt":"2026-10-04T05:44:18.932251+00:00","boundaryVintage":null,"geometryStatus":"native_source_polygon_display_simplified","simplificationToleranceDegrees":0.00015,"simplificationPreservesTopology":true,"invalidSourceRepair":"make_valid; retain polygonal components; discard zero-area collapsed lines","legalBoundaryIndependentlyVerified":false,"areaId":"f3eb924e-f51b-45aa-a241-250f076212ba"},"geometry":{"type":"MultiPolygon","coordinates":[[[[99.953003,14.457167],[99.954933,14.456483],[99.954908,14.457553],[99.95553,14.457229],[99.955298,14.45538],[99.954962,14.454652],[99.960933,14.441063],[99.961257,14.439552],[99.960883,14.437836],[99.953296,14.422455],[99.951854,14.423147],[99.948532,14.425724],[99.946059,14.420065],[99.938465,14.423197],[99.934485,14.414359],[99.934669,14.409409],[99.9334,14.409215],[99.930715,14.402589],[99.927858,14.40133],[99.927014,14.399065],[99.923271,14.399896],[99.92037,14.391196],[99.918617,14.39191],[99.918476,14.389524],[99.920204,14.388995],[99.917007,14.386729],[99.916473,14.38842],[99.912422,14.387009],[99.911749,14.389304],[99.9037,14.391918],[99.904423,14.394383],[99.886909,14.398569],[99.885627,14.403034],[99.885411,14.403184],[99.874828,14.405667],[99.871844,14.40603],[99.87124,14.40402],[99.868351,14.406032],[99.866679,14.402189],[99.864729,14.403633],[99.859901,14.399926],[99.850699,14.399475],[99.848361,14.40183],[99.846247,14.399855],[99.846245,14.3988],[99.845511,14.397747],[99.836453,14.397248],[99.834605,14.395246],[99.83059,14.395909],[99.827244,14.401196],[99.824404,14.400795],[99.823478,14.402503],[99.823603,14.404416],[99.823226,14.405441],[99.822263,14.405567],[99.821595,14.406152],[99.821397,14.407319],[99.822749,14.410602],[99.823934,14.410972],[99.824537,14.412328],[99.823322,14.413525],[99.823356,14.414466],[99.822851,14.41467],[99.821843,14.415927],[99.821603,14.417302],[99.822,14.417842],[99.821788,14.418628],[99.820496,14.419624],[99.820796,14.420432],[99.820667,14.421082],[99.820885,14.421602],[99.820821,14.422886],[99.82111,14.423171],[99.821027,14.424099],[99.820445,14.424612],[99.820396,14.425732],[99.820075,14.426314],[99.818213,14.427886],[99.817679,14.427997],[99.817481,14.428373],[99.817456,14.429328],[99.817992,14.429672],[99.817622,14.43056],[99.817736,14.431202],[99.817019,14.431619],[99.816861,14.432589],[99.816415,14.433435],[99.81643,14.434396],[99.815959,14.434836],[99.815878,14.435525],[99.815482,14.435887],[99.814947,14.437093],[99.814715,14.438498],[99.824292,14.437642],[99.824938,14.440546],[99.832578,14.439702],[99.834767,14.427985],[99.839558,14.429387],[99.842372,14.427734],[99.84599,14.431631],[99.84708,14.429693],[99.849673,14.42944],[99.85778,14.433115],[99.859355,14.43316],[99.861149,14.431239],[99.86819,14.434937],[99.872611,14.432572],[99.874502,14.43277],[99.875865,14.435416],[99.881,14.434632],[99.884338,14.436775],[99.882692,14.443389],[99.887742,14.446521],[99.890711,14.452263],[99.898065,14.45184],[99.898631,14.453312],[99.904001,14.451186],[99.907231,14.458465],[99.916397,14.457852],[99.928763,14.452897],[99.936305,14.452019],[99.943168,14.453974],[99.948624,14.45342],[99.949185,14.455423],[99.952717,14.455479],[99.953003,14.457167]]],[[[99.95181210029499,14.42317625073746],[99.951812,14.423176],[99.951801,14.423184],[99.95181210029499,14.42317625073746]]]]},"bbox":[99.814714,14.386729,99.961257,14.458465]},{"type":"Feature","id":"4717bf17-ca1d-4519-a6b9-1e876ec1fef7","properties":{"id":"4717bf17-ca1d-4519-a6b9-1e876ec1fef7","code":"06720912","provinceCode":"72","nameTh":"องค์การบริหารส่วนตำบล พลับพลาไชย","nameEn":null,"geometryType":"MUNICIPALITY","sourceUrl":"https://landometer.com/api/v2/citymeter-v3/grocery/info/geom/4717bf17-ca1d-4519-a6b9-1e876ec1fef7/MUNICIPALITY","sourceSha256":"b4ebb309862983c8620bf87a3b93e393ed477b49c00d98a80a606e3a1db92eed","retrievedAt":"2026-10-04T05:44:18.932431+00:00","boundaryVintage":null,"geometryStatus":"native_source_polygon_display_simplified","simplificationToleranceDegrees":0.00015,"simplificationPreservesTopology":true,"invalidSourceRepair":"make_valid; retain polygonal components; discard zero-area collapsed lines","legalBoundaryIndependentlyVerified":false,"areaId":"4717bf17-ca1d-4519-a6b9-1e876ec1fef7"},"geometry":{"type":"MultiPolygon","coordinates":[[[[99.859865,14.544263],[99.857614,14.539982],[99.859938,14.538859],[99.860406,14.536327],[99.858587,14.534994],[99.85986,14.532941],[99.864909,14.533832],[99.865525,14.535819],[99.879607,14.5362],[99.881767,14.540309],[99.89295,14.543394],[99.894971,14.542368],[99.894955,14.544034],[99.898071,14.545932],[99.90176,14.544626],[99.901824,14.542624],[99.907465,14.543205],[99.910518,14.544434],[99.91066,14.547039],[99.912617,14.547314],[99.91155,14.549793],[99.918532,14.545894],[99.917924,14.544097],[99.922485,14.542449],[99.923829,14.545622],[99.914512,14.55026],[99.917925,14.551185],[99.917527,14.552953],[99.920271,14.553663],[99.920797,14.553348],[99.920727,14.553088],[99.919922,14.553032],[99.919927,14.550124],[99.924368,14.548251],[99.924199,14.546752],[99.927087,14.546558],[99.927114,14.547095],[99.927378,14.547381],[99.927543,14.555594],[99.926835,14.556234],[99.927556,14.556106],[99.927561,14.555563],[99.930598,14.555502],[99.930406,14.557797],[99.932814,14.558318],[99.932813,14.55746],[99.934856,14.556577],[99.934065,14.552255],[99.934082,14.552252],[99.934419,14.552203],[99.934786,14.552172],[99.935782,14.552144],[99.937889,14.552388],[99.938112,14.5499],[99.937775,14.548357],[99.938177,14.547638],[99.940039,14.547006],[99.940847,14.55236],[99.944114,14.552181],[99.941295,14.547445],[99.943697,14.54624],[99.94461,14.547887],[99.947272,14.546518],[99.952561,14.543636],[99.951579,14.541881],[99.952547,14.541354],[99.953492,14.543125],[99.954324,14.542691],[99.953295,14.540957],[99.955068,14.54],[99.954912,14.539721],[99.956052,14.538133],[99.957929,14.538297],[99.958142,14.536579],[99.95419,14.53666],[99.954312,14.537462],[99.954037,14.537386],[99.951379,14.536291],[99.950263,14.535404],[99.949018,14.533963],[99.953469,14.534286],[99.955097,14.534145],[99.955055,14.532148],[99.954784,14.531323],[99.956589,14.531096],[99.956269,14.529635],[99.956403,14.528375],[99.957194,14.528359],[99.958209,14.528826],[99.958083,14.528117],[99.959653,14.527289],[99.958982,14.520692],[99.958656,14.520805],[99.958155,14.520215],[99.958099,14.518483],[99.956702,14.518554],[99.955173,14.519233],[99.953503,14.519386],[99.952397,14.520889],[99.950259,14.516881],[99.947255,14.518187],[99.946921,14.517422],[99.945757,14.516122],[99.944383,14.515577],[99.942616,14.514463],[99.942254,14.513574],[99.944718,14.51292],[99.944176,14.511591],[99.943115,14.511747],[99.942461,14.508979],[99.942312,14.509064],[99.941779,14.508216],[99.941282,14.508498],[99.941118,14.501958],[99.942883,14.497006],[99.94054,14.496317],[99.940913,14.493493],[99.937013,14.493883],[99.937642,14.489486],[99.931749,14.489946],[99.9304,14.485433],[99.923662,14.487069],[99.923317,14.484437],[99.921803,14.484438],[99.922874,14.481751],[99.920273,14.479032],[99.918005,14.479321],[99.91806,14.475946],[99.908074,14.475314],[99.907481,14.477191],[99.904662,14.476792],[99.905095,14.478414],[99.903313,14.477947],[99.902391,14.481398],[99.901095,14.481444],[99.901371,14.483484],[99.897466,14.483623],[99.898317,14.486235],[99.881663,14.492635],[99.875976,14.483128],[99.875809,14.478751],[99.872694,14.479847],[99.87223,14.478496],[99.868249,14.478234],[99.865115,14.473142],[99.85841,14.472117],[99.854287,14.468387],[99.848617,14.470882],[99.837088,14.480883],[99.833028,14.480029],[99.833029,14.482073],[99.831781,14.485186],[99.831553,14.487257],[99.830623,14.491213],[99.830855,14.491752],[99.830067,14.49222],[99.829289,14.500375],[99.82892,14.501319],[99.827701,14.5024],[99.824338,14.50174],[99.823583,14.50354],[99.823558,14.504544],[99.823257,14.504796],[99.822474,14.505227],[99.820092,14.504897],[99.81965,14.505069],[99.818406,14.508605],[99.818329,14.51165],[99.818107,14.512324],[99.817196,14.512739],[99.816465,14.51374],[99.815893,14.513399],[99.815602,14.513468],[99.815148,14.514092],[99.815067,14.514898],[99.814016,14.515011],[99.814105,14.513975],[99.813387,14.513559],[99.813729,14.51222],[99.813303,14.511417],[99.813284,14.510672],[99.812471,14.509605],[99.811426,14.509076],[99.810992,14.509317],[99.810524,14.511107],[99.809682,14.512297],[99.809377,14.51356],[99.809611,14.514234],[99.810481,14.514136],[99.810895,14.516123],[99.810825,14.517498],[99.810496,14.518222],[99.810009,14.518587],[99.81016,14.518936],[99.809657,14.519694],[99.808716,14.51953],[99.807545,14.520009],[99.807231,14.521302],[99.807866,14.523152],[99.805793,14.524069],[99.805009,14.525215],[99.805024,14.526333],[99.806417,14.529131],[99.806601,14.52997],[99.806448,14.535166],[99.805952,14.535136],[99.805362,14.535806],[99.806492,14.537457],[99.809492,14.537909],[99.809677,14.539738],[99.808747,14.540081],[99.809691,14.539735],[99.813848,14.555862],[99.819765,14.564451],[99.821265,14.565],[99.832743,14.564667],[99.839241,14.557074],[99.844749,14.558253],[99.852276,14.554928],[99.853086,14.546417],[99.859865,14.544263]]],[[[99.934082,14.552252],[99.934078,14.552253],[99.934084,14.552252],[99.934082,14.552252]]]]},"bbox":[99.804952,14.468387,99.959653,14.565]},{"type":"Feature","id":"c2d758df-5c4e-4a22-8bca-aded5a09490f","properties":{"id":"c2d758df-5c4e-4a22-8bca-aded5a09490f","code":"06720913","provinceCode":"72","nameTh":"องค์การบริหารส่วนตำบล ดอนคา","nameEn":null,"geometryType":"MUNICIPALITY","sourceUrl":"https://landometer.com/api/v2/citymeter-v3/grocery/info/geom/c2d758df-5c4e-4a22-8bca-aded5a09490f/MUNICIPALITY","sourceSha256":"fcc05e08148d6972c74d57e12268c14880cddf7c8da82f8bfbcfe52f76ee840d","retrievedAt":"2026-10-04T05:44:18.934333+00:00","boundaryVintage":null,"geometryStatus":"native_source_polygon_display_simplified","simplificationToleranceDegrees":0.00015,"simplificationPreservesTopology":true,"invalidSourceRepair":"make_valid; retain polygonal components; discard zero-area collapsed lines","legalBoundaryIndependentlyVerified":false,"areaId":"c2d758df-5c4e-4a22-8bca-aded5a09490f"},"geometry":{"type":"MultiPolygon","coordinates":[[[[99.949267,14.496354],[99.950805,14.495333],[99.952646,14.494705],[99.953391,14.495486],[99.954647,14.495093],[99.954794,14.49453],[99.958866,14.492022],[99.959447,14.492143],[99.96015,14.491934],[99.960267,14.490829],[99.962245,14.491772],[99.962165,14.48999],[99.961626,14.488567],[99.962815,14.487683],[99.962836,14.486674],[99.963443,14.486561],[99.966106,14.484474],[99.967328,14.483875],[99.968349,14.482835],[99.968078,14.480764],[99.966698,14.476956],[99.967684,14.475401],[99.967383,14.474351],[99.9675,14.473301],[99.966562,14.473299],[99.965512,14.470795],[99.964774,14.47121],[99.961573,14.471943],[99.961377,14.469724],[99.960093,14.469764],[99.959875,14.467407],[99.960329,14.467353],[99.959681,14.464858],[99.959703,14.464183],[99.96134,14.463896],[99.961186,14.46249],[99.959289,14.462777],[99.957423,14.463373],[99.957151,14.462544],[99.956486,14.461676],[99.955297,14.461702],[99.95478,14.461103],[99.954802,14.460559],[99.955297,14.460207],[99.955084,14.457731],[99.955572,14.457533],[99.95553,14.457229],[99.954908,14.457553],[99.954933,14.456483],[99.952887,14.457209],[99.952717,14.455479],[99.949185,14.455423],[99.948624,14.45342],[99.943168,14.453974],[99.936305,14.452019],[99.928763,14.452897],[99.916397,14.457852],[99.907231,14.458465],[99.904001,14.451186],[99.898631,14.453312],[99.898065,14.45184],[99.890711,14.452263],[99.887742,14.446521],[99.882692,14.443389],[99.884338,14.436775],[99.881,14.434632],[99.875865,14.435416],[99.874502,14.43277],[99.872611,14.432572],[99.86819,14.434937],[99.861149,14.431239],[99.859355,14.43316],[99.85778,14.433115],[99.849673,14.42944],[99.84708,14.429693],[99.84599,14.431631],[99.842372,14.427734],[99.839558,14.429387],[99.834767,14.427985],[99.832578,14.439702],[99.824938,14.440546],[99.824292,14.437642],[99.814714,14.438493],[99.815087,14.439273],[99.814712,14.440024],[99.814753,14.440538],[99.815377,14.440862],[99.815611,14.441505],[99.816236,14.441969],[99.816919,14.443743],[99.816718,14.444674],[99.817273,14.445021],[99.817383,14.445506],[99.818231,14.44638],[99.818313,14.447571],[99.817274,14.449257],[99.817288,14.449746],[99.817654,14.450686],[99.818681,14.451026],[99.819197,14.451749],[99.819085,14.452962],[99.819943,14.454164],[99.819866,14.454875],[99.820703,14.456806],[99.820948,14.458201],[99.8214,14.458513],[99.821328,14.45906],[99.821758,14.460103],[99.821176,14.461178],[99.821392,14.462093],[99.821924,14.46251],[99.821984,14.463767],[99.822485,14.464477],[99.822406,14.465127],[99.822946,14.467154],[99.822533,14.468459],[99.822886,14.46924],[99.822634,14.46959],[99.823205,14.470037],[99.823575,14.470831],[99.824188,14.47113],[99.824543,14.47222],[99.825391,14.473303],[99.824512,14.473328],[99.824692,14.474656],[99.82356,14.474675],[99.823567,14.475531],[99.824644,14.475576],[99.824711,14.476448],[99.824874,14.476736],[99.82516,14.476741],[99.825166,14.477817],[99.823805,14.478725],[99.823986,14.479416],[99.821785,14.47981],[99.822044,14.480669],[99.822706,14.481489],[99.822981,14.483747],[99.823655,14.483965],[99.822596,14.48554],[99.824958,14.486323],[99.824622,14.486511],[99.824626,14.486803],[99.826337,14.487666],[99.826459,14.488564],[99.827083,14.489634],[99.827964,14.490237],[99.827917,14.487591],[99.828586,14.487766],[99.828986,14.487226],[99.829707,14.487074],[99.830022,14.486586],[99.83078,14.486218],[99.830461,14.48575],[99.830428,14.484742],[99.829872,14.484184],[99.829608,14.483452],[99.829168,14.48326],[99.829099,14.481529],[99.828514,14.479086],[99.830463,14.478949],[99.83217,14.479253],[99.832733,14.479426],[99.83302822847185,14.48002904805787],[99.837088,14.480883],[99.848617,14.470882],[99.854287,14.468387],[99.85841,14.472117],[99.865115,14.473142],[99.868249,14.478234],[99.87223,14.478496],[99.872694,14.479847],[99.875809,14.478751],[99.875976,14.483128],[99.881663,14.492635],[99.898317,14.486235],[99.897466,14.483623],[99.901371,14.483484],[99.901095,14.481444],[99.902391,14.481398],[99.903313,14.477947],[99.905095,14.478414],[99.904662,14.476792],[99.907481,14.477191],[99.908074,14.475314],[99.91806,14.475946],[99.918005,14.479321],[99.920273,14.479032],[99.922874,14.481751],[99.921803,14.484438],[99.923317,14.484437],[99.923662,14.487069],[99.9304,14.485433],[99.931749,14.489946],[99.937642,14.489486],[99.937013,14.493883],[99.940913,14.493493],[99.94054,14.496317],[99.942883,14.497006],[99.942954,14.496808],[99.941118,14.501958],[99.941282,14.508498],[99.94177913595406,14.508216216302145],[99.942312,14.509064],[99.942472,14.509012],[99.942257,14.508224],[99.944065,14.507034],[99.944278,14.506627],[99.944159,14.505035],[99.944508,14.503786],[99.94424,14.501562],[99.944749,14.499738],[99.944667,14.49867],[99.945453,14.496845],[99.94537,14.495543],[99.94775,14.495151],[99.948353,14.494307],[99.949267,14.496354]],[[99.941779,14.508216],[99.943542,14.507217],[99.94177913595406,14.508216216302145],[99.941779,14.508216]]],[[[99.833073,14.480108],[99.83302822847185,14.48002904805787],[99.833028,14.480029],[99.833073,14.480108]]]]},"bbox":[99.814702,14.427734,99.968349,14.509064]},{"type":"Feature","id":"bc222cfd-b0d2-40b0-9d5d-575aa46443db","properties":{"id":"bc222cfd-b0d2-40b0-9d5d-575aa46443db","code":"06720914","provinceCode":"72","nameTh":"องค์การบริหารส่วนตำบล ดอนมะเกลือ","nameEn":null,"geometryType":"MUNICIPALITY","sourceUrl":"https://landometer.com/api/v2/citymeter-v3/grocery/info/geom/bc222cfd-b0d2-40b0-9d5d-575aa46443db/MUNICIPALITY","sourceSha256":"108aa2a5e29358f70bdfb7573f7f9e4212412e807d5f126b5302dc2de2cb4455","retrievedAt":"2026-10-04T05:44:18.934545+00:00","boundaryVintage":null,"geometryStatus":"native_source_polygon_display_simplified","simplificationToleranceDegrees":0.00015,"simplificationPreservesTopology":true,"invalidSourceRepair":"make_valid; retain polygonal components; discard zero-area collapsed lines","legalBoundaryIndependentlyVerified":false,"areaId":"bc222cfd-b0d2-40b0-9d5d-575aa46443db"},"geometry":{"type":"MultiPolygon","coordinates":[[[[99.974155,14.234445],[99.974163,14.234446],[99.974113,14.234435],[99.974155,14.234445]]],[[[99.967113,14.285503],[99.971606,14.28578],[99.973669,14.284635],[99.974718,14.283746],[99.974995,14.280689],[99.977521,14.280406],[99.977566,14.279324],[99.977565,14.279273],[99.977849,14.279277],[99.97761,14.277834],[99.97719,14.277047],[99.977969,14.276285],[99.978039,14.275738],[99.978523,14.275089],[99.98084,14.272819],[99.981401,14.271406],[99.981278,14.270256],[99.981988,14.270449],[99.986332,14.267839],[99.992235,14.265267],[99.993711,14.264439],[99.993944,14.263757],[99.989842,14.262067],[99.989164,14.261193],[99.987709,14.245983],[99.985337,14.244035],[99.985435,14.242504],[99.983779,14.242433],[99.984135,14.237824],[99.98161,14.237416],[99.981824,14.235815],[99.98156,14.235706],[99.982133,14.234481],[99.979324,14.233176],[99.978674,14.234632],[99.977845,14.235679],[99.974101,14.234432],[99.974266,14.235343],[99.973381,14.235656],[99.973412,14.237082],[99.969804,14.236729],[99.96935,14.237377],[99.96813,14.235697],[99.967066,14.236033],[99.967159,14.236339],[99.966415,14.236909],[99.965959,14.235598],[99.965699,14.233681],[99.964588,14.233709],[99.964257,14.234625],[99.964281,14.235489],[99.963242,14.237249],[99.962908,14.237321],[99.961591,14.23656],[99.962041,14.234153],[99.959664,14.234031],[99.958857,14.233451],[99.958547,14.235165],[99.958131,14.235983],[99.957168,14.235645],[99.955686,14.235711],[99.954954,14.235506],[99.954192,14.234979],[99.95316,14.23468],[99.952135,14.231958],[99.951751,14.230139],[99.946894,14.230552],[99.946107,14.230129],[99.943878,14.228063],[99.938157,14.231983],[99.937727,14.23135],[99.935276,14.230781],[99.935136,14.231674],[99.935318,14.232947],[99.932175,14.233847],[99.931868,14.232434],[99.931136,14.231029],[99.929452,14.230916],[99.928166,14.230229],[99.9244,14.230041],[99.923601,14.229575],[99.922829,14.230633],[99.923131,14.230882],[99.920761,14.237293],[99.926551,14.238625],[99.926201,14.242882],[99.930447,14.247682],[99.930539,14.252787],[99.933319,14.256222],[99.931502,14.257241],[99.936136,14.259507],[99.939001,14.265137],[99.938406,14.270873],[99.936567,14.271814],[99.939667,14.281371],[99.938478,14.281258],[99.942471,14.28267],[99.945231,14.283948],[99.946324,14.285033],[99.94854,14.288393],[99.950853,14.288266],[99.951162,14.285611],[99.955859,14.283462],[99.956637,14.284954],[99.961037,14.28349],[99.966343,14.285662],[99.967113,14.285503]],[[99.977521,14.280403],[99.977525,14.280307],[99.9775248848922,14.280309848917778],[99.977521,14.280403]]]]},"bbox":[99.920761,14.228063,99.993944,14.288393]},{"type":"Feature","id":"77c7c68e-6008-43e5-8d83-79430b038d56","properties":{"id":"77c7c68e-6008-43e5-8d83-79430b038d56","code":"06720915","provinceCode":"72","nameTh":"องค์การบริหารส่วนตำบล ยุ้งทะลาย","nameEn":null,"geometryType":"MUNICIPALITY","sourceUrl":"https://landometer.com/api/v2/citymeter-v3/grocery/info/geom/77c7c68e-6008-43e5-8d83-79430b038d56/MUNICIPALITY","sourceSha256":"79159c4033217e8d7f3c9a23ec4a82a15ca9bd7b1fdbbfaca27e12592bb14797","retrievedAt":"2026-10-04T05:44:18.972742+00:00","boundaryVintage":null,"geometryStatus":"native_source_polygon_display_simplified","simplificationToleranceDegrees":0.00015,"simplificationPreservesTopology":true,"invalidSourceRepair":"make_valid; retain polygonal components; discard zero-area collapsed lines","legalBoundaryIndependentlyVerified":false,"areaId":"77c7c68e-6008-43e5-8d83-79430b038d56"},"geometry":{"type":"MultiPolygon","coordinates":[[[[99.950134,14.342121],[99.943999,14.330942],[99.940301,14.334739],[99.934001,14.335277],[99.931918,14.33027],[99.929314,14.33119],[99.927489,14.324181],[99.9241,14.323578],[99.919989,14.316079],[99.919564,14.316928],[99.918645,14.317435],[99.916635,14.316176],[99.912269,14.318516],[99.910922,14.316118],[99.912109,14.310905],[99.910075,14.304564],[99.908337,14.305108],[99.907327,14.302917],[99.905443,14.303528],[99.901452,14.298904],[99.899178,14.297953],[99.894567,14.299463],[99.893075,14.304231],[99.89172,14.303713],[99.891827,14.308999],[99.885915,14.308853],[99.88308,14.315539],[99.883803,14.317664],[99.887406,14.317849],[99.886745,14.320354],[99.88889,14.322566],[99.886304,14.336034],[99.884349,14.338591],[99.887265,14.338146],[99.886832,14.344424],[99.893075,14.336368],[99.893931,14.338211],[99.895961,14.337565],[99.896813,14.339467],[99.898046,14.3392],[99.898772,14.342429],[99.895812,14.344],[99.896507,14.349247],[99.899126,14.351977],[99.90225,14.35123],[99.902339,14.354019],[99.908436,14.352448],[99.908338,14.350997],[99.913461,14.346532],[99.923569,14.344442],[99.924024,14.345531],[99.925921,14.343826],[99.935952,14.343633],[99.940863,14.34613],[99.945108,14.344892],[99.945984,14.347018],[99.947383,14.346512],[99.949995,14.352366],[99.948714,14.352216],[99.948688,14.355795],[99.949748,14.356119],[99.955366,14.349925],[99.954226,14.342653],[99.95527,14.341556],[99.953186,14.339667],[99.950134,14.342121]]],[[[99.884914,14.308653],[99.884854,14.308794],[99.884783,14.308961],[99.884914,14.308653]]]]},"bbox":[99.88308,14.297953,99.955366,14.356119]},{"type":"Feature","id":"dde6785f-f257-4021-b727-52ff1cd65733","properties":{"id":"dde6785f-f257-4021-b727-52ff1cd65733","code":"06721002","provinceCode":"72","nameTh":"องค์การบริหารส่วนตำบล แจงงาม","nameEn":null,"geometryType":"MUNICIPALITY","sourceUrl":"https://landometer.com/api/v2/citymeter-v3/grocery/info/geom/dde6785f-f257-4021-b727-52ff1cd65733/MUNICIPALITY","sourceSha256":"5c3bf0af0464d1833c77c67d1cf5fc1f3570c00366b8d428ef50d936383fa0e0","retrievedAt":"2026-10-04T05:44:19.130409+00:00","boundaryVintage":null,"geometryStatus":"native_source_polygon_display_simplified","simplificationToleranceDegrees":0.00015,"simplificationPreservesTopology":true,"invalidSourceRepair":"make_valid; retain polygonal components; discard zero-area collapsed lines","legalBoundaryIndependentlyVerified":false,"areaId":"dde6785f-f257-4021-b727-52ff1cd65733"},"geometry":{"type":"Polygon","coordinates":[[[99.866803,14.838223],[99.873157,14.83728],[99.873234,14.832496],[99.870714,14.833004],[99.870116,14.831233],[99.871818,14.817099],[99.872811,14.817225],[99.855866,14.815073],[99.855326,14.815045],[99.854226,14.819424],[99.847877,14.815699],[99.829697,14.816732],[99.829552,14.812787],[99.814201,14.81422],[99.814917,14.806729],[99.805081,14.805965],[99.804674,14.803441],[99.802748,14.803431],[99.803476,14.800115],[99.79803,14.797685],[99.799133,14.793888],[99.798718,14.793884],[99.797851,14.794393],[99.789783,14.793796],[99.789452,14.789262],[99.78036,14.79445],[99.774708,14.794875],[99.769272,14.792959],[99.759681,14.797399],[99.744606,14.783182],[99.698768,14.819212],[99.69909,14.819398],[99.70009,14.821052],[99.700916,14.821249],[99.702548,14.820643],[99.705362,14.818589],[99.706539,14.818097],[99.70794,14.818062],[99.709388,14.81894],[99.711028,14.81889],[99.713306,14.817777],[99.713908,14.81713],[99.714129,14.816144],[99.715081,14.815221],[99.716988,14.814458],[99.718551,14.814583],[99.719569,14.816188],[99.720499,14.816946],[99.720827,14.81766],[99.721473,14.817083],[99.721495,14.815837],[99.723627,14.81464],[99.724211,14.814872],[99.724692,14.816049],[99.728083,14.817879],[99.73105,14.817738],[99.732027,14.817138],[99.732928,14.81735],[99.733841,14.817153],[99.734594,14.815723],[99.735076,14.815388],[99.736098,14.815397],[99.736877,14.815861],[99.738429,14.817737],[99.738223,14.819068],[99.73881,14.819975],[99.739936,14.819662],[99.740451,14.819844],[99.741426,14.819497],[99.741995,14.819593],[99.742495,14.820936],[99.741499,14.823894],[99.741794,14.824277],[99.744418,14.824898],[99.746603,14.826815],[99.748278,14.826887],[99.748754,14.827223],[99.749144,14.827106],[99.749627,14.826485],[99.748951,14.825048],[99.749563,14.824588],[99.7506,14.824602],[99.751552,14.825257],[99.752028,14.825901],[99.753616,14.826246],[99.757613,14.825773],[99.759386,14.827326],[99.759194,14.829075],[99.760869,14.829669],[99.762255,14.831639],[99.763081,14.83214],[99.763273,14.832682],[99.763831,14.833135],[99.766448,14.833472],[99.769921,14.832334],[99.770462,14.832499],[99.771035,14.833495],[99.771849,14.833545],[99.772748,14.834141],[99.774073,14.833351],[99.774997,14.833576],[99.776078,14.833503],[99.77703,14.833866],[99.7781,14.833354],[99.778944,14.834246],[99.77931,14.834345],[99.779673,14.834293],[99.780379,14.833646],[99.781252,14.833771],[99.783472,14.833042],[99.78443,14.833545],[99.785215,14.834512],[99.786007,14.834442],[99.786498,14.834666],[99.786757,14.835249],[99.786514,14.835973],[99.786791,14.836772],[99.788847,14.837188],[99.789565,14.837923],[99.789795,14.838544],[99.790462,14.838372],[99.791533,14.838642],[99.79192,14.839184],[99.791547,14.839783],[99.791715,14.840017],[99.792888,14.839841],[99.793522,14.840047],[99.793905,14.840689],[99.792878,14.84195],[99.793047,14.842176],[99.794222,14.842206],[99.794758,14.841782],[99.79562,14.841667],[99.796269,14.841066],[99.796928,14.840982],[99.800823,14.843247],[99.801986,14.843109],[99.803074,14.843526],[99.804065,14.842876],[99.805234,14.843481],[99.806916,14.843195],[99.808139,14.843749],[99.809764,14.843153],[99.810711,14.84394],[99.810907,14.846092],[99.812743,14.847833],[99.813178,14.84753],[99.813256,14.846437],[99.813692,14.846234],[99.815192,14.846989],[99.816493,14.846116],[99.818126,14.847375],[99.818677,14.847387],[99.819988,14.846168],[99.82011,14.845209],[99.820822,14.844167],[99.821618,14.844304],[99.821615,14.845505],[99.82198,14.845808],[99.822683,14.845277],[99.823535,14.843808],[99.823967,14.843487],[99.824502,14.843515],[99.825309,14.844017],[99.826389,14.843545],[99.827538,14.843928],[99.828752,14.843862],[99.82914,14.844326],[99.828845,14.845193],[99.829494,14.845316],[99.830461,14.845065],[99.831134,14.84693],[99.832239,14.846702],[99.832819,14.84751],[99.83386,14.848338],[99.834755,14.848468],[99.835943,14.848158],[99.836381,14.848278],[99.836545,14.848665],[99.836081,14.848978],[99.835951,14.849423],[99.837683,14.849762],[99.837134,14.851459],[99.837612,14.852672],[99.838101,14.853166],[99.839552,14.85412],[99.842063,14.853936],[99.844112,14.854804],[99.849631,14.854756],[99.850692,14.854961],[99.851271,14.853897],[99.851836,14.854004],[99.852967,14.853048],[99.853386,14.850102],[99.856255,14.848626],[99.863035,14.849531],[99.863615,14.847791],[99.865831,14.8477],[99.866803,14.838223]]]},"bbox":[99.698768,14.783182,99.873234,14.854967]},{"type":"Feature","id":"ac554643-40b8-48ef-8f3d-ecfa80dfd3ba","properties":{"id":"ac554643-40b8-48ef-8f3d-ecfa80dfd3ba","code":"06721003","provinceCode":"72","nameTh":"องค์การบริหารส่วนตำบล ทัพหลวง","nameEn":null,"geometryType":"MUNICIPALITY","sourceUrl":"https://landometer.com/api/v2/citymeter-v3/grocery/info/geom/ac554643-40b8-48ef-8f3d-ecfa80dfd3ba/MUNICIPALITY","sourceSha256":"76f19b3ee2a0c056b76433e91ba0706a827599174999e9a86f56f51e1eb759a2","retrievedAt":"2026-10-04T05:44:19.124925+00:00","boundaryVintage":null,"geometryStatus":"native_source_polygon_display_simplified","simplificationToleranceDegrees":0.00015,"simplificationPreservesTopology":true,"invalidSourceRepair":"make_valid; retain polygonal components; discard zero-area collapsed lines","legalBoundaryIndependentlyVerified":false,"areaId":"ac554643-40b8-48ef-8f3d-ecfa80dfd3ba"},"geometry":{"type":"Polygon","coordinates":[[[99.862439,14.769872],[99.862253,14.767023],[99.860416,14.766846],[99.858398,14.754953],[99.854617,14.753733],[99.854998,14.748489],[99.85888,14.747725],[99.858162,14.743476],[99.859656,14.743009],[99.85746,14.738973],[99.857895,14.736499],[99.85349,14.736712],[99.852998,14.728534],[99.871121,14.72002],[99.8769,14.720492],[99.885654,14.718254],[99.885433,14.712942],[99.882051,14.711715],[99.881079,14.708489],[99.875957,14.708603],[99.873664,14.699745],[99.873843,14.7005],[99.870585,14.702026],[99.869077,14.704448],[99.86648,14.705027],[99.864035,14.707108],[99.863022,14.707168],[99.860751,14.706663],[99.85923,14.706982],[99.858058,14.707692],[99.857005,14.709102],[99.854639,14.71057],[99.852501,14.711062],[99.851327,14.711757],[99.849535,14.713805],[99.848869,14.715006],[99.848614,14.716107],[99.844085,14.719202],[99.843238,14.720172],[99.842359,14.722139],[99.84104,14.723084],[99.837205,14.723329],[99.834917,14.724988],[99.834152,14.726147],[99.833358,14.726834],[99.830573,14.7272],[99.827215,14.727051],[99.824384,14.726573],[99.821431,14.727149],[99.817727,14.728584],[99.814646,14.728448],[99.813173,14.729205],[99.810989,14.730894],[99.80822,14.732614],[99.80602,14.732171],[99.803836,14.733214],[99.800785,14.733474],[99.798314,14.733031],[99.795766,14.73377],[99.793569,14.733927],[99.792604,14.734453],[99.792283,14.735019],[99.790513,14.735409],[99.786966,14.736936],[99.781305,14.737747],[99.779837,14.738641],[99.776423,14.739216],[99.774475,14.740651],[99.770281,14.741575],[99.767037,14.742922],[99.762506,14.745699],[99.761317,14.745786],[99.759831,14.745198],[99.759237,14.745211],[99.757257,14.745863],[99.757273,14.746605],[99.756463,14.746648],[99.756475,14.747406],[99.755923,14.747311],[99.753593,14.747893],[99.747453,14.748785],[99.745981,14.749278],[99.745758,14.748333],[99.74553,14.748494],[99.748722,14.756468],[99.74475,14.758195],[99.744193,14.763839],[99.745464,14.766953],[99.76477,14.764052],[99.768194,14.765193],[99.778816,14.764045],[99.784023,14.765351],[99.78711,14.779244],[99.79834,14.776468],[99.801028,14.777323],[99.801413,14.784574],[99.797097,14.786607],[99.799964,14.789073],[99.799361,14.793506],[99.798718,14.793884],[99.799133,14.793888],[99.79803,14.797685],[99.803476,14.800115],[99.802748,14.803431],[99.804674,14.803441],[99.805081,14.805965],[99.814917,14.806729],[99.814201,14.81422],[99.829552,14.812787],[99.829697,14.816732],[99.847877,14.815699],[99.854226,14.819424],[99.855326,14.815045],[99.855866,14.815073],[99.855673,14.815049],[99.855661,14.814079],[99.855044,14.814151],[99.855627,14.811483],[99.855396,14.793683],[99.852666,14.780433],[99.853039,14.768091],[99.862439,14.769872]]]},"bbox":[99.744193,14.699744,99.885654,14.819424]},{"type":"Feature","id":"130bfa09-f117-4952-bd2b-dac5ee3ab73d","properties":{"id":"130bfa09-f117-4952-bd2b-dac5ee3ab73d","code":"06721004","provinceCode":"72","nameTh":"องค์การบริหารส่วนตำบล หนองขาม","nameEn":null,"geometryType":"MUNICIPALITY","sourceUrl":"https://landometer.com/api/v2/citymeter-v3/grocery/info/geom/130bfa09-f117-4952-bd2b-dac5ee3ab73d/MUNICIPALITY","sourceSha256":"0afadb97908e246ada85692c38eae8416bcbf2cefe94cebbcee2a12bfb0f4dca","retrievedAt":"2026-10-04T05:44:19.276722+00:00","boundaryVintage":null,"geometryStatus":"native_source_polygon_display_simplified","simplificationToleranceDegrees":0.00015,"simplificationPreservesTopology":true,"invalidSourceRepair":"make_valid; retain polygonal components; discard zero-area collapsed lines","legalBoundaryIndependentlyVerified":false,"areaId":"130bfa09-f117-4952-bd2b-dac5ee3ab73d"},"geometry":{"type":"Polygon","coordinates":[[[99.677382,14.818517],[99.677965,14.821579],[99.679771,14.821805],[99.680139,14.822233],[99.680396,14.822019],[99.681526,14.82204],[99.682397,14.822788],[99.683907,14.822209],[99.684742,14.823148],[99.68543,14.822871],[99.687757,14.822619],[99.689495,14.821566],[99.691048,14.821169],[99.6932,14.81972],[99.697063,14.819],[99.698787,14.819211],[99.744606,14.783182],[99.759681,14.797399],[99.769272,14.792959],[99.774708,14.794875],[99.78036,14.79445],[99.789452,14.789262],[99.789783,14.793796],[99.797851,14.794393],[99.799361,14.793506],[99.799964,14.789073],[99.797097,14.786607],[99.801413,14.784574],[99.801028,14.777323],[99.79834,14.776468],[99.78711,14.779244],[99.784023,14.765351],[99.778816,14.764045],[99.768194,14.765193],[99.76477,14.764052],[99.745464,14.766953],[99.744193,14.763839],[99.74475,14.758195],[99.748722,14.756468],[99.74553,14.748494],[99.745766,14.748358],[99.745614,14.747723],[99.744856,14.746848],[99.74334,14.747038],[99.742133,14.746657],[99.740703,14.746875],[99.739352,14.747728],[99.738377,14.74777],[99.735284,14.748621],[99.733057,14.748723],[99.729637,14.75048],[99.729455,14.750042],[99.728113,14.750066],[99.728104,14.750533],[99.727782,14.750548],[99.727803,14.751277],[99.726384,14.751381],[99.726342,14.751225],[99.72504,14.751761],[99.725008,14.751583],[99.724437,14.751726],[99.724345,14.751316],[99.722705,14.751862],[99.721963,14.749318],[99.720324,14.749745],[99.717658,14.750983],[99.711595,14.756748],[99.709502,14.758412],[99.708057,14.759101],[99.703535,14.76051],[99.703561,14.76086],[99.702726,14.761132],[99.700569,14.762507],[99.697325,14.765814],[99.695,14.76703],[99.693382,14.768425],[99.692172,14.77068],[99.690422,14.77252],[99.689446,14.774065],[99.687327,14.775526],[99.686246,14.776696],[99.684576,14.777231],[99.682852,14.778723],[99.682258,14.778982],[99.681468,14.780225],[99.681304,14.781289],[99.678243,14.783453],[99.678031,14.784006],[99.676853,14.784692],[99.676289,14.784733],[99.674887,14.785972],[99.670137,14.786803],[99.669151,14.787542],[99.668122,14.787801],[99.667411,14.788649],[99.664673,14.788061],[99.664198,14.790083],[99.664117,14.791658],[99.662906,14.791807],[99.662903,14.793078],[99.661159,14.79349],[99.660898,14.794282],[99.661292,14.795452],[99.662653,14.795776],[99.661916,14.797493],[99.658869,14.802645],[99.657234,14.802181],[99.654846,14.802718],[99.652835,14.802116],[99.653431,14.804322],[99.654367,14.804413],[99.654998,14.805024],[99.653358,14.806581],[99.653886,14.806683],[99.655045,14.808048],[99.655027,14.808321],[99.655561,14.808497],[99.655736,14.808077],[99.656254,14.808116],[99.656114,14.808941],[99.655867,14.809174],[99.656285,14.809166],[99.656485,14.809412],[99.655546,14.809827],[99.655303,14.810237],[99.655376,14.810765],[99.654786,14.811133],[99.654644,14.81245],[99.654418,14.812453],[99.654228,14.812017],[99.653841,14.81205],[99.653483,14.813191],[99.653022,14.81373],[99.65343,14.816281],[99.652744,14.816541],[99.65189,14.816502],[99.651827,14.81671],[99.652141,14.817881],[99.652572,14.818403],[99.653199,14.818582],[99.652606,14.819096],[99.652631,14.819506],[99.654007,14.81959],[99.654385,14.819938],[99.654601,14.820837],[99.655364,14.821557],[99.656829,14.8224],[99.657827,14.822252],[99.658463,14.822655],[99.658815,14.822328],[99.659321,14.822445],[99.659336,14.821837],[99.659096,14.821596],[99.660697,14.821457],[99.661325,14.821936],[99.662181,14.821692],[99.662242,14.821992],[99.661449,14.82287],[99.662052,14.822878],[99.66219,14.823394],[99.661874,14.823466],[99.661896,14.824005],[99.662279,14.824066],[99.662429,14.824401],[99.66224,14.825007],[99.664177,14.824546],[99.667661,14.823126],[99.66998,14.821513],[99.675223,14.818708],[99.676387,14.818926],[99.677382,14.818517]]]},"bbox":[99.65182,14.746657,99.801413,14.825007]},{"type":"Feature","id":"feafb13c-8faa-4bee-acde-afefa0fa1f5e","properties":{"id":"feafb13c-8faa-4bee-acde-afefa0fa1f5e","code":"06721005","provinceCode":"72","nameTh":"องค์การบริหารส่วนตำบล หนองโพธิ์","nameEn":null,"geometryType":"MUNICIPALITY","sourceUrl":"https://landometer.com/api/v2/citymeter-v3/grocery/info/geom/feafb13c-8faa-4bee-acde-afefa0fa1f5e/MUNICIPALITY","sourceSha256":"216d96779f5bacc1852630afd56d741ca4e790f9629067746afbcdbcfa916e80","retrievedAt":"2026-10-04T05:44:19.136563+00:00","boundaryVintage":null,"geometryStatus":"native_source_polygon_display_simplified","simplificationToleranceDegrees":0.00015,"simplificationPreservesTopology":true,"invalidSourceRepair":"make_valid; retain polygonal components; discard zero-area collapsed lines","legalBoundaryIndependentlyVerified":false,"areaId":"feafb13c-8faa-4bee-acde-afefa0fa1f5e"},"geometry":{"type":"Polygon","coordinates":[[[99.919218,14.870115],[99.920132,14.870095],[99.920668,14.870747],[99.921006,14.870788],[99.921746,14.869771],[99.923261,14.869847],[99.923117,14.86899],[99.923609,14.868496],[99.924214,14.869063],[99.923988,14.869747],[99.92462,14.870877],[99.92633,14.87012],[99.927139,14.870849],[99.927745,14.870772],[99.928146,14.869979],[99.928519,14.867074],[99.929367,14.866591],[99.930075,14.865483],[99.930842,14.865679],[99.931239,14.864528],[99.932414,14.864222],[99.932315,14.862957],[99.932642,14.86266],[99.93372,14.862414],[99.934557,14.860852],[99.935056,14.860515],[99.935799,14.860416],[99.937305,14.859105],[99.937492,14.857772],[99.93846,14.858368],[99.939043,14.858376],[99.940265,14.857186],[99.9429,14.85687],[99.943263,14.855759],[99.944172,14.856022],[99.945163,14.855478],[99.945489,14.855684],[99.946372,14.857394],[99.94631,14.858409],[99.946489,14.858698],[99.946915,14.858606],[99.947882,14.857735],[99.949314,14.857378],[99.94992,14.85628],[99.951176,14.855205],[99.951544,14.853713],[99.950755,14.85278],[99.950219,14.851413],[99.948938,14.850364],[99.948683,14.849807],[99.950767,14.848671],[99.950927,14.848846],[99.952651,14.848251],[99.952399,14.847573],[99.954312,14.846882],[99.955155,14.846818],[99.956277,14.846104],[99.957527,14.846206],[99.959822,14.845608],[99.960688,14.845261],[99.960626,14.845002],[99.960915,14.84495],[99.960925,14.845289],[99.96157,14.845101],[99.962521,14.844509],[99.962757,14.844105],[99.963643,14.844195],[99.963655,14.843837],[99.964075,14.843822],[99.964048,14.843574],[99.965785,14.843361],[99.967505,14.842635],[99.969033,14.842714],[99.971899,14.841748],[99.971874,14.842265],[99.97301,14.841757],[99.973496,14.841817],[99.973494,14.842067],[99.974318,14.842145],[99.974705,14.841986],[99.974804,14.841494],[99.975834,14.840854],[99.977663,14.840163],[99.980155,14.84042],[99.98044,14.840124],[99.980838,14.84016],[99.981027,14.840693],[99.981894,14.840315],[99.981366,14.837519],[99.981026,14.837595],[99.98056,14.8353],[99.980388,14.835389],[99.979987,14.834977],[99.979407,14.833196],[99.979609,14.832873],[99.979294,14.832852],[99.978499,14.831019],[99.978132,14.831],[99.977939,14.829449],[99.977648,14.829517],[99.977457,14.828925],[99.97731,14.828008],[99.977768,14.827969],[99.978026,14.824994],[99.977633,14.825062],[99.977032,14.824381],[99.978013,14.824391],[99.977678,14.822328],[99.977344,14.822197],[99.978065,14.821149],[99.977256,14.820862],[99.977359,14.819001],[99.976638,14.819091],[99.976481,14.817818],[99.976217,14.817686],[99.976157,14.81591],[99.97356,14.815621],[99.973375,14.815356],[99.971159,14.815449],[99.969079,14.815846],[99.968103,14.816424],[99.967264,14.815944],[99.966413,14.815839],[99.966909,14.813846],[99.968165,14.813904],[99.967823,14.812486],[99.967729,14.810227],[99.967184,14.810355],[99.967047,14.811123],[99.966376,14.811254],[99.966131,14.810399],[99.963478,14.811199],[99.962894,14.810002],[99.962858,14.809313],[99.961907,14.809277],[99.961536,14.808852],[99.959421,14.808218],[99.957887,14.808344],[99.956441,14.809131],[99.95517,14.809293],[99.955255,14.809704],[99.954155,14.810168],[99.953641,14.809307],[99.954061,14.809112],[99.95356,14.808167],[99.953585,14.805959],[99.953357,14.805021],[99.953659,14.804922],[99.953129,14.803291],[99.953192,14.801953],[99.95365,14.801887],[99.953555,14.801436],[99.952341,14.801312],[99.951369,14.799812],[99.950364,14.800232],[99.950134,14.800255],[99.950099,14.799968],[99.949608,14.800031],[99.949534,14.799505],[99.949197,14.799539],[99.948745,14.797392],[99.947608,14.797584],[99.947146,14.797396],[99.946085,14.795252],[99.943947,14.792621],[99.94353,14.791768],[99.942629,14.791601],[99.94149,14.787138],[99.919144,14.784586],[99.915276,14.78622],[99.914852,14.784396],[99.910866,14.786587],[99.912738,14.800291],[99.911399,14.800478],[99.910013,14.808292],[99.91148,14.812912],[99.907856,14.813123],[99.908901,14.819221],[99.900676,14.818086],[99.887221,14.819055],[99.871818,14.817099],[99.870116,14.831233],[99.870714,14.833004],[99.873234,14.832496],[99.873157,14.83728],[99.866803,14.838223],[99.865831,14.8477],[99.863615,14.847791],[99.863035,14.849531],[99.856255,14.848626],[99.853386,14.850102],[99.852967,14.853048],[99.851836,14.854004],[99.85356,14.855431],[99.854708,14.854704],[99.856403,14.855501],[99.856568,14.854954],[99.857383,14.854358],[99.857769,14.855277],[99.858671,14.855136],[99.858983,14.855626],[99.859768,14.856088],[99.860304,14.855947],[99.860647,14.855528],[99.86091,14.85559],[99.861825,14.856525],[99.862717,14.856242],[99.863922,14.856833],[99.864442,14.857765],[99.865595,14.857581],[99.86623,14.858491],[99.867035,14.858148],[99.868018,14.858248],[99.86836,14.857247],[99.86858,14.857175],[99.869562,14.858038],[99.869491,14.85874],[99.869741,14.859359],[99.870484,14.859274],[99.871091,14.858237],[99.871675,14.85839],[99.871981,14.860049],[99.873086,14.860431],[99.872567,14.86103],[99.872763,14.861456],[99.873587,14.861273],[99.874125,14.860079],[99.875536,14.859744],[99.875851,14.860209],[99.877121,14.860192],[99.877447,14.860525],[99.878212,14.860735],[99.878372,14.861086],[99.878172,14.861585],[99.878432,14.862015],[99.87979,14.862755],[99.879767,14.862979],[99.879133,14.863346],[99.879116,14.86391],[99.880128,14.864044],[99.880707,14.863089],[99.881091,14.86306],[99.882204,14.863715],[99.882514,14.864909],[99.883331,14.865556],[99.883847,14.865693],[99.885003,14.865284],[99.885233,14.86618],[99.885767,14.866369],[99.886233,14.866206],[99.88607,14.865585],[99.886822,14.865022],[99.888426,14.864932],[99.888755,14.865504],[99.889356,14.865727],[99.890349,14.867258],[99.891415,14.867196],[99.89255,14.866518],[99.893489,14.866725],[99.893666,14.867018],[99.893534,14.867721],[99.894469,14.868491],[99.895186,14.868766],[99.89604,14.868743],[99.896089,14.869773],[99.896995,14.869783],[99.897697,14.869415],[99.89852,14.870063],[99.898834,14.870695],[99.899454,14.869882],[99.901222,14.869521],[99.901642,14.868647],[99.902412,14.86847],[99.904109,14.869282],[99.904124,14.869602],[99.903427,14.87032],[99.90358,14.870538],[99.904904,14.870681],[99.905725,14.871147],[99.906857,14.87095],[99.907263,14.87174],[99.908254,14.871958],[99.909112,14.87245],[99.909468,14.871561],[99.911093,14.870939],[99.911632,14.871641],[99.91179,14.872497],[99.912016,14.872589],[99.912445,14.871959],[99.913749,14.871211],[99.915255,14.872105],[99.916892,14.87139],[99.917947,14.871838],[99.91881,14.871126],[99.919218,14.870115]]]},"bbox":[99.851836,14.784396,99.981894,14.872589]},{"type":"Feature","id":"7058c429-dade-4e3b-8760-fa5524034d13","properties":{"id":"7058c429-dade-4e3b-8760-fa5524034d13","code":"06721006","provinceCode":"72","nameTh":"องค์การบริหารส่วนตำบล หนองหญ้าไซ","nameEn":null,"geometryType":"MUNICIPALITY","sourceUrl":"https://landometer.com/api/v2/citymeter-v3/grocery/info/geom/7058c429-dade-4e3b-8760-fa5524034d13/MUNICIPALITY","sourceSha256":"15d9157186e015c81ba28034e85dc2184179e605147d22e6fa2efc8520daccc6","retrievedAt":"2026-10-04T05:44:19.123156+00:00","boundaryVintage":null,"geometryStatus":"native_source_polygon_display_simplified","simplificationToleranceDegrees":0.00015,"simplificationPreservesTopology":true,"invalidSourceRepair":"make_valid; retain polygonal components; discard zero-area collapsed lines","legalBoundaryIndependentlyVerified":false,"areaId":"7058c429-dade-4e3b-8760-fa5524034d13"},"geometry":{"type":"MultiPolygon","coordinates":[[[[99.945484,14.789833],[99.945847,14.788617],[99.945803,14.786599],[99.946934,14.786316],[99.946527,14.785724],[99.946144,14.785732],[99.946058,14.781828],[99.945548,14.781369],[99.945253,14.778687],[99.944839,14.778109],[99.944464,14.776395],[99.945236,14.775853],[99.945462,14.775971],[99.955867,14.774121],[99.958592,14.774324],[99.959994,14.774168],[99.960733,14.774732],[99.961534,14.774546],[99.962233,14.774759],[99.963482,14.774311],[99.963484,14.773635],[99.966407,14.772282],[99.966921,14.772727],[99.967395,14.772432],[99.967882,14.772807],[99.969655,14.772821],[99.969909,14.772357],[99.971304,14.771864],[99.9723,14.772013],[99.97229,14.772553],[99.973506,14.772306],[99.974272,14.77176],[99.975622,14.771918],[99.975784,14.772198],[99.976509,14.772379],[99.978363,14.771759],[99.978809,14.769987],[99.979665,14.769069],[99.979905,14.768016],[99.979477,14.768015],[99.979429,14.767129],[99.979673,14.765208],[99.980268,14.764961],[99.979895,14.76325],[99.979792,14.759388],[99.98286,14.759248],[99.982671,14.758086],[99.983292,14.757751],[99.983745,14.756996],[99.984822,14.756944],[99.983606,14.755243],[99.98148,14.753014],[99.979853,14.752027],[99.977702,14.751808],[99.977464,14.757165],[99.974898,14.756486],[99.97297,14.753364],[99.971331,14.754379],[99.971207,14.753246],[99.961294,14.75311],[99.960164,14.750887],[99.956792,14.755238],[99.951827,14.756719],[99.951792,14.760881],[99.950245,14.762644],[99.948977,14.762871],[99.947001,14.756897],[99.944408,14.756738],[99.940404,14.759507],[99.939973,14.755874],[99.941551,14.753756],[99.939446,14.752524],[99.926541,14.756651],[99.9275,14.752528],[99.925305,14.751979],[99.926063,14.750964],[99.924684,14.749824],[99.909473,14.748241],[99.906158,14.750567],[99.902465,14.750339],[99.901064,14.749043],[99.901592,14.738109],[99.899638,14.736663],[99.896283,14.721205],[99.89214,14.721972],[99.889659,14.719596],[99.885733,14.720171],[99.885654,14.718254],[99.8769,14.720492],[99.871121,14.72002],[99.852998,14.728534],[99.85349,14.736712],[99.857895,14.736499],[99.85746,14.738973],[99.859656,14.743009],[99.858162,14.743476],[99.85888,14.747725],[99.854998,14.748489],[99.854617,14.753733],[99.858398,14.754953],[99.860416,14.766846],[99.862253,14.767023],[99.862439,14.769872],[99.853039,14.768091],[99.852666,14.780433],[99.855396,14.793683],[99.855627,14.811483],[99.855044,14.814151],[99.855661,14.814079],[99.855673,14.815049],[99.887221,14.819055],[99.900676,14.818086],[99.908901,14.819221],[99.907856,14.813123],[99.91148,14.812912],[99.910013,14.808292],[99.911399,14.800478],[99.912738,14.800291],[99.910866,14.786587],[99.914852,14.784396],[99.915276,14.78622],[99.919144,14.784586],[99.94149,14.787138],[99.942551,14.791363],[99.945568,14.790479],[99.945484,14.789833]],[[99.91723,14.777557],[99.920335,14.783668],[99.909081,14.78516],[99.901305,14.780138],[99.902233,14.774899],[99.91723,14.777557]]],[[[99.855003,14.815755],[99.855131,14.815822],[99.854927,14.815715],[99.855003,14.815755]]]]},"bbox":[99.852666,14.718254,99.984822,14.819221]},{"type":"Feature","id":"971b158e-4dcb-4471-a98c-4b4f6fa72f92","properties":{"id":"971b158e-4dcb-4471-a98c-4b4f6fa72f92","code":"06721007","provinceCode":"72","nameTh":"องค์การบริหารส่วนตำบล หนองราชวัตร","nameEn":null,"geometryType":"MUNICIPALITY","sourceUrl":"https://landometer.com/api/v2/citymeter-v3/grocery/info/geom/971b158e-4dcb-4471-a98c-4b4f6fa72f92/MUNICIPALITY","sourceSha256":"aaf9f95cf95cbf7dd1f948d43c48fba6db32d7d9f5c81ed5678692858a62c94b","retrievedAt":"2026-10-04T05:44:19.130284+00:00","boundaryVintage":null,"geometryStatus":"native_source_polygon_display_simplified","simplificationToleranceDegrees":0.00015,"simplificationPreservesTopology":true,"invalidSourceRepair":"make_valid; retain polygonal components; discard zero-area collapsed lines","legalBoundaryIndependentlyVerified":false,"areaId":"971b158e-4dcb-4471-a98c-4b4f6fa72f92"},"geometry":{"type":"MultiPolygon","coordinates":[[[[99.952639,14.681584],[99.9526464000001,14.681583399999992],[99.952638,14.681584],[99.952639,14.681584]]],[[[99.952639,14.681584],[99.950246,14.681911],[99.948717,14.68255],[99.947065,14.682765],[99.944052,14.684673],[99.942968,14.684887],[99.941367,14.686176],[99.939605,14.688295],[99.938898,14.688564],[99.938069,14.689395],[99.934799,14.691623],[99.931783,14.693368],[99.927226,14.694164],[99.92656,14.694567],[99.92562,14.695778],[99.924283,14.696867],[99.924269,14.697344],[99.922698,14.698266],[99.921676,14.698237],[99.920371,14.698673],[99.918679,14.698182],[99.916192,14.698314],[99.912133,14.697418],[99.909324,14.697953],[99.906217,14.697368],[99.901227,14.697248],[99.899282,14.696684],[99.89682,14.696973],[99.895973,14.696339],[99.894342,14.696219],[99.893285,14.696561],[99.891844,14.696614],[99.891067,14.696944],[99.890779,14.697338],[99.891086,14.698667],[99.88714,14.699149],[99.884712,14.698882],[99.884675,14.698348],[99.882271,14.698686],[99.880755,14.698231],[99.87895,14.69897],[99.876221,14.699211],[99.874544,14.699729],[99.873664,14.699745],[99.875957,14.708603],[99.881079,14.708489],[99.882051,14.711715],[99.885433,14.712942],[99.885733,14.720171],[99.889659,14.719596],[99.89214,14.721972],[99.896283,14.721205],[99.899638,14.736663],[99.901592,14.738109],[99.901064,14.749043],[99.902465,14.750339],[99.906158,14.750567],[99.909473,14.748241],[99.924684,14.749824],[99.926063,14.750964],[99.925305,14.751979],[99.9275,14.752528],[99.926541,14.756651],[99.939446,14.752524],[99.941551,14.753756],[99.939973,14.755874],[99.940404,14.759507],[99.944408,14.756738],[99.947001,14.756897],[99.948977,14.762871],[99.950245,14.762644],[99.951792,14.760881],[99.951827,14.756719],[99.956792,14.755238],[99.960164,14.750887],[99.961294,14.75311],[99.971207,14.753246],[99.971331,14.754379],[99.97297,14.753364],[99.974898,14.756486],[99.977464,14.757165],[99.977702,14.751808],[99.978785,14.751916],[99.978624,14.750921],[99.978877,14.749876],[99.980959,14.748917],[99.980688,14.7476],[99.981482,14.746385],[99.981641,14.745039],[99.980639,14.743704],[99.98237,14.743566],[99.984716,14.739435],[99.985805,14.739156],[99.986768,14.738395],[99.988063,14.736585],[99.989883,14.73592],[99.99209,14.733997],[99.992223,14.732334],[99.984696,14.728049],[99.984144,14.728344],[99.983506,14.728227],[99.983235,14.728798],[99.982409,14.728624],[99.982088,14.728766],[99.981997,14.727702],[99.980014,14.727551],[99.979774,14.725181],[99.978048,14.723673],[99.97859,14.722304],[99.977493,14.721656],[99.979182,14.71945],[99.980433,14.71874],[99.982293,14.718172],[99.98403,14.716888],[99.985243,14.714605],[99.985717,14.713012],[99.984705,14.711672],[99.983795,14.711039],[99.983883,14.709652],[99.984638,14.708323],[99.984474,14.707436],[99.985703,14.706915],[99.985836,14.707091],[99.987185,14.706895],[99.985976,14.704145],[99.983724,14.704048],[99.983182,14.703275],[99.983122,14.697967],[99.984404,14.697904],[99.984246,14.68989],[99.980552,14.689103],[99.979315,14.688594],[99.978023,14.688479],[99.975551,14.687594],[99.973982,14.687849],[99.971577,14.687299],[99.970863,14.685883],[99.968008,14.684691],[99.967688,14.683447],[99.967399,14.683222],[99.965709,14.683119],[99.96416,14.682624],[99.958421,14.683303],[99.95557,14.682673],[99.953248,14.681613],[99.95281,14.68157],[99.952652,14.681583],[99.952639,14.681584]]]]},"bbox":[99.873664,14.68157,99.992223,14.762871]}]}
