{"type":"FeatureCollection","metadata":{"provinceCode":"77","source":"CityMETER native source fine polygons","retrievedAt":"2026-10-04T05:48:12.640342+00:00","total":60,"retrieved":60,"displaySimplificationToleranceDegrees":0.00015,"legalBoundaryIndependentlyVerified":false},"features":[{"type":"Feature","id":"4a8ff0f2-16e0-45a4-ae27-694ad3063592","properties":{"id":"4a8ff0f2-16e0-45a4-ae27-694ad3063592","code":"04770102","provinceCode":"77","nameTh":"เทศบาลเมือง ประจวบคีรีขันธ์","nameEn":null,"geometryType":"MUNICIPALITY","sourceUrl":"https://landometer.com/api/v2/citymeter-v3/grocery/info/geom/4a8ff0f2-16e0-45a4-ae27-694ad3063592/MUNICIPALITY","sourceSha256":"e2430e5db96bfa9b74fa3dafaed9bccbee8931973fadc0e89e28047671b23d9d","retrievedAt":"2026-10-04T05:44:23.559217+00:00","boundaryVintage":null,"geometryStatus":"native_source_polygon_display_simplified","simplificationToleranceDegrees":0.00015,"simplificationPreservesTopology":true,"invalidSourceRepair":"make_valid; retain polygonal components; discard zero-area collapsed lines","legalBoundaryIndependentlyVerified":false,"areaId":"4a8ff0f2-16e0-45a4-ae27-694ad3063592"},"geometry":{"type":"Polygon","coordinates":[[[99.788858,11.821671],[99.789719,11.82658],[99.804371,11.850599],[99.808765,11.850232],[99.80822,11.849128],[99.80829,11.848438],[99.807489,11.84765],[99.803609,11.845467],[99.803103,11.84319],[99.807485,11.840835],[99.809182,11.837543],[99.818372,11.84242],[99.827399,11.842179],[99.827319,11.839488],[99.823585,11.839809],[99.818954,11.839472],[99.815861,11.838383],[99.811567,11.835388],[99.808876,11.832794],[99.80532,11.828433],[99.801393,11.82228],[99.799972,11.818867],[99.799126,11.817968],[99.798454,11.817744],[99.799241,11.816475],[99.79951,11.81511],[99.799089,11.810255],[99.799239,11.808278],[99.799512,11.808098],[99.799274,11.806807],[99.799639,11.803794],[99.800901,11.799661],[99.802612,11.796605],[99.797122,11.793864],[99.797698,11.79181],[99.789479,11.788695],[99.781996,11.787481],[99.775695,11.783313],[99.77055,11.783468],[99.778668,11.822044],[99.788858,11.821671]]]},"bbox":[99.77055,11.783313,99.827399,11.850599]},{"type":"Feature","id":"4c07a42f-c2ee-4570-bc3f-2d7d1893434c","properties":{"id":"4c07a42f-c2ee-4570-bc3f-2d7d1893434c","code":"04770701","provinceCode":"77","nameTh":"เทศบาลเมือง หัวหิน","nameEn":null,"geometryType":"MUNICIPALITY","sourceUrl":"https://landometer.com/api/v2/citymeter-v3/grocery/info/geom/4c07a42f-c2ee-4570-bc3f-2d7d1893434c/MUNICIPALITY","sourceSha256":"0d9cfccdd427b9e39e553d3d49853c1afa1ef23ffe1231bf0bcdf22b55a2eced","retrievedAt":"2026-10-04T05:44:23.546717+00:00","boundaryVintage":null,"geometryStatus":"native_source_polygon_display_simplified","simplificationToleranceDegrees":0.00015,"simplificationPreservesTopology":true,"invalidSourceRepair":"make_valid; retain polygonal components; discard zero-area collapsed lines","legalBoundaryIndependentlyVerified":false,"areaId":"4c07a42f-c2ee-4570-bc3f-2d7d1893434c"},"geometry":{"type":"Polygon","coordinates":[[[99.981962,12.456416],[99.982218,12.455242],[99.981634,12.454797],[99.981612,12.454152],[99.982219,12.452338],[99.983244,12.452046],[99.984006,12.451037],[99.983596,12.44986],[99.983334,12.449547],[99.981548,12.448899],[99.98045,12.447853],[99.978215,12.447427],[99.977067,12.447746],[99.974345,12.450253],[99.972917,12.450528],[99.973063,12.447672],[99.973821,12.445721],[99.973021,12.445014],[99.973186,12.444229],[99.972452,12.443616],[99.971709,12.443604],[99.971059,12.442655],[99.970889,12.441259],[99.971101,12.439725],[99.970764,12.439505],[99.969909,12.441403],[99.969342,12.444182],[99.96738,12.444807],[99.966407,12.446705],[99.964879,12.447284],[99.963571,12.447098],[99.961902,12.447506],[99.960166,12.448513],[99.956307,12.450078],[99.95483,12.451441],[99.953814,12.453506],[99.953423,12.455934],[99.952733,12.456762],[99.950429,12.457988],[99.949949,12.457917],[99.944911,12.459461],[99.943878,12.460153],[99.943385,12.460828],[99.9444237652183,12.461049949834903],[99.944031,12.461989],[99.945009,12.462198],[99.944586,12.46313],[99.945572,12.463341],[99.944296,12.466988],[99.945673,12.473118],[99.944231,12.513285],[99.939731,12.520608],[99.940087,12.524949],[99.936601,12.526842],[99.923141,12.582585],[99.921536,12.583399],[99.91793,12.596814],[99.919049,12.624962],[99.920477,12.62458],[99.921633,12.623318],[99.922642,12.62332],[99.923454,12.623722],[99.92421,12.623731],[99.924755,12.624168],[99.925694,12.625677],[99.926823,12.62977],[99.92707,12.63034],[99.927557,12.630721],[99.928192,12.63065],[99.928734,12.630172],[99.929624,12.629959],[99.930182,12.629391],[99.931445,12.628968],[99.932678,12.629252],[99.933671,12.630773],[99.934553,12.631315],[99.935486,12.631222],[99.937328,12.630189],[99.938327,12.630552],[99.939297,12.630271],[99.943657,12.630373],[99.946184,12.633976],[99.947568,12.634017],[99.949016,12.634735],[99.95098,12.634956],[99.952392,12.634927],[99.953366,12.633745],[99.953885,12.633749],[99.954622,12.633299],[99.955043,12.632699],[99.956138,12.632433],[99.955344,12.621594],[99.955658,12.613626],[99.955479,12.613162],[99.955752,12.612852],[99.955865,12.608678],[99.955674,12.603962],[99.955235,12.601869],[99.955858,12.587845],[99.956344,12.586086],[99.956479,12.582845],[99.957111,12.578929],[99.958186,12.575971],[99.959148,12.575031],[99.959788,12.573477],[99.960157,12.573453],[99.960641,12.572843],[99.960933,12.572324],[99.960805,12.571917],[99.961488,12.571813],[99.963593,12.568634],[99.963239,12.564929],[99.963423,12.560416],[99.964666,12.551788],[99.965755,12.547207],[99.969046,12.536993],[99.972702,12.527633],[99.976289,12.521023],[99.977912,12.518981],[99.978274,12.518779],[99.979248,12.518935],[99.980552,12.518301],[99.982266,12.518097],[99.982684,12.517309],[99.983405,12.516806],[99.983638,12.51602],[99.98476,12.515033],[99.985177,12.514187],[99.985047,12.513143],[99.984259,12.51269],[99.983367,12.513181],[99.982026,12.513107],[99.981396,12.513485],[99.980691,12.513506],[99.979578,12.5127],[99.976455,12.507519],[99.975344,12.503574],[99.974911,12.500301],[99.974954,12.497184],[99.974745,12.496554],[99.974973,12.486865],[99.97636,12.470032],[99.977822,12.462426],[99.979086,12.458527],[99.979928,12.457247],[99.981962,12.456416]],[[99.944488,12.460946],[99.944424,12.46105],[99.9444237652183,12.461049949834903],[99.944488,12.460946]]]},"bbox":[99.91793,12.439505,99.985189,12.634983]},{"type":"Feature","id":"bc992d83-9f58-49a2-a177-1fda68296a66","properties":{"id":"bc992d83-9f58-49a2-a177-1fda68296a66","code":"05770103","provinceCode":"77","nameTh":"เทศบาลตำบล คลองวาฬ","nameEn":null,"geometryType":"MUNICIPALITY","sourceUrl":"https://landometer.com/api/v2/citymeter-v3/grocery/info/geom/bc992d83-9f58-49a2-a177-1fda68296a66/MUNICIPALITY","sourceSha256":"f49aea3c403caaecdc5af3f1137ac60b53b670986a8cd89716f97ed277398020","retrievedAt":"2026-10-04T05:44:23.559030+00:00","boundaryVintage":null,"geometryStatus":"native_source_polygon_display_simplified","simplificationToleranceDegrees":0.00015,"simplificationPreservesTopology":true,"invalidSourceRepair":"make_valid; retain polygonal components; discard zero-area collapsed lines","legalBoundaryIndependentlyVerified":false,"areaId":"bc992d83-9f58-49a2-a177-1fda68296a66"},"geometry":{"type":"Polygon","coordinates":[[[99.793895,11.757164],[99.792221,11.745559],[99.791311,11.74525],[99.789757,11.744212],[99.789304,11.744303],[99.787087,11.742602],[99.779522,11.735804],[99.772911,11.730087],[99.774572,11.731642],[99.777596,11.74035],[99.776698,11.741656],[99.793895,11.757164]]]},"bbox":[99.772911,11.730087,99.793895,11.757164]},{"type":"Feature","id":"caa39469-c184-445c-b109-4ed0dcfecae4","properties":{"id":"caa39469-c184-445c-b109-4ed0dcfecae4","code":"05770104","provinceCode":"77","nameTh":"เทศบาลตำบล กม.5","nameEn":null,"geometryType":"MUNICIPALITY","sourceUrl":"https://landometer.com/api/v2/citymeter-v3/grocery/info/geom/caa39469-c184-445c-b109-4ed0dcfecae4/MUNICIPALITY","sourceSha256":"4b18a86917cd9637225b5800db9027ac4c030ff2096b5af642c47b05b726709f","retrievedAt":"2026-10-04T05:44:23.555624+00:00","boundaryVintage":null,"geometryStatus":"native_source_polygon_display_simplified","simplificationToleranceDegrees":0.00015,"simplificationPreservesTopology":true,"invalidSourceRepair":"make_valid; retain polygonal components; discard zero-area collapsed lines","legalBoundaryIndependentlyVerified":false,"areaId":"caa39469-c184-445c-b109-4ed0dcfecae4"},"geometry":{"type":"Polygon","coordinates":[[[99.746546,11.928531],[99.748128,11.928682],[99.747867,11.925899],[99.772949,11.921862],[99.772288,11.915993],[99.794942,11.900244],[99.797084,11.900258],[99.796625,11.897514],[99.794409,11.896708],[99.793745,11.890122],[99.789912,11.890271],[99.789107,11.894637],[99.783376,11.896425],[99.78142,11.899642],[99.731085,11.903468],[99.731445,11.923113],[99.729292,11.928965],[99.745178,11.929892],[99.746546,11.928531]]]},"bbox":[99.729292,11.890122,99.797084,11.929892]},{"type":"Feature","id":"915f0814-0f47-4f81-b436-685e42883612","properties":{"id":"915f0814-0f47-4f81-b436-685e42883612","code":"05770201","provinceCode":"77","nameTh":"เทศบาลตำบล กุยบุรี","nameEn":null,"geometryType":"MUNICIPALITY","sourceUrl":"https://landometer.com/api/v2/citymeter-v3/grocery/info/geom/915f0814-0f47-4f81-b436-685e42883612/MUNICIPALITY","sourceSha256":"7ffda00849de175f6d748aaf05ce77a2cfee707a566240f5ff10029755df740b","retrievedAt":"2026-10-04T05:44:23.557784+00:00","boundaryVintage":null,"geometryStatus":"native_source_polygon_display_simplified","simplificationToleranceDegrees":0.00015,"simplificationPreservesTopology":true,"invalidSourceRepair":"make_valid; retain polygonal components; discard zero-area collapsed lines","legalBoundaryIndependentlyVerified":false,"areaId":"915f0814-0f47-4f81-b436-685e42883612"},"geometry":{"type":"MultiPolygon","coordinates":[[[[99.8748189022545,12.061085007868058],[99.874819,12.061085],[99.874657,12.061021],[99.8748189022545,12.061085007868058]]],[[[99.893674,12.059149],[99.894124,12.059849],[99.893912,12.061631],[99.891996,12.062371],[99.888822,12.062259],[99.887872,12.061941],[99.886732,12.062046],[99.885154,12.061484],[99.88368,12.061595],[99.882053,12.060509],[99.881009,12.061382],[99.878632,12.060687],[99.877218,12.060561],[99.875542,12.061224],[99.872558,12.061267],[99.872009,12.055633],[99.865632,12.049439],[99.863504,12.049194],[99.849343,12.05924],[99.840131,12.062321],[99.837529,12.062495],[99.829339,12.0667],[99.829382,12.070567],[99.830022,12.070754],[99.829853,12.070937],[99.83171,12.071247],[99.828859,12.074827],[99.834034,12.084712],[99.830341,12.090527],[99.838014,12.092501],[99.838149,12.093569],[99.839152,12.093827],[99.839164,12.094862],[99.840167,12.09512],[99.840178,12.096156],[99.843195,12.096932],[99.845607,12.098053],[99.857188,12.097542],[99.858898,12.097941],[99.859763,12.098497],[99.846101,12.098576],[99.861168,12.098489],[99.861496,12.098981],[99.862272,12.098849],[99.864474,12.099791],[99.864764,12.097859],[99.865705,12.098329],[99.865861,12.097289],[99.866801,12.097759],[99.86713,12.096806],[99.868701,12.097591],[99.871222,12.101826],[99.873093,12.094845],[99.873115,12.090158],[99.878101,12.080182],[99.879441,12.070648],[99.881082,12.06979],[99.880446,12.066765],[99.891295,12.066495],[99.894971,12.064962],[99.895783,12.062618],[99.893847,12.059231],[99.893674,12.059149]]]]},"bbox":[99.828859,12.049194,99.895783,12.101826]},{"type":"Feature","id":"f5a37a5d-3f95-4f14-a9eb-fa53ab71d459","properties":{"id":"f5a37a5d-3f95-4f14-a9eb-fa53ab71d459","code":"05770301","provinceCode":"77","nameTh":"เทศบาลตำบล ทับสะแก","nameEn":null,"geometryType":"MUNICIPALITY","sourceUrl":"https://landometer.com/api/v2/citymeter-v3/grocery/info/geom/f5a37a5d-3f95-4f14-a9eb-fa53ab71d459/MUNICIPALITY","sourceSha256":"e8b65ef55cc4a190f9631012dc3c09f2995ead880045337500f97af927255210","retrievedAt":"2026-10-04T05:44:23.563260+00:00","boundaryVintage":null,"geometryStatus":"native_source_polygon_display_simplified","simplificationToleranceDegrees":0.00015,"simplificationPreservesTopology":true,"invalidSourceRepair":"make_valid; retain polygonal components; discard zero-area collapsed lines","legalBoundaryIndependentlyVerified":false,"areaId":"f5a37a5d-3f95-4f14-a9eb-fa53ab71d459"},"geometry":{"type":"Polygon","coordinates":[[[99.618254,11.507891],[99.619869,11.506531],[99.623705,11.504698],[99.628981,11.504748],[99.629697,11.502519],[99.631847,11.502561],[99.630164,11.499907],[99.631278,11.49666],[99.631815,11.498174],[99.63208,11.497403],[99.630984,11.491215],[99.628224,11.49013],[99.625422,11.492961],[99.6225,11.490917],[99.619873,11.491518],[99.618788,11.493746],[99.615172,11.49402],[99.612946,11.498681],[99.614313,11.500403],[99.611566,11.502312],[99.607552,11.5008],[99.60721,11.497755],[99.603068,11.496028],[99.598629,11.497333],[99.597935,11.504549],[99.602835,11.519421],[99.601672,11.523409],[99.601777,11.524328],[99.601946,11.524312],[99.602181,11.52314],[99.605867,11.521193],[99.609376,11.52019],[99.610058,11.516136],[99.617481,11.513887],[99.618254,11.507891]]]},"bbox":[99.597935,11.49013,99.63208,11.524328]},{"type":"Feature","id":"259ec492-2a2e-4f77-8753-74327ea79a4e","properties":{"id":"259ec492-2a2e-4f77-8753-74327ea79a4e","code":"05770401","provinceCode":"77","nameTh":"เทศบาลตำบล กำเนิดนพคุณ","nameEn":null,"geometryType":"MUNICIPALITY","sourceUrl":"https://landometer.com/api/v2/citymeter-v3/grocery/info/geom/259ec492-2a2e-4f77-8753-74327ea79a4e/MUNICIPALITY","sourceSha256":"df81cdc179bac0d2256030bcb79eef86b300ef6d1d65344435acc27931dd066e","retrievedAt":"2026-10-04T05:44:23.553066+00:00","boundaryVintage":null,"geometryStatus":"native_source_polygon_display_simplified","simplificationToleranceDegrees":0.00015,"simplificationPreservesTopology":true,"invalidSourceRepair":"make_valid; retain polygonal components; discard zero-area collapsed lines","legalBoundaryIndependentlyVerified":false,"areaId":"259ec492-2a2e-4f77-8753-74327ea79a4e"},"geometry":{"type":"Polygon","coordinates":[[[99.511328,11.209517],[99.510946,11.208719],[99.510325,11.209171],[99.510766,11.206229],[99.507469,11.20439],[99.507629,11.208363],[99.503218,11.211794],[99.505237,11.214789],[99.504159,11.215865],[99.506004,11.216216],[99.505331,11.217576],[99.50383,11.219001],[99.499178,11.215661],[99.496124,11.218389],[99.496095,11.221274],[99.496422,11.221162],[99.498034,11.225146],[99.50196499135365,11.223742074516554],[99.501538,11.227422],[99.509152,11.2257],[99.511108,11.223379],[99.509722,11.216523],[99.512687,11.214675],[99.511328,11.209517]],[[99.501965,11.223742],[99.50229,11.223626],[99.50196499135365,11.223742074516554],[99.501965,11.223742]],[[99.51049022739714,11.21008194516665],[99.511363,11.209652],[99.512658,11.214613],[99.51049022739714,11.21008194516665]],[[99.51049,11.210082],[99.510385,11.209862],[99.51049022739714,11.21008194516665],[99.51049,11.210082]]]},"bbox":[99.496095,11.20439,99.512687,11.227422]},{"type":"Feature","id":"4336479a-7fcd-4851-89d1-2b504ebbb0e1","properties":{"id":"4336479a-7fcd-4851-89d1-2b504ebbb0e1","code":"05770402","provinceCode":"77","nameTh":"เทศบาลตำบล บ้านกรูด","nameEn":null,"geometryType":"MUNICIPALITY","sourceUrl":"https://landometer.com/api/v2/citymeter-v3/grocery/info/geom/4336479a-7fcd-4851-89d1-2b504ebbb0e1/MUNICIPALITY","sourceSha256":"842cffc376def5ab4df3d3ce354c7ab09fe406fa5833624d1f9a1f1e361fe89a","retrievedAt":"2026-10-04T05:44:23.553152+00:00","boundaryVintage":null,"geometryStatus":"native_source_polygon_display_simplified","simplificationToleranceDegrees":0.00015,"simplificationPreservesTopology":true,"invalidSourceRepair":"make_valid; retain polygonal components; discard zero-area collapsed lines","legalBoundaryIndependentlyVerified":false,"areaId":"4336479a-7fcd-4851-89d1-2b504ebbb0e1"},"geometry":{"type":"Polygon","coordinates":[[[99.566304,11.381284],[99.568692,11.379087],[99.570246,11.380282],[99.572582,11.376871],[99.573673,11.370427],[99.571279,11.368507],[99.575996,11.363822],[99.573428,11.363483],[99.573858,11.360317],[99.576651,11.359621],[99.575061,11.359131],[99.573535,11.3583],[99.57095,11.3559],[99.569452,11.353903],[99.566981,11.349878],[99.564108,11.344275],[99.560738,11.336835],[99.5587,11.33125],[99.55592,11.321931],[99.5392,11.326473],[99.559434,11.388368],[99.56276,11.384581],[99.56486,11.38498],[99.567047,11.382645],[99.566304,11.381284]]]},"bbox":[99.5392,11.321931,99.576651,11.388368]},{"type":"Feature","id":"13ac1ab7-b9ad-4106-9e6e-a39eaa0a6335","properties":{"id":"13ac1ab7-b9ad-4106-9e6e-a39eaa0a6335","code":"05770403","provinceCode":"77","nameTh":"เทศบาลตำบล ร่อนทอง","nameEn":null,"geometryType":"MUNICIPALITY","sourceUrl":"https://landometer.com/api/v2/citymeter-v3/grocery/info/geom/13ac1ab7-b9ad-4106-9e6e-a39eaa0a6335/MUNICIPALITY","sourceSha256":"4526e31ab6c048c2e15239efe4dc82a6a5b247147e8ca30f93ce7d195b861e5e","retrievedAt":"2026-10-04T05:44:23.621905+00:00","boundaryVintage":null,"geometryStatus":"native_source_polygon_display_simplified","simplificationToleranceDegrees":0.00015,"simplificationPreservesTopology":true,"invalidSourceRepair":"make_valid; retain polygonal components; discard zero-area collapsed lines","legalBoundaryIndependentlyVerified":false,"areaId":"13ac1ab7-b9ad-4106-9e6e-a39eaa0a6335"},"geometry":{"type":"Polygon","coordinates":[[[99.458717,11.292206],[99.461686,11.283912],[99.460518,11.282167],[99.466613,11.2768],[99.464866,11.27251],[99.468323,11.268028],[99.466726,11.264848],[99.469522,11.262042],[99.46593,11.257268],[99.468062,11.249875],[99.469434,11.249302],[99.46836,11.248579],[99.473758,11.246005],[99.473507,11.243022],[99.475181,11.242819],[99.477611,11.236297],[99.474203,11.237262],[99.471753,11.23548],[99.46253,11.23603],[99.459875,11.2334],[99.458333,11.228683],[99.455646,11.230741],[99.456522,11.23312],[99.455277,11.234507],[99.450619,11.230679],[99.447028,11.231132],[99.444047,11.239462],[99.435093,11.240469],[99.433098,11.244084],[99.430977,11.244224],[99.430789,11.242088],[99.425485,11.243608],[99.425399,11.244601],[99.425042,11.244699],[99.425123,11.24364],[99.422075,11.283229],[99.429037,11.296484],[99.427826,11.299437],[99.429659,11.303058],[99.428436,11.305679],[99.429379,11.311415],[99.458717,11.292206]]]},"bbox":[99.422075,11.228683,99.477611,11.311415]},{"type":"Feature","id":"e60bc79e-9b64-45e7-80c7-1386f22d9e0c","properties":{"id":"e60bc79e-9b64-45e7-80c7-1386f22d9e0c","code":"05770501","provinceCode":"77","nameTh":"เทศบาลตำบล บางสะพานน้อย","nameEn":null,"geometryType":"MUNICIPALITY","sourceUrl":"https://landometer.com/api/v2/citymeter-v3/grocery/info/geom/e60bc79e-9b64-45e7-80c7-1386f22d9e0c/MUNICIPALITY","sourceSha256":"6d47fa99e8a61ee09ea772d9ae5568171d1d08dbd36b829f0497dddd1755119e","retrievedAt":"2026-10-04T05:44:23.621986+00:00","boundaryVintage":null,"geometryStatus":"native_source_polygon_display_simplified","simplificationToleranceDegrees":0.00015,"simplificationPreservesTopology":true,"invalidSourceRepair":"make_valid; retain polygonal components; discard zero-area collapsed lines","legalBoundaryIndependentlyVerified":false,"areaId":"e60bc79e-9b64-45e7-80c7-1386f22d9e0c"},"geometry":{"type":"MultiPolygon","coordinates":[[[[99.489579,11.097446],[99.491226,11.091655],[99.491327,11.090333],[99.490947,11.089891],[99.490962,11.091278],[99.490787,11.091359],[99.490726,11.089752],[99.49137394344564,11.08910505655435],[99.485816,11.087604],[99.477724,11.082666],[99.476521,11.07734],[99.47251,11.076621],[99.4727,11.071577],[99.462828,11.071311],[99.439857,11.075108],[99.439219,11.079427],[99.446677,11.095833],[99.454751,11.092509],[99.453049,11.090177],[99.462002,11.08926],[99.463742,11.09125],[99.465325,11.09054],[99.471486,11.093021],[99.471113,11.095419],[99.473718,11.097362],[99.489579,11.097446]]],[[[99.491374,11.089105],[99.49137394344564,11.08910505655435],[99.492429,11.08939],[99.491374,11.089105]]]]},"bbox":[99.439219,11.071311,99.492429,11.097446]},{"type":"Feature","id":"11db8aef-4895-4426-bac2-1f2e356d864c","properties":{"id":"11db8aef-4895-4426-bac2-1f2e356d864c","code":"05770601","provinceCode":"77","nameTh":"เทศบาลตำบล เขาน้อย","nameEn":null,"geometryType":"MUNICIPALITY","sourceUrl":"https://landometer.com/api/v2/citymeter-v3/grocery/info/geom/11db8aef-4895-4426-bac2-1f2e356d864c/MUNICIPALITY","sourceSha256":"6c72a2a9cc3c75d27a5ba366789181a49bd3634c79bbf65ad2090d71b24ea9e8","retrievedAt":"2026-10-04T05:44:23.640037+00:00","boundaryVintage":null,"geometryStatus":"native_source_polygon_display_simplified","simplificationToleranceDegrees":0.00015,"simplificationPreservesTopology":true,"invalidSourceRepair":"make_valid; retain polygonal components; discard zero-area collapsed lines","legalBoundaryIndependentlyVerified":false,"areaId":"11db8aef-4895-4426-bac2-1f2e356d864c"},"geometry":{"type":"Polygon","coordinates":[[[99.917403,12.378685],[99.916437,12.376041],[99.914521,12.376882],[99.910697,12.373752],[99.909306,12.374556],[99.908736,12.377266],[99.910625,12.378517],[99.911267,12.382834],[99.91319,12.383498],[99.911353,12.385157],[99.910925,12.390504],[99.907814,12.392898],[99.907594,12.395652],[99.902518,12.394563],[99.901376,12.402779],[99.898218,12.403685],[99.896522,12.405536],[99.891171,12.406498],[99.889367,12.404139],[99.890634,12.400709],[99.884343,12.40051],[99.884335,12.402414],[99.887668,12.403428],[99.888039,12.406061],[99.878143,12.410612],[99.87707,12.408336],[99.879296,12.405293],[99.875823,12.403047],[99.875282,12.394559],[99.870235,12.395719],[99.872369,12.402236],[99.870538,12.402596],[99.867444,12.407512],[99.86466,12.399668],[99.862857,12.399579],[99.858894,12.403487],[99.858537,12.401735],[99.856875,12.401605],[99.857316,12.405024],[99.86085,12.406207],[99.857376,12.407684],[99.856893,12.410686],[99.854158,12.409925],[99.853557,12.411554],[99.847893,12.412672],[99.847816,12.418813],[99.845933,12.423978],[99.843973,12.425282],[99.842386,12.422565],[99.837078,12.42448],[99.831909,12.417584],[99.829663,12.417766],[99.831976,12.423324],[99.826193,12.424419],[99.826109,12.42596],[99.827975,12.425628],[99.830209,12.427738],[99.827827,12.429614],[99.826937,12.433065],[99.831053,12.433783],[99.837433,12.444927],[99.832657,12.446888],[99.833882,12.449949],[99.83217,12.456607],[99.823301,12.457347],[99.818295,12.468038],[99.822936,12.466422],[99.82322,12.465685],[99.831293,12.463065],[99.833196,12.461889],[99.835959,12.460797],[99.849671,12.455848],[99.887416,12.455946],[99.887536,12.449658],[99.883832,12.449686],[99.883594,12.446333],[99.88792,12.438743],[99.894328,12.434111],[99.90026,12.425487],[99.915218,12.418884],[99.916996,12.416641],[99.924476,12.415761],[99.922039,12.398884],[99.925996,12.397755],[99.92822,12.39427],[99.925335,12.389286],[99.917664,12.383024],[99.917403,12.378685]]]},"bbox":[99.818295,12.373752,99.92822,12.468038]},{"type":"Feature","id":"125ea140-3899-42f3-ad3d-e6759d9e9320","properties":{"id":"125ea140-3899-42f3-ad3d-e6759d9e9320","code":"05770602","provinceCode":"77","nameTh":"เทศบาลตำบล ปากน้ำปราณ","nameEn":null,"geometryType":"MUNICIPALITY","sourceUrl":"https://landometer.com/api/v2/citymeter-v3/grocery/info/geom/125ea140-3899-42f3-ad3d-e6759d9e9320/MUNICIPALITY","sourceSha256":"859c93f59d469a222039835d266c11a6b6937bb6cfcdef342ed058fbad32c2e2","retrievedAt":"2026-10-04T05:44:23.628911+00:00","boundaryVintage":null,"geometryStatus":"native_source_polygon_display_simplified","simplificationToleranceDegrees":0.00015,"simplificationPreservesTopology":true,"invalidSourceRepair":"make_valid; retain polygonal components; discard zero-area collapsed lines","legalBoundaryIndependentlyVerified":false,"areaId":"125ea140-3899-42f3-ad3d-e6759d9e9320"},"geometry":{"type":"Polygon","coordinates":[[[99.991461,12.411146],[99.992296,12.410352],[99.99494,12.414324],[99.995148,12.414339],[99.992506,12.410242],[99.994459,12.405643],[99.994957,12.401396],[99.99477,12.400249],[99.995291,12.396912],[99.996007,12.395059],[99.986124,12.390308],[99.979406,12.392644],[99.984588,12.403923],[99.991461,12.411146]]]},"bbox":[99.979406,12.390308,99.996007,12.414387]},{"type":"Feature","id":"3e4f7c4c-7834-4c5c-a542-cbdc13be8edc","properties":{"id":"3e4f7c4c-7834-4c5c-a542-cbdc13be8edc","code":"05770603","provinceCode":"77","nameTh":"เทศบาลตำบล ปราณบุรี","nameEn":null,"geometryType":"MUNICIPALITY","sourceUrl":"https://landometer.com/api/v2/citymeter-v3/grocery/info/geom/3e4f7c4c-7834-4c5c-a542-cbdc13be8edc/MUNICIPALITY","sourceSha256":"5eb16a3c8a12eb3478519d3b672f04ce6ca9211035f7fdf795208a847d471f3f","retrievedAt":"2026-10-04T05:44:23.629857+00:00","boundaryVintage":null,"geometryStatus":"native_source_polygon_display_simplified","simplificationToleranceDegrees":0.00015,"simplificationPreservesTopology":true,"invalidSourceRepair":"make_valid; retain polygonal components; discard zero-area collapsed lines","legalBoundaryIndependentlyVerified":false,"areaId":"3e4f7c4c-7834-4c5c-a542-cbdc13be8edc"},"geometry":{"type":"Polygon","coordinates":[[[99.901376,12.402779],[99.902518,12.394563],[99.907594,12.395652],[99.907814,12.392898],[99.910925,12.390504],[99.911353,12.385157],[99.91319,12.383498],[99.911267,12.382834],[99.910625,12.378517],[99.908736,12.377266],[99.909306,12.374556],[99.910697,12.373752],[99.914521,12.376882],[99.916437,12.376041],[99.917384,12.378681],[99.920396,12.379363],[99.921096,12.378055],[99.923897,12.381123],[99.93054,12.38279],[99.935721,12.370081],[99.934304,12.365092],[99.905382,12.363962],[99.888646,12.376943],[99.871097,12.379815],[99.871479,12.385146],[99.875282,12.394559],[99.875823,12.403047],[99.879296,12.405293],[99.87707,12.408336],[99.878143,12.410612],[99.888039,12.406061],[99.887668,12.403428],[99.884335,12.402414],[99.884343,12.40051],[99.890634,12.400709],[99.889367,12.404139],[99.891171,12.406498],[99.896522,12.405536],[99.898218,12.403685],[99.901376,12.402779]]]},"bbox":[99.871097,12.363962,99.935721,12.410612]},{"type":"Feature","id":"121d48c2-71f7-42cb-bc85-5b87322b0728","properties":{"id":"121d48c2-71f7-42cb-bc85-5b87322b0728","code":"05770702","provinceCode":"77","nameTh":"เทศบาลตำบล หนองพลับ","nameEn":null,"geometryType":"MUNICIPALITY","sourceUrl":"https://landometer.com/api/v2/citymeter-v3/grocery/info/geom/121d48c2-71f7-42cb-bc85-5b87322b0728/MUNICIPALITY","sourceSha256":"e434c3a298ec870f02692f259f61409bddb81546f449eed6acb7a7db39d6c3bc","retrievedAt":"2026-10-04T05:44:23.643213+00:00","boundaryVintage":null,"geometryStatus":"native_source_polygon_display_simplified","simplificationToleranceDegrees":0.00015,"simplificationPreservesTopology":true,"invalidSourceRepair":"make_valid; retain polygonal components; discard zero-area collapsed lines","legalBoundaryIndependentlyVerified":false,"areaId":"121d48c2-71f7-42cb-bc85-5b87322b0728"},"geometry":{"type":"Polygon","coordinates":[[[99.784058,12.600908],[99.783885,12.599443],[99.788086,12.598657],[99.787777,12.596147],[99.792441,12.594497],[99.790268,12.590345],[99.788619,12.591412],[99.78892,12.588719],[99.774391,12.590064],[99.771149,12.587355],[99.765849,12.589451],[99.764643,12.591464],[99.760135,12.585896],[99.73194,12.585272],[99.730201,12.583735],[99.719542,12.584333],[99.72005,12.590696],[99.728009,12.602994],[99.745114,12.602673],[99.757664,12.600591],[99.771418,12.611503],[99.776882,12.605559],[99.784058,12.600908]]]},"bbox":[99.719542,12.583735,99.792441,12.611503]},{"type":"Feature","id":"03ff74ac-84b7-4b2f-9faf-3e508df4b600","properties":{"id":"03ff74ac-84b7-4b2f-9faf-3e508df4b600","code":"05770801","provinceCode":"77","nameTh":"เทศบาลตำบล ไร่เก่า","nameEn":null,"geometryType":"MUNICIPALITY","sourceUrl":"https://landometer.com/api/v2/citymeter-v3/grocery/info/geom/03ff74ac-84b7-4b2f-9faf-3e508df4b600/MUNICIPALITY","sourceSha256":"31d02266ddaa3a387583db568be6b2c75ecd0196c2b3389a237c29c2c71fa369","retrievedAt":"2026-10-04T05:44:23.634379+00:00","boundaryVintage":null,"geometryStatus":"native_source_polygon_display_simplified","simplificationToleranceDegrees":0.00015,"simplificationPreservesTopology":true,"invalidSourceRepair":"make_valid; retain polygonal components; discard zero-area collapsed lines","legalBoundaryIndependentlyVerified":false,"areaId":"03ff74ac-84b7-4b2f-9faf-3e508df4b600"},"geometry":{"type":"MultiPolygon","coordinates":[[[[99.870621,12.25148],[99.875228,12.253053],[99.883403,12.251534],[99.88405,12.251729],[99.887374,12.24979],[99.88478,12.223752],[99.8817,12.215238],[99.885805,12.213877],[99.88351,12.205791],[99.872234,12.210255],[99.866463,12.209757],[99.851282,12.215489],[99.857794,12.241556],[99.859109,12.241041],[99.862952,12.255615],[99.869435,12.252705],[99.870621,12.25148]]],[[[99.886127,12.236349],[99.887374,12.24979],[99.886038,12.235381],[99.886127,12.236349]]],[[[99.88593,12.234385],[99.886038,12.235381],[99.88478,12.223752],[99.88593,12.234385]]]]},"bbox":[99.851282,12.205791,99.887374,12.255615]},{"type":"Feature","id":"a6cd34cc-484a-4596-a0dc-989d789d72fe","properties":{"id":"a6cd34cc-484a-4596-a0dc-989d789d72fe","code":"05770807","provinceCode":"77","nameTh":"เทศบาลตำบล ไร่ใหม่","nameEn":null,"geometryType":"MUNICIPALITY","sourceUrl":"https://landometer.com/api/v2/citymeter-v3/grocery/info/geom/a6cd34cc-484a-4596-a0dc-989d789d72fe/MUNICIPALITY","sourceSha256":"2b876b0714c0642b9ce0ab6ec94cf4e8c2eb567bde3069cdba581072bfa65a86","retrievedAt":"2026-10-04T05:44:23.653815+00:00","boundaryVintage":null,"geometryStatus":"native_source_polygon_display_simplified","simplificationToleranceDegrees":0.00015,"simplificationPreservesTopology":true,"invalidSourceRepair":"make_valid; retain polygonal components; discard zero-area collapsed lines","legalBoundaryIndependentlyVerified":false,"areaId":"a6cd34cc-484a-4596-a0dc-989d789d72fe"},"geometry":{"type":"Polygon","coordinates":[[[99.851282,12.215489],[99.866463,12.209757],[99.872234,12.210255],[99.87979,12.207264],[99.878863,12.207487],[99.868725,12.180632],[99.869528,12.180169],[99.869073,12.178685],[99.868142,12.179069],[99.867572,12.17754],[99.858198,12.179173],[99.848313,12.182033],[99.851222,12.188834],[99.849185,12.189783],[99.847502,12.191865],[99.842222,12.195363],[99.841203,12.195409],[99.839405,12.195942],[99.83737,12.195742],[99.835181,12.196119],[99.833143,12.195754],[99.831963,12.196959],[99.828892,12.198478],[99.828261,12.196246],[99.826279,12.1972],[99.823784,12.195401],[99.822782,12.194003],[99.8231,12.192136],[99.822716,12.192156],[99.82204,12.192771],[99.821732,12.193701],[99.821284,12.193739],[99.82067,12.194393],[99.819603,12.194716],[99.818748,12.195437],[99.818358,12.195103],[99.817629,12.195607],[99.817817,12.196092],[99.817389,12.196669],[99.820989,12.194268],[99.820417,12.1952],[99.818677,12.201534],[99.810146,12.208017],[99.809606,12.212276],[99.823728,12.219372],[99.828682,12.219898],[99.83121,12.22212],[99.845658,12.219551],[99.851282,12.215489]]]},"bbox":[99.809606,12.17754,99.879796,12.22212]},{"type":"Feature","id":"26d16d17-9ac5-4113-b589-3ad868ae6c3e","properties":{"id":"26d16d17-9ac5-4113-b589-3ad868ae6c3e","code":"06770105","provinceCode":"77","nameTh":"องค์การบริหารส่วนตำบล เกาะหลัก","nameEn":null,"geometryType":"MUNICIPALITY","sourceUrl":"https://landometer.com/api/v2/citymeter-v3/grocery/info/geom/26d16d17-9ac5-4113-b589-3ad868ae6c3e/MUNICIPALITY","sourceSha256":"b0868079d6c63ffed27937075df71d9bdfbaa9eee8eb2ada48381b5e529b726f","retrievedAt":"2026-10-04T05:44:23.846087+00:00","boundaryVintage":null,"geometryStatus":"native_source_polygon_display_simplified","simplificationToleranceDegrees":0.00015,"simplificationPreservesTopology":true,"invalidSourceRepair":"make_valid; retain polygonal components; discard zero-area collapsed lines","legalBoundaryIndependentlyVerified":false,"areaId":"26d16d17-9ac5-4113-b589-3ad868ae6c3e"},"geometry":{"type":"MultiPolygon","coordinates":[[[[99.818339,11.785052],[99.818346,11.78501],[99.81834,11.785045],[99.818339,11.785052]]],[[[99.792155,11.840689],[99.796682,11.838254],[99.789719,11.82658],[99.788858,11.821671],[99.778668,11.822044],[99.77055,11.783468],[99.775695,11.783313],[99.781996,11.787481],[99.789479,11.788695],[99.797698,11.79181],[99.797122,11.793864],[99.802612,11.796605],[99.805288,11.79354],[99.8086,11.790975],[99.810424,11.787982],[99.811558,11.786881],[99.81269,11.786452],[99.813721,11.786374],[99.815375,11.788622],[99.816038,11.788827],[99.816638,11.788589],[99.817547,11.787697],[99.818401,11.784517],[99.818411,11.782498],[99.81814,11.781306],[99.816976,11.7786],[99.81311,11.776822],[99.81341,11.779617],[99.814148,11.781538],[99.814112,11.78326],[99.81382,11.783963],[99.81205,11.78445],[99.809853,11.784478],[99.806934,11.78415],[99.804123,11.782903],[99.801467,11.780838],[99.799122,11.778143],[99.79716,11.774683],[99.796211,11.772262],[99.795657,11.769167],[99.795741,11.767291],[99.796401,11.765534],[99.796847,11.764914],[99.797516,11.764563],[99.798775,11.765618],[99.799674,11.764625],[99.800685,11.76536],[99.801893,11.76503],[99.802775,11.762691],[99.802643,11.762106],[99.804369,11.761112],[99.804496,11.760849],[99.804496,11.760706],[99.80447,11.760566],[99.795812,11.762105],[99.795449,11.761064],[99.785088,11.761196],[99.777322,11.765128],[99.776011,11.769514],[99.778156,11.769479],[99.778048,11.771912],[99.775633,11.774972],[99.759326,11.772602],[99.753408,11.778261],[99.746438,11.782035],[99.742191,11.779752],[99.72666,11.783233],[99.724289,11.780651],[99.721424,11.78316],[99.716541,11.78116],[99.715075,11.781454],[99.713576,11.778993],[99.702982,11.775606],[99.697537,11.775667],[99.69292,11.779101],[99.690165,11.776531],[99.68548,11.783616],[99.6472,11.797087],[99.647335,11.799416],[99.647991,11.802512],[99.650605,11.810777],[99.650572,11.811414],[99.651903,11.812528],[99.653423,11.813343],[99.657103,11.811883],[99.658684,11.810803],[99.658997,11.810916],[99.659128,11.81133],[99.658613,11.8128],[99.658657,11.813371],[99.659037,11.813224],[99.660432,11.815102],[99.660198,11.816487],[99.660513,11.82035],[99.661047,11.820885],[99.664906,11.82302],[99.664917,11.823202],[99.663743,11.823851],[99.662763,11.825236],[99.660188,11.827819],[99.658765,11.828835],[99.663286,11.828223],[99.688461,11.837007],[99.701787,11.835163],[99.705421,11.839174],[99.712818,11.841512],[99.720534,11.839297],[99.729768,11.84113],[99.729911,11.844006],[99.734015,11.839277],[99.738445,11.841672],[99.738975,11.844529],[99.748733,11.841845],[99.74864,11.845673],[99.760127,11.843817],[99.760748,11.845192],[99.767928,11.846332],[99.770288,11.84458],[99.770272,11.846145],[99.776391,11.845785],[99.776423,11.845542],[99.778514,11.844261],[99.779225,11.84036],[99.788071,11.839087],[99.792155,11.840689]]]]},"bbox":[99.6472,11.760566,99.818413,11.846332]},{"type":"Feature","id":"fa3abee0-f003-4465-8069-4596d90fdf38","properties":{"id":"fa3abee0-f003-4465-8069-4596d90fdf38","code":"06770106","provinceCode":"77","nameTh":"องค์การบริหารส่วนตำบล คลองวาฬ","nameEn":null,"geometryType":"MUNICIPALITY","sourceUrl":"https://landometer.com/api/v2/citymeter-v3/grocery/info/geom/fa3abee0-f003-4465-8069-4596d90fdf38/MUNICIPALITY","sourceSha256":"b3da95ecc509d41046474e3aa9258103684f542c78a9f087c57ffbca57741c40","retrievedAt":"2026-10-04T05:44:23.712668+00:00","boundaryVintage":null,"geometryStatus":"native_source_polygon_display_simplified","simplificationToleranceDegrees":0.00015,"simplificationPreservesTopology":true,"invalidSourceRepair":"make_valid; retain polygonal components; discard zero-area collapsed lines","legalBoundaryIndependentlyVerified":false,"areaId":"fa3abee0-f003-4465-8069-4596d90fdf38"},"geometry":{"type":"MultiPolygon","coordinates":[[[[99.746678,11.706428],[99.74671272471645,11.706462724716447],[99.746713,11.706462],[99.746678,11.706428]]],[[[99.716541,11.78116],[99.721424,11.78316],[99.724289,11.780651],[99.72666,11.783233],[99.742191,11.779752],[99.746438,11.782035],[99.753408,11.778261],[99.759326,11.772602],[99.775633,11.774972],[99.778048,11.771912],[99.778156,11.769479],[99.776011,11.769514],[99.777322,11.765128],[99.785088,11.761196],[99.795449,11.761064],[99.795812,11.762105],[99.804489,11.760672],[99.804024,11.759581],[99.804265,11.758472],[99.804179,11.757759],[99.803895,11.75763],[99.803887,11.756803],[99.804131,11.756344],[99.80388,11.755663],[99.804046,11.755346],[99.80373,11.754961],[99.80382,11.754062],[99.803364,11.75364],[99.802704,11.753511],[99.802695,11.752639],[99.802856,11.752401],[99.803171,11.75247],[99.80359,11.751784],[99.803851,11.751956],[99.804252,11.751514],[99.804157,11.750478],[99.804773,11.75055],[99.805224,11.749338],[99.805265,11.748459],[99.806327,11.747529],[99.806831,11.745328],[99.807765,11.745272],[99.808922,11.743513],[99.810085,11.742667],[99.810595,11.741219],[99.810949,11.741265],[99.810689,11.739995],[99.811072,11.738842],[99.810896,11.738256],[99.811167,11.737956],[99.809572,11.736743],[99.808882,11.737161],[99.80829,11.736617],[99.80814,11.736956],[99.807599,11.736862],[99.807191,11.737333],[99.806263,11.736507],[99.806442,11.737295],[99.807073,11.738335],[99.807053,11.739126],[99.807632,11.739786],[99.806402,11.740815],[99.805627,11.741117],[99.804825,11.741034],[99.804235,11.740217],[99.802809,11.740011],[99.801586,11.738993],[99.800783,11.738672],[99.798984,11.739395],[99.79838,11.740164],[99.798322,11.741098],[99.797504,11.743172],[99.797312,11.74438],[99.797512,11.744849],[99.797222,11.745367],[99.796199,11.745385],[99.79532,11.743981],[99.794389,11.743559],[99.793065,11.744108],[99.792612,11.744873],[99.792538,11.745539],[99.792221,11.745559],[99.793895,11.757164],[99.776698,11.741656],[99.777596,11.74035],[99.774572,11.731642],[99.756601,11.716106],[99.74671272471645,11.706462724716447],[99.745548,11.709529],[99.746548,11.713216],[99.742207,11.715132],[99.739516,11.714279],[99.739303,11.717504],[99.732771,11.722247],[99.733493,11.723283],[99.731772,11.724964],[99.721888,11.726538],[99.719223,11.726079],[99.71701,11.727908],[99.715676,11.729832],[99.71543,11.735331],[99.713556,11.734594],[99.712306,11.737231],[99.70705,11.740948],[99.707803,11.747221],[99.697561,11.751053],[99.68303,11.750003],[99.673275,11.760483],[99.666331,11.760714],[99.655227,11.768],[99.643832,11.769848],[99.643889,11.770797],[99.643474,11.770646],[99.643294,11.771535],[99.644227,11.773019],[99.644547,11.774268],[99.643574,11.774885],[99.641844,11.776876],[99.641236,11.778318],[99.641488,11.78013],[99.643041,11.783572],[99.643279,11.784656],[99.642481,11.787617],[99.641407,11.788792],[99.641273,11.789463],[99.641502,11.790623],[99.642104,11.791158],[99.645046,11.790546],[99.646284,11.793225],[99.647198,11.796384],[99.6472,11.797087],[99.68548,11.783616],[99.690165,11.776531],[99.69292,11.779101],[99.697537,11.775667],[99.702982,11.775606],[99.713576,11.778993],[99.715075,11.781454],[99.716541,11.78116]]]]},"bbox":[99.641203,11.706428,99.8112,11.797087]},{"type":"Feature","id":"c9a4ee24-7d41-449d-82b3-833492efa7b1","properties":{"id":"c9a4ee24-7d41-449d-82b3-833492efa7b1","code":"06770107","provinceCode":"77","nameTh":"องค์การบริหารส่วนตำบล บ่อนอก","nameEn":null,"geometryType":"MUNICIPALITY","sourceUrl":"https://landometer.com/api/v2/citymeter-v3/grocery/info/geom/c9a4ee24-7d41-449d-82b3-833492efa7b1/MUNICIPALITY","sourceSha256":"5b1ce5d704b9914f9d75a6e6ba5211527f15f670cb9fc6beb6556e851241fb23","retrievedAt":"2026-10-04T05:44:23.848034+00:00","boundaryVintage":null,"geometryStatus":"native_source_polygon_display_simplified","simplificationToleranceDegrees":0.00015,"simplificationPreservesTopology":true,"invalidSourceRepair":"make_valid; retain polygonal components; discard zero-area collapsed lines","legalBoundaryIndependentlyVerified":false,"areaId":"c9a4ee24-7d41-449d-82b3-833492efa7b1"},"geometry":{"type":"Polygon","coordinates":[[[99.889923,12.057894],[99.889844,12.056652],[99.890982,12.056304],[99.891059,12.055527],[99.890396,12.054477],[99.890457,12.054033],[99.891118,12.053154],[99.892116,12.054406],[99.892781,12.05458],[99.894889,12.053395],[99.895715,12.053395],[99.896317,12.05481],[99.896907,12.055304],[99.89953,12.054279],[99.900046,12.053746],[99.900089,12.053158],[99.89818,12.053161],[99.898018,12.050991],[99.899973,12.050659],[99.900589,12.0499],[99.901708,12.04999],[99.902459,12.048279],[99.901561,12.046802],[99.902523,12.046082],[99.902893,12.045234],[99.904812,12.044264],[99.905412,12.043594],[99.905892,12.04232],[99.908068,12.042565],[99.909515,12.043409],[99.909573,12.042762],[99.907521,12.04046],[99.895962,12.029046],[99.883301,12.015695],[99.867922,11.998954],[99.866304,11.996944],[99.863448,11.992529],[99.858733,11.986477],[99.851165,11.975729],[99.842597,11.961849],[99.83351,11.943994],[99.827884,11.931216],[99.824521,11.929435],[99.821281,11.930245],[99.816677,11.935422],[99.813749,11.93542],[99.8108,11.943618],[99.80343,11.946237],[99.797945,11.950386],[99.792076,11.949966],[99.788561,11.947126],[99.781486,11.945574],[99.779751,11.942581],[99.768011,11.944694],[99.759545,11.95937],[99.753328,11.962658],[99.753829,11.96472],[99.743359,11.965688],[99.734972,11.975166],[99.730092,11.975152],[99.720599,11.978643],[99.658254,11.976662],[99.612229,11.966498],[99.593115,11.956092],[99.592874,11.956658],[99.59206,11.961447],[99.591279,11.963471],[99.591123,11.96471],[99.592245,11.969878],[99.59378,11.971293],[99.593398,11.973192],[99.593322,11.976398],[99.593609,11.977533],[99.596115,11.978484],[99.601839,11.978628],[99.604091,11.979243],[99.606774,11.980568],[99.616145,11.986035],[99.61727,11.98703],[99.620485,11.98774],[99.626738,11.990192],[99.62839,11.991264],[99.629518,11.992391],[99.631754,11.996006],[99.632644,11.996779],[99.633636,11.997202],[99.63986,11.998263],[99.646131,12.001031],[99.651877,12.000835],[99.654062,12.00108],[99.656995,12.00205],[99.660357,12.003848],[99.665422,12.004678],[99.669085,12.007419],[99.677038,12.010163],[99.679716,12.011951],[99.695977,12.018781],[99.701084,12.020663],[99.706341,12.024215],[99.713919,12.025052],[99.723787,12.028314],[99.725729,12.029317],[99.727271,12.030466],[99.729261,12.031228],[99.738992,12.031908],[99.746178,12.034037],[99.748599,12.033962],[99.749184,12.034644],[99.751177,12.034903],[99.751563,12.035242],[99.7527,12.034388],[99.753527,12.034373],[99.754466,12.034831],[99.756534,12.035038],[99.758701,12.034598],[99.759449,12.0349],[99.760511,12.037415],[99.760944,12.036918],[99.762872,12.035799],[99.763209,12.035934],[99.763366,12.036816],[99.763698,12.036852],[99.765175,12.035454],[99.767493,12.034717],[99.767906,12.034311],[99.768786,12.031483],[99.770675,12.031198],[99.771543,12.030482],[99.772548,12.030393],[99.773269,12.030773],[99.7741,12.032608],[99.775591,12.034129],[99.775692,12.035031],[99.777516,12.036559],[99.778329,12.036811],[99.779203,12.0367],[99.779928,12.037397],[99.780676,12.037666],[99.782206,12.037712],[99.783473,12.038156],[99.785045,12.038245],[99.786268,12.038944],[99.787667,12.038158],[99.789112,12.035533],[99.790645,12.033441],[99.793735,12.033168],[99.79446,12.033651],[99.795865,12.033354],[99.796338,12.033891],[99.796932,12.035289],[99.797531,12.035706],[99.798682,12.035944],[99.799419,12.035996],[99.80267,12.035132],[99.803932,12.035258],[99.804815,12.036316],[99.805906,12.036555],[99.806981,12.037675],[99.807691,12.037551],[99.809203,12.038706],[99.810295,12.039044],[99.811249,12.03985],[99.814232,12.039989],[99.817604,12.04071],[99.818535,12.041145],[99.820615,12.04118],[99.822732,12.039936],[99.824127,12.038416],[99.828126,12.037164],[99.831039,12.037053],[99.830705,12.033875],[99.833795,12.034048],[99.836325,12.033625],[99.835889,12.032072],[99.836889,12.031018],[99.837802,12.030685],[99.839317,12.031364],[99.841327,12.031341],[99.843579,12.030249],[99.843186,12.029157],[99.843731,12.028497],[99.84439,12.026782],[99.845255,12.026088],[99.846636,12.024355],[99.848527,12.023401],[99.851355,12.022972],[99.852722,12.021736],[99.853061,12.021833],[99.853402,12.022874],[99.85684,12.022768],[99.858521,12.022157],[99.859257,12.022904],[99.85992,12.024116],[99.862385,12.02263],[99.865988,12.022475],[99.866934,12.025601],[99.871005,12.044615],[99.872557,12.061203],[99.87413,12.060936],[99.875542,12.061224],[99.877218,12.060561],[99.878632,12.060687],[99.881009,12.061382],[99.882053,12.060509],[99.883606,12.061571],[99.885509,12.061521],[99.886732,12.062046],[99.887872,12.061941],[99.888822,12.062259],[99.891806,12.062386],[99.893828,12.061722],[99.894116,12.059756],[99.89339,12.058814],[99.893082,12.05774],[99.892147,12.057079],[99.891681,12.057373],[99.891389,12.058206],[99.890254,12.058197],[99.889923,12.057894]]]},"bbox":[99.591123,11.929435,99.909656,12.062386]},{"type":"Feature","id":"fd22bc25-39e9-4ab2-b242-0e5d86b75e12","properties":{"id":"fd22bc25-39e9-4ab2-b242-0e5d86b75e12","code":"06770108","provinceCode":"77","nameTh":"องค์การบริหารส่วนตำบล ห้วยทราย","nameEn":null,"geometryType":"MUNICIPALITY","sourceUrl":"https://landometer.com/api/v2/citymeter-v3/grocery/info/geom/fd22bc25-39e9-4ab2-b242-0e5d86b75e12/MUNICIPALITY","sourceSha256":"902bc33d1eb08b8df3423a8397bf2e31809a6029fe4dddf8a24b6437eafef1e2","retrievedAt":"2026-10-04T05:44:23.848049+00:00","boundaryVintage":null,"geometryStatus":"native_source_polygon_display_simplified","simplificationToleranceDegrees":0.00015,"simplificationPreservesTopology":true,"invalidSourceRepair":"make_valid; retain polygonal components; discard zero-area collapsed lines","legalBoundaryIndependentlyVerified":false,"areaId":"fd22bc25-39e9-4ab2-b242-0e5d86b75e12"},"geometry":{"type":"Polygon","coordinates":[[[99.70705,11.740948],[99.712306,11.737231],[99.713556,11.734594],[99.71543,11.735331],[99.715676,11.729832],[99.71701,11.727908],[99.719223,11.726079],[99.721888,11.726538],[99.731772,11.724964],[99.733493,11.723283],[99.732771,11.722247],[99.739303,11.717504],[99.739516,11.714279],[99.742207,11.715132],[99.746548,11.713216],[99.745548,11.709529],[99.746713,11.706462],[99.739585,11.698808],[99.734683,11.693128],[99.732102,11.689915],[99.727497,11.683444],[99.724718,11.678889],[99.723141,11.675369],[99.721851,11.671386],[99.721907,11.670405],[99.720501,11.667346],[99.720475,11.666475],[99.7211,11.666047],[99.721089,11.665727],[99.720306,11.66493],[99.71837,11.661637],[99.715394,11.655577],[99.715281,11.65652],[99.714646,11.657669],[99.71466,11.65951],[99.714275,11.660282],[99.712995,11.660442],[99.712524,11.660131],[99.711941,11.660187],[99.711051,11.662484],[99.710072,11.662946],[99.706946,11.665518],[99.705863,11.666009],[99.705437,11.66678],[99.704802,11.666769],[99.704577,11.665495],[99.703659,11.665031],[99.702485,11.665215],[99.702326,11.664595],[99.702737,11.664083],[99.702645,11.663819],[99.701944,11.663821],[99.701023,11.664457],[99.70005,11.664725],[99.699371,11.664506],[99.698835,11.664844],[99.695006,11.664888],[99.693907,11.665206],[99.693638,11.665097],[99.693795,11.664505],[99.693494,11.664055],[99.69223,11.664387],[99.691927,11.663492],[99.690034,11.663249],[99.688838,11.664036],[99.68791,11.665582],[99.687163,11.667571],[99.68617,11.667778],[99.685481,11.667347],[99.684406,11.667269],[99.68402,11.667584],[99.683137,11.667465],[99.682549,11.669332],[99.681364,11.669002],[99.680801,11.669262],[99.680808,11.670178],[99.682126,11.671136],[99.682543,11.671905],[99.682077,11.672729],[99.682233,11.673375],[99.68149,11.674112],[99.681085,11.67418],[99.680717,11.673474],[99.680032,11.673762],[99.679235,11.673612],[99.678621,11.674604],[99.677348,11.675004],[99.676609,11.675801],[99.676326,11.675754],[99.675708,11.674991],[99.673632,11.675181],[99.673111,11.674175],[99.672549,11.673805],[99.671723,11.674277],[99.671008,11.674011],[99.670581,11.674101],[99.670257,11.673328],[99.668971,11.673072],[99.667622,11.672129],[99.665772,11.672036],[99.665067,11.672106],[99.66374,11.672767],[99.661429,11.672811],[99.660821,11.672396],[99.660043,11.672861],[99.660342,11.673665],[99.659701,11.67458],[99.657835,11.675197],[99.656294,11.674464],[99.654301,11.675513],[99.653471,11.675532],[99.653035,11.676242],[99.652211,11.676736],[99.651664,11.675922],[99.651716,11.674596],[99.651072,11.673741],[99.64997,11.673317],[99.649014,11.673404],[99.647781,11.672561],[99.646739,11.672978],[99.645369,11.672339],[99.645796,11.670837],[99.644949,11.669895],[99.644161,11.669649],[99.643632,11.670304],[99.642126,11.670715],[99.641757,11.67023],[99.639673,11.668867],[99.639822,11.66827],[99.637483,11.668258],[99.63573,11.668954],[99.635327,11.670225],[99.634341,11.670696],[99.634094,11.671108],[99.633377,11.671184],[99.63295,11.671995],[99.631039,11.672056],[99.629571,11.673602],[99.628742,11.67351],[99.6281,11.673067],[99.625945,11.673545],[99.62422,11.672916],[99.624102,11.672541],[99.62331,11.672573],[99.622033,11.673508],[99.620818,11.673153],[99.619271,11.67209],[99.6183,11.672725],[99.617551,11.67357],[99.615526,11.673757],[99.615219,11.674818],[99.61468,11.675619],[99.612206,11.677292],[99.611512,11.6773],[99.61108,11.677925],[99.610711,11.677972],[99.610051,11.677538],[99.609075,11.677766],[99.608765,11.678883],[99.607856,11.679638],[99.607575,11.680769],[99.605761,11.682912],[99.604684,11.68321],[99.604145,11.683807],[99.603501,11.683689],[99.602265,11.684997],[99.601338,11.685246],[99.600012,11.685141],[99.598939,11.685752],[99.597724,11.685585],[99.597343,11.685164],[99.596893,11.685165],[99.596436,11.685557],[99.593149,11.686137],[99.588107,11.688256],[99.591363,11.69109],[99.596047,11.693392],[99.597908,11.694806],[99.599282,11.696289],[99.599578,11.696936],[99.59958,11.69765],[99.597988,11.700177],[99.597955,11.700702],[99.598636,11.701282],[99.600239,11.703702],[99.600593,11.705085],[99.601094,11.706],[99.602468,11.707427],[99.603511,11.707726],[99.605193,11.707224],[99.606028,11.707222],[99.607284,11.708835],[99.608603,11.709307],[99.609794,11.71057],[99.610963,11.71135],[99.611371,11.711238],[99.612445,11.709996],[99.614041,11.71019],[99.615672,11.710874],[99.616224,11.713468],[99.617386,11.715871],[99.617901,11.71663],[99.619193,11.717182],[99.620134,11.718422],[99.617991,11.722636],[99.618129,11.723529],[99.619893,11.723422],[99.621466,11.722956],[99.624983,11.723325],[99.626269,11.724082],[99.627586,11.723984],[99.629032,11.724234],[99.630349,11.723883],[99.631122,11.725148],[99.63392,11.726756],[99.634629,11.727894],[99.636427,11.727415],[99.636562,11.730138],[99.637689,11.731243],[99.638109,11.732255],[99.638138,11.737265],[99.638499,11.738043],[99.638316,11.738585],[99.638735,11.739375],[99.638704,11.739691],[99.637775,11.740644],[99.63784,11.741277],[99.638517,11.742162],[99.639683,11.742372],[99.639025,11.743651],[99.637204,11.745285],[99.637017,11.746311],[99.63808,11.746869],[99.638453,11.747331],[99.639907,11.749816],[99.640125,11.751107],[99.638975,11.753251],[99.637442,11.754843],[99.637048,11.756117],[99.637847,11.758806],[99.638485,11.760033],[99.640562,11.761257],[99.640517,11.761771],[99.639456,11.763526],[99.639629,11.764643],[99.642501,11.766669],[99.643694,11.768173],[99.643793,11.769593],[99.643474,11.770646],[99.643889,11.770797],[99.643832,11.769848],[99.655227,11.768],[99.666331,11.760714],[99.673275,11.760483],[99.68303,11.750003],[99.697561,11.751053],[99.707803,11.747221],[99.70705,11.740948]]]},"bbox":[99.588107,11.655577,99.746713,11.770797]},{"type":"Feature","id":"548d4a9d-637c-4466-b7d3-8498b53d4316","properties":{"id":"548d4a9d-637c-4466-b7d3-8498b53d4316","code":"06770109","provinceCode":"77","nameTh":"องค์การบริหารส่วนตำบล อ่าวน้อย","nameEn":null,"geometryType":"MUNICIPALITY","sourceUrl":"https://landometer.com/api/v2/citymeter-v3/grocery/info/geom/548d4a9d-637c-4466-b7d3-8498b53d4316/MUNICIPALITY","sourceSha256":"bd533feef10fd3565f93f7fbaf94274ca21bdc999aded6131d3ebf5d27a9024d","retrievedAt":"2026-10-04T05:44:23.853326+00:00","boundaryVintage":null,"geometryStatus":"native_source_polygon_display_simplified","simplificationToleranceDegrees":0.00015,"simplificationPreservesTopology":true,"invalidSourceRepair":"make_valid; retain polygonal components; discard zero-area collapsed lines","legalBoundaryIndependentlyVerified":false,"areaId":"548d4a9d-637c-4466-b7d3-8498b53d4316"},"geometry":{"type":"MultiPolygon","coordinates":[[[[99.831404,11.828436],[99.829507,11.828237],[99.828804,11.828842],[99.828812,11.831599],[99.828506,11.833674],[99.829401,11.835694],[99.830598,11.837137],[99.829467,11.83848],[99.827319,11.839488],[99.827399,11.842179],[99.818372,11.84242],[99.809182,11.837543],[99.807485,11.840835],[99.803103,11.84319],[99.803609,11.845467],[99.807489,11.84765],[99.80829,11.848438],[99.80822,11.849128],[99.808765,11.850232],[99.804371,11.850599],[99.791943,11.830227],[99.796682,11.838254],[99.792155,11.840689],[99.788071,11.839087],[99.779225,11.84036],[99.778514,11.844261],[99.776423,11.845542],[99.776391,11.845785],[99.770272,11.846145],[99.770288,11.84458],[99.767928,11.846332],[99.760748,11.845192],[99.760127,11.843817],[99.74864,11.845673],[99.748733,11.841845],[99.738975,11.844529],[99.738445,11.841672],[99.734015,11.839277],[99.729911,11.844006],[99.729768,11.84113],[99.720534,11.839297],[99.712818,11.841512],[99.705421,11.839174],[99.701787,11.835163],[99.688461,11.837007],[99.663286,11.828223],[99.658765,11.828835],[99.657304,11.829425],[99.65452,11.8293],[99.652691,11.829793],[99.650112,11.829407],[99.644468,11.827344],[99.642636,11.827364],[99.641436,11.826856],[99.640736,11.8271],[99.639342,11.82692],[99.635412,11.828562],[99.635057,11.831841],[99.633728,11.831542],[99.630235,11.832468],[99.63017,11.83266],[99.630723,11.833297],[99.630594,11.833393],[99.629747,11.833138],[99.628869,11.832147],[99.62482,11.831555],[99.622813,11.832676],[99.622035,11.832646],[99.621485,11.83303],[99.622358,11.835255],[99.6238,11.836402],[99.624244,11.837216],[99.624268,11.837919],[99.623705,11.839562],[99.623615,11.843147],[99.62378,11.844519],[99.624962,11.846996],[99.625426,11.848637],[99.625349,11.849575],[99.624112,11.850845],[99.621883,11.851643],[99.621526,11.85201],[99.621011,11.852762],[99.62027,11.854807],[99.619718,11.85556],[99.616837,11.856092],[99.613277,11.858814],[99.613412,11.861176],[99.609953,11.864784],[99.609863,11.868464],[99.60663,11.869157],[99.603223,11.870968],[99.602388,11.873723],[99.601564,11.875187],[99.600585,11.878222],[99.599789,11.878937],[99.599384,11.878888],[99.59601,11.875869],[99.595588,11.874764],[99.595516,11.872743],[99.595197,11.872409],[99.593904,11.872188],[99.5921,11.871455],[99.591295,11.871457],[99.588269,11.8721],[99.587873,11.872502],[99.587911,11.87411],[99.587564,11.876021],[99.588814,11.877704],[99.588828,11.878821],[99.588256,11.881915],[99.588394,11.882585],[99.589201,11.883767],[99.589193,11.885308],[99.588279,11.886963],[99.585448,11.888632],[99.584025,11.890053],[99.583868,11.892416],[99.581145,11.896573],[99.580875,11.897821],[99.581242,11.900196],[99.58095,11.901133],[99.579661,11.902826],[99.579515,11.903653],[99.579748,11.906176],[99.581258,11.907323],[99.584081,11.912219],[99.585761,11.913143],[99.584981,11.914373],[99.584949,11.915098],[99.586144,11.917106],[99.586316,11.918166],[99.584904,11.920961],[99.585417,11.924887],[99.585075,11.926416],[99.585141,11.927214],[99.585944,11.929948],[99.585685,11.93073],[99.583029,11.934689],[99.582319,11.937058],[99.582261,11.939464],[99.581846,11.940456],[99.58004,11.942244],[99.579509,11.94344],[99.579533,11.94402],[99.581783,11.945992],[99.584303,11.947327],[99.586111,11.949266],[99.591387,11.951466],[99.593081,11.954847],[99.592874088967,11.956658049946384],[99.593115,11.956092],[99.612229,11.966498],[99.658254,11.976662],[99.720599,11.978643],[99.730092,11.975152],[99.734972,11.975166],[99.743359,11.965688],[99.753829,11.96472],[99.753328,11.962658],[99.759545,11.95937],[99.768011,11.944694],[99.779751,11.942581],[99.781486,11.945574],[99.788561,11.947126],[99.792076,11.949966],[99.797945,11.950386],[99.80343,11.946237],[99.8108,11.943618],[99.813749,11.93542],[99.816677,11.935422],[99.821281,11.930245],[99.824521,11.929435],[99.827884,11.931216],[99.828254,11.931944],[99.819556,11.910853],[99.817114,11.904063],[99.814968,11.896834],[99.813193,11.889261],[99.812226,11.882808],[99.812007,11.879205],[99.81219,11.87621],[99.813202,11.871315],[99.814569,11.868037],[99.816853,11.86483],[99.818306,11.863685],[99.819888,11.862871],[99.821879,11.862503],[99.822174,11.862626],[99.822749,11.865113],[99.824405,11.865961],[99.824757,11.866567],[99.825602,11.865653],[99.825619,11.864732],[99.824837,11.861703],[99.824567,11.861371],[99.824603,11.860673],[99.824019,11.859301],[99.823433,11.858811],[99.823128,11.857194],[99.823386,11.854008],[99.824039,11.851815],[99.824556,11.850879],[99.825735,11.849624],[99.826964,11.848929],[99.82731,11.849012],[99.828038,11.849857],[99.828807,11.850129],[99.831102,11.84905],[99.831636,11.848538],[99.83359,11.844711],[99.835151,11.843434],[99.835515,11.84165],[99.834245,11.837791],[99.834664,11.835735],[99.833503,11.833229],[99.833194,11.830606],[99.831404,11.828436]],[[99.793745,11.890122],[99.794409,11.896708],[99.796625,11.897514],[99.797084,11.900258],[99.794942,11.900244],[99.772288,11.915993],[99.772949,11.921862],[99.747867,11.925899],[99.748128,11.928682],[99.746546,11.928531],[99.745178,11.929892],[99.729292,11.928965],[99.731445,11.923113],[99.731085,11.903468],[99.78142,11.899642],[99.783376,11.896425],[99.789107,11.894637],[99.789912,11.890271],[99.793745,11.890122]]],[[[99.831613,11.828565],[99.83148159999983,11.828483999999897],[99.831501,11.828496],[99.831613,11.828565]]],[[[99.592874,11.956658],[99.592661,11.957393],[99.592874088967,11.956658049946384],[99.592874,11.956658]]]]},"bbox":[99.579465,11.826856,99.835526,11.978643]},{"type":"Feature","id":"15c4a3c0-c21f-418b-9419-08c31dfdfa09","properties":{"id":"15c4a3c0-c21f-418b-9419-08c31dfdfa09","code":"06770203","provinceCode":"77","nameTh":"องค์การบริหารส่วนตำบล กุยบุรี","nameEn":null,"geometryType":"MUNICIPALITY","sourceUrl":"https://landometer.com/api/v2/citymeter-v3/grocery/info/geom/15c4a3c0-c21f-418b-9419-08c31dfdfa09/MUNICIPALITY","sourceSha256":"d7ae6ee170a2cb154d00b5d98acb44969fdf8d9fb38faee8cf536a97682c138d","retrievedAt":"2026-10-04T05:44:23.846063+00:00","boundaryVintage":null,"geometryStatus":"native_source_polygon_display_simplified","simplificationToleranceDegrees":0.00015,"simplificationPreservesTopology":true,"invalidSourceRepair":"make_valid; retain polygonal components; discard zero-area collapsed lines","legalBoundaryIndependentlyVerified":false,"areaId":"15c4a3c0-c21f-418b-9419-08c31dfdfa09"},"geometry":{"type":"Polygon","coordinates":[[[99.87413,12.060936],[99.872557,12.061203],[99.871005,12.044615],[99.866934,12.025601],[99.865988,12.022475],[99.862385,12.02263],[99.85992,12.024116],[99.859257,12.022904],[99.858521,12.022157],[99.85684,12.022768],[99.853402,12.022874],[99.853061,12.021833],[99.852722,12.021736],[99.851355,12.022972],[99.848527,12.023401],[99.846636,12.024355],[99.845255,12.026088],[99.84439,12.026782],[99.843731,12.028497],[99.843186,12.029157],[99.843579,12.030249],[99.841327,12.031341],[99.839317,12.031364],[99.837802,12.030685],[99.836889,12.031018],[99.835889,12.032072],[99.836325,12.033625],[99.833795,12.034048],[99.830705,12.033875],[99.831039,12.037053],[99.828126,12.037164],[99.824127,12.038416],[99.822732,12.039936],[99.820615,12.04118],[99.818535,12.041145],[99.817604,12.04071],[99.814232,12.039989],[99.811249,12.03985],[99.810295,12.039044],[99.809203,12.038706],[99.807691,12.037551],[99.806981,12.037675],[99.805906,12.036555],[99.804815,12.036316],[99.803932,12.035258],[99.80267,12.035132],[99.799419,12.035996],[99.798682,12.035944],[99.797531,12.035706],[99.796932,12.035289],[99.796338,12.033891],[99.795865,12.033354],[99.79446,12.033651],[99.793735,12.033168],[99.790645,12.033441],[99.789112,12.035533],[99.787667,12.038158],[99.786268,12.038944],[99.785045,12.038245],[99.783473,12.038156],[99.782206,12.037712],[99.780676,12.037666],[99.779928,12.037397],[99.779203,12.0367],[99.778329,12.036811],[99.777516,12.036559],[99.775692,12.035031],[99.775591,12.034129],[99.7741,12.032608],[99.773269,12.030773],[99.772548,12.030393],[99.771543,12.030482],[99.770675,12.031198],[99.768786,12.031483],[99.767906,12.034311],[99.767493,12.034717],[99.765175,12.035454],[99.763698,12.036852],[99.763366,12.036816],[99.763209,12.035934],[99.762872,12.035799],[99.760944,12.036918],[99.760511,12.037415],[99.759449,12.0349],[99.758701,12.034598],[99.756534,12.035038],[99.754466,12.034831],[99.753527,12.034373],[99.7527,12.034388],[99.751563,12.035242],[99.751177,12.034903],[99.749184,12.034644],[99.748599,12.033962],[99.746178,12.034037],[99.738992,12.031908],[99.729261,12.031228],[99.727271,12.030466],[99.726283,12.0297],[99.726108,12.029579],[99.727748,12.038866],[99.726142,12.04194],[99.726582,12.045011],[99.743737,12.058088],[99.751312,12.06751],[99.760465,12.066157],[99.765469,12.070049],[99.767244,12.069863],[99.770297,12.068564],[99.773211,12.061878],[99.777875,12.062052],[99.780942,12.060109],[99.784703,12.060861],[99.786844,12.058509],[99.792159,12.06106],[99.789502,12.063064],[99.789967,12.066147],[99.792228,12.066289],[99.792626,12.068515],[99.797488,12.070553],[99.801133,12.067118],[99.819402,12.062161],[99.828028,12.07087],[99.829853,12.070937],[99.830022,12.070754],[99.829382,12.070567],[99.829339,12.0667],[99.837529,12.062495],[99.840131,12.062321],[99.849343,12.05924],[99.863504,12.049194],[99.865632,12.049439],[99.872009,12.055633],[99.872558,12.061267],[99.874819,12.061085],[99.87413,12.060936]]]},"bbox":[99.726108,12.021736,99.874819,12.070937]},{"type":"Feature","id":"11f91c6c-7ee0-4794-866b-9bf3c4124bfa","properties":{"id":"11f91c6c-7ee0-4794-866b-9bf3c4124bfa","code":"06770204","provinceCode":"77","nameTh":"องค์การบริหารส่วนตำบล สามกระทาย","nameEn":null,"geometryType":"MUNICIPALITY","sourceUrl":"https://landometer.com/api/v2/citymeter-v3/grocery/info/geom/11f91c6c-7ee0-4794-866b-9bf3c4124bfa/MUNICIPALITY","sourceSha256":"0d04185482098ec58f673b105d0312671fd221d0365e6d8fdfdbdbe45a3cfd34","retrievedAt":"2026-10-04T05:44:23.852344+00:00","boundaryVintage":null,"geometryStatus":"native_source_polygon_display_simplified","simplificationToleranceDegrees":0.00015,"simplificationPreservesTopology":true,"invalidSourceRepair":"make_valid; retain polygonal components; discard zero-area collapsed lines","legalBoundaryIndependentlyVerified":false,"areaId":"11f91c6c-7ee0-4794-866b-9bf3c4124bfa"},"geometry":{"type":"MultiPolygon","coordinates":[[[[99.806792,12.207031],[99.807842,12.208032],[99.808248,12.207984],[99.80825,12.207409],[99.80862,12.206836],[99.809893,12.206094],[99.809752,12.20547],[99.810713,12.205567],[99.811232,12.205332],[99.811512,12.204738],[99.81129,12.203525],[99.811592,12.202372],[99.812061,12.202224],[99.81309,12.200637],[99.814231,12.200398],[99.814293,12.200114],[99.814681,12.200034],[99.814777,12.199385],[99.815122,12.199118],[99.815017,12.198277],[99.816288,12.197517],[99.816214,12.197243],[99.816583,12.196863],[99.817317,12.196891],[99.817383,12.196459],[99.817817,12.196092],[99.817629,12.195607],[99.818309,12.195125],[99.81869,12.195462],[99.819603,12.194716],[99.820728,12.194363],[99.821324,12.193715],[99.821763,12.193677],[99.82204,12.192771],[99.822716,12.192156],[99.8231,12.192136],[99.822782,12.194003],[99.823784,12.195401],[99.826279,12.1972],[99.828261,12.196246],[99.828892,12.198478],[99.831963,12.196959],[99.833143,12.195754],[99.835181,12.196119],[99.83737,12.195742],[99.839405,12.195942],[99.841203,12.195409],[99.842222,12.195363],[99.847502,12.191865],[99.849185,12.189783],[99.851222,12.188834],[99.848313,12.182033],[99.858198,12.179173],[99.86736,12.177553],[99.867572,12.17754],[99.868142,12.179069],[99.869396,12.178586],[99.869369,12.178242],[99.870134,12.178143],[99.870237,12.177588],[99.873252,12.177757],[99.876478,12.177407],[99.879541,12.180404],[99.88093,12.182758],[99.886058,12.180937],[99.889298,12.179341],[99.890633,12.183648],[99.897718,12.18147],[99.898896,12.181916],[99.902544,12.181184],[99.902869,12.182255],[99.91241,12.179718],[99.914428,12.180367],[99.915468,12.181193],[99.916183,12.18112],[99.917473,12.179801],[99.918885,12.179717],[99.921917,12.178919],[99.923995,12.178698],[99.925904,12.180529],[99.926959,12.182841],[99.93056,12.183976],[99.931009,12.184917],[99.931237,12.18653],[99.932393,12.187148],[99.936717,12.186985],[99.937858,12.187169],[99.938886,12.186603],[99.940623,12.186551],[99.941912,12.186194],[99.943171,12.186825],[99.948827,12.18731],[99.949808,12.187213],[99.94949,12.18683],[99.951304,12.186593],[99.951741,12.185714],[99.951346,12.184627],[99.951117,12.1858],[99.941544,12.176496],[99.939588,12.168615],[99.930728,12.165276],[99.914429,12.162992],[99.912197,12.158848],[99.909984,12.160527],[99.908185,12.154974],[99.905223,12.152934],[99.901092,12.143735],[99.896154,12.142833],[99.893363,12.137979],[99.890549,12.138056],[99.890519,12.13941],[99.892063,12.139342],[99.890275,12.141919],[99.888721,12.137924],[99.887919,12.140122],[99.886421,12.13836],[99.884353,12.139733],[99.886447,12.140011],[99.886524,12.141844],[99.883998,12.14083],[99.883546,12.142737],[99.873568,12.143433],[99.874587,12.124906],[99.872497,12.115736],[99.868759,12.110947],[99.865822,12.111033],[99.866988,12.10292],[99.865972,12.103292],[99.866155,12.102069],[99.86509,12.102427],[99.865251,12.101354],[99.864208,12.101563],[99.864498,12.099631],[99.863786,12.099606],[99.862272,12.098849],[99.861496,12.098981],[99.861168,12.098489],[99.859763,12.098497],[99.858113,12.097676],[99.857094,12.097542],[99.845607,12.098053],[99.843195,12.096932],[99.840178,12.096156],[99.840167,12.09512],[99.839164,12.094862],[99.839152,12.093827],[99.838149,12.093569],[99.838014,12.092501],[99.830341,12.090527],[99.834034,12.084712],[99.830699,12.082915],[99.824732,12.085173],[99.824726,12.088372],[99.822276,12.091095],[99.82555,12.098716],[99.824624,12.100319],[99.821588,12.099811],[99.81984,12.102799],[99.811815,12.10673],[99.811279,12.108749],[99.807653,12.109229],[99.808362,12.113238],[99.805665,12.115348],[99.805956,12.118534],[99.80229,12.122044],[99.797708,12.120554],[99.795999,12.128677],[99.78552,12.12966],[99.783065,12.131986],[99.780677,12.131061],[99.778421,12.132507],[99.771841,12.126925],[99.771172,12.146594],[99.764065,12.153932],[99.758165,12.156288],[99.751968,12.163469],[99.746839,12.171368],[99.745976,12.17918],[99.735403,12.1918],[99.73457,12.191258],[99.73445319508482,12.191639363056405],[99.734698,12.192601],[99.734401,12.192397],[99.734453,12.192735],[99.73658,12.194334],[99.73712,12.193703],[99.737977,12.19343],[99.74022,12.191611],[99.741423,12.190121],[99.74146,12.189471],[99.742126,12.189564],[99.742708,12.188995],[99.743183,12.18896],[99.743879,12.189185],[99.745179,12.190174],[99.745737,12.191099],[99.74688,12.191114],[99.748395,12.192223],[99.751945,12.192866],[99.753184,12.19269],[99.755538,12.192809],[99.757699,12.191834],[99.759018,12.191875],[99.761777,12.190065],[99.765966,12.189011],[99.767209,12.189601],[99.767485,12.189953],[99.768286,12.189701],[99.769263,12.190408],[99.77032,12.190112],[99.770864,12.190424],[99.77166,12.190302],[99.772792,12.190836],[99.774254,12.193077],[99.77471,12.194318],[99.774551,12.194752],[99.775267,12.195438],[99.77658,12.195663],[99.776656,12.196362],[99.776129,12.197538],[99.776586,12.197692],[99.77722,12.198375],[99.778827,12.20105],[99.780056,12.202194],[99.781595,12.202647],[99.784089,12.204513],[99.784516,12.204435],[99.785085,12.204803],[99.78641,12.204429],[99.787499,12.204943],[99.787208,12.20538],[99.787374,12.205619],[99.789052,12.205504],[99.78978,12.206221],[99.789992,12.206996],[99.79028,12.206614],[99.790674,12.207152],[99.790836,12.206806],[99.791219,12.20693],[99.792064,12.206689],[99.792311,12.207374],[99.79324,12.206865],[99.793243,12.207374],[99.793933,12.207501],[99.795129,12.207194],[99.795867,12.207855],[99.796583,12.207747],[99.797032,12.207185],[99.798644,12.207212],[99.798875,12.206495],[99.799324,12.206538],[99.799519,12.206092],[99.80041,12.205861],[99.80074,12.206128],[99.800483,12.20637],[99.800649,12.206718],[99.801416,12.207257],[99.801535,12.208271],[99.802462,12.208058],[99.802935,12.208554],[99.803225,12.207929],[99.803653,12.208321],[99.805198,12.206771],[99.806035,12.207201],[99.806792,12.207031]]],[[[99.734453,12.19164],[99.73445319508482,12.191639363056405],[99.734377,12.191596],[99.734453,12.19164]]]]},"bbox":[99.734377,12.082915,99.951741,12.208556]},{"type":"Feature","id":"d563a5eb-7a0d-4918-9ff4-768c28f88b22","properties":{"id":"d563a5eb-7a0d-4918-9ff4-768c28f88b22","code":"06770205","provinceCode":"77","nameTh":"องค์การบริหารส่วนตำบล กุยเหนือ","nameEn":null,"geometryType":"MUNICIPALITY","sourceUrl":"https://landometer.com/api/v2/citymeter-v3/grocery/info/geom/d563a5eb-7a0d-4918-9ff4-768c28f88b22/MUNICIPALITY","sourceSha256":"dd7d7b15417d5219617258282fd68b167e9bfbfde30c9bd3fa6ebe65150e7b9f","retrievedAt":"2026-10-04T05:44:23.847714+00:00","boundaryVintage":null,"geometryStatus":"native_source_polygon_display_simplified","simplificationToleranceDegrees":0.00015,"simplificationPreservesTopology":true,"invalidSourceRepair":"make_valid; retain polygonal components; discard zero-area collapsed lines","legalBoundaryIndependentlyVerified":false,"areaId":"d563a5eb-7a0d-4918-9ff4-768c28f88b22"},"geometry":{"type":"Polygon","coordinates":[[[99.946322,12.083913],[99.945225,12.083535],[99.943052,12.081929],[99.940941,12.079822],[99.924208,12.059527],[99.919955,12.054915],[99.91536,12.050479],[99.912381,12.046662],[99.909787,12.044094],[99.909515,12.043409],[99.909024,12.042964],[99.907801,12.042497],[99.906724,12.042563],[99.905892,12.04232],[99.905412,12.043594],[99.904952,12.044127],[99.902893,12.045234],[99.902523,12.046082],[99.901562,12.0468],[99.902459,12.048279],[99.901708,12.04999],[99.900589,12.0499],[99.899973,12.050659],[99.898052,12.050937],[99.89818,12.053161],[99.900089,12.053158],[99.900046,12.053746],[99.89953,12.054279],[99.896907,12.055304],[99.896317,12.05481],[99.895715,12.053395],[99.894889,12.053395],[99.892781,12.05458],[99.892116,12.054406],[99.891289,12.053188],[99.891022,12.053197],[99.890396,12.054477],[99.891017,12.055408],[99.89104,12.056136],[99.890645,12.056544],[99.889773,12.05672],[99.889923,12.057894],[99.890254,12.058197],[99.891281,12.058255],[99.891794,12.057205],[99.892147,12.057079],[99.893218,12.057906],[99.89339,12.058814],[99.893847,12.059231],[99.895783,12.062618],[99.894971,12.064962],[99.891295,12.066495],[99.880446,12.066765],[99.881082,12.06979],[99.879441,12.070648],[99.878101,12.080182],[99.873115,12.090158],[99.873093,12.094845],[99.871222,12.101826],[99.868701,12.097591],[99.86713,12.096806],[99.866801,12.097759],[99.865861,12.097289],[99.865705,12.098329],[99.864764,12.097859],[99.864208,12.101563],[99.865251,12.101354],[99.86509,12.102427],[99.866155,12.102069],[99.865972,12.103292],[99.866988,12.10292],[99.865822,12.111033],[99.868759,12.110947],[99.872497,12.115736],[99.874587,12.124906],[99.873568,12.143433],[99.883546,12.142737],[99.883998,12.14083],[99.886524,12.141844],[99.886447,12.140011],[99.884353,12.139733],[99.886421,12.13836],[99.887919,12.140122],[99.888721,12.137924],[99.890275,12.141919],[99.892063,12.139342],[99.890519,12.13941],[99.890549,12.138056],[99.893363,12.137979],[99.896154,12.142833],[99.897852,12.143143],[99.8978,12.142743],[99.89874,12.142692],[99.908131,12.135735],[99.911644,12.135037],[99.907147,12.128423],[99.920356,12.119951],[99.918772,12.118099],[99.919367,12.111611],[99.916587,12.107177],[99.927074,12.10468],[99.925563,12.098527],[99.933615,12.0964],[99.936428,12.093121],[99.940036,12.09237],[99.942775,12.094215],[99.948242,12.090238],[99.950469,12.085988],[99.948517,12.085895],[99.949221,12.080722],[99.947967,12.081761],[99.947201,12.083062],[99.946322,12.083913]]]},"bbox":[99.864208,12.042312,99.950469,12.143433]},{"type":"Feature","id":"57192f5b-fc56-4e21-a985-3576ee1faf35","properties":{"id":"57192f5b-fc56-4e21-a985-3576ee1faf35","code":"06770206","provinceCode":"77","nameTh":"องค์การบริหารส่วนตำบล เขาแดง","nameEn":null,"geometryType":"MUNICIPALITY","sourceUrl":"https://landometer.com/api/v2/citymeter-v3/grocery/info/geom/57192f5b-fc56-4e21-a985-3576ee1faf35/MUNICIPALITY","sourceSha256":"0aee3ccb471f2083084f2498af40534bbd68af6e88100abe5bca9c318a04336e","retrievedAt":"2026-10-04T05:44:23.916862+00:00","boundaryVintage":null,"geometryStatus":"native_source_polygon_display_simplified","simplificationToleranceDegrees":0.00015,"simplificationPreservesTopology":true,"invalidSourceRepair":"make_valid; retain polygonal components; discard zero-area collapsed lines","legalBoundaryIndependentlyVerified":false,"areaId":"57192f5b-fc56-4e21-a985-3576ee1faf35"},"geometry":{"type":"Polygon","coordinates":[[[100.013235,12.183054],[100.012852,12.182718],[100.011715,12.179871],[100.010803,12.179034],[100.008941,12.178209],[100.006539,12.1746],[100.004689,12.172316],[100.005176,12.170552],[100.004914,12.169363],[100.001892,12.166426],[100.001617,12.165679],[100.001244,12.165533],[100.000851,12.165691],[99.998793,12.163544],[99.997342,12.162988],[99.996758,12.161741],[99.995895,12.160881],[99.995642,12.160286],[99.994867,12.160056],[99.993021,12.160237],[99.992035,12.158287],[99.991187,12.157709],[99.987485,12.153889],[99.986397,12.153254],[99.986064,12.153362],[99.985953,12.154084],[99.984829,12.153864],[99.980563,12.148491],[99.980559,12.147216],[99.980154,12.147274],[99.979641,12.148536],[99.978325,12.148818],[99.977478,12.148294],[99.975073,12.145917],[99.975489,12.145001],[99.975162,12.14362],[99.96952,12.134295],[99.968232,12.13355],[99.969061,12.132011],[99.969175,12.130841],[99.968979,12.129937],[99.965771,12.123689],[99.965575,12.122707],[99.964,12.119688],[99.961081,12.111427],[99.96107,12.110904],[99.961597,12.110396],[99.962161,12.110739],[99.962568,12.110248],[99.96251,12.108701],[99.963071,12.107352],[99.963679,12.10724],[99.965023,12.107655],[99.965298,12.107396],[99.965595,12.105775],[99.96642,12.105868],[99.96734,12.105468],[99.967225,12.104824],[99.96632,12.10405],[99.966287,12.103246],[99.966528,12.102541],[99.967321,12.102518],[99.967605,12.102281],[99.96711,12.100041],[99.967971,12.098569],[99.96648,12.097919],[99.96575,12.096362],[99.96504,12.095823],[99.963815,12.093579],[99.963726,12.093177],[99.964258,12.092457],[99.964338,12.090723],[99.963837,12.090301],[99.963093,12.090327],[99.962619,12.089602],[99.96306,12.088784],[99.962745,12.088056],[99.962968,12.087199],[99.961777,12.085728],[99.960837,12.08489],[99.959798,12.084842],[99.959237,12.085234],[99.957909,12.086868],[99.957852,12.087211],[99.956853,12.087394],[99.956561,12.08816],[99.955951,12.088097],[99.953299,12.085853],[99.950073,12.082378],[99.949944,12.080469],[99.949502,12.080068],[99.949197,12.08071],[99.948895,12.080614],[99.948606,12.081307],[99.949221,12.080722],[99.948517,12.085895],[99.950469,12.085988],[99.948242,12.090238],[99.942775,12.094215],[99.940036,12.09237],[99.939958,12.099846],[99.944978,12.098952],[99.943779,12.105738],[99.948441,12.113485],[99.947528,12.121291],[99.950024,12.123566],[99.953334,12.15919],[99.958892,12.174749],[99.960513,12.17646],[99.961977,12.176367],[99.962916,12.176843],[99.963495,12.176863],[99.965996,12.175676],[99.973102,12.174122],[99.972287,12.171224],[99.972571,12.170638],[99.981194,12.169762],[99.981873,12.17091],[99.98193,12.172224],[99.983965,12.172062],[99.984086,12.174218],[99.984712,12.174312],[99.984524,12.176413],[99.986022,12.176184],[99.985827,12.177295],[99.986449,12.178355],[99.98581,12.179299],[99.988742,12.18121],[99.989725,12.18146],[99.990132,12.180332],[99.98991,12.179532],[99.992032,12.178332],[99.993059,12.17912],[99.994448,12.179202],[99.9953,12.179665],[99.99557,12.18145],[99.995809,12.181465],[99.99616,12.181024],[99.996443,12.181065],[99.996586,12.181666],[99.996319,12.182306],[99.996801,12.182398],[99.997153,12.183018],[99.997664,12.18321],[100.00084,12.181392],[100.002054,12.182203],[100.003291,12.181406],[100.004091,12.181359],[100.00627,12.181857],[100.007064,12.18296],[100.010892,12.183189],[100.01124,12.183418],[100.012066,12.185161],[100.012535,12.18522],[100.014828,12.184541],[100.015726,12.184552],[100.018706,12.188225],[100.019349,12.189323],[100.01975,12.190684],[100.01995,12.190529],[100.019894,12.189041],[100.019107,12.187345],[100.018791,12.187191],[100.01639,12.183791],[100.014668,12.182842],[100.013235,12.183054]]]},"bbox":[99.939958,12.080041,100.02005,12.190684]},{"type":"Feature","id":"27bf2d9d-5c81-4092-b057-f32cea45f56b","properties":{"id":"27bf2d9d-5c81-4092-b057-f32cea45f56b","code":"06770207","provinceCode":"77","nameTh":"องค์การบริหารส่วนตำบล ดอนยายหนู","nameEn":null,"geometryType":"MUNICIPALITY","sourceUrl":"https://landometer.com/api/v2/citymeter-v3/grocery/info/geom/27bf2d9d-5c81-4092-b057-f32cea45f56b/MUNICIPALITY","sourceSha256":"d635e88f071c2f05a9ec5d573aaafb960bc1614c24f163a9c5bb4014736e7fa7","retrievedAt":"2026-10-04T05:44:23.933321+00:00","boundaryVintage":null,"geometryStatus":"native_source_polygon_display_simplified","simplificationToleranceDegrees":0.00015,"simplificationPreservesTopology":true,"invalidSourceRepair":"make_valid; retain polygonal components; discard zero-area collapsed lines","legalBoundaryIndependentlyVerified":false,"areaId":"27bf2d9d-5c81-4092-b057-f32cea45f56b"},"geometry":{"type":"MultiPolygon","coordinates":[[[[99.95298,12.183834],[99.952945,12.182583],[99.953273,12.181728],[99.953761,12.181042],[99.955083,12.180177],[99.95547,12.179009],[99.956229,12.178198],[99.956262,12.176217],[99.956698,12.175896],[99.95696,12.175236],[99.958199,12.175037],[99.958602,12.174879],[99.958962,12.174718],[99.953334,12.15919],[99.950024,12.123566],[99.947528,12.121291],[99.948441,12.113485],[99.943779,12.105738],[99.944978,12.098952],[99.939958,12.099846],[99.940036,12.09237],[99.936428,12.093121],[99.933615,12.0964],[99.925563,12.098527],[99.927074,12.10468],[99.916587,12.107177],[99.919367,12.111611],[99.918772,12.118099],[99.920356,12.119951],[99.907147,12.128423],[99.911644,12.135037],[99.908131,12.135735],[99.89874,12.142692],[99.8978,12.142743],[99.897843,12.143134],[99.901092,12.143735],[99.905223,12.152934],[99.908185,12.154974],[99.909984,12.160527],[99.912197,12.158848],[99.914429,12.162992],[99.930728,12.165276],[99.939588,12.168615],[99.941544,12.176496],[99.951117,12.1858],[99.951346,12.184627],[99.951469,12.184748],[99.951741,12.185714],[99.951304,12.186593],[99.94949,12.18683],[99.94980772692705,12.187212715798681],[99.951989,12.187007],[99.953393,12.185256],[99.95298,12.183834]]],[[[99.949628,12.187231],[99.949808,12.187213],[99.94980772692705,12.187212715798681],[99.949628,12.187231]]]]},"bbox":[99.8978,12.09237,99.958962,12.187231]},{"type":"Feature","id":"8158ac88-6fa5-4542-8080-28ccc2b45415","properties":{"id":"8158ac88-6fa5-4542-8080-28ccc2b45415","code":"06770208","provinceCode":"77","nameTh":"องค์การบริหารส่วนตำบล หาดขาม","nameEn":null,"geometryType":"MUNICIPALITY","sourceUrl":"https://landometer.com/api/v2/citymeter-v3/grocery/info/geom/8158ac88-6fa5-4542-8080-28ccc2b45415/MUNICIPALITY","sourceSha256":"0546f977ea87bd71ef32e5f01a89fd9c912a194f5cd8502f99e84613040c4361","retrievedAt":"2026-10-04T05:44:23.935670+00:00","boundaryVintage":null,"geometryStatus":"native_source_polygon_display_simplified","simplificationToleranceDegrees":0.00015,"simplificationPreservesTopology":true,"invalidSourceRepair":"make_valid; retain polygonal components; discard zero-area collapsed lines","legalBoundaryIndependentlyVerified":false,"areaId":"8158ac88-6fa5-4542-8080-28ccc2b45415"},"geometry":{"type":"MultiPolygon","coordinates":[[[[99.678689,12.223556],[99.680288,12.218729],[99.681085,12.217643],[99.681056,12.215582],[99.681577,12.213054],[99.681348,12.211504],[99.682173,12.20887],[99.681569,12.207918],[99.681753,12.207118],[99.681312,12.204719],[99.680493,12.202364],[99.680578,12.201484],[99.680171,12.200203],[99.679934,12.196855],[99.680538,12.195688],[99.681367,12.195163],[99.683826,12.195412],[99.685129,12.194921],[99.685546,12.194248],[99.685393,12.19208],[99.685741,12.191545],[99.686245,12.191429],[99.68859,12.191889],[99.692465,12.190108],[99.693299,12.188686],[99.693603,12.185998],[99.694051,12.185272],[99.699767,12.184273],[99.700123,12.183905],[99.700135,12.182455],[99.701802,12.181901],[99.702978,12.180776],[99.703435,12.180881],[99.704262,12.182244],[99.706693,12.184264],[99.707321,12.184371],[99.708863,12.183951],[99.71117,12.184962],[99.711681,12.18402],[99.711796,12.182838],[99.712445,12.182599],[99.712757,12.181633],[99.71427,12.180846],[99.714668,12.180848],[99.715355,12.181496],[99.718441,12.181172],[99.720591,12.180629],[99.721128,12.181049],[99.721618,12.180817],[99.722662,12.181492],[99.723535,12.182802],[99.723809,12.184354],[99.724744,12.185342],[99.726394,12.186333],[99.728016,12.186568],[99.730853,12.187874],[99.731136,12.188504],[99.73085,12.18993],[99.731225,12.190763],[99.732039,12.190973],[99.732487,12.191639],[99.733715,12.191477],[99.73445319508482,12.191639363056405],[99.73457,12.191258],[99.735403,12.1918],[99.745976,12.17918],[99.746839,12.171368],[99.751968,12.163469],[99.758165,12.156288],[99.764065,12.153932],[99.771172,12.146594],[99.771841,12.126925],[99.778421,12.132507],[99.780677,12.131061],[99.783065,12.131986],[99.78552,12.12966],[99.795999,12.128677],[99.797708,12.120554],[99.80229,12.122044],[99.805956,12.118534],[99.805665,12.115348],[99.808362,12.113238],[99.807653,12.109229],[99.811279,12.108749],[99.811815,12.10673],[99.81984,12.102799],[99.821588,12.099811],[99.824624,12.100319],[99.82555,12.098716],[99.822276,12.091095],[99.824726,12.088372],[99.824732,12.085173],[99.830699,12.082915],[99.834034,12.084712],[99.828859,12.074827],[99.83171,12.071247],[99.830762,12.07097],[99.828028,12.07087],[99.819402,12.062161],[99.801133,12.067118],[99.797488,12.070553],[99.792626,12.068515],[99.792228,12.066289],[99.789967,12.066147],[99.789502,12.063064],[99.792159,12.06106],[99.786844,12.058509],[99.784703,12.060861],[99.780942,12.060109],[99.777875,12.062052],[99.773211,12.061878],[99.770297,12.068564],[99.767244,12.069863],[99.765469,12.070049],[99.760465,12.066157],[99.751312,12.06751],[99.743737,12.058088],[99.726582,12.045011],[99.726142,12.04194],[99.727748,12.038866],[99.726283,12.0297],[99.725729,12.029317],[99.723787,12.028314],[99.720033,12.026931],[99.713919,12.025052],[99.7108,12.024564],[99.707763,12.024473],[99.705809,12.024002],[99.701084,12.020663],[99.695977,12.018781],[99.679716,12.011951],[99.677038,12.010163],[99.669085,12.007419],[99.665422,12.004678],[99.660357,12.003848],[99.656995,12.00205],[99.654062,12.00108],[99.651877,12.000835],[99.646131,12.001031],[99.63986,11.998263],[99.633636,11.997202],[99.632644,11.996779],[99.631754,11.996006],[99.629518,11.992391],[99.62839,11.991264],[99.626738,11.990192],[99.620485,11.98774],[99.61727,11.98703],[99.616145,11.986035],[99.606774,11.980568],[99.604091,11.979243],[99.601839,11.978628],[99.596115,11.978484],[99.593621,11.977479],[99.593341,11.97834],[99.592832,11.978944],[99.59085,11.979965],[99.590074,11.981466],[99.590176,11.983026],[99.589896,11.984578],[99.59134,11.986317],[99.591171,11.987066],[99.590402,11.987816],[99.590358,11.988385],[99.590927,11.989501],[99.592086,11.990481],[99.592181,11.992535],[99.590222,11.994058],[99.589513,11.996237],[99.588789,11.997288],[99.58709,11.998297],[99.5848,11.999229],[99.582509,11.999586],[99.581524,11.99997],[99.580552,12.001482],[99.578186,12.003731],[99.577418,12.005542],[99.575798,12.006762],[99.575162,12.006966],[99.574394,12.007726],[99.573555,12.007794],[99.570355,12.007075],[99.567179,12.007149],[99.566442,12.007601],[99.564028,12.010518],[99.560585,12.01088],[99.555571,12.010801],[99.552817,12.012001],[99.551637,12.012283],[99.548598,12.012523],[99.546682,12.013052],[99.543461,12.013237],[99.540797,12.014057],[99.537722,12.014018],[99.537178,12.014276],[99.536195,12.015964],[99.535916,12.018433],[99.536258,12.019214],[99.537281,12.020407],[99.537601,12.021355],[99.537883,12.026581],[99.53944,12.027929],[99.540818,12.03045],[99.540723,12.034291],[99.540062,12.038458],[99.539633,12.039386],[99.538342,12.040281],[99.535496,12.041158],[99.534805,12.041863],[99.534402,12.044488],[99.534684,12.049144],[99.534322,12.049892],[99.53199,12.052499],[99.531821,12.053303],[99.532268,12.055413],[99.532318,12.057601],[99.533186,12.060492],[99.533319,12.064869],[99.533742,12.066353],[99.53663,12.069709],[99.537951,12.071772],[99.539042,12.072954],[99.539635,12.074315],[99.540803,12.075055],[99.544984,12.076826],[99.547088,12.079258],[99.547729,12.081736],[99.549702,12.082174],[99.54991,12.082938],[99.549823,12.085037],[99.55014,12.090218],[99.553185,12.092401],[99.554752,12.092822],[99.555776,12.094059],[99.555844,12.09952],[99.554333,12.104079],[99.554493,12.104804],[99.555472,12.106187],[99.555484,12.106723],[99.554466,12.108299],[99.555368,12.110989],[99.555169,12.113435],[99.555704,12.114316],[99.556522,12.114683],[99.557126,12.115887],[99.558616,12.11728],[99.560118,12.119466],[99.559646,12.121689],[99.560007,12.126099],[99.560386,12.127108],[99.560644,12.129006],[99.561513,12.129458],[99.561974,12.131038],[99.56246,12.131737],[99.564338,12.132316],[99.565811,12.133636],[99.56679,12.135108],[99.56871,12.136053],[99.569552,12.137034],[99.569362,12.13843],[99.570239,12.140282],[99.571006,12.143117],[99.57094,12.144334],[99.5705,12.144877],[99.571549,12.145503],[99.571575,12.146483],[99.571321,12.147493],[99.569437,12.14915],[99.569314,12.150437],[99.571216,12.153908],[99.572613,12.158427],[99.572396,12.15892],[99.568901,12.161943],[99.568553,12.162976],[99.56871,12.165125],[99.567873,12.166227],[99.565492,12.168196],[99.565105,12.169433],[99.565294,12.170222],[99.566081,12.171245],[99.566929,12.171786],[99.572452,12.171431],[99.574816,12.172435],[99.578392,12.17336],[99.581394,12.174512],[99.581894,12.1753],[99.582867,12.179671],[99.582857,12.181833],[99.584772,12.184291],[99.584801,12.18551],[99.585652,12.188744],[99.58575,12.189983],[99.585184,12.193841],[99.586098,12.196081],[99.586038,12.199585],[99.58554,12.202069],[99.585822,12.203316],[99.585699,12.204111],[99.586031,12.204856],[99.58571,12.205958],[99.586005,12.207382],[99.585409,12.210302],[99.585632,12.211296],[99.586581,12.212507],[99.587705,12.214659],[99.588851,12.21597],[99.588998,12.216861],[99.587881,12.220177],[99.587621,12.22415],[99.587257,12.224765],[99.584938,12.226461],[99.584843,12.227204],[99.585551,12.228071],[99.587768,12.229613],[99.589229,12.231359],[99.592401,12.233009],[99.592533,12.235545],[99.593554,12.236347],[99.594233,12.237974],[99.595096,12.238717],[99.595925,12.238878],[99.597828,12.238653],[99.600426,12.239707],[99.601352,12.23959],[99.602665,12.238756],[99.60322,12.238644],[99.606992,12.23924],[99.607658,12.239466],[99.610194,12.24128],[99.610983,12.241328],[99.61268,12.24084],[99.614219,12.241163],[99.615215,12.241887],[99.616562,12.243397],[99.617417,12.243227],[99.618661,12.241786],[99.620312,12.240983],[99.621314,12.240149],[99.622563,12.239908],[99.625384,12.24231],[99.627432,12.24331],[99.62948,12.242982],[99.631231,12.243928],[99.633036,12.243449],[99.635448,12.244214],[99.635795,12.244057],[99.636091,12.2435],[99.636372,12.240562],[99.636717,12.239933],[99.64066,12.238699],[99.643128,12.236638],[99.648055,12.236559],[99.648642,12.236663],[99.649373,12.237182],[99.650827,12.2409],[99.652646,12.24108],[99.653837,12.241547],[99.654877,12.241324],[99.655586,12.241435],[99.657013,12.242973],[99.660087,12.244805],[99.661434,12.244263],[99.663541,12.244002],[99.667527,12.242796],[99.669257,12.243538],[99.670141,12.244495],[99.670998,12.24455],[99.672855,12.244121],[99.675484,12.244814],[99.676612,12.24433],[99.676784,12.241769],[99.678134,12.238781],[99.677551,12.237223],[99.678728,12.231237],[99.678627,12.230568],[99.677939,12.229974],[99.677608,12.22895],[99.676635,12.228199],[99.676538,12.225968],[99.678689,12.223556]]],[[[99.73445319508482,12.191639363056405],[99.734453,12.19164],[99.7345,12.191666],[99.73445319508482,12.191639363056405]]],[[[99.734698,12.192601],[99.734477,12.1922],[99.734401,12.192397],[99.73462,12.19257],[99.735138,12.192779],[99.734698,12.192601]]]]},"bbox":[99.531821,11.977479,99.834034,12.244823]},{"type":"Feature","id":"922e1d03-79ce-4b25-a2eb-3cec64317a72","properties":{"id":"922e1d03-79ce-4b25-a2eb-3cec64317a72","code":"06770302","provinceCode":"77","nameTh":"องค์การบริหารส่วนตำบล เขาล้าน","nameEn":null,"geometryType":"MUNICIPALITY","sourceUrl":"https://landometer.com/api/v2/citymeter-v3/grocery/info/geom/922e1d03-79ce-4b25-a2eb-3cec64317a72/MUNICIPALITY","sourceSha256":"6dd1579ad3132e26f7eaa4666eb9216b84519c9953f55c12d04d50e613d0dccd","retrievedAt":"2026-10-04T05:44:23.929749+00:00","boundaryVintage":null,"geometryStatus":"native_source_polygon_display_simplified","simplificationToleranceDegrees":0.00015,"simplificationPreservesTopology":true,"invalidSourceRepair":"make_valid; retain polygonal components; discard zero-area collapsed lines","legalBoundaryIndependentlyVerified":false,"areaId":"922e1d03-79ce-4b25-a2eb-3cec64317a72"},"geometry":{"type":"MultiPolygon","coordinates":[[[[99.532257,11.621308],[99.535044,11.622134],[99.537212,11.62314],[99.541181,11.623444],[99.544551,11.627403],[99.545834,11.627822],[99.550062,11.628476],[99.550584,11.628415],[99.552741,11.62688],[99.55566,11.624374],[99.557621,11.624102],[99.558796,11.624317],[99.560557,11.624881],[99.563383,11.62656],[99.563942,11.626751],[99.56531,11.626576],[99.565688,11.626721],[99.565886,11.62978],[99.567125,11.631696],[99.574158,11.626821],[99.579351,11.617707],[99.583929,11.614341],[99.58753,11.613246],[99.586381,11.598792],[99.590546,11.59074],[99.591069,11.583155],[99.593434,11.582594],[99.592167,11.57899],[99.608143,11.565767],[99.605828,11.5577],[99.611106,11.554138],[99.61117,11.54807],[99.609181,11.543936],[99.611505,11.542666],[99.61129,11.538257],[99.618333,11.530463],[99.620963,11.529573],[99.619906,11.527538],[99.607859,11.532439],[99.603451,11.531763],[99.601896,11.529648],[99.602849,11.524898],[99.602743,11.523974],[99.601777,11.524328],[99.601672,11.523409],[99.602835,11.519421],[99.597935,11.504549],[99.598629,11.497333],[99.599534,11.497045],[99.591894,11.499431],[99.586978,11.497681],[99.583945,11.503887],[99.573958,11.508814],[99.568927,11.508157],[99.570587,11.511053],[99.567447,11.513353],[99.56847,11.517803],[99.566061,11.522671],[99.567095,11.522808],[99.564137,11.526005],[99.56513,11.529941],[99.563029,11.530348],[99.560178,11.53503],[99.557135,11.536587],[99.556839,11.542881],[99.553989,11.546317],[99.553893,11.55158],[99.549041,11.55673],[99.543142,11.555685],[99.537278,11.556672],[99.532551,11.563118],[99.525231,11.569188],[99.505462,11.574802],[99.499469,11.580287],[99.498658,11.584472],[99.463033,11.590284],[99.462962,11.591498],[99.46274,11.591829],[99.461552,11.592416],[99.461108,11.593113],[99.461035,11.594139],[99.461818,11.595859],[99.461225,11.59707],[99.461413,11.598351],[99.462679,11.599521],[99.46493,11.600408],[99.464614,11.601716],[99.46469,11.602669],[99.465583,11.60373],[99.465734,11.604719],[99.467074,11.605889],[99.467968,11.607572],[99.468009,11.60999],[99.466974,11.612923],[99.467012,11.613581],[99.467608,11.614717],[99.468877,11.616303],[99.47149,11.618632],[99.47312,11.620675],[99.474439,11.6216],[99.474459,11.622764],[99.474832,11.623496],[99.475626,11.623961],[99.478477,11.623884],[99.479668,11.624995],[99.481599,11.625656],[99.482936,11.626706],[99.483701,11.626956],[99.484659,11.626835],[99.486127,11.626091],[99.488164,11.625537],[99.491793,11.625423],[99.492509,11.628175],[99.492808,11.62865],[99.493512,11.628901],[99.494022,11.630133],[99.494362,11.630408],[99.496462,11.630739],[99.498929,11.632768],[99.501233,11.633233],[99.502053,11.63488],[99.507443,11.636403],[99.510501,11.636242],[99.51396,11.636379],[99.515587,11.636771],[99.517201,11.636589],[99.518558,11.635258],[99.518903,11.631764],[99.521834,11.628134],[99.52257,11.626326],[99.523285,11.625296],[99.527806,11.622369],[99.529989,11.621731],[99.530934,11.621214],[99.532257,11.621308]]],[[[99.5874081967435,11.613312348115327],[99.587407,11.613313],[99.588512,11.612986],[99.5874081967435,11.613312348115327]]]]},"bbox":[99.460959,11.497045,99.620963,11.636771]},{"type":"Feature","id":"822d2f93-e489-4a97-b8e7-2a797b3b00e7","properties":{"id":"822d2f93-e489-4a97-b8e7-2a797b3b00e7","code":"06770303","provinceCode":"77","nameTh":"องค์การบริหารส่วนตำบล ทับสะแก","nameEn":null,"geometryType":"MUNICIPALITY","sourceUrl":"https://landometer.com/api/v2/citymeter-v3/grocery/info/geom/822d2f93-e489-4a97-b8e7-2a797b3b00e7/MUNICIPALITY","sourceSha256":"c06675bad39413cb0249c241e907905bf1d3c4d3cba076e022a47c2f1e029473","retrievedAt":"2026-10-04T05:44:23.932561+00:00","boundaryVintage":null,"geometryStatus":"native_source_polygon_display_simplified","simplificationToleranceDegrees":0.00015,"simplificationPreservesTopology":true,"invalidSourceRepair":"make_valid; retain polygonal components; discard zero-area collapsed lines","legalBoundaryIndependentlyVerified":false,"areaId":"822d2f93-e489-4a97-b8e7-2a797b3b00e7"},"geometry":{"type":"Polygon","coordinates":[[[99.63996,11.520683],[99.638021,11.516401],[99.635266,11.508599],[99.63208,11.497403],[99.631815,11.498174],[99.631278,11.49666],[99.630164,11.499907],[99.631847,11.502561],[99.629697,11.502519],[99.628981,11.504748],[99.623705,11.504698],[99.619869,11.506531],[99.618254,11.507891],[99.617481,11.513887],[99.610058,11.516136],[99.609376,11.52019],[99.605867,11.521193],[99.602181,11.52314],[99.601946,11.524312],[99.602743,11.523974],[99.602849,11.524898],[99.601896,11.529648],[99.603451,11.531763],[99.607859,11.532439],[99.619906,11.527538],[99.638319,11.560626],[99.655761,11.561125],[99.657834,11.557292],[99.651936,11.546016],[99.643551,11.527605],[99.63996,11.520683]]]},"bbox":[99.601896,11.49666,99.657834,11.561125]},{"type":"Feature","id":"0c336041-5d4b-4453-8463-0c1c64c27d0e","properties":{"id":"0c336041-5d4b-4453-8463-0c1c64c27d0e","code":"06770304","provinceCode":"77","nameTh":"องค์การบริหารส่วนตำบล ห้วยยาง","nameEn":null,"geometryType":"MUNICIPALITY","sourceUrl":"https://landometer.com/api/v2/citymeter-v3/grocery/info/geom/0c336041-5d4b-4453-8463-0c1c64c27d0e/MUNICIPALITY","sourceSha256":"debe183f9e0a6db1272f37b03e40ab36ca4c9276af02058d87873d4ba61199e8","retrievedAt":"2026-10-04T05:44:23.941055+00:00","boundaryVintage":null,"geometryStatus":"native_source_polygon_display_simplified","simplificationToleranceDegrees":0.00015,"simplificationPreservesTopology":true,"invalidSourceRepair":"make_valid; retain polygonal components; discard zero-area collapsed lines","legalBoundaryIndependentlyVerified":false,"areaId":"0c336041-5d4b-4453-8463-0c1c64c27d0e"},"geometry":{"type":"MultiPolygon","coordinates":[[[[99.593149,11.686137],[99.597318,11.685154],[99.597724,11.685585],[99.598939,11.685752],[99.600012,11.685141],[99.601338,11.685246],[99.602265,11.684997],[99.603501,11.683689],[99.604145,11.683807],[99.604684,11.68321],[99.605761,11.682912],[99.607575,11.680769],[99.607856,11.679638],[99.608765,11.678883],[99.609075,11.677766],[99.610051,11.677538],[99.610711,11.677972],[99.61108,11.677925],[99.611512,11.6773],[99.612206,11.677292],[99.61468,11.675619],[99.615219,11.674818],[99.615526,11.673757],[99.617551,11.67357],[99.6183,11.672725],[99.619368,11.67206],[99.62001,11.672714],[99.622033,11.673508],[99.62331,11.672573],[99.624102,11.672541],[99.62422,11.672916],[99.625945,11.673545],[99.6281,11.673067],[99.628742,11.67351],[99.629571,11.673602],[99.630946,11.672104],[99.63174,11.671895],[99.632911,11.672016],[99.633377,11.671184],[99.634094,11.671108],[99.634392,11.670661],[99.635109,11.670414],[99.635548,11.669889],[99.63565,11.669077],[99.635907,11.668844],[99.63612,11.668722],[99.636844,11.668505],[99.637436,11.668271],[99.637483,11.668258],[99.638848,11.668139],[99.639822,11.66827],[99.639673,11.668867],[99.641757,11.67023],[99.642126,11.670715],[99.643632,11.670304],[99.644161,11.669649],[99.644949,11.669895],[99.645796,11.670837],[99.645299,11.672254],[99.646592,11.672934],[99.647743,11.672554],[99.649014,11.673404],[99.64997,11.673317],[99.651072,11.673741],[99.651716,11.674596],[99.651664,11.675922],[99.652211,11.676736],[99.653035,11.676242],[99.653471,11.675532],[99.654301,11.675513],[99.656294,11.674464],[99.657835,11.675197],[99.659701,11.67458],[99.660342,11.673665],[99.660043,11.672861],[99.660821,11.672396],[99.661429,11.672811],[99.66374,11.672767],[99.665067,11.672106],[99.665772,11.672036],[99.667622,11.672129],[99.668971,11.673072],[99.670257,11.673328],[99.670581,11.674101],[99.671008,11.674011],[99.671723,11.674277],[99.672549,11.673805],[99.673111,11.674175],[99.673632,11.675181],[99.675708,11.674991],[99.676526,11.675813],[99.677348,11.675004],[99.678621,11.674604],[99.679235,11.673612],[99.680032,11.673762],[99.680717,11.673474],[99.681085,11.67418],[99.68149,11.674112],[99.682233,11.673375],[99.682077,11.672729],[99.682543,11.671905],[99.682126,11.671136],[99.680808,11.670178],[99.680801,11.669262],[99.681364,11.669002],[99.682549,11.669332],[99.683137,11.667465],[99.68402,11.667584],[99.684406,11.667269],[99.685481,11.667347],[99.68617,11.667778],[99.687163,11.667571],[99.688422,11.664678],[99.689663,11.663379],[99.690443,11.663224],[99.691866,11.663462],[99.69223,11.664387],[99.693416,11.664017],[99.693778,11.664399],[99.693638,11.665097],[99.693907,11.665206],[99.695006,11.664888],[99.698835,11.664844],[99.699371,11.664506],[99.70005,11.664725],[99.701023,11.664457],[99.701944,11.663821],[99.702645,11.663819],[99.702737,11.664083],[99.702326,11.664595],[99.702405,11.66513],[99.702947,11.665289],[99.703659,11.665031],[99.704577,11.665495],[99.704802,11.666769],[99.705198,11.666823],[99.705512,11.666732],[99.705863,11.666009],[99.706946,11.665518],[99.710072,11.662946],[99.711051,11.662484],[99.711941,11.660187],[99.712524,11.660131],[99.712995,11.660442],[99.714337,11.660208],[99.71466,11.65951],[99.714646,11.657669],[99.715281,11.65652],[99.715394,11.655577],[99.715005,11.654543],[99.712481,11.650364],[99.712133,11.649001],[99.711466,11.64828],[99.711334,11.647601],[99.710974,11.647501],[99.710663,11.645521],[99.709483,11.645371],[99.705997,11.639216],[99.702413,11.634678],[99.697711,11.627795],[99.685519,11.607532],[99.684307,11.606406],[99.68477,11.606175],[99.684523,11.605635],[99.678968,11.596281],[99.6712,11.582233],[99.658937,11.588343],[99.657348,11.587437],[99.65416,11.588795],[99.660339,11.59976],[99.655686,11.599566],[99.649693,11.603059],[99.640176,11.604384],[99.626215,11.603845],[99.621855,11.605893],[99.622412,11.607499],[99.617071,11.607476],[99.617479,11.610355],[99.59859,11.610009],[99.583929,11.614341],[99.579351,11.617707],[99.574158,11.626821],[99.567125,11.631696],[99.568807,11.634393],[99.570841,11.636217],[99.571733,11.636618],[99.571771,11.636801],[99.571004,11.637332],[99.569881,11.638699],[99.569553,11.642594],[99.572384,11.645665],[99.572944,11.646836],[99.573169,11.648081],[99.575104,11.649103],[99.577487,11.65115],[99.580907,11.652805],[99.581993,11.653773],[99.583344,11.655088],[99.586322,11.659862],[99.586461,11.66138],[99.585737,11.665544],[99.584652,11.668459],[99.584602,11.670076],[99.585003,11.671279],[99.585058,11.673019],[99.584708,11.67379],[99.583739,11.674889],[99.583189,11.675108],[99.582744,11.677548],[99.583068,11.679003],[99.585869,11.682162],[99.588601,11.683011],[99.588121,11.68393],[99.587547,11.687375],[99.587752,11.687888],[99.588107,11.688256],[99.593149,11.686137]]],[[[99.637334,11.668312],[99.63733399999977,11.668312000000093],[99.637404,11.668284],[99.637334,11.668312]]]]},"bbox":[99.567125,11.582233,99.715394,11.688256]},{"type":"Feature","id":"2d469127-d5b7-44d3-9ba9-2ff8e62321b1","properties":{"id":"2d469127-d5b7-44d3-9ba9-2ff8e62321b1","code":"06770305","provinceCode":"77","nameTh":"องค์การบริหารส่วนตำบล นาหูกวาง","nameEn":null,"geometryType":"MUNICIPALITY","sourceUrl":"https://landometer.com/api/v2/citymeter-v3/grocery/info/geom/2d469127-d5b7-44d3-9ba9-2ff8e62321b1/MUNICIPALITY","sourceSha256":"bcbf03bc538410c26fc98503dcaffe592c7f171358a717bdffb2ae5413e5e681","retrievedAt":"2026-10-04T05:44:23.946765+00:00","boundaryVintage":null,"geometryStatus":"native_source_polygon_display_simplified","simplificationToleranceDegrees":0.00015,"simplificationPreservesTopology":true,"invalidSourceRepair":"make_valid; retain polygonal components; discard zero-area collapsed lines","legalBoundaryIndependentlyVerified":false,"areaId":"2d469127-d5b7-44d3-9ba9-2ff8e62321b1"},"geometry":{"type":"Polygon","coordinates":[[[99.553893,11.55158],[99.553989,11.546317],[99.556839,11.542881],[99.557135,11.536587],[99.560178,11.53503],[99.563029,11.530348],[99.56513,11.529941],[99.564137,11.526005],[99.567095,11.522808],[99.566061,11.522671],[99.56847,11.517803],[99.567447,11.513353],[99.570587,11.511053],[99.568927,11.508157],[99.573958,11.508814],[99.583945,11.503887],[99.586978,11.497681],[99.591894,11.499431],[99.603068,11.496028],[99.60721,11.497755],[99.607552,11.5008],[99.611566,11.502312],[99.614313,11.500403],[99.612946,11.498681],[99.615172,11.49402],[99.618788,11.493746],[99.619873,11.491518],[99.6225,11.490917],[99.625422,11.492961],[99.628224,11.49013],[99.630984,11.491215],[99.628713,11.482576],[99.628483,11.480172],[99.627397,11.476599],[99.627604,11.470755],[99.62656,11.468521],[99.624134,11.468936],[99.622102,11.4675],[99.619996,11.465],[99.617878,11.461541],[99.615735,11.456924],[99.612381,11.448559],[99.610309,11.442109],[99.609098,11.436326],[99.608595,11.440178],[99.603223,11.442383],[99.598272,11.442241],[99.59442,11.445097],[99.587859,11.442408],[99.587651,11.440949],[99.577284,11.438869],[99.574542,11.442184],[99.570052,11.443365],[99.564641,11.449923],[99.559489,11.4488],[99.55511,11.451844],[99.555085,11.4545],[99.551737,11.455453],[99.544646,11.461188],[99.536467,11.461815],[99.533842,11.463937],[99.529469,11.464548],[99.527919,11.465862],[99.529788,11.467563],[99.526352,11.472345],[99.526948,11.473604],[99.522907,11.475577],[99.521593,11.481867],[99.517547,11.484708],[99.515568,11.490022],[99.506705,11.490365],[99.490418,11.49872],[99.475437,11.501572],[99.455189,11.511865],[99.457053,11.512908],[99.45705,11.513741],[99.457307,11.5141],[99.457966,11.514365],[99.460797,11.517099],[99.462771,11.520173],[99.462962,11.521666],[99.46349,11.522691],[99.464274,11.522982],[99.465894,11.523086],[99.466367,11.523405],[99.466194,11.524564],[99.466803,11.525628],[99.466644,11.526395],[99.467413,11.527358],[99.468563,11.528394],[99.470211,11.529137],[99.471306,11.530227],[99.473458,11.531788],[99.473825,11.533123],[99.47372,11.536751],[99.473055,11.539206],[99.471311,11.540308],[99.469086,11.542839],[99.46905,11.543279],[99.46987,11.545256],[99.469797,11.545732],[99.468647,11.546833],[99.468465,11.549251],[99.465714,11.547717],[99.463263,11.548636],[99.462707,11.549114],[99.462786,11.551752],[99.463496,11.554535],[99.463352,11.557172],[99.463613,11.557868],[99.465361,11.558891],[99.465142,11.561492],[99.465545,11.561617],[99.465806,11.562166],[99.466981,11.56247],[99.467523,11.563503],[99.467714,11.5668],[99.467604,11.567386],[99.466453,11.568157],[99.46612,11.568817],[99.465828,11.571528],[99.464196,11.573692],[99.463939,11.575121],[99.463531,11.575965],[99.462529,11.576369],[99.459988,11.578553],[99.458116,11.581798],[99.457895,11.582751],[99.458343,11.584106],[99.459162,11.584873],[99.460314,11.585458],[99.46199,11.58791],[99.462846,11.588567],[99.462926,11.590429],[99.498658,11.584472],[99.499469,11.580287],[99.505462,11.574802],[99.525231,11.569188],[99.532551,11.563118],[99.537278,11.556672],[99.543142,11.555685],[99.549041,11.55673],[99.553893,11.55158]]]},"bbox":[99.455189,11.436326,99.630984,11.590429]},{"type":"Feature","id":"c1f94bfa-14a9-4aa4-914b-ac003f035d9a","properties":{"id":"c1f94bfa-14a9-4aa4-914b-ac003f035d9a","code":"06770306","provinceCode":"77","nameTh":"องค์การบริหารส่วนตำบล แสงอรุณ","nameEn":null,"geometryType":"MUNICIPALITY","sourceUrl":"https://landometer.com/api/v2/citymeter-v3/grocery/info/geom/c1f94bfa-14a9-4aa4-914b-ac003f035d9a/MUNICIPALITY","sourceSha256":"bf723f7a31dc4ad9cf84cb9b657f4d70b5a322e06f78322d2bce924ae5e5c72b","retrievedAt":"2026-10-04T05:44:23.928277+00:00","boundaryVintage":null,"geometryStatus":"native_source_polygon_display_simplified","simplificationToleranceDegrees":0.00015,"simplificationPreservesTopology":true,"invalidSourceRepair":"make_valid; retain polygonal components; discard zero-area collapsed lines","legalBoundaryIndependentlyVerified":false,"areaId":"c1f94bfa-14a9-4aa4-914b-ac003f035d9a"},"geometry":{"type":"Polygon","coordinates":[[[99.621855,11.605893],[99.626215,11.603845],[99.640176,11.604384],[99.649693,11.603059],[99.655686,11.599566],[99.660339,11.59976],[99.65416,11.588795],[99.657348,11.587437],[99.658937,11.588343],[99.6712,11.582233],[99.657834,11.557292],[99.655761,11.561125],[99.638319,11.560626],[99.620963,11.529573],[99.618333,11.530463],[99.61129,11.538257],[99.611505,11.542666],[99.609181,11.543936],[99.61117,11.54807],[99.611106,11.554138],[99.605828,11.5577],[99.608143,11.565767],[99.592167,11.57899],[99.593434,11.582594],[99.591069,11.583155],[99.590546,11.59074],[99.586381,11.598792],[99.587407,11.613313],[99.59859,11.610009],[99.617479,11.610355],[99.617071,11.607476],[99.622412,11.607499],[99.621855,11.605893]]]},"bbox":[99.586381,11.529573,99.6712,11.613313]},{"type":"Feature","id":"232cd927-cf1c-48a6-9ad6-e4b8f9d9274f","properties":{"id":"232cd927-cf1c-48a6-9ad6-e4b8f9d9274f","code":"06770307","provinceCode":"77","nameTh":"องค์การบริหารส่วนตำบล อ่างทอง","nameEn":null,"geometryType":"MUNICIPALITY","sourceUrl":"https://landometer.com/api/v2/citymeter-v3/grocery/info/geom/232cd927-cf1c-48a6-9ad6-e4b8f9d9274f/MUNICIPALITY","sourceSha256":"cfa95c63b4c43ffe8b4336391dd789dfee7e9a3d6b4f02d5c47bd11c6ad0a972","retrievedAt":"2026-10-04T05:44:23.999971+00:00","boundaryVintage":null,"geometryStatus":"native_source_polygon_display_simplified","simplificationToleranceDegrees":0.00015,"simplificationPreservesTopology":true,"invalidSourceRepair":"make_valid; retain polygonal components; discard zero-area collapsed lines","legalBoundaryIndependentlyVerified":false,"areaId":"232cd927-cf1c-48a6-9ad6-e4b8f9d9274f"},"geometry":{"type":"MultiPolygon","coordinates":[[[[99.529788,11.467563],[99.527919,11.465862],[99.527838,11.46593],[99.529469,11.464548],[99.533842,11.463937],[99.536467,11.461815],[99.544646,11.461188],[99.551737,11.455453],[99.555085,11.4545],[99.55511,11.451844],[99.559489,11.4488],[99.564641,11.449923],[99.570052,11.443365],[99.574542,11.442184],[99.577284,11.438869],[99.587651,11.440949],[99.587859,11.442408],[99.59442,11.445097],[99.598272,11.442241],[99.603223,11.442383],[99.608595,11.440178],[99.609098,11.436326],[99.609139,11.436475],[99.608928,11.435706],[99.608837,11.43547],[99.608835,11.435467],[99.608799,11.435373],[99.608773,11.435305],[99.608763,11.435279],[99.608736,11.435211],[99.608735,11.435166],[99.608733,11.435091],[99.60874,11.434791],[99.608722,11.434626],[99.608593,11.434351],[99.608428,11.433858],[99.608403,11.433725],[99.60839,11.43366],[99.608331,11.433471],[99.608105,11.43261],[99.607917,11.432045],[99.60764,11.431277],[99.607639,11.431276],[99.607639,11.431275],[99.607378,11.430407],[99.607378,11.430406],[99.607103,11.429409],[99.607103,11.429408],[99.606848,11.428422],[99.60662,11.427424],[99.606619,11.427424],[99.606472,11.42667],[99.606246,11.425716],[99.606246,11.425715],[99.606073,11.424936],[99.60591,11.4243],[99.60587,11.424144],[99.605676,11.423353],[99.605676,11.423352],[99.605676,11.423351],[99.605488,11.422365],[99.605487,11.422365],[99.605369,11.421667],[99.605369,11.421665],[99.60534,11.421348],[99.605339,11.421346],[99.605337,11.420557],[99.605337,11.420555],[99.605337,11.420553],[99.605337,11.420552],[99.605338,11.420551],[99.605404,11.42028],[99.60543,11.420236],[99.605474,11.420134],[99.605537,11.419994],[99.60563,11.419776],[99.605694,11.419655],[99.605723,11.419578],[99.605742,11.419486],[99.605742,11.419253],[99.605717,11.419118],[99.605633,11.418934],[99.605505,11.418794],[99.605451,11.418669],[99.605397,11.418504],[99.605318,11.418345],[99.605239,11.418205],[99.605225,11.418127],[99.605224,11.418021],[99.605224,11.417939],[99.605219,11.417881],[99.60518,11.417832],[99.605101,11.417774],[99.605052,11.417707],[99.604993,11.417557],[99.604973,11.417412],[99.604969,11.417403],[99.604973,11.417388],[99.604973,11.41732],[99.604948,11.417281],[99.604894,11.417257],[99.604776,11.417286],[99.604703,11.417325],[99.604644,11.41733],[99.6046,11.417301],[99.604512,11.417253],[99.60433,11.417152],[99.604202,11.417094],[99.604104,11.41707],[99.604001,11.417085],[99.603864,11.41708],[99.603673,11.417008],[99.603535,11.416907],[99.603437,11.416805],[99.603319,11.416602],[99.603235,11.416462],[99.603117,11.41624],[99.603014,11.416105],[99.602905,11.416037],[99.602783,11.416018],[99.60266,11.416091],[99.602582,11.416139],[99.602543,11.416202],[99.602543,11.41629],[99.602592,11.416347],[99.602651,11.41641],[99.602671,11.416565],[99.602676,11.416662],[99.602583,11.416807],[99.602358,11.416914],[99.602249,11.416955],[99.602152,11.416992],[99.60202,11.417007],[99.601838,11.416963],[99.601416,11.416814],[99.601092,11.416684],[99.600739,11.416414],[99.600424,11.416134],[99.600026,11.415593],[99.599746,11.41512],[99.59944,11.414428],[99.599228,11.413848],[99.599119,11.41352],[99.598927,11.412828],[99.598803,11.412156],[99.598743,11.411755],[99.598682,11.410937],[99.598666,11.410081],[99.598662,11.410031],[99.598663,11.410008],[99.598663,11.410007],[99.598713,11.409404],[99.598713,11.409403],[99.598801,11.408559],[99.598801,11.408558],[99.598802,11.408558],[99.598898,11.407918],[99.599007,11.407327],[99.599136,11.406633],[99.599137,11.406632],[99.599371,11.405653],[99.599421,11.405321],[99.599422,11.405305],[99.599424,11.405257],[99.599428,11.405172],[99.599431,11.4051],[99.599429,11.405084],[99.599424,11.40502],[99.598985,11.405107],[99.59841,11.405208],[99.598139,11.405256],[99.597817,11.4053],[99.597605,11.405334],[99.597425,11.405366],[99.597214,11.40541],[99.59704,11.405435],[99.596924,11.405445],[99.596813,11.405445],[99.596696,11.405439],[99.596576,11.405433],[99.59644,11.405418],[99.596368,11.405413],[99.596267,11.405406],[99.596131,11.405384],[99.596055,11.405359],[99.595982,11.405307],[99.595922,11.405238],[99.595878,11.40517],[99.595846,11.405086],[99.595824,11.404983],[99.595795,11.40484],[99.595773,11.404681],[99.595753,11.404531],[99.595721,11.404357],[99.595709,11.404264],[99.595696,11.404105],[99.595673,11.403983],[99.595601,11.403848],[99.5956,11.403846],[99.595531,11.403756],[99.595449,11.403679],[99.595325,11.403582],[99.595234,11.40352],[99.595136,11.40347],[99.595053,11.403449],[99.594937,11.403455],[99.594813,11.403465],[99.594716,11.403481],[99.594615,11.403512],[99.594469,11.403543],[99.59435,11.403572],[99.594249,11.403603],[99.594138,11.403628],[99.594066,11.40366],[99.59398,11.403697],[99.593851,11.403788],[99.593763,11.403844],[99.593659,11.403916],[99.593542,11.403994],[99.593397,11.4041],[99.593299,11.40415],[99.593214,11.404185],[99.593123,11.404232],[99.593053,11.404272],[99.592867,11.404354],[99.592788,11.404375],[99.592716,11.404397],[99.592653,11.404447],[99.592609,11.40451],[99.59258,11.404585],[99.592565,11.404675],[99.592555,11.404737],[99.59254,11.40484],[99.592537,11.404943],[99.59255,11.405043],[99.592547,11.405183],[99.592545,11.405303],[99.592544,11.405339],[99.592542,11.405487],[99.592528,11.405618],[99.592507,11.405686],[99.592469,11.405744],[99.592398,11.405805],[99.59233,11.405856],[99.592209,11.405917],[99.592114,11.405946],[99.591979,11.405979],[99.591653,11.406047],[99.591563,11.406061],[99.591471,11.406071],[99.591395,11.406078],[99.591328,11.40609],[99.591248,11.406111],[99.591165,11.406127],[99.591078,11.406135],[99.590976,11.406135],[99.590912,11.406156],[99.590853,11.406191],[99.590801,11.406257],[99.590768,11.406322],[99.590728,11.406371],[99.590678,11.406423],[99.590614,11.406456],[99.590576,11.406491],[99.590539,11.406547],[99.59051,11.406601],[99.590491,11.406673],[99.590477,11.406739],[99.590466,11.406816],[99.59044,11.406895],[99.59042,11.406936],[99.590414,11.406949],[99.590383,11.406979],[99.590346,11.406996],[99.590307,11.406997],[99.590211,11.406991],[99.590113,11.40698],[99.590066,11.406975],[99.589829,11.406949],[99.589516,11.406922],[99.58917,11.406921],[99.588953,11.406923],[99.588635,11.406927],[99.588463,11.406943],[99.58836,11.406954],[99.588263,11.406984],[99.588179,11.407026],[99.588108,11.407084],[99.588011,11.407168],[99.587926,11.407251],[99.587755,11.40737],[99.587608,11.407472],[99.587525,11.407525],[99.587468,11.407557],[99.587363,11.407585],[99.587228,11.407613],[99.587102,11.407647],[99.586966,11.407686],[99.586833,11.407728],[99.58673,11.407766],[99.586655,11.4078],[99.586598,11.407844],[99.586541,11.407909],[99.586466,11.408015],[99.586377,11.408087],[99.586286,11.40814],[99.586201,11.408187],[99.586122,11.408256],[99.586009,11.408365],[99.586004,11.40837],[99.585939,11.408443],[99.585845,11.408559],[99.585829,11.408576],[99.58576,11.408652],[99.585678,11.408758],[99.585628,11.408824],[99.585514,11.408936],[99.585451,11.409017],[99.585353,11.409136],[99.585268,11.409217],[99.585155,11.409345],[99.585075,11.409425],[99.584986,11.409554],[99.584953,11.409608],[99.584928,11.409629],[99.584895,11.409644],[99.584859,11.409647],[99.584797,11.409643],[99.584759,11.409638],[99.584663,11.409625],[99.584603,11.409626],[99.584559,11.40963],[99.584528,11.409638],[99.584499,11.409651],[99.584478,11.409668],[99.584455,11.409692],[99.584433,11.409721],[99.584414,11.409751],[99.584402,11.40979],[99.584386,11.409864],[99.584361,11.409987],[99.584361,11.409988],[99.584348,11.410055],[99.58432,11.410112],[99.584296,11.410142],[99.584272,11.410163],[99.584226,11.410191],[99.58419,11.410209],[99.584156,11.410222],[99.584111,11.410242],[99.584007,11.410271],[99.583921,11.410299],[99.583824,11.410331],[99.583644,11.41041],[99.583564,11.410439],[99.583535,11.410447],[99.58348,11.410454],[99.583426,11.410451],[99.58337,11.410453],[99.583296,11.410454],[99.583221,11.410454],[99.583186,11.410457],[99.583153,11.410467],[99.58309,11.410487],[99.58299,11.410515],[99.582956,11.410524],[99.582854,11.410554],[99.582756,11.410584],[99.582655,11.410616],[99.582595,11.410634],[99.582589,11.410636],[99.582482,11.410712],[99.58248,11.410713],[99.582472,11.410722],[99.582419,11.410778],[99.582409,11.410794],[99.582325,11.410916],[99.582218,11.411049],[99.582112,11.411155],[99.582016,11.411205],[99.581904,11.411266],[99.581742,11.411322],[99.581613,11.411361],[99.581439,11.411422],[99.581321,11.411478],[99.581215,11.411544],[99.581155,11.411611],[99.581058,11.411728],[99.580974,11.411857],[99.580899,11.411956],[99.58083,11.412035],[99.580718,11.412161],[99.580674,11.41224],[99.580636,11.412309],[99.580606,11.412442],[99.580581,11.412558],[99.580568,11.412629],[99.58054,11.412695],[99.580474,11.412798],[99.580437,11.412852],[99.580395,11.412913],[99.580325,11.413013],[99.58027,11.413074],[99.580221,11.413125],[99.580194,11.413151],[99.580167,11.413164],[99.580129,11.413182],[99.580079,11.413199],[99.580039,11.413212],[99.579992,11.413231],[99.579964,11.413242],[99.579948,11.413255],[99.579928,11.413284],[99.579916,11.413305],[99.579904,11.413343],[99.57989,11.413381],[99.579877,11.413422],[99.579861,11.413462],[99.57986,11.413462],[99.579848,11.413481],[99.579841,11.413488],[99.579832,11.413496],[99.579798,11.413514],[99.579778,11.41352],[99.579748,11.413528],[99.579674,11.413543],[99.579648,11.413548],[99.579544,11.413566],[99.579404,11.41359],[99.579369,11.413588],[99.579128,11.413575],[99.578964,11.413545],[99.57893,11.413538],[99.57887,11.413527],[99.578831,11.413522],[99.578803,11.413519],[99.578423,11.413473],[99.577619,11.413529],[99.577391,11.413532],[99.577158,11.413534],[99.576592,11.413575],[99.576319,11.413621],[99.575928,11.413684],[99.575802,11.413754],[99.575639,11.413948],[99.575612,11.413985],[99.575551,11.414077],[99.575493,11.414118],[99.575444,11.414139],[99.575402,11.414148],[99.575352,11.41415],[99.575303,11.414142],[99.575219,11.414115],[99.575078,11.41404],[99.57475,11.413843],[99.574501,11.413724],[99.574239,11.413614],[99.574085,11.413557],[99.573866,11.413519],[99.573594,11.413471],[99.57335,11.413402],[99.573169,11.413313],[99.573042,11.413227],[99.572844,11.413066],[99.572502,11.41279],[99.572014,11.412449],[99.571636,11.412241],[99.571167,11.412052],[99.570891,11.412015],[99.57059,11.412022],[99.570307,11.412029],[99.56982,11.41208],[99.569678,11.412098],[99.56942,11.412172],[99.569153,11.412278],[99.568833,11.412405],[99.568597,11.412499],[99.568513,11.412532],[99.568202,11.412692],[99.567913,11.412929],[99.567671,11.413104],[99.567565,11.413144],[99.567319,11.413183],[99.567285,11.413183],[99.566924,11.41319],[99.566453,11.413191],[99.56622,11.413182],[99.565944,11.413129],[99.565866,11.413114],[99.565734,11.413058],[99.565585,11.412996],[99.565551,11.412982],[99.565082,11.412721],[99.564761,11.412554],[99.564695,11.412522],[99.564488,11.412451],[99.564338,11.412424],[99.564056,11.412433],[99.563776,11.412475],[99.563545,11.41256],[99.563399,11.41262],[99.563228,11.412705],[99.562768,11.412858],[99.562756,11.412861],[99.56259,11.412904],[99.56231,11.413],[99.562042,11.413067],[99.561805,11.413122],[99.561617,11.413194],[99.561391,11.413303],[99.561112,11.413441],[99.560753,11.413619],[99.560425,11.413807],[99.560232,11.413902],[99.560122,11.413957],[99.559563,11.414189],[99.558644,11.414469],[99.557682,11.414699],[99.556436,11.414867],[99.556399,11.41487],[99.55575,11.414855],[99.555158,11.414811],[99.55469,11.414787],[99.554085,11.414755],[99.553972,11.414749],[99.553559,11.414765],[99.553518,11.414766],[99.553032,11.414806],[99.552597,11.414847],[99.551858,11.414889],[99.551418,11.41487],[99.550965,11.414876],[99.550367,11.414878],[99.550121,11.414908],[99.549717,11.41493],[99.549351,11.414938],[99.548983,11.414959],[99.548947,11.414961],[99.548686,11.414991],[99.548365,11.415021],[99.548111,11.415051],[99.547789,11.415096],[99.54758,11.415126],[99.547544,11.415126],[99.546451,11.415284],[99.545366,11.415486],[99.543617,11.41598],[99.543248,11.4161],[99.542815,11.416278],[99.542374,11.416411],[99.542001,11.416515],[99.54156,11.416634],[99.541172,11.416767],[99.540575,11.416945],[99.540022,11.417131],[99.539268,11.417331],[99.538775,11.417465],[99.538476,11.417554],[99.53823,11.417621],[99.538174,11.417633],[99.537778,11.417738],[99.537494,11.417813],[99.537262,11.417886],[99.536923,11.418001],[99.536865,11.418021],[99.536686,11.41811],[99.536632,11.418138],[99.536546,11.418191],[99.536322,11.41831],[99.536105,11.418435],[99.535969,11.418509],[99.535872,11.418543],[99.535578,11.418611],[99.535553,11.418616],[99.535222,11.418683],[99.534285,11.418924],[99.534249,11.418932],[99.533961,11.418992],[99.533704,11.419045],[99.532788,11.41927],[99.532131,11.419533],[99.532097,11.419551],[99.53125,11.419893],[99.531012,11.41996],[99.530606,11.420051],[99.530335,11.420112],[99.530153,11.420202],[99.530062,11.420302],[99.530012,11.420459],[99.529975,11.420688],[99.52996,11.42082],[99.529975,11.420953],[99.530035,11.421056],[99.530111,11.421122],[99.53021,11.421193],[99.530427,11.42135],[99.530573,11.421455],[99.530694,11.421586],[99.530755,11.421741],[99.530786,11.421897],[99.53075,11.422189],[99.530421,11.42373],[99.530358,11.423894],[99.530283,11.424025],[99.530188,11.424125],[99.530093,11.424242],[99.529943,11.424426],[99.529647,11.425646],[99.529228,11.427146],[99.529178,11.427391],[99.529137,11.427469],[99.529117,11.427494],[99.52909,11.42751],[99.529068,11.427513],[99.528999,11.4275],[99.528777,11.427391],[99.528712,11.427359],[99.528567,11.427318],[99.528356,11.427259],[99.528345,11.427256],[99.528344,11.427256],[99.528216,11.427248],[99.528138,11.427235],[99.528108,11.427227],[99.528059,11.427202],[99.528036,11.427183],[99.528021,11.427171],[99.527932,11.427144],[99.527879,11.427148],[99.527529,11.427184],[99.527501,11.427185],[99.52725,11.427206],[99.527009,11.427251],[99.526919,11.427292],[99.526781,11.427394],[99.526726,11.427434],[99.526726,11.427435],[99.526648,11.427503],[99.526624,11.427526],[99.526583,11.427544],[99.52653,11.427547],[99.526423,11.427515],[99.526416,11.427514],[99.526341,11.427526],[99.526302,11.427541],[99.52627,11.427544],[99.526244,11.427533],[99.526227,11.427521],[99.526197,11.427492],[99.526157,11.427476],[99.526154,11.427476],[99.526112,11.427472],[99.525936,11.427482],[99.525916,11.427483],[99.525859,11.427495],[99.525668,11.427533],[99.52539,11.427631],[99.525377,11.427637],[99.525027,11.427808],[99.52501,11.427816],[99.524854,11.427886],[99.52466,11.427973],[99.524382,11.428129],[99.524264,11.428231],[99.524157,11.428325],[99.523818,11.428585],[99.523417,11.428834],[99.523341,11.428865],[99.52326,11.4289],[99.52323,11.428904],[99.52303,11.428934],[99.523001,11.428934],[99.522877,11.428969],[99.522769,11.429007],[99.522649,11.429111],[99.522511,11.429244],[99.522467,11.429279],[99.522381,11.42932],[99.522073,11.42943],[99.521737,11.429519],[99.521349,11.429601],[99.521298,11.429615],[99.520912,11.429724],[99.520835,11.429742],[99.520301,11.429806],[99.52,11.429822],[99.519786,11.429834],[99.519548,11.429816],[99.519077,11.429669],[99.519058,11.429663],[99.517933,11.429067],[99.517917,11.429058],[99.516983,11.428502],[99.516899,11.428452],[99.516632,11.428296],[99.516345,11.428127],[99.516162,11.428002],[99.515962,11.427865],[99.51582,11.427768],[99.515573,11.427658],[99.515287,11.427578],[99.514906,11.427525],[99.514485,11.427405],[99.514322,11.427347],[99.513855,11.427311],[99.513032,11.427282],[99.512396,11.427292],[99.512292,11.427291],[99.512157,11.427294],[99.511325,11.427316],[99.510188,11.427207],[99.509302,11.427065],[99.508713,11.426891],[99.508229,11.426725],[99.508103,11.426704],[99.507729,11.426639],[99.507079,11.426552],[99.506964,11.426537],[99.506224,11.426384],[99.506149,11.426363],[99.505717,11.426157],[99.505569,11.426086],[99.505149,11.425952],[99.504875,11.425896],[99.50469,11.425881],[99.504488,11.425865],[99.504345,11.425863],[99.50311,11.426033],[99.502509,11.426121],[99.502398,11.426094],[99.502258,11.426023],[99.502051,11.425819],[99.501716,11.425597],[99.501418,11.42546],[99.50104,11.425359],[99.500347,11.425222],[99.500164,11.425187],[99.499756,11.425109],[99.499337,11.425103],[99.498947,11.42517],[99.498376,11.425303],[99.497844,11.42543],[99.497294,11.425557],[99.49638,11.425783],[99.495889,11.425907],[99.495802,11.425903],[99.495443,11.425832],[99.495001,11.425682],[99.494738,11.42566],[99.494137,11.425646],[99.493684,11.425626],[99.493506,11.425618],[99.493297,11.425612],[99.493247,11.4256],[99.493144,11.425576],[99.49309,11.425532],[99.49304,11.425492],[99.492972,11.425385],[99.492932,11.425198],[99.492931,11.42518],[99.492923,11.42504],[99.492934,11.424897],[99.492927,11.42482],[99.492912,11.424739],[99.492886,11.424699],[99.492848,11.424688],[99.49278,11.4247],[99.491944,11.424913],[99.491866,11.424913],[99.491833,11.424902],[99.491799,11.424881],[99.491543,11.424685],[99.491277,11.424485],[99.491221,11.424448],[99.491121,11.424441],[99.490987,11.424456],[99.490687,11.424539],[99.490362,11.424622],[99.48973,11.424792],[99.488022,11.425511],[99.487189,11.425865],[99.486836,11.426012],[99.486666,11.426066],[99.486489,11.426123],[99.486388,11.42614],[99.486154,11.426179],[99.48589,11.426205],[99.485503,11.426143],[99.485391,11.426151],[99.485319,11.426159],[99.485161,11.426177],[99.485102,11.426175],[99.48502,11.426156],[99.484929,11.426114],[99.484866,11.426086],[99.484788,11.426053],[99.484714,11.426038],[99.484606,11.426031],[99.484554,11.426031],[99.484394,11.426094],[99.484373,11.426106],[99.48365,11.426554],[99.483276,11.426779],[99.483204,11.426822],[99.483204,11.426823],[99.483202,11.426823],[99.482504,11.427092],[99.482077,11.427262],[99.4805,11.428021],[99.48017,11.428211],[99.479945,11.428341],[99.479879,11.428422],[99.479812,11.428551],[99.479623,11.429149],[99.479545,11.429252],[99.479329,11.429466],[99.47895,11.429834],[99.477984,11.430739],[99.477404,11.431262],[99.477201,11.431446],[99.477098,11.43157],[99.477077,11.431607],[99.477088,11.431665],[99.477282,11.431889],[99.477301,11.431974],[99.477301,11.431995],[99.47728,11.432044],[99.477205,11.432128],[99.476164,11.432824],[99.475531,11.433269],[99.475435,11.433394],[99.475349,11.433501],[99.475026,11.433858],[99.474796,11.434111],[99.474485,11.434393],[99.473562,11.43523],[99.473403,11.435376],[99.473024,11.435878],[99.472867,11.436116],[99.471239,11.435141],[99.470889,11.434925],[99.470549,11.434728],[99.470434,11.434687],[99.47034,11.434658],[99.470319,11.434651],[99.470121,11.434651],[99.469738,11.434714],[99.469373,11.434836],[99.468998,11.435072],[99.468663,11.435351],[99.468451,11.435561],[99.468374,11.435637],[99.468355,11.435664],[99.468352,11.435716],[99.468369,11.435761],[99.468724,11.436243],[99.468798,11.436383],[99.4688,11.43643],[99.468796,11.436454],[99.468767,11.436523],[99.468746,11.436565],[99.468709,11.436607],[99.468242,11.436904],[99.467661,11.437273],[99.466884,11.437752],[99.466114,11.438219],[99.465801,11.438439],[99.465747,11.438494],[99.465688,11.438622],[99.465578,11.438789],[99.465523,11.438855],[99.465422,11.438931],[99.465257,11.439024],[99.464958,11.439098],[99.463688,11.439354],[99.463396,11.439395],[99.463098,11.439453],[99.461105,11.439678],[99.460736,11.439728],[99.460192,11.439769],[99.460083,11.439778],[99.459936,11.439765],[99.459526,11.43973],[99.458239,11.439535],[99.456984,11.439455],[99.456493,11.439443],[99.455032,11.439409],[99.453949,11.439319],[99.453556,11.439286],[99.453284,11.439242],[99.45309,11.439255],[99.45298,11.439306],[99.452883,11.439383],[99.452805,11.439504],[99.452788,11.439545],[99.452689,11.439773],[99.45258,11.44008],[99.452464,11.440463],[99.452342,11.441019],[99.452245,11.441466],[99.45222,11.441647],[99.452156,11.442105],[99.452152,11.442128],[99.452091,11.442489],[99.452089,11.442509],[99.45206,11.44277],[99.452021,11.442955],[99.451943,11.443051],[99.451846,11.443109],[99.451723,11.443128],[99.451549,11.443141],[99.451328,11.443122],[99.451222,11.443099],[99.451169,11.443088],[99.450693,11.442903],[99.450153,11.442735],[99.44977,11.442659],[99.449759,11.442657],[99.449464,11.442653],[99.44884,11.442704],[99.448217,11.442803],[99.447905,11.442936],[99.447595,11.443068],[99.447462,11.443124],[99.447262,11.443206],[99.446958,11.443296],[99.446557,11.443347],[99.446301,11.443404],[99.446161,11.443436],[99.446017,11.443477],[99.446009,11.443479],[99.445859,11.443545],[99.445677,11.443627],[99.445563,11.443703],[99.445402,11.44386],[99.445337,11.44398],[99.44523,11.44411],[99.445162,11.444193],[99.44503,11.444283],[99.444888,11.444341],[99.444864,11.44435],[99.444565,11.444464],[99.444307,11.444579],[99.444191,11.44467],[99.444034,11.444793],[99.443934,11.444897],[99.443884,11.444949],[99.443708,11.445207],[99.44369,11.445242],[99.443593,11.445421],[99.44349,11.445574],[99.443367,11.445658],[99.443195,11.445749],[99.442919,11.445886],[99.442654,11.446011],[99.442355,11.446159],[99.442193,11.446261],[99.442102,11.446319],[99.441872,11.446489],[99.441608,11.446706],[99.441217,11.446945],[99.441051,11.447027],[99.440776,11.447043],[99.440544,11.446978],[99.440175,11.44672],[99.44003,11.446606],[99.439569,11.446288],[99.439462,11.446233],[99.439155,11.446073],[99.438786,11.445972],[99.438406,11.445915],[99.438061,11.445893],[99.437853,11.445928],[99.437669,11.445985],[99.437382,11.446155],[99.437219,11.446274],[99.436805,11.446617],[99.436067,11.44746],[99.43573,11.447957],[99.435594,11.448157],[99.435363,11.448623],[99.435255,11.448797],[99.435077,11.449043],[99.434923,11.449256],[99.434878,11.449336],[99.434666,11.449617],[99.434335,11.450011],[99.434199,11.450117],[99.433821,11.450414],[99.43333,11.450685],[99.4325,11.451014],[99.432153,11.451206],[99.43182,11.451392],[99.431693,11.451497],[99.431286,11.451838],[99.43128,11.451843],[99.431277,11.451847],[99.430891,11.45228],[99.430378,11.452981],[99.429946,11.453804],[99.429405,11.455277],[99.429355,11.455439],[99.429233,11.455801],[99.428976,11.45661],[99.428705,11.457416],[99.428314,11.458372],[99.427969,11.458942],[99.427791,11.459229],[99.427601,11.459534],[99.427118,11.460126],[99.426496,11.460786],[99.425874,11.461333],[99.425575,11.461675],[99.425322,11.46213],[99.425184,11.462472],[99.425231,11.462949],[99.425375,11.463353],[99.425764,11.464156],[99.426103,11.465003],[99.426426,11.465669],[99.426673,11.466395],[99.426765,11.466698],[99.426858,11.467122],[99.426874,11.467455],[99.426936,11.468106],[99.426922,11.468591],[99.426846,11.469212],[99.426785,11.469651],[99.426694,11.470014],[99.426526,11.470529],[99.426327,11.470984],[99.426158,11.471302],[99.425898,11.471696],[99.425454,11.472242],[99.425162,11.472576],[99.424779,11.472955],[99.424319,11.473319],[99.42389,11.473743],[99.423353,11.474138],[99.422985,11.474411],[99.422556,11.474729],[99.422172,11.475003],[99.42182,11.475215],[99.421452,11.475397],[99.421053,11.475564],[99.4207,11.475777],[99.419932,11.475978],[99.419564,11.47604],[99.419707,11.477427],[99.41971,11.47954],[99.419711,11.480078],[99.419796,11.480742],[99.419964,11.480866],[99.420216,11.480948],[99.420661,11.481159],[99.421287,11.481357],[99.421542,11.481454],[99.422077,11.481678],[99.422412,11.481771],[99.4226,11.481823],[99.423521,11.482001],[99.424089,11.482061],[99.424352,11.482089],[99.425364,11.482088],[99.426182,11.482075],[99.426637,11.482064],[99.426884,11.482042],[99.427035,11.482029],[99.427353,11.481917],[99.427592,11.481804],[99.42774,11.481568],[99.42783,11.481265],[99.427966,11.480918],[99.428102,11.48057],[99.428261,11.480233],[99.428385,11.479941],[99.42851,11.479717],[99.428537,11.479692],[99.428748,11.479492],[99.42901,11.479323],[99.429362,11.479042],[99.429482,11.478975],[99.42968,11.478862],[99.429683,11.478861],[99.429953,11.478772],[99.430133,11.478748],[99.430295,11.478861],[99.430505,11.47911],[99.430632,11.479566],[99.430633,11.480187],[99.430676,11.480684],[99.430928,11.48089],[99.430932,11.480893],[99.430945,11.480924],[99.431185,11.481216],[99.431458,11.481428],[99.431708,11.481506],[99.432106,11.481528],[99.432504,11.48155],[99.43288,11.481662],[99.433198,11.481762],[99.433517,11.481751],[99.433914,11.481638],[99.434312,11.481413],[99.434846,11.481221],[99.436134,11.480786],[99.436313,11.480725],[99.436448,11.480695],[99.436565,11.480669],[99.43694,11.480668],[99.437051,11.480668],[99.437107,11.480656],[99.437643,11.480724],[99.438098,11.480701],[99.438416,11.480622],[99.438734,11.480487],[99.439154,11.480206],[99.439541,11.480025],[99.439916,11.479801],[99.440336,11.479643],[99.440836,11.479508],[99.441302,11.479462],[99.441791,11.479473],[99.442315,11.479539],[99.442867,11.479645],[99.442877,11.479651],[99.443508,11.479981],[99.443929,11.480353],[99.4439862054796,11.480551246575828],[99.443998,11.48059],[99.444013,11.480644],[99.44393,11.481141],[99.443427,11.481804],[99.443337,11.481893],[99.442881,11.482344],[99.442462,11.482676],[99.442084,11.483215],[99.442001,11.48363],[99.441918,11.484168],[99.441793,11.484749],[99.441542,11.485246],[99.441527,11.485461],[99.441501,11.485826],[99.441544,11.486244],[99.441586,11.486656],[99.441827,11.487484],[99.442008,11.487897],[99.442261,11.488312],[99.442653,11.488601],[99.442681,11.488646],[99.442943,11.489004],[99.443251,11.489329],[99.443272,11.489355],[99.443445,11.489564],[99.443616,11.489867],[99.443661,11.490054],[99.443707,11.490248],[99.443856,11.490618],[99.444027,11.490842],[99.444175,11.491044],[99.444402,11.491201],[99.444675,11.491245],[99.445039,11.4912],[99.445196,11.491179],[99.44538,11.491154],[99.445687,11.491165],[99.44596,11.491232],[99.446177,11.491377],[99.44621,11.491434],[99.446314,11.491613],[99.446474,11.492072],[99.446633,11.492532],[99.446895,11.492834],[99.447328,11.493069],[99.447886,11.493326],[99.448181,11.493404],[99.448477,11.493404],[99.44867,11.493325],[99.448875,11.493156],[99.449068,11.492909],[99.449283,11.492685],[99.449533,11.49255],[99.449806,11.492437],[99.450056,11.492358],[99.450363,11.492347],[99.450625,11.492425],[99.451034,11.49257],[99.451376,11.492816],[99.451774,11.493096],[99.452184,11.493252],[99.452537,11.493319],[99.452878,11.493307],[99.453264,11.493262],[99.453549,11.493149],[99.453901,11.492891],[99.454241,11.492621],[99.454718,11.492194],[99.455309,11.491587],[99.45574,11.491183],[99.45612,11.490775],[99.456556,11.490404],[99.456687,11.490286],[99.456715,11.49032],[99.456884,11.490693],[99.457052,11.490857],[99.457473,11.490857],[99.457514,11.490857],[99.458102,11.490938],[99.458439,11.49127],[99.458524,11.491891],[99.458525,11.492347],[99.458357,11.492803],[99.458191,11.493508],[99.458149,11.493797],[99.458276,11.494378],[99.458276,11.494792],[99.458109,11.495123],[99.457769,11.495797],[99.457966,11.495406],[99.457635,11.496062],[99.457523,11.496285],[99.456784,11.497479],[99.455978,11.498305],[99.455703,11.498587],[99.45463,11.49977],[99.454284,11.500212],[99.45419,11.50071],[99.454286,11.50124],[99.454423,11.501841],[99.451185,11.505621],[99.449842,11.507354],[99.449101,11.507978],[99.448618,11.508309],[99.44847,11.508528],[99.448532,11.508619],[99.448619,11.508747],[99.448953,11.508894],[99.449288,11.509003],[99.449771,11.509112],[99.450514,11.509221],[99.451212,11.509275],[99.451443,11.509292],[99.451688,11.509336],[99.451832,11.509792],[99.452027,11.510271],[99.452112,11.510426],[99.452306,11.510629],[99.452573,11.510653],[99.453155,11.510652],[99.453665,11.510663],[99.454183,11.510662],[99.454201,11.51071],[99.454231,11.51079],[99.454603,11.511339],[99.455087,11.511778],[99.455189,11.511865],[99.475437,11.501572],[99.490418,11.49872],[99.506705,11.490365],[99.515568,11.490022],[99.517547,11.484708],[99.521593,11.481867],[99.522907,11.475577],[99.526948,11.473604],[99.526352,11.472345],[99.529788,11.467563]]],[[[99.443987,11.480554],[99.4439862054796,11.480551246575828],[99.443984,11.480544],[99.443987,11.480554]]]]},"bbox":[99.419564,11.403449,99.609139,11.511865]},{"type":"Feature","id":"a86cd620-2e8a-4043-8eac-cdc1f7ec54d5","properties":{"id":"a86cd620-2e8a-4043-8eac-cdc1f7ec54d5","code":"06770404","provinceCode":"77","nameTh":"องค์การบริหารส่วนตำบล กำเนิดนพคุณ","nameEn":null,"geometryType":"MUNICIPALITY","sourceUrl":"https://landometer.com/api/v2/citymeter-v3/grocery/info/geom/a86cd620-2e8a-4043-8eac-cdc1f7ec54d5/MUNICIPALITY","sourceSha256":"d90d6506b5ad1f69ef36d83e69270f95f968e952bb10b7b962cb7c944fdfe36a","retrievedAt":"2026-10-04T05:44:24.010847+00:00","boundaryVintage":null,"geometryStatus":"native_source_polygon_display_simplified","simplificationToleranceDegrees":0.00015,"simplificationPreservesTopology":true,"invalidSourceRepair":"make_valid; retain polygonal components; discard zero-area collapsed lines","legalBoundaryIndependentlyVerified":false,"areaId":"a86cd620-2e8a-4043-8eac-cdc1f7ec54d5"},"geometry":{"type":"Polygon","coordinates":[[[99.535697,11.277217],[99.525036,11.235963],[99.510854,11.215817],[99.509722,11.216523],[99.511108,11.223379],[99.509152,11.2257],[99.501538,11.227422],[99.501965,11.223742],[99.498034,11.225146],[99.496422,11.221162],[99.493214,11.222258],[99.492857,11.224124],[99.489446,11.222025],[99.490845,11.225859],[99.487236,11.225586],[99.478795,11.230639],[99.480916,11.233065],[99.4839347967821,11.233326533843039],[99.483037,11.235685],[99.477611,11.236297],[99.475181,11.242819],[99.473507,11.243022],[99.473758,11.246005],[99.46836,11.248579],[99.469434,11.249302],[99.468062,11.249875],[99.46593,11.257268],[99.469522,11.262042],[99.466726,11.264848],[99.468323,11.268028],[99.464866,11.27251],[99.466613,11.2768],[99.460518,11.282167],[99.461686,11.283912],[99.45967,11.289542],[99.463456,11.294275],[99.463538,11.297982],[99.465729,11.301062],[99.471858,11.305505],[99.475108,11.314103],[99.485258,11.313753],[99.498077,11.309429],[99.501548,11.309136],[99.501628,11.310133],[99.501834,11.310033],[99.501474,11.298036],[99.505644,11.27673],[99.502648,11.26924],[99.517366,11.274607],[99.535697,11.277217]],[[99.483935,11.233326],[99.484298,11.233358],[99.4839347967821,11.233326533843039],[99.483935,11.233326]]]},"bbox":[99.45967,11.215817,99.535697,11.314103]},{"type":"Feature","id":"2027419c-13e3-4441-b22e-bf324dbfa408","properties":{"id":"2027419c-13e3-4441-b22e-bf324dbfa408","code":"06770405","provinceCode":"77","nameTh":"องค์การบริหารส่วนตำบล ชัยเกษม","nameEn":null,"geometryType":"MUNICIPALITY","sourceUrl":"https://landometer.com/api/v2/citymeter-v3/grocery/info/geom/2027419c-13e3-4441-b22e-bf324dbfa408/MUNICIPALITY","sourceSha256":"6346fa4defca5fc1fd37fbda412c362e62a8ec921964678d40511dbffad4594a","retrievedAt":"2026-10-04T05:44:24.025024+00:00","boundaryVintage":null,"geometryStatus":"native_source_polygon_display_simplified","simplificationToleranceDegrees":0.00015,"simplificationPreservesTopology":true,"invalidSourceRepair":"make_valid; retain polygonal components; discard zero-area collapsed lines","legalBoundaryIndependentlyVerified":false,"areaId":"2027419c-13e3-4441-b22e-bf324dbfa408"},"geometry":{"type":"MultiPolygon","coordinates":[[[[99.392202,11.382197],[99.39220249707427,11.382196602040889],[99.392005,11.382109],[99.392202,11.382197]]],[[[99.437669,11.445985],[99.439155,11.446073],[99.440544,11.446978],[99.441051,11.447027],[99.44349,11.445574],[99.444034,11.444793],[99.446009,11.443479],[99.449464,11.442653],[99.451846,11.443109],[99.45258,11.44008],[99.45309,11.439255],[99.460083,11.439778],[99.465257,11.439024],[99.466114,11.438219],[99.468709,11.436607],[99.468798,11.436383],[99.468374,11.435637],[99.469373,11.434836],[99.470121,11.434651],[99.472867,11.436116],[99.475531,11.433269],[99.477205,11.432128],[99.477098,11.43157],[99.479545,11.429252],[99.479945,11.428341],[99.484554,11.426031],[99.486489,11.426123],[99.491121,11.424441],[99.491866,11.424913],[99.492886,11.424699],[99.493144,11.425576],[99.495802,11.425903],[99.499756,11.425109],[99.501418,11.42546],[99.502509,11.426121],[99.504875,11.425896],[99.506224,11.426384],[99.510188,11.427207],[99.514322,11.427347],[99.51582,11.427768],[99.519058,11.429663],[99.520835,11.429742],[99.522381,11.42932],[99.525668,11.427533],[99.526583,11.427544],[99.527009,11.427251],[99.527932,11.427144],[99.529117,11.427494],[99.53075,11.422189],[99.530694,11.421586],[99.529975,11.420953],[99.530062,11.420302],[99.530335,11.420112],[99.545366,11.415486],[99.548983,11.414959],[99.552597,11.414075],[99.553795,11.386846],[99.548184,11.384654],[99.545177,11.387253],[99.541328,11.38677],[99.540782,11.382298],[99.522947,11.357459],[99.512267,11.33917],[99.501963,11.314352],[99.501834,11.310033],[99.501628,11.310133],[99.501548,11.309136],[99.498077,11.309429],[99.485258,11.313753],[99.475108,11.314103],[99.469834,11.317093],[99.452624,11.33038],[99.450648,11.329947],[99.446942,11.3247],[99.432183,11.314921],[99.430962,11.313395],[99.428404,11.311585],[99.426889,11.311848],[99.426259,11.32137],[99.431571,11.326848],[99.434873,11.339405],[99.439477,11.348279],[99.439433,11.351756],[99.430295,11.358198],[99.408456,11.369184],[99.39220249707427,11.382196602040889],[99.393107,11.382543],[99.394556,11.382546],[99.396387,11.383355],[99.397057,11.384383],[99.39846,11.385175],[99.399531,11.386167],[99.401644,11.389145],[99.401897,11.389983],[99.401427,11.391567],[99.401839,11.393088],[99.401683,11.394331],[99.397722,11.399533],[99.397663,11.400453],[99.398064,11.401117],[99.398798,11.401538],[99.399144,11.403276],[99.399611,11.403903],[99.403137,11.405087],[99.403899,11.405546],[99.404298,11.406308],[99.404186,11.407374],[99.403857,11.407946],[99.402067,11.409979],[99.401532,11.41012],[99.401312,11.410492],[99.401671,11.413456],[99.40272,11.41535],[99.402096,11.419916],[99.402831,11.42217],[99.402758,11.42413],[99.400556,11.429104],[99.399859,11.429436],[99.399767,11.430896],[99.398219,11.434473],[99.395935,11.437555],[99.394526,11.438349],[99.394027,11.439172],[99.393863,11.441042],[99.394036,11.441451],[99.394923,11.441562],[99.397151,11.441121],[99.397662,11.441233],[99.398392,11.442668],[99.39978,11.443002],[99.400236,11.443921],[99.398021,11.445483],[99.396942,11.446595],[99.393878,11.450592],[99.392526,11.451805],[99.391051,11.453793],[99.390894,11.455543],[99.391931,11.457414],[99.392252,11.459197],[99.392776,11.460015],[99.394473,11.461819],[99.395019,11.461953],[99.39611,11.461346],[99.396667,11.461367],[99.397225,11.461804],[99.398229,11.464192],[99.400868,11.463916],[99.401593,11.464474],[99.402413,11.465591],[99.403421,11.466024],[99.404838,11.466116],[99.408463,11.464413],[99.409793,11.464422],[99.410773,11.465711],[99.412093,11.466449],[99.411529,11.46865],[99.411362,11.471367],[99.41101,11.472306],[99.411239,11.473169],[99.413424,11.47431],[99.415721,11.474419],[99.418371,11.475234],[99.419517,11.475733],[99.419564,11.47604],[99.4207,11.475777],[99.422172,11.475003],[99.424779,11.472955],[99.425898,11.471696],[99.426526,11.470529],[99.426922,11.468591],[99.426858,11.467122],[99.425184,11.462472],[99.425575,11.461675],[99.427118,11.460126],[99.428314,11.458372],[99.430378,11.452981],[99.43182,11.451392],[99.434335,11.450011],[99.436805,11.446617],[99.437669,11.445985]]]]},"bbox":[99.39086,11.309136,99.553795,11.47604]},{"type":"Feature","id":"e725c13e-feb1-4f09-9420-9f8b035d1a79","properties":{"id":"e725c13e-feb1-4f09-9420-9f8b035d1a79","code":"06770406","provinceCode":"77","nameTh":"องค์การบริหารส่วนตำบล ทองมงคล","nameEn":null,"geometryType":"MUNICIPALITY","sourceUrl":"https://landometer.com/api/v2/citymeter-v3/grocery/info/geom/e725c13e-feb1-4f09-9420-9f8b035d1a79/MUNICIPALITY","sourceSha256":"58a42ec33d1ca769d40ad3c7f45d64bacb1bf67fbb6091f2ad00df70a3ef67a3","retrievedAt":"2026-10-04T05:44:24.031590+00:00","boundaryVintage":null,"geometryStatus":"native_source_polygon_display_simplified","simplificationToleranceDegrees":0.00015,"simplificationPreservesTopology":true,"invalidSourceRepair":"make_valid; retain polygonal components; discard zero-area collapsed lines","legalBoundaryIndependentlyVerified":false,"areaId":"e725c13e-feb1-4f09-9420-9f8b035d1a79"},"geometry":{"type":"Polygon","coordinates":[[[99.365487,11.238063],[99.368594,11.237326],[99.372511,11.240286],[99.37535,11.238061],[99.37692,11.239591],[99.383555,11.237826],[99.386614,11.239802],[99.387937,11.238467],[99.390212,11.24168],[99.396236,11.238932],[99.397515,11.242936],[99.39962,11.243758],[99.405389,11.243647],[99.40776,11.241817],[99.408423,11.243236],[99.411396,11.242895],[99.413703,11.240205],[99.423008,11.244219],[99.425123,11.24364],[99.425042,11.244699],[99.425399,11.244601],[99.425485,11.243608],[99.430789,11.242088],[99.430977,11.244224],[99.433098,11.244084],[99.435093,11.240469],[99.444047,11.239462],[99.446529,11.232524],[99.446292,11.232685],[99.437784,11.22572],[99.438529,11.206799],[99.435916,11.203128],[99.435341,11.19839],[99.433078,11.198008],[99.426555,11.187231],[99.423132,11.165379],[99.413797,11.153314],[99.406069,11.149652],[99.40641,11.146341],[99.410032,11.142229],[99.421284,11.142069],[99.421127,11.141591],[99.420263,11.140966],[99.419395,11.141119],[99.41798,11.140495],[99.416244,11.140345],[99.414792,11.13984],[99.414001,11.139932],[99.413419,11.140464],[99.41239,11.14045],[99.411635,11.140826],[99.410947,11.140685],[99.410345,11.13953],[99.409831,11.139173],[99.408984,11.1373],[99.408149,11.136763],[99.40791,11.136049],[99.407316,11.135511],[99.407345,11.134506],[99.40638,11.134477],[99.406137,11.134923],[99.405472,11.135027],[99.404733,11.134712],[99.404635,11.134209],[99.404224,11.13402],[99.403074,11.13387],[99.401988,11.134083],[99.400387,11.133474],[99.399284,11.133611],[99.39836,11.133228],[99.397902,11.133464],[99.397913,11.134292],[99.397115,11.134073],[99.396535,11.13462],[99.39562,11.134387],[99.395261,11.135403],[99.394635,11.1357],[99.393425,11.135776],[99.393416,11.136903],[99.392836,11.137729],[99.392221,11.137954],[99.391094,11.139144],[99.390057,11.139665],[99.389633,11.141468],[99.389354,11.141523],[99.389216,11.141092],[99.388948,11.141014],[99.387958,11.141606],[99.386858,11.141838],[99.386635,11.143509],[99.3856,11.144452],[99.384313,11.144911],[99.383296,11.145732],[99.383234,11.147217],[99.382734,11.147562],[99.382455,11.148155],[99.381465,11.148356],[99.3817,11.149291],[99.381073,11.149933],[99.381394,11.150656],[99.380857,11.151308],[99.380864,11.151953],[99.380205,11.152499],[99.38023,11.153462],[99.379727,11.154403],[99.380421,11.155762],[99.380455,11.157016],[99.38144,11.157293],[99.381102,11.158428],[99.381599,11.15915],[99.381036,11.159798],[99.381465,11.160256],[99.381056,11.160996],[99.380306,11.160793],[99.378979,11.160995],[99.378223,11.160658],[99.377246,11.16135],[99.376491,11.161136],[99.376084,11.161269],[99.375834,11.161804],[99.374461,11.162895],[99.374397,11.163224],[99.372914,11.164304],[99.372989,11.164653],[99.37256,11.165052],[99.372495,11.166762],[99.371616,11.167225],[99.371527,11.167777],[99.370225,11.168458],[99.370186,11.168821],[99.369791,11.169162],[99.368807,11.169371],[99.367948,11.17002],[99.367379,11.169951],[99.366643,11.168509],[99.365913,11.167659],[99.364116,11.166972],[99.362054,11.168889],[99.361289,11.169035],[99.360775,11.171111],[99.360884,11.171915],[99.360583,11.172475],[99.359164,11.172969],[99.356905,11.17446],[99.356531,11.17517],[99.357189,11.175581],[99.357191,11.175829],[99.35361,11.176538],[99.352845,11.177668],[99.351,11.179188],[99.345991,11.184483],[99.343093,11.186774],[99.343058,11.187397],[99.34346,11.187921],[99.342404,11.188715],[99.341046,11.190441],[99.341154,11.191748],[99.338865,11.191751],[99.338338,11.192809],[99.336226,11.19203],[99.334443,11.192132],[99.333821,11.192655],[99.333711,11.192004],[99.332492,11.191288],[99.332434,11.190569],[99.332104,11.190231],[99.330971,11.189807],[99.330236,11.189018],[99.328676,11.18837],[99.327995,11.187305],[99.327731,11.185202],[99.328335,11.18443],[99.328347,11.183688],[99.328111,11.18335],[99.326969,11.183097],[99.326203,11.18208],[99.326461,11.178017],[99.326291,11.177411],[99.325321,11.176153],[99.325466,11.174253],[99.323207,11.171899],[99.321862,11.171648],[99.319961,11.171839],[99.319161,11.172436],[99.319052,11.173046],[99.318047,11.174078],[99.316529,11.173989],[99.31485,11.175363],[99.314093,11.175349],[99.312869,11.174777],[99.31156,11.174743],[99.311106,11.174959],[99.310507,11.175516],[99.310035,11.17645],[99.309701,11.17902],[99.308377,11.179538],[99.307615,11.181483],[99.306113,11.18258],[99.305407,11.183506],[99.305199,11.186029],[99.305006,11.186468],[99.303791,11.187593],[99.30387,11.189175],[99.302077,11.191235],[99.301963,11.192722],[99.300761,11.193611],[99.299901,11.194916],[99.297942,11.196485],[99.296209,11.200581],[99.29467,11.203081],[99.294048,11.203442],[99.290692,11.203932],[99.288927,11.205146],[99.288345,11.205295],[99.287246,11.205105],[99.285846,11.205234],[99.284791,11.205724],[99.28449,11.206128],[99.28419,11.207915],[99.283481,11.209511],[99.28318,11.211107],[99.283074,11.212596],[99.283746,11.216487],[99.283275,11.219763],[99.282952,11.220125],[99.281724,11.220275],[99.280237,11.21966],[99.277953,11.219407],[99.274464,11.220133],[99.273408,11.219794],[99.271618,11.218626],[99.270304,11.218074],[99.26871,11.218756],[99.267525,11.218842],[99.266988,11.219202],[99.269064,11.221072],[99.270278,11.222961],[99.270715,11.223762],[99.27068,11.225282],[99.27159,11.22674],[99.273857,11.227432],[99.274634,11.228221],[99.275569,11.230805],[99.275595,11.232133],[99.275971,11.23285],[99.277693,11.234332],[99.27904,11.236018],[99.279998,11.236196],[99.280289,11.236471],[99.281151,11.238457],[99.282185,11.242164],[99.283181,11.243755],[99.283629,11.244077],[99.287048,11.245007],[99.288176,11.246215],[99.291366,11.248054],[99.291729,11.248089],[99.29288,11.247514],[99.294214,11.247872],[99.296113,11.247994],[99.296014,11.249067],[99.296592,11.249873],[99.296593,11.250871],[99.296834,11.251393],[99.298909,11.253605],[99.299633,11.253976],[99.300482,11.253852],[99.301269,11.25413],[99.302001,11.25481],[99.303755,11.255649],[99.305076,11.255399],[99.305548,11.255523],[99.306754,11.256328],[99.307832,11.258673],[99.308224,11.260924],[99.319037,11.256166],[99.333026,11.247801],[99.342666,11.246624],[99.351677,11.249171],[99.355282,11.248389],[99.365487,11.238063]]]},"bbox":[99.266988,11.13322,99.446529,11.260924]},{"type":"Feature","id":"f8172ab1-ffcc-4c86-a573-3bd17e923fe9","properties":{"id":"f8172ab1-ffcc-4c86-a573-3bd17e923fe9","code":"06770407","provinceCode":"77","nameTh":"องค์การบริหารส่วนตำบล แม่รำพึง","nameEn":null,"geometryType":"MUNICIPALITY","sourceUrl":"https://landometer.com/api/v2/citymeter-v3/grocery/info/geom/f8172ab1-ffcc-4c86-a573-3bd17e923fe9/MUNICIPALITY","sourceSha256":"e24a338181c639115fa790332fdccb185ab3b0bb8f82163e6745865985b03bb4","retrievedAt":"2026-10-04T05:44:24.005588+00:00","boundaryVintage":null,"geometryStatus":"native_source_polygon_display_simplified","simplificationToleranceDegrees":0.00015,"simplificationPreservesTopology":true,"invalidSourceRepair":"make_valid; retain polygonal components; discard zero-area collapsed lines","legalBoundaryIndependentlyVerified":false,"areaId":"f8172ab1-ffcc-4c86-a573-3bd17e923fe9"},"geometry":{"type":"MultiPolygon","coordinates":[[[[99.510486,11.216047],[99.510854,11.215817],[99.510024,11.216335],[99.510486,11.216047]]],[[[99.58218,11.211871],[99.58102,11.211737],[99.580475,11.212407],[99.580163,11.212456],[99.579463,11.212022],[99.579225,11.211556],[99.579224,11.210839],[99.579813,11.210908],[99.580164,11.210639],[99.580006,11.20936],[99.580432,11.20877],[99.579496,11.208266],[99.578952,11.207326],[99.578256,11.203815],[99.577376,11.201396],[99.577146,11.199278],[99.576637,11.198329],[99.576801,11.197425],[99.57738,11.19705],[99.577904,11.197327],[99.578036,11.196716],[99.579243,11.195982],[99.579363,11.19535],[99.579122,11.19498],[99.578423,11.195153],[99.578027,11.194865],[99.57698,11.192358],[99.575553,11.19209],[99.573723,11.191215],[99.571729,11.190635],[99.570062,11.189007],[99.569871,11.188394],[99.569138,11.188109],[99.567762,11.184865],[99.56703,11.183932],[99.567062,11.183497],[99.566663,11.183162],[99.564129,11.184589],[99.561433,11.186791],[99.56032,11.188195],[99.559774,11.189694],[99.559136,11.190388],[99.559685,11.189979],[99.559545,11.190718],[99.561032,11.190523],[99.561758,11.191261],[99.561789,11.194469],[99.56125,11.196498],[99.562328,11.199204],[99.562099,11.20039],[99.562539,11.200847],[99.563002,11.200677],[99.563526,11.200827],[99.563166,11.201912],[99.559198,11.203832],[99.553672,11.206092],[99.546472,11.207797],[99.543555,11.207995],[99.540737,11.207488],[99.53857,11.206628],[99.533394,11.203943],[99.529053,11.201241],[99.525711,11.198683],[99.524978,11.198828],[99.525327,11.198823],[99.522008,11.201738],[99.521298,11.201623],[99.520105,11.200728],[99.518635,11.195362],[99.515966,11.196354],[99.515693,11.200294],[99.512079,11.199473],[99.510353,11.201449],[99.510811,11.202766],[99.514186,11.202259],[99.516139,11.204013],[99.513918,11.204118],[99.514633,11.206034],[99.511001,11.208263],[99.511363,11.209652],[99.51049,11.210082],[99.512687,11.214675],[99.510854,11.215817],[99.525036,11.235963],[99.535697,11.277217],[99.540369,11.275663],[99.55006,11.276901],[99.550361,11.270994],[99.55085,11.266812],[99.553163,11.255102],[99.556429,11.243413],[99.560226,11.233652],[99.563803,11.226855],[99.566538,11.222827],[99.569628,11.219319],[99.573709,11.21645],[99.576494,11.215394],[99.578084,11.215492],[99.578474,11.214165],[99.579385,11.213179],[99.580459,11.213264],[99.580608,11.214339],[99.580804,11.214381],[99.58059,11.212586],[99.58233,11.212206],[99.58218,11.211871]]]]},"bbox":[99.510024,11.183162,99.582345,11.277217]},{"type":"Feature","id":"5721c190-24f9-4c13-8946-8f84eb2ada0c","properties":{"id":"5721c190-24f9-4c13-8946-8f84eb2ada0c","code":"06770408","provinceCode":"77","nameTh":"องค์การบริหารส่วนตำบล ร่อนทอง","nameEn":null,"geometryType":"MUNICIPALITY","sourceUrl":"https://landometer.com/api/v2/citymeter-v3/grocery/info/geom/5721c190-24f9-4c13-8946-8f84eb2ada0c/MUNICIPALITY","sourceSha256":"e53ddf4c68188152b32acd2655894176773972137c906ae084ca5f7922f81f86","retrievedAt":"2026-10-04T05:44:24.014901+00:00","boundaryVintage":null,"geometryStatus":"native_source_polygon_display_simplified","simplificationToleranceDegrees":0.00015,"simplificationPreservesTopology":true,"invalidSourceRepair":"make_valid; retain polygonal components; discard zero-area collapsed lines","legalBoundaryIndependentlyVerified":false,"areaId":"5721c190-24f9-4c13-8946-8f84eb2ada0c"},"geometry":{"type":"Polygon","coordinates":[[[99.475108,11.314103],[99.471858,11.305505],[99.465729,11.301062],[99.463538,11.297982],[99.463456,11.294275],[99.45967,11.289542],[99.458717,11.292206],[99.429379,11.311415],[99.428436,11.305679],[99.429659,11.303058],[99.427826,11.299437],[99.429037,11.296484],[99.422075,11.283229],[99.425123,11.24364],[99.423008,11.244219],[99.413703,11.240205],[99.411396,11.242895],[99.408423,11.243236],[99.40776,11.241817],[99.405389,11.243647],[99.39962,11.243758],[99.397515,11.242936],[99.396236,11.238932],[99.390212,11.24168],[99.387937,11.238467],[99.386614,11.239802],[99.383555,11.237826],[99.37692,11.239591],[99.37535,11.238061],[99.372511,11.240286],[99.368594,11.237326],[99.365487,11.238063],[99.355282,11.248389],[99.351677,11.249171],[99.342666,11.246624],[99.333026,11.247801],[99.319037,11.256166],[99.308224,11.260924],[99.307937,11.259987],[99.30818,11.261063],[99.30913,11.262023],[99.309771,11.263158],[99.311314,11.264118],[99.311168,11.267754],[99.313839,11.272344],[99.3145,11.272716],[99.315696,11.272808],[99.316923,11.273334],[99.31705,11.274328],[99.316517,11.276254],[99.318499,11.276314],[99.320085,11.277743],[99.324698,11.283639],[99.324931,11.284505],[99.325493,11.285143],[99.326018,11.286946],[99.325444,11.28898],[99.324846,11.289605],[99.32415,11.291027],[99.324151,11.291954],[99.324728,11.292671],[99.32482,11.293882],[99.32408,11.295887],[99.323844,11.298127],[99.322076,11.299911],[99.321654,11.301778],[99.319888,11.304998],[99.319004,11.306064],[99.316546,11.308101],[99.315409,11.311021],[99.313303,11.313548],[99.311796,11.317169],[99.313495,11.317447],[99.315165,11.319214],[99.317714,11.320267],[99.318472,11.322565],[99.319449,11.324489],[99.320198,11.325123],[99.323054,11.326332],[99.326298,11.329217],[99.325904,11.3314],[99.326095,11.332568],[99.326618,11.333657],[99.326494,11.335861],[99.326999,11.336699],[99.328824,11.33679],[99.330838,11.337254],[99.331373,11.337159],[99.332277,11.336692],[99.332737,11.335761],[99.334093,11.335217],[99.334658,11.334409],[99.33815,11.333939],[99.342511,11.33295],[99.342673,11.333284],[99.341768,11.336993],[99.341931,11.338374],[99.342783,11.340019],[99.342575,11.343045],[99.34273,11.344551],[99.343692,11.347675],[99.344569,11.34927],[99.345769,11.350744],[99.346305,11.351954],[99.347563,11.351456],[99.351545,11.353827],[99.352743,11.354291],[99.353185,11.355687],[99.35539,11.357082],[99.359944,11.36293],[99.360511,11.365445],[99.361882,11.366432],[99.362216,11.367958],[99.363208,11.368717],[99.364564,11.370392],[99.365352,11.37185],[99.368058,11.37236],[99.371567,11.373399],[99.373319,11.373407],[99.37467,11.374322],[99.376171,11.374959],[99.378561,11.37541],[99.382246,11.379731],[99.384073,11.38125],[99.38498,11.381498],[99.385777,11.382067],[99.390469,11.381558],[99.392202,11.382197],[99.408456,11.369184],[99.430295,11.358198],[99.439433,11.351756],[99.439477,11.348279],[99.434873,11.339405],[99.431571,11.326848],[99.426259,11.32137],[99.426889,11.311848],[99.428404,11.311585],[99.430962,11.313395],[99.432183,11.314921],[99.446942,11.3247],[99.450648,11.329947],[99.452624,11.33038],[99.46983272743314,11.31709398248669],[99.475108,11.314103]],[[99.465053,11.319804],[99.469834,11.317093],[99.46983272743314,11.31709398248669],[99.465053,11.319804]]]},"bbox":[99.307937,11.237326,99.475108,11.382197]},{"type":"Feature","id":"fad78b05-91b9-448b-bc7a-65182eebc04b","properties":{"id":"fad78b05-91b9-448b-bc7a-65182eebc04b","code":"06770409","provinceCode":"77","nameTh":"องค์การบริหารส่วนตำบล ธงชัย","nameEn":null,"geometryType":"MUNICIPALITY","sourceUrl":"https://landometer.com/api/v2/citymeter-v3/grocery/info/geom/fad78b05-91b9-448b-bc7a-65182eebc04b/MUNICIPALITY","sourceSha256":"ce3f8d4415572520615f938dd31a5deee3b4997d869e9c1dd5edd70bd1c1bdc4","retrievedAt":"2026-10-04T05:44:24.031432+00:00","boundaryVintage":null,"geometryStatus":"native_source_polygon_display_simplified","simplificationToleranceDegrees":0.00015,"simplificationPreservesTopology":true,"invalidSourceRepair":"make_valid; retain polygonal components; discard zero-area collapsed lines","legalBoundaryIndependentlyVerified":false,"areaId":"fad78b05-91b9-448b-bc7a-65182eebc04b"},"geometry":{"type":"MultiPolygon","coordinates":[[[[99.550065,11.27683],[99.55005966363113,11.276900957029754],[99.55006,11.276901],[99.550065,11.27683]]],[[[99.501628,11.310133],[99.501548,11.309136],[99.501963,11.314352],[99.501628,11.310133]]],[[[99.571167,11.412052],[99.573169,11.413313],[99.575303,11.414142],[99.575928,11.413684],[99.576592,11.413575],[99.579748,11.413528],[99.580325,11.413013],[99.581215,11.411544],[99.582112,11.411155],[99.582589,11.410636],[99.584272,11.410163],[99.584478,11.409668],[99.584953,11.409608],[99.586655,11.4078],[99.58836,11.406954],[99.590346,11.406996],[99.590912,11.406156],[99.59233,11.405856],[99.592653,11.404447],[99.59398,11.403697],[99.595053,11.403449],[99.595449,11.403679],[99.595878,11.40517],[99.596131,11.405384],[99.597214,11.40541],[99.599413,11.404879],[99.598829,11.403311],[99.59696,11.400962],[99.594588,11.396876],[99.594174,11.395636],[99.594027,11.393137],[99.593086,11.392663],[99.591782,11.39088],[99.590361,11.387287],[99.587416,11.381824],[99.584884,11.376266],[99.581127,11.365097],[99.581085,11.36414],[99.581461,11.363091],[99.581683,11.361232],[99.580723,11.358031],[99.580708,11.357255],[99.578908,11.357195],[99.578302,11.356915],[99.578347,11.357609],[99.577934,11.358399],[99.577259,11.358957],[99.57704,11.36004],[99.576682,11.359895],[99.576651,11.359621],[99.573858,11.360317],[99.573428,11.363483],[99.575996,11.363822],[99.571279,11.368507],[99.573673,11.370427],[99.572582,11.376871],[99.570246,11.380282],[99.568692,11.379087],[99.566304,11.381284],[99.567047,11.382645],[99.56486,11.38498],[99.56276,11.384581],[99.559434,11.388368],[99.5392,11.326473],[99.555851,11.32195],[99.553011,11.311077],[99.552006,11.306083],[99.55081,11.297396],[99.550259,11.291685],[99.550038,11.283113],[99.549764,11.283033],[99.549747,11.28279],[99.55045,11.283217],[99.550069,11.281346],[99.55005966363113,11.276900957029754],[99.540369,11.275663],[99.535697,11.277217],[99.517366,11.274607],[99.502648,11.26924],[99.505644,11.27673],[99.501474,11.298036],[99.501963,11.314352],[99.512267,11.33917],[99.522947,11.357459],[99.540782,11.382298],[99.541328,11.38677],[99.545177,11.387253],[99.548184,11.384654],[99.553795,11.386846],[99.552597,11.414075],[99.54898326378215,11.414958935477749],[99.556436,11.414867],[99.559563,11.414189],[99.563776,11.412475],[99.564488,11.412451],[99.565866,11.413114],[99.567319,11.413183],[99.56942,11.412172],[99.571167,11.412052]]],[[[99.54898326378215,11.414958935477749],[99.548947,11.414961],[99.548983,11.414959],[99.54898326378215,11.414958935477749]]]]},"bbox":[99.501474,11.26924,99.599424,11.414961]},{"type":"Feature","id":"b72ceb54-8190-45c9-bb01-01bcad8c5bd1","properties":{"id":"b72ceb54-8190-45c9-bb01-01bcad8c5bd1","code":"06770410","provinceCode":"77","nameTh":"องค์การบริหารส่วนตำบล พงศ์ประศาสน์","nameEn":null,"geometryType":"MUNICIPALITY","sourceUrl":"https://landometer.com/api/v2/citymeter-v3/grocery/info/geom/b72ceb54-8190-45c9-bb01-01bcad8c5bd1/MUNICIPALITY","sourceSha256":"a180fd0696899fa1a6aa44972b6c8a282b1c1bddf24d3ba2e8506c772400b465","retrievedAt":"2026-10-04T05:44:24.029677+00:00","boundaryVintage":null,"geometryStatus":"native_source_polygon_display_simplified","simplificationToleranceDegrees":0.00015,"simplificationPreservesTopology":true,"invalidSourceRepair":"make_valid; retain polygonal components; discard zero-area collapsed lines","legalBoundaryIndependentlyVerified":false,"areaId":"b72ceb54-8190-45c9-bb01-01bcad8c5bd1"},"geometry":{"type":"MultiPolygon","coordinates":[[[[99.489446,11.222025],[99.492857,11.224124],[99.493214,11.222258],[99.496095,11.221274],[99.496124,11.218389],[99.499178,11.215661],[99.50383,11.219001],[99.505331,11.217576],[99.506004,11.216216],[99.504159,11.215865],[99.505237,11.214789],[99.503218,11.211794],[99.507629,11.208363],[99.507469,11.20439],[99.510766,11.206229],[99.510325,11.209171],[99.510946,11.208719],[99.51132760960546,11.209516184463753],[99.511001,11.208263],[99.514633,11.206034],[99.513918,11.204118],[99.516139,11.204013],[99.514186,11.202259],[99.510811,11.202766],[99.510353,11.201449],[99.512079,11.199473],[99.515693,11.200294],[99.515966,11.196354],[99.518635,11.195362],[99.520105,11.200728],[99.521298,11.201623],[99.522008,11.201738],[99.525327,11.198823],[99.524865,11.198829],[99.521857,11.196657],[99.518789,11.193953],[99.511635,11.186783],[99.503159,11.175468],[99.498111,11.167172],[99.494737,11.160627],[99.493234,11.157203],[99.488869,11.145007],[99.487669,11.14021],[99.486986,11.136014],[99.486253,11.127906],[99.485876,11.127649],[99.485699,11.126977],[99.485151,11.126862],[99.484901,11.127109],[99.484928,11.128107],[99.485439,11.129524],[99.484616,11.131393],[99.484794,11.132102],[99.485776,11.13278],[99.485906,11.133297],[99.485845,11.134562],[99.485264,11.136256],[99.484289,11.136195],[99.483351,11.135632],[99.482713,11.134809],[99.483246,11.134289],[99.48303,11.133796],[99.480675,11.133214],[99.480882,11.131385],[99.481634,11.131231],[99.481947,11.131634],[99.482186,11.131379],[99.482266,11.130565],[99.481381,11.130192],[99.480843,11.130712],[99.47855,11.131241],[99.478747,11.132202],[99.478606,11.133002],[99.478996,11.133731],[99.478636,11.135],[99.477239,11.135162],[99.474167,11.136489],[99.472992,11.136266],[99.471666,11.136423],[99.470914,11.13778],[99.470155,11.138076],[99.469819,11.138511],[99.469294,11.138192],[99.467405,11.138754],[99.467168,11.139386],[99.466866,11.139461],[99.465639,11.13943],[99.465338,11.139089],[99.464628,11.139066],[99.46431,11.138652],[99.463869,11.138962],[99.463443,11.138529],[99.463102,11.138818],[99.462508,11.138652],[99.461611,11.139091],[99.461087,11.139066],[99.459924,11.139636],[99.458573,11.13942],[99.457174,11.138141],[99.456593,11.138483],[99.456185,11.138044],[99.455455,11.138578],[99.455132,11.138175],[99.454627,11.138326],[99.454112,11.138012],[99.453859,11.138641],[99.453009,11.139112],[99.453011,11.139443],[99.452405,11.139405],[99.45254,11.139988],[99.451263,11.140966],[99.451208,11.141415],[99.450324,11.141345],[99.449951,11.140593],[99.449517,11.140942],[99.449382,11.140365],[99.448876,11.140343],[99.44845,11.141267],[99.447333,11.141791],[99.44679,11.142845],[99.446074,11.143128],[99.445921,11.143323],[99.446152,11.143395],[99.445446,11.143844],[99.445088,11.14371],[99.445208,11.144086],[99.444943,11.14391],[99.444624,11.144734],[99.442791,11.145324],[99.440628,11.145744],[99.439586,11.145638],[99.439012,11.145206],[99.438708,11.144198],[99.438123,11.143705],[99.436297,11.143833],[99.435932,11.143119],[99.434704,11.142816],[99.433599,11.141227],[99.433012,11.140845],[99.432053,11.138728],[99.431291,11.138312],[99.429331,11.138264],[99.426997,11.139024],[99.426461,11.139421],[99.425678,11.140873],[99.425026,11.141513],[99.423596,11.141429],[99.422958,11.141739],[99.42185,11.141771],[99.421393,11.142128],[99.410032,11.142229],[99.40641,11.146341],[99.406069,11.149652],[99.413797,11.153314],[99.423132,11.165379],[99.426555,11.187231],[99.433078,11.198008],[99.435341,11.19839],[99.435916,11.203128],[99.438529,11.206799],[99.437784,11.22572],[99.446292,11.232685],[99.446529,11.232524],[99.446153,11.233576],[99.447028,11.231132],[99.450619,11.230679],[99.455277,11.234507],[99.456522,11.23312],[99.455646,11.230741],[99.458333,11.228683],[99.459875,11.2334],[99.46253,11.23603],[99.471753,11.23548],[99.474203,11.237262],[99.477611,11.236297],[99.483037,11.235685],[99.483935,11.233326],[99.480916,11.233065],[99.478795,11.230639],[99.487236,11.225586],[99.490845,11.225859],[99.489446,11.222025]]],[[[99.51132760960546,11.209516184463753],[99.511363,11.209652],[99.511328,11.209517],[99.51132760960546,11.209516184463753]]]]},"bbox":[99.406069,11.126846,99.525327,11.237262]},{"type":"Feature","id":"e7000426-06f3-4c62-ba28-dc614c39dff3","properties":{"id":"e7000426-06f3-4c62-ba28-dc614c39dff3","code":"06770502","provinceCode":"77","nameTh":"องค์การบริหารส่วนตำบล บางสะพาน","nameEn":null,"geometryType":"MUNICIPALITY","sourceUrl":"https://landometer.com/api/v2/citymeter-v3/grocery/info/geom/e7000426-06f3-4c62-ba28-dc614c39dff3/MUNICIPALITY","sourceSha256":"25adc6fb40ee564e1ec0025146129e59f4c78b33be57431eaafa3df172e4fd16","retrievedAt":"2026-10-04T05:44:24.087161+00:00","boundaryVintage":null,"geometryStatus":"native_source_polygon_display_simplified","simplificationToleranceDegrees":0.00015,"simplificationPreservesTopology":true,"invalidSourceRepair":"make_valid; retain polygonal components; discard zero-area collapsed lines","legalBoundaryIndependentlyVerified":false,"areaId":"e7000426-06f3-4c62-ba28-dc614c39dff3"},"geometry":{"type":"Polygon","coordinates":[[[99.401988,11.134083],[99.403074,11.13387],[99.404224,11.13402],[99.404635,11.134209],[99.404733,11.134712],[99.405561,11.135037],[99.406137,11.134923],[99.40638,11.134477],[99.407391,11.134534],[99.407316,11.135511],[99.40791,11.136049],[99.408149,11.136763],[99.408984,11.1373],[99.409831,11.139173],[99.410345,11.13953],[99.410947,11.140685],[99.411498,11.140832],[99.41239,11.14045],[99.413419,11.140464],[99.414129,11.13989],[99.415241,11.139896],[99.416244,11.140345],[99.41798,11.140495],[99.419395,11.141119],[99.420299,11.140977],[99.421025,11.141413],[99.421393,11.142128],[99.42185,11.141771],[99.422958,11.141739],[99.423596,11.141429],[99.425182,11.141444],[99.426461,11.139421],[99.426997,11.139024],[99.429331,11.138264],[99.431421,11.138343],[99.432053,11.138728],[99.433012,11.140845],[99.433599,11.141227],[99.434767,11.14287],[99.435932,11.143119],[99.436387,11.143887],[99.438123,11.143705],[99.438708,11.144198],[99.439116,11.145319],[99.440305,11.145755],[99.443592,11.145156],[99.44386,11.144882],[99.444612,11.144743],[99.444943,11.14391],[99.445208,11.144086],[99.445088,11.14371],[99.445446,11.143844],[99.446152,11.143395],[99.445921,11.143323],[99.446074,11.143128],[99.44679,11.142845],[99.447333,11.141791],[99.448435,11.141282],[99.448909,11.140328],[99.449382,11.140365],[99.449517,11.140942],[99.449951,11.140593],[99.450324,11.141345],[99.451208,11.141415],[99.451263,11.140966],[99.45254,11.139988],[99.452405,11.139405],[99.453011,11.139443],[99.453009,11.139112],[99.453859,11.138641],[99.454112,11.138012],[99.454627,11.138326],[99.455132,11.138175],[99.455455,11.138578],[99.456185,11.138044],[99.456593,11.138483],[99.457174,11.138141],[99.458573,11.13942],[99.459924,11.139636],[99.461087,11.139066],[99.461611,11.139091],[99.462508,11.138652],[99.463102,11.138818],[99.463443,11.138529],[99.463869,11.138962],[99.46431,11.138652],[99.464628,11.139066],[99.465338,11.139089],[99.465639,11.13943],[99.466866,11.139461],[99.467168,11.139386],[99.467405,11.138754],[99.469294,11.138192],[99.469819,11.138511],[99.470155,11.138076],[99.470914,11.13778],[99.471666,11.136423],[99.472992,11.136266],[99.474167,11.136489],[99.477239,11.135162],[99.478636,11.135],[99.478996,11.133731],[99.478606,11.133002],[99.478747,11.132202],[99.47855,11.131241],[99.480843,11.130712],[99.481381,11.130192],[99.482266,11.130565],[99.482186,11.131379],[99.481947,11.131634],[99.481634,11.131231],[99.480882,11.131385],[99.480675,11.133214],[99.48303,11.133796],[99.483246,11.134289],[99.482713,11.134809],[99.483351,11.135632],[99.484289,11.136195],[99.485264,11.136256],[99.485845,11.134562],[99.485924,11.133498],[99.485776,11.13278],[99.48486,11.132185],[99.484631,11.131668],[99.485439,11.129524],[99.484928,11.128107],[99.484901,11.127109],[99.485151,11.126862],[99.485587,11.126893],[99.485934,11.127738],[99.486253,11.127906],[99.486239,11.116937],[99.486787,11.114159],[99.487423,11.114315],[99.487515,11.114006],[99.488001,11.114146],[99.488155,11.113923],[99.487027,11.113596],[99.487283,11.110121],[99.488173,11.103387],[99.489579,11.097446],[99.473718,11.097362],[99.471113,11.095419],[99.471486,11.093021],[99.465325,11.09054],[99.463742,11.09125],[99.462002,11.08926],[99.453049,11.090177],[99.454751,11.092509],[99.446677,11.095833],[99.439219,11.079427],[99.434854,11.076826],[99.42445,11.075797],[99.423367,11.081407],[99.412968,11.080065],[99.410803,11.084217],[99.404071,11.086811],[99.40189,11.091229],[99.39471,11.095459],[99.390581,11.096499],[99.389475,11.097015],[99.392751,11.101857],[99.39393,11.113747],[99.395612,11.117114],[99.407337,11.124902],[99.401988,11.134083]]]},"bbox":[99.389475,11.075797,99.489579,11.145755]},{"type":"Feature","id":"edaeb494-6654-4f3a-92ba-96df56751a0a","properties":{"id":"edaeb494-6654-4f3a-92ba-96df56751a0a","code":"06770503","provinceCode":"77","nameTh":"องค์การบริหารส่วนตำบล ช้างแรก","nameEn":null,"geometryType":"MUNICIPALITY","sourceUrl":"https://landometer.com/api/v2/citymeter-v3/grocery/info/geom/edaeb494-6654-4f3a-92ba-96df56751a0a/MUNICIPALITY","sourceSha256":"fbcb39cc3eb29f6679789df3d158c43ed0da2287648fe03c2d31af5fa2d1271c","retrievedAt":"2026-10-04T05:44:24.101615+00:00","boundaryVintage":null,"geometryStatus":"native_source_polygon_display_simplified","simplificationToleranceDegrees":0.00015,"simplificationPreservesTopology":true,"invalidSourceRepair":"make_valid; retain polygonal components; discard zero-area collapsed lines","legalBoundaryIndependentlyVerified":false,"areaId":"edaeb494-6654-4f3a-92ba-96df56751a0a"},"geometry":{"type":"Polygon","coordinates":[[[99.339564,11.033229],[99.324805,11.035692],[99.317517,11.02237],[99.312388,11.022403],[99.310001,11.02065],[99.297447,11.024128],[99.292032,11.022281],[99.292641,11.02407],[99.288422,11.025185],[99.286726,11.027649],[99.287873,11.030679],[99.280059,11.037215],[99.275955,11.045347],[99.266187,11.049885],[99.263333,11.053384],[99.255048,11.055625],[99.251728,11.06214],[99.245317,11.068668],[99.241992,11.069405],[99.24121,11.073313],[99.236479,11.071228],[99.226847,11.07419],[99.222024,11.079248],[99.217772,11.089642],[99.209946,11.095062],[99.204114,11.094893],[99.20181,11.096371],[99.203488,11.098101],[99.203539,11.098547],[99.202787,11.100532],[99.202887,11.101128],[99.203239,11.101326],[99.203641,11.101227],[99.206025,11.099766],[99.20792,11.099591],[99.208904,11.098579],[99.209701,11.098226],[99.212002,11.09848],[99.212457,11.099831],[99.213222,11.100816],[99.216285,11.101359],[99.216479,11.104294],[99.216983,11.105633],[99.217624,11.106093],[99.219947,11.106723],[99.222309,11.106869],[99.224672,11.108803],[99.22618,11.110886],[99.227613,11.112076],[99.227689,11.112869],[99.227138,11.114656],[99.227189,11.115499],[99.229001,11.120411],[99.228601,11.122743],[99.228905,11.125124],[99.228657,11.130086],[99.228859,11.130881],[99.228709,11.131128],[99.227187,11.131415],[99.225896,11.132272],[99.224767,11.134555],[99.223863,11.135449],[99.224871,11.13907],[99.22467,11.139864],[99.224823,11.142246],[99.225275,11.142792],[99.227336,11.142542],[99.227738,11.14269],[99.227989,11.143384],[99.230024,11.143333],[99.230878,11.143482],[99.231331,11.143878],[99.232086,11.14492],[99.232488,11.146359],[99.233042,11.147351],[99.234652,11.149284],[99.235958,11.14968],[99.23636,11.150027],[99.236965,11.151564],[99.23787,11.152309],[99.238524,11.153499],[99.239379,11.154341],[99.239581,11.155383],[99.240737,11.155204],[99.240895,11.155685],[99.241264,11.155766],[99.242184,11.155001],[99.242721,11.155132],[99.247904,11.163811],[99.250759,11.167209],[99.252985,11.169281],[99.253233,11.171232],[99.253111,11.171903],[99.252201,11.173217],[99.251667,11.17468],[99.251816,11.17532],[99.254475,11.17794],[99.257445,11.18422],[99.258034,11.187025],[99.259196,11.188261],[99.257998,11.190345],[99.257422,11.19282],[99.258956,11.194203],[99.261131,11.195622],[99.262061,11.199282],[99.263298,11.201354],[99.264304,11.201109],[99.264292,11.204181],[99.265434,11.207004],[99.265435,11.208535],[99.264104,11.211121],[99.263671,11.21416],[99.264326,11.215356],[99.265976,11.217293],[99.266311,11.218303],[99.266988,11.219202],[99.267525,11.218842],[99.26871,11.218756],[99.270304,11.218074],[99.271618,11.218626],[99.273408,11.219794],[99.274464,11.220133],[99.277953,11.219407],[99.280237,11.21966],[99.281724,11.220275],[99.282952,11.220125],[99.283275,11.219763],[99.283746,11.216487],[99.283074,11.212596],[99.28318,11.211107],[99.283481,11.209511],[99.28419,11.207915],[99.28449,11.206128],[99.284791,11.205724],[99.285846,11.205234],[99.287246,11.205105],[99.288345,11.205295],[99.288927,11.205146],[99.290692,11.203932],[99.294048,11.203442],[99.29467,11.203081],[99.296209,11.200581],[99.297942,11.196485],[99.299901,11.194916],[99.300761,11.193611],[99.301963,11.192722],[99.302077,11.191235],[99.30387,11.189175],[99.303791,11.187593],[99.305006,11.186468],[99.305199,11.186029],[99.305407,11.183506],[99.306113,11.18258],[99.307615,11.181483],[99.308377,11.179538],[99.309701,11.17902],[99.310198,11.176037],[99.310816,11.175192],[99.31156,11.174743],[99.312869,11.174777],[99.314093,11.175349],[99.31485,11.175363],[99.316529,11.173989],[99.318047,11.174078],[99.319052,11.173046],[99.319161,11.172436],[99.319961,11.171839],[99.321862,11.171648],[99.323207,11.171899],[99.325466,11.174253],[99.325321,11.176153],[99.326291,11.177411],[99.326461,11.178017],[99.326203,11.18208],[99.326969,11.183097],[99.328111,11.18335],[99.328347,11.183688],[99.328335,11.18443],[99.327731,11.185202],[99.327995,11.187305],[99.328676,11.18837],[99.330236,11.189018],[99.330971,11.189807],[99.332104,11.190231],[99.332434,11.190569],[99.332492,11.191288],[99.333711,11.192004],[99.333821,11.192655],[99.334443,11.192132],[99.336226,11.19203],[99.338338,11.192809],[99.338865,11.191751],[99.341154,11.191748],[99.341046,11.190441],[99.342404,11.188715],[99.34346,11.187921],[99.343058,11.187397],[99.343093,11.186774],[99.345991,11.184483],[99.351,11.179188],[99.352845,11.177668],[99.35361,11.176538],[99.357191,11.175829],[99.357189,11.175581],[99.356531,11.17517],[99.356905,11.17446],[99.359164,11.172969],[99.360583,11.172475],[99.360884,11.171915],[99.360775,11.171111],[99.361289,11.169035],[99.362054,11.168889],[99.364116,11.166972],[99.365913,11.167659],[99.366643,11.168509],[99.367379,11.169951],[99.367948,11.17002],[99.368807,11.169371],[99.369791,11.169162],[99.370186,11.168821],[99.370225,11.168458],[99.371527,11.167777],[99.371616,11.167225],[99.372495,11.166762],[99.37256,11.165052],[99.372989,11.164653],[99.372914,11.164304],[99.374397,11.163224],[99.374461,11.162895],[99.375834,11.161804],[99.376084,11.161269],[99.376491,11.161136],[99.377246,11.16135],[99.378223,11.160658],[99.378979,11.160995],[99.380306,11.160793],[99.381056,11.160996],[99.381465,11.160256],[99.381036,11.159798],[99.381599,11.15915],[99.381102,11.158428],[99.38144,11.157293],[99.380455,11.157016],[99.380421,11.155762],[99.379828,11.154865],[99.379738,11.154305],[99.38023,11.153462],[99.380205,11.152499],[99.380864,11.151953],[99.380857,11.151308],[99.381394,11.150656],[99.381073,11.149933],[99.3817,11.149291],[99.381465,11.148356],[99.382455,11.148155],[99.382734,11.147562],[99.383234,11.147217],[99.383232,11.145809],[99.384313,11.144911],[99.3856,11.144452],[99.386635,11.143509],[99.386858,11.141838],[99.387958,11.141606],[99.388948,11.141014],[99.389216,11.141092],[99.389354,11.141523],[99.389633,11.141468],[99.390057,11.139665],[99.391094,11.139144],[99.392221,11.137954],[99.392788,11.137776],[99.393416,11.136903],[99.393377,11.135823],[99.394635,11.1357],[99.395261,11.135403],[99.39562,11.134387],[99.396535,11.13462],[99.397115,11.134073],[99.397913,11.134292],[99.397902,11.133464],[99.39843,11.133222],[99.399284,11.133611],[99.400387,11.133474],[99.401941,11.134076],[99.407337,11.124902],[99.395612,11.117114],[99.39393,11.113747],[99.392751,11.101857],[99.389475,11.097015],[99.390581,11.096499],[99.389333,11.096814],[99.389126,11.088437],[99.386831,11.087436],[99.394552,11.06521],[99.39894,11.064105],[99.406759,11.054603],[99.409754,11.053714],[99.40526,11.044839],[99.400774,11.04571],[99.396615,11.04299],[99.388025,11.046913],[99.379082,11.04527],[99.37621,11.047454],[99.35975,11.050673],[99.348789,11.043365],[99.339348,11.033378],[99.339564,11.033229]]]},"bbox":[99.20181,11.02065,99.409754,11.220275]},{"type":"Feature","id":"6fd540cd-f54f-4e5d-9c5d-d073d1cec95e","properties":{"id":"6fd540cd-f54f-4e5d-9c5d-d073d1cec95e","code":"06770504","provinceCode":"77","nameTh":"องค์การบริหารส่วนตำบล ไชยราช","nameEn":null,"geometryType":"MUNICIPALITY","sourceUrl":"https://landometer.com/api/v2/citymeter-v3/grocery/info/geom/6fd540cd-f54f-4e5d-9c5d-d073d1cec95e/MUNICIPALITY","sourceSha256":"77157ae741d7cfb55451033de16da7c23a939d49b7347df127cb87c9527853bc","retrievedAt":"2026-10-04T05:44:24.102223+00:00","boundaryVintage":null,"geometryStatus":"native_source_polygon_display_simplified","simplificationToleranceDegrees":0.00015,"simplificationPreservesTopology":true,"invalidSourceRepair":"make_valid; retain polygonal components; discard zero-area collapsed lines","legalBoundaryIndependentlyVerified":false,"areaId":"6fd540cd-f54f-4e5d-9c5d-d073d1cec95e"},"geometry":{"type":"Polygon","coordinates":[[[99.226847,11.07419],[99.236479,11.071228],[99.24121,11.073313],[99.241992,11.069405],[99.245317,11.068668],[99.251728,11.06214],[99.255048,11.055625],[99.263333,11.053384],[99.266187,11.049885],[99.275955,11.045347],[99.280059,11.037215],[99.287873,11.030679],[99.286726,11.027649],[99.288422,11.025185],[99.292641,11.02407],[99.292032,11.022281],[99.297447,11.024128],[99.310001,11.02065],[99.312388,11.022403],[99.317517,11.02237],[99.324805,11.035692],[99.339564,11.033229],[99.356316,11.021639],[99.357212,11.020555],[99.359021,11.010047],[99.358129,10.998079],[99.360441,10.990692],[99.364963,10.987539],[99.366054,10.978195],[99.368669,10.977301],[99.369007,10.975114],[99.373942,10.970709],[99.374806,10.971451],[99.375035,10.971178],[99.374905,10.970757],[99.370354,10.969454],[99.370287,10.968964],[99.369793,10.968581],[99.36732,10.968996],[99.366859,10.969364],[99.36554,10.96909],[99.364284,10.969212],[99.36401,10.968947],[99.363459,10.969676],[99.362909,10.969275],[99.362074,10.969128],[99.361367,10.969434],[99.361073,10.969332],[99.359778,10.970159],[99.35825,10.97032],[99.357366,10.970074],[99.355323,10.97134],[99.354181,10.971463],[99.353333,10.971164],[99.352456,10.971178],[99.350558,10.971819],[99.348408,10.972891],[99.346334,10.974677],[99.344531,10.975601],[99.343158,10.974373],[99.341522,10.973749],[99.338794,10.970982],[99.338067,10.96963],[99.337275,10.967134],[99.33746,10.966025],[99.337194,10.96494],[99.336776,10.964299],[99.335879,10.963795],[99.334271,10.964042],[99.332153,10.965037],[99.330518,10.967835],[99.330131,10.96808],[99.329135,10.968222],[99.32723,10.969036],[99.324299,10.969686],[99.321449,10.970839],[99.31886,10.968738],[99.314686,10.968269],[99.311071,10.968536],[99.310486,10.968247],[99.308624,10.966227],[99.307959,10.96586],[99.305672,10.965337],[99.304875,10.965364],[99.304078,10.965811],[99.302193,10.967783],[99.299748,10.96881],[99.293835,10.969704],[99.290765,10.969716],[99.289917,10.969471],[99.289338,10.96894],[99.282362,10.959776],[99.281285,10.958529],[99.280869,10.958446],[99.280495,10.958573],[99.277762,10.961939],[99.275861,10.963702],[99.273814,10.96399],[99.272104,10.964562],[99.270974,10.96661],[99.268807,10.967421],[99.26775,10.968511],[99.266344,10.968571],[99.266131,10.96915],[99.265411,10.969513],[99.264977,10.969388],[99.265131,10.96853],[99.264641,10.968663],[99.264341,10.969191],[99.264222,10.968356],[99.263573,10.968622],[99.262938,10.968169],[99.262107,10.968652],[99.261818,10.968273],[99.259766,10.96764],[99.259284,10.967581],[99.259213,10.967886],[99.258584,10.967872],[99.258343,10.967479],[99.258553,10.966966],[99.258156,10.966719],[99.258493,10.965351],[99.257067,10.966091],[99.257063,10.966498],[99.257656,10.967021],[99.257757,10.96745],[99.257641,10.967623],[99.257102,10.96754],[99.256832,10.968095],[99.256434,10.968327],[99.256336,10.969061],[99.255737,10.968873],[99.25499,10.969316],[99.254524,10.968612],[99.253464,10.96881],[99.252973,10.969294],[99.252189,10.969485],[99.251284,10.968848],[99.250399,10.968982],[99.249704,10.968663],[99.249137,10.968995],[99.248648,10.970087],[99.248062,10.970347],[99.248223,10.971206],[99.246991,10.97149],[99.246703,10.972313],[99.245714,10.972419],[99.241013,10.971969],[99.240755,10.973346],[99.241451,10.974116],[99.241508,10.975566],[99.241311,10.976465],[99.240471,10.978015],[99.237452,10.976952],[99.235635,10.977434],[99.23196,10.977446],[99.229673,10.979787],[99.229361,10.980778],[99.228145,10.981345],[99.226226,10.982708],[99.222866,10.983605],[99.220052,10.983231],[99.217945,10.98234],[99.21525,10.982671],[99.214076,10.983317],[99.212526,10.984621],[99.208593,10.988595],[99.206395,10.990133],[99.205645,10.990036],[99.204973,10.989586],[99.203677,10.989653],[99.203166,10.989399],[99.203349,10.985886],[99.202874,10.985086],[99.202044,10.985113],[99.20185,10.985494],[99.202054,10.98649],[99.200983,10.988149],[99.200774,10.989238],[99.200992,10.989556],[99.202335,10.990126],[99.202373,10.990427],[99.201086,10.991295],[99.199186,10.991355],[99.198565,10.991515],[99.198291,10.991888],[99.199334,10.993016],[99.199977,10.994261],[99.200091,10.99709],[99.1977,10.997423],[99.197228,10.996618],[99.196726,10.99647],[99.196297,10.996755],[99.195361,10.998252],[99.193353,10.998571],[99.192474,10.99947],[99.191912,10.999642],[99.191066,10.998523],[99.192227,10.997858],[99.192298,10.997568],[99.191826,10.996779],[99.191134,10.996206],[99.190857,10.996223],[99.18947,10.997647],[99.186941,10.998528],[99.185722,10.998592],[99.185685,10.997495],[99.186648,10.996459],[99.186627,10.995909],[99.186241,10.995766],[99.183403,10.997476],[99.181942,10.997666],[99.181898,10.998062],[99.182759,10.999188],[99.18263,10.999726],[99.18164,10.999646],[99.181159,10.998601],[99.179893,10.999324],[99.180752,11.002483],[99.180422,11.002492],[99.178451,11.000698],[99.177997,11.000564],[99.177516,11.003652],[99.177125,11.003576],[99.175268,11.002019],[99.174781,11.000036],[99.174531,11.00013],[99.173812,11.001448],[99.172244,11.002685],[99.17097,11.003096],[99.170168,11.002985],[99.170065,11.001426],[99.169488,11.000916],[99.168614,11.00192],[99.168345,11.002741],[99.167453,11.003113],[99.167239,11.003471],[99.167575,11.003855],[99.168995,11.003566],[99.169378,11.004317],[99.167968,11.004586],[99.166887,11.006529],[99.165315,11.008282],[99.165683,11.00934],[99.165769,11.011001],[99.165428,11.010962],[99.16479,11.010253],[99.163455,11.009948],[99.163212,11.010357],[99.16356,11.011365],[99.16327,11.011636],[99.161818,11.010663],[99.16096,11.011661],[99.159058,11.012467],[99.158267,11.012372],[99.155877,11.012855],[99.15528,11.012583],[99.155037,11.012116],[99.154208,11.012079],[99.153258,11.013387],[99.152044,11.013498],[99.15213,11.013937],[99.153099,11.01508],[99.153115,11.016154],[99.152416,11.015916],[99.151397,11.014653],[99.150165,11.014177],[99.149081,11.014629],[99.147544,11.01602],[99.147418,11.016815],[99.148878,11.017404],[99.15062,11.018664],[99.15134,11.019815],[99.151627,11.024494],[99.152038,11.026454],[99.151594,11.028134],[99.152264,11.029649],[99.151742,11.030999],[99.151979,11.032007],[99.153327,11.032907],[99.15378,11.033709],[99.158638,11.033872],[99.158839,11.034138],[99.158612,11.034242],[99.160179,11.0366],[99.161343,11.037636],[99.162511,11.038385],[99.16386,11.038332],[99.164514,11.038918],[99.164778,11.039594],[99.164497,11.041676],[99.164977,11.042567],[99.165619,11.042854],[99.167084,11.042686],[99.170306,11.043246],[99.171566,11.044023],[99.172609,11.045734],[99.172561,11.046631],[99.171327,11.04851],[99.170855,11.050532],[99.170154,11.051526],[99.170166,11.051992],[99.171973,11.055999],[99.172906,11.057219],[99.174627,11.05863],[99.176783,11.059299],[99.179569,11.059429],[99.18009,11.059931],[99.179861,11.060565],[99.178589,11.061116],[99.178093,11.061583],[99.17721,11.063414],[99.177913,11.064586],[99.177847,11.065418],[99.178502,11.068246],[99.178251,11.069735],[99.17874,11.070807],[99.179559,11.071683],[99.179559,11.072066],[99.177847,11.074153],[99.177787,11.0763],[99.177533,11.077209],[99.178917,11.082185],[99.17979,11.08319],[99.181934,11.083416],[99.182928,11.084229],[99.183848,11.084468],[99.184696,11.084491],[99.187724,11.08358],[99.189081,11.083675],[99.190147,11.084224],[99.192831,11.087539],[99.193772,11.087535],[99.195516,11.087966],[99.199665,11.090412],[99.200368,11.091106],[99.20062,11.091752],[99.200873,11.094481],[99.201779,11.096514],[99.20237,11.096972],[99.20181,11.096371],[99.204114,11.094893],[99.209946,11.095062],[99.217772,11.089642],[99.222024,11.079248],[99.226847,11.07419]]]},"bbox":[99.147362,10.958446,99.375039,11.096972]},{"type":"Feature","id":"42f2ab18-9eef-4820-b302-3034aa79ffec","properties":{"id":"42f2ab18-9eef-4820-b302-3034aa79ffec","code":"06770505","provinceCode":"77","nameTh":"องค์การบริหารส่วนตำบล ทรายทอง","nameEn":null,"geometryType":"MUNICIPALITY","sourceUrl":"https://landometer.com/api/v2/citymeter-v3/grocery/info/geom/42f2ab18-9eef-4820-b302-3034aa79ffec/MUNICIPALITY","sourceSha256":"5a830fb62d17b0b72772c4377efe6ec86264fa9fced645d9ad3961678160039e","retrievedAt":"2026-10-04T05:44:24.096334+00:00","boundaryVintage":null,"geometryStatus":"native_source_polygon_display_simplified","simplificationToleranceDegrees":0.00015,"simplificationPreservesTopology":true,"invalidSourceRepair":"make_valid; retain polygonal components; discard zero-area collapsed lines","legalBoundaryIndependentlyVerified":false,"areaId":"42f2ab18-9eef-4820-b302-3034aa79ffec"},"geometry":{"type":"Polygon","coordinates":[[[99.501406,11.041962],[99.501431,11.040163],[99.50165,11.039547],[99.500928,11.035338],[99.500803,11.028903],[99.501328,11.024812],[99.500637,11.019596],[99.500824,11.017444],[99.500429,11.011627],[99.499688,11.00768],[99.49956,11.004903],[99.498974,11.002077],[99.498869,11.000395],[99.49916,10.999027],[99.499829,10.998739],[99.499691,10.998009],[99.499898,10.995819],[99.499667,10.995105],[99.499997,10.993445],[99.500774,10.992515],[99.501731,10.993023],[99.502119,10.992985],[99.502349,10.992367],[99.502746,10.992127],[99.50256,10.991796],[99.500127,10.99022],[99.499566,10.990177],[99.497886,10.990901],[99.496605,10.99017],[99.495274,10.989987],[99.493533,10.988543],[99.49233,10.988775],[99.491786,10.988252],[99.490931,10.988545],[99.490394,10.988202],[99.48963,10.988575],[99.489051,10.989449],[99.488063,10.989497],[99.485874,10.990149],[99.483497,10.990241],[99.479446,10.98893],[99.478697,10.989207],[99.475635,10.989446],[99.472593,10.991665],[99.470615,10.992737],[99.469809,10.993512],[99.469403,10.993533],[99.467726,10.992114],[99.466153,10.991189],[99.464763,10.989844],[99.461102,10.98975],[99.459868,10.988936],[99.459002,10.988021],[99.458572,10.987061],[99.458822,10.98621],[99.457833,10.98582],[99.457706,10.985216],[99.456899,10.984551],[99.456833,10.984068],[99.457104,10.983455],[99.45677,10.982675],[99.455715,10.982993],[99.454754,10.981961],[99.452041,10.981269],[99.448265,10.977433],[99.436059,10.972215],[99.435978,10.971395],[99.430163,10.971086],[99.427502,10.971293],[99.426392,10.968099],[99.423807,10.966679],[99.42086,10.966032],[99.42054,10.964809],[99.419968,10.964012],[99.415647,10.95974],[99.413602,10.959038],[99.412789,10.957916],[99.411475,10.957459],[99.409792,10.95602],[99.407153,10.954691],[99.402798,10.957162],[99.400662,10.957941],[99.397614,10.958535],[99.396451,10.958506],[99.389998,10.959405],[99.387188,10.961445],[99.385827,10.961982],[99.38451,10.962127],[99.383506,10.962807],[99.382029,10.962487],[99.381328,10.964361],[99.381015,10.964475],[99.380216,10.963996],[99.379684,10.964001],[99.377802,10.966211],[99.377922,10.967223],[99.377006,10.968138],[99.375618,10.970429],[99.375771,10.971305],[99.376162,10.971746],[99.375806,10.972379],[99.375199,10.972468],[99.374698,10.971693],[99.374806,10.971451],[99.373942,10.970709],[99.369007,10.975114],[99.368669,10.977301],[99.366054,10.978195],[99.364963,10.987539],[99.360441,10.990692],[99.358129,10.998079],[99.359021,11.010047],[99.357212,11.020555],[99.356316,11.021639],[99.339348,11.033378],[99.348789,11.043365],[99.35975,11.050673],[99.37621,11.047454],[99.379082,11.04527],[99.388025,11.046913],[99.396615,11.04299],[99.400774,11.04571],[99.40526,11.044839],[99.41152,11.038129],[99.427014,11.03708],[99.431748,11.038516],[99.434084,11.041859],[99.438963,11.042983],[99.443677,11.040591],[99.448551,11.040257],[99.450955,11.045005],[99.464385,11.05104],[99.46631,11.054446],[99.464704,11.055622],[99.465033,11.058445],[99.473809,11.067523],[99.477851,11.066738],[99.482885,11.070872],[99.49434,11.072982],[99.494049,11.075482],[99.494223,11.074277],[99.494701,11.069568],[99.494816,11.067532],[99.495289,11.063767],[99.496813,11.055229],[99.498427,11.050038],[99.499839,11.047935],[99.500026,11.047202],[99.50062,11.047065],[99.501406,11.041962]]]},"bbox":[99.339348,10.954691,99.502746,11.075482]},{"type":"Feature","id":"d0985d30-8cb5-4c57-af30-412f817cf78e","properties":{"id":"d0985d30-8cb5-4c57-af30-412f817cf78e","code":"06770506","provinceCode":"77","nameTh":"องค์การบริหารส่วนตำบล ปากแพรก","nameEn":null,"geometryType":"MUNICIPALITY","sourceUrl":"https://landometer.com/api/v2/citymeter-v3/grocery/info/geom/d0985d30-8cb5-4c57-af30-412f817cf78e/MUNICIPALITY","sourceSha256":"0ddaf56451d07f187bbb96dd14e2c7f7687c988b6cab96d60945f48cb1d620fd","retrievedAt":"2026-10-04T05:44:24.114379+00:00","boundaryVintage":null,"geometryStatus":"native_source_polygon_display_simplified","simplificationToleranceDegrees":0.00015,"simplificationPreservesTopology":true,"invalidSourceRepair":"make_valid; retain polygonal components; discard zero-area collapsed lines","legalBoundaryIndependentlyVerified":false,"areaId":"d0985d30-8cb5-4c57-af30-412f817cf78e"},"geometry":{"type":"MultiPolygon","coordinates":[[[[99.462828,11.071311],[99.4727,11.071577],[99.47251,11.076621],[99.476521,11.07734],[99.477724,11.082666],[99.485816,11.087604],[99.492429,11.08939],[99.491374,11.089105],[99.492126,11.088299],[99.492484,11.087412],[99.49434,11.072982],[99.482885,11.070872],[99.477851,11.066738],[99.473809,11.067523],[99.465033,11.058445],[99.464704,11.055622],[99.46631,11.054446],[99.464385,11.05104],[99.450955,11.045005],[99.448551,11.040257],[99.443677,11.040591],[99.438963,11.042983],[99.434084,11.041859],[99.431748,11.038516],[99.427014,11.03708],[99.41152,11.038129],[99.40526,11.044839],[99.409754,11.053714],[99.406759,11.054603],[99.39894,11.064105],[99.394552,11.06521],[99.386831,11.087436],[99.389126,11.088437],[99.389333,11.096814],[99.39471,11.095459],[99.40189,11.091229],[99.404071,11.086811],[99.410803,11.084217],[99.412968,11.080065],[99.423367,11.081407],[99.42445,11.075797],[99.434854,11.076826],[99.439219,11.079427],[99.439857,11.075108],[99.462828,11.071311]]],[[[99.49404844463544,11.07548531785544],[99.492429,11.08939],[99.494049,11.075482],[99.49404844463544,11.07548531785544]]]]},"bbox":[99.386831,11.03708,99.49434,11.096814]},{"type":"Feature","id":"2cd31c32-ec4d-4330-9e28-a05f8b0a0d94","properties":{"id":"2cd31c32-ec4d-4330-9e28-a05f8b0a0d94","code":"06770604","provinceCode":"77","nameTh":"องค์การบริหารส่วนตำบล เขาจ้าว","nameEn":null,"geometryType":"MUNICIPALITY","sourceUrl":"https://landometer.com/api/v2/citymeter-v3/grocery/info/geom/2cd31c32-ec4d-4330-9e28-a05f8b0a0d94/MUNICIPALITY","sourceSha256":"61cba4d4a86a48767954ef906836a5002a4faf76637775972820bb713564b5a2","retrievedAt":"2026-10-04T05:44:24.149832+00:00","boundaryVintage":null,"geometryStatus":"native_source_polygon_display_simplified","simplificationToleranceDegrees":0.00015,"simplificationPreservesTopology":true,"invalidSourceRepair":"make_valid; retain polygonal components; discard zero-area collapsed lines","legalBoundaryIndependentlyVerified":false,"areaId":"2cd31c32-ec4d-4330-9e28-a05f8b0a0d94"},"geometry":{"type":"MultiPolygon","coordinates":[[[[99.441957,12.401967],[99.444364,12.406057],[99.44554,12.405965],[99.445932,12.406468],[99.445933,12.407067],[99.444061,12.408864],[99.443479,12.410109],[99.44275,12.410876],[99.440026,12.412077],[99.436692,12.412704],[99.434358,12.414646],[99.433462,12.416992],[99.432806,12.41795],[99.428602,12.422646],[99.427168,12.423606],[99.426853,12.424515],[99.426619,12.430497],[99.426401,12.431263],[99.426158,12.431575],[99.425647,12.431552],[99.424575,12.430835],[99.424162,12.43141],[99.424204,12.433506],[99.424712,12.435911],[99.424366,12.437119],[99.42386,12.437842],[99.424546,12.443229],[99.425424,12.447596],[99.425007,12.448427],[99.42667,12.448947],[99.427773,12.449914],[99.42993,12.450627],[99.430832,12.451659],[99.432123,12.453814],[99.432975,12.454609],[99.434222,12.455005],[99.43488,12.455505],[99.436494,12.455642],[99.438347,12.457132],[99.43902,12.458203],[99.440758,12.457977],[99.441727,12.458971],[99.442795,12.459475],[99.443404,12.459509],[99.444202,12.460737],[99.445511,12.461182],[99.446911,12.461204],[99.447037,12.460773],[99.446647,12.460151],[99.447263,12.459826],[99.449128,12.459911],[99.450004,12.459451],[99.451219,12.459465],[99.452318,12.458792],[99.45368,12.459301],[99.454303,12.460302],[99.4552,12.460109],[99.45583,12.460487],[99.457353,12.460237],[99.458619,12.462234],[99.458519,12.463013],[99.458877,12.463279],[99.458692,12.464042],[99.459184,12.464492],[99.459397,12.465841],[99.460533,12.467156],[99.460073,12.468722],[99.46062,12.469991],[99.460929,12.469338],[99.461547,12.468978],[99.462586,12.469203],[99.462418,12.468533],[99.462603,12.468221],[99.463596,12.468468],[99.464225,12.469021],[99.465172,12.468905],[99.465389,12.469297],[99.465785,12.469309],[99.466104,12.46906],[99.466055,12.468641],[99.46652,12.468289],[99.466519,12.467796],[99.46693,12.467624],[99.467317,12.467633],[99.46754,12.468006],[99.468899,12.467812],[99.4697,12.468107],[99.470875,12.467459],[99.472127,12.467397],[99.473316,12.467802],[99.47352,12.468146],[99.474306,12.467941],[99.475109,12.469179],[99.477033,12.468097],[99.480591,12.468618],[99.481848,12.467942],[99.482233,12.467019],[99.48342,12.466498],[99.484026,12.46487],[99.484457,12.464555],[99.485111,12.464749],[99.485438,12.465561],[99.486028,12.465989],[99.489097,12.467306],[99.490033,12.467161],[99.490727,12.466621],[99.491218,12.466628],[99.490727,12.469243],[99.491057,12.469494],[99.491963,12.46946],[99.492429,12.466873],[99.492784,12.466844],[99.49349,12.467438],[99.494148,12.467261],[99.495383,12.467829],[99.495851,12.467825],[99.496869,12.4672],[99.497257,12.466393],[99.498158,12.46594],[99.49898,12.46469],[99.500569,12.464978],[99.500641,12.464734],[99.500059,12.463857],[99.500359,12.463478],[99.50079,12.463444],[99.502147,12.464257],[99.502952,12.464315],[99.503617,12.464066],[99.50414,12.463511],[99.504214,12.462476],[99.504583,12.461818],[99.505579,12.461589],[99.505957,12.461241],[99.507819,12.461052],[99.508342,12.459137],[99.508996,12.458556],[99.51179,12.458864],[99.512555,12.458446],[99.513777,12.458493],[99.515342,12.457699],[99.516123,12.458388],[99.516882,12.458458],[99.517208,12.45797],[99.517286,12.456648],[99.51762,12.455875],[99.517354,12.453366],[99.517514,12.452995],[99.517964,12.453199],[99.518771,12.454413],[99.520153,12.455681],[99.521721,12.456497],[99.52295,12.456485],[99.523614,12.456186],[99.523798,12.45567],[99.523039,12.45503],[99.522992,12.454592],[99.52358,12.454315],[99.524179,12.454521],[99.524529,12.454994],[99.524853,12.456434],[99.524719,12.457249],[99.52425,12.458071],[99.524573,12.458609],[99.526119,12.458689],[99.530365,12.457313],[99.532216,12.458185],[99.53288,12.459011],[99.534676,12.459284],[99.535408,12.4587],[99.535661,12.458009],[99.534956,12.457055],[99.534981,12.456513],[99.533814,12.454244],[99.533882,12.453957],[99.535215,12.45368],[99.536247,12.453963],[99.536463,12.454548],[99.536366,12.456093],[99.536664,12.45646],[99.53763,12.456551],[99.539356,12.456243],[99.540043,12.455549],[99.540648,12.453954],[99.540853,12.451571],[99.541385,12.450494],[99.541878,12.450046],[99.544273,12.449913],[99.544957,12.449638],[99.546231,12.449925],[99.547923,12.451068],[99.549679,12.452778],[99.550718,12.45268],[99.551561,12.451766],[99.553123,12.45186],[99.555427,12.451465],[99.55589,12.449465],[99.555661,12.448506],[99.556482,12.447882],[99.557003,12.446545],[99.556836,12.444163],[99.557705,12.4431],[99.559536,12.444226],[99.562156,12.443153],[99.563053,12.442006],[99.562905,12.441283],[99.561633,12.440598],[99.561671,12.440212],[99.562272,12.439854],[99.567876,12.438618],[99.568685,12.439013],[99.568887,12.439549],[99.569818,12.440162],[99.570245,12.441461],[99.57054,12.441888],[99.570878,12.441959],[99.571958,12.44119],[99.572275,12.439679],[99.57267,12.439431],[99.573216,12.439521],[99.574091,12.438972],[99.574998,12.437767],[99.575982,12.437775],[99.578705,12.438675],[99.581004,12.437856],[99.581443,12.438105],[99.581472,12.438637],[99.580447,12.440088],[99.580412,12.440469],[99.579218,12.440855],[99.578491,12.441377],[99.578838,12.44146],[99.579246,12.442166],[99.579717,12.442316],[99.58077,12.44196],[99.580926,12.442911],[99.582035,12.442517],[99.585485,12.44021],[99.58607,12.440246],[99.586526,12.439885],[99.586069,12.43804],[99.585954,12.438262],[99.584889,12.436593],[99.58673,12.434845],[99.587379,12.435507],[99.58742,12.435907],[99.587189,12.435968],[99.587995,12.436721],[99.588865,12.438711],[99.589329,12.439059],[99.589874,12.439129],[99.590549,12.438864],[99.591883,12.43744],[99.592762,12.436021],[99.592915,12.43528],[99.592754,12.434699],[99.591635,12.432303],[99.590319,12.431023],[99.590895,12.431128],[99.589402,12.429897],[99.587695,12.428916],[99.587594,12.427976],[99.58794,12.426836],[99.589204,12.425154],[99.589823,12.424768],[99.59211,12.424821],[99.592738,12.425239],[99.59458,12.424609],[99.600088,12.421164],[99.600844,12.420441],[99.601527,12.418949],[99.599999,12.418894],[99.599277,12.418438],[99.598953,12.419028],[99.598066,12.418594],[99.596588,12.418939],[99.596123,12.4188],[99.59601,12.418459],[99.595429,12.418124],[99.594902,12.418037],[99.594326,12.417444],[99.594186,12.41705],[99.594464,12.416735],[99.593938,12.416459],[99.593566,12.415124],[99.594022,12.414554],[99.593425,12.414147],[99.593601,12.413391],[99.593363,12.412236],[99.593547,12.411363],[99.594032,12.411086],[99.594055,12.410625],[99.594921,12.410176],[99.59528,12.409353],[99.595072,12.408381],[99.594643,12.40821],[99.594926,12.407717],[99.594578,12.407458],[99.594949,12.406981],[99.594621,12.405698],[99.594084,12.405094],[99.593345,12.404875],[99.593631,12.404305],[99.593507,12.404115],[99.592721,12.404362],[99.592434,12.404979],[99.591216,12.404709],[99.590975,12.404294],[99.591166,12.403542],[99.590411,12.403163],[99.588801,12.403658],[99.587688,12.403073],[99.584864,12.403455],[99.58155,12.404662],[99.580134,12.405432],[99.579192,12.404793],[99.577628,12.404778],[99.576572,12.405217],[99.575131,12.404997],[99.573863,12.403171],[99.574716,12.401895],[99.573869,12.400164],[99.574268,12.398928],[99.574047,12.398355],[99.573197,12.397873],[99.570787,12.39791],[99.5696,12.39732],[99.569281,12.396664],[99.569952,12.39544],[99.569931,12.394778],[99.567615,12.393248],[99.564504,12.393101],[99.562254,12.392074],[99.561869,12.391247],[99.557732,12.389357],[99.557688,12.387211],[99.556171,12.383762],[99.556163,12.383106],[99.556389,12.382704],[99.55725,12.38227],[99.561498,12.381172],[99.562101,12.378349],[99.563582,12.37725],[99.564486,12.375669],[99.564739,12.372961],[99.565523,12.372603],[99.567823,12.372783],[99.569053,12.372456],[99.56969,12.370346],[99.571133,12.369534],[99.571279,12.368158],[99.572503,12.367818],[99.572688,12.366639],[99.573678,12.366096],[99.573663,12.365],[99.573889,12.364643],[99.575132,12.36415],[99.576856,12.364459],[99.57767,12.363438],[99.578524,12.362856],[99.578767,12.361393],[99.578536,12.360785],[99.579139,12.360052],[99.580389,12.359788],[99.583642,12.360248],[99.586937,12.359886],[99.587476,12.35935],[99.587165,12.357816],[99.587501,12.357103],[99.587925,12.356895],[99.58967,12.357039],[99.592067,12.357846],[99.596268,12.35785],[99.599389,12.358328],[99.601731,12.358187],[99.604045,12.35623],[99.604646,12.355131],[99.604859,12.352633],[99.605244,12.351593],[99.604641,12.348905],[99.60475,12.348158],[99.607233,12.346676],[99.608011,12.346999],[99.608427,12.347606],[99.609293,12.34816],[99.612238,12.349313],[99.612476,12.348436],[99.612036,12.346468],[99.612183,12.34616],[99.614484,12.345488],[99.616687,12.346171],[99.619305,12.34494],[99.621204,12.345653],[99.622317,12.346394],[99.625232,12.347288],[99.62645,12.34833],[99.627253,12.349884],[99.628912,12.349337],[99.630665,12.348061],[99.632585,12.348478],[99.633311,12.349374],[99.633951,12.349774],[99.633375,12.351089],[99.633888,12.3521],[99.635387,12.352661],[99.636008,12.352267],[99.636425,12.352272],[99.637278,12.353318],[99.640017,12.35484],[99.640797,12.354641],[99.641686,12.353623],[99.642722,12.353488],[99.643335,12.353669],[99.646403,12.355941],[99.648324,12.356837],[99.650228,12.359294],[99.651598,12.362019],[99.652461,12.36248],[99.653542,12.362655],[99.654527,12.362469],[99.655561,12.361803],[99.656195,12.361854],[99.658537,12.364443],[99.658659,12.364995],[99.657926,12.365959],[99.656042,12.365595],[99.655295,12.366045],[99.654992,12.367129],[99.655427,12.368451],[99.656388,12.369423],[99.656639,12.370133],[99.657858,12.371211],[99.659701,12.372201],[99.663705,12.37494],[99.664431,12.374903],[99.664963,12.373942],[99.664852,12.371525],[99.665472,12.369522],[99.666557,12.36773],[99.666892,12.365914],[99.667321,12.365685],[99.668048,12.365763],[99.669044,12.36677],[99.669828,12.369183],[99.671378,12.371347],[99.670757,12.373293],[99.670488,12.376792],[99.669389,12.381912],[99.670642,12.383913],[99.670125,12.386607],[99.671202,12.389341],[99.671737,12.389522],[99.673639,12.391863],[99.674948,12.392584],[99.679407,12.392561],[99.680584,12.393128],[99.682841,12.392426],[99.683347,12.39131],[99.685523,12.390511],[99.689262,12.396335],[99.69118,12.398508],[99.69157,12.398816],[99.694706,12.39958],[99.697491,12.402784],[99.698393,12.402787],[99.698971,12.403206],[99.699165,12.403929],[99.699684,12.404474],[99.700049,12.405764],[99.70227,12.404428],[99.702871,12.402155],[99.703648,12.400394],[99.706301,12.398335],[99.705927,12.397126],[99.705321,12.396703],[99.706359,12.395733],[99.706838,12.394552],[99.708669,12.393675],[99.71039,12.392443],[99.710648,12.391764],[99.7122,12.390231],[99.712942,12.388811],[99.713905,12.388486],[99.714632,12.389218],[99.714995,12.390767],[99.715306,12.391209],[99.717054,12.392339],[99.719587,12.393142],[99.720465,12.393855],[99.721162,12.395331],[99.722504,12.395573],[99.724219,12.394907],[99.724844,12.394152],[99.728237,12.393363],[99.729376,12.396953],[99.730866,12.398704],[99.739744,12.40056],[99.741181,12.401102],[99.742066,12.402376],[99.744928,12.414668],[99.746234,12.417466],[99.748406,12.419931],[99.761997,12.432365],[99.776864,12.444187],[99.778435,12.445843],[99.780257,12.449158],[99.782848,12.457801],[99.783874,12.459711],[99.785577,12.46089],[99.796445,12.463183],[99.798445,12.46384],[99.79977,12.463933],[99.800342,12.463616],[99.800032,12.464634],[99.801978,12.46565],[99.803194,12.46657],[99.803906,12.467472],[99.804462,12.469781],[99.803982,12.472187],[99.803479,12.473389],[99.802765,12.473683],[99.802315,12.474328],[99.80134,12.474286],[99.79837,12.478414],[99.79762,12.478748],[99.79722,12.479524],[99.796054,12.480717],[99.796735,12.481985],[99.7959,12.482876],[99.796232,12.483452],[99.797708,12.484202],[99.798432,12.484288],[99.799839,12.484202],[99.800722,12.48357],[99.801168,12.483523],[99.801862,12.483889],[99.802157,12.484338],[99.80149,12.485605],[99.80056,12.48627],[99.799775,12.487364],[99.798923,12.488023],[99.798113,12.488226],[99.797866,12.489061],[99.798034,12.489611],[99.798793,12.490081],[99.800739,12.490587],[99.802166,12.490611],[99.803673,12.489171],[99.804661,12.487855],[99.805003,12.486745],[99.806431,12.48555],[99.802939,12.482054],[99.805539,12.479304],[99.806073,12.472584],[99.80088,12.452178],[99.799916,12.445284],[99.792791,12.41489],[99.777659,12.39206],[99.775833,12.38973],[99.762524,12.376418],[99.749423,12.368727],[99.733496,12.355496],[99.705096,12.33797],[99.688705,12.324214],[99.685787,12.32485],[99.684178,12.324245],[99.682845,12.321359],[99.68185,12.320866],[99.680662,12.32099],[99.679649,12.321771],[99.678008,12.322512],[99.676457,12.32401],[99.673946,12.325043],[99.672395,12.324282],[99.670482,12.322431],[99.66878,12.321585],[99.668269,12.321856],[99.667344,12.323345],[99.663506,12.323695],[99.662379,12.325404],[99.660228,12.326224],[99.657852,12.326421],[99.65556,12.325966],[99.655171,12.325726],[99.654404,12.324375],[99.652342,12.323743],[99.651738,12.323992],[99.650965,12.325807],[99.650195,12.326347],[99.649676,12.326298],[99.648248,12.325424],[99.64729,12.325327],[99.644938,12.326473],[99.643375,12.326731],[99.642316,12.326436],[99.640552,12.323594],[99.638682,12.322474],[99.63818,12.321387],[99.637112,12.321243],[99.633593,12.321969],[99.633408,12.322376],[99.634256,12.324026],[99.633887,12.325105],[99.63214,12.325192],[99.631584,12.32565],[99.631005,12.326697],[99.629007,12.327822],[99.625421,12.328278],[99.623786,12.329228],[99.622011,12.328278],[99.619741,12.328358],[99.618357,12.328884],[99.617372,12.3296],[99.616266,12.329826],[99.615307,12.330833],[99.612775,12.331021],[99.611148,12.331805],[99.609484,12.331493],[99.607005,12.332561],[99.60616,12.332314],[99.604872,12.330092],[99.603049,12.329831],[99.602212,12.329434],[99.599453,12.326063],[99.598608,12.325691],[99.596464,12.325903],[99.593564,12.327337],[99.590325,12.328382],[99.587822,12.329872],[99.584959,12.329132],[99.582647,12.329469],[99.581581,12.328467],[99.581038,12.327206],[99.580565,12.326809],[99.578524,12.327801],[99.577942,12.32786],[99.575693,12.326189],[99.572516,12.325737],[99.570535,12.325751],[99.569632,12.325994],[99.568781,12.326734],[99.568202,12.328105],[99.567089,12.328655],[99.565839,12.328508],[99.563772,12.327698],[99.561605,12.327506],[99.56071,12.327195],[99.559193,12.327371],[99.557365,12.328008],[99.556697,12.329068],[99.556617,12.329621],[99.556841,12.330053],[99.559193,12.332249],[99.557957,12.333626],[99.557603,12.335289],[99.556939,12.336608],[99.555058,12.338764],[99.554886,12.340389],[99.554278,12.341491],[99.55444,12.343926],[99.554094,12.34521],[99.554281,12.345706],[99.555333,12.346693],[99.555473,12.347595],[99.555052,12.348189],[99.553424,12.348622],[99.552792,12.348612],[99.552269,12.348262],[99.55185,12.346665],[99.551344,12.346782],[99.55039,12.348189],[99.546735,12.346339],[99.546068,12.346383],[99.545143,12.346964],[99.544582,12.346942],[99.544863,12.344344],[99.544735,12.343415],[99.544248,12.343207],[99.542436,12.343612],[99.541787,12.343293],[99.541208,12.342083],[99.541102,12.339607],[99.540655,12.339111],[99.539543,12.339163],[99.538204,12.339959],[99.537907,12.340592],[99.53777,12.342735],[99.537423,12.343032],[99.537105,12.342956],[99.535333,12.341599],[99.53468,12.339993],[99.533382,12.339489],[99.532998,12.338373],[99.532183,12.338622],[99.531102,12.339437],[99.530592,12.339433],[99.529847,12.338985],[99.529529,12.338054],[99.530373,12.337437],[99.531258,12.335972],[99.531181,12.335587],[99.5304,12.334869],[99.529608,12.334716],[99.528773,12.334206],[99.52711,12.334779],[99.526846,12.334506],[99.526669,12.333473],[99.526169,12.333725],[99.525586,12.334807],[99.524278,12.334896],[99.524119,12.334561],[99.524297,12.333182],[99.524005,12.332872],[99.522853,12.333358],[99.521112,12.333324],[99.5214,12.334288],[99.522643,12.334931],[99.522558,12.335595],[99.520172,12.335219],[99.519301,12.334691],[99.518849,12.334982],[99.519101,12.335722],[99.518398,12.336208],[99.517599,12.335935],[99.516831,12.335151],[99.516113,12.335101],[99.51579,12.335605],[99.516086,12.336787],[99.515547,12.337312],[99.515062,12.337323],[99.514548,12.336514],[99.513938,12.336488],[99.513868,12.336809],[99.514352,12.337236],[99.514372,12.337823],[99.513307,12.33835],[99.512875,12.339432],[99.512033,12.339629],[99.512596,12.341218],[99.512477,12.341882],[99.511389,12.342357],[99.511202,12.343242],[99.510596,12.343439],[99.509896,12.344382],[99.508844,12.34409],[99.508482,12.343592],[99.508423,12.342846],[99.507847,12.342821],[99.507229,12.34237],[99.506738,12.342818],[99.506688,12.344028],[99.505961,12.344461],[99.505647,12.3444],[99.505709,12.343839],[99.504792,12.343604],[99.504369,12.343775],[99.503587,12.34532],[99.503824,12.346271],[99.503386,12.346838],[99.502526,12.349036],[99.49822,12.349356],[99.497988,12.347948],[99.498215,12.346957],[99.497659,12.346572],[99.496581,12.347693],[99.493626,12.346364],[99.490268,12.346353],[99.484689,12.347701],[99.483033,12.348707],[99.476904,12.350099],[99.474837,12.349836],[99.473099,12.349016],[99.471765,12.349224],[99.470308,12.348901],[99.469,12.349006],[99.466875,12.35081],[99.466119,12.35233],[99.463678,12.35296],[99.463076,12.352858],[99.46263,12.352473],[99.462166,12.351453],[99.460811,12.349672],[99.458449,12.349656],[99.456143,12.347801],[99.455501,12.347637],[99.45449,12.348119],[99.45406,12.349478],[99.453502,12.349994],[99.450294,12.350692],[99.447321,12.350594],[99.445037,12.351538],[99.443544,12.351334],[99.443711,12.351683],[99.443227,12.35269],[99.443265,12.354197],[99.443669,12.35453],[99.443728,12.355629],[99.441977,12.356398],[99.4394,12.358316],[99.437506,12.360903],[99.436144,12.361192],[99.433252,12.363542],[99.432571,12.36383],[99.432474,12.364261],[99.432916,12.366461],[99.433819,12.368254],[99.434477,12.368636],[99.436011,12.368849],[99.437107,12.369613],[99.437596,12.371095],[99.437868,12.373703],[99.437213,12.374972],[99.437263,12.375403],[99.439643,12.377674],[99.440383,12.379064],[99.440631,12.380547],[99.441616,12.381695],[99.442533,12.383303],[99.442345,12.389513],[99.442489,12.390716],[99.443351,12.39271],[99.442057,12.395017],[99.44204,12.395838],[99.442856,12.397012],[99.44179,12.400415],[99.441804,12.400541],[99.441811,12.400605],[99.441957,12.401967]]],[[[99.441801,12.400515],[99.44180712244912,12.400570102042032],[99.441804,12.400541],[99.441801,12.400515]]]]},"bbox":[99.42386,12.320839,99.806431,12.490677]},{"type":"Feature","id":"6bdc47f1-e7a3-4a7f-b466-0199bab40ab7","properties":{"id":"6bdc47f1-e7a3-4a7f-b466-0199bab40ab7","code":"06770605","provinceCode":"77","nameTh":"องค์การบริหารส่วนตำบล ปราณบุรี","nameEn":null,"geometryType":"MUNICIPALITY","sourceUrl":"https://landometer.com/api/v2/citymeter-v3/grocery/info/geom/6bdc47f1-e7a3-4a7f-b466-0199bab40ab7/MUNICIPALITY","sourceSha256":"be69a63160ba9cd255bfb70377fcdd409b06ba8b012bbe66e55237536d9d41c6","retrievedAt":"2026-10-04T05:44:24.126428+00:00","boundaryVintage":null,"geometryStatus":"native_source_polygon_display_simplified","simplificationToleranceDegrees":0.00015,"simplificationPreservesTopology":true,"invalidSourceRepair":"make_valid; retain polygonal components; discard zero-area collapsed lines","legalBoundaryIndependentlyVerified":false,"areaId":"6bdc47f1-e7a3-4a7f-b466-0199bab40ab7"},"geometry":{"type":"Polygon","coordinates":[[[99.9654,12.372862],[99.967454,12.365059],[99.964437,12.349653],[99.961563,12.343928],[99.96131,12.337773],[99.960359,12.336601],[99.960803,12.337149],[99.95953,12.337108],[99.959131,12.336191],[99.959647,12.33452],[99.959731,12.333374],[99.95919,12.333065],[99.957347,12.332727],[99.955416,12.333784],[99.956755,12.330205],[99.944654,12.329284],[99.941932,12.329502],[99.939484,12.33008],[99.939252,12.329474],[99.938406,12.329423],[99.934044,12.331102],[99.933285,12.330154],[99.932549,12.328548],[99.92909,12.329766],[99.926905,12.330837],[99.927175,12.331289],[99.925116,12.332185],[99.923806,12.333298],[99.924708,12.33418],[99.919841,12.335637],[99.916319,12.33661],[99.915505,12.333309],[99.914283,12.333634],[99.910837,12.335846],[99.909856,12.335103],[99.910877,12.332583],[99.910719,12.33204],[99.910179,12.332309],[99.908268,12.332353],[99.906123,12.33284],[99.900357,12.33766],[99.901866,12.340907],[99.899506,12.342422],[99.898237,12.347915],[99.896115,12.347904],[99.896297,12.350153],[99.897087,12.352831],[99.901821,12.356414],[99.904601,12.3536],[99.907914,12.353693],[99.904851,12.358404],[99.905382,12.363962],[99.934304,12.365092],[99.935721,12.370081],[99.939069,12.370098],[99.938543,12.372397],[99.950379,12.375367],[99.950683,12.382566],[99.946801,12.384992],[99.948472,12.387543],[99.949715,12.388165],[99.953214,12.385026],[99.956037,12.386263],[99.958273,12.384269],[99.959906,12.385364],[99.959916,12.375325],[99.9654,12.372862]],[[99.905496,12.333411],[99.902664,12.336473],[99.900379,12.337642],[99.905496,12.333411]]]},"bbox":[99.896115,12.328548,99.967454,12.388165]},{"type":"Feature","id":"7a219db7-3d7c-4e22-b8b4-0d10f8310345","properties":{"id":"7a219db7-3d7c-4e22-b8b4-0d10f8310345","code":"06770606","provinceCode":"77","nameTh":"องค์การบริหารส่วนตำบล ปากน้ำปราณ","nameEn":null,"geometryType":"MUNICIPALITY","sourceUrl":"https://landometer.com/api/v2/citymeter-v3/grocery/info/geom/7a219db7-3d7c-4e22-b8b4-0d10f8310345/MUNICIPALITY","sourceSha256":"4cd01d50e087899b5e9ce44243b471010923f6d502d62f0bb700b719e046f794","retrievedAt":"2026-10-04T05:44:24.127504+00:00","boundaryVintage":null,"geometryStatus":"native_source_polygon_display_simplified","simplificationToleranceDegrees":0.00015,"simplificationPreservesTopology":true,"invalidSourceRepair":"make_valid; retain polygonal components; discard zero-area collapsed lines","legalBoundaryIndependentlyVerified":false,"areaId":"7a219db7-3d7c-4e22-b8b4-0d10f8310345"},"geometry":{"type":"MultiPolygon","coordinates":[[[[99.970374,12.338181],[99.969899,12.336318],[99.969672,12.336094],[99.966781,12.336845],[99.966474,12.336184],[99.965756,12.336331],[99.965645,12.336726],[99.963844,12.336977],[99.96369,12.337173],[99.960803,12.337149],[99.96131,12.337773],[99.961563,12.343928],[99.964437,12.349653],[99.967454,12.365059],[99.9654,12.372862],[99.959916,12.375325],[99.959906,12.385364],[99.958273,12.384269],[99.956571,12.385786],[99.956116,12.387608],[99.961543,12.388372],[99.961701,12.391103],[99.965702,12.393795],[99.970009,12.392423],[99.970408,12.399058],[99.966525,12.397655],[99.963745,12.400318],[99.968171,12.405701],[99.967968,12.409429],[99.970083,12.413557],[99.969894,12.425257],[99.966144,12.442079],[99.96642098657624,12.446682776884437],[99.96738,12.444807],[99.969342,12.444182],[99.969909,12.441403],[99.970726,12.439516],[99.97107,12.439672],[99.970889,12.441259],[99.971059,12.442655],[99.971709,12.443604],[99.972452,12.443616],[99.973186,12.444229],[99.973021,12.445014],[99.973821,12.445721],[99.973063,12.447672],[99.972917,12.450528],[99.974345,12.450253],[99.977067,12.447746],[99.978215,12.447427],[99.98045,12.447853],[99.981548,12.448899],[99.983334,12.449547],[99.983143,12.449169],[99.983341,12.448448],[99.983221,12.447574],[99.982742,12.446364],[99.982063,12.445515],[99.981995,12.44376],[99.98247,12.441121],[99.982826,12.440613],[99.983712,12.440463],[99.984033,12.439393],[99.983807,12.438297],[99.983539,12.438336],[99.981828,12.437019],[99.980689,12.436814],[99.980074,12.435823],[99.979662,12.43243],[99.98024,12.428915],[99.982021,12.423976],[99.984399,12.41894],[99.98794,12.41422],[99.989673,12.413153],[99.991267,12.41289],[99.992165,12.413149],[99.993494,12.415166],[99.993815,12.415168],[99.991995,12.412501],[99.990956,12.411627],[99.991461,12.411146],[99.984588,12.403923],[99.979406,12.392644],[99.986124,12.390308],[99.996007,12.395059],[99.998591,12.387368],[99.999867,12.381131],[100.000174,12.376618],[100.00023,12.369989],[99.997693,12.353523],[99.997663,12.348112],[99.998069,12.341755],[99.99865,12.339643],[99.999138,12.338901],[100.00045,12.337368],[100.001421,12.336909],[100.002559,12.336854],[100.002787,12.335924],[100.002487,12.335424],[100.001763,12.335559],[100.000932,12.335356],[100.0002,12.333984],[99.999974,12.332343],[99.999072,12.330751],[99.998169,12.331499],[99.997483,12.333019],[99.995978,12.332482],[99.994192,12.330985],[99.992898,12.33163],[99.98992,12.332097],[99.988782,12.331138],[99.988345,12.331121],[99.989468,12.336056],[99.982015,12.337303],[99.980109,12.337975],[99.978539,12.33792],[99.976806,12.338497],[99.973952,12.338797],[99.971129,12.338573],[99.970374,12.338181]]],[[[99.966407,12.446705],[99.966421,12.446683],[99.96642098657624,12.446682776884437],[99.966407,12.446705]]]]},"bbox":[99.956116,12.330745,100.002787,12.450528]},{"type":"Feature","id":"b269c2c2-a8b7-4d8a-a8d8-d0ce8259cdd1","properties":{"id":"b269c2c2-a8b7-4d8a-a8d8-d0ce8259cdd1","code":"06770607","provinceCode":"77","nameTh":"องค์การบริหารส่วนตำบล วังก์พง","nameEn":null,"geometryType":"MUNICIPALITY","sourceUrl":"https://landometer.com/api/v2/citymeter-v3/grocery/info/geom/b269c2c2-a8b7-4d8a-a8d8-d0ce8259cdd1/MUNICIPALITY","sourceSha256":"e47f89643ecff93c3f8d627697d1eb8f6418d4e13318a55dee47fc565bf873fa","retrievedAt":"2026-10-04T05:44:24.163484+00:00","boundaryVintage":null,"geometryStatus":"native_source_polygon_display_simplified","simplificationToleranceDegrees":0.00015,"simplificationPreservesTopology":true,"invalidSourceRepair":"make_valid; retain polygonal components; discard zero-area collapsed lines","legalBoundaryIndependentlyVerified":false,"areaId":"b269c2c2-a8b7-4d8a-a8d8-d0ce8259cdd1"},"geometry":{"type":"Polygon","coordinates":[[[99.967968,12.409429],[99.968171,12.405701],[99.963745,12.400318],[99.966525,12.397655],[99.970408,12.399058],[99.970009,12.392423],[99.965702,12.393795],[99.961701,12.391103],[99.961543,12.388372],[99.956116,12.387608],[99.956571,12.385786],[99.956037,12.386263],[99.953214,12.385026],[99.949715,12.388165],[99.948472,12.387543],[99.946801,12.384992],[99.950683,12.382566],[99.950379,12.375367],[99.938543,12.372397],[99.939069,12.370098],[99.935721,12.370081],[99.93054,12.38279],[99.923897,12.381123],[99.921096,12.378055],[99.920396,12.379363],[99.917403,12.378685],[99.917664,12.383024],[99.925335,12.389286],[99.92822,12.39427],[99.925996,12.397755],[99.922039,12.398884],[99.924476,12.415761],[99.916996,12.416641],[99.915218,12.418884],[99.90026,12.425487],[99.894328,12.434111],[99.88792,12.438743],[99.883594,12.446333],[99.883832,12.449686],[99.887536,12.449658],[99.887416,12.455946],[99.89185,12.455939],[99.892089,12.456745],[99.89241,12.456744],[99.896077,12.456485],[99.897966,12.455826],[99.898064,12.456314],[99.899573,12.456378],[99.900604,12.456846],[99.900058,12.457997],[99.900692,12.458259],[99.900855,12.459477],[99.90214,12.459493],[99.903133,12.458987],[99.90488,12.459263],[99.905358,12.45955],[99.906258,12.461586],[99.907451,12.462174],[99.909005,12.461865],[99.909307,12.461646],[99.909601,12.460839],[99.910339,12.46039],[99.911322,12.460299],[99.911679,12.459717],[99.912353,12.459754],[99.91329,12.4592],[99.913381,12.458142],[99.914731,12.458542],[99.914893,12.457833],[99.915399,12.457604],[99.915422,12.457126],[99.916048,12.456905],[99.918597,12.457935],[99.918626,12.457771],[99.920732,12.458452],[99.921402,12.456941],[99.924049,12.457572],[99.925421,12.458215],[99.92601,12.458124],[99.929058,12.45647],[99.930007,12.455124],[99.931177,12.455453],[99.931773,12.454343],[99.931611,12.453846],[99.932448,12.452421],[99.933396,12.451924],[99.933917,12.452224],[99.933907,12.453276],[99.9343,12.453443],[99.934516,12.454153],[99.934304,12.454726],[99.934926,12.455535],[99.935438,12.455419],[99.936304,12.455886],[99.936436,12.455165],[99.936929,12.454551],[99.938163,12.45411],[99.938886,12.454987],[99.940476,12.455034],[99.941093,12.45592],[99.941887,12.456265],[99.942926,12.457254],[99.943936,12.456626],[99.943598,12.455881],[99.943653,12.454581],[99.945488,12.454324],[99.947701,12.455427],[99.94997,12.457935],[99.950589,12.457915],[99.952733,12.456762],[99.953295,12.456155],[99.953891,12.45333],[99.95483,12.451441],[99.955973,12.450291],[99.957764,12.449347],[99.960166,12.448513],[99.961902,12.447506],[99.963571,12.447098],[99.964879,12.447284],[99.966421,12.446683],[99.966144,12.442079],[99.969894,12.425257],[99.970083,12.413557],[99.967968,12.409429]]]},"bbox":[99.883594,12.370081,99.970408,12.462177]},{"type":"Feature","id":"3caac672-3a0e-46a4-92a6-a56ff25f6eaa","properties":{"id":"3caac672-3a0e-46a4-92a6-a56ff25f6eaa","code":"06770608","provinceCode":"77","nameTh":"องค์การบริหารส่วนตำบล หนองตาแต้ม","nameEn":null,"geometryType":"MUNICIPALITY","sourceUrl":"https://landometer.com/api/v2/citymeter-v3/grocery/info/geom/3caac672-3a0e-46a4-92a6-a56ff25f6eaa/MUNICIPALITY","sourceSha256":"1a55b8a7a69c72ce107d0f9a4c1dbeb5c37d8b1f1635a87af956c3f7059647f9","retrievedAt":"2026-10-04T05:44:24.193269+00:00","boundaryVintage":null,"geometryStatus":"native_source_polygon_display_simplified","simplificationToleranceDegrees":0.00015,"simplificationPreservesTopology":true,"invalidSourceRepair":"make_valid; retain polygonal components; discard zero-area collapsed lines","legalBoundaryIndependentlyVerified":false,"areaId":"3caac672-3a0e-46a4-92a6-a56ff25f6eaa"},"geometry":{"type":"Polygon","coordinates":[[[99.811501,12.480931],[99.812144,12.479882],[99.813059,12.479786],[99.813589,12.478001],[99.813322,12.477568],[99.813385,12.477168],[99.815887,12.475542],[99.816628,12.474613],[99.817234,12.472572],[99.817848,12.472245],[99.81798,12.471484],[99.818871,12.470347],[99.818261,12.469335],[99.818318,12.468451],[99.821532,12.469075],[99.822641,12.468917],[99.822654,12.4674],[99.822947,12.466392],[99.818295,12.468038],[99.823301,12.457347],[99.83217,12.456607],[99.833882,12.449949],[99.832657,12.446888],[99.837433,12.444927],[99.831053,12.433783],[99.826937,12.433065],[99.827827,12.429614],[99.830209,12.427738],[99.827975,12.425628],[99.826109,12.42596],[99.826193,12.424419],[99.831976,12.423324],[99.829663,12.417766],[99.831909,12.417584],[99.837078,12.42448],[99.842386,12.422565],[99.843973,12.425282],[99.845933,12.423978],[99.847816,12.418813],[99.847893,12.412672],[99.853557,12.411554],[99.854158,12.409925],[99.856893,12.410686],[99.857376,12.407684],[99.86085,12.406207],[99.857316,12.405024],[99.856875,12.401605],[99.858537,12.401735],[99.858894,12.403487],[99.862857,12.399579],[99.86466,12.399668],[99.867444,12.407512],[99.870538,12.402596],[99.872369,12.402236],[99.870235,12.395719],[99.875282,12.394559],[99.871479,12.385146],[99.871097,12.379815],[99.888646,12.376943],[99.905382,12.363962],[99.904851,12.358404],[99.907914,12.353693],[99.904601,12.3536],[99.901821,12.356414],[99.897087,12.352831],[99.896297,12.350153],[99.896115,12.347904],[99.898237,12.347915],[99.899506,12.342422],[99.901866,12.340907],[99.900379,12.337642],[99.900022,12.337515],[99.899688,12.337928],[99.898769,12.338042],[99.898528,12.3386],[99.898243,12.338721],[99.897587,12.338302],[99.896824,12.338362],[99.895626,12.337974],[99.894859,12.338146],[99.894425,12.338696],[99.892969,12.339076],[99.892917,12.339471],[99.892146,12.339247],[99.891182,12.339393],[99.890611,12.338893],[99.890033,12.338903],[99.889995,12.339159],[99.889512,12.339401],[99.888481,12.338844],[99.888027,12.338962],[99.887749,12.338676],[99.887373,12.339112],[99.886097,12.338768],[99.88544,12.338915],[99.884899,12.338752],[99.884762,12.338224],[99.883427,12.337779],[99.882896,12.337952],[99.882242,12.337365],[99.880833,12.337875],[99.88057,12.337576],[99.880103,12.337668],[99.879726,12.337205],[99.87905,12.336994],[99.878981,12.337419],[99.87817,12.337626],[99.878163,12.33786],[99.877259,12.338401],[99.877118,12.33801],[99.876254,12.337947],[99.876111,12.338716],[99.875437,12.339256],[99.874212,12.33911],[99.873522,12.339446],[99.872927,12.33942],[99.872403,12.340115],[99.871891,12.340349],[99.871512,12.340188],[99.871369,12.340527],[99.870582,12.340028],[99.870105,12.340186],[99.869797,12.339981],[99.868864,12.34048],[99.86881,12.3412],[99.868235,12.341158],[99.867779,12.341603],[99.867248,12.341683],[99.867037,12.342052],[99.866623,12.341688],[99.86683,12.341061],[99.864831,12.341532],[99.863883,12.341102],[99.862525,12.341637],[99.862464,12.341118],[99.86181,12.34061],[99.860696,12.340773],[99.860382,12.340414],[99.859639,12.341406],[99.859797,12.341919],[99.859264,12.342434],[99.858992,12.342136],[99.858329,12.342405],[99.858245,12.34184],[99.857992,12.34209],[99.856463,12.342355],[99.855976,12.341617],[99.854169,12.341852],[99.853557,12.342214],[99.853302,12.34153],[99.852804,12.341508],[99.852312,12.341853],[99.851747,12.341521],[99.851507,12.341733],[99.851114,12.341307],[99.850629,12.34122],[99.849456,12.341676],[99.849667,12.341968],[99.849515,12.34254],[99.848918,12.342688],[99.848891,12.343006],[99.848424,12.343127],[99.848116,12.343949],[99.847171,12.344332],[99.846241,12.344213],[99.845758,12.344478],[99.844724,12.343098],[99.840923,12.341975],[99.840504,12.340944],[99.840123,12.340646],[99.838379,12.340658],[99.837214,12.339832],[99.836316,12.338619],[99.835747,12.338632],[99.835005,12.339226],[99.833933,12.339544],[99.832286,12.339707],[99.831637,12.3405],[99.829841,12.339718],[99.824619,12.339749],[99.823403,12.338694],[99.820552,12.338406],[99.818158,12.337825],[99.817577,12.337922],[99.817361,12.338503],[99.814717,12.338398],[99.813453,12.338106],[99.813292,12.337538],[99.812693,12.337345],[99.81008,12.337041],[99.809553,12.337329],[99.808458,12.33735],[99.808109,12.338943],[99.808826,12.339644],[99.808246,12.340251],[99.807465,12.340761],[99.806588,12.340589],[99.805557,12.341154],[99.80487,12.341211],[99.803685,12.34242],[99.802874,12.342699],[99.802104,12.342602],[99.799588,12.341306],[99.797634,12.341068],[99.792547,12.341247],[99.788636,12.341933],[99.786329,12.342976],[99.784762,12.34327],[99.782701,12.345672],[99.782366,12.345594],[99.780077,12.343034],[99.776825,12.340539],[99.774888,12.340188],[99.771955,12.340077],[99.769735,12.339652],[99.768524,12.339139],[99.766127,12.339669],[99.764499,12.339653],[99.763785,12.339265],[99.763213,12.338304],[99.760401,12.337377],[99.759957,12.33565],[99.759264,12.335234],[99.758414,12.335201],[99.755542,12.335889],[99.752062,12.335361],[99.749629,12.336012],[99.748492,12.336086],[99.747634,12.335939],[99.746285,12.335291],[99.745111,12.33521],[99.739452,12.336018],[99.737873,12.335484],[99.736728,12.335445],[99.736489,12.335014],[99.736572,12.333668],[99.735619,12.333068],[99.734394,12.332789],[99.733008,12.331794],[99.730069,12.331455],[99.725889,12.331788],[99.723986,12.331006],[99.72254,12.331004],[99.721235,12.330225],[99.720682,12.330283],[99.719186,12.331109],[99.718351,12.331071],[99.714657,12.328628],[99.712036,12.329003],[99.711158,12.328076],[99.709561,12.327956],[99.708377,12.326792],[99.707765,12.326488],[99.706699,12.32636],[99.704608,12.326603],[99.702838,12.326223],[99.699048,12.324414],[99.696571,12.322545],[99.690897,12.324476],[99.68996,12.32388],[99.688705,12.324214],[99.705096,12.33797],[99.733496,12.355496],[99.749423,12.368727],[99.762524,12.376418],[99.775833,12.38973],[99.777659,12.39206],[99.792791,12.41489],[99.799916,12.445284],[99.80088,12.452178],[99.806073,12.472584],[99.805539,12.479304],[99.802939,12.482054],[99.806431,12.48555],[99.806186,12.485854],[99.80815,12.484286],[99.808417,12.483344],[99.809336,12.48249],[99.810937,12.482575],[99.811562,12.481581],[99.811501,12.480931]]]},"bbox":[99.688705,12.322528,99.907914,12.485854]},{"type":"Feature","id":"62f2ea1f-8ae3-435b-bc79-82ad605e6b17","properties":{"id":"62f2ea1f-8ae3-435b-bc79-82ad605e6b17","code":"06770703","provinceCode":"77","nameTh":"องค์การบริหารส่วนตำบล ทับใต้","nameEn":null,"geometryType":"MUNICIPALITY","sourceUrl":"https://landometer.com/api/v2/citymeter-v3/grocery/info/geom/62f2ea1f-8ae3-435b-bc79-82ad605e6b17/MUNICIPALITY","sourceSha256":"5f6e1f0a4e1dcbaaf7a85748ba4d03ab94e0c500bab415961d32cfe3351c8b78","retrievedAt":"2026-10-04T05:44:24.179839+00:00","boundaryVintage":null,"geometryStatus":"native_source_polygon_display_simplified","simplificationToleranceDegrees":0.00015,"simplificationPreservesTopology":true,"invalidSourceRepair":"make_valid; retain polygonal components; discard zero-area collapsed lines","legalBoundaryIndependentlyVerified":false,"areaId":"62f2ea1f-8ae3-435b-bc79-82ad605e6b17"},"geometry":{"type":"Polygon","coordinates":[[[99.833917,12.566276],[99.846586,12.564625],[99.86841,12.55793],[99.870423,12.560143],[99.870762,12.558904],[99.879435,12.557309],[99.898627,12.558856],[99.904078,12.563238],[99.904313,12.565343],[99.925567,12.569672],[99.925812,12.568722],[99.926394,12.569112],[99.936601,12.526842],[99.940087,12.524949],[99.939731,12.520608],[99.944231,12.513285],[99.945673,12.473118],[99.944296,12.466988],[99.945572,12.463341],[99.944586,12.46313],[99.945009,12.462198],[99.944031,12.461989],[99.944424,12.46105],[99.943385,12.460828],[99.943878,12.460153],[99.944911,12.459461],[99.949949,12.457917],[99.948674,12.456359],[99.947092,12.455034],[99.945206,12.454296],[99.943653,12.454581],[99.943598,12.455881],[99.943936,12.456626],[99.942926,12.457254],[99.941887,12.456265],[99.941093,12.45592],[99.940476,12.455034],[99.938886,12.454987],[99.938163,12.45411],[99.936929,12.454551],[99.936436,12.455165],[99.936304,12.455886],[99.935438,12.455419],[99.934981,12.455552],[99.934304,12.454726],[99.934516,12.454153],[99.9343,12.453443],[99.933907,12.453276],[99.933917,12.452224],[99.933231,12.451945],[99.932523,12.452303],[99.93164,12.453787],[99.931773,12.454343],[99.931177,12.455453],[99.930007,12.455124],[99.929058,12.45647],[99.926024,12.458118],[99.925421,12.458215],[99.924049,12.457572],[99.921402,12.456941],[99.920732,12.458452],[99.918626,12.457771],[99.918597,12.457935],[99.916048,12.456905],[99.915422,12.457126],[99.915399,12.457604],[99.914893,12.457833],[99.914731,12.458542],[99.913381,12.458142],[99.91329,12.4592],[99.912353,12.459754],[99.911679,12.459717],[99.911322,12.460299],[99.910339,12.46039],[99.909601,12.460839],[99.909175,12.461777],[99.90754,12.462177],[99.906258,12.461586],[99.905358,12.45955],[99.90488,12.459263],[99.903133,12.458987],[99.90214,12.459493],[99.900855,12.459477],[99.900692,12.458259],[99.900058,12.457997],[99.900604,12.456846],[99.899573,12.456378],[99.898064,12.456314],[99.897966,12.455826],[99.896077,12.456485],[99.892089,12.456745],[99.89185,12.455939],[99.850203,12.455771],[99.84913,12.455974],[99.835959,12.460797],[99.833196,12.461889],[99.831293,12.463065],[99.82322,12.465685],[99.822654,12.4674],[99.822564,12.468974],[99.821532,12.469075],[99.818318,12.468451],[99.818261,12.469335],[99.818871,12.470347],[99.81798,12.471484],[99.817848,12.472245],[99.817234,12.472572],[99.816491,12.474836],[99.814381,12.476687],[99.813385,12.477168],[99.813322,12.477568],[99.813589,12.478001],[99.813059,12.479786],[99.81223,12.479852],[99.811875,12.48013],[99.811501,12.480931],[99.811562,12.481581],[99.810937,12.482575],[99.809336,12.48249],[99.808417,12.483344],[99.80815,12.484286],[99.806353,12.48574],[99.802733,12.494475],[99.799999,12.497792],[99.770178,12.526846],[99.770848,12.530937],[99.773705,12.534098],[99.772296,12.536958],[99.773143,12.54212],[99.784339,12.563029],[99.783303,12.573791],[99.787622,12.581398],[99.787753,12.585953],[99.789622,12.586387],[99.791106,12.589713],[99.796346,12.586196],[99.811075,12.583361],[99.811176,12.580275],[99.808991,12.578973],[99.812259,12.574767],[99.820294,12.571877],[99.82202,12.566901],[99.830354,12.568793],[99.833917,12.566276]]]},"bbox":[99.770178,12.451924,99.949949,12.589713]},{"type":"Feature","id":"cdec536c-58e9-4d79-9137-7730859b6823","properties":{"id":"cdec536c-58e9-4d79-9137-7730859b6823","code":"06770704","provinceCode":"77","nameTh":"องค์การบริหารส่วนตำบล หนองพลับ","nameEn":null,"geometryType":"MUNICIPALITY","sourceUrl":"https://landometer.com/api/v2/citymeter-v3/grocery/info/geom/cdec536c-58e9-4d79-9137-7730859b6823/MUNICIPALITY","sourceSha256":"996460b3578fe4a66737e5905920d5e68cb96cecb39f47320cd108b650a3ef07","retrievedAt":"2026-10-04T05:44:24.187163+00:00","boundaryVintage":null,"geometryStatus":"native_source_polygon_display_simplified","simplificationToleranceDegrees":0.00015,"simplificationPreservesTopology":true,"invalidSourceRepair":"make_valid; retain polygonal components; discard zero-area collapsed lines","legalBoundaryIndependentlyVerified":false,"areaId":"cdec536c-58e9-4d79-9137-7730859b6823"},"geometry":{"type":"Polygon","coordinates":[[[99.666255,12.637145],[99.667828,12.637261],[99.668703,12.636987],[99.669473,12.637184],[99.670028,12.63693],[99.670487,12.636354],[99.671365,12.635987],[99.672512,12.636779],[99.672826,12.637465],[99.673683,12.637427],[99.673957,12.637178],[99.674487,12.635548],[99.675284,12.634854],[99.676666,12.635567],[99.676749,12.636452],[99.677597,12.636963],[99.678097,12.636836],[99.678822,12.635327],[99.679584,12.634856],[99.681213,12.634852],[99.683585,12.635516],[99.6842,12.63538],[99.685202,12.633308],[99.686689,12.631776],[99.686966,12.630188],[99.686847,12.629207],[99.688626,12.625805],[99.68844,12.623612],[99.688621,12.622635],[99.689584,12.620892],[99.691254,12.619204],[99.691691,12.61628],[99.693006,12.613685],[99.695501,12.613052],[99.697042,12.61127],[99.697716,12.610903],[99.700444,12.611056],[99.702337,12.609542],[99.703772,12.607638],[99.705727,12.606878],[99.708331,12.605298],[99.709614,12.605097],[99.711594,12.605807],[99.71222,12.605204],[99.713224,12.604857],[99.714319,12.60343],[99.715478,12.60263],[99.716566,12.602324],[99.717254,12.601371],[99.717965,12.601077],[99.718556,12.601075],[99.719159,12.601449],[99.7204,12.603614],[99.720513,12.604642],[99.721512,12.604985],[99.721776,12.605332],[99.722107,12.606949],[99.721492,12.60758],[99.721923,12.608885],[99.722628,12.60945],[99.723098,12.610327],[99.724759,12.611319],[99.724913,12.61162],[99.72717,12.612267],[99.727878,12.612082],[99.729679,12.612526],[99.730903,12.6122],[99.731196,12.611817],[99.732336,12.611372],[99.732745,12.610644],[99.734283,12.610357],[99.734855,12.609604],[99.735459,12.609749],[99.736622,12.609351],[99.737278,12.609684],[99.738119,12.609675],[99.739037,12.610491],[99.739753,12.611903],[99.74011,12.615545],[99.742943,12.615753],[99.746355,12.61658],[99.749957,12.616535],[99.751841,12.617356],[99.752621,12.617135],[99.753155,12.618255],[99.753125,12.61871],[99.75347,12.618885],[99.754761,12.618875],[99.755837,12.618176],[99.756611,12.616215],[99.758245,12.615304],[99.761466,12.614926],[99.764157,12.615306],[99.765679,12.615189],[99.768158,12.61418],[99.76885,12.613477],[99.772503,12.612632],[99.774622,12.613944],[99.780981,12.615646],[99.782704,12.616239],[99.783344,12.616727],[99.78687,12.617896],[99.79271,12.61548],[99.793748,12.615573],[99.793982,12.612309],[99.78936,12.608392],[99.79321,12.599459],[99.791875,12.596518],[99.793018,12.593587],[99.789622,12.586387],[99.787753,12.585953],[99.787622,12.581398],[99.783303,12.573791],[99.784339,12.563029],[99.773143,12.54212],[99.772296,12.536958],[99.773705,12.534098],[99.770848,12.530937],[99.770178,12.526846],[99.799999,12.497792],[99.802733,12.494475],[99.806353,12.48574],[99.805003,12.486745],[99.804661,12.487855],[99.803673,12.489171],[99.802166,12.490611],[99.800956,12.490636],[99.79922,12.490203],[99.7985,12.489961],[99.797945,12.489466],[99.798113,12.488226],[99.798923,12.488023],[99.799775,12.487364],[99.80056,12.48627],[99.801693,12.485336],[99.802093,12.484718],[99.802123,12.48421],[99.801456,12.483622],[99.800908,12.483508],[99.799839,12.484202],[99.79785,12.484238],[99.796232,12.483452],[99.795881,12.482949],[99.79673,12.482116],[99.796055,12.480951],[99.796109,12.480592],[99.79722,12.479524],[99.79762,12.478748],[99.79837,12.478414],[99.80134,12.474286],[99.802315,12.474328],[99.802765,12.473683],[99.803479,12.473389],[99.804406,12.470406],[99.804089,12.467865],[99.803115,12.466506],[99.801131,12.465105],[99.800032,12.464634],[99.800342,12.463616],[99.79977,12.463933],[99.798445,12.46384],[99.796445,12.463183],[99.785577,12.46089],[99.784617,12.460377],[99.783874,12.459711],[99.782848,12.457801],[99.780257,12.449158],[99.778435,12.445843],[99.776864,12.444187],[99.761997,12.432365],[99.747298,12.418719],[99.748116,12.425213],[99.7474,12.431048],[99.741006,12.433125],[99.739188,12.434787],[99.739511,12.44038],[99.725513,12.446301],[99.722923,12.445118],[99.719465,12.449227],[99.716139,12.448889],[99.713713,12.450887],[99.707391,12.448409],[99.700417,12.452926],[99.69871,12.455945],[99.70004,12.456843],[99.695301,12.460217],[99.688286,12.457234],[99.685252,12.459591],[99.680529,12.460422],[99.677502,12.460364],[99.66896,12.455948],[99.667585,12.452837],[99.663022,12.451943],[99.659285,12.447903],[99.657757,12.448296],[99.658234,12.445803],[99.656022,12.444541],[99.648862,12.433105],[99.64335,12.431896],[99.644478,12.429839],[99.64103,12.427608],[99.641683,12.423166],[99.639472,12.414979],[99.637884,12.415245],[99.636951,12.412895],[99.629262,12.417286],[99.623649,12.410233],[99.618016,12.410209],[99.617726,12.415358],[99.60675,12.412694],[99.604457,12.413403],[99.601394,12.418948],[99.601334,12.419458],[99.603554,12.422011],[99.605464,12.433729],[99.609245,12.435379],[99.619405,12.434248],[99.621901,12.450628],[99.630089,12.465325],[99.624672,12.492933],[99.635232,12.488944],[99.638185,12.489497],[99.642969,12.486504],[99.649054,12.48768],[99.641717,12.498032],[99.640234,12.507995],[99.637384,12.509729],[99.627859,12.525903],[99.627157,12.529479],[99.625354,12.529381],[99.622903,12.533424],[99.624483,12.542263],[99.619295,12.541699],[99.617275,12.54855],[99.623307,12.554764],[99.621164,12.566893],[99.624704,12.576481],[99.623522,12.587294],[99.628642,12.595884],[99.627929,12.59965],[99.628224,12.599674],[99.628358,12.60005],[99.628223,12.601437],[99.624917,12.604128],[99.623379,12.605869],[99.620529,12.606457],[99.620088,12.60704],[99.618697,12.607351],[99.61871,12.608701],[99.617884,12.609725],[99.616767,12.612268],[99.616054,12.612858],[99.614351,12.613643],[99.613762,12.615232],[99.613716,12.618435],[99.613994,12.619123],[99.615283,12.620119],[99.617602,12.620517],[99.618176,12.621204],[99.619344,12.621863],[99.619608,12.622504],[99.619074,12.624303],[99.619837,12.625493],[99.619794,12.627774],[99.619333,12.62858],[99.617681,12.629865],[99.61737,12.630416],[99.618194,12.631286],[99.619605,12.631971],[99.619027,12.633232],[99.620099,12.63441],[99.620153,12.635087],[99.619439,12.637042],[99.616884,12.638951],[99.61643,12.639574],[99.616231,12.640738],[99.617044,12.640973],[99.618082,12.64224],[99.620124,12.642412],[99.620693,12.643675],[99.622505,12.644601],[99.623216,12.644441],[99.624238,12.64345],[99.625322,12.643596],[99.626097,12.643155],[99.627201,12.642951],[99.630339,12.643102],[99.633387,12.641682],[99.635338,12.642333],[99.636647,12.641976],[99.637206,12.641281],[99.637949,12.64094],[99.639098,12.641144],[99.640166,12.642201],[99.640854,12.642444],[99.645973,12.642272],[99.647516,12.64257],[99.64877,12.641773],[99.649109,12.640371],[99.649644,12.639839],[99.654172,12.639636],[99.655996,12.638891],[99.656412,12.638135],[99.656102,12.635813],[99.65778,12.633287],[99.658197,12.633028],[99.659247,12.633509],[99.660006,12.634707],[99.661112,12.635355],[99.661072,12.635988],[99.661784,12.636586],[99.663185,12.636749],[99.664074,12.637654],[99.666255,12.637145]],[[99.760135,12.585896],[99.764643,12.591464],[99.765849,12.589451],[99.771149,12.587355],[99.774391,12.590064],[99.78892,12.588719],[99.788619,12.591412],[99.790268,12.590345],[99.792441,12.594497],[99.787777,12.596147],[99.788086,12.598657],[99.783885,12.599443],[99.784058,12.600908],[99.776882,12.605559],[99.771418,12.611503],[99.757664,12.600591],[99.745114,12.602673],[99.728009,12.602994],[99.72005,12.590696],[99.719542,12.584333],[99.730201,12.583735],[99.73194,12.585272],[99.760135,12.585896]]]},"bbox":[99.601334,12.410209,99.806353,12.644601]},{"type":"Feature","id":"b00842f3-cbee-4c17-b3e7-aa23068f9f34","properties":{"id":"b00842f3-cbee-4c17-b3e7-aa23068f9f34","code":"06770705","provinceCode":"77","nameTh":"องค์การบริหารส่วนตำบล หินเหล็กไฟ","nameEn":null,"geometryType":"MUNICIPALITY","sourceUrl":"https://landometer.com/api/v2/citymeter-v3/grocery/info/geom/b00842f3-cbee-4c17-b3e7-aa23068f9f34/MUNICIPALITY","sourceSha256":"64a116a41929141c98071d61a5e4cc7a4028288678b88c7ef55f943404e0bfc0","retrievedAt":"2026-10-04T05:44:24.199434+00:00","boundaryVintage":null,"geometryStatus":"native_source_polygon_display_simplified","simplificationToleranceDegrees":0.00015,"simplificationPreservesTopology":true,"invalidSourceRepair":"make_valid; retain polygonal components; discard zero-area collapsed lines","legalBoundaryIndependentlyVerified":false,"areaId":"b00842f3-cbee-4c17-b3e7-aa23068f9f34"},"geometry":{"type":"MultiPolygon","coordinates":[[[[99.870567,12.559616],[99.870423,12.560143],[99.870612,12.559452],[99.870567,12.559616]]],[[[99.904078,12.563238],[99.898627,12.558856],[99.879435,12.557309],[99.870762,12.558904],[99.870423,12.560143],[99.86841,12.55793],[99.846586,12.564625],[99.833917,12.566276],[99.830354,12.568793],[99.82202,12.566901],[99.820294,12.571877],[99.812259,12.574767],[99.808991,12.578973],[99.811176,12.580275],[99.811075,12.583361],[99.796346,12.586196],[99.791106,12.589713],[99.793018,12.593587],[99.791875,12.596518],[99.79321,12.599459],[99.78936,12.608392],[99.793982,12.612309],[99.793748,12.615573],[99.794406,12.616329],[99.795889,12.618801],[99.797751,12.619577],[99.799564,12.622037],[99.800544,12.622721],[99.800805,12.622821],[99.80139,12.622546],[99.801918,12.622811],[99.802907,12.622367],[99.803795,12.622465],[99.804245,12.622601],[99.804686,12.623224],[99.808885,12.623832],[99.808999,12.624095],[99.812858,12.624844],[99.813076,12.625125],[99.812956,12.625752],[99.815625,12.626727],[99.815289,12.628116],[99.8154,12.628507],[99.815751,12.628228],[99.816098,12.628516],[99.817211,12.628394],[99.817547,12.62884],[99.817907,12.630329],[99.818639,12.630586],[99.81871,12.63089],[99.819785,12.631132],[99.820233,12.630717],[99.820636,12.630745],[99.820648,12.631822],[99.82198,12.632268],[99.822398,12.632019],[99.825621,12.632528],[99.826336,12.633361],[99.827085,12.633164],[99.827983,12.633364],[99.82877,12.632394],[99.828768,12.63178],[99.829363,12.631819],[99.829768,12.631317],[99.83025,12.63134],[99.830114,12.630854],[99.83065,12.630795],[99.83081,12.630331],[99.83128,12.63041],[99.831679,12.631002],[99.832048,12.630832],[99.832471,12.63145],[99.832894,12.631425],[99.832694,12.631068],[99.8329,12.630363],[99.833607,12.629431],[99.834014,12.629658],[99.834464,12.629382],[99.835129,12.630239],[99.835751,12.6302],[99.836016,12.630679],[99.8368,12.630478],[99.837808,12.62993],[99.838018,12.628479],[99.838359,12.628152],[99.839444,12.627877],[99.839636,12.626983],[99.840232,12.626859],[99.840078,12.62644],[99.840246,12.62616],[99.840789,12.626147],[99.84091,12.626428],[99.841542,12.626566],[99.842113,12.627199],[99.843996,12.627638],[99.844581,12.628539],[99.845229,12.628968],[99.845983,12.629104],[99.845834,12.629479],[99.846161,12.629558],[99.846249,12.630204],[99.847513,12.629932],[99.847858,12.630053],[99.848704,12.628755],[99.8493,12.628383],[99.849809,12.628421],[99.850471,12.628657],[99.850511,12.629037],[99.850856,12.629018],[99.851295,12.629506],[99.851982,12.62934],[99.851974,12.629846],[99.852317,12.63005],[99.852302,12.630371],[99.852846,12.630554],[99.853004,12.630867],[99.854317,12.630504],[99.854392,12.629535],[99.853752,12.628545],[99.853851,12.627527],[99.854795,12.626609],[99.855493,12.626541],[99.8554,12.625911],[99.855712,12.625593],[99.855481,12.625255],[99.856078,12.624865],[99.85852,12.624905],[99.861266,12.624],[99.864399,12.623327],[99.865227,12.62347],[99.865755,12.623959],[99.86705,12.623791],[99.86715,12.624682],[99.867361,12.624959],[99.867919,12.625065],[99.867996,12.625511],[99.871176,12.626528],[99.872629,12.626292],[99.873318,12.625827],[99.873952,12.625915],[99.874685,12.626398],[99.875976,12.626259],[99.876526,12.625744],[99.878428,12.624788],[99.881833,12.62148],[99.883633,12.620107],[99.885558,12.621868],[99.890332,12.624076],[99.890632,12.624475],[99.891024,12.626073],[99.893229,12.628982],[99.897577,12.628499],[99.898636,12.630202],[99.902948,12.633659],[99.904621,12.635841],[99.905102,12.635987],[99.905948,12.635063],[99.907339,12.632575],[99.911274,12.631143],[99.912701,12.630099],[99.915128,12.625834],[99.916058,12.625348],[99.917287,12.625402],[99.919112,12.624947],[99.91793,12.596814],[99.921536,12.583399],[99.923141,12.582585],[99.926394,12.569112],[99.925812,12.568722],[99.925567,12.569672],[99.904313,12.565343],[99.904078,12.563238]]],[[[99.793683,12.615558],[99.793813,12.61568],[99.793849,12.615725],[99.793683,12.615558]]]]},"bbox":[99.78936,12.557309,99.926394,12.636031]},{"type":"Feature","id":"087e707f-fe03-456b-8186-0dca46e52a33","properties":{"id":"087e707f-fe03-456b-8186-0dca46e52a33","code":"06770706","provinceCode":"77","nameTh":"องค์การบริหารส่วนตำบล บึงนคร","nameEn":null,"geometryType":"MUNICIPALITY","sourceUrl":"https://landometer.com/api/v2/citymeter-v3/grocery/info/geom/087e707f-fe03-456b-8186-0dca46e52a33/MUNICIPALITY","sourceSha256":"cd85301aae38d6a0a4a650dd06c38b43344cd3c211d6e35ea2d7f3346bebb63c","retrievedAt":"2026-10-04T05:44:24.221804+00:00","boundaryVintage":null,"geometryStatus":"native_source_polygon_display_simplified","simplificationToleranceDegrees":0.00015,"simplificationPreservesTopology":true,"invalidSourceRepair":"make_valid; retain polygonal components; discard zero-area collapsed lines","legalBoundaryIndependentlyVerified":false,"areaId":"087e707f-fe03-456b-8186-0dca46e52a33"},"geometry":{"type":"Polygon","coordinates":[[[99.716139,12.448889],[99.719465,12.449227],[99.722923,12.445118],[99.725513,12.446301],[99.739511,12.44038],[99.739188,12.434787],[99.741006,12.433125],[99.7474,12.431048],[99.748116,12.425213],[99.747298,12.418719],[99.745559,12.416351],[99.744928,12.414668],[99.742066,12.402376],[99.7416,12.401466],[99.739744,12.40056],[99.730866,12.398704],[99.729376,12.396953],[99.728237,12.393363],[99.724844,12.394152],[99.724219,12.394907],[99.722504,12.395573],[99.721162,12.395331],[99.720465,12.393855],[99.719587,12.393142],[99.717054,12.392339],[99.715306,12.391209],[99.714995,12.390767],[99.714632,12.389218],[99.713905,12.388486],[99.712942,12.388811],[99.7122,12.390231],[99.710648,12.391764],[99.71039,12.392443],[99.708669,12.393675],[99.706838,12.394552],[99.706359,12.395733],[99.705321,12.396703],[99.705927,12.397126],[99.706301,12.398335],[99.703648,12.400394],[99.702871,12.402155],[99.70227,12.404428],[99.700049,12.405764],[99.699684,12.404474],[99.699165,12.403929],[99.698971,12.403206],[99.698393,12.402787],[99.697491,12.402784],[99.694706,12.39958],[99.69157,12.398816],[99.69118,12.398508],[99.689262,12.396335],[99.685523,12.390511],[99.683347,12.39131],[99.682841,12.392426],[99.680584,12.393128],[99.679407,12.392561],[99.674948,12.392584],[99.673639,12.391863],[99.671737,12.389522],[99.671202,12.389341],[99.670125,12.386607],[99.670642,12.383913],[99.669389,12.381912],[99.670488,12.376792],[99.670757,12.373293],[99.671378,12.371347],[99.669897,12.369313],[99.669128,12.36693],[99.668258,12.365922],[99.667558,12.365667],[99.666892,12.365914],[99.666557,12.36773],[99.665472,12.369522],[99.664852,12.371525],[99.664963,12.373942],[99.664431,12.374903],[99.663705,12.37494],[99.659701,12.372201],[99.657858,12.371211],[99.656639,12.370133],[99.656388,12.369423],[99.655427,12.368451],[99.654992,12.367129],[99.655295,12.366045],[99.656042,12.365595],[99.657926,12.365959],[99.658659,12.364995],[99.658537,12.364443],[99.656195,12.361854],[99.655561,12.361803],[99.654527,12.362469],[99.653542,12.362655],[99.652461,12.36248],[99.651598,12.362019],[99.650228,12.359294],[99.648324,12.356837],[99.646403,12.355941],[99.643335,12.353669],[99.642722,12.353488],[99.641686,12.353623],[99.640797,12.354641],[99.640017,12.35484],[99.637278,12.353318],[99.636425,12.352272],[99.636008,12.352267],[99.635387,12.352661],[99.633888,12.3521],[99.633375,12.351089],[99.633951,12.349774],[99.633311,12.349374],[99.632585,12.348478],[99.630665,12.348061],[99.628912,12.349337],[99.627253,12.349884],[99.62645,12.34833],[99.625232,12.347288],[99.622317,12.346394],[99.621204,12.345653],[99.619305,12.34494],[99.616687,12.346171],[99.614484,12.345488],[99.612183,12.34616],[99.612036,12.346468],[99.612476,12.348436],[99.612409,12.349162],[99.612169,12.349325],[99.609293,12.34816],[99.608427,12.347606],[99.608011,12.346999],[99.607062,12.34668],[99.604612,12.348291],[99.605247,12.351357],[99.604859,12.352633],[99.604646,12.355131],[99.604045,12.35623],[99.602121,12.357982],[99.601254,12.358282],[99.599768,12.358333],[99.596268,12.35785],[99.592457,12.357882],[99.59141,12.357725],[99.58967,12.357039],[99.587925,12.356895],[99.587501,12.357103],[99.587165,12.357816],[99.587476,12.35935],[99.586937,12.359886],[99.583642,12.360248],[99.580389,12.359788],[99.579139,12.360052],[99.578536,12.360785],[99.578767,12.361393],[99.578524,12.362856],[99.57767,12.363438],[99.576856,12.364459],[99.575132,12.36415],[99.573889,12.364643],[99.573663,12.365],[99.573678,12.366096],[99.572688,12.366639],[99.572503,12.367818],[99.571279,12.368158],[99.571133,12.369534],[99.56969,12.370346],[99.569053,12.372456],[99.567823,12.372783],[99.565523,12.372603],[99.564739,12.372961],[99.564486,12.375669],[99.563582,12.37725],[99.562101,12.378349],[99.561498,12.381172],[99.55725,12.38227],[99.556389,12.382704],[99.556163,12.383106],[99.556171,12.383762],[99.557688,12.387211],[99.557732,12.389357],[99.561869,12.391247],[99.562254,12.392074],[99.564504,12.393101],[99.567615,12.393248],[99.569931,12.394778],[99.569952,12.39544],[99.569281,12.396664],[99.5696,12.39732],[99.570787,12.39791],[99.573197,12.397873],[99.574047,12.398355],[99.574268,12.398928],[99.573869,12.400164],[99.574716,12.401895],[99.573863,12.403171],[99.575131,12.404997],[99.576572,12.405217],[99.577628,12.404778],[99.579192,12.404793],[99.580134,12.405432],[99.58155,12.404662],[99.584864,12.403455],[99.587495,12.403077],[99.588648,12.403651],[99.59029,12.403174],[99.590863,12.403295],[99.591166,12.403542],[99.590975,12.404294],[99.591216,12.404709],[99.592285,12.404994],[99.592594,12.404886],[99.592721,12.404362],[99.593573,12.404136],[99.593298,12.404808],[99.594218,12.405196],[99.59483,12.406194],[99.594938,12.407046],[99.594578,12.407458],[99.594926,12.407717],[99.594643,12.40821],[99.595072,12.408381],[99.594986,12.408695],[99.595268,12.408883],[99.595285,12.409291],[99.594921,12.410176],[99.594055,12.410625],[99.594032,12.411086],[99.59352,12.411422],[99.593363,12.412236],[99.593601,12.413539],[99.593411,12.41409],[99.594022,12.414554],[99.593566,12.415124],[99.593938,12.416459],[99.594464,12.416735],[99.594181,12.417101],[99.5944,12.417554],[99.595041,12.41812],[99.59601,12.418459],[99.596197,12.418835],[99.596806,12.418949],[99.598129,12.418597],[99.598953,12.419028],[99.599277,12.418438],[99.599999,12.418894],[99.601394,12.418948],[99.604457,12.413403],[99.60675,12.412694],[99.617726,12.415358],[99.618016,12.410209],[99.623649,12.410233],[99.629262,12.417286],[99.636951,12.412895],[99.637884,12.415245],[99.639472,12.414979],[99.641683,12.423166],[99.64103,12.427608],[99.644478,12.429839],[99.64335,12.431896],[99.648862,12.433105],[99.656022,12.444541],[99.658234,12.445803],[99.657757,12.448296],[99.659285,12.447903],[99.663022,12.451943],[99.667585,12.452837],[99.66896,12.455948],[99.677502,12.460364],[99.680529,12.460422],[99.685252,12.459591],[99.688286,12.457234],[99.695301,12.460217],[99.70004,12.456843],[99.69871,12.455945],[99.700417,12.452926],[99.707391,12.448409],[99.713713,12.450887],[99.716139,12.448889]]]},"bbox":[99.556131,12.344937,99.748116,12.460422]},{"type":"Feature","id":"d262c9d4-7f4b-463f-a60c-a21a9cd6db0e","properties":{"id":"d262c9d4-7f4b-463f-a60c-a21a9cd6db0e","code":"06770707","provinceCode":"77","nameTh":"องค์การบริหารส่วนตำบล ห้วยสัตว์ใหญ่","nameEn":null,"geometryType":"MUNICIPALITY","sourceUrl":"https://landometer.com/api/v2/citymeter-v3/grocery/info/geom/d262c9d4-7f4b-463f-a60c-a21a9cd6db0e/MUNICIPALITY","sourceSha256":"e05f84d013a8d22f788ecfd865a604007aad8ab88003966cf7f9727171b0a9e8","retrievedAt":"2026-10-04T05:44:24.230953+00:00","boundaryVintage":null,"geometryStatus":"native_source_polygon_display_simplified","simplificationToleranceDegrees":0.00015,"simplificationPreservesTopology":true,"invalidSourceRepair":"make_valid; retain polygonal components; discard zero-area collapsed lines","legalBoundaryIndependentlyVerified":false,"areaId":"d262c9d4-7f4b-463f-a60c-a21a9cd6db0e"},"geometry":{"type":"Polygon","coordinates":[[[99.539197,12.576998],[99.538055,12.577923],[99.537551,12.579183],[99.536881,12.579456],[99.536627,12.580215],[99.536004,12.580857],[99.535964,12.581352],[99.537545,12.581836],[99.540992,12.578317],[99.54266,12.578829],[99.54478,12.5787],[99.545607,12.578959],[99.546124,12.578789],[99.54666,12.578983],[99.546632,12.579189],[99.548437,12.57984],[99.549539,12.57942],[99.549819,12.578898],[99.550653,12.579223],[99.552014,12.579175],[99.552808,12.578454],[99.553036,12.578659],[99.553878,12.578341],[99.55494,12.578288],[99.556553,12.577457],[99.557254,12.577593],[99.560311,12.577305],[99.560946,12.577647],[99.566041,12.578049],[99.567641,12.578378],[99.571665,12.577112],[99.573627,12.576833],[99.575574,12.576949],[99.576685,12.577794],[99.577607,12.577966],[99.578345,12.577617],[99.578832,12.575888],[99.580137,12.574555],[99.582804,12.573745],[99.584605,12.572165],[99.585877,12.571383],[99.587915,12.570591],[99.589058,12.570661],[99.589603,12.571057],[99.589931,12.571894],[99.590377,12.572237],[99.597091,12.572962],[99.598843,12.573424],[99.599638,12.574491],[99.601,12.575438],[99.60243,12.575846],[99.603394,12.576507],[99.606609,12.577497],[99.606993,12.5784],[99.608428,12.578993],[99.609041,12.579532],[99.609664,12.579597],[99.611599,12.579068],[99.613016,12.579999],[99.61626,12.581],[99.617089,12.581816],[99.617562,12.582678],[99.61785,12.585067],[99.618866,12.585507],[99.619645,12.587463],[99.621259,12.589457],[99.621815,12.59066],[99.621928,12.59175],[99.623476,12.593048],[99.623609,12.594667],[99.626109,12.596456],[99.62631,12.598672],[99.626913,12.599285],[99.627929,12.59965],[99.628642,12.595884],[99.623522,12.587294],[99.624704,12.576481],[99.621164,12.566893],[99.623307,12.554764],[99.617275,12.54855],[99.619295,12.541699],[99.624483,12.542263],[99.622903,12.533424],[99.625354,12.529381],[99.627157,12.529479],[99.627859,12.525903],[99.637384,12.509729],[99.640234,12.507995],[99.641717,12.498032],[99.649054,12.48768],[99.642969,12.486504],[99.638185,12.489497],[99.635232,12.488944],[99.624672,12.492933],[99.630089,12.465325],[99.621901,12.450628],[99.619405,12.434248],[99.609245,12.435379],[99.605464,12.433729],[99.603554,12.422011],[99.601334,12.419458],[99.600667,12.420689],[99.600088,12.421164],[99.59458,12.424609],[99.592738,12.425239],[99.59211,12.424821],[99.589823,12.424768],[99.589204,12.425154],[99.58794,12.426836],[99.587594,12.427976],[99.587695,12.428916],[99.589402,12.429897],[99.590895,12.431128],[99.590319,12.431023],[99.591739,12.432467],[99.592887,12.435073],[99.592611,12.436374],[99.590785,12.438674],[99.590245,12.439016],[99.589549,12.439114],[99.588865,12.438711],[99.587995,12.436721],[99.587189,12.435968],[99.58742,12.435907],[99.587379,12.435507],[99.586794,12.434828],[99.584889,12.436593],[99.585954,12.438262],[99.586069,12.43804],[99.586526,12.439885],[99.58607,12.440246],[99.585485,12.44021],[99.582035,12.442517],[99.580926,12.442911],[99.58077,12.44196],[99.579717,12.442316],[99.579246,12.442166],[99.578838,12.44146],[99.578491,12.441377],[99.579218,12.440855],[99.580412,12.440469],[99.580447,12.440088],[99.581472,12.438637],[99.581443,12.438105],[99.581004,12.437856],[99.578705,12.438675],[99.575982,12.437775],[99.574998,12.437767],[99.574091,12.438972],[99.573216,12.439521],[99.57267,12.439431],[99.572275,12.439679],[99.571958,12.44119],[99.570878,12.441959],[99.57054,12.441888],[99.570245,12.441461],[99.569818,12.440162],[99.568887,12.439549],[99.568685,12.439013],[99.567876,12.438618],[99.56232,12.439836],[99.561671,12.440212],[99.561633,12.440598],[99.562905,12.441283],[99.563053,12.442006],[99.562048,12.443238],[99.559626,12.444218],[99.557829,12.443106],[99.557073,12.443763],[99.55673,12.444435],[99.557003,12.446545],[99.556482,12.447882],[99.555661,12.448506],[99.55589,12.449465],[99.555427,12.451465],[99.553123,12.45186],[99.551561,12.451766],[99.550718,12.45268],[99.549679,12.452778],[99.547923,12.451068],[99.546231,12.449925],[99.544957,12.449638],[99.544273,12.449913],[99.541878,12.450046],[99.541385,12.450494],[99.540853,12.451571],[99.540648,12.453954],[99.540043,12.455549],[99.539356,12.456243],[99.53763,12.456551],[99.536664,12.45646],[99.536366,12.456093],[99.536463,12.454548],[99.536247,12.453963],[99.535215,12.45368],[99.533882,12.453957],[99.533814,12.454244],[99.534981,12.456513],[99.534956,12.457055],[99.535661,12.458009],[99.535408,12.4587],[99.534676,12.459284],[99.53288,12.459011],[99.532216,12.458185],[99.530365,12.457313],[99.526119,12.458689],[99.524573,12.458609],[99.52425,12.458071],[99.524719,12.457249],[99.524853,12.456434],[99.524529,12.454994],[99.524179,12.454521],[99.52358,12.454315],[99.522992,12.454592],[99.523039,12.45503],[99.523798,12.45567],[99.523614,12.456186],[99.52295,12.456485],[99.521721,12.456497],[99.520153,12.455681],[99.518771,12.454413],[99.517964,12.453199],[99.517514,12.452995],[99.517354,12.453366],[99.51762,12.455875],[99.517286,12.456648],[99.517208,12.45797],[99.516882,12.458458],[99.516123,12.458388],[99.515342,12.457699],[99.513777,12.458493],[99.512555,12.458446],[99.51179,12.458864],[99.508996,12.458556],[99.508342,12.459137],[99.507819,12.461052],[99.505957,12.461241],[99.505579,12.461589],[99.504583,12.461818],[99.504214,12.462476],[99.50414,12.463511],[99.503617,12.464066],[99.502952,12.464315],[99.502147,12.464257],[99.50079,12.463444],[99.500359,12.463478],[99.500059,12.463857],[99.500641,12.464734],[99.500569,12.464978],[99.49898,12.46469],[99.498158,12.46594],[99.497257,12.466393],[99.496869,12.4672],[99.495851,12.467825],[99.495383,12.467829],[99.494148,12.467261],[99.49349,12.467438],[99.492784,12.466844],[99.492429,12.466873],[99.49212,12.469172],[99.491796,12.469504],[99.490882,12.469458],[99.490727,12.469243],[99.491218,12.466628],[99.490727,12.466621],[99.490033,12.467161],[99.489097,12.467306],[99.486028,12.465989],[99.485438,12.465561],[99.485111,12.464749],[99.484457,12.464555],[99.484026,12.46487],[99.48342,12.466498],[99.482233,12.467019],[99.481848,12.467942],[99.480591,12.468618],[99.477033,12.468097],[99.475109,12.469179],[99.474306,12.467941],[99.47352,12.468146],[99.473316,12.467802],[99.472127,12.467397],[99.470875,12.467459],[99.4697,12.468107],[99.468899,12.467812],[99.46754,12.468006],[99.46715,12.467609],[99.466519,12.467796],[99.46652,12.468289],[99.466055,12.468641],[99.466104,12.46906],[99.465785,12.469309],[99.465389,12.469297],[99.465172,12.468905],[99.464225,12.469021],[99.463596,12.468468],[99.462603,12.468221],[99.462418,12.468533],[99.462586,12.469203],[99.461547,12.468978],[99.460929,12.469338],[99.460565,12.469979],[99.460073,12.468722],[99.460533,12.467156],[99.459397,12.465841],[99.459184,12.464492],[99.458692,12.464042],[99.458877,12.463279],[99.458519,12.463013],[99.458619,12.462234],[99.457353,12.460237],[99.45583,12.460487],[99.4552,12.460109],[99.454303,12.460302],[99.45368,12.459301],[99.452525,12.458776],[99.45102,12.459513],[99.450004,12.459451],[99.449327,12.459863],[99.44849,12.46],[99.447539,12.459778],[99.446792,12.460015],[99.446647,12.46031],[99.447066,12.460896],[99.446871,12.461223],[99.444991,12.461036],[99.444097,12.460658],[99.443404,12.459509],[99.442795,12.459475],[99.441727,12.458971],[99.440758,12.457977],[99.43902,12.458203],[99.438347,12.457132],[99.436494,12.455642],[99.43488,12.455505],[99.434222,12.455005],[99.432975,12.454609],[99.432123,12.453814],[99.430832,12.451659],[99.42993,12.450627],[99.427773,12.449914],[99.42667,12.448947],[99.425007,12.448427],[99.422194,12.449095],[99.419517,12.449482],[99.417691,12.449365],[99.416693,12.449917],[99.414746,12.449872],[99.413797,12.450136],[99.412362,12.451407],[99.410759,12.453802],[99.408764,12.454738],[99.408158,12.456342],[99.407404,12.456654],[99.407064,12.457181],[99.405361,12.45783],[99.40378,12.458956],[99.402733,12.459341],[99.400786,12.459511],[99.401006,12.460229],[99.401957,12.461041],[99.402836,12.462507],[99.403535,12.466634],[99.403422,12.46982],[99.404302,12.471164],[99.405549,12.472146],[99.406508,12.473461],[99.406602,12.474347],[99.406069,12.475127],[99.406023,12.476515],[99.405441,12.478214],[99.406102,12.480821],[99.409147,12.483035],[99.41223,12.484629],[99.413286,12.486397],[99.41451,12.486625],[99.416642,12.489224],[99.418176,12.489667],[99.422023,12.489513],[99.422432,12.489666],[99.422913,12.490943],[99.423383,12.491206],[99.425173,12.491238],[99.425282,12.491558],[99.425675,12.493496],[99.425656,12.49675],[99.424368,12.497996],[99.424173,12.498451],[99.42437,12.499384],[99.424175,12.499671],[99.422739,12.499984],[99.422576,12.501099],[99.420063,12.505613],[99.419931,12.506809],[99.420221,12.508042],[99.420085,12.516456],[99.418891,12.518451],[99.419012,12.520055],[99.418827,12.520278],[99.419164,12.521111],[99.417815,12.523584],[99.417647,12.524937],[99.417965,12.525905],[99.41913,12.527051],[99.419876,12.527063],[99.420554,12.527506],[99.421777,12.529545],[99.422053,12.532695],[99.423552,12.53837],[99.423329,12.539968],[99.423719,12.541529],[99.423072,12.543806],[99.421857,12.54571],[99.421676,12.546356],[99.422822,12.547443],[99.422448,12.549501],[99.421695,12.550854],[99.421635,12.551512],[99.42232,12.553186],[99.422433,12.555219],[99.422653,12.555733],[99.423178,12.556378],[99.423775,12.556533],[99.42672,12.55544],[99.429642,12.555244],[99.430507,12.555529],[99.431106,12.556426],[99.431668,12.558052],[99.432242,12.558445],[99.433169,12.559724],[99.433865,12.561398],[99.433863,12.56274],[99.435281,12.565107],[99.434609,12.566987],[99.433037,12.567955],[99.431687,12.569428],[99.430702,12.569992],[99.430557,12.570471],[99.431022,12.571798],[99.43084,12.572564],[99.428798,12.574768],[99.427852,12.577426],[99.427976,12.578454],[99.428367,12.579315],[99.430501,12.58119],[99.432295,12.583185],[99.433343,12.583398],[99.435593,12.58178],[99.4377,12.581553],[99.438583,12.582979],[99.440162,12.581871],[99.440796,12.581074],[99.444766,12.581393],[99.44627,12.580741],[99.448968,12.58063],[99.450841,12.579861],[99.455299,12.579188],[99.456424,12.580174],[99.460333,12.58139],[99.461404,12.581926],[99.462464,12.584597],[99.463527,12.58571],[99.465711,12.586369],[99.467848,12.586225],[99.469257,12.586533],[99.470844,12.587136],[99.47203,12.588551],[99.472585,12.588601],[99.473429,12.589115],[99.476733,12.588959],[99.479111,12.590147],[99.480842,12.588546],[99.481873,12.589092],[99.483307,12.588403],[99.484891,12.589641],[99.486002,12.589922],[99.487039,12.590721],[99.487757,12.590865],[99.488732,12.590718],[99.491284,12.589636],[99.49417,12.590462],[99.495012,12.590993],[99.496455,12.592918],[99.496772,12.592952],[99.497123,12.592536],[99.497363,12.591386],[99.49706,12.57808],[99.498743,12.57342],[99.499252,12.572988],[99.501978,12.572257],[99.502877,12.570759],[99.505375,12.568845],[99.506445,12.568891],[99.508553,12.568303],[99.50994,12.568358],[99.510321,12.567584],[99.511394,12.567181],[99.511572,12.566622],[99.511952,12.566359],[99.51206,12.565657],[99.512724,12.565257],[99.512968,12.564738],[99.51355,12.564523],[99.51437,12.563766],[99.515587,12.563632],[99.517929,12.563602],[99.519174,12.563891],[99.519551,12.564517],[99.520224,12.56455],[99.52191,12.56414],[99.522269,12.563309],[99.523472,12.563478],[99.524074,12.563208],[99.525141,12.563879],[99.526094,12.565368],[99.526876,12.564983],[99.527187,12.565583],[99.527874,12.565468],[99.528404,12.565835],[99.529083,12.565684],[99.529741,12.566272],[99.530588,12.565753],[99.53064,12.566724],[99.530903,12.567144],[99.532591,12.567028],[99.532822,12.567219],[99.532857,12.567827],[99.53388,12.567786],[99.533599,12.568426],[99.533803,12.569012],[99.535048,12.568664],[99.534979,12.569563],[99.535935,12.571063],[99.535775,12.571797],[99.536407,12.572589],[99.536973,12.572303],[99.537364,12.572702],[99.538724,12.573183],[99.539239,12.57383],[99.539759,12.573616],[99.539997,12.57378],[99.540044,12.574954],[99.539197,12.576998]]]},"bbox":[99.400738,12.419458,99.649054,12.59965]},{"type":"Feature","id":"678f78cf-b448-450c-a5c5-b622e01edbc8","properties":{"id":"678f78cf-b448-450c-a5c5-b622e01edbc8","code":"06770802","provinceCode":"77","nameTh":"องค์การบริหารส่วนตำบล ไร่ใหม่","nameEn":null,"geometryType":"MUNICIPALITY","sourceUrl":"https://landometer.com/api/v2/citymeter-v3/grocery/info/geom/678f78cf-b448-450c-a5c5-b622e01edbc8/MUNICIPALITY","sourceSha256":"4b9bd470161d42fb19993b9a13d14904c62f951e0fafba04a01806d32c33e3b4","retrievedAt":"2026-10-04T05:44:24.372067+00:00","boundaryVintage":null,"geometryStatus":"native_source_polygon_display_simplified","simplificationToleranceDegrees":0.00015,"simplificationPreservesTopology":true,"invalidSourceRepair":"make_valid; retain polygonal components; discard zero-area collapsed lines","legalBoundaryIndependentlyVerified":false,"areaId":"678f78cf-b448-450c-a5c5-b622e01edbc8"},"geometry":{"type":"MultiPolygon","coordinates":[[[[99.95065999675448,12.18712601163387],[99.950955,12.187096],[99.95066,12.187126],[99.95065999675448,12.18712601163387]]],[[[99.948202,12.187326],[99.942974,12.186791],[99.941912,12.186194],[99.940623,12.186551],[99.938886,12.186603],[99.937858,12.187169],[99.936158,12.186986],[99.93341,12.187252],[99.931773,12.186927],[99.931237,12.18653],[99.931009,12.184917],[99.93056,12.183976],[99.926959,12.182841],[99.925904,12.180529],[99.923995,12.178698],[99.921917,12.178919],[99.918885,12.179717],[99.917473,12.179801],[99.916183,12.18112],[99.915468,12.181193],[99.914428,12.180367],[99.91241,12.179718],[99.902869,12.182255],[99.902544,12.181184],[99.898896,12.181916],[99.897718,12.18147],[99.8907,12.183648],[99.889298,12.179341],[99.886058,12.180937],[99.88093,12.182758],[99.879541,12.180404],[99.876418,12.177384],[99.873252,12.177757],[99.870203,12.177602],[99.870134,12.178143],[99.869369,12.178242],[99.869396,12.178586],[99.869073,12.178685],[99.868974,12.17873],[99.869528,12.180169],[99.868725,12.180632],[99.878863,12.207487],[99.88351,12.205791],[99.905565,12.208056],[99.931405,12.206635],[99.938566,12.206912],[99.93972,12.206178],[99.941518,12.206079],[99.946558,12.20183],[99.95065999675448,12.18712601163387],[99.948202,12.187326]]],[[[99.774697,12.237539],[99.777575,12.235037],[99.789635,12.23517],[99.790792,12.233942],[99.812486,12.237321],[99.816966,12.233631],[99.823232,12.235629],[99.824898,12.234594],[99.830606,12.224382],[99.852254,12.219377],[99.851304,12.215576],[99.845658,12.219551],[99.83121,12.22212],[99.828682,12.219898],[99.823728,12.219372],[99.809606,12.212276],[99.810146,12.208017],[99.818677,12.201534],[99.820417,12.1952],[99.820989,12.194268],[99.817283,12.196921],[99.816583,12.196863],[99.816214,12.197243],[99.816288,12.197517],[99.815017,12.198277],[99.815122,12.199118],[99.814777,12.199385],[99.814681,12.200034],[99.814293,12.200114],[99.814231,12.200398],[99.81309,12.200637],[99.812061,12.202224],[99.811592,12.202372],[99.81129,12.203525],[99.811512,12.204738],[99.811249,12.205309],[99.810713,12.205567],[99.809752,12.20547],[99.809893,12.206094],[99.80862,12.206836],[99.80825,12.207409],[99.808223,12.207995],[99.807842,12.208032],[99.806792,12.207031],[99.806035,12.207201],[99.805198,12.206771],[99.803653,12.208321],[99.803225,12.207929],[99.802935,12.208554],[99.802462,12.208058],[99.801535,12.208271],[99.801416,12.207257],[99.800649,12.206718],[99.800483,12.20637],[99.80074,12.206128],[99.80041,12.205861],[99.799519,12.206092],[99.799324,12.206538],[99.798875,12.206495],[99.798644,12.207212],[99.797032,12.207185],[99.796335,12.207848],[99.7958,12.207838],[99.795129,12.207194],[99.793933,12.207501],[99.793243,12.207374],[99.79324,12.206865],[99.792311,12.207374],[99.792064,12.206689],[99.791219,12.20693],[99.790836,12.206806],[99.790618,12.207149],[99.79028,12.206614],[99.790168,12.20697],[99.789901,12.206941],[99.78978,12.206221],[99.789052,12.205504],[99.787374,12.205619],[99.787208,12.20538],[99.787499,12.204943],[99.78641,12.204429],[99.785085,12.204803],[99.784516,12.204435],[99.78418,12.204553],[99.781595,12.202647],[99.779869,12.20207],[99.778827,12.20105],[99.776867,12.197938],[99.776129,12.197538],[99.776656,12.196362],[99.776557,12.195628],[99.775267,12.195438],[99.774551,12.194752],[99.77471,12.194318],[99.774424,12.193495],[99.773294,12.191541],[99.772792,12.190836],[99.77172,12.19032],[99.770864,12.190424],[99.770231,12.19011],[99.769263,12.190408],[99.768376,12.189716],[99.767485,12.189953],[99.76653,12.189234],[99.765483,12.189],[99.7642,12.189592],[99.763817,12.18951],[99.763159,12.18985],[99.761777,12.190065],[99.758916,12.191906],[99.757699,12.191834],[99.755849,12.192766],[99.752031,12.192872],[99.748588,12.192281],[99.74688,12.191114],[99.745879,12.191161],[99.745179,12.190174],[99.744195,12.189402],[99.742821,12.188969],[99.742168,12.189549],[99.74146,12.189471],[99.741423,12.190121],[99.74022,12.191611],[99.739161,12.192592],[99.737756,12.193572],[99.73712,12.193703],[99.736427,12.194347],[99.734453,12.192735],[99.7345,12.191666],[99.733715,12.191477],[99.732487,12.191639],[99.732039,12.190973],[99.731148,12.190701],[99.73085,12.18993],[99.731136,12.188504],[99.730853,12.187874],[99.728016,12.186568],[99.726394,12.186333],[99.724744,12.185342],[99.723809,12.184354],[99.723535,12.182802],[99.722662,12.181492],[99.721618,12.180817],[99.721128,12.181049],[99.720591,12.180629],[99.718441,12.181172],[99.715355,12.181496],[99.714668,12.180848],[99.71427,12.180846],[99.712757,12.181633],[99.712445,12.182599],[99.711796,12.182838],[99.711681,12.18402],[99.71117,12.184962],[99.708863,12.183951],[99.707321,12.184371],[99.706693,12.184264],[99.704262,12.182244],[99.703435,12.180881],[99.7028,12.180822],[99.701802,12.181901],[99.700135,12.182455],[99.700123,12.183905],[99.699767,12.184273],[99.697999,12.184468],[99.696921,12.184898],[99.694656,12.185057],[99.69385,12.185425],[99.693603,12.185998],[99.693438,12.188228],[99.692465,12.190108],[99.68859,12.191889],[99.686245,12.191429],[99.685741,12.191545],[99.685393,12.19208],[99.685546,12.194248],[99.685129,12.194921],[99.683826,12.195412],[99.681367,12.195163],[99.680538,12.195688],[99.679934,12.196855],[99.680171,12.200203],[99.680578,12.201484],[99.680493,12.202364],[99.681312,12.204719],[99.681753,12.207118],[99.681569,12.207918],[99.682173,12.20887],[99.681348,12.211504],[99.681577,12.213054],[99.681056,12.215582],[99.681008,12.217903],[99.680288,12.218729],[99.678898,12.2232],[99.678138,12.224313],[99.676682,12.225689],[99.676508,12.226153],[99.676635,12.228199],[99.677608,12.22895],[99.677939,12.229974],[99.678686,12.230716],[99.678551,12.232249],[99.684713,12.230821],[99.688375,12.234185],[99.694271,12.231471],[99.703717,12.233041],[99.710753,12.228618],[99.727274,12.242672],[99.728846,12.245776],[99.737117,12.244315],[99.740537,12.24437],[99.747666,12.232078],[99.751146,12.232681],[99.753764,12.230624],[99.758008,12.232277],[99.763592,12.231007],[99.76398,12.235738],[99.769346,12.238104],[99.771198,12.236426],[99.774697,12.237539]]]]},"bbox":[99.676505,12.177384,99.950955,12.245776]},{"type":"Feature","id":"56328530-5f89-4bbd-a961-286368d629a3","properties":{"id":"56328530-5f89-4bbd-a961-286368d629a3","code":"06770803","provinceCode":"77","nameTh":"องค์การบริหารส่วนตำบล ศาลาลัย","nameEn":null,"geometryType":"MUNICIPALITY","sourceUrl":"https://landometer.com/api/v2/citymeter-v3/grocery/info/geom/56328530-5f89-4bbd-a961-286368d629a3/MUNICIPALITY","sourceSha256":"f2b7922f6e450c3948b3b0087c55c416ebea4aeccc2f0a22dcca9f045cf89fbc","retrievedAt":"2026-10-04T05:44:24.365216+00:00","boundaryVintage":null,"geometryStatus":"native_source_polygon_display_simplified","simplificationToleranceDegrees":0.00015,"simplificationPreservesTopology":true,"invalidSourceRepair":"make_valid; retain polygonal components; discard zero-area collapsed lines","legalBoundaryIndependentlyVerified":false,"areaId":"56328530-5f89-4bbd-a961-286368d629a3"},"geometry":{"type":"Polygon","coordinates":[[[99.885875,12.234394],[99.887374,12.24979],[99.88405,12.251729],[99.883403,12.251534],[99.875228,12.253053],[99.870621,12.25148],[99.869435,12.252705],[99.862952,12.255615],[99.859109,12.241041],[99.856532,12.24209],[99.847578,12.240894],[99.839297,12.243898],[99.838026,12.246914],[99.823766,12.253792],[99.80454,12.25818],[99.801973,12.260662],[99.781285,12.261191],[99.770622,12.256597],[99.769321,12.254703],[99.764844,12.26629],[99.759186,12.268868],[99.752414,12.265264],[99.748234,12.266569],[99.746431,12.264692],[99.743857,12.265576],[99.738219,12.2579],[99.718659,12.257349],[99.716228,12.264691],[99.704109,12.272279],[99.699857,12.277979],[99.695794,12.278001],[99.694716,12.28075],[99.690651,12.276924],[99.684345,12.277505],[99.679346,12.275122],[99.67808,12.271017],[99.657604,12.275478],[99.648665,12.275319],[99.642,12.265612],[99.63788,12.267294],[99.633796,12.265791],[99.63134,12.267176],[99.631647,12.265068],[99.628364,12.26467],[99.626559,12.260472],[99.624406,12.260548],[99.618694,12.252054],[99.615579,12.250943],[99.611007,12.245594],[99.598208,12.241758],[99.596404,12.242665],[99.595027,12.25138],[99.589232,12.256788],[99.578249,12.257095],[99.564744,12.260154],[99.563829,12.258712],[99.565864,12.257726],[99.562594,12.254385],[99.554216,12.252264],[99.550948,12.248496],[99.548129,12.250404],[99.539381,12.248426],[99.538291,12.245127],[99.534295,12.244262],[99.531328,12.24114],[99.529942,12.243051],[99.525745,12.243533],[99.525692,12.244915],[99.524442,12.244073],[99.523762,12.248495],[99.51591,12.25386],[99.514519,12.258769],[99.511981,12.260792],[99.504791,12.258205],[99.500003,12.25809],[99.497808,12.260232],[99.487422,12.254726],[99.482091,12.259235],[99.482073,12.260048],[99.481671,12.261164],[99.481604,12.263658],[99.480586,12.26517],[99.480597,12.266747],[99.482291,12.269342],[99.483129,12.271947],[99.484341,12.273163],[99.484227,12.273559],[99.48427,12.273411],[99.502705,12.278044],[99.504296,12.276612],[99.512753,12.282315],[99.524089,12.284639],[99.525695,12.28885],[99.532197,12.291647],[99.534464,12.289495],[99.540852,12.28973],[99.552667,12.279938],[99.556682,12.281474],[99.561804,12.287015],[99.571906,12.285735],[99.586096,12.291905],[99.595306,12.289591],[99.604352,12.284184],[99.62357,12.282203],[99.631319,12.283445],[99.633698,12.285767],[99.635215,12.285096],[99.64139,12.291579],[99.64804,12.292745],[99.649682,12.291351],[99.653195,12.293507],[99.656012,12.292932],[99.667121,12.29653],[99.680244,12.294929],[99.682424,12.29593],[99.690603,12.292517],[99.718809,12.291915],[99.755467,12.297338],[99.773254,12.297302],[99.784216,12.304264],[99.798547,12.306547],[99.804161,12.305787],[99.809622,12.300806],[99.809199,12.292816],[99.812168,12.290762],[99.814237,12.285473],[99.821164,12.28356],[99.822552,12.276703],[99.842764,12.283941],[99.844747,12.282189],[99.846529,12.283362],[99.856718,12.282079],[99.85807,12.279378],[99.861903,12.278721],[99.8621,12.277298],[99.864574,12.277641],[99.865937,12.275904],[99.870708,12.276733],[99.869964,12.266691],[99.88146,12.265609],[99.885694,12.258952],[99.885305,12.256051],[99.908009,12.25258],[99.922735,12.254941],[99.930712,12.243118],[99.927447,12.239392],[99.91991,12.238465],[99.919587,12.231147],[99.910126,12.227696],[99.908278,12.228583],[99.907848,12.233791],[99.897381,12.23351],[99.886038,12.235381],[99.885875,12.234394]]]},"bbox":[99.480586,12.227696,99.930712,12.306547]},{"type":"Feature","id":"3db32340-0f37-4562-9768-ff84a5a66aa0","properties":{"id":"3db32340-0f37-4562-9768-ff84a5a66aa0","code":"06770804","provinceCode":"77","nameTh":"องค์การบริหารส่วนตำบล ศิลาลอย","nameEn":null,"geometryType":"MUNICIPALITY","sourceUrl":"https://landometer.com/api/v2/citymeter-v3/grocery/info/geom/3db32340-0f37-4562-9768-ff84a5a66aa0/MUNICIPALITY","sourceSha256":"5be539ac03660a5683cffa865865ecbd7e4abc97d620e054ffae52baf81c0993","retrievedAt":"2026-10-04T05:44:24.377604+00:00","boundaryVintage":null,"geometryStatus":"native_source_polygon_display_simplified","simplificationToleranceDegrees":0.00015,"simplificationPreservesTopology":true,"invalidSourceRepair":"make_valid; retain polygonal components; discard zero-area collapsed lines","legalBoundaryIndependentlyVerified":false,"areaId":"3db32340-0f37-4562-9768-ff84a5a66aa0"},"geometry":{"type":"MultiPolygon","coordinates":[[[[99.471975,12.349198],[99.473099,12.349016],[99.475273,12.349956],[99.47748,12.35002],[99.483033,12.348707],[99.484375,12.34783],[99.485517,12.347476],[99.489641,12.346466],[99.49183,12.346265],[99.494152,12.346514],[99.496581,12.347693],[99.496889,12.347558],[99.497384,12.346657],[99.49796,12.346649],[99.498222,12.347079],[99.497988,12.347948],[99.498076,12.349157],[99.498364,12.349414],[99.502526,12.349036],[99.503386,12.346838],[99.503824,12.346271],[99.503587,12.34532],[99.504369,12.343775],[99.504792,12.343604],[99.505709,12.343839],[99.505647,12.3444],[99.505961,12.344461],[99.506688,12.344028],[99.506738,12.342818],[99.507229,12.34237],[99.507847,12.342821],[99.508423,12.342846],[99.508482,12.343592],[99.508844,12.34409],[99.509896,12.344382],[99.510596,12.343439],[99.511202,12.343242],[99.511389,12.342357],[99.512477,12.341882],[99.512596,12.341218],[99.512033,12.339629],[99.512875,12.339432],[99.513307,12.33835],[99.514372,12.337823],[99.514352,12.337236],[99.513868,12.336809],[99.513938,12.336488],[99.514548,12.336514],[99.515062,12.337323],[99.515547,12.337312],[99.516086,12.336787],[99.51579,12.335605],[99.516113,12.335101],[99.516181,12.335071],[99.516193,12.335068],[99.516224,12.335061],[99.516271,12.335051],[99.516505,12.335043],[99.516831,12.335151],[99.517599,12.335935],[99.518398,12.336208],[99.519101,12.335722],[99.518849,12.334982],[99.519301,12.334691],[99.520172,12.335219],[99.522558,12.335595],[99.522643,12.334931],[99.5214,12.334288],[99.521112,12.333324],[99.522853,12.333358],[99.524005,12.332872],[99.524297,12.333182],[99.524119,12.334561],[99.524278,12.334896],[99.525586,12.334807],[99.526169,12.333725],[99.526669,12.333473],[99.526846,12.334506],[99.52711,12.334779],[99.528773,12.334206],[99.529608,12.334716],[99.5304,12.334869],[99.531181,12.335587],[99.531258,12.335972],[99.530373,12.337437],[99.529529,12.338054],[99.529847,12.338985],[99.530592,12.339433],[99.531102,12.339437],[99.532183,12.338622],[99.532998,12.338373],[99.533382,12.339489],[99.53468,12.339993],[99.535333,12.341599],[99.537244,12.343023],[99.53777,12.342735],[99.537907,12.340592],[99.538204,12.339959],[99.539543,12.339163],[99.540818,12.339194],[99.541137,12.339786],[99.541279,12.342403],[99.541787,12.343293],[99.542436,12.343612],[99.544248,12.343207],[99.544735,12.343415],[99.544863,12.344344],[99.544582,12.346942],[99.545143,12.346964],[99.546068,12.346383],[99.546735,12.346339],[99.550409,12.348188],[99.551234,12.346901],[99.551728,12.346642],[99.552015,12.346842],[99.552104,12.347976],[99.552419,12.348408],[99.552941,12.348638],[99.554071,12.348513],[99.555052,12.348189],[99.555473,12.347595],[99.555333,12.346693],[99.554281,12.345706],[99.554094,12.34521],[99.55444,12.343926],[99.554278,12.341491],[99.554886,12.340389],[99.555011,12.338905],[99.556939,12.336608],[99.557603,12.335289],[99.557957,12.333626],[99.559193,12.332249],[99.556685,12.329841],[99.556852,12.328721],[99.557704,12.327794],[99.560493,12.327169],[99.561605,12.327506],[99.563772,12.327698],[99.565839,12.328508],[99.567089,12.328655],[99.568202,12.328105],[99.568781,12.326734],[99.569632,12.325994],[99.570535,12.325751],[99.572516,12.325737],[99.575693,12.326189],[99.577942,12.32786],[99.578524,12.327801],[99.580565,12.326809],[99.581038,12.327206],[99.581581,12.328467],[99.582647,12.329469],[99.584959,12.329132],[99.587822,12.329872],[99.590325,12.328382],[99.593564,12.327337],[99.596464,12.325903],[99.598608,12.325691],[99.599453,12.326063],[99.602212,12.329434],[99.603049,12.329831],[99.604872,12.330092],[99.60616,12.332314],[99.607005,12.332561],[99.609484,12.331493],[99.611148,12.331805],[99.612775,12.331021],[99.615307,12.330833],[99.616266,12.329826],[99.617372,12.3296],[99.618357,12.328884],[99.619741,12.328358],[99.622011,12.328278],[99.623786,12.329228],[99.625421,12.328278],[99.629007,12.327822],[99.631005,12.326697],[99.631584,12.32565],[99.63214,12.325192],[99.633887,12.325105],[99.634256,12.324026],[99.633408,12.322376],[99.633593,12.321969],[99.637463,12.321209],[99.63818,12.321387],[99.638838,12.322613],[99.640385,12.323417],[99.642316,12.326436],[99.643066,12.326732],[99.644938,12.326473],[99.64729,12.325327],[99.648248,12.325424],[99.649676,12.326298],[99.650195,12.326347],[99.650965,12.325807],[99.651738,12.323992],[99.652342,12.323743],[99.654404,12.324375],[99.655171,12.325726],[99.65556,12.325966],[99.657852,12.326421],[99.660228,12.326224],[99.662379,12.325404],[99.663506,12.323695],[99.667344,12.323345],[99.668269,12.321856],[99.66878,12.321585],[99.670482,12.322431],[99.672395,12.324282],[99.673946,12.325043],[99.676457,12.32401],[99.678008,12.322512],[99.681029,12.320868],[99.68185,12.320866],[99.682845,12.321359],[99.684005,12.324076],[99.685787,12.32485],[99.68996,12.32388],[99.690897,12.324476],[99.696571,12.322545],[99.699048,12.324414],[99.702838,12.326223],[99.704608,12.326603],[99.706699,12.32636],[99.707765,12.326488],[99.708377,12.326792],[99.709561,12.327956],[99.711158,12.328076],[99.712036,12.329003],[99.714657,12.328628],[99.718351,12.331071],[99.719186,12.331109],[99.720682,12.330283],[99.721235,12.330225],[99.72254,12.331004],[99.723986,12.331006],[99.725889,12.331788],[99.730069,12.331455],[99.733008,12.331794],[99.734394,12.332789],[99.735619,12.333068],[99.736572,12.333668],[99.736489,12.335014],[99.736728,12.335445],[99.737873,12.335484],[99.739171,12.335969],[99.745111,12.33521],[99.746285,12.335291],[99.747634,12.335939],[99.748492,12.336086],[99.749629,12.336012],[99.752062,12.335361],[99.755542,12.335889],[99.758414,12.335201],[99.759264,12.335234],[99.759957,12.33565],[99.760401,12.337377],[99.763213,12.338304],[99.763785,12.339265],[99.764499,12.339653],[99.766127,12.339669],[99.768524,12.339139],[99.769735,12.339652],[99.771955,12.340077],[99.774888,12.340188],[99.776825,12.340539],[99.780077,12.343034],[99.782366,12.345594],[99.782701,12.345672],[99.784762,12.34327],[99.786329,12.342976],[99.788636,12.341933],[99.792547,12.341247],[99.797634,12.341068],[99.799588,12.341306],[99.802104,12.342602],[99.802874,12.342699],[99.803685,12.34242],[99.80487,12.341211],[99.805557,12.341154],[99.806588,12.340589],[99.807465,12.340761],[99.808246,12.340251],[99.808826,12.339644],[99.808109,12.338943],[99.808458,12.33735],[99.809553,12.337329],[99.81008,12.337041],[99.812693,12.337345],[99.813292,12.337538],[99.813453,12.338106],[99.814717,12.338398],[99.817361,12.338503],[99.817577,12.337922],[99.818158,12.337825],[99.820552,12.338406],[99.823403,12.338694],[99.824619,12.339749],[99.829841,12.339718],[99.831637,12.3405],[99.832286,12.339707],[99.833933,12.339544],[99.835005,12.339226],[99.835747,12.338632],[99.836316,12.338619],[99.837214,12.339832],[99.838379,12.340658],[99.840123,12.340646],[99.840504,12.340944],[99.840923,12.341975],[99.844724,12.343098],[99.845758,12.344478],[99.846241,12.344213],[99.847171,12.344332],[99.848116,12.343949],[99.848424,12.343127],[99.848891,12.343006],[99.848918,12.342688],[99.849515,12.34254],[99.849667,12.341968],[99.849456,12.341676],[99.850629,12.34122],[99.851114,12.341307],[99.851507,12.341733],[99.851747,12.341521],[99.852312,12.341853],[99.852804,12.341508],[99.853302,12.34153],[99.853557,12.342214],[99.854169,12.341852],[99.855976,12.341617],[99.856463,12.342355],[99.857992,12.34209],[99.858245,12.34184],[99.858329,12.342405],[99.858992,12.342136],[99.859264,12.342434],[99.859797,12.341919],[99.859639,12.341406],[99.860382,12.340414],[99.860696,12.340773],[99.86181,12.34061],[99.862464,12.341118],[99.862525,12.341637],[99.863883,12.341102],[99.864831,12.341532],[99.86683,12.341061],[99.866623,12.341688],[99.867037,12.342052],[99.867248,12.341683],[99.867779,12.341603],[99.868235,12.341158],[99.86881,12.3412],[99.868864,12.34048],[99.869797,12.339981],[99.870105,12.340186],[99.870582,12.340028],[99.871369,12.340527],[99.871512,12.340188],[99.871891,12.340349],[99.872403,12.340115],[99.872927,12.33942],[99.873522,12.339446],[99.874212,12.33911],[99.875437,12.339256],[99.876111,12.338716],[99.876254,12.337947],[99.877118,12.33801],[99.877259,12.338401],[99.878163,12.33786],[99.87817,12.337626],[99.878981,12.337419],[99.87905,12.336994],[99.879726,12.337205],[99.880103,12.337668],[99.88057,12.337576],[99.880833,12.337875],[99.882242,12.337365],[99.882896,12.337952],[99.883427,12.337779],[99.884762,12.338224],[99.884899,12.338752],[99.88544,12.338915],[99.886097,12.338768],[99.887373,12.339112],[99.887749,12.338676],[99.888027,12.338962],[99.888481,12.338844],[99.889456,12.339398],[99.889995,12.339159],[99.890071,12.338886],[99.890611,12.338893],[99.891182,12.339393],[99.892146,12.339247],[99.892917,12.339471],[99.892969,12.339076],[99.894425,12.338696],[99.894859,12.338146],[99.895626,12.337974],[99.896824,12.338362],[99.897587,12.338302],[99.898243,12.338721],[99.898528,12.3386],[99.898769,12.338042],[99.899688,12.337928],[99.900022,12.337515],[99.900389,12.337646],[99.902664,12.336473],[99.906123,12.33284],[99.908268,12.332353],[99.910179,12.332309],[99.910719,12.33204],[99.910877,12.332583],[99.910011,12.334369],[99.909918,12.335217],[99.910837,12.335846],[99.914283,12.333634],[99.915505,12.333309],[99.916319,12.33661],[99.924708,12.33418],[99.923806,12.333298],[99.925116,12.332185],[99.927175,12.331289],[99.926905,12.330837],[99.92909,12.329766],[99.932549,12.328548],[99.933285,12.330154],[99.934044,12.331102],[99.93777,12.329473],[99.93787,12.329015],[99.936914,12.328957],[99.935314,12.31474],[99.932288,12.304677],[99.935932,12.285754],[99.938935,12.284251],[99.922905,12.266083],[99.924614,12.258889],[99.922735,12.254941],[99.908009,12.25258],[99.885305,12.256051],[99.885694,12.258952],[99.88146,12.265609],[99.869964,12.266691],[99.870708,12.276733],[99.865937,12.275904],[99.864574,12.277641],[99.8621,12.277298],[99.861903,12.278721],[99.85807,12.279378],[99.856718,12.282079],[99.846529,12.283362],[99.844747,12.282189],[99.842764,12.283941],[99.822552,12.276703],[99.821164,12.28356],[99.814237,12.285473],[99.812168,12.290762],[99.809199,12.292816],[99.809622,12.300806],[99.804161,12.305787],[99.798547,12.306547],[99.784216,12.304264],[99.773254,12.297302],[99.755467,12.297338],[99.718809,12.291915],[99.690603,12.292517],[99.682424,12.29593],[99.680244,12.294929],[99.667121,12.29653],[99.656012,12.292932],[99.653195,12.293507],[99.649682,12.291351],[99.64804,12.292745],[99.64139,12.291579],[99.635215,12.285096],[99.633698,12.285767],[99.631319,12.283445],[99.62357,12.282203],[99.604352,12.284184],[99.595306,12.289591],[99.586096,12.291905],[99.571906,12.285735],[99.561804,12.287015],[99.556682,12.281474],[99.552667,12.279938],[99.540852,12.28973],[99.534464,12.289495],[99.532197,12.291647],[99.525695,12.28885],[99.524089,12.284639],[99.512753,12.282315],[99.504296,12.276612],[99.502705,12.278044],[99.48427,12.273411],[99.482702,12.274695],[99.482281,12.276027],[99.481784,12.276575],[99.481931,12.277053],[99.482589,12.277698],[99.482712,12.27832],[99.48247,12.27899],[99.481838,12.279422],[99.481108,12.279567],[99.479419,12.279156],[99.478561,12.279667],[99.476073,12.279959],[99.474944,12.282798],[99.474334,12.282926],[99.472623,12.282549],[99.471577,12.282598],[99.469779,12.283447],[99.467343,12.282366],[99.466005,12.282416],[99.464646,12.284883],[99.462077,12.28624],[99.461505,12.286307],[99.461157,12.287871],[99.462376,12.288996],[99.462678,12.290733],[99.461355,12.293736],[99.462306,12.295113],[99.46239,12.296769],[99.459196,12.298805],[99.458102,12.299226],[99.457811,12.299609],[99.457139,12.302471],[99.456598,12.303668],[99.452849,12.307745],[99.452888,12.30902],[99.453813,12.310053],[99.452389,12.312358],[99.450026,12.312841],[99.449097,12.312281],[99.448027,12.312498],[99.444627,12.317405],[99.444711,12.317817],[99.445718,12.319029],[99.445697,12.319971],[99.445035,12.323226],[99.443739,12.323511],[99.443618,12.324171],[99.443205,12.324251],[99.442954,12.324683],[99.442998,12.326206],[99.442631,12.327232],[99.442792,12.328017],[99.443568,12.328449],[99.44497,12.328755],[99.445697,12.331069],[99.445463,12.332209],[99.443634,12.333656],[99.442939,12.334675],[99.442586,12.335836],[99.439333,12.337419],[99.438313,12.33876],[99.437244,12.339456],[99.436904,12.340414],[99.434691,12.340872],[99.433817,12.343014],[99.434236,12.34359],[99.435205,12.344057],[99.436214,12.345216],[99.436744,12.346975],[99.436876,12.348631],[99.437501,12.349645],[99.440308,12.350349],[99.441982,12.350358],[99.442945,12.350604],[99.443544,12.351334],[99.445037,12.351538],[99.447321,12.350594],[99.450294,12.350692],[99.453502,12.349994],[99.45406,12.349478],[99.45449,12.348119],[99.455501,12.347637],[99.456143,12.347801],[99.458449,12.349656],[99.460811,12.349672],[99.462166,12.351453],[99.46263,12.352473],[99.463076,12.352858],[99.463678,12.35296],[99.466119,12.35233],[99.466675,12.351051],[99.468712,12.349109],[99.470308,12.348901],[99.471975,12.349198]]],[[[99.445105,12.322709],[99.445233,12.321748],[99.44510360215102,12.322719324113153],[99.445105,12.322709]]],[[[99.516221,12.335062],[99.516193,12.335068],[99.516186,12.33507],[99.516221,12.335062]]],[[[99.553943,12.348534],[99.553939,12.348535],[99.55394774999999,12.348533250000003],[99.553943,12.348534]]]]},"bbox":[99.433817,12.25258,99.938935,12.35296]},{"type":"Feature","id":"f6a1ea29-109f-47bb-90df-98dd9fb28757","properties":{"id":"f6a1ea29-109f-47bb-90df-98dd9fb28757","code":"06770805","provinceCode":"77","nameTh":"องค์การบริหารส่วนตำบล ไร่เก่า","nameEn":null,"geometryType":"MUNICIPALITY","sourceUrl":"https://landometer.com/api/v2/citymeter-v3/grocery/info/geom/f6a1ea29-109f-47bb-90df-98dd9fb28757/MUNICIPALITY","sourceSha256":"04a00cbc456c46357023a28757049131a66aa7633693a62bf7e314ac19ca8c9b","retrievedAt":"2026-10-04T05:44:24.369283+00:00","boundaryVintage":null,"geometryStatus":"native_source_polygon_display_simplified","simplificationToleranceDegrees":0.00015,"simplificationPreservesTopology":true,"invalidSourceRepair":"make_valid; retain polygonal components; discard zero-area collapsed lines","legalBoundaryIndependentlyVerified":false,"areaId":"f6a1ea29-109f-47bb-90df-98dd9fb28757"},"geometry":{"type":"MultiPolygon","coordinates":[[[[99.52376,12.145156],[99.52376,12.145155],[99.523759,12.145157],[99.52376,12.145156]]],[[[99.52376,12.145156],[99.523975,12.146204],[99.522933,12.147012],[99.520083,12.146723],[99.51741,12.147542],[99.516161,12.147579],[99.515581,12.147372],[99.514293,12.145609],[99.513024,12.144625],[99.509505,12.143939],[99.50799,12.142921],[99.504472,12.142944],[99.502749,12.143675],[99.500791,12.14366],[99.500316,12.143147],[99.500445,12.140873],[99.500066,12.139427],[99.49819,12.137923],[99.496736,12.134025],[99.495688,12.132711],[99.495867,12.130533],[99.495014,12.129745],[99.493445,12.129617],[99.492349,12.128279],[99.490983,12.128305],[99.487773,12.129014],[99.485612,12.129093],[99.485308,12.129273],[99.484428,12.130877],[99.483242,12.131373],[99.481327,12.133264],[99.479882,12.133761],[99.478786,12.133733],[99.476562,12.132508],[99.47589,12.131132],[99.475509,12.130982],[99.473606,12.131076],[99.473348,12.13151],[99.473444,12.131956],[99.473104,12.132524],[99.472414,12.135754],[99.473033,12.138456],[99.472713,12.140334],[99.472844,12.140969],[99.474337,12.144275],[99.474403,12.144942],[99.473727,12.146756],[99.474412,12.150253],[99.474289,12.153848],[99.474719,12.154666],[99.472887,12.157605],[99.4742,12.158587],[99.475821,12.161223],[99.476867,12.162336],[99.477032,12.163269],[99.478078,12.163722],[99.480948,12.164004],[99.485026,12.165454],[99.486238,12.165626],[99.486805,12.166246],[99.487488,12.16793],[99.488103,12.168406],[99.489676,12.171759],[99.489923,12.17416],[99.489795,12.174765],[99.488827,12.175879],[99.488409,12.176738],[99.48838,12.178615],[99.488615,12.179557],[99.488154,12.181577],[99.490744,12.185366],[99.492357,12.187225],[99.492324,12.187599],[99.493478,12.188271],[99.495104,12.18979],[99.495182,12.190697],[99.494314,12.191656],[99.49406,12.192461],[99.494779,12.194273],[99.494833,12.195633],[99.495576,12.195834],[99.496345,12.196996],[99.496168,12.197544],[99.495452,12.198301],[99.495403,12.199132],[99.495198,12.199334],[99.492767,12.19964],[99.492103,12.200347],[99.491697,12.202462],[99.490447,12.204581],[99.491297,12.208142],[99.49038,12.21017],[99.488412,12.211509],[99.486851,12.211838],[99.486416,12.212267],[99.486496,12.214206],[99.485961,12.215618],[99.486467,12.216345],[99.487221,12.216583],[99.487466,12.217039],[99.487169,12.218184],[99.48601,12.219265],[99.485428,12.22051],[99.485113,12.220726],[99.482073,12.221186],[99.481709,12.221497],[99.481394,12.222216],[99.482037,12.223773],[99.478531,12.226307],[99.47843,12.226861],[99.478788,12.227263],[99.478851,12.228441],[99.478511,12.229102],[99.478153,12.229531],[99.47337,12.232209],[99.473065,12.233518],[99.472605,12.234175],[99.471661,12.234219],[99.471175,12.234627],[99.47213,12.238071],[99.472134,12.240392],[99.472439,12.241376],[99.473568,12.242835],[99.476649,12.242578],[99.477258,12.244414],[99.478283,12.245143],[99.478386,12.24547],[99.478264,12.248266],[99.479596,12.24917],[99.480265,12.250982],[99.480827,12.251073],[99.481489,12.251743],[99.482047,12.253006],[99.482068,12.253795],[99.481408,12.254645],[99.480946,12.254784],[99.480707,12.255336],[99.481833,12.256834],[99.482119,12.258039],[99.48209162738159,12.259234469355913],[99.487422,12.254726],[99.497808,12.260232],[99.500003,12.25809],[99.504791,12.258205],[99.511981,12.260792],[99.514519,12.258769],[99.51591,12.25386],[99.523762,12.248495],[99.524442,12.244073],[99.525692,12.244915],[99.525745,12.243533],[99.529942,12.243051],[99.531328,12.24114],[99.534295,12.244262],[99.538291,12.245127],[99.539381,12.248426],[99.548129,12.250404],[99.550948,12.248496],[99.554216,12.252264],[99.562594,12.254385],[99.565864,12.257726],[99.563829,12.258712],[99.564744,12.260154],[99.578249,12.257095],[99.589232,12.256788],[99.595027,12.25138],[99.596404,12.242665],[99.598208,12.241758],[99.611007,12.245594],[99.615579,12.250943],[99.618694,12.252054],[99.624406,12.260548],[99.626559,12.260472],[99.628364,12.26467],[99.631647,12.265068],[99.63134,12.267176],[99.633796,12.265791],[99.63788,12.267294],[99.642,12.265612],[99.648665,12.275319],[99.657604,12.275478],[99.67808,12.271017],[99.679346,12.275122],[99.684345,12.277505],[99.690651,12.276924],[99.694716,12.28075],[99.695794,12.278001],[99.699857,12.277979],[99.704109,12.272279],[99.716228,12.264691],[99.718659,12.257349],[99.738219,12.2579],[99.743857,12.265576],[99.746431,12.264692],[99.748234,12.266569],[99.752414,12.265264],[99.759186,12.268868],[99.764844,12.26629],[99.769321,12.254703],[99.770622,12.256597],[99.781285,12.261191],[99.801973,12.260662],[99.80454,12.25818],[99.823766,12.253792],[99.838026,12.246914],[99.839297,12.243898],[99.847578,12.240894],[99.856532,12.24209],[99.859109,12.241041],[99.857794,12.241556],[99.852254,12.219377],[99.830606,12.224382],[99.824898,12.234594],[99.823232,12.235629],[99.816966,12.233631],[99.812486,12.237321],[99.790792,12.233942],[99.789635,12.23517],[99.777575,12.235037],[99.774697,12.237539],[99.771198,12.236426],[99.769346,12.238104],[99.76398,12.235738],[99.763592,12.231007],[99.758008,12.232277],[99.753764,12.230624],[99.751146,12.232681],[99.747666,12.232078],[99.740537,12.24437],[99.737117,12.244315],[99.728846,12.245776],[99.727274,12.242672],[99.710753,12.228618],[99.703717,12.233041],[99.694271,12.231471],[99.688375,12.234185],[99.684713,12.230821],[99.678551,12.232249],[99.677551,12.237223],[99.678134,12.238781],[99.676784,12.241769],[99.676612,12.24433],[99.675484,12.244814],[99.672855,12.244121],[99.670998,12.24455],[99.670141,12.244495],[99.669257,12.243538],[99.667527,12.242796],[99.663541,12.244002],[99.661434,12.244263],[99.660087,12.244805],[99.657013,12.242973],[99.655586,12.241435],[99.654877,12.241324],[99.653837,12.241547],[99.652646,12.24108],[99.650827,12.2409],[99.649373,12.237182],[99.648642,12.236663],[99.648055,12.236559],[99.643128,12.236638],[99.64066,12.238699],[99.636717,12.239933],[99.636372,12.240562],[99.636091,12.2435],[99.635795,12.244057],[99.63519,12.244244],[99.633036,12.243449],[99.631231,12.243928],[99.62948,12.242982],[99.627432,12.24331],[99.625384,12.24231],[99.622563,12.239908],[99.621568,12.240023],[99.620312,12.240983],[99.619039,12.24151],[99.617417,12.243227],[99.616759,12.243421],[99.616283,12.243287],[99.615215,12.241887],[99.614219,12.241163],[99.61268,12.24084],[99.610983,12.241328],[99.610194,12.24128],[99.607658,12.239466],[99.606992,12.23924],[99.60322,12.238644],[99.602665,12.238756],[99.601352,12.23959],[99.600426,12.239707],[99.597828,12.238653],[99.595487,12.238856],[99.594233,12.237974],[99.593554,12.236347],[99.592533,12.235545],[99.592401,12.233009],[99.589229,12.231359],[99.587768,12.229613],[99.585551,12.228071],[99.584843,12.227204],[99.584938,12.226461],[99.587257,12.224765],[99.587621,12.22415],[99.587881,12.220177],[99.588824,12.21775],[99.588978,12.216388],[99.587705,12.214659],[99.585471,12.210764],[99.585463,12.209688],[99.586005,12.207382],[99.58571,12.205958],[99.586031,12.205028],[99.585699,12.204111],[99.585822,12.203316],[99.585554,12.201756],[99.586086,12.19887],[99.586054,12.19569],[99.585184,12.193841],[99.585656,12.191286],[99.585652,12.188744],[99.584801,12.18551],[99.584732,12.184179],[99.582857,12.181833],[99.582867,12.179671],[99.58183,12.175114],[99.581394,12.174512],[99.580759,12.174148],[99.574816,12.172435],[99.572452,12.171431],[99.566929,12.171786],[99.566081,12.171245],[99.5652,12.16997],[99.565105,12.169433],[99.565492,12.168196],[99.567873,12.166227],[99.56871,12.165125],[99.568553,12.162976],[99.568901,12.161943],[99.572544,12.158701],[99.572529,12.157708],[99.571216,12.153908],[99.569496,12.150941],[99.569265,12.150052],[99.569553,12.148987],[99.571321,12.147493],[99.571549,12.145503],[99.5705,12.144877],[99.569739,12.145018],[99.565834,12.144557],[99.564393,12.144649],[99.563622,12.145097],[99.561482,12.147659],[99.556511,12.147401],[99.551554,12.148907],[99.549917,12.150261],[99.548112,12.149698],[99.544044,12.147301],[99.542211,12.14566],[99.540819,12.144884],[99.540167,12.144193],[99.539481,12.143969],[99.535385,12.145517],[99.533119,12.147322],[99.531167,12.147654],[99.529461,12.147519],[99.526781,12.144876],[99.525585,12.144775],[99.52459,12.14514],[99.523779,12.145124],[99.52377,12.14514],[99.523762,12.145152],[99.52376066666666,12.145154000000014],[99.52376,12.145156]]],[[[99.523764,12.145149],[99.523761,12.145153],[99.523762,12.145152],[99.523764,12.145149]]],[[[99.52376,12.145155],[99.52376066666666,12.145154000000014],[99.523761,12.145153],[99.52376,12.145155]]],[[[99.885842,12.234414],[99.886038,12.235381],[99.897381,12.23351],[99.907848,12.233791],[99.908278,12.228583],[99.910126,12.227696],[99.919587,12.231147],[99.91991,12.238465],[99.927447,12.239392],[99.930712,12.243118],[99.93489,12.230412],[99.938566,12.206912],[99.931405,12.206635],[99.905565,12.208056],[99.88351,12.205791],[99.885805,12.213877],[99.8817,12.215238],[99.88478,12.223752],[99.886032,12.236326],[99.885842,12.234414]]],[[[99.482073,12.260048],[99.48209162738159,12.259234469355913],[99.482091,12.259235],[99.482073,12.260048]]]]},"bbox":[99.471151,12.128208,99.938566,12.28075]},{"type":"Feature","id":"2ea7487d-758e-4c49-9a19-b95b67555d06","properties":{"id":"2ea7487d-758e-4c49-9a19-b95b67555d06","code":"06770806","provinceCode":"77","nameTh":"องค์การบริหารส่วนตำบล สามร้อยยอด","nameEn":null,"geometryType":"MUNICIPALITY","sourceUrl":"https://landometer.com/api/v2/citymeter-v3/grocery/info/geom/2ea7487d-758e-4c49-9a19-b95b67555d06/MUNICIPALITY","sourceSha256":"9791b40e96898f8ee7ed68ee1d358c2e4b81c5de4f0e4f0db7f84ddb86231949","retrievedAt":"2026-10-04T05:44:24.371541+00:00","boundaryVintage":null,"geometryStatus":"native_source_polygon_display_simplified","simplificationToleranceDegrees":0.00015,"simplificationPreservesTopology":true,"invalidSourceRepair":"make_valid; retain polygonal components; discard zero-area collapsed lines","legalBoundaryIndependentlyVerified":false,"areaId":"2ea7487d-758e-4c49-9a19-b95b67555d06"},"geometry":{"type":"MultiPolygon","coordinates":[[[[99.977819,12.285474],[99.976991,12.282013],[99.977214,12.281309],[99.977181,12.279794],[99.976541,12.278477],[99.974602,12.277657],[99.974037,12.275387],[99.97382,12.272712],[99.973996,12.26749],[99.974702,12.263076],[99.975591,12.259284],[99.977783,12.253309],[99.980888,12.247878],[99.986603,12.24035],[99.989429,12.237309],[99.99261,12.234419],[100.00033,12.22881],[100.00077,12.229052],[100.000548,12.228662],[100.000692,12.228562],[100.001033,12.228804],[100.000858,12.22823],[100.00171,12.225254],[100.002806,12.223002],[100.004151,12.221816],[100.00492,12.222547],[100.005363,12.222497],[100.005911,12.220742],[100.005421,12.219391],[100.005764,12.21892],[100.006292,12.218708],[100.006202,12.217736],[100.0059,12.217245],[100.005266,12.21743],[100.004417,12.217123],[100.004228,12.216173],[100.00373,12.216278],[100.003488,12.21593],[100.003576,12.215167],[100.004287,12.213968],[100.002909,12.214296],[100.002081,12.213739],[100.001565,12.212815],[100.002849,12.212195],[100.009006,12.206818],[100.010193,12.20605],[100.010497,12.206057],[100.010711,12.206565],[100.012358,12.207232],[100.012969,12.208016],[100.01327,12.207871],[100.013176,12.20603],[100.012788,12.205134],[100.015161,12.202632],[100.015804,12.201486],[100.01604,12.20034],[100.016087,12.199236],[100.015494,12.196671],[100.016073,12.195304],[100.016156,12.194192],[100.015488,12.193145],[100.015549,12.192337],[100.015787,12.192109],[100.016335,12.192177],[100.016719,12.191811],[100.016421,12.190598],[100.017682,12.189256],[100.018682,12.189104],[100.019043,12.189549],[100.019256,12.190498],[100.01975,12.190684],[100.019071,12.18875],[100.015726,12.184552],[100.014828,12.184541],[100.012535,12.18522],[100.012066,12.185161],[100.01124,12.183418],[100.010892,12.183189],[100.007064,12.18296],[100.00627,12.181857],[100.004091,12.181359],[100.003291,12.181406],[100.002054,12.182203],[100.00084,12.181392],[99.997664,12.18321],[99.997153,12.183018],[99.996801,12.182398],[99.996319,12.182306],[99.996586,12.181666],[99.996443,12.181065],[99.99616,12.181024],[99.995809,12.181465],[99.99557,12.18145],[99.9953,12.179665],[99.994448,12.179202],[99.993059,12.17912],[99.992032,12.178332],[99.98991,12.179532],[99.990132,12.180332],[99.989725,12.18146],[99.988742,12.18121],[99.98581,12.179299],[99.986449,12.178355],[99.985827,12.177295],[99.986022,12.176184],[99.984524,12.176413],[99.984712,12.174312],[99.984086,12.174218],[99.983965,12.172062],[99.98193,12.172224],[99.981873,12.17091],[99.981194,12.169762],[99.972571,12.170638],[99.972287,12.171224],[99.973102,12.174122],[99.965996,12.175676],[99.963495,12.176863],[99.962916,12.176843],[99.961977,12.176367],[99.960513,12.17646],[99.958962,12.174718],[99.956842,12.175354],[99.956698,12.175896],[99.956143,12.176478],[99.956352,12.177389],[99.956229,12.178198],[99.95547,12.179009],[99.955083,12.180177],[99.953761,12.181042],[99.953069,12.182159],[99.952908,12.183364],[99.95333,12.185408],[99.951989,12.187007],[99.95066,12.187126],[99.946558,12.20183],[99.941518,12.206079],[99.93972,12.206178],[99.938566,12.206912],[99.93489,12.230412],[99.930712,12.243118],[99.922735,12.254941],[99.924614,12.258889],[99.922905,12.266083],[99.938935,12.284251],[99.935932,12.285754],[99.932288,12.304677],[99.935314,12.31474],[99.936914,12.328957],[99.93787,12.329015],[99.93760816253035,12.329609862551488],[99.939218,12.329455],[99.939484,12.33008],[99.941932,12.329502],[99.944654,12.329284],[99.956755,12.330205],[99.955416,12.333784],[99.957347,12.332727],[99.959596,12.333228],[99.959706,12.334222],[99.959088,12.335952],[99.95953,12.337108],[99.96369,12.337173],[99.963844,12.336977],[99.965689,12.33671],[99.96573,12.336349],[99.966359,12.336202],[99.966571,12.336233],[99.966781,12.336845],[99.969672,12.336094],[99.970374,12.338181],[99.971465,12.338649],[99.97324,12.338807],[99.976806,12.338497],[99.978539,12.33792],[99.980109,12.337975],[99.982015,12.337303],[99.989468,12.336056],[99.988345,12.331121],[99.988782,12.331138],[99.98992,12.332097],[99.992898,12.33163],[99.994192,12.330985],[99.993223,12.329937],[99.9906,12.325426],[99.985572,12.313428],[99.983488,12.307218],[99.980544,12.296529],[99.980243,12.295018],[99.98068,12.294686],[99.980332,12.294774],[99.980191,12.294568],[99.980502,12.294125],[99.979884,12.293055],[99.979205,12.289352],[99.979701,12.287924],[99.979646,12.287296],[99.979297,12.286395],[99.978292,12.28551],[99.977819,12.285474]]],[[[99.93760816253035,12.329609862551488],[99.937583,12.329617],[99.937608,12.32961],[99.93760816253035,12.329609862551488]]]]},"bbox":[99.922735,12.169762,100.01975,12.338807]}]}
